абакан 2,659260 0,000723
абанский 3,912023 0,000426
абонент 2,120264 0,000231
абрамович 3,218876 0,000175
абсолютный 0,616186 0,000168
авангард 1,660731 0,000361
авг 0,820981 0,000045
август 0,072571 0,000229
авиа 3,218876 0,000175
авиабаза 3,218876 0,000175
авиакомпания 1,771957 0,000193
авиакосмический 3,506558 0,000191
авиалиния 2,302585 0,000125
авиаотряд 3,506558 0,000191
авиапорт 3,218876 0,000175
авиасалон 3,506558 0,000572
авиатор 2,659260 0,000145
авиационно-спасательный 3,912023 0,000213
авиация 1,237874 0,000067
австрии 2,659260 0,000145
австрия 2,659260 0,000145
авт-сост 3,912023 0,000213
авто 2,525729 0,000275
автобус 0,820981 0,000849
автобусный 1,021651 0,000222
автовокзал 1,078810 0,000059
автодорога 0,891598 0,000291
автожелезнодорожный 3,912023 0,000213
автомобиль 1,108663 0,000121
автомобильный 0,713350 0,000388
автор 0,462035 0,000075
авторитетный 0,891598 0,000146
авторство -0,009950 -0,000001
автотрансинфо 2,525729 0,000137
автотранспортный 1,897120 0,000103
агентство 0,798508 0,001434
агломерация 0,798508 0,000391
аграрный 1,203973 0,000262
ад 1,966113 0,000321
адм 2,525729 0,000137
административно-территориальное 0,820981 0,000134
административный 0,597837 0,000293
администрация 0,755023 0,000986
адрес 1,078810 0,000117
аз 2,302585 0,000125
азербайджанец 1,139434 0,000062
азиатско-тихоокеанского 3,506558 0,000191
азот 1,714798 0,000093
аити 3,912023 0,000213
айсберг 2,995732 0,000163
академгородок 2,813411 0,001071
академик 1,203973 0,000458
академический 0,916291 0,000100
академия 0,544727 0,000326
акбулатов 3,912023 0,000638
акбулатова 3,912023 0,000213
аквариум 2,659260 0,000579
акватеррариум 3,912023 0,000213
акватеррариумов 3,912023 0,000213
акмолинская 3,912023 0,000213
аксм 2,995732 0,000163
акт 1,237874 0,000067
актер 1,386294 0,000075
актив 2,040221 0,000111
активно 0,733969 0,000080
активный 0,527633 0,000029
актуально 3,506558 0,000191
актуальный 1,347074 0,000073
акула 3,506558 0,000191
акушерско-фельдшерскую 3,912023 0,000213
акционировать 3,506558 0,000191
акция 1,660731 0,000090
алвы 3,912023 0,000213
алдан 1,309333 0,000071
александр 0,462035 0,000452
александрович 1,609438 0,000088
александровича 2,525729 0,000137
алексеева 2,407946 0,000131
алексеевича 2,995732 0,000163
алешина 3,218876 0,000700
алисова 3,506558 0,000191
аллея 1,347074 0,000073
алмаззолотоавтоматика 3,912023 0,000213
алсиб 3,912023 0,000213
алтай 2,407946 0,000262
алтайский 1,897120 0,000103
алтан-ханов 3,506558 0,000191
алфавитувикипедия 0,776529 0,000042
алфавитунаселенные 0,867501 0,000047
алый 2,659260 0,000145
альбрехт 3,506558 0,000191
альбрехта 3,506558 0,000191
альманах 1,966113 0,000107
альпах 3,506558 0,000191
альпинизм 2,813411 0,000153
алюминиевый 2,407946 0,000393
амплитуда 1,966113 0,000107
амурский 1,966113 0,000107
анализ 0,967584 0,000105
аналитик 2,659260 0,000145
аналогичный 1,139434 0,000062
ананьевича 3,912023 0,000213
анатолия 2,407946 0,000262
анатольевич 2,407946 0,000262
анатомический 3,506558 0,000191
англ 0,174353 0,000047
английский 1,309333 0,000214
андреевич 2,040221 0,000111
андреевича 2,995732 0,000326
андреем 2,995732 0,000652
андрей 0,967584 0,000526
андрею 2,995732 0,001793
андрея 1,832581 0,000598
анзулович 3,912023 0,000213
анимация 2,407946 0,000131
анисимова 3,506558 0,000191
анна 1,560648 0,000085
аннексия 0,941609 0,000051
ано 2,813411 0,000153
аномально 2,995732 0,000163
ансамбль 0,994252 0,000216
антей 3,218876 0,000175
антон 1,832581 0,000100
антонио 3,912023 0,000213
антону 3,506558 0,000191
антреприза 3,912023 0,000213
ануфриевича 3,912023 0,000213
ануфриевичу 3,912023 0,000213
ануфриенко 3,912023 0,000213
апелляционный 2,995732 0,000163
аполлон 2,813411 0,000153
апостольский 1,771957 0,000289
аппарат 1,469676 0,000320
апр 0,798508 0,000087
апрель 0,150823 0,000591
аптека 2,120264 0,000115
аптечный 2,659260 0,000145
арбитражный 1,966113 0,000214
аргумент 1,108663 0,000060
арен 1,237874 0,000067
арена-север 3,912023 0,000426
арены-север 3,912023 0,000213
аринский 3,912023 0,000213
аринцев 3,912023 0,000213
аринцы 3,912023 0,000426
арифметика 3,912023 0,000213
арк 1,966113 0,000107
арктика 2,120264 0,000231
арлекин 3,506558 0,000191
армия 0,916291 0,000050
армянин 1,021651 0,000056
армянский 1,347074 0,000366
артем 2,302585 0,000125
артемовск 3,912023 0,000426
артемьев 2,813411 0,000459
артефакт 2,407946 0,000131
артистический 3,912023 0,000213
арутюн 3,506558 0,000191
арх 0,544727 0,000030
археолог 2,040221 0,000444
археологический 1,309333 0,000071
археология 1,171183 0,000064
архив 0,446287 0,000219
архивировать 0,020203 0,000286
архивный 0,248461 0,003244
архиепископ 2,302585 0,000251
архиерей 2,995732 0,000163
архиерейский 2,525729 0,000275
архитектор 0,916291 0,000947
архитектура 0,462035 0,000276
архитектурно-строительная 3,912023 0,000213
архитектурный 1,078810 0,000235
асинхронный 2,995732 0,000326
ассанов 3,912023 0,000213
ассоциация 1,309333 0,000214
астафьева 3,506558 0,000572
астафьеву 3,912023 0,000426
астрахань 0,967584 0,000053
астрономический 2,040221 0,000111
асфальтирование 3,506558 0,000191
асфальтировать 3,218876 0,000175
асфальтобетонный 3,218876 0,000175
ат 2,302585 0,000125
атаман 1,966113 0,000535
атмосфера 0,994252 0,000108
атмосферный 1,386294 0,000151
атомный 1,660731 0,000181
атр 3,506558 0,000191
афиша 2,407946 0,000131
афонтово 3,912023 0,000851
африка 1,560648 0,000085
аффинаж 3,912023 0,000213
аффинажный 3,912023 0,000213
аффинировать 3,912023 0,000213
ачинск 3,506558 0,001335
ачинска 3,912023 0,000213
ачинский 3,912023 0,001277
аэровокзал 2,813411 0,000306
аэровокзальный 3,218876 0,000175
аэрогео 3,912023 0,000213
аэродром 1,237874 0,000404
аэрозольный 3,506558 0,000382
аэрокосмический 2,813411 0,000765
аэропорт 0,776529 0,001690
аэроэкспресс 3,218876 0,000175
аэроэкспресса 3,506558 0,000191
бадалыкское 3,912023 0,000213
бажан 3,912023 0,000213
баженова 3,506558 0,000191
баз 0,371064 0,000040
базайском 3,912023 0,000213
базайха 3,912023 0,000638
базар 2,207275 0,000240
базироваться 1,272966 0,000208
базовый 1,171183 0,000255
байкалуправтодор 3,912023 0,000213
бакалейный 3,912023 0,000213
балакирева 3,506558 0,000191
балахтинский 3,912023 0,000426
балет 1,469676 0,000720
балтика 2,659260 0,000145
бальный 3,506558 0,000572
бамтоннельстрой 3,912023 0,000213
банк 0,693147 0,000452
банкнот 2,659260 0,000145
банковский 1,427116 0,000078
баптист 2,207275 0,000120
барбарис 3,506558 0,000191
бардина 3,506558 0,000191
баржа 3,218876 0,000175
барнаул 1,203973 0,000065
бархатный 3,506558 0,000191
баскетбол 1,660731 0,000090
бассейн 0,653926 0,000178
батальон 2,040221 0,000111
батон 3,912023 0,000213
батурина 3,912023 0,000213
баш 3,506558 0,000191
башня 1,139434 0,000682
беглый 3,218876 0,000175
бежать 2,407946 0,000131
безлесисты 3,912023 0,000213
безносиковым 3,912023 0,000213
безрельсовый 2,302585 0,000125
безудержный 3,912023 0,000213
безъязыков 3,912023 0,000213
беларуси 2,207275 0,000120
беларусь 1,237874 0,000337
беларусь-россия 3,912023 0,000213
белкоммунмаш 3,912023 0,000638
белорус 1,171183 0,000064
белорусии 3,912023 0,000213
белый 0,867501 0,000189
бенз 3,218876 0,000175
бердников 3,506558 0,000382
берег 0,478036 0,000442
береза 1,714798 0,000187
березина 2,659260 0,000145
березовка 2,659260 0,000434
березовский 2,659260 0,000289
березовском 3,912023 0,000213
берзона 3,912023 0,000213
беринг 3,506558 0,000191
бесконтрольный 3,912023 0,000213
бесплатный 1,386294 0,000151
беспокоить 3,912023 0,000213
беспрерывно 3,912023 0,000426
би-ту-бис 3,912023 0,000213
биатлон 2,407946 0,000524
биатлонный 2,995732 0,000163
библиографический 0,083382 0,000005
библиотека 0,328504 0,000804
библиотекарь 3,218876 0,000175
библиотечный 1,609438 0,000088
биеннале 2,659260 0,000434
биз 3,912023 0,000213
бизнес 0,820981 0,000134
бизнес-инкубатор 3,506558 0,000382
бизнес-отель 2,995732 0,000163
бикей 3,912023 0,000213
билайн 1,272966 0,000208
биньчжоу 3,912023 0,000213
биография 2,120264 0,000115
биологический 1,771957 0,000096
биофизик 3,218876 0,000175
бирилюсский 3,912023 0,000426
бирюса 3,912023 0,000851
бирюсинка 3,912023 0,000426
бирюсинский 3,912023 0,000213
благовест-инфо 3,506558 0,000191
благовещенский 1,832581 0,000598
благодаря 0,527633 0,000086
благополучие 2,302585 0,000125
благополучно 3,912023 0,000213
благоприятный 1,660731 0,000090
благородный 1,966113 0,000107
благотворительный 2,207275 0,000120
благоустроить 1,560648 0,000170
близ 1,237874 0,000135
близкий 0,820981 0,000223
близлежащий 2,040221 0,000111
близость 1,660731 0,000090
блог 2,302585 0,000125
блюдо 2,813411 0,000153
бобровый 3,506558 0,000572
богатство 1,771957 0,000096
богатый 1,049822 0,000114
богатырь 2,525729 0,000137
богач 2,995732 0,000163
богданович 3,218876 0,000350
богиня 3,506558 0,000191
богородица 1,272966 0,000277
богородице-рождественский 3,912023 0,000426
боготворить 3,912023 0,000213
боготол 3,912023 0,000638
боготольский 3,912023 0,000426
бограда 3,912023 0,000213
богучанский 3,912023 0,000426
богучаны 3,912023 0,000213
боец 2,813411 0,000153
бой 1,237874 0,000067
болгария 1,272966 0,000069
бологое 1,347074 0,000073
больница 1,078810 0,000939
больное 3,506558 0,000191
большее 1,309333 0,000071
большемуртинский 3,912023 0,000426
большеулуйский 3,912023 0,000426
большинство 0,342490 0,000037
большое 0,385662 0,000252
большой 0,040822 0,000067
бор 1,203973 0,000131
бореальный 2,525729 0,000137
борец 1,897120 0,000103
борис 1,660731 0,000090
бориса 1,832581 0,000100
боровичи 1,347074 0,000073
бородино 3,506558 0,000572
бортовой 3,912023 0,000213
борьба 0,820981 0,000447
бот 2,995732 0,000163
ботанический 1,427116 0,000233
боулинг 3,506558 0,000382
бочкарева 3,912023 0,000213
боярский 2,040221 0,000111
боярышник 3,912023 0,000213
бременский 3,506558 0,000191
бренд 1,660731 0,000090
брокгауза 0,328504 0,000089
бронза 2,995732 0,000163
бронзовый 1,386294 0,000151
бросить 2,659260 0,000145
брюсселе 3,912023 0,000213
бсмп-гордк 3,912023 0,000213
бти 3,912023 0,000213
бувайсара 3,912023 0,000213
бугач 3,912023 0,000851
бугача 3,912023 0,000213
бугачево 3,912023 0,000213
буде 3,912023 0,000213
будний 3,912023 0,000213
буква 1,427116 0,000233
бурый 1,897120 0,000103
бутанаев 3,912023 0,000213
буташевич-петрашевский 3,912023 0,000213
бутовый 3,506558 0,000191
бывш 2,525729 0,000137
быконя 3,506558 0,001335
быстрый 0,916291 0,000050
быт 2,040221 0,000222
бытовой 1,560648 0,000085
быть -0,009950 -0,000011
бюджетный 1,514128 0,000082
бюро 1,427116 0,000233
бюрократия 3,912023 0,000213
вавилова 2,995732 0,000163
ваганов 3,912023 0,000213
вагон 1,660731 0,000181
важный 0,494296 0,000108
валентин 2,659260 0,000145
валентина 2,302585 0,000251
валерий 1,714798 0,000093
валерьевич 2,659260 0,000145
валовой 1,832581 0,000100
вандышев 3,912023 0,000213
вантовый 2,995732 0,000163
вариант 0,634878 0,000035
василий 1,078810 0,000352
васильева 2,207275 0,000120
васильевич 1,609438 0,000350
вассал 3,218876 0,000175
введение 1,078810 0,000117
вверх 1,832581 0,000299
ввести 0,634878 0,000104
ввиду 2,120264 0,000115
ввод 1,347074 0,000073
вводиться 1,966113 0,000214
вдоль 0,755023 0,000082
ведение 1,427116 0,000078
ведерников 3,912023 0,000213
ведомость 0,994252 0,000108
ведомственный 2,207275 0,000120
ведомство 2,207275 0,000120
везти 2,525729 0,000137
вейнбаума 3,912023 0,000213
век 0,248461 0,000351
векенаселенные 2,813411 0,000153
велено 3,506558 0,001145
велеть 2,995732 0,000489
великий 0,356675 0,000310
великобританией 3,506558 0,000191
великолепный 2,659260 0,000145
величавый 3,506558 0,000191
велосипедист 3,218876 0,000175
велотриалу 3,912023 0,000426
венгерский 2,525729 0,000137
вентокальдо 3,912023 0,000213
верещагин 2,995732 0,000163
вернуться 1,171183 0,000064
вероятно 1,560648 0,000255
версия -0,009950 -0,000004
вертолет 2,207275 0,000120
верх 2,525729 0,000137
верхнеенисейский 3,912023 0,000213
верхний 0,494296 0,000161
веселов 3,218876 0,000350
весна 0,713350 0,000039
вести 0,356675 0,000097
вестись 0,673345 0,000110
вестник 1,049822 0,000057
весь 0,301105 0,000082
весьма 1,514128 0,000082
ветер 0,713350 0,000116
ветеранский 3,506558 0,000191
ветлужанка 3,912023 0,000426
ветшева 3,912023 0,000426
вечер 1,966113 0,000321
вечный 1,309333 0,000142
вещание 1,108663 0,000362
вещательный 3,218876 0,000175
вещать 1,609438 0,000088
вещество 0,994252 0,000108
взвесить 2,302585 0,000251
взлет 3,506558 0,000382
взлетка 3,912023 0,000426
взлетно-посадочный 2,302585 0,000376
взять 0,755023 0,000082
взяться 2,995732 0,000163
виггинса 3,912023 0,000213
вид 0,061875 0,000074
видео 1,049822 0,000228
видеорепортаж 3,912023 0,000213
видеть 1,272966 0,000139
видный 1,660731 0,000181
виза 2,525729 0,000412
визит 1,897120 0,000103
визитный 2,120264 0,000115
визовый 2,302585 0,001127
визуализация 2,995732 0,000163
вики-разметкой 1,309333 0,000071
викигид 1,660731 0,000090
викигиде 0,776529 0,000084
викигидепортал 1,469676 0,000080
викиданные 0,776529 0,000042
викиданных -0,009950 -0,000001
викиданныхвикипедия 0,891598 0,000049
викимедиа -0,009950 -0,000001
википедии -0,009950 -0,000001
википедия -0,009950 -0,000008
викискладвикиновостивикицитатниквикигидэлемент 1,272966 0,000069
викискладвикипедия 1,469676 0,000080
викискладе 0,174353 0,000009
викискладепутеводитель 0,713350 0,000039
викисловарецитаты 1,108663 0,000060
викисловарьвикипедия 1,309333 0,000071
викицитатник 1,272966 0,000069
викицитатникемедиафайлы 1,469676 0,000080
виктор 1,386294 0,000075
виктора 2,207275 0,000120
викторович 2,207275 0,000120
виктору 2,995732 0,000326
вильяма 3,912023 0,000213
винный 3,218876 0,000175
виноградовский 3,912023 0,000638
виртуальный 1,139434 0,000186
вис 3,218876 0,000175
виталий 1,966113 0,000214
витсена 3,218876 0,000175
витус 3,218876 0,000175
вклад 0,994252 0,000054
включать 0,235722 0,000026
включая 0,527633 0,000029
включение 1,108663 0,000060
включить 0,634878 0,000276
вкп 2,407946 0,000131
вкусно 2,813411 0,000153
владение 0,916291 0,000050
владеть 1,897120 0,000103
владивосток 1,897120 0,000206
владивостока 2,525729 0,000137
владимир 0,653926 0,000142
владимирский 1,897120 0,000206
владислав 2,302585 0,000251
влажность 1,108663 0,000060
влажный 1,427116 0,000078
власть 0,544727 0,000267
власьевского 3,912023 0,000426
влияние 0,527633 0,000029
вложить 2,120264 0,000115
влюбить 2,525729 0,000550
вместе 0,510826 0,000083
вместимость 1,897120 0,000413
вместо 0,798508 0,000043
вмещать 2,120264 0,000115
вмф 2,207275 0,000120
внедрение 1,609438 0,000175
внести 1,021651 0,000056
внешний 0,051293 0,000008
внешэкономбанк 3,218876 0,000175
вниз 1,171183 0,000064
вновь 0,755023 0,000246
вносить 2,040221 0,000111
внутренний 0,314711 0,000034
внутригородской 0,867501 0,000047
вовсю 3,912023 0,000213
вода 0,527633 0,000258
водевиль 3,506558 0,000191
водитель 2,525729 0,000137
водник 2,813411 0,000153
водный 0,562119 0,000214
водовозный 3,912023 0,000213
водоем 1,139434 0,000062
водозабор 2,120264 0,000115
водоканал 2,302585 0,000251
водоподготовка 3,506558 0,000191
водопровод 1,714798 0,000373
водопроводно-электрическая 3,912023 0,000213
водопроводный 2,207275 0,000120
водохранилище 1,139434 0,000062
водочный 2,995732 0,000163
воевода 1,714798 0,000653
воеводский 3,218876 0,000175
военное 0,916291 0,000100
военнопленный 2,525729 0,000137
военный 0,494296 0,000027
возведение 1,609438 0,000088
возвести 1,139434 0,000186
возводить 2,302585 0,000125
возвращаться 1,897120 0,000206
возвращение 1,660731 0,000090
возвышаться 2,207275 0,000120
возвышение 2,525729 0,000137
возвышенность 1,386294 0,000075
возглавлять 1,203973 0,000065
воздействие 1,021651 0,000056
воздух 0,616186 0,000168
воздухоплавание 3,506558 0,000191
воздушный 0,798508 0,000217
возле 1,386294 0,000226
возложить 2,813411 0,000153
возможно 0,867501 0,000094
возможность 0,314711 0,000051
возмущение 3,506558 0,000191
возникновение 0,941609 0,000051
возникнуть 0,653926 0,000036
возобновиться 2,207275 0,000120
воинам-интернационалистам 3,218876 0,000175
война 0,430783 0,000469
войно-ясенецкого 3,912023 0,000426
войно-ясенецкому 3,912023 0,000213
войско 0,798508 0,000087
войти 0,634878 0,000311
вокзал 0,755023 0,000575
вокруг 0,693147 0,000113
волгоград 1,139434 0,000062
волейбол 1,469676 0,000080
волна 0,916291 0,000150
вологда 1,203973 0,000065
волокно 2,995732 0,000163
волшебный 0,030459 0,000007
волынской 3,912023 0,000213
вольно-пожарного 3,912023 0,000213
вольнопожарное 3,912023 0,000213
вольный 1,832581 0,000798
вопрос 0,371064 0,000081
воркута 1,237874 0,000067
воронеж 1,203973 0,000065
восемнадцать 3,506558 0,000191
восемь 1,469676 0,000240
воскресенская 2,813411 0,000153
воскресенский 2,207275 0,000120
воскресенским 3,506558 0,000191
воскресенское 3,218876 0,000175
воскресенской 3,218876 0,000175
воскресенье 1,771957 0,000096
воспользоваться 2,120264 0,000231
воспоминание 2,040221 0,000111
восстание 1,237874 0,000067
восстановить 0,967584 0,000105
восток 0,494296 0,000350
восточно-сибирского 2,659260 0,000434
восточный 0,430783 0,000445
восьмой 2,207275 0,000120
воткинск 1,309333 0,000071
воцарение 3,506558 0,000191
впадение 1,139434 0,000124
впервые 0,385662 0,000147
вплоть 1,108663 0,000060
впоследствии 0,653926 0,000036
врач 1,347074 0,000293
врачебно-физкультурный 3,506558 0,000191
вредить 3,912023 0,000213
вредный 1,966113 0,000107
временивикипедия 2,407946 0,000131
временно 1,309333 0,000071
временной 0,967584 0,000053
время 0,020203 0,000037
вручить 2,120264 0,000115
все 0,040822 0,000009
все-таки 2,659260 0,000145
всеа 3,506558 0,000763
всевобуч 3,912023 0,000213
всеволода 3,218876 0,000175
всемирный 0,891598 0,000437
всеобщий 1,237874 0,000067
всероссийский 0,634878 0,000276
всесезонный 3,506558 0,000191
всесоюзный 0,776529 0,000253
всехсвятский 3,506558 0,000191
всехсвятское 2,813411 0,000153
вскоре 1,309333 0,000071
вспоминать 2,995732 0,000163
вставка 1,272966 0,000069
встретить 1,966113 0,000107
встречный 3,218876 0,000175
вступление 1,966113 0,000107
всякий 1,832581 0,000199
втб 1,714798 0,000187
втора 0,274437 0,000075
вторичный 2,040221 0,000111
второе 0,653926 0,000213
второй 0,891598 0,000194
вуз 0,820981 0,000089
вулкан 2,813411 0,000153
входить 0,287682 0,000141
вциом 2,813411 0,000153
выбор 0,634878 0,000069
выборжец 3,506558 0,000191
выбрать 1,139434 0,000124
выброс 1,347074 0,000073
вывести 2,120264 0,000231
выводиться 2,659260 0,000145
вывозить 3,506558 0,000191
выдать 1,897120 0,000103
выдвинуть 1,897120 0,000103
выделить 0,544727 0,000119
выездной 3,506558 0,000382
вызвать 1,049822 0,000057
вызов 2,040221 0,000111
вызывать 1,078810 0,000059
выигрывать 2,995732 0,000163
выйти 0,798508 0,000217
вып 0,798508 0,000217
выпадать 1,139434 0,000062
выполнить 0,843970 0,000138
выполняться 1,272966 0,000139
выпуск 0,693147 0,000113
выпускать 1,237874 0,000202
выпустить 0,891598 0,000097
вырабатывать 2,407946 0,000131
выравнивание 2,995732 0,000163
вырасти 1,108663 0,000181
высказаться 2,302585 0,000125
высокий 0,139262 0,000182
высоко 2,120264 0,000115
высота 0,415515 0,000249
высотный 1,427116 0,000155
выставить 2,407946 0,000131
выставка 1,139434 0,000248
выставочно-деловой 3,912023 0,000213
выставочный 1,171183 0,000191
выступать 0,916291 0,000050
выступить 1,660731 0,000090
выступление 1,272966 0,000069
выходец 2,302585 0,000125
выходимого 3,912023 0,000213
выходить 1,309333 0,000071
вычислительный 1,514128 0,000082
выше 0,616186 0,000067
вышка 2,995732 0,000163
вэб 3,218876 0,000175
вяз 2,659260 0,000145
вячеславовна 3,506558 0,000191
гаврилова 2,995732 0,000163
гагарина 1,427116 0,000078
гагаринский 2,813411 0,000153
гадалова 3,912023 0,000213
гадаловы 3,912023 0,000213
газета 0,579818 0,000599
газификация 3,218876 0,000350
газовый 1,469676 0,000080
гакк 3,912023 0,000213
галерея 1,049822 0,000228
гастролер 3,912023 0,000213
гаяз 3,912023 0,000213
гвардейский 1,966113 0,000214
генерал-губернатор 2,207275 0,000120
генеральный 0,755023 0,000082
генерировать 2,207275 0,000120
геннадий 2,302585 0,000125
геннадия 2,995732 0,000163
географ 2,040221 0,000222
географический 0,356675 0,000097
география 0,415515 0,000068
геодезия 2,659260 0,000289
геология 1,609438 0,000438
геометрический 2,407946 0,000131
георг 2,995732 0,000163
геофизик 2,659260 0,000289
гера 1,272966 0,000069
геральдика 2,120264 0,000115
геральдист 2,995732 0,000326
геральдический 1,560648 0,000255
геращенко 3,506558 0,000191
герб 0,798508 0,000825
германий 0,843970 0,000275
герхард 3,506558 0,000191
гест 2,995732 0,000163
гигантский 1,897120 0,000103
гидролизный 3,912023 0,000213
гидрометеорологический 2,525729 0,000137
гидропорт 3,506558 0,000191
гидрохлорид 3,912023 0,000213
гидроэнергетик 2,995732 0,000163
гик-фестиваль 3,912023 0,000213
гильдия 2,120264 0,000115
гимн 0,776529 0,000253
гимназический 3,506558 0,000191
гимназия 1,108663 0,000241
гимнастика 1,966113 0,000107
гимнастический 3,912023 0,000213
гиннала 3,506558 0,000191
гипермаркет 1,660731 0,000181
гипрогором 3,912023 0,000213
гирич 3,912023 0,000213
гкгн 0,994252 0,000054
гкгнпро 0,916291 0,000050
глава 0,494296 0,000699
главное 1,469676 0,000080
главный 0,210721 0,000103
гладкова 3,218876 0,000175
глаз 1,714798 0,000093
глинка 2,407946 0,000131
глонасс 3,218876 0,000175
глот 3,506558 0,000191
глубина 1,139434 0,000062
глубокий 1,078810 0,000059
глушко 3,506558 0,000191
гмелин 3,218876 0,000350
гну 3,506558 0,000191
говорить 1,049822 0,000057
год -0,009950 -0,000361
годавикипедия 0,616186 0,000067
годастатьи 2,659260 0,000145
годенко 3,912023 0,000213
годовой 0,994252 0,000054
годугорода 1,714798 0,000093
гол 2,525729 0,000137
голден 3,506558 0,000191
голова 1,427116 0,000155
голый 2,525729 0,000137
гольчиха 3,506558 0,000191
гоночный 3,218876 0,000350
гончарова 2,659260 0,000289
гончаровой 3,912023 0,000213
гора 0,616186 0,000670
гордиться 3,218876 0,000175
горелова 3,506558 0,000191
гористый 2,525729 0,000275
горло 3,506558 0,000382
горлов 3,912023 0,000213
горловка 1,309333 0,000071
горнодобывающий 2,995732 0,000163
горнолыжный 1,897120 0,000310
горный 0,941609 0,000051
город 0,371064 0,005370
город-миллионер 2,659260 0,000145
город-миллионник 3,506558 0,000191
город-побратим 0,843970 0,000092
город-спутник 1,771957 0,000482
города-миллионеры 1,714798 0,000093
города-партнеры 1,771957 0,000193
городах-миллионниках 3,506558 0,000191
городех 3,912023 0,000426
городкрасноярск 3,912023 0,000213
городов-миллионников 2,813411 0,000306
городок 1,272966 0,000069
городом-миллионером 2,407946 0,000131
городом-миллионником 3,218876 0,000175
городпро 0,867501 0,000047
городской 0,544727 0,002815
горожанин 1,139434 0,000124
гортранс 3,506558 0,000191
горшеневу 3,912023 0,000213
горький 0,941609 0,000359
горэлектротрансу 3,912023 0,000213
госкомстат 0,891598 0,000097
госкорпорации 3,506558 0,000191
господень 2,207275 0,000240
госпредприятие 3,912023 0,000213
гостеприимство 3,218876 0,000175
гостиница 0,843970 0,000321
гостиничный 2,525729 0,000137
гость 1,347074 0,000073
государев 2,040221 0,001443
государеве 3,912023 0,000213
государственный 0,261365 0,000825
государство 0,579818 0,000063
государь 2,040221 0,000444
гот 2,207275 0,000240
готлиб 3,912023 0,000213
готовить 2,302585 0,000125
готовиться 2,407946 0,000131
гош 3,506558 0,000191
гравюра 2,120264 0,000115
градоначальник 1,427116 0,000155
градус 1,514128 0,000165
гражданин 0,733969 0,000040
гражданский 0,733969 0,000120
гран-при 2,207275 0,000480
гранитный 2,659260 0,000145
граница 0,356675 0,000136
грань 1,966113 0,000107
графитный 3,912023 0,000213
гремячий 3,506558 0,000191
гренландия 2,995732 0,000163
греции 1,560648 0,000085
греция 2,302585 0,000125
грибанова 3,912023 0,000213
григоренко 3,912023 0,000213
григорьев 3,218876 0,000175
грозный 1,272966 0,000069
гройсман 3,506558 0,000191
груженый 3,506558 0,000191
груз 1,309333 0,000071
грузовая 1,139434 0,000372
грузовой 2,813411 0,000306
грузоперевозчиков 3,912023 0,000213
грунтовой 1,832581 0,000100
группа 0,314711 0,000103
груша 3,218876 0,000175
грызун 2,207275 0,000120
грязный 1,771957 0,000193
гтрк 1,049822 0,000343
губернатор 0,967584 0,000105
губерния 0,891598 0,000534
губернский 1,309333 0,000427
губкин 3,912023 0,000213
гувд 3,506558 0,000191
гудок 3,218876 0,000175
гулидова 3,912023 0,000426
гуманитарный 0,994252 0,000054
гунб 3,912023 0,000213
гуфсин 3,912023 0,000213
гэс 1,832581 0,000498
давано 3,912023 0,000213
давати 3,912023 0,000213
давать 0,820981 0,000134
давление 1,832581 0,000100
давний 2,659260 0,000145
давно 2,302585 0,000125
давыденко 3,912023 0,000213
дайджест 2,659260 0,000145
далече 3,912023 0,000213
дальневосточный 1,966113 0,000107
дальний 0,446287 0,000340
даляня 3,912023 0,000213
дан 2,302585 0,000125
даниэль 2,995732 0,000163
дания 2,407946 0,000131
данник 3,506558 0,000191
даргомыжского 3,912023 0,000426
дата 0,030459 0,000315
датировать 1,966113 0,000107
датский 0,328504 0,000018
дать 0,072571 0,000039
дацин 3,506558 0,000191
дацинская 3,912023 0,000213
два 0,150823 0,000074
двадцатка 3,218876 0,000350
двадцать 1,771957 0,000193
дважды 1,272966 0,000139
две-три 3,912023 0,000213
дверь 2,120264 0,000115
двести 2,525729 0,000137
двигатель 2,120264 0,000115
двигаться 1,832581 0,000100
движение 0,544727 0,000207
двойка 3,912023 0,000426
двор 1,078810 0,000176
дворец 0,843970 0,000505
дворник 3,218876 0,000175
дворянин 2,207275 0,000120
девятка 3,912023 0,000213
девять 1,609438 0,000088
дегтярев 3,218876 0,000175
дезурбанизация 3,506558 0,000191
деиндустриализация 3,912023 0,000213
дейли 3,912023 0,000851
действовать -0,009950 -0,000002
дек 0,820981 0,000045
декабрист 2,813411 0,000612
декабрь 0,094311 0,000421
делать 0,867501 0,000189
делегация 2,302585 0,000125
деление 0,579818 0,000189
делить 1,897120 0,000103
дело 0,562119 0,000214
деловой 1,237874 0,000741
дельфийский 2,525729 0,000137
демирханов 3,912023 0,001277
демобилизовать 3,912023 0,000213
демографический 1,609438 0,000088
демоскоп 0,820981 0,000134
демпинг 3,912023 0,000213
дендрарий 2,813411 0,000612
денежный 1,660731 0,000542
денис 2,040221 0,000111
денно 3,912023 0,000213
день 0,210721 0,000332
деньга 1,386294 0,000151
депопуляция 2,525729 0,000137
депутат 0,776529 0,000127
деревня 1,021651 0,000278
дерево 0,867501 0,000094
деревообрабатывающий 2,302585 0,000251
деревообработка 3,218876 0,000350
деревянный 0,941609 0,000102
десятилетие 1,203973 0,000065
десятирублевая 3,912023 0,001064
десятка 1,139434 0,000372
десятник 3,506558 0,000382
десяток 1,660731 0,000181
десять 1,078810 0,000235
деталь 1,714798 0,000093
детская 0,653926 0,000356
детский 0,967584 0,000158
детство 2,207275 0,000360
деятельность 0,342490 0,000075
джонсон 3,506558 0,000191
дзержинск 1,347074 0,000073
дзержинский 2,302585 0,000251
дзержинского 1,660731 0,000090
дзержинскому 2,659260 0,000289
диагностический 2,995732 0,000163
диалог 1,660731 0,000271
дивногорск 3,506558 0,001335
дивногорска 3,506558 0,000382
дивногорске 3,912023 0,000426
дизайнер 2,659260 0,000145
диктатура 2,813411 0,000153
дилижанс 3,506558 0,000382
динамик 1,272966 0,000069
динамо 1,171183 0,000064
диоксид 2,040221 0,000111
диплом 2,302585 0,000125
дислокация 3,218876 0,000175
дислоцировать 2,813411 0,000153
диспансер 1,832581 0,000598
диссертация 2,040221 0,000111
дитя 0,867501 0,000330
длина 0,579818 0,000032
дмитриев-мамонов 3,912023 0,000213
дмитриевич 2,525729 0,000137
дмитрий 0,967584 0,000105
дмитрию 2,813411 0,000306
дмитрия 1,560648 0,000340
дневной 1,832581 0,000100
днейвикипедия 0,967584 0,000053
днепр 2,813411 0,000153
днепропетровск 3,506558 0,000191
днепропетровский 3,506558 0,000382
добавить 0,562119 0,000061
доббин 3,912023 0,000213
доббина 3,912023 0,000213
доблестикрасноярскгорода 3,912023 0,000213
доблесть 1,309333 0,000285
довести 2,995732 0,000163
договор 1,171183 0,000064
дожить 3,218876 0,000175
доклад 1,237874 0,000067
документ 0,415515 0,000113
документально 2,995732 0,000163
документальный 1,427116 0,000078
документация 1,897120 0,000103
долгано-ненецкий 3,912023 0,000426
долгий 1,021651 0,000278
долго 2,207275 0,000120
долгосрочный 1,966113 0,000107
долгота 0,820981 0,000045
должен 1,078810 0,000059
должный 0,356675 0,000058
долина 0,916291 0,000100
доля 0,544727 0,000030
дом 0,446287 0,000461
дом-музей 1,660731 0,000181
домостроение 3,218876 0,000175
доп 0,597837 0,000065
дополнительно 2,525729 0,000275
дополнительный -0,009950 -0,000001
допустить 2,120264 0,000115
дореволюционный 1,347074 0,000073
дорога 0,527633 0,000517
дорожный 1,021651 0,000111
досааф 2,407946 0,000262
доска 1,897120 0,000103
доставить 1,966113 0,000107
доставка 1,966113 0,000107
достаточно 0,820981 0,000045
достигать 0,843970 0,000046
достижение 1,139434 0,000062
достичь 0,733969 0,000080
достопримечательность 0,867501 0,000189
доступ 0,755023 0,000041
доступно 2,995732 0,000163
доступный -0,009950 -0,000002
дошкольник 3,506558 0,000191
дошкольный 1,309333 0,000071
дражен 3,912023 0,000213
драматический 1,108663 0,000241
древесный 2,302585 0,000125
древнекаменного 3,912023 0,000213
древние 0,967584 0,000211
древний 0,653926 0,000071
древность 1,203973 0,000065
древовидный 3,218876 0,000175
дробление 3,218876 0,000175
дробно -0,009950 -0,000001
дрожжевой 3,506558 0,000191
дрозд 2,525729 0,000275
дрокино 3,912023 0,000213
друг 0,916291 0,000100
другое 0,462035 0,000025
другой -0,009950 -0,000012
дружба 1,171183 0,000064
дружественный 3,506558 0,000191
дуб 1,966113 0,000107
дубенский 3,506558 0,000763
дубенским 3,912023 0,000426
дубенского 3,912023 0,000213
дубенской 3,912023 0,000426
дубенскому 3,912023 0,001064
дубина 3,506558 0,000191
дубровинского 3,912023 0,000213
дудинка 2,813411 0,000612
дудинки 3,506558 0,000191
дудинский 3,912023 0,000426
дума 0,916291 0,000150
духов 2,525729 0,000137
духовенство 2,525729 0,000137
духовная 1,108663 0,000060
духовный 1,609438 0,000175
душ 1,771957 0,000096
дымов-красноярск 3,912023 0,000213
дымчатый 3,912023 0,000213
дьяк 2,813411 0,000153
дьячий 3,506558 0,000191
дюжина 3,912023 0,000213
дядя 3,218876 0,000175
дятликович 3,912023 0,000426
ева 3,912023 0,000426
евангельский 1,427116 0,000155
евгений 1,347074 0,000220
ево 3,218876 0,000175
еврейский 0,755023 0,000082
евро-азиатской 3,506558 0,000382
еврокубковый 3,912023 0,000213
европа 0,301105 0,000082
европейский 0,494296 0,000081
единица 0,478036 0,000260
единорог 3,506558 0,000572
единственное 1,021651 0,000056
единственный 0,891598 0,000194
единый 0,544727 0,000119
едумкк 3,912023 0,000213
ежегодник 0,820981 0,000625
ежегодно 0,916291 0,000598
ежегодный 1,171183 0,000127
ежедневно 1,714798 0,000187
ежедневный 2,207275 0,000120
ежемесячный 2,659260 0,000145
езерское 3,912023 0,000213
екатерина 1,514128 0,000082
екатеринбург 0,843970 0,000092
елена 1,560648 0,000170
елка 3,506558 0,000382
ель 2,120264 0,000115
емельяново 3,506558 0,003624
емельяновский 3,912023 0,000213
енисее 3,218876 0,001401
енисеегорода 3,912023 0,000213
енисеем 3,218876 0,000350
енисей 2,659260 0,003906
енисей-регион 3,912023 0,000213
енисей-стм 3,912023 0,001064
енисейзолото 3,912023 0,000426
енисейлес 3,912023 0,000213
енисейск 2,813411 0,000612
енисейска 2,995732 0,000326
енисейский 2,659260 0,006076
енисейско-остяцких 3,912023 0,000213
енисею 3,506558 0,001717
енисея 2,302585 0,002380
еонесси 3,912023 0,000426
епархия 0,967584 0,000421
епископ 1,966113 0,000107
еремин 3,912023 0,000213
ермаковский 3,506558 0,000382
естественно-экономический 3,912023 0,000213
етк 3,912023 0,000213
ефрона 0,328504 0,000089
ехати 3,912023 0,000213
ехать 2,659260 0,000145
ехб 3,218876 0,000175
еэс 3,218876 0,000175
жабыко 3,912023 0,000213
жалованье 3,218876 0,001051
жаркий 1,514128 0,000082
жарко 3,218876 0,000175
желание 1,966113 0,000107
железногорск 3,218876 0,001051
железногорске 3,506558 0,000191
железнодорожный 0,579818 0,000820
железный 0,616186 0,000436
железо 2,525729 0,000137
железобетонный 2,207275 0,000360
железоделательный 2,525729 0,000275
жемчужный 3,218876 0,000175
женский 0,867501 0,000283
женщина 1,171183 0,000191
живой 1,386294 0,000075
животноводство 2,407946 0,000131
животное 0,798508 0,000043
жизнь 0,342490 0,000112
жила 1,386294 0,000226
жилина 3,506558 0,000191
жилищно-коммунальному 2,659260 0,000145
жило 2,813411 0,000153
жилое 1,714798 0,000187
жилой 0,941609 0,000205
жилье 1,203973 0,000065
жираф 3,912023 0,000426
жиромская 1,021651 0,000056
житель 0,562119 0,000398
житница 3,912023 0,000213
жить 0,820981 0,000223
жунусов 3,912023 0,000213
журавль 2,525729 0,000412
журнал 0,301105 0,000082
журов 3,912023 0,000213
заболевание 1,771957 0,000096
забор 2,302585 0,000125
забыть 1,966113 0,000107
завадский-краснопольский 3,912023 0,000213
завершить 0,867501 0,000094
завершиться 1,309333 0,000071
завести 2,813411 0,000153
завод 0,693147 0,002640
завтра 2,207275 0,000120
заглавный -0,009950 -0,000001
загрязнение 0,891598 0,000437
задача 0,820981 0,000089
задереев 3,912023 0,000426
зажиточно 3,912023 0,000213
зайти 2,813411 0,000153
зайцев 2,659260 0,000145
закачинский 3,912023 0,000213
закладка 1,966113 0,000214
заключение 2,120264 0,000231
заключить 1,309333 0,000071
закон 0,462035 0,000025
закончить 1,897120 0,000206
закрепить 1,771957 0,000096
закрытие 1,660731 0,000090
закрыть 0,798508 0,000130
закрыться 1,966113 0,000107
зал 0,843970 0,000964
заложить 0,843970 0,000230
замена 1,660731 0,000090
заменить 0,494296 0,000054
заметка 2,120264 0,000115
заметный 1,427116 0,000078
замок 2,207275 0,000240
занимать 0,430783 0,000094
заниматься 0,634878 0,000035
заново 1,897120 0,000103
занять 0,693147 0,000113
зао 1,514128 0,000577
заозерный 2,813411 0,000306
запад 0,634878 0,000138
западно-сибирской 2,120264 0,000231
западноевропейский 2,525729 0,000275
западный 0,462035 0,000050
запись 1,237874 0,000067
записьвойти -0,009950 -0,000001
заповедник 1,714798 0,000373
запустить 0,755023 0,000123
заработать 2,040221 0,000222
зарегистрировать -0,009950 -0,000003
зарубежный 0,994252 0,000054
заря 1,347074 0,000073
засл 3,912023 0,000213
заспиртовать 3,912023 0,000213
заставка 3,912023 0,000213
застройка 0,916291 0,000100
заступ 3,912023 0,000213
затем 0,527633 0,000057
зато 1,560648 0,000255
затор 2,302585 0,000125
затронуть 2,813411 0,000153
захаров 2,659260 0,000145
захоронение 1,832581 0,000299
захоронить 2,525729 0,000137
защита 0,616186 0,000168
заявить 1,386294 0,000151
заявление -0,009950 -0,000001
заяц 1,897120 0,000103
звание 0,891598 0,000194
звезда 0,916291 0,000249
звездный 1,897120 0,000103
звездочный 3,218876 0,000175
звонить 3,912023 0,000213
здание 0,673345 0,000659
здзярский 2,813411 0,000153
здоровье 1,203973 0,000196
здравоохранение 0,843970 0,000184
зебра 3,912023 0,000213
зеленогорск 3,218876 0,000700
зеленодольск 1,237874 0,000067
зеленый 0,755023 0,000123
землетрясение 1,897120 0,000103
землица 3,912023 0,004044
земля 0,400478 0,000131
зенит 2,302585 0,000125
зима 0,478036 0,000104
зимин 3,912023 0,000213
зимний 0,798508 0,000434
зимовье 3,218876 0,000175
зинич 3,912023 0,001915
зинича 3,912023 0,000213
златоуст 1,347074 0,000073
злобинском 3,912023 0,000213
злотя 3,912023 0,000426
злоупотребление 2,813411 0,000153
знак -0,009950 -0,000001
знаменательный 1,897120 0,000103
знаменитый 0,967584 0,000053
знаменский 2,525729 0,000137
знатный 2,995732 0,000163
знать 1,469676 0,000080
значение 0,061875 0,000024
значит 1,560648 0,000085
значительно 0,510826 0,000083
значительный 0,328504 0,000089
значить 1,427116 0,000233
золото 1,469676 0,000320
золотодобыча 3,506558 0,000191
золотой 0,597837 0,000163
золотоносный 3,506558 0,000191
зона 0,400478 0,000131
зоологический 2,302585 0,000125
зоопарк 1,560648 0,000764
зрение 1,203973 0,000196
зритель 1,108663 0,000181
зубр 3,218876 0,000175
зык 3,506558 0,000191
зыково 3,912023 0,000213
зырянов 3,218876 0,000175
ибис 3,912023 0,000213
ива 2,407946 0,000131
иван 0,843970 0,000184
ивана 1,078810 0,000352
иванов 1,560648 0,000085
иванова-радкевича 3,912023 0,000213
иванович 1,560648 0,000255
ивановича 2,040221 0,000222
иваново 1,139434 0,000062
ивану 2,995732 0,000163
игарка 2,813411 0,000459
игарки 3,506558 0,000191
игорь 1,714798 0,000187
игра 0,843970 0,000046
игра-сервис 3,912023 0,000213
игровой 1,832581 0,000100
игрушка 2,813411 0,000459
идентификатор 0,693147 0,000038
идет 1,078810 0,000176
идринский 3,912023 0,000426
идти 0,820981 0,000089
ижевск 1,139434 0,000062
из-за 0,415515 0,000023
избрание 2,207275 0,000120
известие 0,994252 0,000162
известное 0,994252 0,000054
известный 0,287682 0,000094
известь 3,912023 0,000213
извозчик 3,218876 0,000175
изд 0,314711 0,000051
издаваться 1,660731 0,000181
издавна 2,207275 0,000120
издали 3,912023 0,000213
издание 0,415515 0,000023
издательство 0,494296 0,000350
изделие 1,108663 0,000121
измельчать 3,912023 0,000213
изменение 0,301105 0,000016
изменить 1,049822 0,000171
измениться 1,021651 0,000111
измерительный 2,525729 0,000137
изначальный 2,659260 0,000145
изобильный 3,218876 0,000350
изображение 0,693147 0,000038
изобразить 1,386294 0,000528
икао 3,506558 0,000191
икс-регион 3,912023 0,000213
иланский 3,912023 0,000851
иллюстрироваться 3,506558 0,000191
иль 3,218876 0,000175
имати 3,912023 0,000213
имать 3,506558 0,000382
именно 0,544727 0,000059
именование 2,995732 0,000163
именовать 1,560648 0,000085
иметь 0,094311 0,000072
иметься 0,385662 0,000147
император 1,139434 0,000062
императорский 1,469676 0,000160
империя 0,653926 0,000107
импортный 2,995732 0,000163
имя 0,274437 0,000537
имян 3,912023 0,000213
иначе 0,733969 0,000080
инвалид 2,207275 0,000240
инвентарь 3,506558 0,000191
инвестиция 1,237874 0,000202
инвестор 2,120264 0,000115
индекс 0,634878 0,000035
индивидуально 3,506558 0,000191
индустриализация 1,832581 0,000100
индустриально-металлургический 3,912023 0,000213
индустриальный 1,309333 0,000142
индустрия 1,514128 0,000082
инженер 1,139434 0,000062
инициатива 1,171183 0,000127
инновационно-технологический 3,912023 0,000426
иннокентьевский 3,912023 0,000638
иной 0,867501 0,000142
инородец 3,506558 0,000191
иностранный 0,916291 0,000199
институт 0,371064 0,000707
инструмент -0,009950 -0,000001
интегрально-полупроводниковом 3,912023 0,000213
интегрировать 1,771957 0,000096
интеллектуальный 1,897120 0,000310
интенсивный 1,237874 0,000202
интервью 1,660731 0,000090
интересное 2,995732 0,000163
интернет 0,755023 0,000041
интернет-портал 1,897120 0,000103
интернет-провайдеров 2,659260 0,000145
интерпорт 3,912023 0,000213
интеррос 3,912023 0,000426
интерфакс 1,832581 0,000199
интерфакс-сибирь 3,506558 0,000191
интерьер 2,659260 0,000289
интродуцентов 3,912023 0,000213
инфекционный 1,966113 0,000107
информ 3,218876 0,000175
информационно-методический 3,506558 0,000191
информационный 0,462035 0,000201
информация 0,162519 0,000088
инфраструктура 0,891598 0,000194
инфраструктурный 2,207275 0,000120
иншаков 3,912023 0,000213
иоганн 3,218876 0,000525
ионассен 3,912023 0,000213
ионесси 3,912023 0,000426
иосифова 3,912023 0,000213
ирбейский 3,912023 0,000426
иренек-хана 3,912023 0,000213
ирина 1,609438 0,000088
иркутск 1,171183 0,000255
иркутский 2,120264 0,000346
ирландский 2,659260 0,000145
исключение 0,891598 0,000049
исключить 2,207275 0,000120
искра 2,120264 0,000346
искусственный 0,916291 0,000050
искусство 0,478036 0,000234
искусствовед 2,995732 0,000163
ислам 1,386294 0,000075
испании 2,659260 0,000145
исповедник 2,995732 0,000163
исполком 2,040221 0,000111
исполнение 0,867501 0,000094
исполнительно-распорядительный 2,302585 0,000125
исполнить 2,302585 0,000125
исполниться 2,525729 0,000275
исполнять 1,108663 0,000121
использование -0,009950 -0,000001
использовать 0,020203 0,000004
использоваться 0,223144 0,000012
испытать 2,525729 0,000137
исследование 0,462035 0,000126
исследователь 0,941609 0,000051
исследовать 1,469676 0,000080
истаравшан 3,912023 0,000213
исторически 1,078810 0,000176
исторический 0,314711 0,000188
история 0,051293 0,000142
источник -0,009950 -0,000013
исчезновение 2,120264 0,000115
исчезнуть 1,771957 0,000193
исчисление 0,776529 0,000042
итак 3,218876 0,000175
италии 1,966113 0,000107
италия 1,609438 0,000175
итог 0,494296 0,000188
итти 3,912023 0,000213
ишимбай 1,309333 0,000071
ишханов 3,912023 0,000638
июль 0,116534 0,000380
июнь 0,116534 0,000361
кабарга 2,995732 0,000163
кавказе 2,207275 0,000120
кагановический 3,912023 0,000213
кадетский 1,897120 0,000103
кадина 3,912023 0,000213
кадр 1,514128 0,000082
каждый 0,261365 0,000085
казак 1,309333 0,000784
казань 0,891598 0,000097
казанью 2,407946 0,000262
казахстан 1,469676 0,000160
казачий 1,469676 0,000240
казачинский 3,506558 0,000382
какой 0,820981 0,000134
календарь 1,469676 0,000080
калининградом 2,813411 0,000153
калмажей 3,912023 0,000213
каменный 0,733969 0,000200
каменск-уральский 1,347074 0,000073
каменщик 2,813411 0,000153
камень 0,994252 0,000108
камерно-оркестровой 3,912023 0,000213
камерный 1,660731 0,000181
каминский 3,506558 0,000191
канада 2,207275 0,000120
канал 0,673345 0,000403
кандальный 3,912023 0,000213
кандидат 1,272966 0,000069
канск 3,912023 0,001277
канска 3,912023 0,000213
канский 3,506558 0,000763
кантонист 3,506558 0,000191
канцелярия 1,832581 0,000199
капитан 1,897120 0,000206
кара-оол 3,912023 0,000213
каравай 3,218876 0,000525
караван 2,659260 0,000289
карагана 3,506558 0,000191
каратаг 3,912023 0,000213
каратузский 3,912023 0,000426
караульная 3,912023 0,001064
кардиоцентр 3,218876 0,000175
карла 1,386294 0,000226
карнавал 3,218876 0,000350
карповича 3,912023 0,000213
карское 2,302585 0,000125
карт 0,301105 0,000229
карта 2,995732 0,000326
картина 1,347074 0,000147
карточка 2,040221 0,000111
карточкевикипедия 1,469676 0,000080
карточкивикипедия 1,309333 0,000071
касаткин 3,912023 0,000851
каскад 1,966113 0,000107
каспийск 1,272966 0,000069
касса 2,995732 0,000326
каталанский 0,527633 0,000029
катализатор 3,506558 0,000572
каталог 0,094311 0,000005
катание 1,966113 0,000107
категория -0,009950 -0,000003
катить 2,995732 0,001141
каток 2,302585 0,000125
католический 1,237874 0,000202
каучук 2,813411 0,000306
кафедральный 0,967584 0,000421
кача 2,813411 0,000306
каче 3,912023 0,000213
качественный 1,832581 0,000100
качество 0,287682 0,000063
качи 3,912023 0,001490
качинский 3,506558 0,001717
качинцами 3,912023 0,000213
качинцев 3,912023 0,000426
качинцы 3,912023 0,000213
каштак 2,995732 0,000163
каштан 2,525729 0,000137
каштановый 3,506558 0,000191
квадрат 2,525729 0,000137
квалификационный 3,218876 0,000350
квант 2,995732 0,000326
квартал 0,994252 0,000649
квин 3,912023 0,000213
квота 3,218876 0,000700
квт 2,659260 0,000145
кгбу 3,912023 0,000213
кедровый 2,659260 0,000434
кежемский 3,912023 0,000426
кей 2,302585 0,000251
кейс 3,218876 0,000175
кемерово 1,237874 0,000067
кемеровский 2,040221 0,000222
кеппену 3,218876 0,000175
кетоязычных 3,912023 0,000213
кетский 2,995732 0,000326
кеть 3,912023 0,000213
киеве 2,813411 0,000153
килограмм 3,506558 0,000191
килограммовый 3,912023 0,000213
километр 0,693147 0,000075
кинематограф 2,120264 0,000577
кино 0,994252 0,000216
кинокомплекс 3,218876 0,000350
киномакс-планета 3,912023 0,000213
кинопленка 3,218876 0,000175
кинопрокатный 3,912023 0,000213
киностудия 2,040221 0,000444
кинотеатр 0,891598 0,000291
киргиз 1,386294 0,000226
киренский 3,218876 0,000700
кириллов 2,659260 0,000145
кириллович 3,218876 0,000175
киров 1,309333 0,000071
кировский 1,237874 0,000202
кировского 2,207275 0,000360
кирпичный 1,609438 0,000175
киселев 3,218876 0,000175
китай 0,776529 0,000042
кияницын 3,912023 0,000851
кладбище 1,237874 0,000741
класс 0,616186 0,000067
классификация 1,514128 0,000082
кластер 2,120264 0,000115
клен 1,966113 0,000321
климат 0,446287 0,000243
клиника 2,040221 0,000333
клинический 1,386294 0,001282
клоун 2,813411 0,000153
клуб 0,798508 0,000261
ключевой 1,203973 0,000065
кмабакан 3,506558 0,000191
кмачинск 3,506558 0,000191
кмбарнаул 3,506558 0,000382
кмбийск 3,506558 0,000191
кмбоготол 3,912023 0,000213
кмбратск 3,912023 0,000426
кмгорно-алтайск 3,912023 0,000426
кменисейск 3,912023 0,000426
кмигарка 3,912023 0,000213
кмкемерово 3,912023 0,000426
кмкызыл 3,912023 0,000213
кмлесосибирск 3,912023 0,000213
кммосква 1,832581 0,000100
кмнерюнгри 3,912023 0,000213
кмновокузнецк 3,506558 0,000191
кмновосибирск 2,525729 0,000275
кмнорильск 3,912023 0,000213
кмомск 2,813411 0,000153
кмтайшет 3,912023 0,000213
кмулан-удэ 3,912023 0,000426
кмусть-илимск 3,912023 0,000213
кмханты-мансийск 3,912023 0,000213
книга 0,415515 0,000407
книгохранилище 3,506558 0,000763
книжный 0,798508 0,000608
кнр 2,207275 0,000841
кнц 3,506558 0,000382
княжеский 2,995732 0,000163
княжество 1,714798 0,000093
князек 3,912023 0,000426
князь 0,867501 0,000330
ковальчук 3,218876 0,000175
ковчег 2,813411 0,000153
код -0,009950 -0,000035
кодекс -0,009950 -0,000001
кодинск 3,912023 0,000426
кодистория 0,116534 0,000006
кое-что 3,912023 0,000426
козик 3,912023 0,000213
козульский 3,912023 0,000426
кой 2,995732 0,000163
кокшетау 2,995732 0,000326
колесов 2,995732 0,000163
количество 0,210721 0,000092
колледж 1,108663 0,000844
коллектив 1,237874 0,000202
коллекция 1,309333 0,000285
коломбина 3,912023 0,000213
коломна 1,272966 0,000069
колонна 2,120264 0,000231
кольцо 1,021651 0,000222
ком 1,832581 0,000100
команда 0,798508 0,000130
командный 1,347074 0,000073
командование 1,609438 0,000088
командор 3,506558 0,000572
комар 2,813411 0,000153
комбайновый 3,506558 0,000191
комбайнпром 3,912023 0,000213
комбинат 1,021651 0,000500
комитет 0,653926 0,000107
коммерция 2,525729 0,000137
коммерческий 1,021651 0,000222
коммуна 2,407946 0,000131
коммунальный 1,609438 0,000613
компактный 2,525729 0,000137
компания 0,371064 0,000404
комплекс 0,579818 0,000473
композитор 1,514128 0,000082
композици 3,912023 0,000213
композиция 1,386294 0,000377
компонент 0,967584 0,000105
компоненты-разработка 3,912023 0,000213
комсомолец 1,560648 0,000085
комсомолл 3,912023 0,000638
комсомольск-на-амуре 1,203973 0,000065
комсомольский 0,891598 0,000194
комфорт 2,995732 0,000163
комфортный 2,407946 0,000262
конго 2,659260 0,000145
кондитерская 1,660731 0,000090
кондуктор 2,995732 0,000326
конец 0,198451 0,000076
конечный 1,514128 0,000082
конкретизациивикипедия 1,714798 0,000093
конкурент 2,525729 0,000137
конкурс 1,171183 0,000319
коннахт 3,912023 0,000213
конный 2,207275 0,000120
консорциум 2,407946 0,000131
константина 2,659260 0,000289
конструкторско-технологическое 3,912023 0,000213
конструкция 1,469676 0,000080
консульство 1,771957 0,000096
контакт 2,120264 0,000115
континент 1,714798 0,000093
континентальный 0,527633 0,000057
континет-сибирь 3,912023 0,000213
контрольно-счетная 2,207275 0,000120
контрольный 2,525729 0,000137
конференция 0,941609 0,000051
конфета 3,506558 0,000191
конфиденциальность -0,009950 -0,000001
концентрация 1,203973 0,000262
концерн 2,120264 0,000115
концерт 1,832581 0,000100
концертный 1,108663 0,000241
конь 2,525729 0,000137
кооперативный 2,407946 0,000131
копие 0,223144 0,002926
копылов 3,506558 0,000191
копыловым 3,912023 0,000213
коркинский 3,218876 0,000175
корнетовский 3,912023 0,000213
королев 1,897120 0,000103
король 2,120264 0,000115
корона 1,660731 0,000090
короткий -0,009950 -0,000001
корпус 1,171183 0,000319
косачева 3,912023 0,000213
космический 1,309333 0,000356
космонавт 1,514128 0,000082
космонавтика 2,040221 0,000111
космос 1,237874 0,000067
костел 2,302585 0,000125
кострома 1,171183 0,000064
кот 1,966113 0,000107
котельная 1,966113 0,000214
котельникова 3,506558 0,000191
котельный 3,506558 0,000191
котловина 1,897120 0,000103
который 0,000000 0,000000
коттов 3,912023 0,000213
кошарская 3,912023 0,000213
кравец 1,386294 0,000075
краеведческий 1,108663 0,000302
краевой 1,771957 0,004145
краз 3,912023 0,000426
край 0,544727 0,002015
крайгорода 2,525729 0,000137
кракове 3,506558 0,000191
крамз 3,912023 0,000213
краса 3,506558 0,000191
красвью 3,912023 0,000213
красгму 3,912023 0,000213
красиво 3,218876 0,000175
красивый 1,660731 0,000181
красикова 3,912023 0,000426
краскон 3,912023 0,000851
краслесмаш 3,912023 0,000213
красмаш 3,912023 0,000851
красмашзавод 3,912023 0,000213
красмед 3,912023 0,000213
красная 0,713350 0,000039
краснаяр 3,912023 0,000213
красно 3,506558 0,000763
красногорска 3,506558 0,000191
краснодар 1,386294 0,000075
краснодаром 3,218876 0,000175
краснодарская 3,506558 0,000191
краснодарского 2,407946 0,000131
краснодон 3,506558 0,000191
красностью 3,912023 0,000213
краснотуранский 3,912023 0,000426
красноярск 0,967584 0,012633
красноярск-пассажирский 3,912023 0,001064
красноярск-северный 3,912023 0,000426
красноярска 2,525729 0,021984
красноярскадействующийрельсовый 3,912023 0,000213
красноярскакрасноярск 3,912023 0,000213
красноярске 3,218876 0,033971
красноярский 1,609438 0,033884
красноярсккрайуголь 3,912023 0,000213
красноярскметропроект 3,912023 0,000213
красноярскнефтепродукт 3,912023 0,000213
красноярскпромстройниипроект 3,912023 0,000213
красноярсксибирьскрытые 3,912023 0,000213
красноярскстат 3,912023 0,000213
красноярску 3,912023 0,001277
красноярскуголь 3,912023 0,000213
красноярцам 3,912023 0,000213
красноярцу 3,912023 0,000213
красноярцы 3,912023 0,001064
красноярье 3,912023 0,000213
красный 0,597837 0,000976
красота 2,407946 0,000131
краспан 3,912023 0,000213
крастяжмаш 3,912023 0,000213
красфарма 3,912023 0,000426
красцветмет 3,912023 0,000213
красцем 3,912023 0,000213
краткий 0,653926 0,000107
краткосрочный 2,995732 0,000163
кратос 3,912023 0,000213
краягорода 3,912023 0,000213
краягородские 3,506558 0,000191
краяцентры 2,995732 0,000163
кредит 2,525729 0,000137
кредитный 2,120264 0,000231
крейсер 2,813411 0,000153
кремль 1,660731 0,000090
кремона 3,912023 0,000426
крепостьми 3,912023 0,000213
крещение 2,659260 0,000145
кривошей 3,912023 0,000213
кризис 1,386294 0,000075
критерий 1,386294 0,000075
кровь 1,832581 0,000199
кром 0,235722 0,000051
кросс-полярным 3,912023 0,000426
крск 3,912023 0,000213
кртпц 3,218876 0,000350
кружка 2,995732 0,000163
круп 2,813411 0,000306
крупномасштабный 2,407946 0,000131
крупнопанельный 3,912023 0,000213
крупный 0,210721 0,000619
крутовского 3,912023 0,000638
крутовской 3,912023 0,000213
крыжановского 3,912023 0,000213
крыма 0,843970 0,000046
крякк 3,912023 0,000426
кубок 1,237874 0,000337
кубометр 2,525729 0,000137
кузнец 1,560648 0,000085
кузнецов 1,771957 0,000193
кузнецовский 3,506558 0,000191
кузьмин 2,525729 0,000137
кузьмина 2,659260 0,000145
куимов 3,912023 0,000426
куйсумских 3,912023 0,000213
куки -0,009950 -0,000001
кукла 0,891598 0,000049
культбытстрой 3,912023 0,000638
культовый 1,966113 0,000107
культура 0,356675 0,000330
культурно-исторический 2,525729 0,000275
культурный 0,597837 0,000130
кум-тигей 3,912023 0,000213
купец 1,078810 0,000176
купеческий 1,832581 0,000199
купить 2,525729 0,000137
купюра 3,506558 0,000954
курагинский 3,912023 0,000426
курган 1,203973 0,000065
курс 1,171183 0,000191
кусочек 3,506558 0,000191
куст 2,995732 0,000163
кызыл 2,995732 0,000163
кызыл-джар 3,912023 0,000213
кызыл-яр-тура 3,912023 0,000213
кызылом 3,912023 0,000213
кыргыз 3,506558 0,000382
кыргызского 3,506558 0,000191
кыргызской 3,912023 0,000213
кыргызстана 3,912023 0,000213
кыштымов 3,912023 0,000213
кэф 3,912023 0,000213
лавка 2,120264 0,000115
лавочка 2,995732 0,000163
лавр 2,525729 0,000275
лаврушева 3,912023 0,000213
лад 2,995732 0,000163
лалетину 3,912023 0,000213
ламповая 3,912023 0,000213
лампово-полупроводниковые 3,912023 0,000213
ландшафтно-климатические 3,506558 0,000191
лапа 2,302585 0,000125
лаппо 3,218876 0,000175
ласка 2,659260 0,000145
латвии 2,813411 0,000153
латинский 2,040221 0,000111
латкин 3,506558 0,000572
латы 1,771957 0,000096
лдц 3,912023 0,000213
лебедевой 3,912023 0,000213
лев 0,967584 0,000421
левитина 3,912023 0,000213
левобережный 1,714798 0,000280
левый 1,021651 0,000278
легкий 0,967584 0,000105
легковой 2,302585 0,000125
лед 1,171183 0,000382
ледовитый 1,514128 0,000082
ледовый 1,078810 0,000117
лемпорт 3,912023 0,000213
ленд-лиз 3,506558 0,000191
ленин 0,755023 0,000288
ленинградский 1,560648 0,000085
ленинск-кузнецкий 1,347074 0,000073
ленинский 0,941609 0,000307
ленского 3,218876 0,000175
лента 1,203973 0,000065
леониды 1,966113 0,000107
леонтьевна 3,506558 0,000191
леруа 2,659260 0,000289
лес 0,733969 0,000280
лесной 0,843970 0,000275
лесопожарный 3,912023 0,000213
лесосибирск 3,506558 0,001145
лесостепь 1,897120 0,000103
лет 0,597837 0,000195
летать 2,995732 0,000163
летие 1,309333 0,000214
летию 1,078810 0,000235
летия 1,108663 0,000060
летний 0,579818 0,000189
лечебница 2,813411 0,000153
лечебно-диагностический 3,912023 0,000213
лечение 1,897120 0,000206
лиаза 2,659260 0,000289
лига 0,941609 0,000051
ликвидировать 1,309333 0,000071
ликвидироваться 3,506558 0,000191
лилия 2,995732 0,000163
линевич-яворский 3,912023 0,000213
линевич-яворскийпамятник 3,912023 0,000213
линейный 1,714798 0,000187
линия 0,462035 0,000101
липа 2,120264 0,000115
лиственница 2,407946 0,000262
листовой 3,218876 0,000175
листок 2,813411 0,000153
литва 2,120264 0,000115
литература 0,051293 0,000014
литературно-художественный 2,302585 0,000125
литературный 0,867501 0,000142
лифанова 3,912023 0,000213
лифт 2,995732 0,000163
лифтостроительный 3,912023 0,000213
лихорадка 2,995732 0,000163
лицензия -0,009950 -0,000001
лично 2,302585 0,000125
личной 1,469676 0,000080
лишить 1,771957 0,000096
лишь 0,478036 0,000130
лов 3,912023 0,000426
лог 2,207275 0,000600
логинов 3,218876 0,000350
логовой 3,912023 0,000213
лодейку 3,912023 0,000213
лодка 1,660731 0,000452
ломовой 3,912023 0,000213
ломоносова 2,040221 0,000111
лопата 3,506558 0,000382
лопатин 3,218876 0,000350
лор-заболеваний 3,912023 0,000213
лор-стационар 3,912023 0,000426
лошадь 1,966113 0,000214
лощина 3,912023 0,000213
луганск 1,203973 0,000065
луганская 2,813411 0,000153
лук 1,771957 0,000096
луканин 3,912023 0,000426
луч 1,897120 0,000310
лучшее 1,427116 0,000078
лучший 0,776529 0,000211
лыжник 3,912023 0,000213
лыжный 1,897120 0,000310
лысьва 1,347074 0,000073
львом-символом 3,912023 0,000213
льготный 2,813411 0,000459
любитель 2,407946 0,000131
любительский 1,832581 0,000399
людем 3,912023 0,000213
люди 0,755023 0,000329
люкс 2,995732 0,000163
маака 3,506558 0,000191
магадан 1,237874 0,000067
магазин 1,272966 0,000277
магистраль 0,867501 0,000378
магистральный 1,771957 0,000096
магнит 1,609438 0,000088
магнитогорск 1,272966 0,000069
маерчака 3,912023 0,000213
маз 2,995732 0,000815
май 0,127833 0,000480
майонезный 3,912023 0,000213
макаров 1,660731 0,000090
макет 2,659260 0,000145
максим 1,237874 0,000135
максимальный 0,867501 0,000142
максимум 0,579818 0,000126
мала 1,237874 0,000067
мало 0,579818 0,000095
малоснежный 2,525729 0,000275
малочисленный 2,813411 0,000153
малый 0,139262 0,000030
мальта 2,995732 0,000163
мальту 3,912023 0,000213
мальчик 3,218876 0,000175
мамонт 3,506558 0,000191
манский 3,912023 0,000638
манского 3,912023 0,000213
маньчжурский 2,995732 0,000326
марата 3,218876 0,000175
маргариновый 3,912023 0,000213
мариинский 1,469676 0,000080
мария 1,832581 0,000100
марк 2,120264 0,000115
марка 0,733969 0,000200
марков 2,995732 0,000163
маркс 1,309333 0,000214
мармышев 3,912023 0,000213
марриот 3,912023 0,000213
март 0,116534 0,000431
маршрут 0,673345 0,000330
маршрутный 1,049822 0,000114
масса 0,916291 0,000050
массив 0,891598 0,000049
массовый 0,494296 0,000188
мастер 1,171183 0,000191
мастерская 1,832581 0,000399
масштаб 1,108663 0,000121
масштабный 1,139434 0,000062
матвеев 2,040221 0,000222
материал -0,009950 -0,000005
материк 2,040221 0,000111
матросова 3,506558 0,000191
матросову 3,506558 0,000191
матти 3,912023 0,000213
матч 1,108663 0,000121
машина 0,713350 0,000039
машиностроение 1,049822 0,000457
машиностроительный 1,347074 0,000513
маяковского 2,040221 0,000111
маяковскому 3,218876 0,000175
мвд 1,309333 0,000142
мгк 3,912023 0,000213
мебельный 2,525729 0,000275
мебельщик 3,912023 0,000426
мега 2,995732 0,000163
мегаполис 2,040221 0,000222
мегафон 1,237874 0,000067
мед 2,659260 0,000289
медаль 1,609438 0,000263
медведев 2,525729 0,000550
медиа-портал 3,912023 0,000426
медиафайлы 0,301105 0,000016
медик 2,525729 0,000137
медико-биологического 3,912023 0,000638
медицина 1,309333 0,000570
медицинский 0,653926 0,000427
межа 2,995732 0,000163
международный 0,385662 0,000797
междуречье 2,207275 0,000120
межмуниципальный 2,525729 0,000137
межобластной 3,218876 0,000175
межрайонный 3,218876 0,000350
мезит 3,912023 0,000851
мекран 3,912023 0,000213
мелкий 1,309333 0,000071
мелколистный 3,506558 0,000191
меморандум 3,218876 0,000350
мемориал 1,514128 0,000082
мемориальный 1,139434 0,000062
меняйло 3,912023 0,000213
мера 0,820981 0,000089
мергель 3,912023 0,000213
мерзлота 2,525729 0,000275
мерзнуть 3,912023 0,000213
меридиональный 2,525729 0,000137
меркулов 3,506558 0,000572
мерлен 2,659260 0,000289
мероприятие 0,916291 0,000249
мессершмидт 3,506558 0,000191
местность 1,049822 0,000114
местный 0,478036 0,000208
место 0,139262 0,000341
местоположение 1,660731 0,000090
месяц 0,415515 0,000045
месяцевикипедия 0,776529 0,000042
металл 1,272966 0,000485
металлобработка 3,912023 0,000213
металлообработка 1,897120 0,000103
металлург 2,302585 0,000626
металлургический 1,469676 0,000400
металлургия 1,714798 0,000373
метеорит 3,912023 0,000638
метеорологический 2,302585 0,000376
метеостанция 2,302585 0,000125
метеоусловия 3,506558 0,000191
метр 0,653926 0,000356
метро 1,272966 0,000277
метрополитен 1,609438 0,000263
метрополь 3,912023 0,000426
метростроитель 3,912023 0,000213
метротрамвай 3,506558 0,000191
мечеть 0,994252 0,000216
мечта 2,120264 0,000231
мечтательный 3,912023 0,000213
мешалкин 3,506558 0,000191
мешкать 3,912023 0,000213
миасс 1,309333 0,000071
мибс 3,912023 0,000213
миг 2,995732 0,000815
мигрант 2,659260 0,000145
миграционный 1,560648 0,000085
миграция 1,309333 0,000071
мид 2,207275 0,000120
микрон 3,912023 0,000426
микрорайон 0,916291 0,000249
микрохирургия 2,813411 0,000153
милано 3,912023 0,000213
милиционер 2,659260 0,000145
милия 3,912023 0,000213
милко 3,912023 0,000213
миллер 2,995732 0,000163
миллиард 1,514128 0,000082
миллион 0,776529 0,000465
миллионный 1,771957 0,000386
мим-театр 3,912023 0,000213
минздрава 2,813411 0,000153
минздравсоцразвития 3,912023 0,000426
минимум 0,653926 0,000142
минино 3,912023 0,000638
министерство 0,653926 0,000391
министр 1,171183 0,000064
минрегионразвития 3,506558 0,000191
минский 3,506558 0,000191
минус 2,995732 0,000163
минусинск 3,218876 0,000700
минусинска 3,912023 0,000213
минусинский 3,218876 0,000525
минэкономразвития 3,506558 0,000191
мир 0,094311 0,000215
мирапамятник 3,912023 0,000213
мирнинским 3,912023 0,000213
мирной 1,609438 0,000088
миро 3,912023 0,000213
мировая 0,527633 0,000144
миска 3,912023 0,000213
мистер 3,912023 0,000426
митрополит 1,832581 0,000299
митрополия 1,660731 0,000361
митьков 3,912023 0,000213
михаил 0,916291 0,000150
михаила 1,171183 0,000382
михаилу 2,525729 0,000275
михайло 3,912023 0,000213
михайлович 1,386294 0,000075
михайловича 2,525729 0,000137
михайловичем 3,218876 0,000175
мкг 3,912023 0,000426
млекопитающее 1,897120 0,000103
млн 0,462035 0,000201
млрд 0,820981 0,000045
мнение 0,634878 0,000104
многие 0,356675 0,000019
многий 1,237874 0,000135
много 0,150823 0,000041
многоквартирный 1,897120 0,000103
многопрофильный 2,302585 0,000125
многочисленный 0,693147 0,000113
множество 0,462035 0,000025
мобилон 3,912023 0,000213
мобильный -0,009950 -0,000002
могила 1,660731 0,000181
могилев 2,525729 0,000137
могильник 2,813411 0,000153
моделирование 2,659260 0,000145
модель 0,891598 0,000049
модернизация 1,660731 0,000181
модернизировать 2,302585 0,000251
модификация 2,207275 0,000120
мое 2,407946 0,000131
моисеев 2,995732 0,000489
моиселев 3,912023 0,000213
молитва 2,995732 0,000163
молодежный 1,078810 0,000352
молокова 3,912023 0,000638
молочный 2,040221 0,000111
момент 0,527633 0,000057
монастырь 0,867501 0,000189
монголия 2,525729 0,000275
монолит-холдинг 3,912023 0,000213
монтажный 2,995732 0,000163
мончегорск 1,347074 0,000073
мор 1,021651 0,000056
море 0,562119 0,000031
морозный 2,207275 0,000120
морской 0,994252 0,000054
москва 0,400478 0,000131
москвакрасноярск 3,912023 0,000213
москве 1,171183 0,000127
москвой 1,237874 0,000067
москву 1,139434 0,000062
москвы 0,653926 0,000142
московский 0,527633 0,000258
мост 0,713350 0,001397
мостик 3,912023 0,000426
мостовая 2,207275 0,000360
мостоотряд 3,506558 0,000191
мосфильм 2,995732 0,000163
мотыгинский 3,912023 0,000426
мочно 3,912023 0,000638
мочь -0,009950 -0,000003
мощение 3,506558 0,000191
мощность 1,386294 0,000151
мрск 3,506558 0,000191
мрт 3,912023 0,000426
мск 0,843970 0,000046
мтб 3,506558 0,000191
мтс 1,237874 0,000067
мужичкино 3,912023 0,000213
мужской 1,108663 0,000181
мужчина 1,347074 0,000293
мужщинский 3,912023 0,000426
муза 2,120264 0,000115
музей 0,653926 0,001957
музей-библиотеку 3,912023 0,000213
музей-усадьба 2,525729 0,000275
музейный 1,514128 0,000824
музейщик 3,506558 0,000191
музыка 0,941609 0,000205
музыкальный 0,867501 0,000283
музыкант 2,207275 0,000240
музыканты-любители 3,912023 0,000213
мука 2,407946 0,000262
мултон 3,912023 0,000213
мультиплекс 1,514128 0,000082
муниципальный 0,713350 0,001358
муромский 2,659260 0,000289
мусат 3,912023 0,000426
мусор 1,897120 0,000103
мусорный 3,506558 0,000191
мусороперерабатывающий 3,506558 0,000191
мусоросортировочные 3,912023 0,000213
мусульман 1,171183 0,000127
мусульманский 1,514128 0,000082
мчс 2,120264 0,000461
мэр 1,078810 0,000117
мэрия 1,560648 0,000085
мясо 2,302585 0,000125
мясокомбинат 1,966113 0,000107
мяч 1,609438 0,000263
набег 1,660731 0,000271
набережная 0,891598 0,000194
наблюдаться 0,755023 0,000041
наблюдение 1,108663 0,000181
навигация -0,009950 -0,000002
награда 0,798508 0,000130
наградить 0,941609 0,000256
нагрузка 1,714798 0,000187
надежда 1,469676 0,000080
надзор 2,040221 0,000111
надолб 3,912023 0,000213
надпись 1,660731 0,000181
надсилосную 3,912023 0,000213
назад 1,108663 0,000181
назарово 3,912023 0,000638
назаровский 3,912023 0,000426
название 0,105361 0,000069
назвать 0,371064 0,000262
наземный 1,609438 0,000175
назначить 1,203973 0,000065
называть 0,174353 0,000047
называться 0,328504 0,000054
наиболее 0,139262 0,000038
найти 0,733969 0,000200
наказ 3,506558 0,000382
наконец-то 3,912023 0,000213
накопать 3,912023 0,000213
накрыть 3,912023 0,000213
наладить 2,302585 0,000125
наличествовать 3,912023 0,000213
наличие 0,867501 0,000047
наличность 2,995732 0,000163
намака 3,912023 0,000213
намерение 2,207275 0,000120
намерить 2,207275 0,000240
нансен 3,506558 0,000191
нападать 2,407946 0,000131
нападение 1,832581 0,000100
написать 0,867501 0,000047
напиток 1,897120 0,000103
напомнить 3,506558 0,000191
направить 0,867501 0,000047
направо 1,560648 0,000085
например 0,328504 0,000036
напротив 1,237874 0,000067
наркологический 2,995732 0,000163
народ 0,579818 0,000189
народный 0,616186 0,000335
нарушение 1,560648 0,000085
наряд 1,049822 0,000114
население 0,462035 0,001785
населить 0,597837 0,000293
насквозь 3,506558 0,000191
наследие 0,713350 0,000233
наследник 2,407946 0,000131
настолько 1,897120 0,000206
настоящее 0,287682 0,000078
наступать 0,843970 0,000046
насчитывать 1,203973 0,000065
насчитываться 0,967584 0,000053
насыщенность 2,995732 0,000326
наталия 2,302585 0,000125
наталье 3,912023 0,000213
наталья 1,660731 0,000361
наука 0,235722 0,000128
науч 1,714798 0,000093
научно-исследовательский 0,798508 0,000348
научно-образовательный 0,967584 0,000053
научно-технический 1,386294 0,000075
научный 0,248461 0,000297
находить 1,560648 0,000085
находиться 0,174353 0,000190
находка 0,994252 0,000054
нац 2,995732 0,000163
национализировать 2,813411 0,000459
национальность 0,867501 0,000142
национальный 0,342490 0,000037
начало 0,116534 0,000133
началось 0,616186 0,000235
начальник 1,660731 0,000090
начальный 0,967584 0,000105
начать 0,510826 0,000111
начаться 0,562119 0,000153
начинать 1,049822 0,000114
начинаться 0,527633 0,000086
наш 0,527633 0,000431
нгс 2,813411 0,001377
неблагоприятный 2,040221 0,000333
небо 1,272966 0,000277
небольшое 1,427116 0,000078
небольшой 0,494296 0,000027
недалеко 1,469676 0,000240
недвижимость 1,897120 0,000103
неделя 1,309333 0,000071
недовольство 3,506558 0,000191
недостаток 0,579818 0,000032
недострой 3,912023 0,000213
недоступный 0,446287 0,000316
независимый 1,049822 0,000057
незадолго 2,995732 0,000163
незамерзающий 2,813411 0,000153
незначительный 1,660731 0,000090
неизвестное 2,207275 0,000120
неисчерпаемый 3,912023 0,000213
некоммерческий -0,009950 -0,000001
некорректный 1,514128 0,000082
некоторые 0,127833 0,000042
некрополь 2,120264 0,000231
немалый 2,995732 0,000163
немец 1,108663 0,000060
немецкий 0,798508 0,000087
немного 1,309333 0,000142
немочно 3,912023 0,000213
немощеный 3,912023 0,000213
ненужное 3,912023 0,000213
необходимо 1,237874 0,000135
необходимый 1,078810 0,000059
неоднократно 1,139434 0,000124
неоднократный 2,525729 0,000137
неожиданно 3,218876 0,000175
неофициальный 1,139434 0,000124
неподалеку 2,040221 0,000111
непослушный 3,912023 0,000213
непосредственно 0,478036 0,000078
непосредственный 1,966113 0,000214
непрерывно 2,120264 0,000115
непутевый 3,912023 0,000213
нерабочий 0,994252 0,000054
неравенство 3,218876 0,000175
нередко 1,108663 0,000060
неровный 2,995732 0,000163
несколько 0,116534 0,000057
нестабильность 3,912023 0,000213
неупорядоченный 2,995732 0,000489
нефаз 2,407946 0,000131
нечего 3,506558 0,000191
нечепарчук 3,912023 0,000213
нигде 2,525729 0,000137
ниже 0,693147 0,000038
нижне-качинский 3,912023 0,000213
нижнее 0,916291 0,000050
нижнеингашский 3,912023 0,000426
нижний 0,494296 0,000134
низина 2,659260 0,000145
низкий 0,843970 0,000046
низкосортный 3,912023 0,000213
низменность 1,714798 0,000093
нии 1,237874 0,000269
никита 2,302585 0,000125
николааса 3,218876 0,000175
николаевич 1,309333 0,000071
николаевича 2,407946 0,000131
николаевка 2,659260 0,000145
николаевский 1,832581 0,001097
николай 0,867501 0,000236
николайчук 3,506558 0,000191
николая 0,916291 0,000100
никольское 2,813411 0,000153
нить 2,813411 0,000153
нифантьев 3,912023 0,000213
новгород 0,867501 0,000094
новобазарной 3,912023 0,000213
новогодний 2,407946 0,000131
новое 0,287682 0,000203
новокачинский 3,912023 0,000213
новокачинским 3,912023 0,000213
новокачинского 3,912023 0,000213
новокузнецк 1,272966 0,000139
новомосковск 1,203973 0,000065
новомученик 2,813411 0,000153
новоприборный 3,912023 0,000426
новоселовский 3,506558 0,000382
новосибирск 0,916291 0,000199
новосибирский 1,714798 0,000373
новость 0,544727 0,001748
новый 0,083382 0,000227
новыя 3,912023 0,000213
номер 0,634878 0,000207
номинировать 3,912023 0,000213
норвегии 2,659260 0,000145
норвегия 2,659260 0,000145
норвежский 0,248461 0,000027
норильск 1,203973 0,000262
норильский 3,912023 0,000638
норма 0,597837 0,000065
нос 2,302585 0,000251
ночно 3,912023 0,000213
нояб 0,820981 0,000045
ноябрь 0,127833 0,000688
нпо 2,207275 0,000120
нрав 2,995732 0,000163
нужно 1,049822 0,000057
нумерация 2,040221 0,000222
ныне 0,653926 0,000427
нынешний 1,021651 0,000222
оао 0,916291 0,000648
оба 0,597837 0,000065
обеспеченность 1,771957 0,000096
обеспечивать 0,415515 0,000045
обеспечить 1,386294 0,000075
обзор 1,078810 0,000059
обитатель 2,120264 0,000115
обитать 1,469676 0,000080
обладатель 1,514128 0,000082
обладать 0,843970 0,000046
область 0,150823 0,000066
облгиз 3,912023 0,000213
облик 1,203973 0,000065
обломок 3,912023 0,000213
обнаружить 1,021651 0,000389
обновить 1,203973 0,000196
обновление 1,203973 0,000065
обнять 3,506558 0,000191
обобщать 2,525729 0,000137
обозрение 1,897120 0,000103
оборона 1,108663 0,000121
оборудование 0,653926 0,000249
обособить 2,302585 0,000125
обрабатывать 1,049822 0,000057
образование 0,356675 0,000602
образовательный 0,891598 0,000146
образовать 0,385662 0,000105
обратиться 2,120264 0,000115
обратный 2,040221 0,000111
обращение 0,030459 0,000313
обсерватория 1,966113 0,000107
обслуживание 0,941609 0,000102
обслужить 2,813411 0,000153
обстоятельство 2,040221 0,000111
обсудить 2,302585 0,000251
обсуждать 2,302585 0,000125
обувь 2,525729 0,000137
обусловить 1,237874 0,000067
обучаться 1,560648 0,000340
обучение 1,309333 0,000142
обширный 1,078810 0,000059
общедоступный 1,347074 0,000073
общее 0,301105 0,000049
общеобразовательный 1,021651 0,000056
общероссийский 1,427116 0,000078
общественность 2,120264 0,000115
общественный 0,494296 0,000430
общество 0,415515 0,000339
общий 0,186330 0,000071
объединение 0,776529 0,000084
объединить 0,867501 0,000330
объект 0,235722 0,000115
объем 0,400478 0,000174
объемный 2,995732 0,000163
обыкновенный 1,966113 0,000214
обью 3,912023 0,000213
обязанность 1,347074 0,000073
овинный 3,912023 0,000213
овсянка 3,218876 0,000350
овсянкинском 3,912023 0,000213
овсянская 3,912023 0,000213
огонь 1,139434 0,000496
ограничить 0,653926 0,000071
одесский 2,525729 0,000137
один 0,051293 0,000053
одинаковый 1,714798 0,000093
однако 0,174353 0,000038
одноименный 0,967584 0,000053
однолично 3,912023 0,000213
одобрить 1,897120 0,000103
одолеть 3,506558 0,000191
ожесточить 2,407946 0,000131
ожидание 2,813411 0,000153
ожидаться 2,302585 0,000125
ожить 3,218876 0,000525
ожоговый 2,995732 0,000163
озерный 2,302585 0,000125
означать 0,798508 0,000087
оказаться 0,820981 0,000134
оказывать 0,867501 0,000047
окато 0,820981 0,000045
окб 3,506558 0,000382
океан 0,994252 0,000108
оклад 3,912023 0,000638
окно 1,714798 0,000093
окончание 1,309333 0,000071
окончательно 1,203973 0,000065
окраина 1,049822 0,000057
окрестность 0,941609 0,000051
округ 0,562119 0,000948
окружать 0,755023 0,000082
окружить 1,771957 0,000096
оксана 2,995732 0,000163
окт 0,798508 0,000043
октмо 0,843970 0,000046
октябрь 0,072571 0,000328
октябрьский 0,776529 0,000549
олег 1,427116 0,000155
олигарх 3,506558 0,000191
олимпийский 1,108663 0,000060
ольга 1,347074 0,000147
омск 1,021651 0,000111
омская 2,407946 0,000131
омском 2,995732 0,000163
онеонта 3,912023 0,000213
онкодиспансер 3,506558 0,000191
онкологический 1,897120 0,000103
онкология 2,659260 0,000145
онлайн 0,198451 0,000011
онофреевичу 3,912023 0,000213
онуфриевичу 3,912023 0,000213
ооо 0,843970 0,000643
опасаться 3,506558 0,000191
опасный 1,272966 0,000069
опер 1,469676 0,000560
оператор 0,941609 0,000102
операция 0,776529 0,000042
оперный 1,897120 0,000206
описание -0,009950 -0,000003
описать 1,347074 0,000073
оплата 1,609438 0,000263
опора 2,407946 0,000131
опорный 1,560648 0,000255
оправдывать 3,912023 0,000213
определить 0,527633 0,000086
опробовать 3,218876 0,000175
опрос 1,832581 0,000100
оптический 1,897120 0,000103
оптовый 1,966113 0,000214
опубликование 2,302585 0,000125
орбита 2,407946 0,000262
орган 0,616186 0,000235
организатор 1,771957 0,000096
организация -0,009950 -0,000008
организовать 0,634878 0,000173
организовывать 3,218876 0,000175
органный 1,966113 0,000749
орден 0,891598 0,000146
орденоносный 3,912023 0,000213
орджоникидзе 2,040221 0,000111
орел 1,386294 0,000075
орех 3,218876 0,000350
орехова 3,912023 0,000213
оригинал 0,139262 0,000462
оригинальный 1,771957 0,000096
ориентировать 1,660731 0,000090
орикс 3,912023 0,000213
орион 2,995732 0,000163
оркестр 1,386294 0,000754
орск 1,272966 0,000069
осадок 0,544727 0,000059
осаждаться 3,912023 0,000213
осваивать 2,813411 0,000153
освещение 2,120264 0,000231
освобождение 1,514128 0,000082
освящение 2,813411 0,000153
осень 0,941609 0,000051
осина 2,813411 0,000153
осипов 0,527633 0,000029
осмотреть 3,506558 0,000191
основа 0,210721 0,000023
основание 0,494296 0,000054
основатель 0,967584 0,000211
основать 0,274437 0,000179
основное 0,235722 0,000026
основной 0,040822 0,000051
основывать 2,525729 0,000137
особенность 0,693147 0,000038
особый 0,776529 0,000042
оставаться 0,544727 0,000059
оставить 1,427116 0,000233
оставлять 2,813411 0,000153
остальной 0,616186 0,000067
останавливаться 2,407946 0,000393
остановка 1,514128 0,000165
остаться 0,867501 0,000189
остров 0,820981 0,000447
островной 2,407946 0,000131
острог 1,897120 0,004954
острогдо 3,506558 0,000191
острожново 3,912023 0,000213
острожный 3,218876 0,000350
остролистный 3,506558 0,000191
острый 2,407946 0,000131
осуществить 1,237874 0,000067
осуществлять 0,597837 0,000130
осуществляться 0,616186 0,000201
осьмушкин 3,912023 0,000213
отапливать 3,912023 0,000213
отв 0,755023 0,000041
ответственность -0,009950 -0,000001
ответственный 2,659260 0,000145
отвлечение 3,912023 0,000213
отгрузить 1,386294 0,000075
отдалить 2,302585 0,000125
отдать 2,407946 0,000131
отдел 1,171183 0,000191
отделение 0,713350 0,000582
отдельный -0,009950 -0,000003
отдых 0,941609 0,000307
отель 1,660731 0,000813
отечественный 0,634878 0,000207
отказ -0,009950 -0,000001
отказаться 1,427116 0,000078
откопать 3,912023 0,000426
открывать 1,771957 0,000289
открываться 1,347074 0,000147
открытие 0,616186 0,000302
открыто 1,078810 0,000176
открыть 0,150823 0,000246
открыться 0,820981 0,000893
отлить 3,912023 0,000213
отметить 0,616186 0,000101
отметка 1,386294 0,000075
отмечать 1,078810 0,000059
отнести 1,560648 0,000255
относительно 0,415515 0,000023
относить 1,469676 0,000240
относиться 0,328504 0,000018
отношение 0,430783 0,000023
отопительный 2,659260 0,000145
отопить 3,912023 0,000213
отправить 1,560648 0,000170
отправиться 2,040221 0,000333
отпраздновать 2,407946 0,000131
отраслевой 1,609438 0,000088
отрасль 0,653926 0,000178
отредактировать -0,009950 -0,000002
отрог 2,525729 0,000412
отряд 1,272966 0,000069
отслеживаться 3,506558 0,000191
отставка 1,832581 0,000100
отстроить 2,302585 0,000125
отсутствие 0,891598 0,000097
отсутствовать 0,776529 0,000042
оттепель 1,609438 0,000088
оттуда 2,525729 0,000137
отход 1,514128 0,000082
отчасти 2,302585 0,000125
отчет 1,272966 0,000208
офис 1,560648 0,000425
офисный 2,302585 0,000125
официально 0,693147 0,000113
официальный 0,356675 0,000640
офсет 3,912023 0,000426
офтальмологический 3,218876 0,000700
ох 1,347074 0,000073
охватить 1,832581 0,000100
охотничий 2,995732 0,000163
охрана 0,843970 0,000092
оценка 0,400478 0,000109
очень 0,494296 0,000108
очередь 0,510826 0,000056
очерк 0,733969 0,000160
ошибка 0,994252 0,000054
ошибкекак -0,009950 -0,000001
павел 1,078810 0,000059
павлин 1,714798 0,000093
падалкин 3,912023 0,000213
падалкину 3,912023 0,000213
падение 1,560648 0,000085
паз 2,995732 0,000163
пазиков 3,912023 0,000213
палата 1,347074 0,000073
палеолит 2,813411 0,000153
палладий 3,912023 0,000426
паллас 3,218876 0,000350
палласовым 3,912023 0,000213
пальмира 3,506558 0,000191
памяти 1,078810 0,000235
памятник 0,597837 0,000911
памятный 0,798508 0,000043
память 0,820981 0,000089
панорама 1,203973 0,000327
пантелеимон 3,912023 0,000426
панюковский 3,912023 0,000213
пао 1,427116 0,000155
папа 2,995732 0,000163
папуанский 3,912023 0,000213
пар 1,309333 0,000071
парад 1,771957 0,000096
параллельно 1,237874 0,000067
параллельный 2,207275 0,000120
парапланеризм 3,912023 0,000213
параскевы 3,506558 0,000763
париж 2,302585 0,000125
париже 2,659260 0,000289
парижский 2,302585 0,000125
парк 0,653926 0,000711
парковый 1,609438 0,000088
паровоз 2,525729 0,000275
паровой 2,407946 0,000262
пароход-музей 3,912023 0,000213
пароходный 2,995732 0,000163
пароходство 1,832581 0,000498
партизанский 2,407946 0,000262
партия 1,514128 0,000082
партнер 1,514128 0,000165
партнерс 3,912023 0,000213
пассажир 1,272966 0,000693
пассажиропоток 1,609438 0,000175
пассажирский 0,941609 0,000512
патеграф 3,912023 0,000213
патриарх 2,040221 0,000222
патриархия 2,659260 0,000145
пауэрлифтинг 3,506558 0,000191
пациент 2,302585 0,000626
пашенный 3,912023 0,000213
пашков 3,506558 0,000191
пашнина 3,912023 0,000213
пашня 2,995732 0,000163
пащенко 3,506558 0,000191
певец 1,832581 0,000199
педагогика 3,218876 0,000175
педагогический 0,867501 0,000283
пейзаж 2,659260 0,000145
пекарня 3,912023 0,000213
пенза 1,108663 0,000060
пенициллин 3,912023 0,000213
первое 0,150823 0,000271
первомайский 1,347074 0,000147
первоначально 1,203973 0,000065
первухин 3,912023 0,000213
первый 0,162519 0,000424
перевезти 1,897120 0,000103
перевести 0,994252 0,000054
перевод 0,941609 0,000051
перевозить 1,832581 0,000100
перевозиться 2,659260 0,000145
перевозка 0,891598 0,000291
перевозчик 2,302585 0,000501
перегрузка 2,995732 0,000163
передавать 1,560648 0,000085
передать 0,798508 0,000043
передача 1,078810 0,000059
переехать 1,966113 0,000214
переименовать 0,941609 0,000102
перейти -0,009950 -0,000002
перелет 2,659260 0,000145
переместить 2,995732 0,000163
перенести 0,994252 0,000054
перенос 1,560648 0,000170
переноситься 3,218876 0,000175
перенсона 3,912023 0,000426
переобучение 3,912023 0,000213
перепад 2,525729 0,000137
перепись 0,755023 0,000493
переправить 3,912023 0,000213
переработка 1,469676 0,000160
пересадка 3,218876 0,000350
пересечение 1,171183 0,000127
перестройка 1,771957 0,000096
переть 1,108663 0,000121
переулок 1,514128 0,000659
переход 0,653926 0,000036
перечень 1,108663 0,000060
перинатальный 2,040221 0,000444
период 0,274437 0,000060
пермь 0,994252 0,000108
перпендикулярно 2,813411 0,000153
персона 2,995732 0,000163
персональный -0,009950 -0,000001
перспектива 1,049822 0,000114
перспективный 1,966113 0,000321
песнь 1,469676 0,000080
песня 1,427116 0,000078
песчанка 2,813411 0,000459
петер 2,995732 0,000163
петербург 1,897120 0,000103
петербургский 1,660731 0,000452
петр 1,108663 0,000302
петра 1,078810 0,000235
петрашевец 3,912023 0,000213
петрить 1,714798 0,000280
петров 2,207275 0,000120
петрова 2,302585 0,000125
петровича 3,218876 0,000175
петровиче 3,912023 0,000213
петровичу 3,218876 0,000175
петровне 3,218876 0,000175
печать -0,009950 -0,000003
пешеход 2,995732 0,000163
пешеходный 1,560648 0,000170
пеший 2,302585 0,000125
пещер 1,897120 0,000103
пианино 3,912023 0,000213
пивоваренный 2,207275 0,000120
пик 1,609438 0,000175
пикра 3,912023 0,000213
пимашков 3,912023 0,001064
пимашкову 3,912023 0,000213
пингвин 2,659260 0,000434
пингвинарий 3,912023 0,000638
пинчук 3,912023 0,000213
пир 3,912023 0,000213
пирамидальный 3,218876 0,000175
пиреном 3,506558 0,000191
пировский 3,912023 0,000426
писарев 3,912023 0,000213
писатель 0,916291 0,000100
писателю-фронтовику 3,912023 0,000213
писать 0,820981 0,000268
письмо 1,237874 0,000067
питерский 3,506558 0,000382
пить 2,813411 0,000306
пищевой 0,916291 0,000249
плавательный 1,966113 0,000107
план 0,527633 0,000287
план-карта 3,912023 0,000213
планета 1,309333 0,000285
планирование 1,427116 0,000078
планировать 1,272966 0,000069
планироваться 0,891598 0,000534
планировка 1,427116 0,000155
пластик 2,995732 0,000163
платеж 2,525729 0,000137
платина 2,995732 0,000326
платиновый 3,912023 0,000213
платинум-арена 3,506558 0,000382
платить 2,659260 0,000145
плато 2,040221 0,000111
племя 1,514128 0,000165
плита 1,832581 0,000100
плодово-ягодная 3,912023 0,000213
плоскогорье 2,659260 0,000289
плотность 0,634878 0,000035
плотный 2,813411 0,000306
площадка 0,867501 0,000047
площадь 0,385662 0,001133
плыть 2,995732 0,000163
плюс 1,272966 0,000069
победа 0,755023 0,000123
победитель 1,514128 0,000329
победить 1,609438 0,000088
побратимский 1,771957 0,000096
побывать 1,897120 0,000103
поведение -0,009950 -0,000001
поверхность 1,347074 0,000073
повредить 2,525729 0,000275
повысить 1,021651 0,000056
погибший 1,203973 0,000065
поглотить 2,207275 0,000120
погода 0,693147 0,000113
подавление 2,525729 0,000137
подать 1,714798 0,000093
подведомственный 2,040221 0,000111
подвергнуться 1,714798 0,000093
подверженный 2,040221 0,000111
подвести 2,525729 0,000137
подвижной 1,832581 0,000299
подводной 1,514128 0,000412
подводный 2,813411 0,000153
подготовительный 3,506558 0,000572
поддержать 1,966113 0,000107
поддерживать 0,994252 0,000162
поддержка 0,653926 0,000071
поделать 3,912023 0,000213
подземный 1,469676 0,000080
подиум 3,912023 0,000213
подключение 2,407946 0,000262
подлодка 2,995732 0,000326
подменять 3,912023 0,000213
поднять 1,609438 0,000263
подняться 1,660731 0,000090
подобный 0,994252 0,000054
подойти 2,407946 0,000262
подольск 1,272966 0,000069
подорожать 2,995732 0,000163
подписать 0,941609 0,000307
подпись 2,407946 0,000131
подразделение 1,514128 0,000165
подразделяться 2,207275 0,000120
подробный 1,832581 0,000100
подряд 2,525729 0,000137
подсветка 2,813411 0,000153
подтвердить 1,309333 0,000071
подтверждаться 2,040221 0,000222
подчинение 1,237874 0,000202
подчинить 1,347074 0,000220
подчиняться 1,660731 0,000090
поезд 1,021651 0,000056
поемъ 3,912023 0,000213
пожалуйста 1,469676 0,000080
пожар 1,171183 0,000382
пожарная 2,207275 0,000120
поздееву 3,912023 0,000426
поздний 1,171183 0,000064
поздно 0,713350 0,000039
поздняков 3,218876 0,000175
поздравлять 3,506558 0,000191
позже 0,733969 0,000160
позитроника 3,506558 0,000191
позитронно-эмиссионной 3,912023 0,000426
поиск -0,009950 -0,000002
поисково-спасательный 3,912023 0,000213
пойти 1,897120 0,000206
показатель 0,494296 0,000081
показать 0,891598 0,000243
показывать 1,237874 0,000135
покататься 3,218876 0,000175
покой 3,506558 0,000191
поколение 1,203973 0,000196
покровитель 2,207275 0,000120
покровка 2,813411 0,000153
покровская 2,302585 0,000125
покровский 1,771957 0,000386
покровского 2,407946 0,000131
покровское 2,813411 0,000153
покровской 2,995732 0,000163
покровскому 3,912023 0,000213
покрытие 1,560648 0,000085
пол 0,446287 0,000121
полдень 0,916291 0,000100
поле 1,049822 0,000057
полезный 1,203973 0,000065
полет 1,609438 0,000263
полигон 2,120264 0,000115
поликлиника 1,309333 0,000071
полина 2,995732 0,000326
политехнический 1,560648 0,000085
политик -0,009950 -0,000002
политический 0,597837 0,000065
полк 1,469676 0,000080
полководец 2,995732 0,000163
полномочный 2,407946 0,000131
полностью 0,400478 0,000109
полный 0,328504 0,000089
половина 0,430783 0,000047
половодье 2,207275 0,000120
положение 0,415515 0,000113
полоса 0,916291 0,000150
полтина 3,912023 0,000213
полтора 2,040221 0,000222
полуторамиллионный 3,218876 0,000175
полуфабрикат 2,813411 0,000153
получение 1,203973 0,000131
получить 0,150823 0,000074
полчаса 3,912023 0,000213
пользование 1,609438 0,000088
польша 1,966113 0,000107
поляк 0,820981 0,000045
полякова 2,813411 0,000153
полякову 3,912023 0,000213
полярный 1,347074 0,000073
помещение 1,560648 0,000085
помимо 0,562119 0,000061
помочь 1,171183 0,000064
помощь 0,342490 0,000149
пообещать 2,995732 0,000163
поп 1,966113 0,000107
попасть 1,049822 0,000057
поперечный 2,525729 0,000137
попечение 3,912023 0,000213
пополам 3,912023 0,000213
поправка 2,407946 0,000131
пора 0,776529 0,000042
пореформенный 3,912023 0,000213
породнить 2,525729 0,000137
порт 0,733969 0,000080
портал 0,342490 0,000186
порталвикипедия 2,120264 0,000115
поручение 1,832581 0,000199
поручить 2,407946 0,000131
порядковый 1,609438 0,000088
посадка 1,897120 0,000206
посадный 3,912023 0,000213
посвятить 0,634878 0,000069
поселение 0,634878 0,000553
поселок 0,634878 0,000207
посетить 1,203973 0,000131
посещать 1,560648 0,000170
послать 2,040221 0,000333
послевоенный 1,309333 0,000071
последнее 0,843970 0,000092
последний -0,009950 -0,000003
посольство 1,897120 0,000722
поспешеньем 3,912023 0,000213
поставить 1,021651 0,000556
поставка 2,207275 0,000360
постановление 0,891598 0,000146
постепенно 0,867501 0,000094
постепенный 1,966113 0,000107
постоянный 0,579818 0,000158
пострадать 1,660731 0,000090
построение 1,560648 0,000085
построить 0,301105 0,000393
постройка 0,867501 0,000236
постсоветский 1,609438 0,000088
посылка 2,995732 0,000163
поток 0,967584 0,000053
потомок 2,040221 0,000222
потребитель 1,771957 0,000193
потухший 3,912023 0,000213
похищение 3,912023 0,000213
похмелье 3,912023 0,000213
похоронить 2,040221 0,000111
похотят 3,912023 0,000426
почва 1,272966 0,000139
почетный 0,820981 0,000134
почислить 3,912023 0,000213
почта 1,309333 0,000071
почтамтский 3,912023 0,000426
почтовый 0,653926 0,000107
поэт 1,049822 0,000057
появиться 0,248461 0,000433
пояс 0,597837 0,000195
правда 0,820981 0,000268
правильный 1,966113 0,000107
правитель 1,771957 0,000096
правительство 0,510826 0,000139
править -0,009950 -0,000069
правка 0,274437 0,000015
правкиновые -0,009950 -0,000001
правкипостоянная -0,009950 -0,000001
право 0,314711 0,000086
правобережный 1,832581 0,000498
правобережье 1,966113 0,000214
правовой 1,021651 0,000111
православный 0,755023 0,000082
правосторонний 3,506558 0,000382
правосудие 2,407946 0,000262
правый 0,798508 0,000174
праздничный 2,302585 0,000125
прайм 3,506558 0,000382
практик 1,049822 0,000114
практически 0,755023 0,000082
превратиться 1,386294 0,000075
превысить 1,427116 0,000078
превышать 0,673345 0,000037
предводительство 1,897120 0,000103
предгорье 2,659260 0,000145
предел 0,400478 0,000022
предложение 1,609438 0,000088
предложить 0,820981 0,000134
предмет 0,713350 0,000116
предмостный 3,506558 0,000382
предок 1,832581 0,000100
предоставлять 0,713350 0,000078
предполагать 1,171183 0,000064
предполагаться 1,078810 0,000059
предпочтительно 2,995732 0,000163
предпринимательство 1,714798 0,000187
предпринять 2,040221 0,000111
предприятие 0,527633 0,000373
председ 1,203973 0,000065
председатель 0,916291 0,000100
представитель 0,653926 0,000107
представительство 0,994252 0,000216
представить 0,328504 0,000107
представиться -0,009950 -0,000001
представление 0,776529 0,000042
представлять 0,328504 0,000018
предшественник 2,659260 0,000145
преемственность 2,525729 0,000137
прежнее 1,560648 0,000085
прежний 1,021651 0,000111
презентовать 3,218876 0,000525
президент 0,597837 0,000098
преимущественно 0,776529 0,000042
преимущество 1,514128 0,000082
прейсман 3,912023 0,000213
прекрасный 2,407946 0,000131
прекратить 0,916291 0,000150
прекращать 2,995732 0,000326
премиум-класса 3,912023 0,000213
премьер-лиге 2,813411 0,000153
преобладать 0,713350 0,000039
преображение 1,897120 0,000206
преобразовать 0,967584 0,000053
преодолеть 2,659260 0,000145
препарат 3,218876 0,000350
прервать 2,525729 0,000137
пресвятой 1,272966 0,000277
пресекать 3,912023 0,000213
пресс-лайн 3,912023 0,001490
пресс-релиз 2,525729 0,000137
престижный 1,897120 0,000103
престол 2,525729 0,000137
префектура 2,995732 0,000163
прибавка 3,912023 0,000213
прибавошных 3,912023 0,000213
прибрати 3,912023 0,000213
прибрать 3,506558 0,000191
прибывать 2,207275 0,000120
прибыль 1,897120 0,000206
прибытие 1,897120 0,000103
прибыть 1,514128 0,000082
привезти 2,040221 0,000222
привести 0,356675 0,000116
привлекательность 1,832581 0,000100
привлечение 1,660731 0,000090
привлечь 2,040221 0,000111
привод 3,218876 0,000175
приводить 0,776529 0,000042
привокзальный 1,832581 0,000299
привыкнуть 3,912023 0,000213
пригодный 1,966113 0,000107
пригожий 3,218876 0,000175
пригород 1,714798 0,000093
пригородный 0,967584 0,000053
придать 2,407946 0,000131
придти 0,755023 0,000041
прием 1,347074 0,000073
приенисейский 3,912023 0,000213
приехать 2,040221 0,000222
приз 2,207275 0,000240
приземистый 3,506558 0,000191
призер 1,514128 0,000082
признание 0,867501 0,000047
признать 0,494296 0,000081
прииск 3,218876 0,000350
прийтись 1,469676 0,000080
приказ 1,203973 0,000327
прилежать 3,218876 0,000175
прилечь 3,912023 0,000213
приложение 0,733969 0,000040
прима 3,506558 0,000191
применение 0,967584 0,000053
применять 0,510826 0,000056
пример 0,527633 0,000029
примерно 0,634878 0,000104
примечание -0,009950 -0,000001
примечательность 3,912023 0,000213
примечательный 2,813411 0,000153
примыкать 1,386294 0,000075
принадлежать 0,755023 0,000041
принимать 0,634878 0,000207
принцип 0,867501 0,000142
принятие 1,560648 0,000085
принять 0,248461 0,000216
приобрести 1,139434 0,000124
приостановить 1,609438 0,000088
припас 3,912023 0,000213
прирастать 2,995732 0,000163
природа 0,653926 0,000142
природный 0,510826 0,000028
прирост 1,309333 0,000214
присвоить 0,798508 0,000087
прислать 2,813411 0,000459
присоединить 1,660731 0,000181
пристанище 3,218876 0,000175
приступить 2,302585 0,000251
присутствие 1,514128 0,000165
присутствовать 1,021651 0,000056
присылать 3,506558 0,000191
притка 1,427116 0,000155
прифронтовой 2,813411 0,000153
приход 1,108663 0,000362
приходиться 0,693147 0,000038
прицеп 3,218876 0,000175
причал 1,897120 0,000103
причем 0,994252 0,000054
причина 0,562119 0,000061
причудливый 3,912023 0,000213
проблема 0,274437 0,000075
проведение 0,673345 0,000183
проверить 0,478036 0,000026
проверять 0,820981 0,000089
провести 0,579818 0,000095
проветривание 3,912023 0,000213
провиант 3,218876 0,000175
проводить 0,843970 0,000230
проводиться 0,653926 0,000213
проводной 2,040221 0,000444
провозгласить 2,040221 0,000111
проволока 3,506558 0,000191
прогноз 1,427116 0,000078
программа 0,415515 0,000068
прогреметь 3,912023 0,000213
прогулка 1,609438 0,000350
продажа 1,514128 0,000165
продать 2,302585 0,000251
продлить 2,120264 0,000115
продовольственный 1,832581 0,000100
продолжать 1,049822 0,000057
продолжаться 1,049822 0,000057
продолжение 1,347074 0,000073
продолжиться 2,120264 0,000115
продольный 2,407946 0,000131
продукт 0,634878 0,000035
проезд 1,171183 0,000191
проект -0,009950 -0,000009
проектирование 1,560648 0,000255
проектировать 2,407946 0,000131
проектный 1,514128 0,000247
проживание 1,832581 0,000299
проживать 0,776529 0,000127
произведение 1,021651 0,000111
произвести 1,203973 0,000065
производитель 1,309333 0,000071
производить 0,916291 0,000150
производиться 1,108663 0,000121
производственно-издательский 3,912023 0,000426
производственно-торговый 3,912023 0,000213
производство 0,527633 0,000316
произношениео 2,813411 0,000153
произойти 0,430783 0,000047
произрастать 1,966113 0,000107
происходить 0,328504 0,000036
пройти 0,544727 0,000148
прокладываться 2,813411 0,000153
прокопьевск 1,272966 0,000069
пролегать 2,659260 0,000145
пролет 2,407946 0,000131
пролетариат 2,659260 0,000145
проложить 1,347074 0,000147
промзона 2,120264 0,000115
промышленность 0,494296 0,000403
промышлять 0,462035 0,000176
пророчить 3,912023 0,000213
просвещение 1,560648 0,000170
просить 2,207275 0,000120
проскучать 3,912023 0,000213
просмотр -0,009950 -0,000001
проспект 0,891598 0,001407
проститов 3,912023 0,000213
просто 1,171183 0,000127
пространство 0,634878 0,000069
просьба 2,302585 0,000251
противотуберкулезный 2,995732 0,000326
протяжение 0,843970 0,000046
протяженность 0,776529 0,000084
проф 1,771957 0,000096
профессионально-технический 2,813411 0,000153
профессиональный 0,733969 0,000160
профессор 0,967584 0,000053
профсоюз 2,407946 0,000262
проходить 0,462035 0,000201
прохорова 3,218876 0,000350
процветать 2,813411 0,000153
прочее 0,544727 0,000089
прочие 0,798508 0,000043
прошлое 0,673345 0,000147
прямая 0,867501 0,000189
прямить 3,912023 0,000213
прямой 1,660731 0,000090
психологический 2,659260 0,000145
психология 2,302585 0,000251
психоневрологический 3,912023 0,000213
псковский 2,407946 0,000131
птица 1,272966 0,000069
птичий 2,525729 0,000137
публичный 1,078810 0,000235
пункт 0,494296 0,000376
пустить 1,514128 0,000165
путать 1,714798 0,000093
путеводитель 0,713350 0,000155
путевой 2,525729 0,000137
путешественник 1,714798 0,000187
путешествие 1,469676 0,000080
путина 1,386294 0,000377
путь 0,261365 0,000156
пушка 2,120264 0,000231
пушкин 0,916291 0,000598
пышма 1,309333 0,000071
пэт 3,912023 0,000213
пятерка 2,040221 0,000111
пятерочка 1,832581 0,000100
пятидесятник 2,040221 0,000111
пятиконечный 3,912023 0,000213
пятилетка 1,897120 0,000310
пятнадцать 3,218876 0,000175
пятница 1,427116 0,000311
пятый 0,994252 0,000054
пять 0,693147 0,000151
пятьдесят 2,207275 0,000120
работа 0,127833 0,000111
работать 0,314711 0,000291
работник 1,108663 0,000060
рабочий 0,597837 0,000455
равнина 0,867501 0,000094
равный 1,203973 0,000065
рад 2,995732 0,000163
радайкин 3,912023 0,000213
радио 0,891598 0,000291
радиовещание 1,714798 0,000187
радионуклидный 3,506558 0,000191
радиостанция 1,021651 0,000056
радиотехнический 2,659260 0,000145
радиоэлектроника 2,659260 0,000145
радищев 3,218876 0,000175
радость 2,302585 0,000125
раз -0,009950 -0,000002
разбить 1,514128 0,000082
развернуть 1,660731 0,000090
развернуться 2,525729 0,000137
развивать 1,660731 0,000090
развиваться 0,597837 0,000033
развитие 0,127833 0,000167
развить 0,616186 0,000101
развлекательный 1,714798 0,000187
развязка 1,469676 0,000160
раздвигать 3,912023 0,000213
раздел 0,342490 0,000112
разделение 1,021651 0,000111
разделить 0,527633 0,000086
различный 0,116534 0,000013
размер 0,755023 0,000082
размещение 0,673345 0,000073
разнести 2,659260 0,000145
разное 1,078810 0,000059
разнообразный 1,139434 0,000186
разный 0,314711 0,000017
разорвать 1,897120 0,000103
разорительный 3,506558 0,000191
разрабатываться 1,660731 0,000090
разработать 0,616186 0,000134
разработчик -0,009950 -0,000001
разрешение 1,660731 0,000090
разрешить 1,560648 0,000170
разрушение 1,560648 0,000085
разрушить 1,139434 0,000186
район 0,430783 0,001336
районный 1,171183 0,000191
райцентр 0,941609 0,000051
ракета 2,040221 0,000555
ракета-носитель 2,813411 0,000153
ракетоносец 3,912023 0,000638
ракетоносный 3,506558 0,000191
рамка 0,478036 0,000026
рамн 2,302585 0,000251
рамстор 3,912023 0,000213
рана 0,776529 0,000549
ранний 0,733969 0,000040
рано 0,261365 0,000043
рао 3,506558 0,000191
раскопка 1,897120 0,000206
распад 1,514128 0,000082
расплатиться 3,506558 0,000382
располагаться 0,544727 0,000178
расположение 0,776529 0,000084
расположить 0,385662 0,000441
расположиться 2,040221 0,000111
распорядиться 2,813411 0,000153
распоряжение 1,139434 0,000124
распределить 0,693147 0,000038
распросить 3,912023 0,000213
распространить 0,616186 0,000034
распространяться 1,272966 0,000069
рассвет 2,407946 0,000262
рассмотрение 2,040221 0,000222
расстояние 0,713350 0,000155
расстрелять 1,966113 0,000107
рассчитать 1,514128 0,000082
расти 0,941609 0,000256
растр 3,912023 0,000426
расхн 2,995732 0,000163
расходиться 2,207275 0,000120
расчет 0,820981 0,000045
расширение 0,415515 0,000068
расширить 0,967584 0,000053
расширяться 1,771957 0,000096
рах 3,912023 0,000213
рбк 1,386294 0,000302
реабилитация 2,659260 0,000289
реализация 0,798508 0,000043
революциинаселенные 2,120264 0,000115
революционный 1,386294 0,000075
революция 0,562119 0,000183
регби 2,302585 0,001253
регбийный 2,813411 0,000612
регион 0,385662 0,000189
региональный 0,634878 0,000484
регистр 1,771957 0,000096
регулярный 0,798508 0,000174
ред 0,235722 0,000038
ред-сост 3,912023 0,000213
редкол 2,659260 0,000145
редколлегия 3,912023 0,000213
реестр 1,272966 0,000069
режим 0,653926 0,000142
резанова 3,912023 0,000213
резанову 3,912023 0,000426
резванов 3,506558 0,000382
резерв 1,514128 0,000082
резино-технических 3,912023 0,000213
резинотехнический 3,506558 0,000191
резко 0,967584 0,000053
результат 0,174353 0,000009
рейс 1,171183 0,000064
рейтинг 0,967584 0,000263
рейтинговый 2,407946 0,000524
река 0,446287 0,000340
рекомендация 0,776529 0,000127
рекомендоваться 2,995732 0,000163
реконструировать 1,237874 0,000067
реконструкция 0,820981 0,000223
рекорд 1,427116 0,000543
рекреационный 1,469676 0,000080
релакс 3,912023 0,000213
религиозный 0,891598 0,000097
религия 0,755023 0,000082
рельеф 0,798508 0,000174
рельефообразования 3,506558 0,000191
рельс 2,995732 0,000489
ремонт 1,139434 0,000248
ренова 3,912023 0,000213
реорганизация 2,207275 0,000240
репортер 2,040221 0,000111
респондент 3,218876 0,000175
республика 0,527633 0,000316
республиканский 1,714798 0,000093
ресторан 1,469676 0,000160
реструктуризации 3,218876 0,000175
ресурс 0,020203 0,000003
реформа 1,108663 0,000241
рец 3,506558 0,000191
речмедилова 3,912023 0,000213
речной 0,693147 0,000452
речь 1,514128 0,000165
решать 1,469676 0,000160
решение 0,328504 0,000107
решетнева 3,912023 0,000851
решить 0,941609 0,000102
реэвакуция 3,912023 0,000213
риа 1,049822 0,000114
рив 3,506558 0,000191
римского-корсакова 3,506558 0,000191
ринат 3,218876 0,000350
ритм 2,659260 0,000145
рлс 3,506558 0,000382
робеспьера 3,506558 0,000191
ров 1,966113 0,000107
ровный 1,771957 0,000193
рогнеды 3,912023 0,000213
род 0,843970 0,000092
родина 1,108663 0,000060
родиться 1,237874 0,000202
родственник 2,659260 0,000145
родственный 0,579818 0,000032
роевой 3,506558 0,000572
роеву 3,912023 0,000213
рождаться 3,218876 0,000175
рождение 1,078810 0,000059
рождество 1,660731 0,000271
роза 0,916291 0,000100
розлив 2,995732 0,000163
розничный 1,171183 0,000127
розыгрыш 3,506558 0,000191
рой 3,218876 0,000525
рок-музыканту 3,506558 0,000191
роль 0,494296 0,000027
романова 2,659260 0,000289
романтик 3,218876 0,000175
роса 2,207275 0,000120
росздравнадзора 3,912023 0,000213
россиигорода-миллионеры 2,813411 0,000153
россиинаселенные 2,302585 0,000125
российский 0,105361 0,000487
российско-американской 3,912023 0,000213
российско-украинской 1,108663 0,000060
россия 0,174353 0,000911
росспэн 0,994252 0,000054
росстат 0,776529 0,000042
рост 0,597837 0,000098
ростелеком 1,386294 0,000302
ростелеком-сибирь 3,912023 0,000213
ростехинвентаризация 3,506558 0,000191
ростов-на-дону 1,237874 0,000067
ротонда 2,407946 0,000131
роща 1,469676 0,000080
рпц 2,302585 0,000125
рск 3,912023 0,000213
рсфср 0,733969 0,000359
ртрс 1,514128 0,000165
рубеж 1,021651 0,000222
рубль 0,755023 0,000246
рубцовск 1,347074 0,000073
руд 2,040221 0,000111
рука 1,139434 0,000434
руководитель 1,203973 0,000065
руководство 0,544727 0,000059
рукоделие 3,912023 0,000213
рус 0,162519 0,000495
русалка 3,506558 0,000191
русгидро 2,813411 0,000306
русии 3,506558 0,000763
русло 1,386294 0,000075
русский -0,009950 -0,000012
русско-английский 3,912023 0,000213
русь 1,139434 0,000062
ручей 1,771957 0,000675
рыбинск 1,203973 0,000065
рыбинский 1,966113 0,000214
рыбохозяйственный 2,995732 0,000163
рыжкова 3,912023 0,000213
рынок 0,713350 0,000116
рысь 2,813411 0,000153
рябина 2,813411 0,000153
ряд 0,223144 0,000121
рядовой 2,813411 0,000306
рязань 1,049822 0,000057
ряузова 3,912023 0,000213
сад 0,843970 0,000230
садовый 1,966113 0,000107
сажа 3,506558 0,000191
сайт 0,210721 0,000321
сайтиева 3,912023 0,000213
сакс 3,912023 0,000213
салехард 1,347074 0,000073
салон 2,120264 0,000231
сам 0,162519 0,000080
самара 0,891598 0,000097
самарканд 2,813411 0,000153
самолет 1,237874 0,000539
самостоятельный 0,820981 0,000089
самоуправление 0,891598 0,000146
самый 0,174353 0,000294
сан 2,813411 0,000153
сан-франциско 2,995732 0,000163
сангаджиева 3,912023 0,000213
санкт-петербург 0,616186 0,000134
санкт-петербургский 1,469676 0,000240
саратов 0,967584 0,000053
саркиса 3,912023 0,000638
сармат 2,659260 0,000145
саха 2,813411 0,000153
саян 2,407946 0,000655
саяно-шушенской 3,506558 0,000191
саяногорск 3,506558 0,000191
саянский 3,506558 0,001335
сбербанк 1,714798 0,000373
сберегательный 3,506558 0,000572
сберкасса 3,912023 0,000213
сбермобайл 3,218876 0,000175
сближение 2,813411 0,000153
сбоку 3,912023 0,000213
сбор 1,347074 0,000220
сборка 2,407946 0,000131
сборная 1,897120 0,000103
сборник 0,597837 0,000130
сварочный 3,506558 0,000191
сведение 0,579818 0,000032
свердловская 2,659260 0,000145
свердловский 2,995732 0,000489
свердловского 2,995732 0,000163
сверхтонкий 3,912023 0,000213
сверху 1,347074 0,000073
свершение 3,912023 0,000213
свет 0,941609 0,000205
световой 2,040221 0,000111
светофор 2,525729 0,000137
светочувствительный 3,506558 0,000191
свидетельствовать 1,386294 0,000075
свобода 1,108663 0,000060
свободный -0,009950 -0,000002
свое 0,287682 0,000172
свой 0,150823 0,000049
свойство 0,415515 0,000023
связать 0,174353 0,000047
связаться -0,009950 -0,000001
связной 2,813411 0,000153
связь 0,174353 0,000104
свято-покровский 3,506558 0,000191
свято-троицкого 3,506558 0,000191
свято-успенский 3,506558 0,000191
свято-успенского 3,912023 0,000213
святой 0,755023 0,000164
священник 2,813411 0,000153
священный 1,897120 0,000103
сгореть 1,660731 0,000090
сдать 1,427116 0,000155
сделать 0,616186 0,000168
себя 0,198451 0,000032
север 0,527633 0,000144
северные 1,171183 0,000191
северный 0,385662 0,000126
северо-енисейский 3,912023 0,000426
северо-запад 1,469676 0,000080
северо-западный 1,078810 0,000176
северодвинск 1,171183 0,000064
севмаш 3,912023 0,000213
севмаше 3,912023 0,000213
сегодня 0,616186 0,000201
сегодняшний 1,560648 0,000085
сезон 0,916291 0,000199
сезонный 1,714798 0,000093
сей 0,693147 0,000038
секретная 2,659260 0,000145
сектор 1,049822 0,000114
секция 2,407946 0,000131
селение 1,832581 0,000199
село 0,891598 0,000049
сельский 0,634878 0,000414
сельскохозяйственный 0,941609 0,000051
семейный 2,120264 0,000115
семейство 1,660731 0,000090
семенова 2,659260 0,000145
семизначный 2,659260 0,000289
семинарий 1,386294 0,000151
семь 0,820981 0,000045
семья 0,843970 0,000046
сенсация 3,912023 0,000213
сент 0,843970 0,000046
сентябрь 0,072571 0,000237
сервис 1,108663 0,000241
сергеевича 3,218876 0,000525
сергеем 2,407946 0,000131
сергей 0,967584 0,000316
сергея 1,469676 0,000080
серго 3,218876 0,000175
сердечно-сосудистой 2,995732 0,000489
сердце 1,714798 0,000187
серебристый 2,995732 0,000163
серебро 2,040221 0,000111
серебряный 0,891598 0,000243
середина 0,356675 0,000097
сержант 2,995732 0,000326
сериал 2,207275 0,000480
серия 0,713350 0,000194
серова 2,659260 0,000145
серп 3,506558 0,000382
сертакова 3,912023 0,000213
сертификат 2,995732 0,000163
серьезно 1,897120 0,000103
сетка 2,407946 0,000131
сеть 0,356675 0,000291
сжигать 3,218876 0,000175
сзади 3,912023 0,000213
сибагропромстрой 3,912023 0,000213
сибгау 3,912023 0,000213
сибгту 3,912023 0,000213
сибгу 3,912023 0,000213
сибири 1,347074 0,004470
сибирский 1,049822 0,005483
сибирь 1,469676 0,001439
сибирь-европа 3,912023 0,000213
сибирьфильм 3,912023 0,000213
сибмост 3,218876 0,000175
сибсталь 3,912023 0,000213
сибтяжмаш 3,912023 0,000638
сибцветметавтоматика 3,912023 0,000213
сибцветниипроект 3,912023 0,000213
сибчелендж 3,912023 0,000213
сибэлектросталь 3,912023 0,000426
сибэнергоцветмет 3,912023 0,000213
сивинит 3,912023 0,000213
сизова 3,912023 0,000213
сила 0,494296 0,000054
силис 3,912023 0,000213
сильный 0,544727 0,000059
симбирский 2,659260 0,000145
символ 0,733969 0,000240
символика 1,237874 0,000135
симон 3,506558 0,000191
симфонический 1,560648 0,000255
синагога 1,347074 0,000073
синема 1,771957 0,000096
синод 2,207275 0,000120
синтетический 2,302585 0,000251
сирень 3,218876 0,000175
система 0,051293 0,000020
системеобсуждениевкладсоздать -0,009950 -0,000001
сити 2,120264 0,000115
ситуация 0,693147 0,000038
скала 2,407946 0,000131
скалолазание 3,506558 0,000191
скандальный 3,506558 0,000191
скачать -0,009950 -0,000001
сквер 0,941609 0,000461
ский 3,912023 0,000213
склон 1,347074 0,000073
сколь 3,912023 0,000213
сколько 0,653926 0,000178
скончаться 2,813411 0,000153
скора 1,832581 0,000100
скоро 1,560648 0,000085
скорость 0,755023 0,000041
скорый 2,525729 0,000137
скрипичный 3,506558 0,000191
скульптор 1,237874 0,002828
скульптура 0,916291 0,000249
скульптурный 1,966113 0,000535
славина 3,912023 0,000213
слева 1,108663 0,000060
слегка 2,813411 0,000153
следовать 0,235722 0,000013
следует 0,755023 0,000041
слиток 3,506558 0,000382
слишком 2,525729 0,000137
слияние 1,609438 0,000263
слобода 1,347074 0,000147
слободян 3,912023 0,000213
словакия 2,659260 0,000145
словарь 0,094311 0,000021
словацкий 3,912023 0,000213
словении 2,995732 0,000163
словения 2,525729 0,000137
слово 0,210721 0,000046
словцова 3,506558 0,000191
сложиться 0,994252 0,000162
сложность 1,049822 0,000057
слон 2,207275 0,000120
служба 0,527633 0,000316
служебный 1,771957 0,000096
служивый 3,218876 0,000175
служилый 2,302585 0,001253
служить 0,820981 0,000089
случай -0,009950 -0,000001
слыть 3,912023 0,000213
смежный 2,207275 0,000120
смещение 0,733969 0,000040
сми 0,867501 0,000094
смоленска 2,995732 0,000163
смотра-конкурса 3,506558 0,000191
смочь 1,203973 0,000065
смягчаться 3,506558 0,000191
снаряжение 2,813411 0,000153
снг 1,714798 0,000280
снег 1,386294 0,000151
снежный 1,078810 0,000176
снести 1,347074 0,000073
снижение 1,171183 0,000191
снизить 1,560648 0,000085
снова 1,386294 0,000226
снос 1,897120 0,000103
сноска 0,733969 0,000080
сноукайтинг 3,912023 0,000213
снять 1,237874 0,000269
собачка 3,218876 0,000175
собираться 1,966113 0,000107
собор 0,733969 0,000719
соборный 1,049822 0,000228
собрание 0,634878 0,000138
собрать 1,386294 0,000075
собраться 2,659260 0,000145
собственный 0,446287 0,000121
событие 0,733969 0,000040
событияпожертвовать -0,009950 -0,000001
сова 2,407946 0,000262
совершенство 2,813411 0,000153
совершить 0,994252 0,000054
совесть 3,506558 0,000191
совет 0,462035 0,000201
советский 0,261365 0,000284
совещание 2,302585 0,000251
совинтел 3,506558 0,000191
совместить 2,040221 0,000111
совместно 1,427116 0,000078
совместный 1,514128 0,000165
совнарком 3,912023 0,000213
современный 0,150823 0,000049
согласие 1,897120 0,000206
согласно 0,301105 0,000082
согласование 2,207275 0,000120
согласоваться 3,506558 0,000191
соглашаться 3,218876 0,000175
соглашение 0,994252 0,000270
содержание 0,010050 0,000001
содержать 0,634878 0,000035
соединять 1,108663 0,000060
создавать 0,798508 0,000174
создание 0,301105 0,000016
создательница 3,912023 0,000213
создать 0,210721 0,000310
сокол 1,469676 0,000240
солдат 1,469676 0,000080
солнечный 0,597837 0,000260
солонец 3,218876 0,000175
сомова 3,506558 0,000191
соображение 2,302585 0,000125
сообщение 0,478036 0,000156
сообщить -0,009950 -0,000001
сооружение 0,733969 0,000280
соответственно 1,021651 0,000056
соответствие 0,371064 0,000040
соответствовать 0,371064 0,000081
соперничать 2,995732 0,000163
сопка 2,659260 0,001157
соревнование 1,108663 0,000060
соседний 1,203973 0,000065
сослать 2,659260 0,000145
сосна 1,897120 0,000413
сосноборск 3,912023 0,000213
сосновоборск 3,218876 0,000525
сосновоборска 3,912023 0,000213
сосновоборске 3,912023 0,000426
сосновый 1,897120 0,000103
сост 0,597837 0,000098
состав 0,248461 0,000108
составить 0,400478 0,000153
составление 2,207275 0,000120
составлять 0,198451 0,000151
состояние 0,248461 0,000027
состоять 0,385662 0,000021
состояться 0,713350 0,000272
сотворение 2,995732 0,000163
сотнему 3,912023 0,000213
сотовый 1,309333 0,000071
сотрудничать 2,302585 0,000251
сотрудничество 1,078810 0,000411
соусница 3,912023 0,000213
софийская 3,912023 0,000213
софийский 3,506558 0,000191
софья 3,912023 0,000213
сохранение -0,009950 -0,000001
сохранить 1,171183 0,000064
сохраниться 0,820981 0,000134
сохраняться 1,108663 0,000060
социалистический 1,272966 0,000139
социальный 0,527633 0,000172
социокультурный 2,995732 0,000489
союз 0,579818 0,000252
спар 3,912023 0,000213
спартакиада 2,659260 0,000289
спб 0,385662 0,000063
спектакль 2,040221 0,000111
спектрум-холдинг 3,912023 0,000213
спелеология 3,912023 0,000213
спереди 3,912023 0,000213
специализировать 0,994252 0,000108
специалист 0,755023 0,000082
специальный 0,415515 0,000113
спецтехномаш 3,912023 0,000213
спид 2,813411 0,000153
спидвей 3,218876 0,000175
список 0,210721 0,000115
сполна 3,912023 0,000213
спорт 0,713350 0,000970
спортивный 0,891598 0,000582
спортмастер 2,302585 0,000125
спортэкс 3,912023 0,000213
способствовать 0,867501 0,000094
справочник 0,798508 0,000043
справочно-информационный 3,506558 0,000191
справочный 1,514128 0,000082
спустить 2,995732 0,000163
спутниковый 2,120264 0,000461
сразу 0,994252 0,000216
среда 0,385662 0,000042
среди 0,198451 0,000086
среднегодовой 0,776529 0,000127
среднее 0,342490 0,000019
среднесибирский 2,995732 0,000326
средний 0,371064 0,000121
средство 0,287682 0,000094
срок 0,798508 0,000043
сср 0,820981 0,000089
ссср 0,314711 0,000171
ссх 3,912023 0,000213
ссылка -0,009950 -0,000018
ссылкамистраницы 2,525729 0,000137
ссылкасведения -0,009950 -0,000001
стабильный 0,820981 0,000089
ставленье 3,912023 0,000426
стадион 0,891598 0,000922
стажер 3,912023 0,000213
сталина 2,040221 0,000111
сталинский 1,514128 0,000082
сталь 0,415515 0,000136
стальной 2,525729 0,000137
стандарт 0,867501 0,000094
становиться 0,415515 0,000113
становление 1,237874 0,000067
станция 0,579818 0,000379
старинный 1,309333 0,000071
старинова 3,912023 0,000213
старое 0,941609 0,000102
старокачинский 3,912023 0,000213
стартовать 1,714798 0,000280
старый 0,314711 0,000154
статистик -0,009950 -0,000005
статистический 0,713350 0,000815
статус 0,430783 0,000187
статуэтка 3,912023 0,000213
стать 0,083382 0,000113
статьестатьи 0,843970 0,000092
статьислучайная -0,009950 -0,000001
статьисообществофорумсправкасвежие -0,009950 -0,000001
статья 0,020203 0,000040
статьяобсуждение -0,009950 -0,000001
статьятекущие -0,009950 -0,000001
стационар 2,995732 0,000163
стационарный 1,108663 0,000060
стекольный 3,218876 0,000175
стела 1,386294 0,000226
стена 2,302585 0,000125
степан 2,407946 0,000131
степанове 3,912023 0,000213
степень 0,673345 0,000110
стечь 2,813411 0,000153
стимэкс 3,912023 0,000213
стоимость 1,021651 0,000056
стоить 0,891598 0,000146
столб 2,120264 0,000807
столица 0,755023 0,000411
столичнее 3,912023 0,000213
столовая 2,525729 0,000137
столь 1,714798 0,000093
стометровый 3,912023 0,000213
сторожевой 2,040221 0,000111
сторона 0,235722 0,000141
стоянка 1,897120 0,000103
стоять 1,386294 0,000151
страдивари 3,912023 0,000213
страленберг 3,912023 0,000213
страна 0,235722 0,000308
страница -0,009950 -0,000004
страницасодержаниеизбранные -0,009950 -0,000001
страницецитировать -0,009950 -0,000001
страницуполучить -0,009950 -0,000001
страницыслужебные -0,009950 -0,000001
странный 3,218876 0,000175
страсбурга 3,912023 0,000213
стратегический 1,469676 0,000160
страховой 2,407946 0,000131
стрелка 1,560648 0,000425
стрелковый 1,966113 0,000107
стрелять 3,506558 0,000191
стремиться 2,120264 0,000115
строение 0,891598 0,000097
строитель 1,272966 0,000139
строительный 0,891598 0,000243
строительство 0,462035 0,000704
строить 1,309333 0,000071
строиться 0,693147 0,000113
структура 0,400478 0,000044
структурный 1,427116 0,000078
стс-прима 3,912023 0,003405
студгородок 3,506558 0,000191
студент 1,237874 0,000202
студенческий 1,609438 0,000088
студенчество 3,218876 0,000175
студия 1,560648 0,000085
ступино 1,347074 0,000073
стык 1,832581 0,000199
су-сент-мари 3,912023 0,000213
субаридных 3,506558 0,000191
субито 3,912023 0,000213
субмарина 3,912023 0,000213
субъект 0,597837 0,000228
сувенир 2,813411 0,000306
суворовский 2,525729 0,000137
суд 0,693147 0,000151
судоверфь 2,995732 0,000326
судоремонтный 2,995732 0,000163
судостроительный 1,966113 0,000321
судоходство 1,660731 0,000271
судьба 1,427116 0,000155
сукачева 3,506558 0,000763
сунцова 3,912023 0,000213
супергород 3,506558 0,000191
супермаркет 2,207275 0,000240
сурб 2,813411 0,000153
сурик 2,813411 0,000153
сурикат 3,912023 0,000213
сурикова 3,218876 0,001576
сурикову 3,912023 0,000851
суриковый 3,912023 0,000213
сутки 1,427116 0,000233
суточные 2,407946 0,000131
суточный 0,755023 0,000082
сухобузимский 3,912023 0,000426
существование 0,693147 0,000038
существовать 0,020203 0,000011
суэк-красноярск 3,912023 0,000213
сфера 0,562119 0,000092
сфо 3,506558 0,000191
сфу 3,912023 0,000638
сходиться 2,525729 0,000137
сцена 1,514128 0,000329
сцс 3,912023 0,000213
счастливо 3,912023 0,000213
счастье 2,120264 0,000115
счет 0,562119 0,000031
считать 0,597837 0,000130
считаться 0,385662 0,000084
сша 0,562119 0,000061
съезд 1,560648 0,000085
съестной 3,912023 0,000213
съехаться 3,912023 0,000213
сыграть 1,714798 0,000093
сызрань 1,237874 0,000067
сын 1,660731 0,000181
сытина 1,560648 0,000085
сюда 1,108663 0,000121
сюдасвязанные -0,009950 -0,000001
табак 2,659260 0,000145
табл 0,867501 0,000047
таблица 0,544727 0,000119
табличный 1,237874 0,000067
тагарцы 3,912023 0,000213
тагил 1,272966 0,000069
таджик 1,272966 0,000069
таджикистан 2,302585 0,000125
таймыр 2,813411 0,000153
таймырский 3,506558 0,000382
тайшет 3,506558 0,000191
такмака 3,912023 0,000213
таковой 1,514128 0,000082
такое 0,328504 0,000018
такой 0,162519 0,000027
такси 1,021651 0,000111
таможенно-логистический 3,912023 0,000213
таможенно-логистического 3,912023 0,000426
танец 1,832581 0,001196
танцевальный 2,525729 0,000412
тарелка 3,912023 0,000213
тасеевский 3,912023 0,000426
тасс 1,171183 0,000191
тасс-телеком 3,912023 0,000213
татарин 0,733969 0,000120
татарский 1,203973 0,000065
татышев 3,912023 0,000426
татышева 3,912023 0,000426
татьяна 1,609438 0,000350
твк 2,040221 0,000444
твори-гора 3,912023 0,000213
творогово 3,506558 0,000191
творческий 1,309333 0,000214
тгк 2,302585 0,000376
театр 0,713350 0,001164
театральный 1,049822 0,000457
тезис 2,659260 0,000145
текст -0,009950 -0,000002
телебашня 1,897120 0,000413
телевидение 0,820981 0,000134
телевизионный 1,078810 0,000411
телевизионщик 3,912023 0,000213
телевизор 3,218876 0,000700
телеграфный 2,525729 0,000275
телек 2,302585 0,000125
телеканал 0,916291 0,000050
телекомпания 1,832581 0,000100
телепередача 2,302585 0,000125
телефон 1,347074 0,000147
телефон-автомат 3,506558 0,000191
телефонный 0,776529 0,000296
телецентр 1,897120 0,000206
тема 0,693147 0,000038
тематический 0,510826 0,000028
темнокаштановые 3,912023 0,000213
темп 1,347074 0,000147
температура 0,510826 0,000167
тенденция 1,237874 0,000135
тепло 1,386294 0,000075
тепловой 1,660731 0,000090
теплоизоляционный 3,912023 0,000213
теплоухова 3,912023 0,000213
теплоход 1,514128 0,000082
теплоэлектроцентраль 3,506558 0,000191
теплый 1,171183 0,000064
терабайт 3,506558 0,000191
терапия 3,506558 0,000191
термин 0,198451 0,000011
терминал 1,347074 0,000293
терминалыжелезнодорожные 2,407946 0,000131
терра 2,659260 0,001881
террариум 3,912023 0,000213
территориальный 0,713350 0,000233
территория 0,356675 0,000427
техник 0,713350 0,000078
техникум 1,272966 0,001108
технический 0,462035 0,000126
технологический 1,272966 0,000346
технология 0,400478 0,000174
течение 0,314711 0,000051
течь 0,274437 0,000060
тил 3,912023 0,000213
тимофеевича 3,506558 0,000191
тип 0,072571 0,000039
тихий 1,347074 0,000073
ткачук 3,912023 0,001703
тоболеск 3,506558 0,000191
тобольска 2,659260 0,000434
тобольский 2,525729 0,000275
тобольску 3,912023 0,000426
товар 0,916291 0,000100
товарищ 2,659260 0,000145
товарищество 1,966113 0,000107
товарный -0,009950 -0,000001
тово 3,912023 0,000638
тогдашний 2,407946 0,000131
той 0,994252 0,000108
ток 2,813411 0,000153
токио 2,302585 0,000125
толмачев 3,506558 0,000191
толокно 3,912023 0,000426
толща 2,525729 0,000137
том 1,560648 0,000170
томаса 3,218876 0,000175
томограмма 3,912023 0,000213
томография 3,912023 0,000426
томск 1,108663 0,000181
томская 2,407946 0,000131
томского 2,207275 0,000120
тон 2,813411 0,000153
тонна 1,108663 0,000241
топ 1,347074 0,000073
топливно-энергетический 3,506558 0,000191
топографический 1,897120 0,000103
тополь 2,120264 0,000346
топонимический 0,776529 0,000042
торгашино 3,912023 0,000213
торгашинский 3,912023 0,000213
торгашинском 3,912023 0,000213
торговец 3,218876 0,000175
торговля 0,579818 0,000126
торгово-развлекательный 2,407946 0,000131
торгово-развлекательными 3,912023 0,000213
торгово-экономический 2,995732 0,000163
торгово-экономической 3,506558 0,000191
торговый 0,597837 0,000195
торжественно 1,660731 0,000271
торжественный 1,309333 0,000071
торопиться 3,912023 0,000213
точечный 2,525729 0,000137
точка 0,478036 0,000182
точный 1,347074 0,000073
тракт 1,832581 0,000299
трактор 2,302585 0,000125
трамвай 0,891598 0,000340
трамвайно-троллейбусное 2,995732 0,000326
трамвайный 1,139434 0,000124
трамплин 2,407946 0,000393
транзит 2,525729 0,000137
транзитный 1,237874 0,000067
транспорт 0,616186 0,001374
транспортно-логистический 3,506558 0,000191
транспортный 0,616186 0,000637
транссиб 2,040221 0,000222
транссибирский 1,714798 0,000466
трасс 0,941609 0,000359
требовать 0,562119 0,000061
требоваться 1,386294 0,000075
тренд 2,813411 0,000306
тренер 2,525729 0,000137
третий 0,616186 0,000067
треть 1,237874 0,000067
третьяков 3,506558 0,000382
трехлетний 2,813411 0,000153
три 0,248461 0,000054
триал-спорт 2,995732 0,000163
тридцать 2,207275 0,000360
трижды 2,120264 0,000231
триста 2,995732 0,000163
триумфальный 2,040221 0,000111
трк 1,771957 0,000482
троить 3,912023 0,000213
троицкий 1,560648 0,000170
троицкого 2,659260 0,000289
троицкое 2,813411 0,000459
троллейбус 0,867501 0,000661
троллейбусный 0,967584 0,000105
трошев 3,912023 0,000213
труд 0,597837 0,000098
трудовой 0,967584 0,000316
труппа 2,207275 0,000240
трусливый 3,912023 0,000213
трц 1,660731 0,000090
ттк 2,525729 0,000275
туве 3,506558 0,000191
тувы 2,995732 0,000489
туда 2,525729 0,000137
тур 1,609438 0,000263
туристско-экскурсионном 3,912023 0,000213
турнир 1,771957 0,000964
туруханский 3,506558 0,000382
тыва 2,995732 0,000326
тыл 1,771957 0,000193
тыс 0,430783 0,000211
тысяча 0,371064 0,000384
тэц 1,272966 0,000970
тюлька 3,218876 0,000175
тюлькиной 3,912023 0,000213
тюлькинскою 3,912023 0,000213
тюмень 1,171183 0,000064
тюремный 2,525729 0,000550
тюрк 2,525729 0,000137
тюрьма 2,407946 0,000131
тюхтетский 3,912023 0,000426
тяга 2,813411 0,000306
тяжелый 1,108663 0,000060
убегать 3,506558 0,000191
уборка 2,407946 0,000131
убыточный 3,218876 0,000175
уважать 3,912023 0,000213
увезти 3,506558 0,000191
увековечить 2,659260 0,000145
увеличение 0,733969 0,000040
увеличивать 2,407946 0,000131
увеличить 1,309333 0,000071
увеличиться 0,843970 0,000184
увидеть 1,560648 0,000085
увлажнение 2,120264 0,000115
увы 3,912023 0,000213
угодцкой 3,912023 0,000213
угоже 3,912023 0,000213
угол 1,108663 0,000060
уголок 2,659260 0,000145
уголь 1,714798 0,000093
угольная 2,525729 0,000137
удаление 1,966113 0,000107
удалить 0,579818 0,000063
удачный 2,207275 0,000240
удвоить 3,506558 0,000191
удержаться 3,912023 0,000213
удивить 3,912023 0,000213
удобный 1,427116 0,000311
удостаиваться 3,912023 0,000213
удостоить 1,514128 0,000165
уезд 1,272966 0,000277
уездный 1,469676 0,000400
ужур 3,912023 0,000426
ужурский 3,912023 0,000426
узбек 1,347074 0,000073
узбекистан 2,302585 0,000125
узел 0,527633 0,000144
указ 0,733969 0,000160
указание -0,009950 -0,000001
указать 0,083382 0,000045
укомплектовать 3,506558 0,000382
украина 0,527633 0,000057
украинец 0,867501 0,000094
украсить 2,120264 0,000115
украшение 2,659260 0,000289
укрепить 1,427116 0,000078
укрупнение 3,506558 0,000191
улан-батор 2,407946 0,000131
улан-удэ 1,237874 0,000067
улица 0,776529 0,001352
уличный 1,714798 0,000187
ульяновск 1,078810 0,000059
уменьшиться 1,832581 0,000100
умерить 1,049822 0,000114
умывальник 3,912023 0,000213
универсальный 0,544727 0,000178
универсам 3,912023 0,000426
универсиада 2,813411 0,001224
университет 0,328504 0,000715
уникальный 0,776529 0,000169
уничтожать 2,407946 0,000131
уничтожить 1,203973 0,000065
унтершлайсхайм 3,912023 0,000213
упереться 3,912023 0,000213
уплотнение 3,218876 0,000175
упоминание 0,967584 0,000053
упоминаться 1,203973 0,000131
употреблять 2,813411 0,000153
употребляться 1,832581 0,000100
управа 1,714798 0,000093
управление 0,248461 0,000149
управляемый 2,302585 0,000125
управлять 0,967584 0,000105
упразднить 1,237874 0,000067
урал 1,560648 0,000170
урала 1,609438 0,000175
уралом 1,609438 0,001226
урбанизация 2,813411 0,000153
урбанист 2,995732 0,000163
урбанистика 3,506558 0,000191
урбоэкосистемах 3,912023 0,000213
урнука 3,912023 0,000213
уровень 0,150823 0,000074
урочище 2,525729 0,000275
ус 2,995732 0,000163
усилить 2,207275 0,000240
ускорить 2,040221 0,000111
условие -0,009950 -0,000003
услуга 0,755023 0,000246
успение 2,207275 0,000120
усс 3,912023 0,000426
уссурийский 2,813411 0,000153
установить 0,328504 0,000143
устар 2,525729 0,000137
устареть 0,941609 0,000051
усть-кут 3,218876 0,000175
усть-маны 3,912023 0,000213
устье 0,634878 0,000035
усугублять 2,995732 0,000163
утвердить 0,755023 0,000123
утверждение 0,400478 0,000044
утес 2,407946 0,000131
уточнение 1,469676 0,000080
утратить 1,272966 0,000139
утро 1,771957 0,000096
уфа 0,967584 0,000105
уха 3,506558 0,000382
уход 2,659260 0,000145
участие -0,009950 -0,000002
участник 0,510826 0,000056
участок 0,616186 0,000034
учать 3,912023 0,000213
учебно-тренировочные 3,506558 0,000191
ученик 2,120264 0,000115
ученый 0,653926 0,000036
ученый-естествоиспытатель 3,912023 0,000213
учет 0,597837 0,000130
учетный -0,009950 -0,000001
училище 0,967584 0,000316
учинить 3,506558 0,000382
учитель 1,427116 0,000233
учительница 2,813411 0,000153
учительская 3,218876 0,000175
учреждение 0,653926 0,000285
ущелье 3,506558 0,000191
уяр 3,912023 0,000426
уярский 3,912023 0,000426
фабрика 1,021651 0,000611
файл 1,347074 0,000147
факт 0,634878 0,000104
фактоввикипедия 3,506558 0,000191
фактор 0,994252 0,000054
фан-парк 3,912023 0,000213
фанпарк 3,506558 0,000191
фарерский 3,218876 0,000175
фармацевтика 3,912023 0,000213
фармацевтический 2,659260 0,000145
фаткуллин 3,912023 0,000213
фауна 1,108663 0,000121
фаянсовый 3,912023 0,000213
фгбу 2,659260 0,000145
фгуп 1,771957 0,000193
февр 0,820981 0,000045
февраль 0,051293 0,000176
февронии 2,525729 0,000275
федералпресс 3,506558 0,000191
федеральный 0,462035 0,001558
федерация 0,510826 0,000973
федоров 2,302585 0,000125
федорова 2,207275 0,000720
федорович 1,771957 0,000289
федоровича 2,813411 0,000459
федоровичу 3,506558 0,000191
феликсу 3,506558 0,000191
фельдшерский 3,506558 0,000191
фемида 3,912023 0,000213
фестиваль 1,021651 0,000778
фестивальный 2,659260 0,000145
фехтование 2,659260 0,000145
фигурный 2,207275 0,000120
физик 1,309333 0,000285
физико-географический 0,693147 0,000075
физический 0,798508 0,000087
фиксировать 1,427116 0,000078
филармонический 3,218876 0,000350
филармония 1,049822 0,000343
филиал 0,755023 0,000698
филипп 3,218876 0,000175
филиппов 2,525729 0,000137
философский 2,040221 0,000111
фильм 1,049822 0,000514
финансирование 1,714798 0,000093
финансово-экономический 2,659260 0,000145
финансовый 0,733969 0,000040
финансы 0,733969 0,000080
финляндии 2,207275 0,000240
финляндия 1,832581 0,000199
фирма 1,386294 0,000151
фирменный 2,040221 0,000111
фирюлина 3,912023 0,000213
фиц 3,912023 0,000213
фку 3,506558 0,000191
флаг 0,597837 0,000228
флагманский 3,912023 0,000426
флор 1,021651 0,000167
флот 1,347074 0,000147
фмба 2,995732 0,000489
фон 1,203973 0,000196
фонарь 2,813411 0,000153
фонд -0,009950 -0,000005
фонтан 1,309333 0,000285
фонтаны-шары 3,912023 0,000213
форбс 2,813411 0,000153
форма 0,287682 0,000031
формальдегид 2,302585 0,000125
формат 0,843970 0,000046
формирование 0,597837 0,000033
форум 1,203973 0,000655
фото 1,203973 0,000589
фотограф 2,407946 0,000131
фотография 1,108663 0,000181
фототипия 3,912023 0,000213
фототипогравюрами 2,813411 0,000153
французский 1,309333 0,000071
фритьоф 3,218876 0,000175
фронт 1,078810 0,000059
фронтовик 3,912023 0,000213
фск 3,912023 0,000213
функция 0,693147 0,000038
футбол 1,139434 0,000062
футбол-арена 3,912023 0,000213
футбольный 0,941609 0,000051
фхмр 3,912023 0,000213
хаб 3,218876 0,000175
хаба 3,506558 0,000191
хакасии 3,218876 0,000700
хакасия 2,659260 0,000145
хакасско-минусинского 3,912023 0,000213
ханты-мансийск 1,347074 0,000073
характер 0,653926 0,000036
характеристика 0,415515 0,000068
характерно 1,609438 0,000088
характерный 0,693147 0,000038
харбин 2,813411 0,000153
харбинский 3,912023 0,000426
хватать 0,820981 0,000089
хвойные 2,120264 0,000115
хворостовского 3,912023 0,001064
хворостовскому 3,912023 0,000426
хилков 3,912023 0,000426
химбытприбор 3,912023 0,000213
химволокно 3,912023 0,000213
химико-металлургический 3,912023 0,000426
химический 0,867501 0,000425
химия 1,514128 0,000082
химчистка 3,506558 0,000191
хирургия 2,407946 0,000393
хладокомбинат 2,995732 0,000163
хлеб 1,832581 0,000199
хлебное 3,506558 0,000954
хмз 3,912023 0,000213
хованского 3,506558 0,000191
хованской 3,912023 0,000213
ход 0,510826 0,000028
ходить 1,514128 0,000247
хозяйка 3,506558 0,000191
хозяйство 0,579818 0,000252
хоккей 1,171183 0,000510
холдинг 2,040221 0,000222
холм 1,386294 0,000075
холмистый 2,813411 0,000306
холодильник 2,995732 0,000652
холодильный 3,912023 0,000213
холопство 3,912023 0,000213
хорватия 2,525729 0,000137
хореографический 2,659260 0,000145
хороший 1,660731 0,000090
хотеть 1,832581 0,000598
хотя 0,653926 0,000036
храм 0,733969 0,000439
хранение 1,309333 0,000285
храниться 1,560648 0,000085
хребет 1,560648 0,000340
хрипун 3,912023 0,000213
христиан-баптистов 1,771957 0,000193
христов 1,832581 0,000199
хромой 3,912023 0,000213
хуана 3,912023 0,000213
художественный 0,653926 0,000356
художество 2,659260 0,000434
художник 0,967584 0,000474
хызыл 3,912023 0,000213
хэйхэ 3,218876 0,000175
царев 2,407946 0,000262
царский 1,386294 0,000151
царь 1,078810 0,000352
цбк 3,506558 0,000382
цвести 2,659260 0,000145
цвет 0,941609 0,000102
цветной 1,560648 0,000679
целлюлозно-бумажного 3,912023 0,000213
целое 0,634878 0,000069
целый 1,108663 0,000121
цель 0,371064 0,000040
цемент 2,813411 0,000153
цементный 2,813411 0,000306
цена 1,237874 0,000067
центр 0,287682 0,001487
центр-красноярск 3,912023 0,000213
централизовать 1,427116 0,000078
центральный 0,400478 0,000806
ценюга 3,912023 0,000638
церемония 1,832581 0,000100
церковь 0,673345 0,000549
цирк 1,078810 0,000117
цифра 1,272966 0,000069
цифровой 0,562119 0,000092
цицикар 3,506558 0,000191
цкб 3,506558 0,000191
цоя 3,506558 0,000191
цум 3,218876 0,000175
чайковский 2,995732 0,000163
чанчунь 3,912023 0,000213
чара 3,912023 0,000213
час 0,867501 0,000283
часовня 1,469676 0,000560
часовой 0,713350 0,000155
частица 2,407946 0,000262
частично 0,653926 0,000071
частный 0,634878 0,000380
частота 1,309333 0,000071
частый 1,309333 0,000071
часть 0,061875 0,000091
чашка 3,912023 0,000213
чаща 1,108663 0,000060
чебоксарами 3,218876 0,000175
чебоксары 1,171183 0,000064
чей 1,386294 0,000075
чело 0,713350 0,000116
человек 0,186330 0,000304
челябинск 0,994252 0,000108
челябинской 3,218876 0,000175
чемпион 1,203973 0,000196
чемпионат 0,994252 0,000325
червонец 3,912023 0,000213
черемуха 2,995732 0,000163
черемушка 2,302585 0,000376
черемшанка 2,995732 0,000652
черемшанки 3,912023 0,000213
чернобылец 3,912023 0,000213
чернов 2,813411 0,000153
черное 1,237874 0,000135
чернозем 2,407946 0,000131
черный 0,843970 0,000092
чернышев 2,813411 0,000153
чернышевского 2,659260 0,000145
черт 0,916291 0,000199
честь 0,562119 0,000092
четвертый 0,994252 0,000162
четверть 1,966113 0,000535
четыре 0,597837 0,000163
четырнадцатый 3,506558 0,000191
четырнадцать 3,912023 0,000426
чех 1,609438 0,000088
чехию 3,506558 0,000191
чехия 2,525729 0,000137
чехову 3,218876 0,000175
чилим 3,506558 0,000191
чинить 3,506558 0,000191
численно 3,506558 0,000191
численность 0,616186 0,001341
числить 2,813411 0,000153
число 0,186330 0,000142
чисто 2,040221 0,000222
чистый 2,040221 0,000222
чита 1,203973 0,000065
читай-город 3,912023 0,000213
читатьправитьправить 0,494296 0,000027
чкалов 3,218876 0,000175
член 0,755023 0,000082
чудесный 2,995732 0,000163
чужое 3,218876 0,000175
чулымец 3,218876 0,000175
шаблон 0,462035 0,000025
шаг 1,714798 0,000187
шагонар 3,506558 0,000191
шайба 1,966113 0,000535
шалинского 3,912023 0,000213
шарыпово 3,912023 0,000638
шарыповский 3,912023 0,000426
шатость 3,912023 0,000213
шахматы 2,525729 0,000137
швейцарии 2,659260 0,000145
швейцария 2,302585 0,000125
швеция 2,120264 0,000115
шелен 3,912023 0,000213
шелковый 3,218876 0,000175
шереметьево 2,813411 0,000306
шестой 1,660731 0,000090
шимпанзе 3,506558 0,000191
шиндина 3,912023 0,000213
шинный 2,659260 0,000434
широкий 0,494296 0,000054
широтный 1,897120 0,000206
шифр 2,995732 0,000163
шишкунова 3,912023 0,000213
школа 0,478036 0,000130
школьник 1,771957 0,000096
школьный 1,966113 0,000214
шлам 3,912023 0,000213
шойгу 3,218876 0,000175
шоколадный 3,506558 0,000191
шолбан 3,912023 0,000213
шотландии 3,506558 0,000191
шоу 2,995732 0,000163
штаб-квартира 1,832581 0,000100
штука 2,525729 0,000137
шунейкина 3,912023 0,000213
шут 3,218876 0,000175
шушенский 3,912023 0,000426
шэньяна 3,912023 0,000213
щитодержатели 2,659260 0,000145
эвакуантов 3,912023 0,000213
эвакуировать 1,272966 0,000277
эвенкийский 2,813411 0,000306
эдисона 3,218876 0,000175
эдхам 3,912023 0,000638
эдхама 3,912023 0,000213
эйдлин 3,912023 0,000213
эйч 3,912023 0,000213
экакуированы 3,912023 0,000213
экз 0,415515 0,000113
экземпляр 1,237874 0,000067
экзогенный 3,218876 0,000175
эколог 2,302585 0,000125
экологический 0,693147 0,000075
экология 0,562119 0,000061
экономика 0,400478 0,000153
экономически 2,525729 0,000137
экономический 0,478036 0,000260
экран 1,771957 0,000096
экспедиция 1,469676 0,000240
эксперт 1,203973 0,000458
эксперт-сибирь 3,912023 0,000213
экспертиза 2,525729 0,000137
эксплуатационный 2,995732 0,000163
эксплуатация 0,776529 0,000169
экспозиция 1,272966 0,000069
экспонироваться 3,218876 0,000175
экспорт -0,009950 -0,000001
экстенсивный 2,995732 0,000163
экстремальный 2,207275 0,000120
экстремист 3,912023 0,000213
экстренный 3,506558 0,000191
экстрим-команда 3,912023 0,000213
электрический 1,309333 0,000356
электричка 1,832581 0,000299
электробус 2,207275 0,000120
электробусный 3,506558 0,000191
электровагоноремонтного 3,912023 0,000213
электровагоноремонтный 3,912023 0,000213
электронный 0,478036 0,000182
электрооборудование 2,120264 0,000115
электропоезд 1,609438 0,000175
электропроект 3,912023 0,000426
электроремонтный 3,912023 0,000213
элемент 0,544727 0,000030
элита 2,813411 0,000153
элитный 2,407946 0,000131
эльдорадо 1,966113 0,000107
энд 3,912023 0,000213
энергетик 1,108663 0,000181
энергетический 1,897120 0,000103
энергия 1,021651 0,000056
энергоблок 3,506558 0,000382
энергосбытовая 3,506558 0,000191
энергосчетчиков 3,912023 0,000213
энтузиаст 2,659260 0,000289
энфорта 2,813411 0,000153
энциклопедический 0,733969 0,000120
энциклопедия -0,009950 -0,000006
эпизод 2,407946 0,000131
эпицентр 2,659260 0,000145
эпоха 0,713350 0,000194
эр-телеком 1,897120 0,000103
эра 1,514128 0,000165
эстетически 3,912023 0,000213
эстонии 2,525729 0,000137
этаж 1,832581 0,000199
этап 0,634878 0,000104
этимология 0,616186 0,000067
этнография 1,966113 0,000214
этуаль 2,995732 0,000163
эффективный 1,609438 0,000088
юбилей 1,560648 0,000255
юбилейный 0,798508 0,000130
ювелирный 2,525729 0,000137
юг 0,693147 0,000113
юго-восточный 1,108663 0,000121
юдин 3,912023 0,000426
юдинский 3,912023 0,000426
южный 0,385662 0,000063
юлия 2,407946 0,000131
юлмарт 3,506558 0,000191
юнга 2,995732 0,000163
юнеско 1,660731 0,000090
юность 1,660731 0,000090
юношеский 1,560648 0,000085
юношество 2,302585 0,000125
юный 1,309333 0,000214
юридический 0,994252 0,000162
юрий 1,203973 0,000065
юрисдикция 2,207275 0,000120
являться 0,040822 0,000040
ядерный 1,771957 0,000482
язык -0,009950 -0,000004
як 2,040221 0,000111
яковлевича 3,506558 0,000191
якутск 1,203973 0,000131
янв 0,820981 0,000045
январь 0,105361 0,000430
яндекс 1,714798 0,000093
япония 1,897120 0,000103
японский 1,469676 0,000080
яр 2,995732 0,001956
ярмарка 1,660731 0,000361
ярославль 1,078810 0,000059
ярославцева 3,912023 0,000213
ярошевская 3,912023 0,000213
ярус 2,120264 0,000231
ярыгин 3,912023 0,000426
ярыгина 3,912023 0,001064
ярыгинская 3,912023 0,000213
ярыгину 3,912023 0,000213
ясак 2,995732 0,001467
ясень 2,525729 0,000275
ястынское 3,912023 0,000213
ястынской 3,912023 0,000213
яша 3,912023 0,000213
