абашев 3,912023 0,000299
аббревиатура 2,995732 0,000229
абрамович 3,218876 0,000246
абсолютный 0,616186 0,000094
авангард 1,660731 0,000127
авг 0,820981 0,000063
август 0,072571 0,000255
авиакомпания 1,771957 0,000135
авиационный 1,386294 0,000106
авиация 1,237874 0,000095
авт 1,469676 0,000112
автобус 0,820981 0,000126
автобусный 1,021651 0,000156
автовокзал 1,078810 0,000082
автодорога 0,891598 0,000341
автодорожный 2,120264 0,000486
автомагистраль 1,832581 0,000140
автоматический 1,560648 0,000119
автомобильно-пешеходного 3,912023 0,000299
автомобильный 0,713350 0,000491
автор 0,462035 0,000106
авторитетный 0,891598 0,000068
авторство -0,009950 -0,000001
автостанция 1,714798 0,000131
агентство 0,798508 0,000122
агломерация 0,798508 0,000183
аграрно-технологический 3,912023 0,000299
агридженто 3,912023 0,000299
адвентист 1,560648 0,000119
адищево 3,912023 0,001495
административно-территориального 1,660731 0,000127
административно-территориальное 0,820981 0,000188
административно-территориальной 2,995732 0,000229
административно-территориальном 1,309333 0,000100
административно-территориальному 2,659260 0,000203
административный 0,597837 0,000457
администрация 0,755023 0,001328
адрес 1,078810 0,000165
азия 0,755023 0,000058
азово 3,506558 0,000268
азовский 1,660731 0,000254
аиф 2,407946 0,000184
акад 2,040221 0,000156
академик 1,203973 0,000184
академический 0,916291 0,000420
академия 0,544727 0,000416
академкнига 3,506558 0,000268
акварель 2,659260 0,000203
аккредитация 2,995732 0,001374
акт 1,237874 0,000095
актер 1,386294 0,000106
актив 2,040221 0,000312
активировать 3,506558 0,000268
активно 0,733969 0,000168
активный 0,527633 0,000242
актуализация 2,659260 0,000203
актуальный 1,347074 0,000103
акушерский 3,912023 0,000299
акция 1,660731 0,000127
алдан 1,309333 0,000100
александр 0,462035 0,000212
александрович 1,609438 0,000246
александровича 2,525729 0,000193
александровичем 3,506558 0,000536
александровск 3,912023 0,000598
александровский 2,120264 0,000162
алексеев 2,207275 0,000337
алексеева 2,407946 0,000184
алексеевское 2,995732 0,000687
алексей 1,049822 0,000241
алексея 1,514128 0,000116
алендвик 3,912023 0,000299
алтай 2,407946 0,000184
алфавитувикипедия 0,776529 0,000059
алфавитунаселенные 0,867501 0,000066
альфа-банк 2,659260 0,000203
америка 1,386294 0,000106
амкар 3,912023 0,001495
амкара 3,912023 0,000598
амневиль 3,912023 0,000299
ампир 2,302585 0,000176
аналогичный 1,139434 0,000087
аналоговый 1,609438 0,000123
англ 0,174353 0,000013
англии 2,407946 0,000184
андреевский 2,659260 0,000203
андрей 0,967584 0,000074
андроник 3,912023 0,000299
андроновский 3,506558 0,000268
аннексия 0,941609 0,000072
антиправительственный 3,912023 0,000299
антонов 2,302585 0,000176
антропогенный 1,771957 0,000135
апелляционный 2,995732 0,000229
апостол 1,966113 0,000150
аппаратура 2,120264 0,000324
апр 0,798508 0,000061
апрель 0,150823 0,000404
аптечный 2,659260 0,000203
арабеск 3,912023 0,001196
арбитражный 1,966113 0,000150
арбуз 3,218876 0,000246
аргумент 1,108663 0,000085
арестовать 1,897120 0,000145
арк 1,966113 0,000150
армия 0,916291 0,000280
арсенал 2,407946 0,000184
арт 3,218876 0,000246
арт-объект 2,659260 0,000610
арт-объекты 3,218876 0,000246
арт-пермь 3,912023 0,000598
арте 3,912023 0,000299
артемия 3,506558 0,000268
артерия 2,302585 0,000176
артиллерийский 1,609438 0,000246
артиллерия 2,659260 0,000407
артист 1,832581 0,000560
артистка 2,659260 0,000203
арх 0,544727 0,000083
археологический 1,309333 0,000100
археология 1,171183 0,000090
архив 0,446287 0,000716
архивировать 0,020203 0,000364
архивный 0,248461 0,000057
архиепископ 2,302585 0,000176
архиерейский 2,525729 0,000386
архитектор 0,916291 0,000911
архитектура 0,462035 0,000212
архитектурный 1,078810 0,000082
аспирант 2,659260 0,000203
ассоциация 1,309333 0,000100
аст 0,820981 0,000063
астрахань 0,967584 0,000074
атеистический 3,218876 0,000246
атомный 1,660731 0,000127
аттракцион 2,120264 0,000162
аудиокассета 3,912023 0,000299
афанасьево 3,912023 0,000299
афиша 2,407946 0,000184
афкула 3,912023 0,000299
ашан 2,120264 0,000324
аэропорт 0,776529 0,000297
бажов 3,506558 0,000268
баз 0,371064 0,000170
бакулева 3,912023 0,000299
балатово 3,912023 0,000598
балет 1,469676 0,001461
балетная 3,218876 0,000246
балтийский 1,514128 0,000232
банк 0,693147 0,000901
банковский 1,427116 0,000109
баптистский 2,813411 0,000430
баранова 2,659260 0,000203
бардымский 3,912023 0,000598
барнаул 1,203973 0,000092
барыкина 3,912023 0,000299
басаргин 3,912023 0,000299
баскетбол 1,660731 0,000381
баскетбольный 1,714798 0,000131
бассейн 0,653926 0,000100
баталина 3,912023 0,000299
баталов 3,912023 0,000299
батальон 2,040221 0,000156
бахаревка 3,912023 0,000299
баш 3,506558 0,000268
башкир 1,347074 0,000103
башкортостан 2,207275 0,000169
бедный 2,302585 0,000704
безопасность 0,916291 0,000070
беларусь 1,237874 0,000095
белогвардеец 2,525729 0,000386
белое 0,994252 0,000228
белый 0,867501 0,000066
беляев 2,407946 0,000184
бензомоторный 3,912023 0,000299
берег 0,478036 0,000402
береза 1,714798 0,000131
березник 3,506558 0,001876
березниковский 3,912023 0,000299
березовский 2,659260 0,000407
берет 1,966113 0,000301
бессонный 3,912023 0,000299
бетьки 3,912023 0,000299
библиографический 0,083382 0,000006
библиотека 0,328504 0,000452
библиотечно-библиографическое 3,912023 0,000299
биеннале 2,659260 0,000203
бизнес 0,820981 0,000063
бизнес-сфера 3,912023 0,000299
билайн 1,272966 0,000487
биопарк 3,912023 0,000299
биржа 2,120264 0,000162
бкс 3,912023 0,000299
благодаря 0,527633 0,000202
благородный 1,966113 0,000150
благотворительность 3,506558 0,000268
благотворительный 2,207275 0,000169
благоустроить 1,560648 0,000239
близкий 0,820981 0,000063
близлежащий 2,040221 0,000156
блогером 3,912023 0,000299
блок 1,347074 0,000309
боброва 3,506558 0,000268
богатый 1,049822 0,000080
боеприпас 2,813411 0,000430
божий 1,272966 0,000097
бой 1,237874 0,000095
бокс 2,040221 0,000156
бологое 1,347074 0,000103
больница 1,078810 0,000247
большевик 1,347074 0,000103
большее 1,309333 0,000100
большесосновский 3,912023 0,000598
большинство 0,342490 0,000157
большое 0,385662 0,000177
большой 0,040822 0,000056
бомбардировка 2,407946 0,000368
борис 1,660731 0,000127
бориса 1,832581 0,000280
боровичи 1,347074 0,000103
борьба 0,820981 0,000063
боякова 3,912023 0,000299
браслет 3,912023 0,000299
братский 1,832581 0,000280
бревенчатый 2,813411 0,000215
бренд 1,660731 0,000127
бригада 2,120264 0,000648
брокгауза 0,328504 0,000075
брокерский 3,506558 0,000268
бронзовый 1,386294 0,000212
брэ 2,040221 0,000156
бубриха 3,912023 0,000299
буддизм 2,407946 0,000184
булавка 3,912023 0,000299
бульвар 1,237874 0,000095
бум 1,897120 0,000145
бумага 1,560648 0,000119
буркову 3,912023 0,000598
бурковым 3,912023 0,000299
бурый 1,897120 0,000145
быкова 2,995732 0,000229
былое 3,506558 0,000268
быстрый 0,916291 0,000070
бытовой 1,560648 0,000119
быть -0,009950 -0,000008
бюджет 1,171183 0,000090
бюджетный 1,514128 0,000463
бюро 1,427116 0,000218
вагнера 3,218876 0,000492
вагон 1,660731 0,000127
важное 1,108663 0,000085
валдай 3,218876 0,000246
валентина 2,302585 0,000352
вариант 0,634878 0,000049
варламова 3,218876 0,000246
варшавчик 3,912023 0,000299
василий 1,078810 0,000165
васильев 2,302585 0,000528
васильева 2,207275 0,000169
ваяние 3,912023 0,000598
вблизи 1,139434 0,000174
введение 1,078810 0,000165
ввести 0,634878 0,000194
ввод 1,347074 0,000103
вгтрк 2,525729 0,000193
вдоль 0,755023 0,000115
ведомость 0,994252 0,000076
везти 2,525729 0,000193
век 0,248461 0,000380
векегорода 1,966113 0,000150
велединским 3,912023 0,000299
великий 0,356675 0,000300
великобритания 2,120264 0,000162
великолепный 2,659260 0,000203
великопермского 3,912023 0,000299
велопарковках 3,912023 0,000299
велосипед 2,659260 0,000610
велосипедный 2,407946 0,002025
вепс 2,407946 0,000184
вера 1,049822 0,000161
верещагино 3,506558 0,000536
верещагинский 3,506558 0,000536
вернисаж 3,218876 0,000246
вернуть 1,897120 0,000290
вернуться 1,171183 0,000090
версия -0,009950 -0,000005
вертолет 2,207275 0,000169
верхнекамья 3,912023 0,000299
верхний 0,494296 0,000189
верховный 1,108663 0,000170
верховой 3,218876 0,000246
верхоланцев 3,912023 0,000598
вести 0,356675 0,000164
вестись 0,673345 0,000154
вестник 1,049822 0,000241
весь 0,301105 0,000138
ветер 0,713350 0,000055
ветка 1,427116 0,000218
ветта 3,912023 0,000299
вечерний 1,347074 0,000103
вечный 1,309333 0,000100
вещание 1,108663 0,000170
вещать 1,609438 0,000123
вещество 0,994252 0,000076
вещь 1,771957 0,000135
взорвать 2,120264 0,000162
взрослый 1,609438 0,000123
взрывчатый 3,912023 0,000299
вид 0,061875 0,000043
видео 1,049822 0,000161
видео-экранов 3,912023 0,000299
видеть 1,272966 0,000097
вики-разметкой 1,309333 0,000100
викигидвикипедия 1,427116 0,000109
викигиде 0,776529 0,000178
викиданные 0,776529 0,000119
викиданных -0,009950 -0,000001
викиданныхвикипедия 0,891598 0,000136
викимапиипро 1,427116 0,000109
викимедиа -0,009950 -0,000001
википедии -0,009950 -0,000002
википедия -0,009950 -0,000005
викискладвикиновостивикицитатниквикитекавикигидэлемент 3,506558 0,000268
викискладе 0,174353 0,000013
викискладепутеводитель 0,713350 0,000055
викискладстатьи 0,891598 0,000068
викитека 3,218876 0,000246
викитекемедиафайлы 1,272966 0,000097
викитекустатьи 3,506558 0,000268
викицитатник 1,272966 0,000097
викицитатникетексты 1,427116 0,000109
виктор 1,386294 0,000106
вильгельм 3,218876 0,000246
виолончелист 3,218876 0,000246
виртуальный 1,139434 0,000087
витус 3,218876 0,000492
включать 0,235722 0,000018
включаться 1,966113 0,000150
включая 0,527633 0,000081
включение 1,108663 0,000170
включить 0,634878 0,000243
владелец 1,660731 0,000127
владивосток 1,897120 0,000145
владимир 0,653926 0,000200
влажность 1,108663 0,000085
власть 0,544727 0,000625
влияние 0,527633 0,000040
вложить 2,120264 0,000162
вместе 0,510826 0,000117
внесение 1,560648 0,000119
внешнеэкономический 2,525729 0,000193
внешний 0,051293 0,000004
вниз 1,171183 0,000179
вновь 0,755023 0,000173
внутренний 0,314711 0,000048
внутригородской 0,867501 0,000265
вода 0,527633 0,000161
водный 0,562119 0,000344
водопровод 1,714798 0,000131
воевода 1,714798 0,000131
военно-промышленный 2,995732 0,000229
военное 0,916291 0,000140
военный 0,494296 0,000151
возвести 1,139434 0,000087
возврат 2,040221 0,000156
возвратить 1,469676 0,000112
возвращение 1,660731 0,000127
возвысить 2,207275 0,000169
возглавить 2,407946 0,000184
возглавлять 1,203973 0,000184
воздвигать 3,912023 0,000299
воздействие 1,021651 0,000156
воздух 0,616186 0,000047
воздушный 0,798508 0,000244
вознесенско-феодосиевская 3,912023 0,000299
возникнуть 0,653926 0,000050
возродить 2,207275 0,000169
воинский 1,469676 0,000112
война 0,430783 0,000296
войнарского 3,912023 0,000299
войско 0,798508 0,000183
войти 0,634878 0,000194
вокзал 0,755023 0,000577
волга 1,347074 0,000103
волго-вятский 3,218876 0,000246
волго-вятского 3,506558 0,000268
волгоград 1,139434 0,000087
волейбол 1,469676 0,000225
волейбольный 1,514128 0,000116
волжский 1,897120 0,000145
волк 1,771957 0,000135
вологда 1,203973 0,000092
волшебный 0,030459 0,000002
вооружение 1,832581 0,000140
вопреки 2,813411 0,000215
вопрос 0,371064 0,000057
воркута 1,237874 0,000095
воронеж 1,203973 0,000092
ворот 1,078810 0,000082
воскресный 2,813411 0,000215
воспитатель 3,506558 0,000268
воссоздать 1,897120 0,000145
восстание 1,237874 0,000379
восстановить 0,967584 0,000148
восток 0,494296 0,000189
восточный 0,430783 0,000165
восход 2,120264 0,000162
восходить 1,609438 0,000123
восьмизальные 3,912023 0,000299
воткинск 1,309333 0,000100
воткинский 3,506558 0,000268
вотчина 3,912023 0,000299
впадение 1,139434 0,000087
впервые 0,385662 0,000147
впоследствии 0,653926 0,000350
вражеский 3,218876 0,000246
врач 1,347074 0,000309
временной 0,967584 0,000074
время 0,020203 0,000029
вроде 2,302585 0,000176
вручную 3,218876 0,000246
все 0,040822 0,000003
всемирно 2,813411 0,000215
всеобщий 1,237874 0,000095
всероссийский 0,634878 0,000291
всесоюзный 0,776529 0,000356
всехсвятская 3,506558 0,000536
вскоре 1,309333 0,000100
вспыхнуть 2,525729 0,000193
вставка 1,272966 0,000195
встречать 2,207275 0,000169
встречаться 0,713350 0,000055
всхолмить 2,995732 0,000229
втб 1,714798 0,000262
втора 0,274437 0,000063
вторжение 1,609438 0,000246
второгодник 3,912023 0,000598
второе 0,653926 0,000050
второклассник 3,912023 0,000598
вуз 0,820981 0,000628
вход 0,755023 0,000058
входить 0,287682 0,000176
вшэ 2,407946 0,000184
выбор 0,634878 0,000194
выбрать 1,139434 0,000261
вывезти 2,813411 0,000215
вывеска 3,506558 0,000268
вывоз 2,659260 0,000203
выгодность 3,506558 0,000268
выгодный 1,771957 0,000135
выдавать 2,302585 0,000352
выдаваться 1,139434 0,000087
выделить 0,544727 0,000125
выделиться 2,525729 0,000193
выделять 1,139434 0,000087
выездной 3,506558 0,000268
вызывать 1,078810 0,000082
выиграть 2,407946 0,000184
выйти 0,798508 0,000183
вып 0,798508 0,000061
выпал 2,995732 0,000229
выпасть 2,659260 0,000203
выплавка 3,218876 0,000246
выплата 2,813411 0,000215
выполнение 1,049822 0,000080
выполнить 0,843970 0,000129
выполняться 1,272966 0,000097
выпуск 0,693147 0,000106
выпускник 1,966113 0,000150
выпустить 0,891598 0,000273
вырасти 1,108663 0,000085
высадиться 2,659260 0,000203
высказать 2,407946 0,000184
высказаться 2,302585 0,000176
высокий 0,139262 0,000192
высокоскоростной 2,525729 0,000193
высота 0,415515 0,000095
выставка 1,139434 0,000436
выставлять 2,995732 0,000229
выставочный 1,171183 0,000090
выступать 0,916291 0,000700
выступление 1,272966 0,000097
выход 1,078810 0,000495
вычегодский 3,912023 0,000598
выше 0,616186 0,000094
вышка 2,995732 0,000458
вьюжанин 3,912023 0,000299
вятский 2,995732 0,000458
вячеслава 3,218876 0,000246
гаврилова 2,995732 0,000458
газета 0,579818 0,000798
газовый 1,469676 0,000112
газоперекачивающий 3,912023 0,000299
газоперерабатывающий 3,218876 0,000246
газораспределение 3,506558 0,000268
газораспределительный 3,218876 0,000246
газосбытовая 3,912023 0,000299
газпром 1,714798 0,000393
газпромбанк 2,407946 0,000184
гайва 3,912023 0,000598
гайдара 2,525729 0,000386
гайды 3,506558 0,000268
гайнский 3,912023 0,000598
гайны 3,912023 0,000299
галерея 1,049822 0,000803
галерист 3,912023 0,000299
галоген 3,912023 0,000299
гандбол 2,207275 0,000169
гандбольный 2,120264 0,000162
гаревская 3,912023 0,000299
гастролировать 3,912023 0,000299
гауптвахта 2,813411 0,000215
гвардейский 1,966113 0,000301
гвардия 1,897120 0,000145
гельман 3,912023 0,000299
гельмана 3,912023 0,000598
генерал 1,514128 0,000232
генерал-майор 2,525729 0,000193
генеральный 0,755023 0,000231
генерировать 2,207275 0,000169
геннин 3,506558 0,001072
генплан 1,560648 0,000239
географ 2,040221 0,000312
географический 0,356675 0,000218
география 0,415515 0,000095
геолог 2,302585 0,000176
геологический 1,139434 0,000174
геология 1,609438 0,000246
георг 2,995732 0,000229
георгий 1,139434 0,000261
геральдический 1,560648 0,000119
герб 0,798508 0,000244
герберштейна 3,506558 0,000268
германий 0,843970 0,000065
герой 1,139434 0,000087
герцен 2,995732 0,000229
герценка 3,912023 0,000299
гецена 3,912023 0,000299
гибель 2,207275 0,000337
гигантский 1,897120 0,000145
гидрография 1,427116 0,000218
гидроэлектростанция 2,525729 0,000193
гидроэнергетик 2,995732 0,000229
гимн 0,776529 0,000059
гимназия 1,108663 0,000339
гипермаркет 1,660731 0,000127
гипотеза 1,560648 0,000119
гитлера 3,912023 0,000299
гкгн 0,994252 0,000076
гкгнпро 0,916291 0,000070
глава 0,494296 0,000567
главный 0,210721 0,000129
глазунова 3,218876 0,000246
глобус 2,659260 0,000407
глубоководный 2,302585 0,000176
глушата 3,912023 0,000299
говор 2,659260 0,000203
говорить 1,049822 0,000080
год -0,009950 -0,000427
годавикипедия 0,616186 0,000094
годовой 0,994252 0,000076
годугорода 1,714798 0,000131
гознак 3,506558 0,000268
голландский 2,659260 0,000203
голова 1,427116 0,000109
головной 2,120264 0,000324
голосование 1,309333 0,000100
гора 0,616186 0,000141
гордеева 3,218876 0,000246
гордость 1,966113 0,000150
гордума 2,995732 0,000229
гордумы 2,813411 0,000215
горисполком 1,966113 0,000150
горка 1,897120 0,000290
горловка 1,309333 0,000100
горно-шахтное 3,912023 0,000299
горнозаводск 3,912023 0,000598
горнозаводский 3,218876 0,000984
горный 0,941609 0,000144
город 0,371064 0,006439
город-побратим 0,843970 0,000194
города-миллионера 2,659260 0,000407
города-миллионеры 1,714798 0,000131
городецкий 1,560648 0,000119
городов-миллионников 2,813411 0,000215
городок 1,272966 0,000097
городом-миллионером 2,407946 0,000184
городпермь 3,912023 0,000299
городпро 0,867501 0,000066
городской 0,544727 0,003665
городцов 3,506558 0,000268
горожанин 1,139434 0,000174
горький 0,941609 0,000648
горячко 1,609438 0,000246
госкомстат 0,891598 0,000136
гостиница 0,843970 0,000194
гость 1,347074 0,000103
гостья 3,506558 0,000268
государственный 0,261365 0,001199
государство 0,579818 0,000089
градоначальник 1,427116 0,000109
градостроительный 1,660731 0,000254
градостроительство 1,660731 0,000127
гражданин 0,733969 0,000224
гражданский 0,733969 0,000224
грамота 1,427116 0,000218
гран-при 2,207275 0,000169
гранат 1,386294 0,000106
граница 0,356675 0,000082
гребень 2,813411 0,000215
гремячинск 3,912023 0,001196
грибушина 3,912023 0,000897
гривна 3,912023 0,000299
грубера 3,912023 0,000299
груз 1,309333 0,000200
грузовая 1,139434 0,000261
группа 0,314711 0,000096
гтрк 1,049822 0,000321
губаха 3,912023 0,000897
губахинский 3,912023 0,000299
губернатор 0,967584 0,000666
губернаторский 2,302585 0,000176
губернаторство 3,506558 0,000268
губерния 0,891598 0,000477
губернский 1,309333 0,001802
губисполком 2,995732 0,000229
гулливер 3,506558 0,000268
гулять 2,813411 0,000215
гуманитарно-педагогический 3,218876 0,000492
гуманитарно-педагогического 3,912023 0,000299
гуманитарно-технологического 3,912023 0,000299
гуманитарный 0,994252 0,000228
гэс 1,832581 0,000560
давать 0,820981 0,000063
давыдычева 3,912023 0,000299
далеко 1,347074 0,000103
дальний 0,446287 0,000136
данилихи 3,912023 0,000299
данилиху 3,912023 0,000299
дата 0,030459 0,000424
датский 0,328504 0,000025
дать 0,072571 0,000050
два 0,150823 0,000069
двадцать 1,771957 0,000135
дважды 1,272966 0,000097
двенадцатый 2,813411 0,000215
двигатель 2,120264 0,000324
движение 0,544727 0,000541
двинский 3,912023 0,000299
двор 1,078810 0,000247
двукратный 2,207275 0,000169
двухэтажный 2,659260 0,000407
дебют 3,218876 0,000246
деградация 2,659260 0,000203
действие 0,776529 0,000237
действительно 2,302585 0,000176
действовать -0,009950 -0,000013
дек 0,820981 0,000063
декабрь 0,094311 0,000397
декабрьский 2,995732 0,000229
декларация 3,218876 0,000246
деление 0,579818 0,000355
делиться 1,078810 0,000082
дело 0,562119 0,000215
демонстрация 2,302585 0,000352
демонстрировать 2,120264 0,000324
демонтировать 2,040221 0,000156
демоскоп 0,820981 0,000188
денежный 1,660731 0,000254
деноминация 2,995732 0,000229
день 0,210721 0,000338
департамент 1,386294 0,000106
депутат 0,776529 0,000237
дерево 0,867501 0,000066
деревообрабатывающий 2,302585 0,000176
деревообработка 3,218876 0,000246
деревянный 0,941609 0,000216
держаться 2,040221 0,000156
десятка 1,139434 0,000261
десяток 1,660731 0,000127
десять 1,078810 0,000082
детская 0,653926 0,000300
детский 0,967584 0,000296
деятель 1,108663 0,000170
деятельность 0,342490 0,000288
дзержинск 1,347074 0,000103
дзержинский 2,302585 0,000352
дзержинского 1,660731 0,000254
диаметр 2,302585 0,000176
диаметральный 3,912023 0,000299
дивизион 1,609438 0,000246
дивизия 1,771957 0,000135
дизайн 1,832581 0,000140
дизайнер 2,659260 0,000203
динамик 1,272966 0,000195
динамо 1,171183 0,000358
диплом 2,302585 0,000176
директор 1,272966 0,000195
дискуссия 1,660731 0,000127
дислоцировать 2,813411 0,000215
дитя 0,867501 0,000133
длина 0,579818 0,000089
длинный 1,237874 0,000095
длительный 1,309333 0,000100
дмитриев 2,525729 0,000193
дмитриевич 2,525729 0,000193
дмитрий 0,967584 0,000074
дмитрия 1,560648 0,000119
дневной 1,832581 0,000140
добавить 0,562119 0,000043
добавиться 3,506558 0,000268
добиваться 3,506558 0,000268
добиться 2,040221 0,000312
доблестипермьгорода 3,912023 0,000299
доблесть 1,309333 0,000601
добровольческий 2,207275 0,000169
добрянка 3,912023 0,000897
добрянский 3,912023 0,000299
довести 2,995732 0,000229
договоренность 2,659260 0,000203
доисторический 3,218876 0,000246
доклад 1,237874 0,000095
доктор 1,427116 0,000327
документ 0,415515 0,000222
документальный 1,427116 0,000218
долгота 0,820981 0,000188
должностной 1,514128 0,000116
должность 1,049822 0,000080
должный 0,356675 0,000027
долина 0,916291 0,000560
доля 0,544727 0,000083
дом 0,446287 0,001024
дом-музей 1,660731 0,000127
домашний 1,237874 0,000189
доме-музее 3,912023 0,000299
домостроительный 2,659260 0,000203
домохозяйство 3,218876 0,000246
доп 0,597837 0,000137
дополнительный -0,009950 -0,000002
дореволюционный 1,347074 0,000206
дорога 0,527633 0,000686
дорогостоящий 3,218876 0,000492
дорожка 2,302585 0,000176
дорожно-строительная 3,912023 0,000299
дорожный 1,021651 0,000078
досрочный 3,218876 0,000246
доставить 1,966113 0,000150
достаточно 0,820981 0,000063
достигать 0,843970 0,000065
достигнуть 1,272966 0,000097
достижение 1,139434 0,000174
достичь 0,733969 0,000056
достоинство 2,995732 0,000229
достопримечательность 0,867501 0,000066
доступ 0,755023 0,000115
доступность 1,427116 0,000109
доступный -0,009950 -0,000001
досье 3,912023 0,000299
дочерний 1,897120 0,000145
драцена 3,912023 0,000299
древнерусский 1,427116 0,000109
древние 0,967584 0,000074
древний 0,653926 0,000050
дробно -0,009950 -0,000001
друг 0,916291 0,000070
другой -0,009950 -0,000017
дуговой 3,506558 0,000268
дуйсбург 3,912023 0,000598
дума 0,916291 0,000771
дунклеостея 3,912023 0,000299
духовная 1,108663 0,000509
духовный 1,609438 0,000369
дягилева 3,218876 0,000738
дягилевский 3,506558 0,001072
дягилевым 3,912023 0,000299
евангелие 3,506558 0,000268
евгения 2,207275 0,000169
евдоким 3,912023 0,000299
евдокима 3,912023 0,000299
евдокия 3,218876 0,000246
ево 3,218876 0,000246
еврейский 0,755023 0,000058
еврокубок 3,218876 0,000246
европа 0,301105 0,000115
европейский 0,494296 0,000265
егошиха 3,912023 0,000598
егошихе 3,912023 0,000299
егошихи 3,912023 0,001495
егошихинский 3,912023 0,000598
егошихинского 3,912023 0,000897
егошихинском 3,912023 0,000598
егошиху 3,912023 0,000299
единение 3,218876 0,000246
единица 0,478036 0,000183
единственный 0,891598 0,000136
единый 0,544727 0,000125
ежегодник 0,820981 0,000879
ежегодно 0,916291 0,000210
еженедельный 2,120264 0,000162
езда 3,218876 0,000246
екатерина 1,514128 0,000232
екатеринбург 0,843970 0,000645
екатеринбурге 2,659260 0,000203
екатеринбургом 3,218876 0,000246
екатерины 1,514128 0,000232
елабуга 2,813411 0,000430
елизавета 2,813411 0,000215
елизарова 3,912023 0,000299
елово 3,912023 0,000299
еловский 3,912023 0,000598
еловый 2,813411 0,000215
елтышева 3,912023 0,000299
емкость 2,120264 0,000162
епархия 0,967584 0,000370
епископ 1,966113 0,000150
естествознание 2,525729 0,000193
ефимовича 3,218876 0,000246
ефрона 0,328504 0,000075
железнодорожный 0,579818 0,000842
железный 0,616186 0,000565
жемчужина 2,207275 0,000169
жена 2,407946 0,000184
женский 0,867501 0,000464
женщина 1,171183 0,000090
жертва 1,347074 0,000103
живаго 3,506558 0,000536
живой 1,386294 0,000106
живописный 2,040221 0,000156
живопись 1,609438 0,000369
животное 0,798508 0,000183
жизнь 0,342490 0,000236
жилое 1,714798 0,000131
жилой 0,941609 0,000288
жиромская 1,021651 0,000078
житель 0,562119 0,000344
житкова 3,506558 0,000268
жить 0,820981 0,000126
жонсон 3,912023 0,000299
жук-скарабей 3,912023 0,000299
жуковский 2,407946 0,000184
журнал 0,301105 0,000069
жюри 3,912023 0,000299
забастовка 2,525729 0,000193
заболевание 1,771957 0,000271
заведение 0,867501 0,000796
завершить 0,867501 0,000199
завершиться 1,309333 0,000100
завет 2,525729 0,000579
завод 0,693147 0,001802
заводдо 3,506558 0,000268
завоевать 1,660731 0,000127
заволочье 3,912023 0,000299
заглавный -0,009950 -0,000001
загородный 1,966113 0,000150
загрязнение 0,891598 0,000204
загрязнять 1,514128 0,000116
задержка 2,525729 0,000193
задний 2,120264 0,000162
заказ 1,660731 0,000127
закамск 3,912023 0,000299
закамска 3,912023 0,000299
закамская 3,912023 0,000299
закамским 3,912023 0,000299
закладка 1,966113 0,000150
закон 0,462035 0,000106
закончиться 1,966113 0,000150
закрываться 2,302585 0,000352
закрыто 2,040221 0,000156
закрыть 0,798508 0,000122
зал 0,843970 0,000258
залазаев 3,912023 0,000299
заменить 0,494296 0,000038
заменять 2,813411 0,000215
заметный 1,427116 0,000218
занимательный 2,407946 0,000184
занимать 0,430783 0,000329
заниматься 0,634878 0,000049
занять 0,693147 0,000477
запад 0,634878 0,000049
западно-уральский 3,912023 0,000598
западный 0,462035 0,000106
записаться 3,912023 0,000299
записка 1,139434 0,000174
запись 1,237874 0,000095
записьвойти -0,009950 -0,000001
заполнить 1,771957 0,000135
запомниться 3,218876 0,000246
запрет 1,771957 0,000135
запретить 1,309333 0,000300
запустить 0,755023 0,000115
заработный 2,040221 0,000156
заработок 3,912023 0,000299
зарегистрировать -0,009950 -0,000002
зарплата 1,966113 0,000150
зарубежный 0,994252 0,000076
заря 1,347074 0,000103
заседание 1,309333 0,000100
заселить 1,897120 0,000145
заслуга 1,660731 0,000254
застава 2,659260 0,000407
застройка 0,916291 0,000490
затем 0,527633 0,000161
зато 1,560648 0,000119
затянуться 2,813411 0,000215
захват 2,120264 0,000162
заявить 1,386294 0,000106
заявление -0,009950 -0,000001
заявлять 2,525729 0,000193
звание 0,891598 0,000136
звезда 0,916291 0,000841
звездный 1,897120 0,000290
звено 2,302585 0,000176
звериный 3,506558 0,000804
зверь 2,525729 0,000193
здание 0,673345 0,001235
здравоохранение 0,843970 0,000452
зеленодольск 1,237874 0,000095
зеленые 1,203973 0,000368
зеленый 0,755023 0,000115
землемер 3,218876 0,000246
земля 0,400478 0,000122
землячка 3,912023 0,000299
зима 0,478036 0,000073
зимний 0,798508 0,000061
златоуст 1,347074 0,000103
злыгостева 3,912023 0,000299
змей 2,407946 0,000184
знак -0,009950 -0,000002
знакомиться 3,218876 0,000246
знакомство 2,995732 0,000229
знаменательный 1,897120 0,000290
знамеровский 3,912023 0,000299
значение 0,061875 0,000076
значительно 0,510826 0,000039
значительный 0,328504 0,000075
зодчество 1,966113 0,000301
золотой 0,597837 0,000137
зона 0,400478 0,000184
зоопарк 1,560648 0,001432
зритель 1,108663 0,000085
зырянов 3,218876 0,000246
ива 2,407946 0,000184
ивана 1,078810 0,000165
иванов 1,560648 0,000119
иванова 1,966113 0,000150
иваново 1,139434 0,000087
иваном 2,040221 0,000156
ивата 3,912023 0,000299
игнорирование 3,218876 0,000246
играть 0,867501 0,000265
игровой 1,832581 0,000140
игрок 2,207275 0,000169
идентификатор 0,693147 0,000053
идеолог 3,506558 0,000268
идеологический 2,995732 0,000229
идет 1,078810 0,000082
идти 0,820981 0,000063
ижевск 1,139434 0,000348
ижевском 3,506558 0,000268
из-за 0,415515 0,000191
избирательный 1,609438 0,000123
избирать 1,609438 0,000123
избираться 1,427116 0,000218
избрать 0,967584 0,000074
известие 0,994252 0,000152
известное 0,994252 0,000304
известный 0,287682 0,000198
изд 0,314711 0,000096
издание 0,415515 0,000127
издательский 1,272966 0,000097
издательство 0,494296 0,000265
издать 1,386294 0,000106
изделие 1,108663 0,000085
издержка 2,995732 0,000229
изложить 2,407946 0,000184
изменение 0,301105 0,000046
измениться 1,021651 0,000078
изменяться 1,203973 0,000184
изначально 1,309333 0,000100
изображаться 2,995732 0,000229
изображение 0,693147 0,000212
изобразительный 1,347074 0,000103
изобразить 1,386294 0,000212
изоматериалы 3,912023 0,000299
изотов 3,506558 0,000268
изучение 0,713350 0,000109
изучить 2,040221 0,000156
икона 1,309333 0,000200
иконописный 3,912023 0,000299
иконопись 2,659260 0,000203
иллюзион 2,813411 0,000430
иллюминация 3,912023 0,000299
иллюстрировать 2,040221 0,000156
ильи 2,525729 0,000193
ильинский 2,813411 0,000430
ильича 2,995732 0,000458
именитый 2,995732 0,000229
именно 0,544727 0,000083
именной 2,659260 0,000203
иметь 0,094311 0,000130
иметься 0,385662 0,000147
импей 3,912023 0,000299
император 1,139434 0,000436
императрица 1,514128 0,000232
империя 0,653926 0,000050
импресарио 3,912023 0,000299
имя 0,274437 0,000587
иначе 0,733969 0,000056
инвестиционный 1,514128 0,000232
инвестиция 1,237874 0,000095
индекс 0,634878 0,000049
индустриализация 1,832581 0,000140
индустриальный 1,309333 0,000300
инженер 1,139434 0,000087
ино 3,912023 0,000598
иногородний 2,120264 0,000162
иное 1,714798 0,000131
инорегиональные 3,912023 0,000299
иностранец 1,771957 0,000135
инсталляция 3,912023 0,000299
институт 0,371064 0,000993
инструмент -0,009950 -0,000002
интеллигенция 2,525729 0,000193
интерактивный 1,560648 0,000119
интервью 1,660731 0,000127
интерес 1,021651 0,000078
интернет 0,755023 0,000289
интернет-галерее 3,912023 0,000299
интернет-галерея 3,912023 0,000299
интернет-портал 1,897120 0,000290
интерфакс 1,832581 0,000140
инфекционный 1,966113 0,000150
информационно-аналитическое 2,995732 0,000229
информационный 0,462035 0,000177
информация 0,162519 0,000075
инфраструктура 0,891598 0,000341
инфраструктурный 2,207275 0,000169
иосифа 2,407946 0,000184
ипподром 1,966113 0,000301
ирина 1,609438 0,000123
иркутск 1,171183 0,000090
искра 2,120264 0,000162
искусственный 0,916291 0,000070
искусство 0,478036 0,000621
ислам 1,386294 0,000212
исповедовать 2,659260 0,000203
исполнение 0,867501 0,000133
исполнительно-распорядительным 2,995732 0,000229
исполнительный 1,171183 0,000090
использование -0,009950 -0,000001
использовать 0,020203 0,000003
использоваться 0,223144 0,000034
испытывать 1,560648 0,000119
исследование 0,462035 0,000071
исследовательский 1,237874 0,000284
исток 0,755023 0,000115
историк 1,469676 0,000112
историко-краеведческий 2,407946 0,000184
исторический 0,314711 0,000313
история 0,051293 0,000141
источник -0,009950 -0,000009
исупова 3,506558 0,000268
исчерпание 3,506558 0,000268
исчисление 0,776529 0,000059
италия 1,609438 0,000123
итар-тасс 2,813411 0,000215
итог 0,494296 0,000227
иудаизм 1,771957 0,000542
ишимбай 1,309333 0,000100
июль 0,116534 0,000401
июнь 0,116534 0,000463
кабельный 1,514128 0,000232
кагановича 3,912023 0,000299
кадетский 1,897120 0,000145
каждый 0,261365 0,000060
казак 1,309333 0,000100
казани 1,771957 0,000135
казанский 1,049822 0,000241
казань 0,891598 0,000204
казарма 1,966113 0,000752
казахстана 1,966113 0,000150
казенный 2,040221 0,000468
казна 1,966113 0,000301
какой 0,820981 0,000063
календарь 1,469676 0,000225
календарь-справочник 3,912023 0,000299
калийный 2,813411 0,000215
калимуллин 3,506558 0,000268
кам 2,207275 0,007256
камабанка 3,912023 0,000299
камгэс 3,912023 0,000299
каменный 0,733969 0,000168
каменск-уральский 1,347074 0,000103
каменского 3,912023 0,000299
камень 0,994252 0,000152
камеобъекты 3,912023 0,000299
камерный 1,660731 0,000127
кампус 2,813411 0,000430
камский 1,714798 0,002229
кандидат 1,272966 0,000097
канцелярский 3,506558 0,000268
капитал 1,469676 0,000225
капитан-поручик 3,912023 0,000299
карагайский 3,912023 0,000598
каракулино 3,912023 0,000299
карвовский 3,912023 0,000299
кардиологический 2,407946 0,000184
карла 1,386294 0,000106
карпинского 3,912023 0,000299
карт 0,301105 0,000161
картон 3,218876 0,000246
карточкевикипедия 1,469676 0,000112
карточкивикипедия 1,309333 0,000100
каспийск 1,272966 0,000097
каспийский 1,514128 0,000232
каталанский 0,527633 0,000040
каталог 0,094311 0,000007
катастрофа 1,514128 0,000116
категория -0,009950 -0,000003
катехизаторский 3,912023 0,000299
католицизм 2,207275 0,000675
католический 1,237874 0,000379
каторга 2,995732 0,000229
каторжник 3,912023 0,000299
кафа 1,514128 0,000116
кафедральный 0,967584 0,000444
качество 0,287682 0,000066
квартал 0,994252 0,000456
квартира 1,966113 0,000150
кемерово 1,237874 0,000095
кендржинский 3,912023 0,000299
керосиновый 3,218876 0,000246
кертман 3,912023 0,000299
кижами 3,912023 0,000299
кизел 3,912023 0,000897
кикшерингов 3,912023 0,000299
километр 0,693147 0,000053
кинематограф 2,120264 0,000648
кино 0,994252 0,000304
кинодром 3,912023 0,000598
кинозал 2,040221 0,000156
киномакс 2,120264 0,000162
кинопроизведение 3,912023 0,000299
киносообщества 3,912023 0,000299
кинотеатр 0,891598 0,000954
кинофестиваль 1,832581 0,000140
кирилло-мефодиевское 3,912023 0,000299
киров 1,309333 0,000200
кирова 1,386294 0,000106
кировский 1,237874 0,000284
кировского 2,207275 0,000337
кировской 2,995732 0,000229
кирпичный 1,609438 0,000123
китай 0,776529 0,000178
кишертский 3,912023 0,000598
кладбище 1,237874 0,000379
класс 0,616186 0,000047
классицизм 1,514128 0,000116
классический 0,755023 0,000058
клен 1,966113 0,000301
клиент 1,714798 0,000131
климат 0,446287 0,000409
климатический 1,049822 0,000080
клименко 2,995732 0,000229
клинический 1,386294 0,000106
клуб 0,798508 0,000977
кмгубаха 3,912023 0,000299
кмекатеринбург 2,813411 0,000215
кмказань 2,040221 0,000156
кммосква 1,832581 0,000140
кмнабережные 2,995732 0,000229
кморенбург 2,659260 0,000203
кмсамара 2,407946 0,000184
кмсанкт-петербург 2,120264 0,000162
кмсоликамск 3,912023 0,000299
кмсочи 2,120264 0,000162
кмтюмень 3,218876 0,000246
кмуфа 2,407946 0,000184
кмчелябинск 2,407946 0,000184
книга 0,415515 0,000191
книжный 0,798508 0,000671
княгиня 2,659260 0,000407
князь 0,867501 0,000332
коалиция 2,813411 0,000215
код -0,009950 -0,000065
кодекс -0,009950 -0,000002
кодистория 0,116534 0,000009
козел 2,525729 0,000193
козьма 3,218876 0,000246
койка 2,040221 0,000468
колизей 3,506558 0,000536
количество 0,210721 0,000129
колледж 1,108663 0,000085
коллектив 1,237874 0,000095
коллекционер 3,506558 0,000268
коллекция 1,309333 0,000601
коломна 1,272966 0,000097
колон 3,912023 0,000299
колонизация 2,207275 0,000169
кольцо 1,021651 0,000312
команда 0,798508 0,000794
командование 1,609438 0,000123
комбинат 1,021651 0,000156
коми 1,514128 0,000232
коми-зырянин 3,506558 0,000268
коми-пермяк 1,966113 0,000301
коми-пермяцкий 3,912023 0,000598
комиссия 0,967584 0,000222
комитет 0,653926 0,000200
комментарий 1,237874 0,000095
коммерсантъ 1,139434 0,000348
коммунальный 1,609438 0,000123
коммунизм 2,407946 0,000184
коммунистический 2,040221 0,000156
компания 0,371064 0,000425
компаньон 3,506558 0,000804
комплекс 0,579818 0,000310
комплексный 1,078810 0,000165
комплект 2,995732 0,000229
комсомолец 1,560648 0,000119
комсомольск-на-амуре 1,203973 0,000092
комсомольский 0,891598 0,000818
конверт 2,813411 0,000430
конвой 3,912023 0,000299
кондитерская 1,660731 0,000254
конец 0,198451 0,000106
конкурс 1,171183 0,000806
конкурсный 2,207275 0,000169
консалтинг 3,218876 0,000246
константин 1,560648 0,000119
константином 3,506558 0,000268
конструктивизм 1,771957 0,000135
конструктор 2,040221 0,000156
консультативный 2,995732 0,000229
контакт-центр 3,912023 0,000299
континент 1,714798 0,000131
континентальный 0,527633 0,000040
контроль 0,994252 0,000076
контрольно-счетная 2,207275 0,000169
контрреволюционный 3,912023 0,000299
конфессия 1,049822 0,000241
конфиденциальность -0,009950 -0,000001
концепция 0,967584 0,000074
концертный 1,108663 0,000254
конь 2,525729 0,000193
координата 1,347074 0,000103
копие 0,223144 0,000051
кора 1,897120 0,000145
корабль 1,469676 0,000337
корень 1,609438 0,000123
корить 1,309333 0,000100
королевский 2,659260 0,000203
короткий -0,009950 -0,000001
корпус 1,171183 0,000269
корчагин 3,912023 0,000897
косинский 3,912023 0,000598
космонавт 1,514128 0,000579
космос 1,237874 0,000095
кострома 1,171183 0,000179
костромской 2,525729 0,000193
костяной 3,218876 0,000246
котлякова 2,659260 0,000203
который 0,000000 0,000000
кочевский 3,912023 0,000598
кравец 1,386294 0,000106
краевед 1,714798 0,000131
краеведчесеого 3,912023 0,000299
краеведческий 1,108663 0,000085
краевой 1,771957 0,002032
краеугольный 3,218876 0,000246
край 0,544727 0,002540
крайгородакраевого 3,912023 0,000299
красавинский 3,912023 0,000897
красавинского 3,912023 0,000897
красивый 1,660731 0,000127
краска 2,995732 0,000229
краславой 3,912023 0,000299
красновишерск 3,912023 0,000598
красновишерский 3,912023 0,000598
краснодар 1,386294 0,000106
краснокамск 3,912023 0,000897
краснокамска 3,912023 0,000598
краснокамский 3,506558 0,000268
красноуфимском 3,912023 0,000299
красноярск 0,967584 0,000148
красный 0,597837 0,000183
краткий 0,653926 0,000200
краягородские 3,506558 0,000268
краяцентры 2,995732 0,000229
крест 1,309333 0,000100
крестьянский 1,714798 0,000131
кривощекова-гантман 3,912023 0,000299
кризис 1,386294 0,000106
крисанова 3,912023 0,000598
кристалл 2,040221 0,000312
критик 1,560648 0,000119
критика 3,912023 0,000299
кришнаит 3,218876 0,000246
кром 0,235722 0,000144
круглосуточный 2,302585 0,000352
круговорот 2,995732 0,000229
кружок 3,218876 0,000246
крупный 0,210721 0,000596
крушение 3,218876 0,000246
крыло 1,966113 0,000301
крыма 0,843970 0,000065
кубок 1,237874 0,000946
кудряшова 3,506558 0,000268
кудымкар 3,912023 0,000897
кудымкарский 3,912023 0,000897
куединский 3,912023 0,000598
кузнец 1,560648 0,000119
кузьмина 2,659260 0,000610
куйбышева 2,207275 0,000506
куки -0,009950 -0,000001
кукла 0,891598 0,000136
кукольный 2,525729 0,000193
кульминация 2,995732 0,000229
культура 0,356675 0,000409
культурапортал 3,912023 0,000299
культурный 0,597837 0,001005
кунгур 3,912023 0,001495
кунгура 3,912023 0,000299
кунгурский 3,912023 0,001196
кунгурской 3,912023 0,000299
кунгуряки 3,912023 0,000299
купец 1,078810 0,000412
купол 2,407946 0,000184
курган 1,203973 0,000092
курентзис 3,912023 0,000897
курентзиса 3,912023 0,000299
курий 2,995732 0,000229
курс 1,171183 0,000090
курсив 2,813411 0,000215
курсировать 1,514128 0,000116
курьер 2,525729 0,000193
кутузов 3,912023 0,000299
кушва 3,506558 0,000268
лабиринт 3,218876 0,000246
лаишево 3,506558 0,000268
лак 3,218876 0,000246
ласьва 3,912023 0,000299
ласьвы 3,912023 0,000299
латунь 3,218876 0,000246
лауреат 1,609438 0,000246
лебедева 2,995732 0,000229
лев 0,967584 0,000148
левашов 1,660731 0,000127
левитан 3,218876 0,000246
левобережный 1,714798 0,000131
левобережье 1,832581 0,000140
левшино 3,912023 0,000598
левый 1,021651 0,000312
легезо 3,912023 0,000299
легенда 1,469676 0,000225
лед 1,171183 0,000090
ледовый 1,078810 0,000082
лейтенант 2,302585 0,000176
ленин 0,755023 0,000519
ленинанаселенные 2,659260 0,000203
ленинск-кузнецкий 1,347074 0,000103
ленинский 0,941609 0,000144
лента 1,203973 0,000276
леонов 2,659260 0,000203
леонова 2,995732 0,000229
лес 0,733969 0,000786
лесничество 2,995732 0,000229
лесной 0,843970 0,000065
лесопарк 1,897120 0,000145
лет 0,597837 0,000046
летие 1,309333 0,000100
летию 1,078810 0,000412
летия 1,108663 0,000170
летний 0,579818 0,000222
летопись 1,237874 0,000189
лечебный 1,771957 0,000271
лечение 1,897120 0,000145
лещев 3,506558 0,000268
либерализм 3,912023 0,000897
лига 0,941609 0,000432
лидер 1,237874 0,000095
лик 2,407946 0,000184
ликвидация 1,609438 0,000246
линия 0,462035 0,000177
лион 3,912023 0,000299
лиоплевродона 3,912023 0,000299
липовый 2,813411 0,000215
литература 0,051293 0,000012
литературный 0,867501 0,000066
лицей 1,347074 0,000103
лицензия -0,009950 -0,000004
лицо 0,673345 0,000051
лично 2,302585 0,000176
личное 1,714798 0,000131
личной 1,469676 0,000112
лишь 0,478036 0,000146
лог 2,207275 0,000169
локальный 0,673345 0,000051
лось 2,407946 0,000184
лояльный 3,506558 0,000268
луганск 1,203973 0,000092
луисвилл 3,912023 0,000598
луисвилль 3,912023 0,000299
лукойл 2,525729 0,000193
лукойл-пермнефтегазпереработка 3,912023 0,000299
лукойл-пермнефтеоргсинтез 3,912023 0,000299
лукойл-пермьнефтеоргсинтез 3,912023 0,000299
лукоянов 3,506558 0,000268
лучшее 1,427116 0,000218
лучший 0,776529 0,000059
лыжный 1,897120 0,000290
лыкова 3,218876 0,000246
лысьва 1,347074 0,000309
лысьвенский 3,912023 0,000299
люба 1,469676 0,000112
любимовой 3,912023 0,000299
любить 1,832581 0,000140
людейнаселенные 2,995732 0,000229
люди 0,755023 0,000173
лютеранство 3,218876 0,000246
ляда 3,912023 0,001196
магадан 1,237874 0,000095
магазин 1,272966 0,000487
магдалина 3,218876 0,000246
магистраль 0,867501 0,000265
магнат 3,912023 0,000299
магнит 1,609438 0,000123
магнитогорск 1,272966 0,000097
май 0,127833 0,000498
макаров 1,660731 0,000127
макса 1,897120 0,000145
максим 1,237874 0,000095
максимальный 0,867501 0,000199
максимова 2,659260 0,000407
максимум 0,579818 0,000089
маленький 2,040221 0,000156
мало 0,579818 0,000044
малой 0,776529 0,000237
малочисленный 2,813411 0,000215
малый 0,139262 0,000032
манхэттене 3,912023 0,000299
марат 3,912023 0,000299
марата 3,218876 0,000246
марии 2,040221 0,000156
мариинский 1,469676 0,000337
марис-арт 3,912023 0,000299
марка 0,733969 0,000449
маркова 2,407946 0,000184
март 0,116534 0,000472
маршрут 0,673345 0,000257
маршрутный 1,049822 0,000241
маска 2,659260 0,000203
масса 0,916291 0,000070
массив 0,891598 0,000136
массовый 0,494296 0,000189
мастер 1,171183 0,000090
мастер-план 3,912023 0,000598
масштабный 1,139434 0,000087
математик 1,347074 0,000206
материал -0,009950 -0,000005
мать 1,203973 0,000092
мауэра 3,912023 0,000299
махонин 3,912023 0,000299
машиностроение 1,049822 0,000161
машиностроитель 2,995732 0,000229
машиностроительный 1,347074 0,000103
маяковский 2,995732 0,000229
мвд 1,309333 0,000300
мгуту 3,218876 0,000246
мебельный 2,525729 0,000193
мегалодона 3,912023 0,000299
мегаполис 2,040221 0,000156
мегафон 1,237874 0,000095
медведь 1,660731 0,001270
медеплавильный 2,995732 0,000916
медиалогия 3,912023 0,000598
медиафайлы 0,301105 0,000023
медико-социальной 3,506558 0,000536
медицинский 0,653926 0,000450
медный 2,525729 0,000193
медь 2,040221 0,000156
межвузовский 2,659260 0,000407
междугородная 1,832581 0,000140
международный 0,385662 0,000354
межконфессиональный 3,912023 0,000299
межмуниципальный 2,525729 0,000193
межрегионгаз 2,995732 0,000229
мемориал 1,514128 0,000116
мемориальный 1,139434 0,000174
менделеевск 3,506558 0,000268
меннонит 3,912023 0,000299
мера 0,820981 0,000063
меридиональный 2,525729 0,000193
мероприятие 0,916291 0,000210
местн 3,912023 0,000299
местный 0,478036 0,000475
место 0,139262 0,000256
местоположение 1,660731 0,000254
месторождение 1,427116 0,000109
месяц 0,415515 0,000032
месяцевикипедия 0,776529 0,000059
металлический 1,771957 0,000135
метеор 2,407946 0,000552
метр 0,653926 0,000050
метро 1,272966 0,000292
метрополитен 1,609438 0,000246
механик 1,832581 0,000140
меценат 2,302585 0,000176
мечеть 0,994252 0,000228
мешать 1,897120 0,000145
мешкова 3,912023 0,001196
мещанин 2,995732 0,000229
миа 3,912023 0,000299
миасс 1,309333 0,000100
мигрант 2,659260 0,000203
микромобильности 3,912023 0,000299
микрорайон 0,916291 0,000490
милиционер 2,659260 0,000203
милиция 2,120264 0,000324
миллион 0,776529 0,000178
миллионник 2,813411 0,000215
миллионный 1,771957 0,000135
мильграма 3,912023 0,000299
минеральный 1,139434 0,000261
мини-футбол 2,813411 0,000215
минимальный 1,347074 0,000103
минимум 0,653926 0,000100
минин 2,813411 0,000215
министерство 0,653926 0,000150
минск 1,714798 0,000131
минута 1,272966 0,000195
мир 0,094311 0,000072
мирбис 3,912023 0,000299
миссионерский 3,218876 0,000246
митинг 2,302585 0,000176
митрополия 1,660731 0,000127
михаил 0,916291 0,000350
михаила 1,171183 0,000179
михаилом 2,813411 0,000430
михайловичем 3,218876 0,000246
михайловой 3,912023 0,000299
михайлюк 3,912023 0,000299
мку 3,912023 0,000299
млн 0,462035 0,000106
млрд 0,820981 0,000063
мнение 0,634878 0,000243
многие 0,356675 0,000136
много 0,150823 0,000035
многолетний 1,560648 0,000119
многообразный 3,912023 0,000299
многоотраслевой 3,506558 0,000268
многотрудный 3,506558 0,000268
многочисленный 0,693147 0,000212
множество 0,462035 0,000106
мобильный -0,009950 -0,000001
модель 0,891598 0,000068
модерах 3,912023 0,000598
модераха 3,912023 0,000299
модераху 3,912023 0,000299
модерн 1,609438 0,000123
модернизация 1,660731 0,000127
модуль 0,562119 0,000086
молния 2,813411 0,000215
молодежный 1,078810 0,000247
молот 2,525729 0,001738
молот-прикамье 3,912023 0,000299
молотова 3,506558 0,000804
молотовапереименованные 3,912023 0,000299
молотове 3,912023 0,000598
молотово 3,912023 0,000299
молотовская 3,912023 0,000598
молотовский 3,912023 0,000598
молотовского 3,912023 0,000299
молотовской 3,912023 0,000299
молочный 2,040221 0,000156
момент 0,527633 0,000040
монастырский 2,302585 0,000352
монастырь 0,867501 0,000066
монголии 2,659260 0,000203
монета 0,994252 0,000304
мониторинг 1,108663 0,000085
монополист 3,506558 0,000268
монумент 1,272966 0,000487
монументальный 1,714798 0,000131
мончегорск 1,347074 0,000103
море 0,562119 0,000258
морион 3,912023 0,000598
морихиро 3,912023 0,000299
мормон 3,506558 0,000268
москва 0,400478 0,000214
москвапермь 3,912023 0,000299
москвой 1,237874 0,000095
москву 1,139434 0,000087
москвы 0,653926 0,000050
московский 0,527633 0,000242
мост 0,713350 0,001745
мотив 2,120264 0,000162
мотовилиха 3,912023 0,000897
мотовилихе 3,912023 0,001196
мотовилихи 3,912023 0,000299
мотовилихинские 3,912023 0,000598
мотовилихинский 3,912023 0,001196
мотовилихинских 3,912023 0,000299
мотовилихинского 3,912023 0,000299
мотовилихой 3,912023 0,000598
мотовозоремонтный 3,912023 0,000299
моторостроительный 2,813411 0,000860
мочь -0,009950 -0,000002
мощность 1,386294 0,000106
мск 0,843970 0,000065
мсква 3,912023 0,000299
мсэ 3,912023 0,000299
мтс 1,237874 0,000284
мужской 1,108663 0,000254
мужчина 1,347074 0,000206
муза 2,120264 0,000162
музей 0,653926 0,001150
музей-диорама 3,506558 0,000268
музыка 0,941609 0,000072
музыкальный 0,867501 0,000133
мулла 3,506558 0,000268
мультижанрового 3,912023 0,000299
мулянка 3,912023 0,000299
мулянку 3,912023 0,000299
муниципальный 0,713350 0,001745
мурчисон 3,912023 0,000299
мурчисоном 3,912023 0,000299
мусор 1,897120 0,000145
мусульман 1,171183 0,000179
мусульманский 1,514128 0,000116
мусульманство 3,912023 0,000299
муфтият 2,995732 0,000229
мухтасибат 3,506558 0,000268
мфа 2,995732 0,000229
мыть 3,218876 0,000246
мэрия 1,560648 0,000358
мэси 3,506558 0,000268
мясокомбинат 1,966113 0,000150
набережная 0,891598 0,000750
навигация -0,009950 -0,000002
навстречу 3,218876 0,000246
наглядно 2,995732 0,000229
нагорный 2,302585 0,000528
награда 0,798508 0,000122
наградить 0,941609 0,000144
название 0,105361 0,000129
назвать 0,371064 0,000142
наземный 1,609438 0,000123
назначение 1,108663 0,000085
назначить 1,203973 0,000276
называть 0,174353 0,000040
называться 0,328504 0,000100
наиболее 0,139262 0,000032
наименование 0,994252 0,000076
наименовать 3,506558 0,000268
найти 0,733969 0,000112
наказание 2,120264 0,000162
наличие 0,867501 0,000133
намереваться 3,218876 0,000246
наместник 2,407946 0,000184
наместничество 1,514128 0,000347
намечать 3,912023 0,000299
напольских 3,912023 0,000299
направление 0,385662 0,000265
направо 1,560648 0,000119
например 0,328504 0,000151
напротив 1,237874 0,000095
нарекание 3,218876 0,000246
народный 0,616186 0,000330
насаждение 1,469676 0,000562
население 0,462035 0,002861
населить 0,597837 0,000731
наследие 0,713350 0,000109
наследник 2,407946 0,000184
настоящее 0,287682 0,000066
настроить 2,407946 0,000184
наступать 0,843970 0,000065
наступление 1,714798 0,000131
насчитывать 1,203973 0,000092
наталья 1,660731 0,000127
наука 0,235722 0,000108
научно-исследовательский 0,798508 0,000061
научно-методическую 3,912023 0,000299
научно-образовательный 0,967584 0,000074
научно-производственная 3,912023 0,000299
научно-производственный 2,995732 0,000229
научно-просветительские 3,912023 0,000598
научный 0,248461 0,000228
находиться 0,174353 0,000173
находка 0,994252 0,000076
национальность 0,867501 0,000133
национальный 0,342490 0,000183
начало 0,116534 0,000214
началось 0,616186 0,000141
начальник 1,660731 0,000127
начальный 0,967584 0,000148
начать 0,510826 0,000078
начинать 1,049822 0,000080
начинаться 0,527633 0,000121
начиная 0,733969 0,000056
начислить 2,207275 0,000169
наш 0,527633 0,000121
нг-сценарии 3,912023 0,000299
небо 1,272966 0,000097
небольшой 0,494296 0,000038
невзгода 3,912023 0,000299
невозможность 2,407946 0,000184
неврологический 3,506558 0,000268
негосударственный 1,386294 0,000318
недалеко 1,469676 0,000112
недатированной 3,912023 0,000299
недвижимый 3,506558 0,000268
недолгий 3,506558 0,000268
недостаток 0,579818 0,000044
недостаточный 2,040221 0,000156
недоступный 0,446287 0,000171
независимый 1,049822 0,000080
незначительный 1,660731 0,000254
неизвестный 1,609438 0,000246
некий 2,207275 0,000169
некоммерческий -0,009950 -0,000002
некорректно 1,897120 0,000145
некоторые 0,127833 0,000029
некрополь 2,120264 0,000162
немцы-лютеране 3,506558 0,000268
неоднозначный 2,995732 0,000229
неоднократно 1,139434 0,000174
неофициально 2,302585 0,000176
неофициальный 1,139434 0,000087
непосредственно 0,478036 0,000073
непригодный 3,218876 0,000246
непродолжительный 2,813411 0,000215
нерабочий 0,994252 0,000076
нерасчетный 3,912023 0,000299
нерода 3,912023 0,000299
несколько 0,116534 0,000071
нести 1,609438 0,000246
нефтегазоперерабатывающий 3,912023 0,000299
нефтегазопереработка 3,912023 0,000299
нефтекамский 3,912023 0,000299
нефтеперерабатывающий 2,302585 0,000176
нефтепромысловый 3,912023 0,000299
нефтехимический 1,966113 0,000150
нефтехимия 2,813411 0,000215
нефтяник 2,302585 0,000176
нефтяной 1,514128 0,000116
нигде 2,525729 0,000193
ниже 0,693147 0,000159
нижегородский 1,832581 0,000280
нижнее 0,916291 0,000070
нижнекамск 2,995732 0,000229
нижнекамский 3,218876 0,000246
нижний 0,494296 0,000189
низкий 0,843970 0,000065
низовье 1,966113 0,000150
никитин 2,302585 0,000176
никитич 3,912023 0,000299
николаев 2,407946 0,000184
николаевич 1,309333 0,000100
николай 0,867501 0,000133
николая 0,916291 0,000070
николо-березовка 3,912023 0,000299
никулина 3,218876 0,000246
новгород 0,867501 0,000199
новое 0,287682 0,000264
новокузнецк 1,272966 0,000097
новомет 3,912023 0,000299
новомосковск 1,203973 0,000092
новорожденный 3,218876 0,000246
новосибирск 0,916291 0,000140
новость 0,544727 0,000458
новый 0,083382 0,000204
номер 0,634878 0,000194
номерной 2,659260 0,000203
номинал 1,771957 0,000271
норвежский 0,248461 0,000019
норильск 1,203973 0,000092
норма 0,597837 0,000137
нормативный 1,897120 0,000145
носить 0,798508 0,000061
нота 2,813411 0,000215
нотозавра 3,912023 0,000299
ночевка 3,912023 0,000299
ночное 2,659260 0,000203
ночь 1,309333 0,000300
нояб 0,820981 0,000063
ноябрь 0,127833 0,000283
нпо 2,207275 0,000169
нужда 1,237874 0,000189
нумизматика 1,966113 0,000301
нумизматический 2,995732 0,000229
нцссх 3,912023 0,000299
ныне 0,653926 0,000200
нынешний 1,021651 0,000078
нытва 3,912023 0,000897
нытвенский 3,912023 0,000598
нытвой 3,912023 0,000299
оао 0,916291 0,000210
оба 0,597837 0,000091
обвинять 2,813411 0,000215
обелиск 2,407946 0,000184
обеспечение 0,634878 0,000049
обеспечивать 0,415515 0,000032
обзор 1,078810 0,000082
обитатель 2,120264 0,000162
обладатель 1,514128 0,000232
обладать 0,843970 0,000194
областной 0,994252 0,000760
область 0,150823 0,000265
облисполком 2,813411 0,000215
обновить 1,203973 0,000092
обновление 1,203973 0,000092
обновлениявикипедия 1,771957 0,000135
обозначать 1,609438 0,000123
обозначение 1,386294 0,000106
оборона 1,108663 0,000254
оборот 1,139434 0,000087
оборудование 0,653926 0,000100
оборудовать 1,897120 0,000145
обоснование 1,966113 0,000150
образец 1,203973 0,000368
образование 0,356675 0,001009
образовательный 0,891598 0,000477
образовать 0,385662 0,000118
обращение 0,030459 0,000414
обслуживание 0,941609 0,000144
обстановка 1,386294 0,000106
обсудить 2,302585 0,000176
обсуждаться 1,897120 0,000145
обустроить 2,813411 0,000430
обучаться 1,560648 0,000119
обход 1,469676 0,000449
обширный 1,078810 0,000082
общегородской 2,040221 0,000468
общее 0,301105 0,000092
общеобразовательный 1,021651 0,000312
общепрофильные 3,912023 0,000299
общероссийский 1,427116 0,000218
общественник 3,218876 0,000246
общественно-деловые 3,912023 0,000299
общественно-политических 2,525729 0,000193
общественно-политической 2,995732 0,000229
общественный 0,494296 0,000302
общество 0,415515 0,000095
общий 0,186330 0,000100
община 1,078810 0,000577
объединение 0,776529 0,000119
объединить 0,867501 0,000066
объединять 1,108663 0,000085
объект 0,235722 0,000108
объем 0,400478 0,000061
объявление 1,966113 0,000150
объяснить 1,966113 0,000150
объяснять 1,832581 0,000140
обыватель 3,218876 0,000246
обычно 0,693147 0,000053
обязанность 1,347074 0,000103
овраг 1,660731 0,000254
ограда 2,302585 0,000176
ограничение 1,237874 0,000095
ограничить 0,653926 0,000050
одержать 2,525729 0,000193
один 0,051293 0,000063
однако 0,174353 0,000013
одновременно 0,776529 0,000059
одобрить 1,897120 0,000145
ожидать 1,272966 0,000097
озеленение 2,040221 0,000312
оказание 2,120264 0,000162
оказывать 0,867501 0,000265
окато 0,820981 0,000126
океанариум 2,525729 0,000386
околоцентре 3,912023 0,000299
окрестность 0,941609 0,000072
округ 0,562119 0,000902
округаскрытые 3,912023 0,000299
окружать 0,755023 0,000404
оксфорд 3,506558 0,000804
окт 0,798508 0,000061
октмо 0,843970 0,000065
октябрь 0,072571 0,000322
октябрьский 0,776529 0,000356
окулова 3,912023 0,000299
олег 1,427116 0,000109
олегович 3,506558 0,000268
олень 2,207275 0,000169
олимпия 2,813411 0,000215
ольга 1,347074 0,000206
омрачить 3,912023 0,000299
омск 1,021651 0,000156
онкологический 1,897120 0,000145
онлайн 0,198451 0,000015
оный 2,813411 0,000430
ооо 0,843970 0,000065
опасность 1,832581 0,000140
опасный 1,272966 0,000097
опер 1,469676 0,000786
оператор 0,941609 0,000360
операция 0,776529 0,000059
оперно-балетным 3,912023 0,000299
оперный 1,897120 0,000145
описание -0,009950 -0,000005
описывать 1,427116 0,000109
оплачивать 2,995732 0,000229
определение 0,967584 0,000074
определить 0,527633 0,000121
опровергнуть 3,218876 0,000246
оптик 2,659260 0,000203
оптимизация 2,207275 0,000169
оптоволоконный 3,912023 0,000299
опубликовать 0,891598 0,000068
опыт 1,427116 0,000109
орган 0,616186 0,000565
организатор 1,771957 0,000135
организация -0,009950 -0,000009
организовать 0,634878 0,000194
органный 1,966113 0,000301
орден 0,891598 0,000204
орджоникидзе 2,040221 0,000156
орджоникидзевский 2,813411 0,000430
ординский 3,912023 0,000598
оренбургом 3,506558 0,000268
оригинал 0,139262 0,000405
ориентация 2,995732 0,000229
ориентир 3,506558 0,000268
орленок 2,995732 0,000229
орск 1,272966 0,000097
ортодоксальный 3,218876 0,000246
оружие 1,203973 0,000092
оса 3,912023 0,000897
осадок 0,544727 0,000167
освещение 2,120264 0,000648
освятить 1,560648 0,000119
осинский 3,506558 0,000536
осипов 0,527633 0,000040
основа 0,210721 0,000064
основание 0,494296 0,000491
основатель 0,967584 0,000148
основать 0,274437 0,000252
основное 0,235722 0,000054
основной 0,040822 0,000094
особа 1,966113 0,000301
особенно 0,562119 0,000043
особенность 0,693147 0,000053
особо 1,237874 0,000189
особый 0,776529 0,000178
оставаться 0,544727 0,000042
остановиться 2,120264 0,000162
остаться 0,867501 0,000199
осудить 2,525729 0,000193
осуществить 1,237874 0,000189
осуществление 1,427116 0,000109
осуществлять 0,597837 0,000274
осуществляться 0,616186 0,000330
отбыть 3,912023 0,000299
отв 0,755023 0,000058
ответственность -0,009950 -0,000001
отвод 3,218876 0,000246
отдалить 2,302585 0,000176
отдел 1,171183 0,000090
отделение 0,713350 0,000436
отдельно 2,120264 0,000162
отдельный -0,009950 -0,000005
отдых 0,941609 0,000216
отечественный 0,634878 0,000097
отзыв 2,525729 0,000193
отказ -0,009950 -0,000001
отказать 3,218876 0,000246
отклонение 2,813411 0,000215
открытие 0,616186 0,000565
открыто 1,078810 0,000495
открыть 0,150823 0,000346
открыться 0,820981 0,000502
отличаться 0,342490 0,000079
отменить 1,427116 0,000218
отметка 1,386294 0,000106
отмечать 1,078810 0,000082
отмечаться 0,994252 0,000076
относительно 0,415515 0,000032
относиться 0,328504 0,000050
отношение 0,430783 0,000099
отозвать 2,995732 0,000229
отправиться 2,040221 0,000156
отправляться 1,427116 0,000109
отправной 2,995732 0,000229
отрасль 0,653926 0,000200
отредактировать -0,009950 -0,000002
отреставрировать 2,040221 0,000156
отснять 3,506558 0,000268
отступление 2,525729 0,000193
отчет 1,272966 0,000097
отчий 2,813411 0,000215
отягчать 3,912023 0,000299
офис 1,560648 0,000239
офицер 1,660731 0,000127
официально 0,693147 0,000106
официальный 0,356675 0,000327
оформить 1,514128 0,000116
ох 1,347074 0,000103
оханск 3,912023 0,001196
оханская 3,912023 0,000299
оханский 3,912023 0,000598
охрана 0,843970 0,000516
оценка 0,400478 0,000153
очаг 2,995732 0,000229
очень 0,494296 0,000113
очер 3,912023 0,000598
очередь 0,510826 0,000312
очерк 0,733969 0,000224
очером 3,912023 0,000299
очерский 3,912023 0,000598
очко 2,995732 0,000229
ошибка 0,994252 0,000076
ошибкекак -0,009950 -0,000001
павел 1,078810 0,000495
павленко 3,912023 0,000299
павловичем 3,506558 0,000268
пакет 1,427116 0,000109
палата 1,347074 0,000206
палеоботанический 3,912023 0,000299
палеонтология 3,218876 0,000246
памятник 0,597837 0,001051
памятный 0,798508 0,000183
память 0,820981 0,000063
панова 3,506558 0,000268
пановой 3,912023 0,000598
панорама 1,203973 0,000092
панфилова 3,218876 0,000246
парализовать 3,218876 0,000246
параллельно 1,237874 0,000095
параметрамивикипедия 2,207275 0,000169
парк 0,653926 0,001000
парковка 2,120264 0,000486
парковый 1,609438 0,000123
парламентский 2,813411 0,000215
парма 3,506558 0,000804
пармы 3,912023 0,000299
пароходство 1,832581 0,000280
партия 1,514128 0,000116
партнерство 1,771957 0,000135
парусный 2,207275 0,000337
пассажир 1,272966 0,000097
пассажиропоток 1,609438 0,000123
пассажирский 0,941609 0,000072
пастернак 3,506558 0,000804
паульсен 3,506558 0,000536
пацан 2,995732 0,000458
пбк 3,912023 0,000598
пгма 3,912023 0,000299
пгниу 3,912023 0,000598
пгпу 3,506558 0,000268
пгса 3,912023 0,000299
пгту 3,912023 0,000299
пгу 3,218876 0,000246
пгфа 3,912023 0,000299
певец 1,832581 0,000140
педагогический 0,867501 0,000398
педиатрический 3,506558 0,000268
пединститут 3,912023 0,000299
пенза 1,108663 0,000085
первое 0,150823 0,000184
первый 0,162519 0,000224
перебой 3,218876 0,000246
перевезти 1,897120 0,000145
перевернуться 3,912023 0,000299
перевести 0,994252 0,000228
перевозиться 2,659260 0,000203
перевозка 0,891598 0,000204
передать 0,798508 0,000061
переименовать 0,941609 0,000216
перейти -0,009950 -0,000002
переменная 2,302585 0,000176
перемь 3,912023 0,000299
перенести 0,994252 0,000076
перенос 1,560648 0,000119
переориентировать 3,912023 0,000299
переписной 1,714798 0,000131
перепись 0,755023 0,001039
перераб 1,609438 0,000123
пересекать 1,966113 0,000150
пересечение 1,171183 0,000179
перестать 1,714798 0,000131
перестройка 1,771957 0,000271
переть 1,108663 0,000085
переулок 1,514128 0,000116
переходить 1,237874 0,000095
перечень 1,108663 0,000085
перечислить 1,966113 0,000301
период 0,274437 0,000378
периодический 1,560648 0,000119
перм 3,912023 0,000897
перма 3,912023 0,000598
перме 3,912023 0,000299
перми 2,407946 0,055408
пермия 3,912023 0,000299
пермский 1,966113 0,044339
перму 3,912023 0,000299
пермь 0,994252 0,012389
пермь-котласская 3,912023 0,000299
пермь-петербург-париж 3,912023 0,000299
пермьдо 3,912023 0,000299
пермьстат 3,912023 0,000897
пермьстата 3,912023 0,000299
пермью 2,813411 0,000860
пермэнерго 3,912023 0,000299
пермяк 3,218876 0,001476
перо 2,407946 0,000184
перпендикулярно 2,813411 0,000430
перпендикулярный 2,525729 0,000193
перская 3,912023 0,000299
персонал 2,040221 0,000156
персональный -0,009950 -0,000001
перспективный 1,966113 0,000301
пертурбационный 3,506558 0,000268
перьмь 3,912023 0,000299
петра 1,078810 0,000330
петрович 1,897120 0,000145
петровский 1,514128 0,000232
петроградский 3,218876 0,000492
петропавловский 2,525729 0,000386
петропавловского 3,506558 0,000268
петропавловской 3,218876 0,000492
печататься 2,407946 0,000184
печатный 1,021651 0,000234
печать -0,009950 -0,000003
печенкин 3,506558 0,000268
пешеходный 1,560648 0,000119
пила 2,995732 0,000229
пиломатериал 3,506558 0,000268
пилотный 2,659260 0,000203
пилявского 3,912023 0,000299
пиотровский 3,912023 0,000299
пиотровских 3,912023 0,000299
писатель 0,916291 0,000070
писать 0,820981 0,000126
письмо 1,237874 0,000095
питомник 3,218876 0,000246
питье 3,912023 0,000299
пищевой 0,916291 0,000140
пкдб 3,912023 0,000299
плавиться 3,912023 0,000299
план 0,527633 0,000605
планетарий 1,832581 0,001401
планирование 1,427116 0,000109
планировать 1,272966 0,000292
планироваться 0,891598 0,000341
планировка 1,427116 0,000764
планкированную 3,912023 0,000299
плат 1,771957 0,000135
племя 1,514128 0,000116
плеханова 2,302585 0,000528
плотина 1,514128 0,000116
плотность 0,634878 0,000049
плохой 2,040221 0,000156
площадка 0,867501 0,000133
площадь 0,385662 0,000442
плюс 1,272966 0,000097
пнипу 3,912023 0,000299
победа 0,755023 0,000173
победитель 1,514128 0,000116
победный 3,912023 0,000299
побережье 1,171183 0,000090
побить 2,525729 0,000193
побратимский 1,771957 0,000271
поведение -0,009950 -0,000001
повелеваться 3,912023 0,000299
повера 3,912023 0,000299
повести 1,832581 0,000280
повесть 2,407946 0,000184
повод 1,897120 0,000145
поволжья 1,714798 0,000131
повышение 1,078810 0,000082
погибнуть 1,469676 0,000225
погибший 1,203973 0,000092
поглотить 2,207275 0,000169
погода 0,693147 0,000106
подавлять 1,771957 0,000135
подарить 2,207275 0,000169
подарок 2,525729 0,000193
подвеска 3,506558 0,000268
подводной 1,514128 0,000232
подготовить 1,386294 0,000212
подготовка 0,916291 0,000070
поддержание 2,407946 0,000184
поддержка 0,653926 0,000200
подключение 2,407946 0,000184
подлежать 2,120264 0,000162
подлинный 2,813411 0,000215
подобный 0,994252 0,000152
подольск 1,272966 0,000097
подписать 0,941609 0,000072
подпольный 2,407946 0,000184
подробность 2,407946 0,000184
подросток 2,407946 0,000184
подстанция 2,302585 0,000176
подступ 2,659260 0,000203
подтвердить 1,309333 0,000100
подтверждение 1,771957 0,000135
подходить 1,386294 0,000106
подчинить 1,347074 0,000103
подъезд 1,897120 0,000145
поезд 1,021651 0,000234
поездка 2,120264 0,000486
пожар 1,171183 0,000090
пожарная 2,207275 0,000169
позволить 0,967584 0,000148
позволять 0,462035 0,000035
поздний 1,171183 0,000179
поздно 0,713350 0,000055
позже 0,733969 0,000056
позитивное 3,506558 0,000536
позиция 1,347074 0,000309
поиск -0,009950 -0,000002
пойти 1,897120 0,000145
пока 0,843970 0,000065
показатель 0,494296 0,000113
покров 0,843970 0,000065
покровской 2,995732 0,000458
пол 0,446287 0,000171
полазна 3,912023 0,000299
полгода 2,995732 0,000229
полдень 0,916291 0,000070
поленов 2,995732 0,000229
полет 1,609438 0,000246
полиграфический 2,302585 0,000176
полиграфия 3,218876 0,000246
поликлиника 1,309333 0,000200
политехнический 1,560648 0,000597
политик -0,009950 -0,000005
политика 2,995732 0,000229
политический 0,597837 0,000274
полностью 0,400478 0,000061
полный 0,328504 0,000100
половина 0,430783 0,000132
положение 0,415515 0,000222
полоса 0,916291 0,000070
получить 0,150823 0,000092
пользование 1,609438 0,000492
пользоваться 1,139434 0,000087
польский 1,347074 0,000206
поляк 0,820981 0,000126
полякова 2,813411 0,000215
поляна 1,427116 0,000109
поместить 1,609438 0,000123
помещение 1,560648 0,000358
помимо 0,562119 0,000215
помочь 1,171183 0,000090
помощь 0,342490 0,000157
понт 2,659260 0,000203
пообещать 2,995732 0,000229
поп 1,966113 0,000150
попасть 1,049822 0,000080
попов 2,207275 0,000506
популярный 0,891598 0,000068
попытка 1,272966 0,000097
пора 0,776529 0,000119
порасти 2,659260 0,000203
порода 1,427116 0,000109
пороховой 2,813411 0,000215
порт 0,733969 0,000449
портал 0,342490 0,000052
порядковый 1,609438 0,000123
посадка 1,897120 0,000145
посвятить 0,634878 0,000194
поселение 0,634878 0,000631
поселиться 2,407946 0,000184
поселковый 2,813411 0,000215
поселок 0,634878 0,000485
посетитель 1,771957 0,000135
посетить 1,203973 0,000276
послевоенный 1,309333 0,000100
последний -0,009950 -0,000002
последствие 1,427116 0,000109
последующий 1,272966 0,000195
послужить 1,469676 0,000112
посмотреть 2,407946 0,000184
посох 3,912023 0,000299
пост 1,078810 0,000165
поставить 1,021651 0,000234
постановка 2,120264 0,000324
постановление 0,891598 0,000136
постепенно 0,867501 0,000066
постоянно 1,108663 0,000170
постоянный 0,579818 0,000399
пострадать 1,660731 0,000254
построить 0,301105 0,000322
постройка 0,867501 0,000265
постсоветский 1,609438 0,000615
поступать 1,609438 0,000123
потенциал 0,967584 0,000074
потерпеть 2,407946 0,000184
потребительский 1,832581 0,000280
похитить 3,506558 0,000268
почетный 0,820981 0,000126
починка 2,995732 0,000229
почта 1,309333 0,000400
почтовый 0,653926 0,000300
поэт 1,049822 0,000080
поэтому 0,616186 0,000094
появиться 0,248461 0,000228
появляться 0,733969 0,000112
пояс 0,597837 0,000137
пояснительный 2,120264 0,000162
ппи 3,912023 0,000598
правда 0,820981 0,000314
правило 0,478036 0,000073
правительственный 1,832581 0,000140
правительство 0,510826 0,000117
править -0,009950 -0,000125
правка 0,274437 0,000021
правкиновые -0,009950 -0,000001
правкипостоянная -0,009950 -0,000001
правление 1,386294 0,000212
право 0,314711 0,000192
правобережный 1,832581 0,000560
правобережье 1,966113 0,000150
правовой 1,021651 0,000078
православие 1,386294 0,000318
православный 0,755023 0,000404
правый 0,798508 0,000122
празднование 1,309333 0,000200
пребывание 1,832581 0,000420
превысить 1,427116 0,000218
предвоенный 3,506558 0,000268
предел 0,400478 0,000122
предлагать 1,514128 0,000116
предложить 0,820981 0,000126
предмет 0,713350 0,000164
предок 1,832581 0,000140
предоставлять 0,713350 0,000164
предписываться 3,218876 0,000246
предположение 1,897120 0,000145
предпочитать 2,407946 0,000184
предпринимательский 2,659260 0,000610
предпринимательство 1,714798 0,000131
предприниматься 2,813411 0,000215
предпринять 2,040221 0,000156
предприятие 0,527633 0,000605
председ 1,203973 0,000092
председатель 0,916291 0,000280
представитель 0,653926 0,000100
представительный 1,237874 0,000095
представительство 0,994252 0,000152
представить 0,328504 0,000276
представиться -0,009950 -0,000001
представление 0,776529 0,000059
представлять 0,328504 0,000025
предуралье 2,813411 0,000215
предусматривать 1,386294 0,000212
предусмотреть 1,427116 0,000109
преемник 2,207275 0,000169
прежде 1,049822 0,000161
прежний 1,021651 0,000078
презентовать 3,218876 0,000246
президент 0,597837 0,000091
президиум 1,171183 0,000448
преимущественно 0,776529 0,000119
преимущество 1,514128 0,000116
прекратить 0,916291 0,000140
премия 1,272966 0,000097
премьер 1,966113 0,000150
премьер-лиге 2,813411 0,000430
преобладать 0,713350 0,000109
преображенского 2,995732 0,000229
преображенскому 3,912023 0,000598
преобразовать 0,967584 0,000222
прервать 2,525729 0,000193
пресвитерианин 3,506558 0,000268
прибалтийско-финскую 3,912023 0,000299
приблизительный 3,506558 0,000268
приборостроительный 1,966113 0,000150
прибрежный 1,386294 0,000106
прибыть 1,514128 0,000232
привести 0,356675 0,000055
приводиться 2,407946 0,000184
приволжский 1,609438 0,000246
пригород 1,714798 0,000131
пригородный 0,967584 0,000148
приезд 3,218876 0,000492
прием 1,347074 0,000206
признание 0,867501 0,000066
признать 0,494296 0,000038
признаться 2,207275 0,000169
приказ 1,203973 0,000092
прикамский 3,912023 0,000598
прикамье 2,995732 0,002061
прикладной 1,078810 0,000082
приложение 0,733969 0,000168
применять 0,510826 0,000078
применяться 1,139434 0,000087
пример 0,527633 0,000081
примерно 0,634878 0,000146
примечание -0,009950 -0,000002
примкнуть 3,506558 0,000268
принадлежать 0,755023 0,000173
принимать 0,634878 0,000097
принцип 0,867501 0,000133
принятие 1,560648 0,000119
принять 0,248461 0,000057
приобрести 1,139434 0,000087
приобье 3,218876 0,000246
приоритетный 2,040221 0,000156
приостановить 1,609438 0,000246
природа 0,653926 0,000150
природоохранный 2,302585 0,000176
природопользование 2,525729 0,000193
прирост 1,309333 0,000100
присвоение 1,139434 0,000087
присвоить 0,798508 0,000122
пристань 1,427116 0,000109
присутственный 2,302585 0,000176
присутствие 1,514128 0,000232
присутствовать 1,021651 0,000078
приток 1,078810 0,000082
приурочиваться 3,912023 0,000299
приходиться 0,693147 0,000053
приходский 2,813411 0,000215
причем 0,994252 0,000076
причина 0,562119 0,000043
причислить 2,525729 0,000193
приют 2,525729 0,000193
проблема 0,274437 0,000084
проведение 0,673345 0,000051
проверять 0,820981 0,000063
провести 0,579818 0,000089
провинциальный 2,302585 0,000176
проводить 0,843970 0,000258
проводиться 0,653926 0,000200
проводник 2,659260 0,000203
проводной 2,040221 0,000624
провозгласить 2,040221 0,000156
программа 0,415515 0,000127
прогресс 1,309333 0,000100
прогуливаться 3,506558 0,000268
продавать 2,302585 0,000176
продажа 1,514128 0,000116
продвижение 2,040221 0,000156
продлить 2,120264 0,000162
продолжаться 1,049822 0,000161
продолжение 1,347074 0,000103
продолжить 1,771957 0,000135
продукция 0,941609 0,000288
продюсер 3,506558 0,000268
проезд 1,171183 0,000179
проект -0,009950 -0,000014
проектахцитаты 2,525729 0,000193
проектироваться 2,407946 0,000184
проектный 1,514128 0,000116
проживание 1,832581 0,000140
проживать 0,776529 0,000119
произведение 1,021651 0,000156
произвести 1,203973 0,000092
производить 0,916291 0,000140
производственный 1,078810 0,000082
производство 0,527633 0,000282
произн 3,912023 0,000299
произойти 0,430783 0,000165
происходить 0,328504 0,000151
происхождение 0,776529 0,000178
происшествие 2,207275 0,000169
пройти 0,544727 0,000125
прокат 2,120264 0,000162
прокопия 2,995732 0,000229
прокопьевск 1,272966 0,000097
прокудина-горского 3,506558 0,000268
пролетарский 2,525729 0,000193
проложить 1,347074 0,000103
промышленность 0,494296 0,000416
промышлять 0,462035 0,000424
проникновение 1,832581 0,000280
прообраз 2,659260 0,000203
пропаганда 2,525729 0,000193
пропагандист 3,218876 0,000246
пропил 3,912023 0,000598
проработать 2,525729 0,000386
просить 2,207275 0,000169
просмотр -0,009950 -0,000001
проспект 0,891598 0,000341
простой 1,108663 0,000085
просторный 2,525729 0,000193
пространство 0,634878 0,000097
просьба 2,302585 0,000176
протекать 1,108663 0,000424
протест 1,966113 0,000150
протестант 2,040221 0,000156
протестантизм 2,040221 0,000468
протестантский 2,120264 0,000162
против 0,798508 0,000244
противник 2,040221 0,000156
протокол 1,139434 0,000087
протяжение 0,843970 0,000065
протяженность 0,776529 0,000237
протяженный 2,207275 0,000169
профессиональный 0,733969 0,000056
профессор 0,967584 0,000222
профессорско-преподавательского 3,912023 0,000299
профсоюзный 2,813411 0,000215
профтехучилище 3,912023 0,000299
проходить 0,462035 0,000389
прохоров 1,078810 0,000082
процесс 0,415515 0,000032
прочее 0,544727 0,000042
прочие 0,798508 0,000122
прошлое 0,673345 0,000154
пруд 1,609438 0,000246
прямая 0,867501 0,000265
прянишникова 3,912023 0,000598
психиатрический 1,966113 0,000150
птица 1,272966 0,000195
пуант 3,912023 0,000299
публичный 1,078810 0,000247
пункт 0,494296 0,000718
пустить 1,514128 0,000116
путеводитель 0,713350 0,000109
путина 1,386294 0,000106
путь 0,261365 0,000160
пушечный 2,995732 0,000458
пушка 2,120264 0,000648
пушкин 0,916291 0,000280
пышма 1,309333 0,000100
пьеса 2,120264 0,000162
пятерочка 1,832581 0,000140
пятидесятник 2,040221 0,000156
пятидесятнический 3,506558 0,000536
пятизальный 3,912023 0,000299
пятилетний 2,813411 0,000215
пятнадцатый 3,506558 0,000268
пятница 1,427116 0,000109
пять 0,693147 0,000159
работа 0,127833 0,000088
работать 0,314711 0,000217
работник 1,108663 0,000170
рабочий 0,597837 0,000229
равнина 0,867501 0,000066
равнозначный 3,218876 0,000246
радикально 3,218876 0,000246
радио 0,891598 0,000068
радиовещание 1,714798 0,000524
радиовещательный 1,897120 0,000145
радиостанция 1,021651 0,000234
радолы 3,912023 0,000299
раз -0,009950 -0,000001
развал 3,218876 0,000246
развернуть 1,660731 0,000127
развиваться 0,597837 0,000137
развитие 0,127833 0,000117
развить 0,616186 0,000141
развлекательный 1,714798 0,000131
развлечение 2,120264 0,000324
развязка 1,469676 0,000112
разгрузить 3,218876 0,000246
разгуляй 3,912023 0,000598
раздел 0,342490 0,000105
разделение 1,021651 0,000156
разделяться 2,040221 0,000156
различный 0,116534 0,000018
размахнин 3,912023 0,000299
размер 0,755023 0,000058
разместить 1,108663 0,000339
размещаться 1,560648 0,000119
размещение 0,673345 0,000103
разное 1,078810 0,000165
разнообразие 1,832581 0,000140
разнообразный 1,139434 0,000087
разный 0,314711 0,000048
разорвать 1,897120 0,000145
разработать 0,616186 0,000094
разработка 0,653926 0,000050
разработчик -0,009950 -0,000001
разрешение 1,660731 0,000127
разрешить 1,560648 0,000239
разруха 3,506558 0,000268
разрывать 2,813411 0,000215
разрываться 3,912023 0,000299
район 0,430783 0,001712
районный 1,171183 0,000179
райффайзенбанк 2,813411 0,000215
райцентр 0,941609 0,000072
рамка 0,478036 0,000219
рамн 2,302585 0,000176
рана 0,776529 0,000178
ранний 0,733969 0,000112
рано 0,261365 0,000060
ранхигс 2,302585 0,000352
располагаться 0,544727 0,000416
расположение 0,776529 0,000119
расположить 0,385662 0,000295
распорядиться 2,813411 0,000215
распоряжение 1,139434 0,000087
распределить 0,693147 0,000053
распространение 0,891598 0,000068
распространить 0,616186 0,000094
рассказать 1,966113 0,000150
рассказывать 1,832581 0,000140
рассматривать 1,237874 0,000095
рассматриваться 1,203973 0,000092
рассмотрение 2,040221 0,000156
расстояние 0,713350 0,000109
растительность 1,309333 0,000200
расформирование 3,506558 0,000268
расформировать 2,407946 0,000552
расход 1,347074 0,000103
расходование 2,659260 0,000203
расцвет 2,040221 0,000156
расчленить 2,659260 0,000203
расширение 0,415515 0,000064
расширяться 1,771957 0,000135
рбк-пермь 3,912023 0,000299
ргутис 3,912023 0,000299
реализация 0,798508 0,000061
реализовать 0,673345 0,000206
реальный 0,967584 0,000296
реанимационный 3,912023 0,000299
революционер 2,302585 0,000176
революционный 1,386294 0,000106
революция 0,562119 0,000645
регата 3,506558 0,000268
регентский 3,912023 0,000299
регион 0,385662 0,000324
региональный 0,634878 0,000437
регистратура 3,912023 0,000598
регулярно 1,272966 0,000195
регулярный 0,798508 0,000183
ред 0,235722 0,000126
редакция 0,916291 0,000210
редкий 1,237874 0,000095
реестр 1,272966 0,000292
режиссер 1,660731 0,000127
резкий 1,386294 0,000106
результат 0,174353 0,000053
рейс 1,171183 0,000179
рейтинг 0,967584 0,000740
река 0,446287 0,000819
рекомендация 0,776529 0,000059
реконструировать 1,237874 0,000095
реконструкция 0,820981 0,000188
рекорд 1,427116 0,000327
рекордсмен 3,912023 0,000299
рекреационный 1,469676 0,000112
религиозный 0,891598 0,000136
религия 0,755023 0,000173
рельеф 0,798508 0,000061
ремесленник 2,659260 0,000203
ренессанс 2,407946 0,000184
репин 1,966113 0,000150
репортер 2,040221 0,000156
репрессивный 3,218876 0,000246
репрессировать 2,995732 0,000229
республика 0,527633 0,000040
ресурс 0,020203 0,000003
реформа 1,108663 0,000170
реформистский 3,912023 0,000299
рецепт 2,995732 0,000229
речка 1,427116 0,000218
речной 0,693147 0,000848
решать 1,469676 0,000112
решение 0,328504 0,000100
решетникова 2,995732 0,000229
решить 0,941609 0,000072
ржд 1,832581 0,000140
риа 1,049822 0,000080
риа-новости 3,912023 0,000299
рифей-пермь 3,912023 0,000598
ркка 1,966113 0,000150
ркп 3,506558 0,000536
роговой 3,506558 0,000268
род 0,843970 0,000129
родерик 3,912023 0,000299
родериком 3,912023 0,000299
родина 1,108663 0,000254
родиться 1,237874 0,000095
родственный 0,579818 0,000044
роза 0,916291 0,000070
розалия 3,912023 0,000299
розничный 1,171183 0,000090
розыск 3,218876 0,000492
рок-фестиваль 2,813411 0,000215
роль 0,494296 0,000038
роман 1,237874 0,000473
романова 2,659260 0,000203
росбанк 3,218876 0,000246
росляков 3,506558 0,000268
рособрнадзор 3,912023 0,000299
рособрнадзора 3,912023 0,000598
россельхозбанк 2,659260 0,000203
россиигорода 1,309333 0,000100
россиигорода-миллионеры 2,813411 0,000215
россиирайонные 2,659260 0,000203
российский 0,105361 0,000532
российско-украинской 1,108663 0,000085
россия 0,174353 0,001066
росспэн 0,994252 0,000076
росстат 0,776529 0,000119
росстата 2,207275 0,000337
рост 0,597837 0,000046
ростелеком 1,386294 0,000424
ростов-на-дону 1,237874 0,000095
ростовом-на-дону 3,218876 0,000246
ротонда 2,407946 0,000368
рояль 3,912023 0,000299
рпсц 3,912023 0,000299
рсдрп 2,995732 0,000229
рсфср 0,733969 0,000505
ртрс 1,514128 0,000347
рубеж 1,021651 0,000078
рубль 0,755023 0,000231
рубрика 3,506558 0,000536
рубцовск 1,347074 0,000103
руд 2,040221 0,000156
рудн 3,912023 0,000299
рудник 2,995732 0,000229
руководитель 1,203973 0,000368
руководство 0,544727 0,000042
рукопись 2,302585 0,000176
рус 0,162519 0,000969
русский -0,009950 -0,000015
ручей 1,771957 0,000271
рыбинск 1,203973 0,000092
рыбный 1,609438 0,000123
рынок 0,713350 0,000218
рэнкинге 3,912023 0,000299
рэу 2,813411 0,000430
ряд 0,223144 0,000171
рязань 1,049822 0,000080
савино 3,912023 0,000598
саврас 2,995732 0,000229
сад 0,843970 0,000516
саентология 3,912023 0,000299
сайт 0,210721 0,000129
салехард 1,347074 0,000103
салон 2,120264 0,000324
сам 0,162519 0,000037
самара 0,891598 0,000136
самарой 2,813411 0,000215
самодеятельный 3,506558 0,000268
самойлова 3,506558 0,000268
самокат 3,218876 0,000738
самолет 1,237874 0,000095
самостоятельный 0,820981 0,000188
самоуправление 0,891598 0,000613
самый 0,174353 0,000187
санитарно-защитные 3,506558 0,000268
санкт-петербург 0,616186 0,000236
санкт-петербургский 1,469676 0,000112
сарапул 3,506558 0,000268
сарапулом 3,912023 0,000299
саратов 0,967584 0,000074
сардак 3,912023 0,000299
сбербанк 1,714798 0,000393
сбермобайл 3,218876 0,000246
сборник 0,597837 0,000137
сварка 3,506558 0,000268
сведение 0,579818 0,000089
свердлова 2,525729 0,000193
свердловский 2,995732 0,000458
свердловской 2,995732 0,000687
свердловскому 3,912023 0,000299
свердловскую 3,218876 0,000492
свернуть 2,813411 0,000215
сверху 1,347074 0,000103
свет 0,941609 0,000072
свидетельство 1,714798 0,000262
свита 3,218876 0,000246
свиязев 3,912023 0,000897
свиязева 3,912023 0,000299
свобода 1,108663 0,000085
свободный -0,009950 -0,000001
сводный 3,218876 0,000246
свое 0,287682 0,000198
свой 0,150823 0,000058
свойство 0,415515 0,000064
связать 0,174353 0,000093
связаться -0,009950 -0,000001
связывать 0,916291 0,000420
связь 0,174353 0,000267
свято-троицкий 2,407946 0,000368
святой 0,755023 0,000173
сгореть 1,660731 0,000127
сдать 1,427116 0,000218
сдача 2,302585 0,000176
сдвигаться 3,218876 0,000246
сделать 0,616186 0,000094
сдюсшор 2,659260 0,000203
се 2,407946 0,000184
себя 0,198451 0,000015
севернее 1,966113 0,000150
северные 1,171183 0,000179
северный 0,385662 0,000088
северо-западный 1,078810 0,000082
северодвинск 1,171183 0,000090
севостьянова 3,912023 0,000299
сегодня 0,616186 0,000188
сегодняшний 1,560648 0,000119
седьмой 1,139434 0,000087
сезон 0,916291 0,000280
сей 0,693147 0,000106
секретарь 1,660731 0,000254
село 0,891598 0,000068
сельский 0,634878 0,000485
сельскохозяйственный 0,941609 0,000072
семенова 2,659260 0,000407
семизначный 2,659260 0,000407
семилейская 3,912023 0,000299
семинарий 1,386294 0,000530
семь 0,820981 0,000126
семья 0,843970 0,000194
сенной 2,525729 0,000193
сент 0,843970 0,000065
сентябрь 0,072571 0,000288
сервер 1,714798 0,000524
сергеем 2,407946 0,000184
сергей 0,967584 0,000074
сергея 1,469676 0,000225
сердечно-сосудистых 3,218876 0,000246
сердце 1,714798 0,000131
серебро 2,040221 0,000156
серебряный 0,891598 0,000204
середина 0,356675 0,000136
сериал 2,207275 0,000337
серия 0,713350 0,000218
серов 2,813411 0,000215
сестра 2,407946 0,000736
сеть 0,356675 0,000354
сжечь 2,407946 0,000184
сибирский 1,049822 0,000963
сибирью 2,207275 0,000169
сибур-химпром 3,912023 0,000299
сивинский 3,912023 0,000598
сигнал 2,040221 0,000156
сильно 0,755023 0,000058
сильный 0,544727 0,000083
символ 0,733969 0,000056
символика 1,237874 0,000189
синагога 1,347074 0,000103
синема 1,771957 0,000406
синтетический 2,302585 0,000176
система 0,051293 0,000027
системеобсуждениевкладсоздать -0,009950 -0,000001
сити 2,120264 0,000162
сияние 1,832581 0,000140
скавронский 3,912023 0,000299
сказать 1,714798 0,000262
сказываться 2,407946 0,000184
сканд 3,506558 0,000268
скачать -0,009950 -0,000001
сквер 0,941609 0,000504
склоняться 3,506558 0,000268
сколько 0,653926 0,000100
скора 1,832581 0,000280
скорая 3,218876 0,000246
скоростной 1,309333 0,000100
скульптор 1,237874 0,000284
скульптор-монументалист 3,912023 0,000299
скульптура 0,916291 0,000420
скульптурный 1,966113 0,000301
слава 0,941609 0,000072
славянова 3,912023 0,000598
слева 1,108663 0,000170
следовать 0,235722 0,000090
следствие 1,560648 0,000119
слобода 1,347074 0,000103
словарь 0,094311 0,000036
словарь-справочник 1,560648 0,000119
слово 0,210721 0,000097
сложиться 0,994252 0,000076
сложный 0,446287 0,000034
слой 1,272966 0,000097
слудская 3,912023 0,000299
служба 0,527633 0,000282
служебный 1,771957 0,000135
служитель 3,506558 0,000268
служить 0,820981 0,000063
случай -0,009950 -0,000002
слушание 2,525729 0,000579
слушатель 2,813411 0,000215
слушать 2,659260 0,000203
сменный 2,995732 0,000458
смерть 1,609438 0,000246
смешать 1,309333 0,000100
смещение 0,733969 0,000056
сми 0,867501 0,000398
смирнова 2,525729 0,000193
смотр 2,995732 0,000229
смотреть 2,302585 0,000176
смочь 1,203973 0,000092
смысл 1,272966 0,000097
сначала 1,386294 0,000106
снег 1,386294 0,000106
снежный 1,078810 0,000165
сниматься 2,407946 0,000184
снимок 1,660731 0,000127
сноб 3,912023 0,000299
снова 1,386294 0,000212
сноска 0,733969 0,000056
собака 2,207275 0,000169
собеседник 3,218876 0,000246
соболь 2,302585 0,000176
собор 0,733969 0,000561
соборный 1,049822 0,000161
собрание 0,634878 0,000049
собственный 0,446287 0,000068
событие 0,733969 0,000112
событияпожертвовать -0,009950 -0,000001
совдеп 3,506558 0,000536
совершенство 2,813411 0,000215
совершить 0,994252 0,000076
совет 0,462035 0,000212
советский 0,261365 0,000420
совкомбанк 3,218876 0,000246
совместно 1,427116 0,000109
совмещать 2,525729 0,000193
совокупный 1,832581 0,000140
совпасть 2,407946 0,000184
современник 1,609438 0,000123
современный 0,150823 0,000161
согласно 0,301105 0,000092
содержание 0,010050 0,000002
содержать 0,634878 0,000194
соединить 0,994252 0,000228
создавать 0,798508 0,000122
создаваться 1,078810 0,000165
создание 0,301105 0,000069
создать 0,210721 0,000129
сократиться 1,386294 0,000318
сокращаться 1,897120 0,000290
сокращение 0,867501 0,000133
солдатский 1,832581 0,000140
соленый 2,407946 0,000184
соликамск 3,506558 0,001340
соликамский 3,912023 0,000897
солист 2,995732 0,000687
солнечный 0,597837 0,000046
солнцестояние 2,659260 0,000203
соль 1,660731 0,000127
сообщение 0,478036 0,000110
сообщество 1,514128 0,000232
сообщить -0,009950 -0,000001
соорудить 1,897120 0,000290
сооружение 0,733969 0,000168
соответственно 1,021651 0,000078
соответствие 0,371064 0,000085
соответствовать 0,371064 0,000028
сопровождать 2,525729 0,000386
сопровождение 2,120264 0,000162
сопутствовать 2,525729 0,000386
соревнование 1,108663 0,000170
сориентировать 3,912023 0,000299
соседний 1,203973 0,000092
сослать 2,659260 0,000407
сосна 1,897120 0,000145
соснин 3,912023 0,000598
сосредоточить 1,171183 0,000090
сост 0,597837 0,000137
состав 0,248461 0,000228
составить 0,400478 0,000153
составлять 0,198451 0,000212
состояние 0,248461 0,000171
состоять 0,385662 0,000059
состояться 0,713350 0,000436
сот 3,218876 0,000246
сотовый 1,309333 0,000300
сотрудник 1,386294 0,000106
сотрудничество 1,078810 0,000412
сохранение -0,009950 -0,000002
сохраниться 0,820981 0,000063
социальный 0,527633 0,000121
соцмедиа 3,912023 0,000299
сочувствовать 3,912023 0,000299
союз 0,579818 0,000222
союз-арт 3,912023 0,000299
спартак 1,771957 0,000135
спасо-преображенский 1,966113 0,000301
спб 0,385662 0,000029
сперанским 3,912023 0,000299
специализировать 0,994252 0,000228
специализироваться 1,966113 0,000150
специально 1,714798 0,000262
специальный 0,415515 0,000222
спецоперация 3,912023 0,000299
спешилова 3,912023 0,000299
спешно 3,506558 0,000268
спин 3,506558 0,000268
список 0,210721 0,000081
сплошной 2,120264 0,000162
спорт 0,713350 0,000273
спортивный 0,891598 0,000341
спортмастер 2,302585 0,000176
справка 1,203973 0,000184
справочник 0,798508 0,000122
справочно-информационные 3,912023 0,000299
справочно-информационный 3,506558 0,000268
спуск 1,897120 0,000145
спутник 1,560648 0,000119
сравнение 0,733969 0,000056
среда 0,385662 0,000177
среди 0,198451 0,000167
средневековье 1,660731 0,000127
среднегодовой 0,776529 0,000119
среднее 0,342490 0,000131
среднемесячный 1,560648 0,000239
средний 0,371064 0,000170
средство 0,287682 0,000154
срок 0,798508 0,000122
сср 0,820981 0,000126
ссср 0,314711 0,000385
ссылка -0,009950 -0,000014
ссылкамивикипедия 1,609438 0,000123
ссылкасведения -0,009950 -0,000001
ссыльный 2,659260 0,000203
став 1,771957 0,000135
ставить 1,469676 0,000225
стадион 0,891598 0,000204
стакан 3,912023 0,000299
сталина 2,040221 0,000312
сталинский 1,514128 0,000116
сталь 0,415515 0,000222
стандарт 0,867501 0,000066
становиться 0,415515 0,000095
станция 0,579818 0,000532
старина 2,525729 0,000193
старинный 1,309333 0,000100
старо-сибирская 3,912023 0,000299
старое 0,941609 0,000144
старообрядец 1,771957 0,000271
старообрядческий 1,427116 0,000327
старообрядчество 2,659260 0,000407
старый 0,314711 0,000096
статистик -0,009950 -0,000007
статистический 0,713350 0,000927
статус 0,430783 0,000362
статуя 2,813411 0,000215
стать 0,083382 0,000172
статьестатьи 0,843970 0,000065
статьислучайная -0,009950 -0,000001
статьисообществофорумсправкасвежие -0,009950 -0,000001
статья 0,020203 0,000053
статьяобсуждение -0,009950 -0,000001
статьятекущие -0,009950 -0,000001
стационар 2,995732 0,000687
стационарный 1,108663 0,000085
створ 2,302585 0,000704
стен 0,967584 0,000074
стер 2,207275 0,000169
стефана 3,506558 0,000536
стилизовать 2,207275 0,000169
стиль 0,673345 0,000360
стоимость 1,021651 0,000078
стоить 0,891598 0,000204
столица 0,755023 0,000577
столкновение 2,207275 0,000337
сторона 0,235722 0,000072
стоянка 1,897120 0,000290
страна 0,235722 0,000198
страница -0,009950 -0,000006
страницасодержаниеизбранные -0,009950 -0,000001
страницецитировать -0,009950 -0,000001
страницуполучить -0,009950 -0,000001
страницыслужебные -0,009950 -0,000001
стратегия 1,514128 0,000116
стрелковый 1,966113 0,000150
строгановский 3,506558 0,000268
строгановым 3,506558 0,000268
строгановых 3,506558 0,000268
строение 0,891598 0,000136
строитель 1,272966 0,000195
строительный 0,891598 0,000204
строительство 0,462035 0,000671
строить 1,309333 0,000200
строиться 0,693147 0,000106
строй 1,609438 0,000246
стройка 2,407946 0,000184
структура 0,400478 0,000061
структурный 1,427116 0,000109
студент 1,237874 0,000189
студенческий 1,609438 0,000123
ступино 1,347074 0,000103
стэнвей 3,912023 0,000299
субмеридиональный 3,218876 0,000246
субъект 0,597837 0,000183
суверенитет 3,218876 0,000246
суворовский 2,525729 0,000386
суд 0,693147 0,000159
судебный 1,560648 0,000119
судостроительный 1,966113 0,000150
судоходный 1,714798 0,000262
судоходство 1,660731 0,000127
суксунский 3,912023 0,000598
сутки 1,427116 0,000109
суточный 0,755023 0,000115
существование 0,693147 0,000053
существовать 0,020203 0,000014
сформировать 1,078810 0,000330
схема 0,916291 0,000070
сход 2,813411 0,000215
сцена 1,514128 0,000232
сцена-молот 3,912023 0,000299
сценический 2,525729 0,000193
счастье 2,120264 0,000324
счет 0,562119 0,000043
считаться 0,385662 0,000059
сша 0,562119 0,000086
съезд 1,560648 0,000119
съемка 1,966113 0,000301
сызрань 1,237874 0,000095
сыктывкара 3,912023 0,000299
сын 1,660731 0,000127
сырье 1,966113 0,000150
сюдасвязанные -0,009950 -0,000001
сят 3,506558 0,000268
табл 0,867501 0,000066
таблица 0,544727 0,000167
табличный 1,237874 0,000095
тагил 1,272966 0,000195
тагила 3,912023 0,000299
тайга 1,427116 0,000109
тайна 1,897120 0,000145
тайный 1,832581 0,000140
такой 0,162519 0,000025
такси 1,021651 0,000234
талызина 3,912023 0,000598
танковый 2,302585 0,000352
тараев 3,912023 0,000299
тарик 3,912023 0,000299
тасс 1,171183 0,000179
татарин 0,733969 0,000112
татищев 2,813411 0,000645
татищева 2,813411 0,000215
татищеву 3,218876 0,000246
творческий 1,309333 0,000100
тгк 2,302585 0,000352
театр 0,713350 0,001309
театр-театр 3,912023 0,000598
театральный 1,049822 0,000401
текст -0,009950 -0,000003
телебашня 1,897120 0,000290
телевещание 1,966113 0,000451
телевидение 0,820981 0,000188
телевизионный 1,078810 0,000082
телегид 3,506558 0,000268
телеграф 2,120264 0,000162
телек 2,302585 0,000352
телеканал 0,916291 0,000140
телекоммуникационный 2,659260 0,000407
телекоммуникация 2,120264 0,000324
телекомпания 1,832581 0,000140
телерадиовещательный 2,995732 0,000229
телесемь 2,813411 0,000215
телефон 1,347074 0,000309
телефонный 0,776529 0,000416
телеэфир 3,218876 0,000246
тело 1,237874 0,000095
тематика 1,897120 0,000145
тематический 0,510826 0,000078
температура 0,510826 0,000156
температурный 1,897120 0,000145
теодор 3,506558 0,000268
теодора 3,506558 0,000268
тепловой 1,660731 0,000127
теплоход 1,514128 0,000116
терехин 3,912023 0,000299
термин 0,198451 0,000030
терминал 1,347074 0,000309
территориальный 0,713350 0,000382
территория 0,356675 0,000627
террор 2,120264 0,000162
техник 0,713350 0,000109
техника 3,218876 0,000246
техникум 1,272966 0,000584
технический 0,462035 0,000106
техногенный 2,813411 0,000215
технология 0,400478 0,000031
течение 0,314711 0,000192
течь 0,274437 0,000042
тил 3,912023 0,000299
тип 0,072571 0,000028
типичный 1,427116 0,000109
типография 1,171183 0,000358
типологический 3,912023 0,000299
тираж 1,560648 0,000119
титул 1,832581 0,000140
тихий 1,347074 0,000103
товарный -0,009950 -0,000001
токио 2,302585 0,000176
тольятти 1,514128 0,000116
томск 1,108663 0,000170
тоннель 2,302585 0,000176
тополь 2,120264 0,000162
топоним 1,078810 0,000330
топонимический 0,776529 0,000059
торговый 0,597837 0,000046
торжественный 1,309333 0,000300
тормозной 3,912023 0,000299
точка 0,478036 0,000037
точный 1,347074 0,000103
трагический 2,659260 0,000203
традиционно 1,347074 0,000103
традиция 0,891598 0,000068
тракт 1,832581 0,000280
трамвай 0,891598 0,000204
трамвайный 1,139434 0,000261
трамплин 2,407946 0,000368
транзитный 1,237874 0,000095
транспорт 0,616186 0,000942
транспортный 0,616186 0,000377
транссибирский 1,714798 0,000262
трапезник 3,912023 0,000299
трасс 0,941609 0,000072
тренажерный 3,218876 0,000246
третий 0,616186 0,000188
три 0,248461 0,000019
триумф 2,659260 0,000407
триумфальный 2,040221 0,000156
трк 1,771957 0,000406
троллейбус 0,867501 0,000066
троллейбусный 0,967584 0,000148
трубачева 2,407946 0,000184
труд 0,597837 0,000091
трудность 1,966113 0,000301
трудовой 0,967584 0,000518
труппа 2,207275 0,000506
трутнев 3,912023 0,000299
трц 1,660731 0,000127
тур 1,609438 0,000123
туристический 1,021651 0,000078
туристский 2,407946 0,000184
турчевичем 3,912023 0,000299
тыл 1,771957 0,000135
тыс 0,430783 0,000099
тысяча 0,371064 0,000170
тэц 1,272966 0,000097
тюмень 1,171183 0,000090
тюменью 3,912023 0,000299
тюрьма 2,407946 0,000184
тяжелый 1,108663 0,000085
убийство 1,714798 0,000262
убить 1,897120 0,000435
убрать 1,609438 0,000246
увеличение 0,733969 0,000168
увеличиваться 1,309333 0,000100
увеличиться 0,843970 0,000065
увидеть 1,560648 0,000119
углеуральская 3,912023 0,000299
углеуральской 3,912023 0,000299
углубить 1,897120 0,000290
угол 1,108663 0,000254
уголовный 2,302585 0,000352
уголь 1,714798 0,000131
удалить 0,579818 0,000044
удивлять 3,506558 0,000268
удмурт 1,660731 0,000127
удмуртию 3,912023 0,000299
удобный 1,427116 0,000218
удобрение 2,407946 0,000552
уездный 1,469676 0,000112
уефа 2,525729 0,000386
узел 0,527633 0,000161
уииял 3,912023 0,000299
уинский 3,912023 0,000598
указ 0,733969 0,000561
указание -0,009950 -0,000002
указать 0,083382 0,000032
украина 0,527633 0,000161
украинец 0,867501 0,000066
улан-удэ 1,237874 0,000095
улица 0,776529 0,002315
уличный 1,714798 0,000262
ульяновск 1,078810 0,000082
уменьшиться 1,832581 0,000140
умеренно 1,021651 0,000078
умеренно-континентальный 2,659260 0,000203
универмаг 2,525729 0,000193
университет 0,328504 0,000779
уникальный 0,776529 0,000237
унион 3,912023 0,000299
упасть 1,771957 0,000135
упоминание 0,967584 0,000074
упоминаться 1,203973 0,000184
управление 0,248461 0,000133
управлять 0,967584 0,000074
урал 1,560648 0,000835
урал-грейт 3,912023 0,000897
урала 1,609438 0,000369
уралбизнесконсалтинг 3,912023 0,000299
урале 2,525729 0,001352
уралинформ 3,912023 0,000299
уралистику 3,912023 0,000299
уралом 1,609438 0,000123
уралсвязьинформ 3,912023 0,000598
уралу 3,506558 0,000268
уральский 1,560648 0,001909
уро 2,995732 0,000687
уровень 0,150823 0,000023
уроженец 1,660731 0,000127
усадьба 1,832581 0,000280
усилить 2,207275 0,000169
условие -0,009950 -0,000003
усложнять 3,218876 0,000246
услуга 0,755023 0,000404
услышать 2,525729 0,000193
усовершенствование 2,995732 0,000229
усолье 2,813411 0,000645
усольский 3,218876 0,000492
успех 1,021651 0,000234
успешный 1,309333 0,000200
устав 0,843970 0,000194
установить 0,328504 0,000075
установка 1,272966 0,000097
установление 1,021651 0,000156
устар 2,525729 0,000193
устареть 0,941609 0,000072
устроить 1,609438 0,000246
устройство 0,527633 0,000161
усть-качка 3,506558 0,000268
устье 0,634878 0,000291
утвердить 0,755023 0,000231
утверждение 0,400478 0,000061
уфа 0,967584 0,000148
уфой 3,218876 0,000246
ухо 3,506558 0,000268
ухудшаться 3,506558 0,000268
участвовать 1,021651 0,000078
участие -0,009950 -0,000002
участник 0,510826 0,000195
участок 0,616186 0,000188
учебный 0,673345 0,000515
учет 0,597837 0,000091
учетный -0,009950 -0,000001
училище 0,967584 0,000888
учитывать 1,514128 0,000116
учиться 1,272966 0,000195
учредить 1,108663 0,000085
учреждение 0,653926 0,000500
уширить 3,506558 0,000268
фабрика 1,021651 0,000312
фадеев 3,912023 0,000299
фадеевой 3,912023 0,000897
фаза 2,302585 0,000176
факт 0,634878 0,000097
фактически 0,916291 0,000140
фактический 1,660731 0,000127
факультет 1,514128 0,000463
фантастика 2,407946 0,000184
фармацевтический 2,659260 0,000407
фасмер 1,966113 0,000301
фатальный 3,506558 0,000268
февр 0,820981 0,000063
февраль 0,051293 0,000153
федеральный 0,462035 0,000812
федерация 0,510826 0,001015
федорович 1,771957 0,000135
федоровна 3,506558 0,000268
фестиваль 1,021651 0,000859
фестивальный 2,659260 0,000203
фигура 1,514128 0,000116
фигурка 2,659260 0,000203
физик 1,309333 0,000200
физико-географический 0,693147 0,000106
физкультура 2,040221 0,000312
филармонический 3,218876 0,000246
филармония 1,049822 0,000321
филателия 1,469676 0,000225
филиал 0,755023 0,001270
фильм 1,049822 0,000321
фин 2,525729 0,000193
финалист 2,525729 0,000579
финам 3,506558 0,000268
финансирование 1,714798 0,000131
финансовый 0,733969 0,000168
финансы 0,733969 0,000112
финно-угровед 3,912023 0,000299
фирма 1,386294 0,000106
флаг 0,597837 0,000137
флаэртиана 3,912023 0,000299
флегонтовичем 3,912023 0,000299
флот 1,347074 0,000206
фмба 2,995732 0,000229
фон 1,203973 0,000092
фонарь 2,813411 0,000215
фонд -0,009950 -0,000004
фондовый 2,813411 0,000430
фонетический 3,218876 0,000246
форвард 3,912023 0,000299
формирование 0,597837 0,000046
форум 1,203973 0,000092
фотограф 2,407946 0,000184
фотография 1,108663 0,000085
фотодокумент 3,506558 0,000268
фотохудожник 3,218876 0,000246
франций 1,139434 0,000174
фребелевский 3,912023 0,000897
фронт 1,078810 0,000165
фундаментальный 1,560648 0,000119
функционировать 0,798508 0,000366
функция 0,693147 0,000053
фура 3,912023 0,000299
футбол 1,139434 0,000261
футбольный 0,941609 0,000504
хабад-любавич 3,912023 0,000299
ханты-мансийск 1,347074 0,000103
характеризоваться 0,891598 0,000136
характеристика 0,415515 0,000095
характерный 0,693147 0,000053
хватать 0,820981 0,000063
хельсинкский 3,218876 0,000246
химик 2,207275 0,000169
химический 0,867501 0,000265
химия 1,514128 0,000347
хищный 3,912023 0,000299
ход 0,510826 0,000039
ходатайство 2,407946 0,000184
хозяйственный 1,203973 0,000092
хозяйство 0,579818 0,000177
хоккей 1,171183 0,000090
хоккейный 1,108663 0,000170
хор 2,120264 0,000162
хорватский 1,897120 0,000145
хореографический 2,659260 0,000203
хотя 0,653926 0,000050
храм 0,733969 0,000281
хранилище 2,407946 0,000184
хранить 1,832581 0,000140
храниться 1,560648 0,000358
христианство 1,660731 0,000127
художественный 0,653926 0,000550
художник 0,967584 0,000296
царский 1,386294 0,000318
целесообразность 2,995732 0,000229
целик 1,897120 0,000145
целое 0,634878 0,000097
цель 0,371064 0,000085
центр 0,287682 0,001122
центральный 0,400478 0,000153
церезиозавра 3,912023 0,000299
церковь 0,673345 0,000875
цесаревич 2,995732 0,000458
цех 2,120264 0,000162
циммерман 3,506558 0,000268
циндао 3,506558 0,000268
цирк 1,078810 0,000577
цирковой 2,302585 0,000352
цитата 2,040221 0,000156
цифра 1,272966 0,000195
цифровой 0,562119 0,000129
цска 3,506558 0,000268
цум 3,218876 0,000246
цума 2,995732 0,000229
чагин 3,218876 0,000492
чаек 1,660731 0,000127
чайковский 2,995732 0,000916
чайковский-балет 3,912023 0,000299
чайковский-театр 3,912023 0,000299
чайковского 3,506558 0,001072
час 0,867501 0,000133
часовня 1,469676 0,000112
часовой 0,713350 0,000218
частинский 3,912023 0,000598
частично 0,653926 0,000100
частность 0,462035 0,000177
частный 0,634878 0,000097
часто 0,415515 0,000064
частый 1,309333 0,000100
часть 0,061875 0,000090
чебоксарами 3,218876 0,000246
чебоксары 1,171183 0,000090
чей 1,386294 0,000106
чекист 2,995732 0,000229
челн 2,525729 0,000579
чело 0,713350 0,000927
челобитная 2,995732 0,000229
человек 0,186330 0,000256
человечество 1,660731 0,000127
челябинск 0,994252 0,000152
челябинском 2,995732 0,000229
чемпион 1,203973 0,000276
чемпионат 0,994252 0,000532
червленый 1,897120 0,000145
чердынский 3,506558 0,000536
чердынь 3,912023 0,000598
черепанов 3,912023 0,000299
чермоз 3,912023 0,000897
чернова 2,995732 0,000229
черное 1,237874 0,000189
чернушинский 3,912023 0,000598
чернушка 3,218876 0,000738
чернышева 3,218876 0,000246
черняевский 3,912023 0,000897
черняевского 3,912023 0,000299
черняевском 3,912023 0,000299
черт 0,916291 0,000350
черта 0,994252 0,000228
чертеж 1,660731 0,000127
честь 0,562119 0,000172
четыре 0,597837 0,000183
четырехзальный 3,912023 0,000299
чехова 2,207275 0,000337
чеховские 3,912023 0,000299
чиновник 1,771957 0,000271
чиркунов 3,912023 0,000299
численность 0,616186 0,002073
число 0,186330 0,000214
чистополь 2,995732 0,000229
чита 1,203973 0,000092
читатель 2,407946 0,000184
читатьправитьправить 0,494296 0,000038
член 0,755023 0,000115
чм-радиоэфире 3,912023 0,000299
чтение 1,714798 0,000131
чужой 2,995732 0,000229
чусовая 3,912023 0,000299
чусовой 2,995732 0,001374
чусовской 3,506558 0,000804
шаблон 0,462035 0,000071
шедевр 2,407946 0,000184
шестизальный 3,912023 0,000299
шестой 1,660731 0,000127
шесть 1,021651 0,000156
широкий 0,494296 0,000038
широко 0,653926 0,000050
широкополосный 2,407946 0,000184
широта 1,237874 0,000095
широтный 1,897120 0,000290
школа 0,478036 0,000585
школы-интерната 3,506558 0,000268
школьный 1,966113 0,000150
шоссе 1,427116 0,000327
шохин 3,506558 0,000268
штаб 1,560648 0,000119
штаб-квартира 1,832581 0,000140
штейников 3,912023 0,000299
шуст 3,912023 0,000299
щит 1,171183 0,000090
эвакуировать 1,272966 0,000195
эдуард 2,525729 0,000386
эдуарда 2,659260 0,000203
экз 0,415515 0,000159
экипаж 2,525729 0,000193
экологический 0,693147 0,000159
экология 0,562119 0,000043
экономика 0,400478 0,000306
экономический 0,478036 0,000219
экранизация 3,218876 0,000246
экспедиция 1,469676 0,000112
эксперт 1,203973 0,000184
экспертиза 2,525729 0,000386
экспертный 2,659260 0,000203
эксплуатация 0,776529 0,000356
экспозиция 1,272966 0,000097
экспонат 1,832581 0,000280
экспорт -0,009950 -0,000001
экстрим 3,506558 0,000268
электрический 1,309333 0,000300
электровелосипеды 3,912023 0,000897
электрод 3,912023 0,000299
электроинструмент 3,912023 0,000299
электроника 2,120264 0,000162
электронный 0,478036 0,000219
электропоезд 1,609438 0,000123
электросамокатов 3,506558 0,000536
электросамокаты 3,506558 0,000536
электростанция 2,040221 0,000468
электротеатр 3,218876 0,000492
электроэнергетика 2,407946 0,000184
эльдорадо 1,966113 0,000150
энергия 1,021651 0,000078
энциклопедический 0,733969 0,000056
энциклопедия -0,009950 -0,000011
эпидемический 3,218876 0,000246
эпоха 0,713350 0,000055
эр-телеком 1,897120 0,000435
эспланада 3,506558 0,000268
этимологический 2,040221 0,000156
этимология 0,616186 0,000094
этнографический 2,040221 0,000156
эфир 1,427116 0,000109
эфирный 1,427116 0,000109
юбилей 1,560648 0,000477
юбилейный 0,798508 0,000305
юг 0,693147 0,000053
южный 0,385662 0,000118
юзеф 3,912023 0,000299
юникредит 3,506558 0,000268
юность 1,660731 0,000254
юный 1,309333 0,000100
юрента 3,912023 0,000299
юрий 1,203973 0,000092
юрист 2,659260 0,000407
юрия 1,660731 0,000127
юрлинский 3,912023 0,000598
юрятина 3,912023 0,000299
юрятину 3,912023 0,000299
юсьвинский 3,912023 0,000598
явление 1,021651 0,000078
являться 0,040822 0,000069
ягошиха 3,912023 0,000299
ягошихинского 3,912023 0,000299
ядерный 1,771957 0,000135
ядро 1,171183 0,000090
язык -0,009950 -0,000004
языковой 1,660731 0,000127
языкознание 2,995732 0,000229
якутск 1,203973 0,000092
ямской 2,302585 0,000176
янв 0,820981 0,000063
январь 0,105361 0,000685
яндекс 1,714798 0,000393
ярмарка 1,660731 0,000127
ярославль 1,078810 0,000082
ясенелистный 3,218876 0,000246
ясли 2,995732 0,000229
