абашев 3,912023 0,000299
аббревиатурой 3,912023 0,000299
абрамович 3,218876 0,000246
абсолютный 0,798508 0,000122
авангард 1,832581 0,000140
авг 0,820981 0,000063
август 1,237874 0,000189
августа 0,072571 0,000233
августе 0,994252 0,000152
авиакомпаний 2,995732 0,000229
авиации 1,347074 0,000103
авиационные 3,506558 0,000268
авт 1,469676 0,000112
автобусами 1,469676 0,000225
автобусное 2,040221 0,000156
автобусных 1,609438 0,000123
автовокзал 1,427116 0,000109
автодорога 1,427116 0,000218
автодорогам 1,078810 0,000082
автодороги 1,609438 0,000246
автодорожного 2,995732 0,000229
автодорожные 3,912023 0,000299
автодорожными 3,912023 0,000299
автомагистрали 2,120264 0,000162
автоматической 2,813411 0,000215
автомобильная 1,897120 0,000290
автомобильно-пешеходного 3,912023 0,000299
автомобильного 1,771957 0,000271
автомобильной 1,832581 0,000140
автомобильный 1,049822 0,000321
автор 0,994252 0,000152
авторитетные 0,941609 0,000072
авторов 1,386294 0,000106
авторства -0,009950 -0,000001
автостанция 2,407946 0,000184
агентств 2,525729 0,000193
агентство 1,049822 0,000080
агломерации 0,916291 0,000140
агломерация 0,867501 0,000066
аграрно-технологический 3,912023 0,000299
агридженто 3,912023 0,000299
адвентистов 1,714798 0,000131
адищево 3,912023 0,001495
административно-территориального 1,660731 0,000127
административно-территориальное 0,820981 0,000188
административно-территориальной 2,995732 0,000229
административно-территориальном 1,309333 0,000100
административно-территориальному 2,659260 0,000203
административное 0,843970 0,000323
административный 0,843970 0,000194
административным 1,514128 0,000116
административных 1,309333 0,000100
администрации 0,843970 0,000839
администрацию 2,207275 0,000169
администрация 0,941609 0,000648
адрес 1,609438 0,000123
адресу 1,966113 0,000150
азию 2,407946 0,000184
азово 3,506558 0,000268
азовским 2,407946 0,000184
азовского 2,040221 0,000156
аиф 2,407946 0,000184
акад 2,040221 0,000156
академии 0,693147 0,000318
академий 2,995732 0,000229
академика 1,714798 0,000262
академический 1,171183 0,000537
академия 0,798508 0,000183
академкнига 3,506558 0,000268
акварель 3,506558 0,000268
аккредитации 2,995732 0,000916
аккредитацию 3,506558 0,000536
актеру 3,218876 0,000246
активам 3,218876 0,000246
активированный 3,912023 0,000299
активно 0,755023 0,000173
активного 2,040221 0,000156
активную 2,120264 0,000324
активные 2,813411 0,000215
активным 2,407946 0,000184
активными 3,218876 0,000246
активов 2,525729 0,000193
актом 2,995732 0,000229
актуализация 2,813411 0,000215
актуальные 2,302585 0,000176
акушерских 3,912023 0,000299
акций 2,120264 0,000162
алдан 1,309333 0,000100
александр 0,693147 0,000265
александрович 1,609438 0,000246
александровича 2,525729 0,000193
александровичем 3,506558 0,000536
александровск 3,912023 0,000598
александровский 2,120264 0,000162
александром 2,120264 0,000162
алексеев 2,207275 0,000337
алексеева 2,407946 0,000184
алексеевское 2,995732 0,000687
алексей 1,049822 0,000241
алексея 1,514128 0,000116
алендвик 3,912023 0,000299
алтай 2,407946 0,000184
алфавитувикипедия 0,776529 0,000059
алфавитунаселенные 0,867501 0,000066
альфа-банк 2,659260 0,000203
америки 1,966113 0,000150
амкар 3,912023 0,001495
амкара 3,912023 0,000598
амневиль 3,912023 0,000299
ампира 2,813411 0,000215
аналогичного 3,218876 0,000246
аналоговое 2,407946 0,000184
англ 0,174353 0,000013
англии 2,407946 0,000184
андреевского 3,218876 0,000246
андрей 0,967584 0,000074
андроник 3,912023 0,000299
андроновских 3,912023 0,000299
аннексия 0,994252 0,000076
антиправительственной 3,912023 0,000299
антонова 2,995732 0,000229
антропогенное 2,995732 0,000229
апелляционного 3,506558 0,000268
апостолов 2,525729 0,000193
аппаратура 3,506558 0,000268
аппаратуру 3,218876 0,000246
апр 0,798508 0,000061
апреле 0,994252 0,000152
апреля 0,174353 0,000440
аптечная 3,218876 0,000246
арабеск 3,912023 0,001196
арбитражного 3,506558 0,000268
арбузами 3,912023 0,000299
аргументы 1,203973 0,000092
арестован 2,525729 0,000193
арка 2,207275 0,000169
армии 1,049822 0,000321
арсенал 2,659260 0,000203
арт 3,218876 0,000246
арт-объект 2,659260 0,000610
арт-объекты 3,218876 0,000246
арт-пермь 3,912023 0,000598
арте 3,912023 0,000299
артемия 3,506558 0,000268
артерий 3,506558 0,000268
артиллерии 2,813411 0,000430
артиллерийские 2,995732 0,000229
артиллерийских 2,813411 0,000215
артистка 2,659260 0,000203
артистов 2,995732 0,000916
арх 0,544727 0,000083
археологии 1,309333 0,000100
археологических 2,525729 0,000193
архив 0,462035 0,000494
архива 2,525729 0,000579
архиве 3,506558 0,000268
архивировано 0,020203 0,000364
архивная 0,400478 0,000061
архивной 0,713350 0,000055
архивы 2,407946 0,000552
архиепископ 2,813411 0,000215
архиерейский 3,218876 0,000246
архиерейского 3,506558 0,000268
архитектор 1,427116 0,001091
архитектора 1,469676 0,000112
архитектором 2,407946 0,000184
архитекторы 1,469676 0,000112
архитектурных 1,832581 0,000140
архитектуры 0,755023 0,000346
аспирантов 2,659260 0,000203
ассоциации 1,771957 0,000135
аст 0,820981 0,000063
астрахань 0,967584 0,000074
атеистический 3,912023 0,000299
атомной 2,302585 0,000176
аттракционы 2,995732 0,000229
аудиокассеты 3,912023 0,000299
афанасьево 3,912023 0,000299
афиша 2,525729 0,000193
афкула 3,912023 0,000299
ашан 2,120264 0,000324
аэропорт 0,843970 0,000194
аэропорта 1,049822 0,000080
аэропортом 2,407946 0,000184
бажов 3,506558 0,000268
база 0,916291 0,000070
базе 0,776529 0,000178
базы 1,108663 0,000170
бакулева 3,912023 0,000299
балатово 3,912023 0,000598
балет 2,995732 0,000229
балета 1,560648 0,001312
балете 3,912023 0,000299
балетная 3,506558 0,000268
балтийским 2,407946 0,000184
балтийского 1,897120 0,000145
банк 1,078810 0,000495
банка 0,941609 0,000216
банки 1,560648 0,000239
банков 1,272966 0,000487
банковских 2,207275 0,000169
банком 2,302585 0,000176
баптистская 3,218876 0,000246
баптистской 3,506558 0,000268
баранова 2,659260 0,000203
бардымский 3,912023 0,000598
барнаул 1,203973 0,000092
барыкина 3,912023 0,000299
басаргин 3,912023 0,000299
баскетболе 3,912023 0,000598
баскетболу 2,659260 0,000203
баскетбольный 1,832581 0,000140
бассейн 1,078810 0,000082
бассейны 1,660731 0,000127
баталина 3,912023 0,000299
баталов 3,912023 0,000299
батальона 2,407946 0,000184
бахаревка 3,912023 0,000299
баш 3,506558 0,000268
башкиры 1,347074 0,000103
башкортостан 2,207275 0,000169
бедное 3,912023 0,001196
безопасности 1,139434 0,000087
беларускаябългарски 0,000000 0,000000
беларусь 1,237874 0,000095
белогвардейцев 2,659260 0,000203
белогвардейцы 3,506558 0,000268
белого 1,609438 0,000246
белые 2,120264 0,000162
белым 2,207275 0,000169
беляев 2,407946 0,000184
бензомоторные 3,912023 0,000299
берег 1,021651 0,000312
берега 0,916291 0,000070
берегах 1,386294 0,000212
берегу 0,616186 0,000188
береза 2,207275 0,000169
березники 3,506558 0,001876
березниковский 3,912023 0,000299
березовский 2,659260 0,000407
берет 1,966113 0,000301
бессонная 3,912023 0,000299
бетьки 3,912023 0,000299
библиографических 0,094311 0,000007
библиотек 0,967584 0,000074
библиотека 0,462035 0,000353
библиотекам 3,912023 0,000299
библиотеки 0,843970 0,000387
библиотечно-библиографическое 3,912023 0,000299
биеннале 2,659260 0,000203
бизнес 1,514128 0,000116
бизнес-сфера 3,912023 0,000299
билайн 1,272966 0,000487
биопарк 3,912023 0,000299
биржи 2,302585 0,000176
бкс 3,912023 0,000299
благодаря 0,527633 0,000202
благородного 3,506558 0,000268
благотворительностью 3,506558 0,000268
благотворительные 3,506558 0,000268
благоустроенной 3,912023 0,000299
благоустроить 3,506558 0,000268
ближайших 2,040221 0,000156
близлежащих 2,813411 0,000215
блогером 3,912023 0,000299
блок 1,832581 0,000420
боброва 3,506558 0,000268
богатых 2,525729 0,000193
боеприпасов 3,218876 0,000492
божией 1,609438 0,000123
бои 2,207275 0,000169
бокса 2,995732 0,000229
бологое 1,347074 0,000103
больниц 1,966113 0,000301
больницы 1,347074 0,000103
большая 0,072571 0,000055
большевик 3,506558 0,000268
большесосновский 3,912023 0,000598
большие 0,891598 0,000068
большим 1,560648 0,000119
большими 2,207275 0,000169
большинства 1,609438 0,000123
большинстве 1,386294 0,000106
большинство 0,597837 0,000183
больших 1,272966 0,000097
большого 0,967584 0,000148
большое 0,544727 0,000167
большой 0,328504 0,000075
большую 0,891598 0,000068
бомбардировке 2,995732 0,000458
борис 1,660731 0,000127
бориса 1,832581 0,000280
боровичи 1,347074 0,000103
борьбы 1,386294 0,000106
боякова 3,912023 0,000299
браслеты 3,912023 0,000299
братской 2,995732 0,000229
братскую 3,912023 0,000299
бревенчатый 3,912023 0,000299
бренд 2,207275 0,000169
бригада 2,659260 0,000203
бригады 2,659260 0,000610
брокгауза 0,328504 0,000075
брокерские 3,912023 0,000299
бронзовую 3,506558 0,000268
бронзовые 2,813411 0,000215
брэ 2,040221 0,000156
бубриха 3,912023 0,000299
буддизм 2,525729 0,000193
будучи 1,714798 0,000131
будущее 1,386294 0,000106
будущий 2,407946 0,000368
булавки 3,912023 0,000299
бульвары 2,302585 0,000176
бума 3,506558 0,000268
бумаге 2,040221 0,000156
буркову 3,912023 0,000598
бурковым 3,912023 0,000299
бурый 2,659260 0,000203
буряад 0,000000 0,000000
бывшего 1,021651 0,000078
бывшей 1,514128 0,000232
бывшем 2,040221 0,000156
бывшему 3,218876 0,000246
бывших 1,897120 0,000145
быкова 2,995732 0,000229
былое 3,506558 0,000268
быстрого 1,966113 0,000150
бытовой 2,407946 0,000184
бюджета 1,309333 0,000100
бюджетная 3,506558 0,000536
бюджетное 2,302585 0,000176
бюджетных 2,813411 0,000215
бюро 1,427116 0,000218
вагнера 3,218876 0,000492
вагон 3,218876 0,000246
важным 1,386294 0,000106
валдай 3,218876 0,000246
валентина 2,302585 0,000352
вариантов 1,771957 0,000135
варламова 3,218876 0,000246
варшавчик 3,912023 0,000299
василий 1,386294 0,000106
василию 2,525729 0,000193
васильев 2,302585 0,000528
васильева 2,207275 0,000169
вашла 0,000000 0,000000
ваяния 3,912023 0,000598
вблизи 1,139434 0,000174
введена 1,897120 0,000290
введение 1,609438 0,000246
введенный 2,813411 0,000215
введены 1,897120 0,000145
ввод 1,897120 0,000145
вгтрк 2,525729 0,000193
вдоль 0,755023 0,000115
ведется 0,994252 0,000152
ведомости 1,049822 0,000080
ведут 1,832581 0,000280
ведущие 2,040221 0,000156
ведущий 2,120264 0,000162
ведущих 1,386294 0,000106
везло 3,912023 0,000299
века 0,248461 0,000304
веках 1,021651 0,000078
веке 0,597837 0,000046
векегорода 1,966113 0,000150
веков 0,713350 0,000109
вела 2,813411 0,000215
велась 2,407946 0,000184
велединским 3,912023 0,000299
великая 1,514128 0,000579
великий 1,469676 0,000225
великим 2,120264 0,000162
великобритания 2,120264 0,000162
великого 1,203973 0,000092
великой 0,653926 0,000050
великолепный 2,995732 0,000229
великому 2,525729 0,000193
великопермского 3,912023 0,000299
велопарковках 3,912023 0,000299
велосипед 3,912023 0,000299
велосипедная 3,506558 0,000268
велосипедного 3,506558 0,001072
велосипедное 3,912023 0,000598
велосипедной 3,506558 0,000268
велосипедные 3,218876 0,000246
велосипедных 3,218876 0,000492
велосипедов 2,995732 0,000229
велосипеды 3,506558 0,000268
вепс 3,912023 0,000299
верещагино 3,506558 0,000536
верещагинский 3,506558 0,000536
вернисаж 3,218876 0,000246
вернула 3,218876 0,000246
вернулись 2,525729 0,000193
вернуть 2,407946 0,000184
версии 0,446287 0,000136
версия -0,009950 -0,000002
вертолетом 3,912023 0,000299
верхнего 1,609438 0,000123
верхней 1,272966 0,000195
верхнекамья 3,912023 0,000299
верхние 2,207275 0,000169
верхняя 1,108663 0,000085
верховного 1,272966 0,000195
верховой 3,506558 0,000268
верхоланцев 3,912023 0,000598
веры 1,560648 0,000239
вестник 1,049822 0,000241
весь 0,755023 0,000058
ветка 2,120264 0,000162
ветки 2,407946 0,000184
ветров 0,843970 0,000065
ветта 3,912023 0,000299
вечерних 2,995732 0,000229
вечная 2,659260 0,000203
вещание 1,203973 0,000092
вещания 2,040221 0,000156
вещают 2,302585 0,000176
вещества 2,207275 0,000169
вещи 2,407946 0,000184
взорвали 3,218876 0,000246
взрослое 3,912023 0,000299
взрывчатые 3,912023 0,000299
вид 0,494296 0,000189
виде 0,235722 0,000036
видевших 3,912023 0,000299
видео 1,049822 0,000161
видео-экранов 3,912023 0,000299
видов 0,616186 0,000094
вики-разметкой 1,309333 0,000100
викигидвикипедия 1,427116 0,000109
викигиде 0,776529 0,000178
викиданные 0,776529 0,000119
викиданных -0,009950 -0,000001
викиданныхвикипедия 0,891598 0,000136
викимапиипро 1,427116 0,000109
викимедиа -0,009950 -0,000001
википедии -0,009950 -0,000002
википедия -0,009950 -0,000005
викискладвикиновостивикицитатниквикитекавикигидэлемент 3,506558 0,000268
викискладе 0,174353 0,000013
викискладепутеводитель 0,713350 0,000055
викискладстатьи 0,891598 0,000068
викитека 3,218876 0,000246
викитекемедиафайлы 1,272966 0,000097
викитекустатьи 3,506558 0,000268
викицитатник 1,272966 0,000097
викицитатникетексты 1,427116 0,000109
виктор 1,386294 0,000106
вильгельм 3,218876 0,000246
виолончелистом 3,912023 0,000299
виртуальный 2,302585 0,000176
витус 3,218876 0,000492
включает 0,462035 0,000035
включался 2,995732 0,000229
включая 0,527633 0,000081
включен 1,560648 0,000119
включена 1,514128 0,000116
включении 2,207275 0,000169
включения 1,771957 0,000135
включено 3,218876 0,000246
включившим 3,506558 0,000268
включил 2,659260 0,000203
владельцем 3,218876 0,000246
владивосток 1,897120 0,000145
владимир 0,733969 0,000224
влажность 1,171183 0,000090
властей 1,714798 0,000131
власти 0,634878 0,000485
власть 0,733969 0,000112
властями 2,120264 0,000324
влияние 0,776529 0,000059
вложил 3,912023 0,000299
вместе 0,510826 0,000117
внесении 1,966113 0,000150
внешнеэкономических 3,218876 0,000246
внешние 0,051293 0,000004
вниз 1,171183 0,000179
вновь 0,755023 0,000173
внутреннее 0,733969 0,000056
внутренних 1,237874 0,000095
внутри 0,000000 0,000000
внутригородские 2,407946 0,000184
внутригородским 0,967584 0,000074
внутригородских 1,514128 0,000116
внутригородскому 3,506558 0,000268
вода 1,203973 0,000092
водного 1,171183 0,000090
водные 1,386294 0,000212
водным 2,120264 0,000162
водными 2,659260 0,000407
водных 1,347074 0,000206
водопровода 2,207275 0,000169
воды 0,653926 0,000150
воеводы 2,040221 0,000156
военно-промышленного 3,912023 0,000299
военное 1,609438 0,000246
военные 1,237874 0,000189
военный 1,272966 0,000195
возведены 2,120264 0,000162
возврата 3,218876 0,000246
возвращением 3,912023 0,000299
возвращено 2,207275 0,000169
возвышенное 3,912023 0,000299
возглавили 3,912023 0,000299
возглавляет 2,120264 0,000162
возглавляли 3,912023 0,000299
воздвигал 3,912023 0,000299
воздействие 1,514128 0,000232
воздуха 0,733969 0,000056
воздушный 1,514128 0,000347
воздушными 2,813411 0,000215
вознесенско-феодосиевская 3,912023 0,000299
возникли 1,714798 0,000131
возрожден 2,813411 0,000215
воинских 2,659260 0,000203
война 1,171183 0,000537
войнарского 3,912023 0,000299
войны 0,478036 0,000110
войск 1,347074 0,000103
войска 1,237874 0,000095
войсками 1,386294 0,000106
вокзал 0,820981 0,000188
вокзала 0,967584 0,000518
волге 1,771957 0,000135
волго-вятский 3,218876 0,000246
волго-вятского 3,506558 0,000268
волгоград 1,139434 0,000087
волейбол 2,040221 0,000156
волейболу 2,207275 0,000169
волейбольная 2,659260 0,000203
волжского 2,302585 0,000176
волков 2,525729 0,000193
вологда 1,203973 0,000092
волшебные 0,040822 0,000003
вооружений 2,659260 0,000203
вопреки 2,813411 0,000215
вопросы 1,049822 0,000161
воркута 1,237874 0,000095
воронеж 1,203973 0,000092
воротами 1,832581 0,000140
воскресных 3,506558 0,000268
воспитателя 3,912023 0,000299
воссоздана 3,218876 0,000246
восстание 1,660731 0,000127
восстания 1,660731 0,000381
восстановлен 1,771957 0,000271
восток 1,021651 0,000156
востоке 1,108663 0,000170
востоком 2,813411 0,000215
восточного 1,386294 0,000106
восточному 2,995732 0,000229
восточный 1,021651 0,000078
восточным 2,407946 0,000184
восточных 1,897120 0,000145
восход 2,302585 0,000176
восходят 3,218876 0,000246
восьмизальные 3,912023 0,000299
воткинск 1,309333 0,000100
воткинском 3,912023 0,000299
вотчинам 3,912023 0,000299
вошли 1,347074 0,000309
вошло 2,302585 0,000176
впадения 1,514128 0,000116
впервые 0,385662 0,000147
впоследствии 0,653926 0,000350
вражеской 3,506558 0,000268
врачей 1,897120 0,000145
врачу 3,506558 0,000536
времен 0,941609 0,000072
времена 1,108663 0,000085
временем 0,616186 0,000047
времени 0,186330 0,000071
временных 2,302585 0,000176
время 0,030459 0,000026
вроде 2,302585 0,000176
вручную 3,218876 0,000246
всей 0,693147 0,000106
всеми 1,386294 0,000106
всемирно 2,813411 0,000215
всеобщая 2,040221 0,000156
всероссийская 0,843970 0,000065
всероссийский 1,469676 0,000112
всероссийских 2,407946 0,000184
всероссийской 0,713350 0,000164
всесоюзная 0,843970 0,000387
всехсвятская 3,506558 0,000536
вскоре 1,309333 0,000100
вспыхнула 2,813411 0,000215
вставками 3,218876 0,000246
вставкой 1,309333 0,000100
встречаемые 3,912023 0,000299
встречаются 1,272966 0,000097
всхолмленная 3,912023 0,000299
вся 0,994252 0,000228
втб 1,714798 0,000262
вторжения 1,771957 0,000271
второгодника 3,912023 0,000598
второй 0,274437 0,000063
второклассника 3,912023 0,000598
вторых 3,218876 0,000246
вуз 1,832581 0,000280
вузах 2,525729 0,000193
вузов 0,891598 0,000409
вузы 1,514128 0,000116
входил 2,207275 0,000169
входили 2,120264 0,000162
входит 0,653926 0,000100
входом 0,994252 0,000076
входят 0,713350 0,000109
входящей 2,407946 0,000184
входящих 1,771957 0,000135
вшэ 2,407946 0,000184
выберут 3,912023 0,000299
выборы 1,347074 0,000412
выбрал 2,659260 0,000407
вывезены 3,506558 0,000268
вывеской 3,912023 0,000299
вывоза 2,813411 0,000215
выгодное 2,659260 0,000203
выгодность 3,506558 0,000268
выдавать 3,218876 0,000246
выдают 3,506558 0,000268
выдающегося 3,912023 0,000299
выделен 2,040221 0,000156
выделили 3,506558 0,000268
выделились 3,506558 0,000268
выделить 1,386294 0,000106
выделяемых 3,506558 0,000268
выездные 3,912023 0,000299
вызывали 2,995732 0,000229
выиграла 3,218876 0,000246
вып 0,798508 0,000061
выпала 3,506558 0,000268
выпасть 3,912023 0,000299
выплавке 3,912023 0,000299
выплатой 3,506558 0,000268
выполнена 2,302585 0,000176
выполнение 2,040221 0,000156
выполненные 2,525729 0,000193
выполнялись 3,218876 0,000246
выпуск 0,916291 0,000140
выпускник 2,995732 0,000229
выпустил 2,040221 0,000312
выпустила 2,525729 0,000193
выпущена 1,609438 0,000123
выросло 1,609438 0,000123
высадились 3,912023 0,000299
высказались 3,218876 0,000246
высказанное 3,912023 0,000299
высок 2,659260 0,000203
высокая 1,237874 0,000095
высокое 1,660731 0,000127
высокой 1,272966 0,000097
высокоскоростных 3,912023 0,000299
высокую 1,832581 0,000140
высота 0,562119 0,000129
выставка 1,966113 0,000601
выставки 1,660731 0,000127
выставляемых 3,912023 0,000299
выставочный 1,514128 0,000116
выступает 1,347074 0,000103
выступала 2,813411 0,000645
выступали 1,966113 0,000301
выступать 2,407946 0,000368
выступают 2,040221 0,000156
выступающий 2,407946 0,000184
выступлений 3,218876 0,000246
высшего 1,427116 0,000109
высшее 1,021651 0,000312
высшей 1,272966 0,000389
высшем 2,813411 0,000215
высшие 1,386294 0,000212
высших 1,078810 0,000082
выход 1,832581 0,000140
выходом 2,407946 0,000736
выходы 3,218876 0,000246
вычегодская 3,912023 0,000598
выше 0,616186 0,000094
вышка 3,506558 0,000268
вышке 3,506558 0,000268
вышла 1,897120 0,000145
вышли 2,040221 0,000312
вьюжанин 3,912023 0,000299
вятская 3,506558 0,000268
вятские 3,218876 0,000246
вячеслава 3,218876 0,000246
гаврилова 2,995732 0,000458
газета 0,616186 0,000707
газеты 0,994252 0,000228
газовое 3,218876 0,000246
газоперекачивающие 3,912023 0,000299
газоперерабатывающий 3,218876 0,000246
газораспределение 3,506558 0,000268
газораспределительная 3,218876 0,000246
газосбытовая 3,912023 0,000299
газпром 1,714798 0,000262
газпрома 3,506558 0,000268
газпромбанк 2,407946 0,000184
гайва 3,912023 0,000598
гайдара 2,525729 0,000386
гайды 3,506558 0,000268
гайнский 3,912023 0,000598
гайны 3,912023 0,000299
галереи 1,771957 0,000677
галерея 1,203973 0,000368
галереях 3,506558 0,000268
галерист 3,912023 0,000299
галоген 3,912023 0,000299
гандболу 3,218876 0,000246
гандбольная 3,912023 0,000299
гаревская 3,912023 0,000299
гастролирует 3,912023 0,000299
гауптвахты 3,912023 0,000299
гвардейская 3,218876 0,000246
гвардейского 2,995732 0,000229
гвардии 2,407946 0,000184
гельман 3,912023 0,000299
гельмана 3,912023 0,000598
генерал-майор 2,659260 0,000203
генерала 1,832581 0,000140
генералов 3,218876 0,000246
генерального 1,514128 0,000116
генеральный 0,967584 0,000222
генерирующие 3,912023 0,000299
геннин 3,506558 0,001072
генплан 2,120264 0,000324
географ 2,813411 0,000430
географии 1,609438 0,000123
географические 0,713350 0,000109
географический 1,832581 0,000140
географических 1,139434 0,000087
географическое 0,693147 0,000159
географической 0,798508 0,000061
география 0,462035 0,000071
геологи 3,912023 0,000299
геологии 2,407946 0,000184
геологический 2,120264 0,000324
геология 1,966113 0,000150
георг 2,995732 0,000229
георгием 3,912023 0,000299
георгию 3,218876 0,000492
геральдическое 2,995732 0,000229
герб 0,820981 0,000251
герберштейна 3,506558 0,000268
германия 1,203973 0,000092
героям 2,040221 0,000156
герцен 2,995732 0,000229
герценка 3,912023 0,000299
гецена 3,912023 0,000299
гибели 2,302585 0,000176
гибель 2,813411 0,000215
гигантский 2,995732 0,000229
гидрография 1,427116 0,000218
гидроэлектростанции 2,995732 0,000229
гидроэнергетики 3,506558 0,000268
гимн 0,820981 0,000063
гимназии 1,469676 0,000225
гимназий 1,966113 0,000150
гимназия 1,469676 0,000112
гипермаркет 2,659260 0,000203
гипотеза 2,407946 0,000184
гитлера 3,912023 0,000299
гкгн 0,994252 0,000076
гкгнпро 0,916291 0,000070
глава 0,673345 0,000463
главе 1,237874 0,000095
главная 1,078810 0,000082
главного 1,237874 0,000095
главной 0,941609 0,000072
главные 1,660731 0,000127
главный 0,916291 0,000140
главным 0,967584 0,000074
главных 1,078810 0,000082
главой 1,309333 0,000100
главы 0,967584 0,000296
глазунова 3,218876 0,000246
глобус 2,659260 0,000407
глубоководной 2,813411 0,000215
глушата 3,912023 0,000299
говора 3,912023 0,000299
говорит 2,040221 0,000156
год 0,235722 0,000487
года -0,009950 -0,000302
годавикипедия 0,616186 0,000094
годах 0,385662 0,000383
годов 0,356675 0,000218
годовая 2,120264 0,000162
году 0,072571 0,000483
годугорода 1,714798 0,000131
годы 0,356675 0,000327
гознака 3,912023 0,000299
голландские 3,912023 0,000299
головной 2,525729 0,000193
головных 3,506558 0,000268
головой 2,659260 0,000203
голосованием 2,207275 0,000169
гора 1,139434 0,000087
горами 2,207275 0,000337
гордеева 3,218876 0,000246
гордости 3,912023 0,000299
гордума 2,995732 0,000229
гордумы 2,813411 0,000215
горисполком 3,506558 0,000268
горки 2,813411 0,000215
горловка 1,309333 0,000100
горно-шахтное 3,912023 0,000299
горнозаводск 3,912023 0,000598
горнозаводский 3,912023 0,000598
горнозаводское 3,506558 0,000268
горнозаводскому 3,912023 0,000299
горный 1,832581 0,000140
горных 1,966113 0,000150
город 0,544727 0,001874
город-побратим 2,120264 0,000162
города 0,430783 0,004084
города-миллионера 2,659260 0,000407
города-миллионеры 1,714798 0,000131
города-побратимы 0,891598 0,000136
городам 0,798508 0,000061
городами 0,916291 0,000070
городах 1,272966 0,000097
городе 0,693147 0,001749
городецкая 1,660731 0,000127
городов 0,579818 0,000576
городов-миллионников 2,813411 0,000215
городок 1,386294 0,000106
городом 0,798508 0,000366
городом-миллионером 2,407946 0,000184
городпермь 3,912023 0,000299
городпро 0,867501 0,000066
городская 0,843970 0,000710
городские 0,941609 0,000288
городским 0,798508 0,000244
городскими 2,207275 0,000169
городских 0,713350 0,001091
городского 0,693147 0,001060
городское 1,203973 0,000368
городской 0,755023 0,000808
городском 1,427116 0,000436
городскую 1,609438 0,000738
городу 0,798508 0,000183
городцов 3,506558 0,000268
горожане 2,659260 0,000407
горок 3,912023 0,000299
горького 1,139434 0,000697
горькому 2,302585 0,000176
горячко 1,609438 0,000246
госкомстат 0,891598 0,000136
гости 1,966113 0,000150
гостиниц 1,427116 0,000109
гостинице 3,912023 0,000299
гостиницы 1,347074 0,000103
гостью 3,912023 0,000299
государств 1,203973 0,000092
государства 0,843970 0,000065
государственная 0,941609 0,000072
государственного 0,616186 0,000518
государственное 0,776529 0,000297
государственной 0,616186 0,000283
государственном 1,714798 0,000131
государственному 2,813411 0,000430
государственную 1,714798 0,000393
государственный 0,430783 0,000922
государственных 0,994252 0,000228
градоначальники 1,771957 0,000135
градостроительного 2,525729 0,000386
градостроительства 1,966113 0,000150
граждан 1,309333 0,000200
граждане 1,108663 0,000170
гражданская 1,514128 0,000347
гражданского 2,207275 0,000169
грамота 1,966113 0,000301
гран-при 2,207275 0,000169
гранат 1,386294 0,000106
границ 0,916291 0,000140
границы 0,867501 0,000066
гребни 3,912023 0,000299
гремячинск 3,912023 0,001196
грибушина 3,912023 0,000897
гривны 3,912023 0,000299
грубера 3,912023 0,000299
грузов 1,560648 0,000119
грузовой 1,514128 0,000116
грузовые 1,771957 0,000135
грузовым 3,506558 0,000268
грузы 2,407946 0,000184
группа 0,693147 0,000106
группой 2,120264 0,000162
группы 0,634878 0,000049
гтрк 1,049822 0,000321
губаха 3,912023 0,000897
губахинский 3,912023 0,000299
губернатор 1,272966 0,000584
губернатора 1,237874 0,000095
губернатором 1,966113 0,000150
губернаторском 3,912023 0,000299
губернаторстве 3,912023 0,000299
губернатору 2,995732 0,000229
губернии 0,994252 0,000380
губернию 2,120264 0,000162
губерния 1,427116 0,000109
губернская 2,207275 0,000506
губернский 1,832581 0,000981
губернским 2,407946 0,000368
губернских 2,525729 0,000193
губернского 1,714798 0,000655
губисполкома 3,506558 0,000268
гулливер 3,506558 0,000268
гуляет 3,506558 0,000268
гуманитарно-педагогический 3,218876 0,000492
гуманитарно-педагогического 3,912023 0,000299
гуманитарно-технологического 3,912023 0,000299
гуманитарной 2,207275 0,000169
гуманитарный 2,040221 0,000312
гэс 1,832581 0,000560
давыдычева 3,912023 0,000299
далеко 1,966113 0,000150
дальнейшее 1,832581 0,000140
дальние 2,659260 0,000203
дальним 3,218876 0,000246
дальняя 3,912023 0,000299
данилихи 3,912023 0,000299
данилиху 3,912023 0,000299
данные 0,510826 0,000039
данный 0,713350 0,000055
данным 0,415515 0,000127
данными 1,514128 0,000116
данных 0,616186 0,000094
дат 1,966113 0,000301
дата 0,030459 0,000417
датой 2,120264 0,000162
датская 0,342490 0,000026
дают 2,040221 0,000156
двадцать 2,040221 0,000156
дважды 1,272966 0,000097
две 0,527633 0,000081
двенадцатое 3,912023 0,000299
двигатели 3,506558 0,000268
двигатель 3,218876 0,000246
движение 0,820981 0,000439
движении 2,040221 0,000156
движения 0,733969 0,000281
двинских 3,912023 0,000299
двор 1,771957 0,000406
двукратный 2,407946 0,000184
двумя 1,021651 0,000156
двух 0,462035 0,000071
двухэтажный 3,506558 0,000536
дебюты 3,912023 0,000299
деградации 3,506558 0,000268
действие 1,897120 0,000435
действительно 2,302585 0,000176
действия 1,427116 0,000109
действовала 1,832581 0,000140
действовало 1,771957 0,000271
действовать -0,009950 -0,000001
действует 0,634878 0,000437
действуют 0,867501 0,000133
действующим 2,302585 0,000176
действующих 1,514128 0,000116
дек 0,820981 0,000063
декабре 0,798508 0,000061
декабрь 1,108663 0,000085
декабрьское 3,506558 0,000268
декабря 0,105361 0,000427
декларации 3,912023 0,000299
дел 1,469676 0,000112
дела 1,469676 0,000112
деление 0,673345 0,000360
делению 1,832581 0,000140
делится 1,427116 0,000109
дело 1,078810 0,000165
делом 2,995732 0,000229
демонстрации 3,218876 0,000492
демонстрируют 3,912023 0,000299
демонстрирующих 3,506558 0,000268
демонтировать 3,912023 0,000299
демоскоп 0,820981 0,000188
денежные 2,525729 0,000193
денежных 2,525729 0,000193
деноминаций 2,995732 0,000229
день 0,562119 0,000301
департамент 1,771957 0,000135
депутатов 0,891598 0,000204
депутаты 1,347074 0,000103
деревообрабатывающей 2,995732 0,000229
деревообработка 3,506558 0,000268
деревьев 1,469676 0,000112
деревянной 2,120264 0,000324
деревянных 2,407946 0,000184
державшийся 3,912023 0,000299
десяти 1,560648 0,000119
десятки 1,347074 0,000103
десятков 1,660731 0,000127
десятку 2,120264 0,000324
детей 0,941609 0,000144
детская 0,916291 0,000210
детский 1,171183 0,000179
детским 2,995732 0,000229
детских 1,272966 0,000097
детского 1,832581 0,000280
детской 2,040221 0,000156
деятели 2,302585 0,000176
деятельности 0,446287 0,000102
деятельность 0,653926 0,000350
деятельностью 1,714798 0,000131
деятеля 2,407946 0,000184
дзержинск 1,347074 0,000103
дзержинский 2,302585 0,000352
дзержинского 1,660731 0,000254
диаметральным 3,912023 0,000299
диаметры 3,506558 0,000268
дивизионах 3,912023 0,000299
дивизионе 2,525729 0,000193
дивизия 2,525729 0,000193
дизайна 2,302585 0,000176
дизайнеров 3,218876 0,000246
динамика 1,427116 0,000218
динамо 1,171183 0,000358
диплом 3,218876 0,000246
директора 1,897120 0,000145
директором 2,813411 0,000215
дискуссий 2,813411 0,000215
дислоцированы 3,506558 0,000268
длинная 3,218876 0,000246
длиной 1,272966 0,000097
длину 2,407946 0,000184
длительного 2,659260 0,000203
дмитриев 2,525729 0,000193
дмитриевич 2,525729 0,000193
дмитрий 0,967584 0,000074
дмитрия 1,560648 0,000119
дневного 3,506558 0,000268
дней 0,446287 0,000102
днем 1,660731 0,000762
дню 2,040221 0,000156
дня 0,478036 0,000146
добавив 0,941609 0,000072
добавилась 3,912023 0,000299
добиваются 3,912023 0,000299
добившиеся 3,912023 0,000299
добился 3,506558 0,000268
доблести 1,347074 0,000618
доблестипермьгорода 3,912023 0,000299
добровольческого 3,506558 0,000268
добрянка 3,912023 0,000897
добрянский 3,912023 0,000299
довел 3,912023 0,000299
договоренность 3,218876 0,000246
доисторический 3,912023 0,000299
доклад 1,514128 0,000116
доктор 1,714798 0,000262
доктора 2,407946 0,000184
документального 2,995732 0,000229
документальные 2,813411 0,000215
документами 3,912023 0,000299
документах 1,560648 0,000119
документов 0,653926 0,000150
документы 1,386294 0,000212
долгота 3,218876 0,000492
долготой 0,941609 0,000072
должна 0,544727 0,000042
должности 1,771957 0,000135
должностное 2,813411 0,000215
долине 2,120264 0,000810
долину 2,995732 0,000458
долины 1,897120 0,000145
долю 1,427116 0,000109
доля 0,733969 0,000056
дом 0,562119 0,000859
дом-музей 1,660731 0,000127
дома 0,798508 0,000305
домами 2,120264 0,000162
домашний 1,660731 0,000254
доме 1,427116 0,000436
доме-музее 3,912023 0,000299
домостроительный 2,995732 0,000229
домохозяйств 3,218876 0,000246
доп 0,597837 0,000137
дополнительного 1,609438 0,000123
дополнительные -0,009950 -0,000001
дореволюционной 2,302585 0,000176
дореволюционный 2,525729 0,000193
дорог 0,891598 0,000068
дорога 0,798508 0,000549
дороги 0,713350 0,000273
дорогостоящие 3,912023 0,000299
дорогостоящий 3,912023 0,000299
дорогу 1,609438 0,000246
дорожки 2,995732 0,000229
дорожно-строительная 3,912023 0,000299
дорожной 2,995732 0,000229
досрочное 3,912023 0,000299
доставлены 3,506558 0,000268
достаточно 0,820981 0,000063
достигать 1,966113 0,000150
достигли 2,525729 0,000193
достигнута 2,659260 0,000203
достижение 2,302585 0,000352
достоинство 3,912023 0,000299
достопримечательность 2,995732 0,000229
доступ 1,203973 0,000092
доступа 1,309333 0,000100
доступен -0,009950 -0,000001
доступности 1,714798 0,000131
досье 3,912023 0,000299
дочерние 2,659260 0,000203
драцена 3,912023 0,000299
древнейших 1,609438 0,000123
древнерусской 2,407946 0,000184
древних 1,469676 0,000112
другие 0,030459 0,000021
другими 0,616186 0,000047
других -0,009950 -0,000008
другом 1,514128 0,000116
другую 2,407946 0,000184
дуговой 3,506558 0,000268
дуйсбург 3,912023 0,000598
дума 1,108663 0,000339
думой 1,897120 0,000290
думу 2,040221 0,000156
думы 1,078810 0,000330
дунклеостея 3,912023 0,000299
духовная 1,386294 0,000318
духовного 1,966113 0,000150
духовное 2,040221 0,000312
духовной 1,771957 0,000406
дягилева 3,218876 0,000738
дягилевские 3,912023 0,000897
дягилевский 3,912023 0,000299
дягилевым 3,912023 0,000299
евангелие 3,506558 0,000268
евгения 2,207275 0,000169
евдоким 3,912023 0,000299
евдокима 3,912023 0,000299
евдокия 3,218876 0,000246
ево 3,218876 0,000246
еврейская 0,843970 0,000065
еврокубках 3,218876 0,000246
европейскими 3,506558 0,000268
европейских 1,771957 0,000135
европейского 1,966113 0,000150
европейской 0,891598 0,000273
европы 0,673345 0,000257
егошиха 3,912023 0,000598
егошихе 3,912023 0,000299
егошихи 3,912023 0,001495
егошихинский 3,912023 0,000598
егошихинского 3,912023 0,000897
егошихинском 3,912023 0,000598
егошиху 3,912023 0,000299
единая 1,469676 0,000112
единение 3,506558 0,000268
единиц 0,673345 0,000206
единицей 3,218876 0,000246
единой 1,771957 0,000271
единственный 1,171183 0,000179
ежегодник 0,820981 0,000879
ежегодно 0,916291 0,000210
еженедельному 2,525729 0,000193
езды 3,218876 0,000246
екатерина 1,514128 0,000232
екатеринбург 0,843970 0,000645
екатеринбурге 2,659260 0,000203
екатеринбургом 3,218876 0,000246
екатерины 1,514128 0,000232
елабуга 2,813411 0,000430
елизавета 2,813411 0,000215
елизарова 3,912023 0,000299
елово 3,912023 0,000299
еловский 3,912023 0,000598
еловым 3,912023 0,000299
елтышева 3,912023 0,000299
емкости 3,218876 0,000246
епархии 1,108663 0,000339
епархия 1,560648 0,000119
епископа 2,525729 0,000193
естествознания 2,525729 0,000193
ефимовича 3,218876 0,000246
ефрона 0,328504 0,000075
железная 1,171183 0,000537
железного 2,813411 0,000215
железнодорожная 1,309333 0,000100
железнодорожного 0,967584 0,000740
железнодорожной 1,347074 0,000206
железнодорожный 0,755023 0,000289
железнодорожным 1,771957 0,000135
железной 0,755023 0,000115
железную 2,659260 0,000407
железных 1,832581 0,000140
жемчужина 2,407946 0,000184
женский 1,309333 0,000100
женских 1,966113 0,000451
женской 2,040221 0,000312
женскому 3,506558 0,000268
женщин 1,386294 0,000106
жены 3,218876 0,000246
жертвами 3,912023 0,000299
живаго 3,506558 0,000536
живая 2,525729 0,000193
живописи 1,771957 0,000406
живописного 3,912023 0,000299
животные 1,714798 0,000131
животных 1,203973 0,000184
жизни 0,562119 0,000258
жизнь 0,693147 0,000159
жилая 2,659260 0,000203
жили 1,832581 0,000280
жилого 1,966113 0,000150
жилые 1,347074 0,000103
жилых 1,237874 0,000189
жиромская 1,021651 0,000078
жителей 0,673345 0,000360
жители 1,049822 0,000080
житкова 3,506558 0,000268
жонсон 3,912023 0,000299
жук-скарабей 3,912023 0,000299
жуковского 2,995732 0,000229
журнал 0,510826 0,000078
журнала 1,427116 0,000109
жюри 3,912023 0,000299
забастовкой 3,506558 0,000268
заболеваний 2,207275 0,000337
заведение 1,897120 0,000290
заведений 1,203973 0,000368
заведения 1,108663 0,000509
завершено 1,609438 0,000369
завершился 3,218876 0,000246
завет 3,506558 0,000804
завод 0,798508 0,000733
завода 0,941609 0,000648
заводами 2,302585 0,000176
заводдо 3,506558 0,000268
заводе 1,660731 0,000127
заводов 1,203973 0,000644
заводом 1,771957 0,000135
заводы 1,237874 0,000284
завоевала 3,506558 0,000268
заволочье 3,912023 0,000299
заглавная -0,009950 -0,000001
загородном 3,912023 0,000299
загрязнение 1,309333 0,000300
загрязняют 3,218876 0,000246
задержки 2,813411 0,000215
задняя 3,912023 0,000299
заказу 2,207275 0,000169
закамск 3,912023 0,000299
закамска 3,912023 0,000299
закамская 3,912023 0,000299
закамским 3,912023 0,000299
закладке 3,912023 0,000299
закон 0,616186 0,000094
законов 1,660731 0,000127
закончилось 2,995732 0,000229
закрывается 3,218876 0,000246
закрывались 3,218876 0,000246
закрыт 1,386294 0,000106
закрыто 2,040221 0,000156
закрыты 1,966113 0,000150
зал 1,021651 0,000234
залазаев 3,912023 0,000299
залом 2,525729 0,000193
заменили 2,659260 0,000203
заменяет 3,912023 0,000299
заметные 2,995732 0,000229
заметным 3,218876 0,000246
занимавший 2,995732 0,000229
занимает 0,616186 0,000283
занимается 1,386294 0,000106
занимал 1,469676 0,000112
занимательной 3,218876 0,000246
занимают 1,347074 0,000103
занимающие 3,506558 0,000268
занял 1,139434 0,000174
заняла 1,771957 0,000677
заняли 2,207275 0,000337
запад 1,427116 0,000109
западно-уральский 3,912023 0,000598
западного 1,560648 0,000119
западной 0,994252 0,000076
западному 3,912023 0,000299
записаться 3,912023 0,000299
записи 1,560648 0,000119
записка 2,207275 0,000169
записки 1,560648 0,000119
записьвойти -0,009950 -0,000001
заполненными 1,966113 0,000150
запомнилась 3,912023 0,000299
запрет 2,207275 0,000169
запретила 3,912023 0,000299
запретить 3,506558 0,000268
запрещена 3,506558 0,000268
запущен 1,386294 0,000106
запущено 3,218876 0,000246
заработная 2,040221 0,000156
заработок 3,912023 0,000299
заре 3,218876 0,000246
зарегистрированные 2,995732 0,000229
зарегистрированный -0,009950 -0,000001
зарплат 3,218876 0,000246
зарубежные 2,120264 0,000162
заседания 2,525729 0,000193
заселена 3,218876 0,000246
заслуг 2,995732 0,000229
заслуги 1,966113 0,000150
застав 3,912023 0,000299
застава 3,218876 0,000246
застройка 1,272966 0,000487
застройки 1,021651 0,000078
застройку 2,207275 0,000169
затем 0,527633 0,000161
зато 1,560648 0,000119
затянувшейся 3,912023 0,000299
захват 2,995732 0,000229
заявили 2,525729 0,000193
заявление -0,009950 -0,000001
заявлял 3,218876 0,000246
збекча 0,000000 0,000000
звание 1,049822 0,000080
звания 1,203973 0,000092
звезда 1,237874 0,001136
звездный 2,302585 0,000352
звеном 2,659260 0,000203
зверей 2,995732 0,000229
звериного 3,912023 0,000598
звериный 3,912023 0,000299
здание 0,776529 0,000475
здании 1,171183 0,000269
зданий 1,049822 0,000321
здания 0,867501 0,000464
зданиями 1,771957 0,000135
зданиях 2,207275 0,000169
здравоохранение 0,941609 0,000288
здравоохранения 1,203973 0,000276
зеленая 1,771957 0,000135
зеленодольск 1,237874 0,000095
зеленое 2,525729 0,000193
зеленые 2,120264 0,000324
зеленых 1,347074 0,000206
землемера 3,912023 0,000299
земли 0,634878 0,000049
землю 1,771957 0,000135
земля 1,139434 0,000174
землячки 3,912023 0,000299
зимний 1,660731 0,000127
зимой 0,713350 0,000109
златоуст 1,347074 0,000103
злыгостева 3,912023 0,000299
змей 2,813411 0,000215
знак -0,009950 -0,000001
знаки 2,120264 0,000162
знакомство 3,218876 0,000246
знакомьтесь 3,912023 0,000299
знаменательных 2,207275 0,000337
знамеровский 3,912023 0,000299
значение 0,314711 0,000048
значения 0,105361 0,000113
значительно 0,510826 0,000039
значительную 1,309333 0,000100
значительным 2,040221 0,000156
значительных 1,771957 0,000135
зодчества 1,966113 0,000301
золотая 1,560648 0,000119
золотое 2,207275 0,000169
золотым 2,407946 0,000184
зон 1,309333 0,000100
зоне 0,527633 0,000040
зоны 0,755023 0,000231
зоопарк 1,771957 0,001219
зоопарка 2,302585 0,000528
зрителя 1,427116 0,000109
зырянов 3,218876 0,000246
ива 2,995732 0,000229
ивана 1,078810 0,000165
иванов 1,560648 0,000119
иванова 1,966113 0,000150
иваново 1,139434 0,000087
иваном 2,040221 0,000156
ивата 3,912023 0,000299
игнорировании 3,912023 0,000299
играет 1,386294 0,000212
играл 2,302585 0,000176
играли 2,407946 0,000184
играющим 0,000000 0,000000
игровых 2,813411 0,000215
игроком 3,912023 0,000299
идентификаторы 0,693147 0,000053
идеологической 3,912023 0,000299
идеологов 3,506558 0,000268
идет 1,078810 0,000082
идущий 3,218876 0,000246
ижевск 1,139434 0,000348
ижевском 3,506558 0,000268
из-за 0,415515 0,000191
избираемых 1,897120 0,000145
избирается 2,120264 0,000324
избирательной 3,218876 0,000246
избран 1,386294 0,000106
известен 1,203973 0,000092
известия 1,021651 0,000156
известная 2,302585 0,000352
известного 1,609438 0,000123
известному 2,659260 0,000203
известные 0,891598 0,000341
известным 1,832581 0,000280
известных 1,171183 0,000090
изд 0,314711 0,000096
издание 0,776529 0,000119
изданий 1,469676 0,000112
издания 1,049822 0,000080
изданы 3,912023 0,000299
издательским 3,506558 0,000268
издательство 0,510826 0,000273
изделиях 3,912023 0,000299
издержек 2,995732 0,000229
изложенная 3,912023 0,000299
изменений 1,272966 0,000097
изменениями 1,427116 0,000109
изменились 2,813411 0,000215
изменяется 1,771957 0,000271
изначально 1,309333 0,000100
изображаются 3,912023 0,000299
изображен 1,771957 0,000135
изображение 1,427116 0,000218
изображении 1,272966 0,000097
изображения 1,609438 0,000123
изображены 2,525729 0,000193
изобразительным 3,912023 0,000299
изоматериалы 3,912023 0,000299
изотов 3,506558 0,000268
изучением 1,897120 0,000290
изучено 3,912023 0,000299
икон 3,218876 0,000246
иконописи 2,813411 0,000215
иконописная 3,912023 0,000299
иконы 1,347074 0,000103
иллюзион 2,995732 0,000458
иллюминация 3,912023 0,000299
иллюстрированная 2,995732 0,000229
ильи 2,525729 0,000193
ильинский 2,813411 0,000430
ильича 2,995732 0,000458
имевших 3,218876 0,000246
имеет 0,235722 0,000144
имеется 0,653926 0,000050
имен 1,771957 0,000135
именами 2,302585 0,000352
именем 1,272966 0,000097
имени 0,462035 0,000777
именитых 3,506558 0,000268
именно 0,544727 0,000083
именной 3,912023 0,000299
имеют 0,371064 0,000113
имеются 0,843970 0,000258
имеющие 1,714798 0,000131
имеющий 1,897120 0,000290
имеющим 2,525729 0,000193
имеющих 1,272966 0,000097
ими 1,272966 0,000097
импей 3,912023 0,000299
император 1,771957 0,000271
императора 1,514128 0,000347
императрица 2,207275 0,000169
императрицы 1,832581 0,000140
империи 0,733969 0,000056
импресарио 3,912023 0,000299
имя 0,891598 0,000136
иначе 0,733969 0,000056
инвестиций 1,560648 0,000119
инвестиционные 2,995732 0,000229
инвестиционных 2,813411 0,000215
индекс 0,941609 0,000072
индустриализацией 3,218876 0,000246
индустриального 2,407946 0,000184
индустриальный 1,966113 0,000301
инженера 2,207275 0,000169
ино 3,912023 0,000598
иногородних 2,207275 0,000169
иное 2,659260 0,000203
инорегиональные 3,912023 0,000299
иностранцев 2,040221 0,000156
инсталляций 3,912023 0,000299
институт 0,478036 0,000767
института 0,755023 0,000462
институтов 1,560648 0,000597
институты 1,660731 0,000127
инструменты -0,009950 -0,000002
интеллигенции 2,995732 0,000229
интерактивные 3,218876 0,000246
интервью 1,660731 0,000127
интересов 2,407946 0,000184
интернет 0,916291 0,000280
интернет-галерее 3,912023 0,000299
интернет-галерея 3,912023 0,000299
интернет-портал 1,897120 0,000290
интернете 1,771957 0,000135
интерфакс 1,832581 0,000140
инфекционной 3,912023 0,000299
информации 0,446287 0,000102
информационная 2,120264 0,000162
информационно-аналитическое 2,995732 0,000229
информационное 1,469676 0,000112
информационные 1,203973 0,000092
информационных 1,139434 0,000174
информация 0,446287 0,000102
инфраструктура 1,347074 0,000309
инфраструктурные 3,912023 0,000299
инфраструктурой 2,207275 0,000169
инфраструктуры 1,272966 0,000097
иосифа 2,407946 0,000184
ипподром 2,040221 0,000156
ипподрома 3,912023 0,000299
ирина 1,660731 0,000127
иркутск 1,171183 0,000090
ирон 0,000000 0,000000
искра 2,120264 0,000162
искусства 0,733969 0,000673
искусстве 1,609438 0,000246
искусственного 2,120264 0,000162
искусство 0,994252 0,000152
искусством 3,218876 0,000246
ислам 1,427116 0,000218
исповедовали 3,912023 0,000299
исполнении 1,560648 0,000119
исполнения 1,469676 0,000112
исполнительно-распорядительным 2,995732 0,000229
исполнительный 2,040221 0,000156
использовался 1,771957 0,000135
использования -0,009950 -0,000001
используется 0,616186 0,000047
использующие 0,040822 0,000006
испытывают 2,813411 0,000215
исследований 0,941609 0,000072
исследования 0,733969 0,000056
исследовательский 1,771957 0,000271
исследовательского 2,407946 0,000184
истока 1,021651 0,000156
истории 0,248461 0,000342
историками 3,506558 0,000268
историко-краеведческий 2,407946 0,000184
историческая 1,237874 0,000568
исторические 0,941609 0,000144
исторического 1,049822 0,000241
исторической 1,171183 0,000090
историческую 2,120264 0,000162
историю 0,843970 0,000129
история 0,051293 0,000063
источник -0,009950 -0,000002
источниками 0,776529 0,000059
источники 0,415515 0,000127
источников 0,371064 0,000113
исупова 3,506558 0,000268
исчерпанием 3,912023 0,000299
исчислении 0,843970 0,000065
италия 1,609438 0,000123
итар-тасс 2,813411 0,000215
итогам 1,139434 0,000174
итоги 0,713350 0,000164
итогов 0,891598 0,000068
иудаизм 1,966113 0,000601
ишимбай 1,309333 0,000100
июле 0,967584 0,000148
июль 0,579818 0,000089
июля 0,116534 0,000365
июне 0,967584 0,000222
июнь 0,544727 0,000167
июня 0,116534 0,000401
кабельное 2,525729 0,000386
кагановича 3,912023 0,000299
кадетская 2,995732 0,000229
каждом 1,660731 0,000127
каждому 1,966113 0,000150
каждый 0,733969 0,000056
казаков 1,660731 0,000127
казани 1,771957 0,000135
казанского 1,660731 0,000127
казанской 1,469676 0,000225
казань 0,891598 0,000204
казарма 2,407946 0,000920
казахстана 1,966113 0,000150
казенная 3,506558 0,000268
казенное 3,218876 0,000246
казенных 3,912023 0,000299
казну 2,813411 0,000215
казны 2,659260 0,000203
какие 1,897120 0,000145
календарь 1,514128 0,000232
календарь-справочник 3,912023 0,000299
калийные 3,506558 0,000268
калимуллин 3,506558 0,000268
кама 3,218876 0,001476
камабанка 3,912023 0,000299
камгэс 3,912023 0,000299
каме 2,995732 0,001145
каменного 1,966113 0,000150
каменное 2,120264 0,000162
каменные 2,040221 0,000156
каменск-уральский 1,347074 0,000103
каменского 3,912023 0,000299
камеобъекты 3,912023 0,000299
камерный 1,966113 0,000150
камнем 3,218876 0,000246
камня 2,040221 0,000156
кампус 2,995732 0,000229
кампуса 3,506558 0,000268
камская 3,506558 0,000804
камские 3,912023 0,000299
камский 2,995732 0,000229
камских 3,218876 0,000246
камского 2,995732 0,000458
камское 1,966113 0,000150
камской 3,912023 0,002093
камском 3,912023 0,000299
каму 3,218876 0,003199
камы 2,813411 0,004086
кандидатов 1,897120 0,000145
канцелярских 3,912023 0,000299
капитал 1,966113 0,000301
капитан-поручик 3,912023 0,000299
карагайский 3,912023 0,000598
каракулино 3,912023 0,000299
карвовский 3,912023 0,000299
кардиологических 3,912023 0,000299
карл 2,813411 0,000215
карпинского 3,912023 0,000299
карта 0,776529 0,000119
картами 0,562119 0,000043
карте 1,108663 0,000170
картон 3,912023 0,000299
карточкевикипедия 1,469676 0,000112
карточкивикипедия 1,309333 0,000100
карты 0,941609 0,000144
каспийск 1,272966 0,000097
каспийским 2,813411 0,000215
каспийского 1,897120 0,000145
каталанская 0,527633 0,000040
каталогах 0,094311 0,000007
катастрофой 3,218876 0,000246
категории -0,009950 -0,000002
категория 0,916291 0,000140
катехизаторского 3,912023 0,000299
католицизм 2,207275 0,000675
католическая 2,207275 0,000337
католический 1,714798 0,000131
католическую 3,912023 0,000299
каторге 3,912023 0,000299
каторжнику 3,912023 0,000299
кафе 1,609438 0,000123
кафедрального 2,120264 0,000162
кафедральный 1,021651 0,000234
кафедральным 2,302585 0,000352
качестве 0,478036 0,000037
качество 1,309333 0,000200
квартала 2,120264 0,000324
кварталах 2,995732 0,000229
кварталов 1,897120 0,000145
кварталы 1,514128 0,000232
квартира 2,995732 0,000229
кемерово 1,237874 0,000095
кендржинский 3,912023 0,000299
керосиновыми 3,506558 0,000268
кертман 3,912023 0,000299
кижами 3,912023 0,000299
кизел 3,912023 0,000897
кикшерингов 3,912023 0,000299
километрах 1,514128 0,000116
кинематограф 2,525729 0,000386
кинематографа 2,813411 0,000430
кино 0,994252 0,000304
кинодром 3,912023 0,000598
кинозалов 2,525729 0,000193
киномакс 2,120264 0,000162
кинопроизведений 3,912023 0,000299
киносообщества 3,912023 0,000299
кинотеатр 1,108663 0,000424
кинотеатра 1,771957 0,000135
кинотеатров 1,237874 0,000473
кинотеатры 1,078810 0,000247
кинофестиваль 2,207275 0,000169
кирилло-мефодиевское 3,912023 0,000299
киров 1,309333 0,000200
кирова 1,386294 0,000106
кировский 1,237874 0,000284
кировского 2,207275 0,000337
кировской 2,995732 0,000229
кирпичное 2,995732 0,000229
китаев 3,912023 0,000299
китай 0,867501 0,000066
китая 1,897120 0,000145
кишертский 3,912023 0,000598
кладбища 1,560648 0,000239
кладбище 1,347074 0,000206
класса 1,203973 0,000092
классицизма 1,832581 0,000140
классическая 2,120264 0,000162
клен 2,407946 0,000368
клиентов 2,207275 0,000169
климат 0,494296 0,000340
климата 0,733969 0,000112
климатические 1,966113 0,000150
климатом 2,040221 0,000156
клименко 2,995732 0,000229
клинической 2,407946 0,000184
клуб 0,916291 0,000350
клуба 1,660731 0,000381
клубе 2,813411 0,000215
клубов 2,040221 0,000156
клубом 2,813411 0,000645
клубы 1,108663 0,000254
кмгубаха 3,912023 0,000299
кмекатеринбург 2,813411 0,000215
кмказань 2,040221 0,000156
кмкизел 0,000000 0,000000
кмлысьва 0,000000 0,000000
кммосква 1,832581 0,000140
кмнабережные 2,995732 0,000229
кморенбург 2,659260 0,000203
кмсамара 2,407946 0,000184
кмсанкт-петербург 2,120264 0,000162
кмсоликамск 3,912023 0,000299
кмсочи 2,120264 0,000162
кмтюмень 3,218876 0,000246
кмуфа 2,407946 0,000184
кмчелябинск 2,407946 0,000184
книга 0,843970 0,000129
книгах 2,659260 0,000203
книги 0,916291 0,000210
книжного 3,218876 0,000246
книжное 1,078810 0,000330
книжный 2,207275 0,001012
княгини 2,813411 0,000215
княгиня 3,912023 0,000299
князем 1,714798 0,000131
князь 1,771957 0,000271
князю 2,207275 0,000169
князя 1,139434 0,000087
коалиция 3,218876 0,000246
код -0,009950 -0,000065
кода 0,798508 0,000061
кодекс -0,009950 -0,000001
кодекса 2,659260 0,000203
кодистория 0,116534 0,000009
коек 2,040221 0,000156
козлов 2,659260 0,000203
козьма 3,218876 0,000246
койки 3,218876 0,000492
колизей 3,506558 0,000536
количество 0,328504 0,000176
количеству 1,309333 0,000100
колледж 1,386294 0,000106
коллективы 2,120264 0,000162
коллекции 1,560648 0,000239
коллекций 2,813411 0,000215
коллекционер 3,912023 0,000299
коллекцию 2,995732 0,000229
коллекция 1,714798 0,000262
коломна 1,272966 0,000097
колон 3,912023 0,000299
колонизации 2,813411 0,000215
кольца 2,120264 0,000162
кольцо 1,514128 0,000232
кольцу 3,218876 0,000246
команд 1,660731 0,000254
команда 1,272966 0,000584
командование 2,813411 0,000215
командой 2,407946 0,000184
команды 1,560648 0,000477
комбинат 1,171183 0,000179
коми 1,514128 0,000232
коми-зырян 3,506558 0,000268
коми-пермяки 2,040221 0,000156
коми-пермяков 3,506558 0,000268
коми-пермяцкий 3,912023 0,000598
комикомикыргызча 0,000000 0,000000
комиссией 2,120264 0,000162
комиссии 1,309333 0,000200
комитет 0,755023 0,000231
комментарии 1,386294 0,000106
коммерсантъ 1,139434 0,000348
коммунального 2,659260 0,000203
коммунизм 3,218876 0,000246
коммунистической 2,813411 0,000215
компанией 1,514128 0,000116
компании 0,579818 0,000222
компаний 0,967584 0,000148
компания 0,653926 0,000350
компаньон 3,912023 0,000897
комплекс 0,653926 0,000200
комплекса 1,272966 0,000097
комплексная 2,659260 0,000407
комплексы 1,514128 0,000232
комплект 3,506558 0,000268
комсомолец 1,560648 0,000119
комсомольск-на-амуре 1,203973 0,000092
комсомольская 1,171183 0,000358
комсомольский 1,714798 0,000655
комсомольской 1,897120 0,000145
комсомольском 3,218876 0,000246
комсомольскому 3,912023 0,000299
конверты 3,912023 0,000598
конвоем 3,912023 0,000299
кондитерская 2,040221 0,000312
конец 0,798508 0,000183
конкурс 1,832581 0,000700
конкурса 1,660731 0,000254
конкурсной 2,525729 0,000193
конкурсов 2,407946 0,000184
конкурсы 2,525729 0,000193
консалтинг 3,218876 0,000246
константин 1,560648 0,000119
константином 3,506558 0,000268
конструктивизма 1,966113 0,000150
конструктор 2,525729 0,000193
консультативный 3,506558 0,000268
контакт-центр 3,912023 0,000299
континент 2,120264 0,000162
континентальный 0,776529 0,000059
контроль 1,427116 0,000109
контрольно-счетная 2,207275 0,000169
контрреволюционную 3,912023 0,000299
конфессии 1,237874 0,000095
конфессий 2,207275 0,000337
конфиденциальности -0,009950 -0,000001
конца 0,562119 0,000086
конце 0,430783 0,000033
концепции 1,347074 0,000103
концертный 1,660731 0,000127
концертным 3,218876 0,000246
концертных 2,407946 0,000184
концу 0,994252 0,000076
коня 3,912023 0,000299
координаты 1,469676 0,000112
копии 0,653926 0,000050
копия 0,328504 0,000050
кор 2,525729 0,000193
корабле 3,506558 0,000268
корабль 2,302585 0,000176
корабля 2,813411 0,000215
коренная 3,218876 0,000246
корни 2,207275 0,000169
королевские 3,218876 0,000246
короткий -0,009950 -0,000001
корпус 1,272966 0,000195
корпуса 1,560648 0,000119
корчагин 3,912023 0,000897
косинский 3,912023 0,000598
космонавт 2,407946 0,000184
космонавта 2,813411 0,000215
космонавтов 2,040221 0,000312
космонавты 3,218876 0,000246
космос 1,897120 0,000145
кострома 1,171183 0,000179
костромской 2,813411 0,000215
костяные 3,912023 0,000299
котлякова 2,659260 0,000203
которая 0,287682 0,000088
которого 0,301105 0,000276
которой 0,174353 0,000053
котором 0,301105 0,000046
которую 0,867501 0,000066
которые 0,162519 0,000087
который 0,105361 0,000097
которым 0,798508 0,000061
которыми 1,469676 0,000225
которых 0,094311 0,000065
кочевский 3,912023 0,000598
кравец 1,386294 0,000106
крае 1,514128 0,000695
краев 2,302585 0,000176
краевая 2,525729 0,000579
краевед 2,207275 0,000169
краеведчесеого 3,912023 0,000299
краеведческом 2,995732 0,000229
краевого 2,120264 0,000648
краевой 2,120264 0,000973
краевые 2,995732 0,000229
краевых 2,659260 0,000203
краеугольным 3,912023 0,000299
край 0,891598 0,001022
крайгородакраевого 3,912023 0,000299
красавинский 3,912023 0,000897
красавинского 3,912023 0,000897
красивых 2,525729 0,000193
краски 3,218876 0,000246
краславой 3,912023 0,000299
красновишерск 3,912023 0,000598
красновишерский 3,912023 0,000598
красного 1,272966 0,000097
краснодар 1,386294 0,000106
краснокамск 3,912023 0,000897
краснокамска 3,912023 0,000598
краснокамский 3,506558 0,000268
красном 2,207275 0,000169
красноуфимском 3,912023 0,000299
красноярск 0,967584 0,000148
красный 0,941609 0,000072
красных 2,120264 0,000162
краткая 0,967584 0,000074
кратким 3,506558 0,000268
кратчайшей 3,912023 0,000299
кратчайшим 3,912023 0,000299
краю 1,966113 0,000150
края 0,713350 0,002072
краягородские 3,506558 0,000268
краяцентры 2,995732 0,000229
крестом 2,995732 0,000229
крестьянских 2,040221 0,000156
кривощекова-гантман 3,912023 0,000299
кризиса 2,040221 0,000156
крисанова 3,912023 0,000598
кристалл 2,407946 0,000368
критике 2,525729 0,000193
критикой 3,912023 0,000299
кришнаиты 3,912023 0,000299
кроме 0,235722 0,000144
круглосуточного 3,506558 0,000268
круглосуточные 3,912023 0,000299
круговорот 3,218876 0,000246
кружок 3,506558 0,000268
крупнейшее 2,040221 0,000156
крупнейшие 0,776529 0,000356
крупнейший 0,755023 0,000173
крупнейшим 1,203973 0,000184
крупнейшими 1,771957 0,000135
крупнейших 0,634878 0,000582
крупное 1,897120 0,000145
крупные 0,579818 0,000133
крупный 0,798508 0,000183
крупным 1,021651 0,000078
крупных 0,494296 0,000151
крушение 3,506558 0,000268
крыльях 2,995732 0,000458
крыма 0,843970 0,000065
кубка 1,347074 0,000618
кубок 1,832581 0,000560
кудряшова 3,506558 0,000268
кудымкар 3,912023 0,000897
кудымкарский 3,912023 0,000897
куединский 3,912023 0,000598
кузнеца 3,912023 0,000299
кузьмина 2,659260 0,000610
куйбышева 2,207275 0,000506
куки -0,009950 -0,000001
кукол 0,916291 0,000140
кукольном 3,912023 0,000299
кульминацией 3,506558 0,000268
культура 0,653926 0,000100
культурапортал 3,912023 0,000299
культурная 1,897120 0,000870
культурного 0,916291 0,000210
культурной 2,207275 0,001687
культурную 2,525729 0,000193
культурный 1,108663 0,000085
культурных 1,347074 0,000103
культуру 2,120264 0,000324
культуры 0,462035 0,000389
кунгур 3,912023 0,001495
кунгура 3,912023 0,000299
кунгурский 3,912023 0,001196
кунгурской 3,912023 0,000299
кунгуряки 3,912023 0,000299
купец 1,832581 0,000140
купол 2,995732 0,000229
купца 1,560648 0,000239
купцам 3,218876 0,000246
купцы 1,832581 0,000140
курган 1,237874 0,000095
курентзис 3,912023 0,000897
курентзиса 3,912023 0,000299
курсив 3,912023 0,000299
курсирует 2,813411 0,000215
курсов 3,506558 0,000268
курьей 3,912023 0,000299
курьер 2,659260 0,000203
кутузов 3,912023 0,000299
кушва 3,506558 0,000268
лабиринт 3,506558 0,000268
лаишево 3,506558 0,000268
лаки 3,506558 0,000268
ласьва 3,912023 0,000299
ласьвы 3,912023 0,000299
латунью 3,506558 0,000268
лауреатами 3,912023 0,000299
лауреатом 2,659260 0,000203
лебедева 2,995732 0,000229
лев 1,832581 0,000140
левашов 1,660731 0,000127
левитан 3,218876 0,000246
левобережной 2,207275 0,000169
левобережье 2,207275 0,000169
левого 1,966113 0,000150
левому 2,813411 0,000215
левшино 3,912023 0,000598
левый 1,309333 0,000200
легезо 3,912023 0,000299
легенда 2,407946 0,000368
ледовой 2,995732 0,000229
лезги 0,000000 0,000000
лейтенанта 2,995732 0,000229
ленина 0,867501 0,000531
ленинанаселенные 2,659260 0,000203
ленинск-кузнецкий 1,347074 0,000103
ленинский 1,078810 0,000165
ленину 1,272966 0,000097
лента 1,560648 0,000239
ленты 2,525729 0,000193
леонов 2,659260 0,000203
леонова 2,995732 0,000229
лес 1,514128 0,000463
леса 1,021651 0,000391
лесничество 3,218876 0,000246
лесного 2,120264 0,000162
лесов 1,469676 0,000225
лесом 2,302585 0,000352
лесопарками 3,912023 0,000299
лесу 2,302585 0,000176
лет 0,223144 0,000290
летие 1,309333 0,000100
летию 1,078810 0,000412
летия 1,108663 0,000170
летнее 1,966113 0,000301
летний 1,108663 0,000170
летним 2,525729 0,000193
летом 0,597837 0,000046
летописи 1,609438 0,000123
летопись 1,832581 0,000140
лечебный 3,912023 0,000299
лечебных 2,407946 0,000184
лечении 3,218876 0,000246
лещев 3,506558 0,000268
либерализма 3,912023 0,000897
либо 0,000000 0,000000
лиге 1,609438 0,000369
лиги 1,386294 0,000318
лидер 2,207275 0,000169
ликвидации 1,609438 0,000246
лику 2,995732 0,000229
линий 1,309333 0,000100
линию 2,407946 0,000184
линия 0,891598 0,000204
лион 3,912023 0,000299
лиоплевродона 3,912023 0,000299
липовая 3,218876 0,000246
литература 0,061875 0,000009
литературный 1,427116 0,000109
литературы 1,078810 0,000082
лицеев 1,771957 0,000135
лицензии -0,009950 -0,000002
лицензий 2,813411 0,000430
лицензию 2,659260 0,000203
лицо 1,771957 0,000135
лично 2,302585 0,000176
личные 1,966113 0,000150
личным 3,506558 0,000268
лишь 0,478036 0,000146
логами 3,912023 0,000299
локальное 1,108663 0,000085
лося 3,506558 0,000268
лотов 0,000000 0,000000
лояльна 3,912023 0,000299
луганск 1,203973 0,000092
луисвилл 3,912023 0,000598
луисвилль 3,912023 0,000299
лукойл-пермнефтегазпереработка 3,912023 0,000299
лукойл-пермнефтеоргсинтез 3,912023 0,000299
лукойл-пермьнефтеоргсинтез 3,912023 0,000299
лукойла 3,218876 0,000246
лукоянов 3,506558 0,000268
лучшим 1,514128 0,000232
лучших 1,049822 0,000080
лыжные 2,659260 0,000203
лыжный 2,659260 0,000203
лыкова 3,218876 0,000246
лысьва 1,347074 0,000309
лысьвенский 3,912023 0,000299
льва 1,966113 0,000150
льду 2,040221 0,000156
любили 3,506558 0,000268
любимовой 3,912023 0,000299
любой 1,514128 0,000116
людейнаселенные 2,995732 0,000229
люди 0,755023 0,000173
людьми 1,609438 0,000123
лютеранство 3,218876 0,000246
ляды 3,912023 0,001196
магадан 1,237874 0,000095
магазин 1,897120 0,000290
магазина 2,407946 0,000184
магазинов 2,040221 0,000156
магазины 2,207275 0,000169
магдалины 3,218876 0,000246
магистрали 1,078810 0,000165
магистраль 1,427116 0,000218
магната 3,912023 0,000299
магнит 1,714798 0,000131
магнитогорск 1,272966 0,000097
мае 0,867501 0,000066
май 0,597837 0,000091
макарова 2,120264 0,000162
макс 2,120264 0,000162
максима 2,120264 0,000162
максимальное 2,659260 0,000407
максимальный 2,659260 0,000203
максимова 2,659260 0,000407
максимум 0,733969 0,000112
маленький 2,813411 0,000215
мало 1,427116 0,000109
малочисленную 3,912023 0,000299
малый 0,371064 0,000028
малых 1,309333 0,000400
манхэттене 3,912023 0,000299
марат 3,912023 0,000299
марата 3,218876 0,000246
марии 2,040221 0,000156
мариинского 3,218876 0,000246
мариинской 2,995732 0,000458
мариймакедонскимонгол 0,000000 0,000000
марис-арт 3,912023 0,000299
марка 0,867501 0,000133
марки 2,040221 0,000468
маркова 2,407946 0,000184
маркой 3,506558 0,000536
марку 3,506558 0,000268
март 0,616186 0,000141
марта 0,139262 0,000511
марте 0,967584 0,000148
маршрутами 3,218876 0,000246
маршрутными 2,120264 0,000324
маршрутных 2,659260 0,000203
маршрутов 0,967584 0,000222
маршруты 1,272966 0,000097
маска 3,218876 0,000246
масса 1,609438 0,000123
массива 2,525729 0,000193
массивами 2,995732 0,000229
массовое 1,771957 0,000135
массовой 0,916291 0,000210
массовым 2,813411 0,000215
мастер-план 3,912023 0,000598
мастеров 1,897120 0,000145
масштабные 1,897120 0,000145
математики 1,660731 0,000254
матери 1,347074 0,000103
материал -0,009950 -0,000002
материалам 2,207275 0,000169
материалов 0,755023 0,000115
материалы 0,843970 0,000065
мауэра 3,912023 0,000299
махонин 3,912023 0,000299
машиностроение 1,560648 0,000119
машиностроении 3,218876 0,000246
машиностроитель 3,506558 0,000268
машиностроительный 1,897120 0,000145
мая 0,139262 0,000511
маяковский 2,995732 0,000229
мвд 1,309333 0,000300
мгуту 3,218876 0,000246
мебельная 2,659260 0,000203
мегалодона 3,912023 0,000299
мегаполисов 2,813411 0,000215
мегафон 1,237874 0,000095
медведе 3,912023 0,000598
медведей 2,813411 0,000215
медведи 2,525729 0,000386
медведь 2,207275 0,000675
медведя 2,659260 0,000203
медеплавильного 2,995732 0,000687
медеплавильном 3,912023 0,000299
меди 2,207275 0,000169
медиалогия 3,912023 0,000598
медиафайлы 0,301105 0,000023
медико-социальной 3,506558 0,000536
медицинский 0,891598 0,000204
медицинских 1,427116 0,000109
медицинской 1,514128 0,000347
медицинскую 2,813411 0,000430
медной 3,506558 0,000268
межвузовский 2,659260 0,000203
межвузовского 3,912023 0,000299
междугородная 3,218876 0,000246
международная 1,309333 0,000100
международно 1,139434 0,000087
международного 0,733969 0,000224
международное 1,714798 0,000393
международный 0,713350 0,000055
международных 0,967584 0,000148
межконфессиональный 3,912023 0,000299
межмуниципальное 2,995732 0,000229
межрегионгаз 2,995732 0,000229
мемориал 1,609438 0,000123
мемориальном 3,506558 0,000268
мемориальный 1,469676 0,000112
менделеевск 3,506558 0,000268
менее 0,314711 0,000048
меннонитов 3,912023 0,000299
мере 1,272966 0,000097
меридиональные 3,506558 0,000268
мероприятия 1,272966 0,000292
мест 0,713350 0,000055
места 0,579818 0,000089
месте 0,544727 0,000208
местн 3,912023 0,000299
местного 0,941609 0,000288
местные 1,049822 0,000321
местных 1,108663 0,000424
место 0,371064 0,000454
местоположения 2,659260 0,000407
месторождение 2,302585 0,000176
месяц 1,272966 0,000097
месяцевикипедия 0,776529 0,000059
металлическим 3,912023 0,000299
метеор 2,659260 0,000407
метеоре 3,912023 0,000299
метро 1,272966 0,000292
метров 0,776529 0,000059
метрополитена 1,660731 0,000127
метрополитенов 2,813411 0,000215
механики 2,525729 0,000193
меценатом 3,506558 0,000268
мечети 1,560648 0,000119
мечеть 1,078810 0,000165
мешает 2,659260 0,000203
мешкова 3,912023 0,001196
мещане 3,912023 0,000299
миа 3,912023 0,000299
миасс 1,309333 0,000100
мигрантам 3,912023 0,000299
микромобильности 3,912023 0,000299
микрорайон 1,660731 0,000254
микрорайонах 2,813411 0,000215
микрорайоне 1,771957 0,000542
милиции 2,207275 0,000337
милиционеров 3,218876 0,000246
миллион 2,207275 0,000506
миллионники 3,912023 0,000299
миллионных 3,506558 0,000268
мильграма 3,912023 0,000299
минеральные 1,966113 0,000451
мини-футбол 2,813411 0,000215
минимальное 3,506558 0,000268
минимум 0,693147 0,000106
минин 2,813411 0,000215
министерства 0,891598 0,000136
министерство 1,108663 0,000085
минск 1,714798 0,000131
минут 1,386294 0,000212
мир 0,342490 0,000183
мира 0,415515 0,000032
мирбис 3,912023 0,000299
мире 0,494296 0,000076
миссионерскую 3,912023 0,000299
митинг 2,813411 0,000215
митрополии 1,897120 0,000145
михаил 0,916291 0,000350
михаила 1,171183 0,000179
михаилом 2,813411 0,000430
михайловичем 3,218876 0,000246
михайловой 3,912023 0,000299
михайлюк 3,912023 0,000299
мку 3,912023 0,000299
млн 0,462035 0,000106
млрд 0,820981 0,000063
мнение 1,427116 0,000436
мнению 0,967584 0,000074
многие 0,356675 0,000136
многими 2,040221 0,000156
многих 0,494296 0,000076
многолетнюю 3,912023 0,000299
многообразная 3,912023 0,000299
многоотраслевой 3,912023 0,000299
многотрудная 3,912023 0,000299
многочисленной 3,218876 0,000246
многочисленные 1,139434 0,000087
многочисленным 2,813411 0,000430
множество 0,597837 0,000137
мобильная -0,009950 -0,000001
могут -0,009950 -0,000001
моделью 2,813411 0,000215
модерах 3,912023 0,000598
модераха 3,912023 0,000299
модераху 3,912023 0,000299
модерна 2,207275 0,000169
модернизации 1,966113 0,000150
модулем 1,021651 0,000078
модуль 0,941609 0,000072
можете 0,653926 0,000100
молния 2,813411 0,000215
молодежного 2,813411 0,000215
молодежный 1,309333 0,000200
молот 2,813411 0,000645
молот-прикамье 3,912023 0,000299
молотов 3,506558 0,001608
молотова 3,506558 0,000804
молотовапереименованные 3,912023 0,000299
молотове 3,912023 0,000598
молотово 3,912023 0,000299
молотовская 3,912023 0,000598
молотовский 3,912023 0,000598
молотовского 3,912023 0,000299
молотовской 3,912023 0,000299
молочный 2,040221 0,000156
момент 0,597837 0,000046
монастырей 2,120264 0,000162
монастырская 2,813411 0,000430
монголии 2,659260 0,000203
монета 1,309333 0,000200
монету 2,040221 0,000312
мониторинг 1,832581 0,000140
монополистом 3,912023 0,000299
монумент 1,560648 0,000239
монумента 2,302585 0,000176
монументального 2,207275 0,000169
монументы 2,525729 0,000386
мончегорск 1,347074 0,000103
морей 1,832581 0,000280
морион 3,912023 0,000598
морихиро 3,912023 0,000299
мормоны 3,506558 0,000268
моря 0,579818 0,000089
морям 2,995732 0,000229
морями 2,040221 0,000156
москва 0,400478 0,000214
москвапермь 3,912023 0,000299
москвой 1,237874 0,000095
москву 1,139434 0,000087
москвы 0,653926 0,000050
московская 1,609438 0,000246
московский 0,891598 0,000136
московского 0,867501 0,000066
московской 1,237874 0,000095
мост 0,967584 0,000888
моста 1,139434 0,001481
мосту 2,040221 0,000468
мотивы 2,659260 0,000203
мотовилиха 3,912023 0,000897
мотовилихе 3,912023 0,001196
мотовилихи 3,912023 0,000299
мотовилихинские 3,912023 0,000598
мотовилихинский 3,912023 0,001196
мотовилихинских 3,912023 0,000299
мотовилихинского 3,912023 0,000299
мотовилихой 3,912023 0,000598
мотовозоремонтный 3,912023 0,000299
моторостроительного 3,912023 0,000598
моторостроительный 3,218876 0,000492
мощности 2,120264 0,000162
моющие 3,912023 0,000299
мск 0,843970 0,000065
мсква 3,912023 0,000299
мсэ 3,912023 0,000299
мтс 1,237874 0,000284
мужских 2,995732 0,000458
мужской 1,560648 0,000119
мужчин 1,609438 0,000246
муза 2,813411 0,000215
музее 1,771957 0,000135
музеев 1,309333 0,000100
музеем 1,966113 0,000150
музеи 0,820981 0,000126
музей 0,776529 0,000831
музей-диорама 3,506558 0,000268
музея 1,021651 0,000312
музыкальный 1,469676 0,000112
музыкальным 2,813411 0,000215
музыкой 3,506558 0,000268
муллы 3,912023 0,000299
мультижанрового 3,912023 0,000299
мулянка 3,912023 0,000299
мулянку 3,912023 0,000299
муниципального 0,891598 0,000068
муниципальное 1,139434 0,000610
муниципальные 1,309333 0,000200
муниципальным 0,776529 0,000890
муниципальными 1,660731 0,000127
муниципальных 0,776529 0,000356
мурчисон 3,912023 0,000299
мурчисоном 3,912023 0,000299
мусор 2,813411 0,000215
мусульман 1,660731 0,000254
мусульманский 3,912023 0,000299
мусульманство 3,912023 0,000299
муфтията 3,912023 0,000299
мухтасибат 3,506558 0,000268
мфа 2,995732 0,000229
мэрии 1,966113 0,000150
мэрия 1,897120 0,000290
мэси 3,506558 0,000268
мясокомбинат 2,302585 0,000176
набережная 1,139434 0,000261
набережной 1,272966 0,000584
набережные 2,040221 0,000156
набережными 3,912023 0,000299
навигации -0,009950 -0,000001
навигация -0,009950 -0,000002
навстречу 3,218876 0,000246
наглядно 2,995732 0,000229
нагорном 3,506558 0,000804
награды 0,867501 0,000133
награжден 1,514128 0,000116
награжденные 1,021651 0,000078
назван 1,078810 0,000082
названа 1,660731 0,000254
название 0,198451 0,000076
названием 0,820981 0,000314
названии 1,771957 0,000135
названий 1,078810 0,000082
названия 0,342490 0,000105
названные 1,771957 0,000135
названы 1,386294 0,000106
наземное 2,995732 0,000229
назначен 1,386294 0,000212
назначения 1,427116 0,000109
назначить 3,506558 0,000268
называемая 2,120264 0,000162
называли 1,347074 0,000103
назывались 1,897120 0,000145
назывался 1,347074 0,000103
называться 1,660731 0,000254
называют 0,916291 0,000070
наиболее 0,139262 0,000032
наибольшим 2,407946 0,000184
наименовав 3,912023 0,000299
наименования 2,207275 0,000169
найдены 1,714798 0,000131
наказаний 2,659260 0,000203
наличие 1,108663 0,000085
наличию 3,218876 0,000246
намеревался 3,506558 0,000268
наместника 2,659260 0,000203
наместничества 1,660731 0,000254
наместничество 2,302585 0,000176
намечаемые 3,912023 0,000299
нами -0,009950 -0,000001
напольских 3,912023 0,000299
направление 1,203973 0,000092
направлении 1,108663 0,000254
направлений 1,108663 0,000085
направления 0,755023 0,000115
направлениям 1,660731 0,000254
направо 1,560648 0,000119
например 0,328504 0,000151
напротив 1,237874 0,000095
нарекание 3,912023 0,000299
народная 0,713350 0,000109
народного 1,171183 0,000090
народное 0,798508 0,000244
насаждений 1,660731 0,000254
насаждения 2,407946 0,000552
население 0,693147 0,000795
населением 0,776529 0,000237
населению 1,832581 0,000140
населения 0,494296 0,002305
населениягод 0,000000 0,000000
населенные 0,673345 0,000206
населенный 1,609438 0,000123
населенными 1,966113 0,000301
населенных 0,693147 0,000477
наследия 0,820981 0,000126
наследник 2,995732 0,000229
настоящее 0,328504 0,000075
настроенной 3,912023 0,000299
наступает 0,916291 0,000070
наступление 2,120264 0,000162
насчитывало 3,506558 0,000268
наталья 1,660731 0,000127
наук 0,693147 0,000053
наука 0,301105 0,000069
науке 1,897120 0,000145
науки 0,820981 0,000063
научно-исследовательских 1,714798 0,000131
научно-методическую 3,912023 0,000299
научно-образовательный 0,967584 0,000074
научно-производственная 3,912023 0,000299
научно-производственный 2,995732 0,000229
научно-просветительские 3,912023 0,000598
научного 1,309333 0,000100
научное 0,891598 0,000068
научной 1,108663 0,000085
научные 1,049822 0,000080
научный 0,941609 0,000288
научных 0,776529 0,000237
находился 0,776529 0,000356
находится 0,328504 0,000126
находка 1,171183 0,000090
находятся 0,527633 0,000081
национального 1,469676 0,000112
национальной 1,272966 0,000097
национальности 0,867501 0,000133
национальный 0,597837 0,000229
начал 0,798508 0,000061
начала 0,314711 0,000144
начале 0,314711 0,000217
начало 0,415515 0,000159
началом 1,171183 0,000090
началось 0,616186 0,000141
началу 1,171183 0,000179
начальная 2,659260 0,000203
начальника 2,120264 0,000162
начальной 2,659260 0,000203
начат 2,525729 0,000193
начато 1,469676 0,000112
начинает 1,771957 0,000135
начинается 0,755023 0,000058
начиналась 2,525729 0,000386
начиная 0,733969 0,000056
начисленная 2,302585 0,000176
наш 1,609438 0,000123
нашел 2,525729 0,000193
наших 1,469676 0,000225
нг-сценарии 3,912023 0,000299
небольшим 2,040221 0,000156
небом 2,040221 0,000156
невзгод 3,912023 0,000299
невозможности 2,813411 0,000215
неврологических 3,506558 0,000268
негосударственные 2,040221 0,000156
негосударственных 1,966113 0,000301
недалеко 1,469676 0,000112
недатированной 3,912023 0,000299
недвижимых 3,506558 0,000268
недолгое 3,912023 0,000299
недостатков 0,653926 0,000050
недостаточное 2,813411 0,000215
недоступная 0,527633 0,000161
недоступные 0,755023 0,000058
независимая 1,966113 0,000150
незначительное 2,995732 0,000229
незначительную 3,218876 0,000246
неизвестен 2,659260 0,000407
некоммерческий 2,995732 0,000229
некоммерческое 3,506558 0,000268
некоммерческой -0,009950 -0,000001
некорректно 1,897120 0,000145
некоторые 0,301105 0,000023
некоторых 0,494296 0,000076
некрополь 2,207275 0,000169
некую 3,912023 0,000299
нем 0,356675 0,000055
немцы-лютеране 3,506558 0,000268
неоднозначные 3,506558 0,000268
неоднократно 1,139434 0,000174
неофициально 2,302585 0,000176
неофициальным 2,813411 0,000215
непосредственно 0,478036 0,000073
непригодна 3,912023 0,000299
непродолжительных 3,912023 0,000299
нерабочими 1,021651 0,000078
нерасчетном 3,912023 0,000299
нерода 3,912023 0,000299
несколькими 1,660731 0,000127
нескольких 0,755023 0,000173
несколько 0,150823 0,000046
несут 2,995732 0,000229
несущий 3,506558 0,000268
нефтегазоперерабатывающая 3,912023 0,000299
нефтегазопереработка 3,912023 0,000299
нефтекамском 3,912023 0,000299
нефтеперерабатывающего 3,506558 0,000268
нефтепромысловое 3,912023 0,000299
нефтехимической 2,813411 0,000215
нефтехимия 2,995732 0,000229
нефтяник 2,525729 0,000193
нефтяное 3,506558 0,000268
нигде 2,525729 0,000193
ниже 0,693147 0,000159
нижегородской 2,207275 0,000337
нижнего 1,514128 0,000116
нижнекамск 2,995732 0,000229
нижнекамском 3,912023 0,000299
нижний 0,673345 0,000257
низкая 1,660731 0,000127
низовьях 2,207275 0,000169
никитин 2,302585 0,000176
никитич 3,912023 0,000299
николаев 2,407946 0,000184
николаевич 1,309333 0,000100
николай 0,867501 0,000133
николая 0,916291 0,000070
николо-березовка 3,912023 0,000299
никулина 3,218876 0,000246
новая 0,634878 0,000146
новгород 0,867501 0,000199
новейшей 2,525729 0,000386
нового 0,579818 0,000355
новой 0,653926 0,000250
новокузнецк 1,272966 0,000097
новом 1,386294 0,000106
новомет 3,912023 0,000299
новомосковск 1,203973 0,000092
новому 1,832581 0,000420
новорожденных 3,506558 0,000268
новосибирск 0,916291 0,000140
новостей 1,771957 0,000271
новости 0,579818 0,000399
новую 1,171183 0,000090
новые 0,342490 0,000105
новый 0,446287 0,000512
новых 0,430783 0,000066
номер 0,820981 0,000063
номера 1,609438 0,000369
номерной 3,218876 0,000246
номиналом 1,966113 0,000301
норвежская 0,248461 0,000019
норильск 1,203973 0,000092
норма 0,798508 0,000122
нормативным 3,506558 0,000268
нормы 1,514128 0,000116
носившая 3,912023 0,000299
нотозавра 3,912023 0,000299
ноты 3,218876 0,000246
нохчийн 0,000000 0,000000
ночевок 3,912023 0,000299
ночи 2,659260 0,000203
ночном 3,506558 0,000268
ночь 1,514128 0,000232
нояб 0,820981 0,000063
ноябре 0,994252 0,000076
ноября 0,127833 0,000274
нпо 2,207275 0,000169
нська 0,000000 0,000000
нужд 1,660731 0,000127
нужды 2,040221 0,000156
нумизматике 2,207275 0,000337
нумизматические 3,912023 0,000299
нцссх 3,912023 0,000299
ныне 0,653926 0,000200
нынешней 1,966113 0,000150
нытва 3,912023 0,000897
нытвенский 3,912023 0,000598
нытвой 3,912023 0,000299
ньскъ 0,000000 0,000000
оао 0,916291 0,000210
оба 1,386294 0,000106
обвиняли 3,506558 0,000268
обе 1,609438 0,000123
обелиски 3,912023 0,000299
обеспечением 2,659260 0,000203
обеспечивающие 2,302585 0,000176
обзор 1,171183 0,000090
обитателей 2,525729 0,000193
обладает 1,171183 0,000179
обладал 3,912023 0,000299
обладателем 2,995732 0,000458
области 0,223144 0,000290
областная 1,309333 0,000200
областной 1,078810 0,000330
областном 2,407946 0,000368
областным 2,207275 0,000169
областными 2,813411 0,000215
область 0,385662 0,000147
областью 2,302585 0,000176
облисполком 3,506558 0,000268
обновив 1,832581 0,000140
обновления 1,514128 0,000116
обновлениявикипедия 1,771957 0,000135
обозначали 3,912023 0,000299
обозначения 1,660731 0,000127
обороны 1,309333 0,000300
оборот 1,309333 0,000100
оборудован 2,995732 0,000229
оборудование 1,347074 0,000206
обоснованию 2,407946 0,000184
образец 2,659260 0,000203
образован 1,347074 0,000103
образована 1,427116 0,000109
образование 0,494296 0,000378
образовании 1,832581 0,000420
образованию 2,040221 0,000156
образования 0,478036 0,000256
образованиям 0,776529 0,000890
образованиями 1,966113 0,000150
образованной 2,525729 0,000193
образовательное 2,302585 0,000176
образовательной 2,659260 0,000407
образовательную 3,218876 0,000492
образовательным 2,813411 0,000215
образовательных 1,427116 0,000109
образует 0,994252 0,000076
образца 2,407946 0,000368
образцами 3,912023 0,000299
обращения 0,030459 0,000414
обслуживание 1,832581 0,000140
обслуживания 1,469676 0,000112
обстановке 2,995732 0,000229
обсудили 3,218876 0,000246
обсуждаться 2,995732 0,000229
обустроенных 3,912023 0,000299
обустроить 3,912023 0,000299
обучавшегося 3,912023 0,000299
обход 1,832581 0,000280
обхода 2,207275 0,000169
обходом 2,995732 0,000229
обширная 2,302585 0,000176
общ 1,966113 0,000150
общая 0,673345 0,000103
общего 0,713350 0,000164
общегородская 3,912023 0,000897
общее 1,237874 0,000095
общей 0,597837 0,000046
общеобразовательных 1,203973 0,000368
общепрофильные 3,912023 0,000299
общероссийскими 3,912023 0,000299
общероссийского 2,813411 0,000215
общества 0,776529 0,000059
обществе 2,040221 0,000156
общественников 3,912023 0,000299
общественно-деловые 3,912023 0,000299
общественно-политических 2,525729 0,000193
общественно-политической 2,995732 0,000229
общественного 0,916291 0,000070
общественной 1,832581 0,000140
общественные 1,609438 0,000246
общественный 0,941609 0,000288
общество 0,713350 0,000055
общие 0,673345 0,000103
общий 0,916291 0,000070
общин 1,897120 0,000145
община 1,609438 0,000246
общину 3,506558 0,000536
общины 1,514128 0,000232
объединение 1,171183 0,000090
объединения 1,203973 0,000092
объединены 1,832581 0,000140
объединяемых 3,912023 0,000299
объектов 0,527633 0,000161
объекты 0,478036 0,000073
объемом 2,407946 0,000184
объемы 1,897120 0,000145
объявления 2,525729 0,000193
объяснили 3,218876 0,000246
объясняют 2,813411 0,000215
обывателей 3,506558 0,000268
обычно 0,693147 0,000053
обязанностей 2,525729 0,000193
оврагам 3,912023 0,000299
оврагами 2,207275 0,000169
ограде 3,506558 0,000268
ограничения 1,897120 0,000145
ограниченного 3,218876 0,000246
одержал 2,995732 0,000229
одна 0,527633 0,000040
однако 0,174353 0,000013
одним 0,494296 0,000265
одно 0,693147 0,000159
одновременно 0,776529 0,000059
одного 0,544727 0,000042
одной 0,371064 0,000113
одобрил 2,995732 0,000229
ожидает 3,218876 0,000246
озеленения 2,659260 0,000407
оказания 2,659260 0,000203
оказывает 1,427116 0,000218
оказывают 1,660731 0,000127
оказывающее 3,912023 0,000299
окато 0,820981 0,000126
океанариум 2,525729 0,000386
около 0,000000 0,000000
околоцентре 3,912023 0,000299
окрестностей 1,714798 0,000131
округ 0,673345 0,000309
округа 0,653926 0,000400
округаскрытые 3,912023 0,000299
округов 0,776529 0,000416
окружают 2,995732 0,000229
окружающего 2,813411 0,000215
окружающей 1,049822 0,000321
окружающую 2,525729 0,000193
оксфорд 3,506558 0,000804
окт 0,798508 0,000061
октмо 0,843970 0,000065
октябре 0,967584 0,000148
октябрь 0,867501 0,000066
октябрьская 1,897120 0,000435
октябрьский 1,078810 0,000165
октябрьской 1,078810 0,000082
октября 0,083382 0,000351
окулова 3,912023 0,000299
олег 1,427116 0,000109
олегович 3,506558 0,000268
оленя 3,218876 0,000246
олимпия 2,813411 0,000215
олык 0,000000 0,000000
ольга 1,427116 0,000109
ольги 2,659260 0,000203
омрачен 3,912023 0,000299
омск 1,021651 0,000156
онкологического 3,506558 0,000268
онлайн 0,198451 0,000015
оно 0,000000 0,000000
оный 3,506558 0,000536
ооо 0,843970 0,000065
опасностей 3,218876 0,000246
опасными 3,218876 0,000246
опер 3,506558 0,000268
операторами 2,659260 0,000203
операторов 1,347074 0,000103
оператором 2,207275 0,000169
операторы 1,514128 0,000232
операции 1,139434 0,000087
оперная 3,506558 0,000268
оперно-балетным 3,912023 0,000299
оперы 1,660731 0,000762
описание -0,009950 -0,000004
описания 1,832581 0,000140
описывает 2,659260 0,000203
оплачивать 3,506558 0,000268
определению 2,813411 0,000215
определенный 2,120264 0,000162
определенных 2,040221 0,000156
определил 2,407946 0,000184
опроверг 3,912023 0,000299
оптики 2,659260 0,000203
оптимизации 2,813411 0,000215
оптоволоконных 3,912023 0,000299
опубликован 2,120264 0,000162
опыт 1,714798 0,000131
орган 1,203973 0,000092
органа 1,966113 0,000150
органами 2,120264 0,000324
органах 2,659260 0,000203
организаторами 3,218876 0,000246
организации -0,009950 -0,000005
организаций 0,776529 0,000297
организовал 2,525729 0,000193
организован 1,660731 0,000127
организованный 2,525729 0,000193
организованы 2,040221 0,000156
органный 2,302585 0,000176
органным 3,506558 0,000268
органов 0,994252 0,000076
органом 1,514128 0,000232
органы 0,891598 0,000273
орден 1,966113 0,000150
орденом 1,021651 0,000156
орджоникидзе 2,040221 0,000156
орджоникидзевский 2,813411 0,000430
ординский 3,912023 0,000598
оренбургом 3,506558 0,000268
оригинала 0,162519 0,000472
ориентации 2,995732 0,000229
ориентир 3,912023 0,000299
орленок 2,995732 0,000229
орск 1,272966 0,000097
ортодоксальным 3,912023 0,000299
ортсабеларуская 0,000000 0,000000
оружия 1,560648 0,000119
оса 3,912023 0,000897
осадков 0,544727 0,000167
освещение 2,659260 0,000407
освещению 3,506558 0,000268
освещения 3,218876 0,000246
освящено 3,506558 0,000268
осинский 3,506558 0,000536
осипов 0,527633 0,000040
основа 1,832581 0,000140
основали 2,659260 0,000203
основан 0,579818 0,000222
основание 1,272966 0,000389
основании 1,427116 0,000109
основания 0,713350 0,000436
основанная 2,040221 0,000156
основанные 0,776529 0,000119
основанный 1,386294 0,000212
основаны 1,771957 0,000135
основателем 2,525729 0,000193
основателю 2,302585 0,000176
основная 0,116534 0,000151
основной 0,653926 0,000100
основном 0,510826 0,000078
основные 0,223144 0,000119
основным 0,616186 0,000047
основных 0,634878 0,000194
основой 1,237874 0,000095
основу 1,203973 0,000184
особенно 0,562119 0,000043
особенность 2,525729 0,000193
особо 1,237874 0,000189
особого 2,525729 0,000193
особое 1,832581 0,000140
особы 3,506558 0,000536
особые 2,120264 0,000162
остается 0,891598 0,000068
остались 1,714798 0,000131
осталось 2,040221 0,000156
остановился 2,995732 0,000229
останутся 3,506558 0,000268
осудила 3,912023 0,000299
осуществлена 2,813411 0,000215
осуществление 2,302585 0,000176
осуществлены 3,912023 0,000299
осуществляет 1,203973 0,000092
осуществляется 0,776529 0,000237
осуществлялся 2,995732 0,000229
осуществлять 2,120264 0,000162
осуществляют 1,469676 0,000112
осуществляются 1,714798 0,000262
осуществляющее 2,813411 0,000215
осуществляющих 2,813411 0,000430
отбывший 3,912023 0,000299
отв 0,755023 0,000058
ответственности -0,009950 -0,000001
отвода 3,506558 0,000268
отдаленный 3,506558 0,000268
отдела 2,207275 0,000169
отделение 1,139434 0,000348
отделения 1,021651 0,000312
отдельно 2,120264 0,000162
отдельные 1,078810 0,000082
отдельными 2,407946 0,000368
отдельных -0,009950 -0,000002
отдыха 1,049822 0,000241
отечественная 1,832581 0,000140
отечественной 0,673345 0,000051
отзыва 3,506558 0,000268
отказ -0,009950 -0,000001
отказала 3,912023 0,000299
отклонении 3,912023 0,000299
открывшему 3,912023 0,000299
открыл 1,609438 0,000123
открыла 2,407946 0,000184
открылась 1,309333 0,000200
открыли 1,237874 0,000095
открылось 1,966113 0,000150
открылся 0,941609 0,000360
открыт 0,798508 0,000855
открыта 0,967584 0,000296
открытая 1,771957 0,000135
открытие 0,941609 0,000504
открытием 2,302585 0,000176
открытии 2,040221 0,000312
открытий 2,659260 0,000203
открытия 0,916291 0,000070
открыто 1,078810 0,000495
открытой 2,207275 0,000169
открытый 1,049822 0,000161
открытым 1,309333 0,000100
открытых 1,897120 0,000145
открыть 2,120264 0,000324
откуда 0,000000 0,000000
отличается 0,579818 0,000133
отменены 2,659260 0,000203
отменили 2,995732 0,000229
отметки 1,966113 0,000150
отмечает 2,040221 0,000156
отмечается 1,309333 0,000100
относительно 0,415515 0,000032
относится 0,733969 0,000112
отношения 0,994252 0,000228
отозваны 3,912023 0,000299
отправился 2,813411 0,000215
отправляются 1,771957 0,000135
отправной 3,218876 0,000246
отраслей 1,771957 0,000135
отрасли 1,078810 0,000247
отредактирована -0,009950 -0,000001
отредактировать 0,967584 0,000074
отреставрированных 3,912023 0,000299
отснята 3,912023 0,000299
отступлении 3,218876 0,000246
отчета 2,813411 0,000215
отчий 3,912023 0,000299
отягчая 3,912023 0,000299
офис 1,966113 0,000301
офицеров 1,771957 0,000135
официальная 1,609438 0,000369
официально 0,693147 0,000106
официальной 1,469676 0,000225
официальный 0,510826 0,000156
официальными 3,218876 0,000492
официальных 2,207275 0,000169
оформлены 3,912023 0,000299
оха 1,347074 0,000103
оханск 3,912023 0,001196
оханская 3,912023 0,000299
оханский 3,912023 0,000598
охрана 1,771957 0,000677
охране 1,609438 0,000246
охраны 1,427116 0,000109
оценка 0,693147 0,000159
оценке 1,560648 0,000119
оценку 2,207275 0,000169
очагов 3,506558 0,000268
очень 0,494296 0,000113
очер 3,912023 0,000598
очереди 1,966113 0,000301
очередь 0,527633 0,000242
очерк 1,237874 0,000095
очерки 1,171183 0,000269
очером 3,912023 0,000299
очерский 3,912023 0,000598
очки 3,506558 0,000268
ошибка 1,832581 0,000140
ошибкекак -0,009950 -0,000001
павел 1,469676 0,000225
павла 1,714798 0,000262
павленко 3,912023 0,000299
павловичем 3,506558 0,000268
павлу 3,912023 0,000598
пакеты 2,995732 0,000229
палата 1,660731 0,000254
палеоботаническую 3,912023 0,000299
палеонтологии 3,912023 0,000299
памятник 0,693147 0,000371
памятника 1,078810 0,000247
памятники 0,733969 0,000393
памятников 0,820981 0,000377
памятную 2,407946 0,000184
памятных 1,714798 0,000262
память 0,891598 0,000068
панова 3,506558 0,000268
пановой 3,912023 0,000598
панорама 1,386294 0,000106
панфилова 3,218876 0,000246
парализована 3,506558 0,000268
параллельно 1,237874 0,000095
параметрамивикипедия 2,207275 0,000169
парк 0,693147 0,000689
парка 1,021651 0,000078
парке 1,171183 0,000179
парки 1,272966 0,000389
парковка 3,506558 0,000268
парковки 2,407946 0,000184
парковку 3,506558 0,000268
парковый 2,525729 0,000193
парламентская 3,506558 0,000268
парма 3,506558 0,000804
пармы 3,912023 0,000299
пароходства 2,207275 0,000169
пароходство 2,040221 0,000156
партий 2,659260 0,000203
партнерстве 2,525729 0,000193
парусная 3,218876 0,000246
парусному 2,995732 0,000229
пассажира 3,506558 0,000268
пассажиропоток 1,966113 0,000150
пассажирские 1,427116 0,000109
пастернак 3,506558 0,000268
пастернака 3,912023 0,000598
паульсен 3,506558 0,000536
пацаны 3,506558 0,000536
пбк 3,912023 0,000598
пгма 3,912023 0,000299
пгниу 3,912023 0,000598
пгпу 3,506558 0,000268
пгса 3,912023 0,000299
пгту 3,912023 0,000299
пгу 3,218876 0,000246
пгфа 3,912023 0,000299
певец 2,407946 0,000184
педагогический 1,078810 0,000247
педагогического 1,897120 0,000290
педагогическое 3,912023 0,000299
педиатрических 3,912023 0,000299
пединститут 3,912023 0,000299
пенза 1,108663 0,000085
пер 1,108663 0,000085
пера 3,218876 0,000246
первая 0,430783 0,000263
первого 0,733969 0,000056
первое 0,544727 0,000291
первом 1,237874 0,000095
первые 0,494296 0,000113
первый 0,385662 0,000295
первым 0,597837 0,000137
первыми 1,609438 0,000123
перебоями 3,506558 0,000268
переведен 2,040221 0,000156
переведено 3,218876 0,000246
переведены 2,207275 0,000169
перевезти 3,506558 0,000268
перевернулась 3,912023 0,000299
перевозки 1,203973 0,000092
перевозку 2,995732 0,000229
перевозок 1,469676 0,000112
перевозятся 3,912023 0,000299
передать 2,120264 0,000162
переименован 1,347074 0,000103
переименована 1,771957 0,000271
перейти -0,009950 -0,000002
перем 0,000000 0,000000
переменным 3,218876 0,000246
перемь 3,912023 0,000299
перенесен 2,040221 0,000156
переноса 2,120264 0,000162
переориентирована 3,912023 0,000299
переписей 2,995732 0,000229
переписи 0,755023 0,000404
переписных 1,897120 0,000145
перепись 0,820981 0,000628
перераб 1,609438 0,000123
пересекала 3,506558 0,000268
пересечении 1,427116 0,000109
пересечения 2,207275 0,000169
перестал 2,659260 0,000203
перестройка 2,659260 0,000203
перестройки 2,407946 0,000184
переулков 2,813411 0,000215
переходят 2,659260 0,000203
перечисленных 2,659260 0,000407
перечня 2,120264 0,000162
период 0,342490 0,000393
периода 0,967584 0,000074
периодические 2,525729 0,000193
периодов 2,040221 0,000156
периодом 1,897120 0,000145
перм 3,912023 0,000897
перма 3,912023 0,000598
перме 3,912023 0,000299
перми 2,407946 0,055408
пермичи 0,000000 0,000000
пермия 3,912023 0,000299
пермская 3,506558 0,009114
пермские 3,912023 0,002692
пермский 2,659260 0,019313
пермским 3,912023 0,000897
пермских 3,218876 0,001723
пермского 2,995732 0,016718
пермское 3,506558 0,003753
пермской 2,659260 0,007725
пермском 3,912023 0,004486
пермскому 3,912023 0,000897
пермскую 3,506558 0,001072
перму 3,912023 0,000299
пермь 0,994252 0,012389
пермь-котласская 3,912023 0,000299
пермь-петербург-париж 3,912023 0,000299
пермьдо 3,912023 0,000299
пермьстат 3,912023 0,000897
пермьстата 3,912023 0,000299
пермьстатистика 0,000000 0,000000
пермью 2,813411 0,000860
пермэнерго 3,912023 0,000299
пермя 0,000000 0,000000
пермякам 3,912023 0,000299
пермяки 3,506558 0,001072
пермяков 3,506558 0,000268
перпендикулярно 2,813411 0,000430
перпендикулярные 3,218876 0,000246
перская 3,912023 0,000299
персонала 2,525729 0,000193
персональные -0,009950 -0,000001
перспективных 2,407946 0,000368
пертурбационная 3,506558 0,000268
перьмь 3,912023 0,000299
петра 1,078810 0,000330
петрович 1,897120 0,000145
петровская 2,659260 0,000203
петровских 2,813411 0,000215
петроградским 3,912023 0,000299
петроградского 3,218876 0,000246
петропавловский 2,525729 0,000386
петропавловского 3,506558 0,000268
петропавловской 3,218876 0,000492
печатающиеся 3,912023 0,000299
печати -0,009950 -0,000001
печатная 3,218876 0,000246
печатных 1,609438 0,000246
печать -0,009950 -0,000002
печенкин 3,506558 0,000268
пешеходной 2,813411 0,000215
пиломатериалы 3,506558 0,000268
пилотным 3,912023 0,000299
пилы 3,506558 0,000268
пилявского 3,912023 0,000299
пиотровский 3,912023 0,000299
пиотровских 3,912023 0,000299
писал 1,514128 0,000116
писатель 1,514128 0,000116
письма 1,897120 0,000145
питомники 3,912023 0,000299
питья 3,912023 0,000299
пишут 2,659260 0,000203
пищевая 1,560648 0,000119
пищевой 1,514128 0,000116
пкдб 3,912023 0,000299
плавящимся 3,912023 0,000299
план 0,755023 0,000462
плана 1,272966 0,000195
планах 2,040221 0,000156
плане 1,660731 0,000127
планетарий 1,832581 0,001121
планетария 2,995732 0,000458
планировалось 1,832581 0,000560
планирования 1,714798 0,000131
планировка 1,771957 0,000813
планировки 2,040221 0,000156
планируемый 3,218876 0,000246
планируется 1,021651 0,000078
планируют 2,302585 0,000352
планкированную 3,912023 0,000299
плану 1,386294 0,000106
планы 1,347074 0,000206
плата 1,832581 0,000140
племен 1,966113 0,000150
плеханова 2,302585 0,000528
плотине 2,407946 0,000184
плотность 0,693147 0,000053
площади 0,510826 0,000234
площадка 1,514128 0,000116
площадку 2,525729 0,000193
площадь 0,478036 0,000329
плюс 1,386294 0,000106
пнипу 3,912023 0,000299
победитель 2,207275 0,000169
победную 3,912023 0,000299
победу 1,897120 0,000145
победы 0,916291 0,000140
побережье 1,560648 0,000119
побит 3,506558 0,000268
побратимские 2,302585 0,000352
поведения -0,009950 -0,000001
повелевалось 3,912023 0,000299
повера 3,912023 0,000299
повести 1,897120 0,000290
повесть 2,525729 0,000193
повод 3,912023 0,000299
поволжья 1,714798 0,000131
повышением 2,813411 0,000215
погибло 2,040221 0,000312
погибших 1,714798 0,000131
поглощено 3,912023 0,000299
погода 0,776529 0,000119
подавляющее 2,207275 0,000169
подарок 3,218876 0,000246
подарят 3,912023 0,000299
подвески 3,912023 0,000299
подводных 2,407946 0,000368
подготовило 3,506558 0,000268
подготовить 3,506558 0,000268
подготовке 2,207275 0,000169
поддержание 3,218876 0,000246
поддержке 1,469676 0,000225
поддержки 1,560648 0,000119
поддержкой 2,525729 0,000193
подключения 2,525729 0,000193
подлежащих 2,813411 0,000215
подлинный 3,912023 0,000299
подобные 1,609438 0,000246
подольск 1,272966 0,000097
подписала 2,995732 0,000229
подпольная 3,506558 0,000268
подробнее -0,009950 -0,000001
подробности 2,813411 0,000215
подростков 2,659260 0,000203
подстанциях 3,912023 0,000299
подступы 3,218876 0,000246
подтверждение 2,407946 0,000184
подтвержденная 3,912023 0,000299
подходящее 3,912023 0,000299
подчинены 1,897120 0,000145
подъезд 2,659260 0,000203
поезд 1,560648 0,000119
поезда 1,272966 0,000097
поездках 3,506558 0,000268
поездки 2,659260 0,000203
поездов 1,609438 0,000123
поездок 2,813411 0,000215
пожар 1,966113 0,000150
пожарной 2,407946 0,000184
позволил 2,525729 0,000193
позволило 1,514128 0,000116
позволяет 0,755023 0,000058
позднего 2,207275 0,000337
позднее 0,798508 0,000061
позже 0,733969 0,000056
позитивного 3,912023 0,000598
позицией 3,912023 0,000299
позиции 1,832581 0,000280
поиск -0,009950 -0,000001
поиску -0,009950 -0,000002
пойдет 3,506558 0,000268
пока 0,843970 0,000065
показатели 0,994252 0,000076
показатель 0,713350 0,000055
показателями 3,218876 0,000246
покрова 1,203973 0,000092
покровской 2,995732 0,000458
полазна 3,912023 0,000299
полгода 2,995732 0,000229
полдень 0,916291 0,000070
поле 0,798508 0,000061
поленова 3,218876 0,000246
полетов 2,995732 0,000229
полеты 2,525729 0,000193
полиграфическое 3,912023 0,000299
полиграфия 3,218876 0,000246
поликлиниках 3,218876 0,000246
поликлиники 1,966113 0,000150
политехнический 2,040221 0,000468
политехнического 2,207275 0,000337
политика -0,009950 -0,000002
политики 1,237874 0,000379
политикой 2,995732 0,000229
политику 2,302585 0,000176
политическая 0,843970 0,000194
политических 1,660731 0,000254
политического 2,813411 0,000215
полная 2,040221 0,000156
полное 1,139434 0,000087
полной 1,832581 0,000140
полностью 0,400478 0,000061
полных 2,525729 0,000193
половина 1,171183 0,000090
половине 0,634878 0,000049
половиной 2,995732 0,000229
половину 1,660731 0,000127
положение 0,510826 0,000156
положению 2,995732 0,000229
положения 1,309333 0,000200
полосой 2,407946 0,000184
полу 0,916291 0,000280
получены 2,302585 0,000176
получивший 2,120264 0,000162
получил 0,713350 0,000164
получила 0,653926 0,000150
пользовалась 3,218876 0,000246
пользования 1,660731 0,000508
польского 2,525729 0,000386
поляки 1,469676 0,000112
поляков 0,916291 0,000070
полякова 2,813411 0,000215
поляны 2,407946 0,000184
поместили 3,218876 0,000246
помещение 2,525729 0,000193
помещения 2,407946 0,000368
помимо 0,562119 0,000215
помочь 1,560648 0,000119
помощи 0,843970 0,000194
помощь 1,714798 0,000393
понты 3,912023 0,000299
пообещал 2,995732 0,000229
попал 1,897120 0,000145
попов 1,966113 0,000150
попова 2,407946 0,000368
попову 3,218876 0,000246
популярный 2,525729 0,000193
попытки 1,660731 0,000127
пор 0,941609 0,000144
породы 1,966113 0,000150
поросшее 3,912023 0,000299
пороховой 3,218876 0,000246
порт 0,941609 0,000288
порта 1,309333 0,000100
портал 0,342490 0,000052
порту 2,207275 0,000169
порты 1,714798 0,000262
порядковые 1,714798 0,000131
посадка 2,995732 0,000229
посвященная 1,714798 0,000393
посвященную 2,813411 0,000215
поселений 0,798508 0,000488
поселения 0,941609 0,000216
поселениям 0,967584 0,000074
поселениях 2,813411 0,000215
поселиться 3,506558 0,000268
поселка 1,309333 0,000300
поселкам 0,891598 0,000068
поселке 1,609438 0,000123
поселков 1,469676 0,000112
поселковым 3,912023 0,000299
поселком 3,218876 0,000246
поселок 1,108663 0,000254
посетил 1,897120 0,000145
посетила 3,218876 0,000246
посетили 2,302585 0,000176
посетителям 3,506558 0,000268
послевоенные 1,832581 0,000140
последний -0,009950 -0,000001
последняя 0,342490 0,000026
последствия 2,040221 0,000156
последующие 1,660731 0,000127
последующими 2,995732 0,000229
послужила 2,659260 0,000203
посмотреть 2,813411 0,000215
посох 3,912023 0,000299
пост 1,514128 0,000232
поставили 2,302585 0,000176
поставлены 2,813411 0,000430
постановки 3,218876 0,000492
постановление 1,139434 0,000174
постепенно 0,867501 0,000066
постоянно 1,108663 0,000170
постоянного 0,693147 0,000424
постоянный 2,040221 0,000156
пострадало 3,912023 0,000598
построен 0,798508 0,000305
построена 0,916291 0,000070
построенная 1,897120 0,000290
построенный 1,237874 0,000095
построено 0,867501 0,000066
построили 1,832581 0,000140
построить 1,427116 0,000327
постройка 2,525729 0,000193
постройки 1,139434 0,000261
постсоветский 2,207275 0,000506
постсоветского 2,995732 0,000229
постсоветской 3,506558 0,000268
поступали 3,506558 0,000268
потенциала 1,897120 0,000145
потерпел 3,506558 0,000268
потребительский 2,813411 0,000430
похищены 3,912023 0,000299
почему 0,000000 0,000000
почетного 1,237874 0,000095
почетные 1,108663 0,000085
починок 3,506558 0,000268
почта 1,609438 0,000246
почтовая 1,078810 0,000082
почтовые 1,469676 0,000112
почтовый 1,108663 0,000339
почты 2,207275 0,000337
поэта 1,966113 0,000150
поэтому 0,616186 0,000094
появилась 0,820981 0,000063
появились 0,579818 0,000133
появилось 1,171183 0,000358
появился 0,693147 0,000212
появлялись 2,813411 0,000215
появляться 1,771957 0,000135
пояс 0,693147 0,000159
пояснительная 2,407946 0,000184
ппи 3,912023 0,000598
права 0,755023 0,000231
правда 0,891598 0,000341
правило 0,891598 0,000136
правительства 0,693147 0,000106
правительстве 1,966113 0,000150
правительственными 3,218876 0,000246
править -0,009950 -0,000125
правка 0,328504 0,000025
правкиновые -0,009950 -0,000001
правкипостоянная -0,009950 -0,000001
правление 2,040221 0,000156
правлении 2,813411 0,000215
право 1,469676 0,000225
правобережной 2,407946 0,000552
правобережных 3,912023 0,000299
правобережье 2,407946 0,000184
правовым 3,912023 0,000299
правого 1,560648 0,000119
правом 1,171183 0,000179
православие 1,560648 0,000358
православная 1,272966 0,000292
православной 1,203973 0,000184
православных 1,427116 0,000218
правых 3,506558 0,000268
празднованием 3,912023 0,000299
празднованию 2,302585 0,000176
пребывание 3,218876 0,000246
пребывании 3,506558 0,000268
пребывания 2,120264 0,000162
превысило 1,966113 0,000301
предвоенные 3,912023 0,000299
пределах 0,510826 0,000117
пределы 1,966113 0,000150
предков 2,525729 0,000193
предлагает 2,302585 0,000176
предложила 2,995732 0,000458
предметов 1,660731 0,000127
предметом 1,560648 0,000119
предметы 1,832581 0,000140
предоставляют 1,427116 0,000218
предоставляющее 3,506558 0,000268
предписывалось 3,506558 0,000268
предположение 2,659260 0,000203
предпочитая 3,912023 0,000299
предпринимались 2,813411 0,000215
предпринимательский 3,912023 0,000299
предпринимательским 3,218876 0,000246
предпринимательского 3,912023 0,000299
предпринимательства 1,714798 0,000131
предпринят 3,912023 0,000299
предприятием 2,120264 0,000162
предприятий 0,713350 0,000327
предприятия 0,713350 0,000436
председ 1,203973 0,000092
председателем 1,469676 0,000112
председатель 1,347074 0,000206
председателя 1,514128 0,000116
представили 2,813411 0,000215
представились -0,009950 -0,000001
представительным 2,207275 0,000169
представительства 1,386294 0,000106
представительство 1,514128 0,000116
представителями 1,897120 0,000290
представлен 0,891598 0,000204
представлена 1,171183 0,000179
представления 1,469676 0,000112
представленных 2,659260 0,000407
представлены 0,867501 0,000199
представлял 2,302585 0,000176
предуралье 2,995732 0,000229
предусматривает 2,120264 0,000324
предусмотренные 2,995732 0,000229
преемником 2,995732 0,000229
прежде 1,049822 0,000161
прежние 1,171183 0,000090
презентовал 3,912023 0,000299
президента 0,916291 0,000070
президенту 3,218876 0,000246
президиума 1,272966 0,000487
преимуществ 2,525729 0,000193
преимущественно 0,776529 0,000119
прекративших 3,912023 0,000299
прекращена 2,659260 0,000203
премии 1,714798 0,000131
премьер 2,407946 0,000184
премьер-лиге 2,813411 0,000430
преобладает 2,120264 0,000162
преобладающие 2,995732 0,000229
преображенского 2,995732 0,000229
преображенскому 3,912023 0,000598
преобразован 2,207275 0,000169
преобразованных 3,912023 0,000299
преобразовано 2,302585 0,000176
прервав 3,506558 0,000268
пресвитериан 3,912023 0,000299
прибалтийско-финскую 3,912023 0,000299
приблизительные 3,912023 0,000299
приборостроительная 3,912023 0,000299
прибрежные 2,302585 0,000176
прибыл 2,407946 0,000368
приведет 2,813411 0,000215
привели 1,560648 0,000119
приводится 2,659260 0,000203
приволжский 1,897120 0,000145
приволжского 1,832581 0,000140
пригород 3,506558 0,000268
пригородной 2,813411 0,000430
приездом 3,912023 0,000299
приезду 3,912023 0,000299
прием 1,966113 0,000301
признается 2,659260 0,000203
признания 0,916291 0,000070
признанных 0,967584 0,000074
приказу 2,040221 0,000156
прикамский 3,912023 0,000598
прикамье 3,218876 0,001230
прикамья 3,218876 0,000984
прикладной 2,207275 0,000169
приложение 1,309333 0,000200
приложением 2,525729 0,000193
применяемого 0,843970 0,000065
применяемым 0,941609 0,000072
применяются 2,659260 0,000203
пример 1,171183 0,000179
примерно 0,634878 0,000146
примечания -0,009950 -0,000002
примкнувшими 3,912023 0,000299
принадлежали 3,218876 0,000246
принадлежат 1,966113 0,000150
принадлежит 1,203973 0,000092
принимавших 3,912023 0,000299
принимала 2,525729 0,000193
принципы 1,771957 0,000271
принял 1,272966 0,000195
принятия 2,120264 0,000162
принятый 3,218876 0,000246
приобрел 2,040221 0,000156
приобье 3,218876 0,000246
приоритетных 3,218876 0,000246
приостановил 2,525729 0,000386
природоохранной 3,912023 0,000299
природопользованию 3,218876 0,000246
природу 2,302585 0,000176
природы 1,021651 0,000156
прирост 1,427116 0,000109
присвоен 1,832581 0,000140
присвоении 1,386294 0,000106
присвоено 1,078810 0,000082
пристаней 3,506558 0,000268
присутственных 2,813411 0,000215
присутствии 2,207275 0,000169
присутствия 2,525729 0,000193
присутствовал 3,218876 0,000246
притоков 2,407946 0,000184
приурочивается 3,912023 0,000299
приходится 0,776529 0,000059
приходских 3,506558 0,000268
причем 0,994252 0,000076
причинами 2,302585 0,000176
причисленный 3,912023 0,000299
приют 3,218876 0,000246
проблем 0,798508 0,000061
проблемой 1,660731 0,000127
проблему 1,514128 0,000116
проблемы 0,544727 0,000042
проведен 1,897120 0,000145
проведению 2,040221 0,000156
проведенной 2,525729 0,000193
проверяема 0,967584 0,000074
провинциальном 3,912023 0,000299
проводимой 3,912023 0,000299
проводимые 3,506558 0,000536
проводимых 2,813411 0,000215
проводится 1,108663 0,000170
проводная 3,218876 0,000492
проводников 3,506558 0,000268
проводного 2,813411 0,000215
проводной 2,995732 0,000229
проводятся 1,203973 0,000184
провозгласивший 3,506558 0,000268
программам 2,525729 0,000193
программу 1,609438 0,000123
программы 0,713350 0,000109
прогресс 1,514128 0,000116
прогуливаться 3,506558 0,000268
продавать 3,218876 0,000246
продаже 2,407946 0,000184
продвижение 2,659260 0,000203
продлили 3,218876 0,000246
продолжается 1,560648 0,000119
продолжалась 2,302585 0,000176
продолжение 1,832581 0,000140
продолжит 3,218876 0,000246
продукции 1,021651 0,000078
продукцию 2,302585 0,000176
продукция 2,120264 0,000324
продюсер 3,506558 0,000268
проездом 2,659260 0,000407
проект 0,400478 0,000245
проекта 0,616186 0,000188
проектах -0,009950 -0,000001
проектахцитаты 2,525729 0,000193
проектировалась 3,912023 0,000299
проектных 2,813411 0,000215
проектов 1,469676 0,000225
проектом 2,040221 0,000156
проекту 1,049822 0,000080
проекты 1,108663 0,000170
проживания 1,832581 0,000140
проживать 3,912023 0,000299
проживают 1,966113 0,000150
произведений 1,714798 0,000131
произведения 1,427116 0,000109
произвели 3,218876 0,000246
производства 0,616186 0,000094
производственные 2,407946 0,000184
производство 0,941609 0,000288
производству 1,427116 0,000109
производят 1,966113 0,000301
произн 3,912023 0,000299
произошел 1,171183 0,000179
произошла 1,714798 0,000131
произошли 1,832581 0,000140
произошло 0,733969 0,000056
происходили 2,207275 0,000169
происходит 0,634878 0,000243
происхождение 1,427116 0,000109
происхождения 1,272966 0,000195
происшествий 2,813411 0,000215
прокаты 3,912023 0,000299
прокопия 2,995732 0,000229
прокопьевск 1,272966 0,000097
прокудина-горского 3,506558 0,000268
пролетарский 2,813411 0,000215
проложена 2,207275 0,000169
промышленного 1,171183 0,000179
промышленное 1,660731 0,000254
промышленности 0,579818 0,000177
промышленность 0,693147 0,000318
промышленностью 2,525729 0,000193
промышленные 1,171183 0,000090
промышленный 1,203973 0,000184
промышленных 0,916291 0,000350
проникновению 3,218876 0,000246
проникновения 2,302585 0,000176
прообразом 3,218876 0,000246
пропагандиста 3,912023 0,000299
пропаганду 3,912023 0,000299
пропил 3,912023 0,000598
проработал 3,218876 0,000492
просит 2,995732 0,000229
просмотры -0,009950 -0,000001
проспект 1,021651 0,000234
проспекту 2,040221 0,000156
проспекты 2,407946 0,000184
просторное 3,912023 0,000299
пространстве 1,897120 0,000145
пространство 1,203973 0,000092
простые 2,407946 0,000184
просьбами 3,912023 0,000299
протекает 1,609438 0,000123
протекающая 3,218876 0,000246
протекающих 3,912023 0,000598
протекая 3,912023 0,000299
протестантами 3,912023 0,000299
протестантизм 2,040221 0,000312
протестантизма 3,912023 0,000299
протестантских 2,995732 0,000229
протестов 3,506558 0,000268
против 0,798508 0,000244
противников 3,506558 0,000268
протокол 1,560648 0,000119
протяжении 0,867501 0,000066
протяженности 2,659260 0,000203
протяженность 0,941609 0,000144
протяженностью 1,386294 0,000106
протяженными 3,506558 0,000268
профессиональным 3,218876 0,000246
профессора 1,660731 0,000127
профессорско-преподавательского 3,912023 0,000299
профессору 3,506558 0,000536
профсоюзный 3,912023 0,000299
профтехучилищ 3,912023 0,000299
проходила 1,966113 0,000301
проходили 1,427116 0,000109
проходит 0,693147 0,000159
проходят 0,941609 0,000216
проходящая 3,218876 0,000492
прохоров 1,078810 0,000082
процесса 1,714798 0,000131
прочее 0,653926 0,000050
прочие 1,203973 0,000092
прочих 1,560648 0,000119
прошел 0,994252 0,000228
прошлое 1,771957 0,000406
пруда 2,995732 0,000229
прудов 2,207275 0,000169
прямые 1,966113 0,000601
прянишникова 3,912023 0,000598
психиатрических 3,506558 0,000268
птиц 1,469676 0,000112
птицы 2,207275 0,000169
пуантах 3,912023 0,000299
публичная 1,966113 0,000150
публичных 2,407946 0,000368
пункт 1,203973 0,000092
пункта 1,514128 0,000116
пунктами 1,897120 0,000290
пунктов 0,653926 0,000400
пункты 0,616186 0,000330
путеводитель 0,713350 0,000109
путей 0,916291 0,000070
путем 0,941609 0,000144
пути 0,693147 0,000106
путину 3,506558 0,000268
путь 0,820981 0,000063
путями 2,407946 0,000368
пушечные 3,912023 0,000299
пушечных 3,912023 0,000299
пушка 2,995732 0,000916
пушкина 1,139434 0,000348
пущена 2,659260 0,000203
пышма 1,309333 0,000100
пьесы 2,813411 0,000215
пятерочка 1,832581 0,000140
пяти 1,203973 0,000184
пятидесятники 2,995732 0,000229
пятидесятнические 3,506558 0,000268
пятидесятнической 3,912023 0,000299
пятизальный 3,912023 0,000299
пятилетнего 2,995732 0,000229
пятнадцатый 3,912023 0,000299
пятница 1,771957 0,000135
пятью 2,407946 0,000184
работа 0,891598 0,000136
работает 0,755023 0,000289
работал 1,309333 0,000100
работать 1,108663 0,000085
работают 0,673345 0,000103
работе 1,237874 0,000095
работников 1,469676 0,000225
работой 1,897120 0,000145
работы 0,314711 0,000120
рабочего 1,897120 0,000290
рабочих 1,108663 0,000254
равнина 2,120264 0,000162
равнозначны 3,506558 0,000268
радикально 3,218876 0,000246
радио 0,891598 0,000068
радиовещание 1,771957 0,000406
радиовещания 2,995732 0,000229
радиовещательных 2,995732 0,000229
радиостанции 1,347074 0,000103
радиостанций 1,771957 0,000271
радолы 3,912023 0,000299
раза 0,867501 0,000066
развалом 3,912023 0,000299
развернуто 3,218876 0,000246
развивается 1,609438 0,000123
развивались 2,813411 0,000215
развивался 2,040221 0,000156
развитая 2,040221 0,000156
развитие 0,314711 0,000144
развитию 0,843970 0,000065
развития 0,287682 0,000110
развитой 2,040221 0,000312
развлекательных 3,218876 0,000246
развлечений 2,659260 0,000407
развязки 2,120264 0,000162
разгрузить 3,912023 0,000299
разгуляе 3,912023 0,000299
разгуляй 3,912023 0,000299
раздела 1,514128 0,000116
разделами 0,891598 0,000068
разделе 0,776529 0,000119
разделении 2,525729 0,000386
разделяется 2,302585 0,000176
различные 0,693147 0,000053
различных 0,385662 0,000029
размахнин 3,912023 0,000299
размеру 2,407946 0,000184
разместить 2,813411 0,000430
размещалась 2,813411 0,000215
размещением 2,813411 0,000215
размещения 0,843970 0,000065
размещено 2,813411 0,000430
разное 1,966113 0,000301
разнообразием 2,813411 0,000215
разнообразные 2,207275 0,000169
разные 1,139434 0,000087
разных 0,510826 0,000039
разорвал 2,525729 0,000193
разработанная 3,506558 0,000268
разработанному 3,218876 0,000246
разработка 1,347074 0,000103
разработчики -0,009950 -0,000001
разрешение 1,966113 0,000150
разрешили 2,813411 0,000430
разруха 3,912023 0,000299
разрывали 3,912023 0,000299
разрывались 3,912023 0,000299
район 0,597837 0,000594
района 0,673345 0,000360
районам 0,820981 0,000126
районах 0,941609 0,000144
районе 0,527633 0,000242
районного 2,302585 0,000176
районной 3,912023 0,000299
районов 0,562119 0,000602
району 2,207275 0,000169
районы 0,653926 0,000350
райффайзенбанк 2,813411 0,000215
райцентров 0,941609 0,000072
рамках 0,544727 0,000250
рамн 2,302585 0,000176
ран 0,776529 0,000178
ранее 0,430783 0,000066
раннего 1,897120 0,000145
раннем 2,659260 0,000203
ранхигс 2,302585 0,000352
раньше 1,171183 0,000090
располагается 0,994252 0,000228
располагалась 2,040221 0,000156
располагались 1,966113 0,000150
располагался 1,660731 0,000254
располагаются 1,108663 0,000254
расположен 0,733969 0,000112
расположения 1,832581 0,000280
расположенная 1,609438 0,000123
расположенных 1,427116 0,000109
расположено 0,916291 0,000140
расположены 0,673345 0,000206
распорядился 3,218876 0,000246
распоряжению 2,207275 0,000169
распределены 1,771957 0,000135
распространение 1,237874 0,000095
распространены 1,832581 0,000140
распространили 3,912023 0,000299
рассказал 2,302585 0,000176
рассказываем 3,506558 0,000268
рассматриваемых 3,506558 0,000268
рассматривалась 3,218876 0,000246
рассмотрение 2,813411 0,000215
расстояние 0,843970 0,000065
расстояния 1,832581 0,000140
растительность 1,427116 0,000218
расформирован 3,218876 0,000492
расформирована 3,912023 0,000299
расформирования 3,506558 0,000268
расходов 2,407946 0,000184
расходования 3,506558 0,000268
расцвет 2,525729 0,000193
расчленен 3,506558 0,000268
расширение 0,527633 0,000040
расширению 2,813411 0,000215
расширяется 2,407946 0,000184
рбк-пермь 3,912023 0,000299
ргутис 3,912023 0,000299
реализации 0,994252 0,000076
реализован 1,660731 0,000254
реализованы 2,407946 0,000368
реальное 2,525729 0,000386
реальные 2,407946 0,000368
реанимационных 3,912023 0,000299
революции 0,693147 0,000318
революционерам 3,912023 0,000299
революционных 2,995732 0,000229
революция 1,427116 0,000982
регата 3,506558 0,000268
регентское 3,912023 0,000299
регион 1,021651 0,000156
региона 0,776529 0,000237
региональное 1,660731 0,000127
региональной 1,966113 0,000150
региональные 1,171183 0,000090
региональный 1,347074 0,000412
региональным 2,302585 0,000176
региональными 2,995732 0,000229
регионах 1,771957 0,000135
регионов 0,941609 0,000216
регионы 1,049822 0,000080
регистратура 3,912023 0,000598
регулярно 1,272966 0,000195
регулярные 1,514128 0,000232
регулярных 2,120264 0,000162
ред 0,235722 0,000126
редакцией 1,832581 0,000140
редакции 1,966113 0,000150
редакция 1,469676 0,000112
редкой 3,506558 0,000268
реестр 1,469676 0,000337
режиссер 2,207275 0,000169
резкому 2,995732 0,000229
результатам 1,049822 0,000241
результате 0,342490 0,000026
рейса 3,912023 0,000299
рейсы 1,427116 0,000109
рейтинг 1,272966 0,000487
рейтинге 1,203973 0,000368
рейтингу 2,407946 0,000184
рек 0,820981 0,000439
река 0,733969 0,000056
рекам 2,302585 0,000176
реке 0,713350 0,000055
реки 0,462035 0,000353
рекой 1,714798 0,000131
рекомендации 0,843970 0,000065
реконструирован 2,207275 0,000169
реконструкции 0,967584 0,000222
рекорд 1,771957 0,000271
рекордсменом 3,912023 0,000299
рекорды 2,207275 0,000169
рекреационных 2,995732 0,000229
реку 1,171183 0,000269
религии 2,040221 0,000156
религиозная 2,120264 0,000162
религиозные 1,609438 0,000123
религия 0,843970 0,000129
рельеф 0,941609 0,000072
ремесленники 3,218876 0,000246
ренессанс 2,525729 0,000193
репин 2,525729 0,000193
репортер 2,120264 0,000162
репрессивных 3,912023 0,000299
репрессированных 3,912023 0,000299
республики 0,916291 0,000070
ресурс 1,514128 0,000116
ресурсы 0,020203 0,000002
реформистским 3,912023 0,000299
реформой 3,912023 0,000299
реформы 1,609438 0,000123
рецепты 3,506558 0,000268
речке 3,506558 0,000268
речки 2,525729 0,000193
речного 1,139434 0,000348
речное 2,120264 0,000162
речной 0,916291 0,000420
речному 3,506558 0,000268
речные 1,897120 0,000290
речным 2,040221 0,000156
речных 1,609438 0,000123
решают 3,506558 0,000268
решение 0,755023 0,000173
решением 1,078810 0,000082
решетникова 2,995732 0,000229
решил 2,407946 0,000184
ржд 1,832581 0,000140
риа 1,049822 0,000080
риа-новости 3,912023 0,000299
рифей-пермь 3,912023 0,000598
ркка 1,966113 0,000150
ркп 3,506558 0,000536
роговые 3,912023 0,000299
род 2,120264 0,000162
родерик 3,912023 0,000299
родериком 3,912023 0,000299
родившиеся 2,995732 0,000229
родина 1,560648 0,000358
родственных 0,755023 0,000058
роду 2,813411 0,000215
роза 1,021651 0,000078
розалии 3,912023 0,000299
розничные 3,506558 0,000268
розыска 3,912023 0,000598
рок-фестиваль 2,813411 0,000215
роль 0,579818 0,000044
романа 2,120264 0,000486
романе 2,659260 0,000203
романов 2,525729 0,000193
романова 2,659260 0,000203
росбанк 3,218876 0,000246
росляков 3,506558 0,000268
рособрнадзор 3,912023 0,000299
рособрнадзора 3,912023 0,000598
россельхозбанк 2,659260 0,000203
россии 0,186330 0,000983
россиигорода 1,309333 0,000100
россиигорода-миллионеры 2,813411 0,000215
россиирайонные 2,659260 0,000203
российская 0,186330 0,000242
российские 0,994252 0,000076
российский 0,634878 0,000534
российских 0,733969 0,000224
российско-украинской 1,108663 0,000085
российского 0,634878 0,000194
российской 0,385662 0,000826
российском 2,040221 0,000156
россия 0,371064 0,000312
росспэн 0,994252 0,000076
росстат 0,776529 0,000119
росстата 2,207275 0,000337
ростелеком 1,386294 0,000424
ростов-на-дону 1,237874 0,000095
ростовом-на-дону 3,218876 0,000246
росту 1,832581 0,000140
ротонда 2,525729 0,000386
роялем 3,912023 0,000299
рпсц 3,912023 0,000299
рсдрп 2,995732 0,000229
рсфср 0,733969 0,000505
ртрс 1,514128 0,000347
рубеже 1,560648 0,000119
рублей 0,755023 0,000115
рубля 1,832581 0,000280
рубрика 3,506558 0,000536
рубцовск 1,347074 0,000103
рудн 3,912023 0,000299
рудников 3,506558 0,000268
руды 2,525729 0,000193
руководителей 2,120264 0,000162
руководители 2,302585 0,000176
руководитель 1,966113 0,000301
руководством 0,941609 0,000072
рукописи 3,218876 0,000246
рус 0,162519 0,000969
русиньскый 0,000000 0,000000
русская 0,867501 0,000066
русские 0,544727 0,000125
русский -0,009950 -0,000003
русского 0,494296 0,000113
русское 0,755023 0,000231
русской 0,673345 0,000257
ручьев 2,659260 0,000407
рыбинск 1,203973 0,000092
рыбная 2,525729 0,000193
рынок 1,021651 0,000312
рэнкинге 3,912023 0,000299
рэу 2,813411 0,000430
ряд 0,385662 0,000088
ряда 0,994252 0,000228
ряде 1,237874 0,000095
рядом 0,733969 0,000112
ряду 1,832581 0,000140
рязань 1,049822 0,000080
с-в 0,000000 0,000000
с-з 0,000000 0,000000
савино 3,912023 0,000598
саврасов 2,995732 0,000229
сад 1,108663 0,000085
садов 2,040221 0,000156
саду 1,660731 0,000254
сады 1,660731 0,000508
саентология 3,912023 0,000299
сайт 0,371064 0,000113
сайтах 2,659260 0,000203
сайте 0,967584 0,000148
сайты 0,478036 0,000037
салехард 1,347074 0,000103
салон 2,813411 0,000215
салоны 3,506558 0,000268
самара 0,891598 0,000136
самарой 2,813411 0,000215
самая 0,798508 0,000244
самодеятельных 3,912023 0,000299
самое 0,994252 0,000076
самой 0,916291 0,000140
самойлова 3,506558 0,000268
самокатов 3,506558 0,000804
самолет 1,897120 0,000145
самостоятельного 2,659260 0,000203
самостоятельный 2,302585 0,000176
самостоятельных 2,525729 0,000193
самоуправление 2,040221 0,000312
самоуправления 0,994252 0,000532
самым 0,653926 0,000150
самых 0,544727 0,000291
санитарно-защитные 3,506558 0,000268
санкт-петербург 0,776529 0,000237
санкт-петербургом 1,832581 0,000140
санкт-петербургского 2,207275 0,000169
сарапул 3,506558 0,000268
сарапулом 3,912023 0,000299
саратов 0,967584 0,000074
сардак 3,912023 0,000299
сатурн-р 0,000000 0,000000
сбербанка 2,302585 0,000528
сбермобайл 3,218876 0,000246
сборник 0,653926 0,000150
сварки 3,506558 0,000268
сведения 0,867501 0,000133
свердлова 2,525729 0,000193
свердловский 2,995732 0,000458
свердловской 2,995732 0,000687
свердловскому 3,912023 0,000299
свердловскую 3,218876 0,000492
свернут 3,912023 0,000299
сверху 1,347074 0,000103
свет 1,560648 0,000119
свидетельства 2,659260 0,000203
свидетельству 2,813411 0,000215
свитой 3,506558 0,000268
свиязев 3,912023 0,000897
свиязева 3,912023 0,000299
свобода 1,771957 0,000135
свободной -0,009950 -0,000001
сводный 3,218876 0,000246
свое 0,616186 0,000283
своего 0,776529 0,000178
своей 0,776529 0,000178
свой 0,653926 0,000100
свойство 0,653926 0,000100
свяжитесь -0,009950 -0,000001
связавшего 3,218876 0,000246
связана 1,078810 0,000247
связанная 2,302585 0,000176
связанной 2,659260 0,000203
связанных 1,171183 0,000090
связей 1,560648 0,000119
связи 0,235722 0,000252
связывает 2,040221 0,000156
связывала 3,218876 0,000246
связывали 2,995732 0,000458
связывают 1,609438 0,000123
связывающие 2,659260 0,000203
связь 0,616186 0,000236
свято-троицкий 2,407946 0,000368
святых 1,427116 0,000327
сгоревших 3,912023 0,000299
сдан 1,897120 0,000290
сдача 2,995732 0,000229
сдвигался 3,912023 0,000299
сделан 2,813411 0,000430
сдюсшор 2,659260 0,000203
северная 1,078810 0,000082
севернее 1,966113 0,000150
северное 1,514128 0,000116
северной 0,693147 0,000053
северным 1,771957 0,000135
северных 1,897120 0,000145
северо-западный 2,207275 0,000169
северодвинск 1,171183 0,000090
севостьянова 3,912023 0,000299
сегодня 0,616186 0,000188
сегодняшний 1,660731 0,000127
седьмой 2,407946 0,000184
сезон 1,347074 0,000103
сезоны 2,407946 0,000552
секретарем 3,218876 0,000246
секретарь 2,525729 0,000193
село 1,469676 0,000112
сельскими 2,813411 0,000215
сельских 0,776529 0,000475
сельского 1,347074 0,000103
сельскохозяйственный 2,040221 0,000156
сем 3,506558 0,000268
семенова 2,659260 0,000407
семи 1,386294 0,000106
семизначные 3,506558 0,000268
семизначными 3,912023 0,000299
семилейская 3,912023 0,000299
семинарии 2,407946 0,000368
семинария 1,469676 0,000337
семь 1,309333 0,000100
семьи 1,272966 0,000097
семья 1,897120 0,000290
сенной 2,995732 0,000229
сент 0,843970 0,000065
сентябре 0,994252 0,000152
сентябрь 1,309333 0,000100
сентября 0,072571 0,000272
сервер 2,120264 0,000648
сергеем 2,407946 0,000184
сергей 0,967584 0,000074
сергея 1,469676 0,000225
сердечно-сосудистых 3,218876 0,000246
сердца 2,525729 0,000193
серебра 2,407946 0,000184
серебряную 2,813411 0,000215
серебряный 1,386294 0,000106
серебряным 2,659260 0,000203
середине 0,562119 0,000215
сериала 2,659260 0,000203
сериале 3,218876 0,000246
серии 1,386294 0,000106
серию 2,407946 0,000184
серия 1,237874 0,000189
серов 2,813411 0,000215
сестер 2,995732 0,000229
сестры 3,912023 0,000897
сетей 1,272966 0,000195
сети 0,494296 0,000189
сеть 0,616186 0,000236
сетью 1,714798 0,000131
сибирская 1,832581 0,000420
сибирский 1,469676 0,000112
сибирских 1,966113 0,000301
сибирской 1,832581 0,000841
сибирью 2,207275 0,000169
сибур-химпром 3,912023 0,000299
сивинский 3,912023 0,000598
сигнал 2,813411 0,000215
сильнее 2,813411 0,000215
сильное 1,897120 0,000290
сим 2,525729 0,000193
символика 1,272966 0,000195
символов 1,560648 0,000119
синагоги 2,040221 0,000156
синема 1,771957 0,000406
синтетические 3,218876 0,000246
система 0,235722 0,000036
системе 0,733969 0,000112
системеобсуждениевкладсоздать -0,009950 -0,000001
системы 0,342490 0,000079
сити 2,120264 0,000162
сих 1,078810 0,000082
сиянием 3,912023 0,000299
скавронский 3,912023 0,000299
сказано 2,407946 0,000184
сказать 2,813411 0,000215
сказывались 3,912023 0,000299
сканд 3,506558 0,000268
скачать -0,009950 -0,000001
сквер 1,203973 0,000184
сквера 2,207275 0,000169
сквере 1,560648 0,000119
скверы 1,714798 0,000393
склонялось 3,912023 0,000299
сколько 0,653926 0,000100
скорой 1,832581 0,000280
скоростной 2,120264 0,000162
скорую 3,912023 0,000299
скульптор 1,427116 0,000218
скульптор-монументалист 3,912023 0,000299
скульпторов 2,525729 0,000193
скульптура 1,171183 0,000269
скульптуре 3,912023 0,000299
скульптурные 2,995732 0,000458
скульптуры 1,609438 0,000246
слава 2,302585 0,000176
славянова 3,912023 0,000598
слева 1,108663 0,000170
следствие 1,832581 0,000140
следующего 2,813411 0,000215
следующее 2,525729 0,000193
следующие 0,544727 0,000125
слобода 1,660731 0,000127
слов 1,560648 0,000119
слова 0,562119 0,000043
словарем 3,912023 0,000299
словари 0,116534 0,000009
словарь 0,274437 0,000063
словарь-справочник 1,560648 0,000119
слово 0,673345 0,000154
слову 2,995732 0,000229
сложилась 1,832581 0,000140
сложным 0,867501 0,000066
слой 2,120264 0,000162
слудская 3,912023 0,000299
служащие 2,813411 0,000215
служба 0,693147 0,000318
службы 0,798508 0,000061
служебных 2,525729 0,000193
служителей 3,506558 0,000268
случае 0,843970 0,000065
случаев 1,469676 0,000112
случаях -0,009950 -0,000001
слушания 2,659260 0,000203
слушаниях 3,506558 0,000536
слушатели 3,506558 0,000268
слушать 2,659260 0,000203
сменных 3,912023 0,000598
смерть 3,218876 0,000492
смешанной 2,995732 0,000229
смещение 0,798508 0,000061
сми 0,867501 0,000398
смирнова 2,525729 0,000193
смогла 2,813411 0,000215
смотр 3,506558 0,000268
смотреть 2,659260 0,000203
смысле 1,832581 0,000140
сначала 1,386294 0,000106
снега 1,771957 0,000135
снежного 1,966113 0,000150
снежной 3,506558 0,000268
снимавшаяся 3,912023 0,000299
снимок 2,040221 0,000156
сноб 3,912023 0,000299
снова 1,386294 0,000212
сносок 0,843970 0,000065
собак 2,813411 0,000215
собеседник 3,506558 0,000268
собой 0,328504 0,000025
соболи 3,506558 0,000268
собор 0,755023 0,000462
собора 1,108663 0,000170
соборная 1,272966 0,000097
соборной 2,120264 0,000162
собрания 1,139434 0,000087
собственные 1,469676 0,000112
собственный 2,120264 0,000162
событий 1,386294 0,000106
события 1,108663 0,000085
событияпожертвовать -0,009950 -0,000001
совдепа 3,912023 0,000598
совершенства 3,218876 0,000246
совершил 2,659260 0,000203
совета 0,798508 0,000122
советов 0,820981 0,000126
советом 1,897120 0,000290
советская 0,371064 0,000142
советские 1,347074 0,000206
советский 0,755023 0,000231
советского 0,776529 0,000119
советское 0,994252 0,000076
советской 0,755023 0,000404
совкомбанк 3,218876 0,000246
совместно 1,427116 0,000109
совмещает 3,912023 0,000299
совокупному 2,407946 0,000184
совпало 2,995732 0,000229
современная 1,108663 0,000170
современников 2,407946 0,000184
современного 0,653926 0,000350
современной 0,579818 0,000089
современных 0,713350 0,000164
согласно 0,301105 0,000092
содержание 0,010050 0,000002
содержат 1,966113 0,000150
содержит 1,386294 0,000318
соединившая 3,218876 0,000246
соединивший 2,995732 0,000229
соединить 3,506558 0,000268
сожгли 3,218876 0,000246
создавалась 2,813411 0,000430
создавая 2,659260 0,000203
создан 0,693147 0,000106
создана 0,891598 0,000068
создании 1,203973 0,000184
создания 0,653926 0,000050
созданной 2,040221 0,000156
созданный 1,560648 0,000119
создано 1,347074 0,000103
создать 1,171183 0,000179
создают 2,040221 0,000156
сократилась 2,525729 0,000193
сократилось 1,897120 0,000290
сокращались 3,218876 0,000246
сокращаться 2,813411 0,000215
сокращению 2,407946 0,000184
сокращения 1,714798 0,000131
солдатских 2,207275 0,000169
соленые 3,218876 0,000246
соли 2,302585 0,000176
соликамск 3,506558 0,001340
соликамский 3,912023 0,000897
солист 3,506558 0,000536
солистом 3,912023 0,000299
солнечный 0,843970 0,000065
солнцестояний 2,995732 0,000229
сообщение 1,049822 0,000080
сообщения 0,820981 0,000126
сообщества 2,120264 0,000162
сообществом 2,659260 0,000203
сообщить -0,009950 -0,000001
сооружена 3,218876 0,000492
сооружение 1,469676 0,000112
сооружения 0,941609 0,000144
соответственно 1,021651 0,000078
соответствии 0,446287 0,000102
соответствующих 1,609438 0,000123
сопровождаемый 3,218876 0,000246
сопровождал 3,912023 0,000299
сопровождении 3,506558 0,000268
сопутствующая 3,912023 0,000598
соревнованиях 2,407946 0,000368
сориентировал 3,912023 0,000299
соседние 2,407946 0,000184
сосланный 3,506558 0,000268
сосланы 3,912023 0,000299
сосна 2,302585 0,000176
соснин 3,912023 0,000598
сосредоточен 3,506558 0,000268
сост 0,597837 0,000137
состав 0,400478 0,000276
состава 1,171183 0,000090
составе 0,616186 0,000047
составив 2,813411 0,000215
составила 1,021651 0,000078
составило 1,272966 0,000292
составляет 0,314711 0,000144
составлял 1,771957 0,000135
составляла 1,272966 0,000097
составляло 1,347074 0,000103
составляют 0,798508 0,000305
составу 2,302585 0,000176
состоит 0,755023 0,000058
состоялись 2,120264 0,000162
состоялось 1,171183 0,000448
состоялся 1,237874 0,000189
состояние 0,733969 0,000337
состоянию 0,544727 0,000125
состоящий 2,302585 0,000176
сота 3,912023 0,000299
сотовая 2,525729 0,000386
сотовой 1,469676 0,000112
сотрудников 1,966113 0,000150
сотрудничество 1,660731 0,000635
сохранение 1,609438 0,000123
сохранением -0,009950 -0,000001
сохранившееся 3,218876 0,000246
социальной 1,386294 0,000106
социальный 2,120264 0,000324
соцмедиа 3,912023 0,000299
сочувствующие 3,912023 0,000299
союз-арт 3,912023 0,000299
союза 0,733969 0,000281
спартак 1,771957 0,000135
спасо-преображенский 1,966113 0,000301
спб 0,385662 0,000029
сперанским 3,912023 0,000299
специализированное 3,218876 0,000246
специализированный 2,995732 0,000229
специализированных 1,514128 0,000116
специализирующийся 3,506558 0,000268
специально 1,714798 0,000262
специального 2,120264 0,000324
специальное 2,040221 0,000156
специальную 2,407946 0,000184
специальный 1,832581 0,000280
специальных 1,514128 0,000116
спецоперации 3,912023 0,000299
спеши 0,000000 0,000000
спешилова 3,912023 0,000299
спешно 3,506558 0,000268
спине 3,912023 0,000299
список 0,248461 0,000095
сплошных 3,218876 0,000246
спорт 0,776529 0,000178
спорта 0,916291 0,000070
спортивной 2,040221 0,000156
спортивные 1,078810 0,000247
спортивных 1,108663 0,000085
спортмастер 2,302585 0,000176
спорту 1,897120 0,000145
справка 1,272966 0,000195
справочник 0,916291 0,000140
справочно-информационные 3,912023 0,000299
справочно-информационный 3,506558 0,000268
спуски 3,506558 0,000268
спутникам 3,506558 0,000268
сравнению 1,078810 0,000082
сред 2,995732 0,000229
среди 0,198451 0,000167
средневековья 1,897120 0,000145
среднего 1,049822 0,000080
среднегодовая 1,078810 0,000082
среднегодовой 2,120264 0,000162
среднемесячная 1,771957 0,000271
средние 0,941609 0,000144
средний 0,494296 0,000151
средних 1,078810 0,000165
средняя 0,510826 0,000078
средств 0,597837 0,000137
средства 0,415515 0,000127
среду 1,897120 0,000145
среды 0,755023 0,000231
срок 1,237874 0,000095
срока 2,525729 0,000193
српски 0,000000 0,000000
српскохрватски 0,000000 0,000000
сср 0,820981 0,000126
ссср 0,314711 0,000385
ссылка 0,274437 0,000105
ссылками 0,186330 0,000043
ссылкамивикипедия 1,609438 0,000123
ссылкасведения -0,009950 -0,000001
ссылки -0,009950 -0,000007
ссылок 0,693147 0,000106
ссыльными 3,912023 0,000299
став 1,771957 0,000135
ставили 2,659260 0,000203
ставит 2,302585 0,000176
ставшее 3,218876 0,000246
ставший 1,832581 0,000140
стадион 1,108663 0,000170
стадионы 1,714798 0,000131
стакан 3,912023 0,000299
стал 0,314711 0,000241
стала 0,462035 0,000283
стали 0,430783 0,000231
сталина 2,040221 0,000312
сталинского 2,525729 0,000193
стало 0,494296 0,000076
стандарте 2,525729 0,000193
станет 1,309333 0,000200
становилась 2,659260 0,000203
становились 2,525729 0,000193
становился 2,302585 0,000176
станут 2,120264 0,000162
станции 0,693147 0,000371
станция 0,798508 0,000305
старая 0,430783 0,000033
старейшая 1,897120 0,000145
старейшее 2,525729 0,000193
старейших 1,309333 0,000100
старина 2,995732 0,000229
старинные 2,407946 0,000184
старо-сибирская 3,912023 0,000299
старому 2,040221 0,000156
старообрядцев 2,120264 0,000162
старообрядцы 2,813411 0,000215
старообрядческая 1,560648 0,000119
старообрядческие 2,659260 0,000203
старообрядческий 2,995732 0,000229
старообрядчества 3,218876 0,000246
старообрядчество 2,995732 0,000229
старым 2,525729 0,000193
статистика -0,009950 -0,000002
статистике 0,916291 0,000070
статистики 0,713350 0,000327
статистический 0,755023 0,000924
статистическое 0,994252 0,000076
статус 0,510826 0,000351
статусов 3,912023 0,000299
статусом 1,171183 0,000090
статую 3,912023 0,000299
стать 1,203973 0,000092
статьестатьи 0,843970 0,000065
статьи 0,072571 0,000083
статьислучайная -0,009950 -0,000001
статьисообществофорумсправкасвежие -0,009950 -0,000001
статью 0,616186 0,000047
статья 0,105361 0,000153
статьяобсуждение -0,009950 -0,000001
статьятекущие -0,009950 -0,000001
стационара 3,506558 0,000268
стационарах 3,912023 0,000598
стационарной 1,832581 0,000140
створ 2,995732 0,000229
створа 3,218876 0,000246
створе 2,659260 0,000407
стена 2,407946 0,000184
стер 2,207275 0,000169
стефана 3,506558 0,000536
стиле 0,994252 0,000228
стилей 2,120264 0,000162
стилизованных 3,506558 0,000268
стиль 1,714798 0,000131
стиля 1,714798 0,000262
стоимость 1,237874 0,000095
стоит 1,237874 0,000284
столица 0,967584 0,000370
столицами 3,218876 0,000246
столицей 1,171183 0,000358
столкновений 3,506558 0,000536
сторонах 2,995732 0,000229
сторону 1,171183 0,000179
стороны 0,430783 0,000033
стоянка 2,525729 0,000193
стоянку 3,506558 0,000268
стран 0,597837 0,000046
страна 0,462035 0,000106
странах 1,560648 0,000119
стране 0,867501 0,000066
страница -0,009950 -0,000002
страницасодержаниеизбранные -0,009950 -0,000001
страницецитировать -0,009950 -0,000001
страницуполучить -0,009950 -0,000001
страницы -0,009950 -0,000005
страницыслужебные -0,009950 -0,000001
страны 0,634878 0,000243
стратегия 2,207275 0,000169
стрелковая 2,407946 0,000184
строгановских 3,912023 0,000299
строгановым 3,506558 0,000268
строгановых 3,506558 0,000268
строение 1,966113 0,000150
строений 1,660731 0,000127
строились 2,040221 0,000156
строителей 2,040221 0,000312
строительном 3,912023 0,000299
строительные 1,966113 0,000150
строительный 1,897120 0,000145
строительства 0,673345 0,000412
строительство 0,510826 0,000391
строительству 1,469676 0,000112
строится 1,272966 0,000097
строить 1,832581 0,000280
строй 1,771957 0,000135
стройки 3,218876 0,000246
строю 3,506558 0,000268
структура 0,967584 0,000074
структурной 3,506558 0,000268
структуры 1,171183 0,000090
студентов 1,272966 0,000195
студенческий 2,525729 0,000193
ступино 1,347074 0,000103
стэнвей 3,912023 0,000299
субмеридионального 3,506558 0,000268
субъект 0,820981 0,000063
субъектов 0,755023 0,000173
суверенитете 3,506558 0,000268
суворовское 2,995732 0,000458
суда 1,078810 0,000247
судебного 2,995732 0,000229
судостроительный 2,302585 0,000176
судоходная 2,407946 0,000184
судоходным 2,995732 0,000229
судоходство 2,302585 0,000176
суксунский 3,912023 0,000598
сутки 1,771957 0,000135
суточный 0,820981 0,000126
существовал 1,469676 0,000112
существование 1,049822 0,000080
существует 0,446287 0,000171
существуют 0,162519 0,000012
существующей 2,302585 0,000176
существующему 3,506558 0,000268
сформировавший 3,912023 0,000299
сформированная 3,218876 0,000492
сформировано 2,302585 0,000176
схема 1,386294 0,000106
сходы 3,506558 0,000268
сцена-молот 3,912023 0,000299
сценах 3,218876 0,000246
сцене 2,659260 0,000203
сценические 3,506558 0,000268
счастье 3,218876 0,000492
счет 0,673345 0,000051
считается 0,693147 0,000106
сша 0,562119 0,000086
съезд 2,120264 0,000162
съемки 2,407946 0,000184
съемок 2,813411 0,000215
сызрань 1,237874 0,000095
сыктывкара 3,912023 0,000299
сыном 2,995732 0,000229
сырья 2,120264 0,000162
сюдасвязанные -0,009950 -0,000001
сят 3,506558 0,000268
табл 0,867501 0,000066
таблица 0,653926 0,000200
табличной 1,309333 0,000100
тагил 1,272966 0,000195
тагила 3,912023 0,000299
тайге 2,813411 0,000215
тайна 2,659260 0,000203
тайным 2,525729 0,000193
также 0,000000 0,000000
такие 0,261365 0,000020
таких 0,510826 0,000039
такси 1,021651 0,000234
талызина 3,912023 0,000598
танковая 3,218876 0,000246
танкового 2,995732 0,000229
тараев 3,912023 0,000299
тарашкев 0,000000 0,000000
тарик 3,912023 0,000299
тасс 1,171183 0,000179
татарча 0,000000 0,000000
татары 0,798508 0,000122
татищев 2,813411 0,000645
татищева 2,813411 0,000215
татищеву 3,218876 0,000246
творческие 2,302585 0,000176
тгк 2,302585 0,000352
театр 0,713350 0,000709
театр-театр 3,912023 0,000598
театра 1,021651 0,000391
театральная 2,207275 0,000169
театральной 1,832581 0,000140
театральные 2,525729 0,000386
театральных 2,207275 0,000169
театре 1,966113 0,000301
театров 1,203973 0,000092
театром 2,120264 0,000162
театры 0,941609 0,000144
текст -0,009950 -0,000003
текущем 0,544727 0,000042
текущим 1,771957 0,000135
тела 1,897120 0,000145
телебашен 3,912023 0,000299
телебашня 2,040221 0,000156
телевещание 1,966113 0,000451
телевидение 0,967584 0,000222
телевизионное 2,302585 0,000176
телегид 3,506558 0,000268
телеграф 2,659260 0,000203
телеканалов 1,386294 0,000106
телеканалы 1,966113 0,000150
телеком 2,302585 0,000352
телекоммуникации 2,813411 0,000430
телекоммуникационных 2,995732 0,000458
телекомпании 2,525729 0,000193
телерадиовещательная 3,506558 0,000268
телесемь 2,813411 0,000215
телефон 2,302585 0,000352
телефонная 2,120264 0,000324
телефонной 1,714798 0,000262
телефонные 2,407946 0,000184
телефонный 0,776529 0,000119
телефону 2,659260 0,000203
телеэфира 3,912023 0,000299
тематики 2,813411 0,000215
тематические 0,510826 0,000078
температура 0,562119 0,000129
температурный 2,207275 0,000169
температурой 1,966113 0,000150
теодор 3,506558 0,000268
теодора 3,506558 0,000268
тепловое 3,912023 0,000299
теплоходы 2,120264 0,000162
терехин 3,912023 0,000299
термин 1,049822 0,000080
термина 0,400478 0,000031
терминал 1,771957 0,000271
терминала 2,525729 0,000193
территориальное 2,659260 0,000203
территориальный 1,660731 0,000127
территориальных 0,776529 0,000297
территорией 1,469676 0,000112
территории 0,400478 0,000490
территорий 1,049822 0,000161
территорию 0,941609 0,000144
территория 0,755023 0,000058
территориях 0,916291 0,000070
террора 2,525729 0,000193
тех 0,798508 0,000061
техника 1,660731 0,000127
техники 0,867501 0,000066
техникой 3,218876 0,000246
техникум 1,714798 0,000524
техникумов 2,407946 0,000368
технического 1,514128 0,000116
технической 2,207275 0,000169
техническому 2,995732 0,000229
техногенное 3,912023 0,000299
технология 1,966113 0,000150
течение 0,527633 0,000161
течением 1,771957 0,000135
течений 2,659260 0,000203
течению 1,714798 0,000262
тил 3,912023 0,000299
тип 0,356675 0,000082
типа 0,462035 0,000035
типам 1,609438 0,000123
типичный 2,407946 0,000184
типография 1,203973 0,000368
типологическим 3,912023 0,000299
тиражу 2,525729 0,000193
титул 2,302585 0,000176
тихая 2,813411 0,000215
товарный -0,009950 -0,000001
токио 2,302585 0,000176
тольятти 1,514128 0,000116
томск 1,108663 0,000170
тоннелями 3,506558 0,000268
тополь 2,659260 0,000203
топоним 2,302585 0,000352
топонима 1,386294 0,000212
топонимическим 3,912023 0,000299
торговая 1,660731 0,000127
торжественное 2,040221 0,000312
торжественной 2,995732 0,000229
тормозной 3,912023 0,000299
точкой 2,120264 0,000162
точная 2,995732 0,000229
трагических 3,912023 0,000299
традиций 2,207275 0,000169
традиционно 1,347074 0,000103
тракт 2,040221 0,000156
тракта 2,407946 0,000184
трамваев 1,897120 0,000145
трамвай 0,967584 0,000074
трамвайная 2,120264 0,000162
трамвайный 2,525729 0,000193
трамвайных 1,660731 0,000127
трамваями 2,207275 0,000169
трамплин 2,813411 0,000430
транзитного 1,897120 0,000145
транспорт 0,693147 0,000689
транспорта 0,776529 0,000356
транспортная 1,237874 0,000189
транспортной 1,108663 0,000170
транспортный 1,171183 0,000179
транспортных 0,891598 0,000136
транспортом 1,469676 0,000112
транссибирская 2,207275 0,000169
транссибирской 1,966113 0,000150
трапезников 3,912023 0,000299
трассе 2,525729 0,000193
трем 2,525729 0,000193
тренажерную 3,912023 0,000299
третий 1,203973 0,000092
третьего 1,771957 0,000271
третьей 1,832581 0,000140
триумф 2,995732 0,000229
триумфа 3,218876 0,000246
триумфальная 2,302585 0,000176
трк 1,771957 0,000406
троллейбусное 2,302585 0,000176
троллейбусных 1,347074 0,000103
троллейбусов 1,832581 0,000140
трубачева 2,407946 0,000184
труд 1,660731 0,000127
труда 1,139434 0,000087
трудностей 3,218876 0,000246
трудности 2,407946 0,000184
трудовой 1,237874 0,000662
труппа 2,659260 0,000407
труппы 2,995732 0,000229
трутнев 3,912023 0,000299
трц 1,660731 0,000127
туре 2,659260 0,000203
туристическими 3,912023 0,000299
туристские 3,506558 0,000268
турчевичем 3,912023 0,000299
тыла 1,897120 0,000145
тыс 0,430783 0,000099
тысяч 0,415515 0,000159
тысячи 0,597837 0,000046
тэц 1,272966 0,000097
тюмень 1,171183 0,000090
тюменью 3,912023 0,000299
тюрьму 3,218876 0,000246
тяжелой 2,407946 0,000184
у-фактория 0,000000 0,000000
убийство 2,659260 0,000407
убит 2,659260 0,000203
убиты 2,995732 0,000229
убитых 3,218876 0,000246
убрав 2,040221 0,000156
убрана 3,506558 0,000268
увеличении 2,525729 0,000193
увеличению 2,040221 0,000156
увеличения 1,771957 0,000135
увеличиваются 2,813411 0,000215
увеличилось 1,309333 0,000100
увидеть 1,714798 0,000131
углеуральская 3,912023 0,000299
углеуральской 3,912023 0,000299
углу 1,832581 0,000280
углубленным 2,302585 0,000352
угол 1,966113 0,000150
уголовного 2,525729 0,000386
уголь 2,207275 0,000169
удалена 0,941609 0,000072
удивляющего 3,912023 0,000299
удмуртию 3,912023 0,000299
удмуртукра 0,000000 0,000000
удмурты 1,660731 0,000127
удобному 3,506558 0,000268
удобные 2,813411 0,000215
удобрения 2,813411 0,000645
уездной 3,506558 0,000268
уефа 2,525729 0,000386
узел 0,891598 0,000136
узлов 1,660731 0,000127
узлом 1,609438 0,000123
уииял 3,912023 0,000299
уинский 3,912023 0,000598
указ 0,941609 0,000432
указан 0,139262 0,000011
указанием -0,009950 -0,000002
указанного 1,078810 0,000082
указано 0,733969 0,000168
указом 0,941609 0,000288
украине 2,407946 0,000184
украину 1,897120 0,000290
украинцы 0,891598 0,000068
украины 0,616186 0,000047
улан-удэ 1,237874 0,000095
улиц 0,891598 0,000409
улица 0,994252 0,000304
улицами 1,897120 0,000145
улицах 1,660731 0,000635
улице 0,916291 0,000630
улицей 2,120264 0,000162
улицу 1,966113 0,000150
улицы 0,843970 0,000774
уличного 2,813411 0,000215
уличным 3,218876 0,000246
ульяновск 1,078810 0,000082
уменьшился 3,218876 0,000246
умеренно 1,021651 0,000078
умеренно-континентальный 2,659260 0,000203
универмаг 2,995732 0,000229
университет 0,562119 0,000645
университета 0,446287 0,000409
университетов 1,660731 0,000254
университету 2,525729 0,000386
уникален 3,218876 0,000246
уникальные 2,207275 0,000337
уникальный 1,560648 0,000119
унион 3,912023 0,000299
упала 2,813411 0,000215
упоминается 1,660731 0,000254
упоминания 1,966113 0,000150
управление 0,527633 0,000161
управления 0,415515 0,000095
управляющего 3,506558 0,000268
урал 1,560648 0,000835
урал-грейт 3,912023 0,000897
урала 1,609438 0,000369
уралбизнесконсалтинг 3,912023 0,000299
урале 2,525729 0,001352
уралинформ 3,912023 0,000299
уралистику 3,912023 0,000299
уралом 1,609438 0,000123
уралсвязьинформ 3,912023 0,000598
уралу 3,506558 0,000268
уральская 2,525729 0,000386
уральский 2,302585 0,000704
уральских 2,659260 0,000610
уральского 2,525729 0,000772
уральской 2,302585 0,000352
уральскую 3,912023 0,000299
уро 2,995732 0,000687
уровень 0,579818 0,000044
уровнем 0,798508 0,000061
уроженцу 3,506558 0,000268
усадьба 2,040221 0,000156
усадьбы 2,302585 0,000176
усилил 3,506558 0,000268
условий -0,009950 -0,000001
условия -0,009950 -0,000002
условиями 2,407946 0,000184
усложняющая 3,912023 0,000299
услуг 0,967584 0,000370
услуги 0,994252 0,000076
услугу 3,218876 0,000246
услышать 2,995732 0,000229
усовершенствование 3,912023 0,000299
усолье 2,813411 0,000645
усольский 3,506558 0,000536
успехов 3,218876 0,000492
успехом 2,120264 0,000162
успешное 2,813411 0,000215
успешным 2,659260 0,000203
устав 0,941609 0,000144
уставом 1,966113 0,000150
установки 1,897120 0,000145
установлен 0,941609 0,000072
установлена 1,237874 0,000189
установление 2,120264 0,000162
установления 1,832581 0,000140
устар 2,525729 0,000193
устарела 2,040221 0,000156
устроена 3,912023 0,000299
устроено 3,218876 0,000246
устройства 1,309333 0,000100
устройстве 1,171183 0,000090
устройство 1,021651 0,000156
усть-качка 3,506558 0,000268
устьев 3,506558 0,000268
устью 1,078810 0,000165
устья 1,171183 0,000269
утвержден 1,171183 0,000179
утверждении 1,427116 0,000218
утвержденный 2,040221 0,000312
уфа 0,967584 0,000148
уфой 3,218876 0,000246
ухудшается 3,506558 0,000268
участвовать 2,995732 0,000229
участие -0,009950 -0,000002
участка 1,609438 0,000123
участке 1,469676 0,000112
участник 1,609438 0,000123
участниками 1,309333 0,000100
участники 1,771957 0,000135
участником 2,407946 0,000368
участок 1,203973 0,000184
учащихся 1,714798 0,000262
учебные 1,108663 0,000424
учебный 2,407946 0,000184
учебных 1,049822 0,000321
учетную -0,009950 -0,000001
учетом 0,755023 0,000115
училищ 1,966113 0,000301
училища 1,514128 0,000232
училище 1,021651 0,000625
учитывая 2,659260 0,000203
учреждение 1,237874 0,000284
учреждений 0,891598 0,000204
учреждения 0,843970 0,000258
учреждено 2,659260 0,000203
уши 3,506558 0,000268
уширенным 3,912023 0,000299
фабрика 1,272966 0,000389
фадеев 3,912023 0,000299
фадеевой 3,912023 0,000897
фазы 2,995732 0,000229
фактически 0,916291 0,000140
фактическим 3,506558 0,000268
факты 1,108663 0,000170
факультета 2,525729 0,000579
факультетов 2,407946 0,000184
фантастика 3,506558 0,000268
фармацевтическая 2,995732 0,000229
фармацевтический 3,506558 0,000268
фасмер 1,966113 0,000301
фатальная 3,912023 0,000299
февр 0,820981 0,000063
февраль 1,272966 0,000195
февраля 0,051293 0,000145
федеральная 0,713350 0,000327
федерального 0,673345 0,000206
федеральной 0,891598 0,000204
федеральную 2,995732 0,000229
федеральный 0,653926 0,000100
федеральных 0,776529 0,000416
федерации 0,544727 0,001083
федорович 1,771957 0,000135
федоровна 3,506558 0,000268
фестивалей 1,966113 0,000150
фестивали 1,427116 0,000218
фестиваль 1,139434 0,000436
фестивальные 3,912023 0,000299
фестиваля 1,714798 0,000393
фигурами 2,995732 0,000229
фигурками 3,912023 0,000299
физики 1,560648 0,000239
физико-географическая 0,843970 0,000129
физкультура 2,525729 0,000386
филармонии 1,469676 0,000112
филармоническое 3,912023 0,000299
филармония 1,237874 0,000284
филателии 1,609438 0,000246
филиал 0,798508 0,000733
филиала 1,560648 0,000477
филиалов 1,347074 0,000206
филиалом 2,040221 0,000156
филиалы 1,347074 0,000309
фильм 1,386294 0,000106
фильма 2,120264 0,000162
фильмах 3,218876 0,000246
фильме 2,525729 0,000193
фин 2,525729 0,000193
финалистом 3,912023 0,000897
финам 3,506558 0,000268
финансированием 2,995732 0,000229
финансов 1,897120 0,000145
финансовых 1,560648 0,000358
финансы 0,798508 0,000061
финно-угроведов 3,912023 0,000299
фирмы 2,120264 0,000162
флаг 0,673345 0,000154
флаэртиана 3,912023 0,000299
флегонтовичем 3,912023 0,000299
флот 1,832581 0,000140
флота 1,560648 0,000119
фмба 2,995732 0,000229
фонарями 3,506558 0,000268
фонд -0,009950 -0,000002
фондов 2,120264 0,000162
фондовая 3,912023 0,000598
фонды 2,813411 0,000215
фоне 1,560648 0,000119
фонетические 3,506558 0,000268
форвард 3,912023 0,000299
формирования 1,108663 0,000085
форум 1,609438 0,000123
фотографии 1,203973 0,000092
фотографом 3,912023 0,000299
фотодокументы 3,506558 0,000268
фотохудожников 3,506558 0,000268
франции 1,609438 0,000123
франция 1,560648 0,000119
фребелевский 3,912023 0,000299
фребелевских 3,912023 0,000299
фребелевского 3,912023 0,000299
фронта 1,514128 0,000232
фундаментальной 2,813411 0,000215
функционировало 2,995732 0,000229
функционировать 2,995732 0,000229
функционирует 1,203973 0,000184
функционируют 1,427116 0,000218
функция 1,832581 0,000140
фура 3,912023 0,000299
футбола 2,120264 0,000162
футболе 3,506558 0,000268
футболу 1,560648 0,000119
футбольной 2,525729 0,000193
футбольные 2,120264 0,000162
футбольный 1,203973 0,000276
футбольным 3,218876 0,000246
футбольных 3,506558 0,000268
хабад-любавич 3,912023 0,000299
ханты-мансийск 1,347074 0,000103
характеризовалось 2,813411 0,000215
характеризуется 0,941609 0,000072
характеристика 0,713350 0,000164
характерная 3,506558 0,000268
хватает 0,843970 0,000065
хельсинкская 3,506558 0,000268
химии 1,832581 0,000280
химик 2,525729 0,000193
химический 2,120264 0,000162
химических 2,120264 0,000162
химической 1,560648 0,000119
химическому 3,506558 0,000268
химия 2,040221 0,000156
хищной 3,912023 0,000299
ходатайствам 3,912023 0,000299
ходе 0,562119 0,000043
хозяйства 0,755023 0,000058
хозяйственная 2,659260 0,000203
хозяйство 0,713350 0,000164
хоккейная 2,040221 0,000156
хоккейной 1,966113 0,000150
хоккею 1,347074 0,000103
хор 2,407946 0,000184
хорватская 1,897120 0,000145
хореографическое 3,912023 0,000299
хотя 0,653926 0,000050
храм 0,843970 0,000194
храмов 1,386294 0,000106
храмы 1,049822 0,000080
хранилищ 3,912023 0,000299
хранится 2,407946 0,000552
хранящий 3,506558 0,000268
христианство 1,832581 0,000140
художественная 1,714798 0,000393
художественной 1,469676 0,000225
художественные 2,120264 0,000648
художественный 1,171183 0,000179
художника 1,771957 0,000135
художников 1,609438 0,000369
худшее 3,912023 0,000299
царские 2,813411 0,000430
царское 2,995732 0,000229
целесообразности 3,506558 0,000268
целиком 1,897120 0,000145
целом 0,755023 0,000115
цель 1,832581 0,000140
целью 0,733969 0,000056
целях 1,171183 0,000090
центр 0,400478 0,000582
центра 0,562119 0,000172
центральное 1,966113 0,000150
центральному 2,813411 0,000215
центральный 0,673345 0,000103
центральных 1,427116 0,000109
центрами 1,469676 0,000112
центре 0,673345 0,000515
центров 0,776529 0,000297
центром 0,713350 0,000600
центры 0,713350 0,000055
церезиозавра 3,912023 0,000299
церкви 0,916291 0,000210
церковь 0,843970 0,000839
церковью 2,207275 0,000169
цесаревич 3,506558 0,000536
цехах 3,506558 0,000268
циммерман 3,506558 0,000268
циндао 3,506558 0,000268
цирк 1,078810 0,000412
цирке 2,995732 0,000458
цирковой 3,218876 0,000246
цирковые 3,218876 0,000246
цитата 3,218876 0,000246
цифра 2,659260 0,000203
цифровое 1,514128 0,000232
цифровые 0,673345 0,000051
цифры 1,714798 0,000131
цска 3,506558 0,000268
цум 3,218876 0,000246
цума 2,995732 0,000229
чагин 3,218876 0,000492
чайка 1,966113 0,000150
чайковский 2,995732 0,000916
чайковский-балет 3,912023 0,000299
чайковский-театр 3,912023 0,000299
чайковского 3,506558 0,001072
часов 1,078810 0,000165
часовен 2,407946 0,000184
часовой 0,755023 0,000231
частей 1,139434 0,000087
части 0,198451 0,000167
частинский 3,912023 0,000598
частично 0,653926 0,000100
частности 0,462035 0,000177
частный 1,832581 0,000140
частных 1,108663 0,000085
часто 0,415515 0,000064
частые 2,407946 0,000184
часть 0,105361 0,000032
частью 0,755023 0,000173
чебоксарами 3,218876 0,000246
чебоксары 1,171183 0,000090
чекистов 3,218876 0,000246
чел 0,713350 0,000927
челнами 3,912023 0,000299
челны 2,659260 0,000407
челобитную 3,912023 0,000299
человек 0,400478 0,000459
человека 0,579818 0,000089
человечества 1,897120 0,000145
челябинск 0,994252 0,000152
челябинском 2,995732 0,000229
чемпион 1,660731 0,000127
чемпионат 1,237874 0,000095
чемпионата 1,309333 0,000200
чемпионатах 3,218876 0,000246
чемпионате 2,302585 0,000352
чемпионатов 2,302585 0,000176
чемпионом 2,525729 0,000386
червленом 2,995732 0,000229
чердынский 3,912023 0,000598
чердынь 3,912023 0,000598
черепанов 3,912023 0,000299
чермоз 3,912023 0,000897
чернова 2,995732 0,000229
черного 1,609438 0,000123
чернушинский 3,912023 0,000598
чернушка 3,218876 0,000738
черным 1,966113 0,000150
чернышева 3,218876 0,000246
черняевский 3,912023 0,000897
черняевского 3,912023 0,000299
черняевском 3,912023 0,000299
черте 1,272966 0,000195
чертеже 2,995732 0,000229
черту 1,714798 0,000393
черты 1,203973 0,000276
честь 0,562119 0,000172
четыре 0,713350 0,000109
четырем 3,218876 0,000246
четырех 1,203973 0,000092
четырехзальный 3,912023 0,000299
чехова 2,207275 0,000337
чеховские 3,912023 0,000299
чиновники 2,525729 0,000193
чиновников 2,302585 0,000176
чиркунов 3,912023 0,000299
числа 0,891598 0,000204
числе 0,248461 0,000171
численности 0,653926 0,000400
численность 0,653926 0,001800
число 0,478036 0,000110
чистополь 2,995732 0,000229
чита 1,237874 0,000095
читателей 2,995732 0,000229
читатьправитьправить 0,494296 0,000038
чка 0,000000 0,000000
членов 1,272966 0,000097
члены 1,966113 0,000150
чм-радиоэфире 3,912023 0,000299
чтения 2,207275 0,000169
чужие 3,912023 0,000299
чусовая 3,912023 0,000299
чусовой 2,995732 0,001374
чусовской 3,912023 0,000897
чья 2,302585 0,000176
шаблон 1,660731 0,000127
шаблонами 0,634878 0,000049
шедевров 2,995732 0,000229
шестизальный 3,912023 0,000299
шестой 2,302585 0,000176
шесть 1,272966 0,000195
широкие 2,207275 0,000169
широко 0,673345 0,000051
широкополосного 2,659260 0,000203
широта 3,506558 0,000268
широтная 2,659260 0,000203
широтные 3,218876 0,000246
школ 0,994252 0,000380
школа 0,891598 0,000477
школы 0,673345 0,000206
школы-интерната 3,506558 0,000268
школьным 3,506558 0,000268
шоссе 1,427116 0,000327
шохин 3,506558 0,000268
штаб-квартира 2,302585 0,000176
штабом 3,912023 0,000299
штейников 3,912023 0,000299
шустов 3,912023 0,000299
щита 1,771957 0,000135
эвакуированное 3,506558 0,000268
эвакуировать 3,506558 0,000268
эдуард 2,525729 0,000386
эдуарда 2,659260 0,000203
экз 0,415515 0,000159
экипажа 3,912023 0,000299
экологии 1,203973 0,000092
экологические 1,560648 0,000119
экологическое 1,771957 0,000271
экономика 0,510826 0,000156
экономики 0,713350 0,000327
экономические 1,771957 0,000135
экономический 1,139434 0,000174
экономических 1,560648 0,000119
экономическое 2,207275 0,000169
экономической 1,237874 0,000095
экранизация 3,912023 0,000299
экспедиции 1,771957 0,000135
эксперт 1,714798 0,000131
экспертизы 3,218876 0,000492
экспертной 3,506558 0,000268
эксперты 2,040221 0,000156
эксплуатацию 0,994252 0,000456
экспозиции 1,714798 0,000131
экспонатов 2,302585 0,000176
экспонаты 2,813411 0,000215
экспорт -0,009950 -0,000001
экстрим 3,912023 0,000299
электрические 2,659260 0,000407
электрическое 2,659260 0,000203
электровелосипеды 3,912023 0,000897
электродом 3,912023 0,000299
электроинструменты 3,912023 0,000299
электроники 2,407946 0,000184
электронная 1,237874 0,000284
электронное 2,407946 0,000184
электронные 1,714798 0,000131
электронный 1,469676 0,000112
электропоездами 2,813411 0,000215
электросамокатов 3,506558 0,000536
электросамокаты 3,506558 0,000536
электростанции 2,302585 0,000176
электростанция 2,813411 0,000430
электротеатр 3,218876 0,000492
электроэнергетика 2,659260 0,000203
эльдорадо 1,966113 0,000150
энергия 2,040221 0,000156
энциклопедии -0,009950 -0,000002
энциклопедический 0,733969 0,000056
энциклопедия 0,210721 0,000209
эпидемических 3,912023 0,000299
эпоху 1,386294 0,000106
эр-телеком 1,897120 0,000435
эрзянь 0,000000 0,000000
эспланада 3,506558 0,000268
эта 0,000000 0,000000
этимологический 2,040221 0,000156
этимология 0,616186 0,000094
этнографические 2,995732 0,000229
это 0,000000 0,000000
этому 0,755023 0,000115
эфир 1,897120 0,000145
эфирное 1,714798 0,000131
ю-в 0,000000 0,000000
ю-з 0,000000 0,000000
юбилеем 3,506558 0,000268
юбилей 2,207275 0,000169
юбилейная 2,995732 0,000229
юбилейные 3,218876 0,000492
юбилейный 0,820981 0,000126
юбилею 1,966113 0,000301
югу 1,609438 0,000123
южная 0,941609 0,000072
южного 1,139434 0,000087
южный 0,755023 0,000115
юзеф 3,912023 0,000299
юникредит 3,506558 0,000268
юного 1,560648 0,000119
юность 1,771957 0,000271
юрента 3,912023 0,000299
юрий 1,203973 0,000092
юрист 3,218876 0,000246
юристом 3,912023 0,000299
юрия 1,660731 0,000127
юрлинский 3,912023 0,000598
юрятина 3,912023 0,000299
юрятину 3,912023 0,000299
юсьвинский 3,912023 0,000598
явлений 2,120264 0,000162
является 0,094311 0,000130
являлся 1,347074 0,000103
являются 0,248461 0,000038
являющихся 2,120264 0,000162
ягошиха 3,912023 0,000299
ягошихинского 3,912023 0,000299
ядерной 2,407946 0,000184
ядро 1,660731 0,000127
язык 0,116534 0,000027
языка 0,798508 0,000061
языках -0,009950 -0,000001
языковой 2,207275 0,000169
языкознания 3,912023 0,000299
якутск 1,203973 0,000092
ямской 3,218876 0,000246
янв 0,820981 0,000063
январе 1,427116 0,000109
январь 0,941609 0,000072
января 0,116534 0,000739
яндекс 1,714798 0,000393
ярмарке 3,218876 0,000246
ярославль 1,078810 0,000082
ясенелистный 3,218876 0,000246
яслей 3,218876 0,000246
