абазин 2,207275 0,000160
аббас 3,912023 0,000283
абонент 2,120264 0,000153
абсолютный 0,616186 0,000134
абхаз 1,771957 0,000128
аварец 1,771957 0,000128
аварийный 2,120264 0,000153
авг 0,820981 0,000119
август 0,072571 0,000347
авиазавод 2,995732 0,000217
авиасообщение 2,813411 0,000204
авиастроитель 3,506558 0,000508
авиатехник 3,912023 0,000283
авиац 3,912023 0,000283
авиационный 1,386294 0,000201
авиация 1,237874 0,000179
австрией 3,912023 0,000283
австрийский 3,218876 0,000233
автобус 0,820981 0,000119
автовокзал 1,078810 0,000312
автодорога 0,891598 0,000194
автомагистраль 1,832581 0,000265
автоматизация 1,897120 0,000137
автоматический 1,560648 0,000226
автомобилизация 2,659260 0,000192
автомобиль 1,108663 0,000080
автомобильный 0,713350 0,000413
автор 0,462035 0,000167
автореферат 2,525729 0,000183
авторитетный 0,891598 0,000258
авторство -0,009950 -0,000001
авторынок 3,506558 0,000254
автостанция 1,714798 0,000248
автотранспорт 1,609438 0,000349
ага 2,813411 0,000204
агентство 0,798508 0,000116
агломерация 0,798508 0,000231
аграрно-педагогический 3,912023 0,000283
аграрный 1,203973 0,000349
агротехмаш 3,912023 0,000566
агул 1,832581 0,000133
адвентист 1,560648 0,000113
административно-территориальное 0,820981 0,000178
административно-территориальноеделение 3,506558 0,000254
административно-территориальном 1,309333 0,000095
административно-территориальную 3,218876 0,000466
административный 0,597837 0,000303
администратор 2,525729 0,000183
администрация 0,755023 0,001093
адмирал 1,832581 0,000133
адмиралтейский 2,659260 0,000962
адмиралтейство 2,813411 0,000815
адриана 3,912023 0,000283
адыгеец 1,897120 0,000137
аз 2,302585 0,000833
азербайджана 2,995732 0,000217
азербайджанец 1,139434 0,000165
азия 0,755023 0,000055
азова 2,813411 0,000204
азовский 1,660731 0,001683
азот 1,714798 0,000124
академический 0,916291 0,000199
академия 0,544727 0,000197
аквариум 2,659260 0,000192
акиньшин 3,912023 0,001982
акиньшина 3,912023 0,000849
аккредитовать 2,995732 0,000217
актер 1,386294 0,000100
активно 0,733969 0,000106
активность 1,309333 0,000095
активный 0,527633 0,000076
акционерный 1,832581 0,000133
александр 0,462035 0,000134
александрова 2,525729 0,000183
алексеевич 2,040221 0,000295
алексеевича 2,995732 0,000217
алексеевичем 3,912023 0,000566
алексеевна 3,218876 0,000233
алексеево-акатова 3,912023 0,000283
алексей 1,049822 0,000304
алексея 1,514128 0,000110
алисов 3,218876 0,000233
алма-ате 3,506558 0,000254
алтаец 1,966113 0,000142
алтай 2,407946 0,000523
алтай-ас 3,912023 0,000283
алфавитувикипедия 0,776529 0,000056
алфавитунаселенные 0,867501 0,000063
алый 2,659260 0,000577
альбом 1,771957 0,000385
альтернативный 1,203973 0,000087
альфред 2,813411 0,000204
американец 1,771957 0,000128
ампир 2,302585 0,000167
амплитуда 1,966113 0,000142
анализ 0,967584 0,000070
аналог 1,660731 0,000240
аналоговый 1,609438 0,000116
анапа 1,966113 0,000142
анатолию 3,506558 0,000254
ангел 2,120264 0,000153
англ 0,174353 0,000013
английский 1,309333 0,000095
ангстрем 3,506558 0,000254
андреев 2,040221 0,000148
андреевич 2,040221 0,000148
андреевича 2,995732 0,000217
андреевичем 3,912023 0,000283
андреевский 2,659260 0,000192
андреем 2,995732 0,000217
андрей 0,967584 0,000140
анимация 2,407946 0,000174
анисимова 3,506558 0,000254
анна 1,560648 0,000113
аннексия 0,941609 0,000068
аннинский 3,506558 0,000254
анталью 3,506558 0,000254
антон 1,832581 0,000265
антоний 3,506558 0,000254
антонова-овсеенко 3,912023 0,000849
антропогенный 1,771957 0,000128
аппаратура 2,120264 0,000307
апр 0,798508 0,000116
апраксин 3,218876 0,000466
апраксина 3,912023 0,000283
апрель 0,150823 0,000458
араб 1,609438 0,000116
аргус 3,506558 0,000254
арен 1,237874 0,000090
арестовать 1,897120 0,000137
армия 0,916291 0,000663
армянин 1,021651 0,000148
армянский 1,347074 0,000098
арсенадзе 3,912023 0,000283
арсенал 2,407946 0,000174
арт-отель 3,912023 0,000283
артем 2,302585 0,000167
артиллерийский 1,609438 0,000116
артистка 2,659260 0,000385
арх 0,544727 0,000118
архангельск 1,771957 0,000128
архив 0,446287 0,000097
архивировать 0,020203 0,000276
архивный 0,248461 0,000216
архиепископ 2,302585 0,000167
архитектура 0,462035 0,000569
архитектурно-паркового 3,912023 0,000283
архитектурно-строительный 2,407946 0,000174
архитектурный 1,078810 0,000234
аршин 3,506558 0,000254
асд 3,506558 0,000254
аспект 1,469676 0,000106
ассамблея 2,659260 0,000192
ассириец 1,832581 0,000133
ассоциация 1,309333 0,000095
аст 0,820981 0,000119
астероид 1,771957 0,000128
астрахани 2,407946 0,000174
астрахань 0,967584 0,000070
астрель 1,049822 0,000152
атаман 1,966113 0,000142
атлас 1,108663 0,000160
атмосфера 0,994252 0,000288
атмосферный 1,386294 0,000100
атомный 1,660731 0,000240
афганец 1,966113 0,000142
аэробус 3,912023 0,000283
аэродром 1,237874 0,000269
аэропорота 3,912023 0,000566
аэропорт 0,776529 0,000506
баз 0,371064 0,000161
базарный 2,813411 0,000204
базовый 1,171183 0,000085
бак 2,120264 0,000153
балет 1,469676 0,000106
балкарец 2,040221 0,000148
банк 0,693147 0,000301
банкротство 2,302585 0,000167
баран 2,659260 0,000192
барнаул 1,203973 0,000087
барокко 1,560648 0,000226
барселону 3,506558 0,000254
бас 3,506558 0,000254
бассейн 0,653926 0,000142
батальон 2,040221 0,000148
баш 3,506558 0,000254
башкир 1,347074 0,000098
башня 1,139434 0,000330
бежать 2,407946 0,000174
безопасность 0,916291 0,000066
безработный 2,407946 0,000523
беларуси 2,207275 0,000160
беларусь 1,237874 0,000090
белгород 2,302585 0,000333
белгородский 2,407946 0,001046
белое 0,994252 0,000216
белозобые 3,912023 0,000283
белорус 1,171183 0,000170
берег 0,478036 0,000450
береза 1,714798 0,000124
березка 2,407946 0,000174
беседа 3,506558 0,000254
беседина 3,912023 0,000283
бетонный 2,525729 0,000183
бехтерева 3,912023 0,000283
бешинский 3,912023 0,000283
бибикова 3,912023 0,000283
библиографический 0,083382 0,000006
библиотека 0,328504 0,000333
библия 2,659260 0,000192
бивор 3,912023 0,000566
бизнес-центра 3,506558 0,000254
бизнес-центров 3,218876 0,000233
билайн 1,272966 0,000184
бильярд 3,912023 0,000283
биму 3,912023 0,000566
биография 2,120264 0,000307
биология 1,560648 0,000113
битва 1,560648 0,000226
благовещенский 1,832581 0,000796
благодаря 0,527633 0,000191
благотворительный 2,207275 0,000320
благоустроить 1,560648 0,000113
благоустройство 1,560648 0,000226
блау 3,912023 0,000566
близ 1,237874 0,000090
блицкриг 3,912023 0,000283
блонский 3,912023 0,000283
бобр 2,207275 0,000160
бобровский 3,506558 0,000254
богатово 3,912023 0,000283
богородица 1,272966 0,000092
богородицк 3,218876 0,000233
богучар 3,912023 0,000283
богучарский 3,912023 0,000283
боевой 1,237874 0,000179
боеприпас 2,813411 0,000204
боец 2,813411 0,000407
божий 1,272966 0,000184
бой 1,237874 0,000269
бокс 2,040221 0,000295
болгарин 1,427116 0,000103
болгария 1,272966 0,000092
больница 1,078810 0,000547
больное 3,506558 0,000254
большевик 1,347074 0,000195
большевистский 2,525729 0,000183
большинство 0,342490 0,000124
большое 0,385662 0,000056
большой 0,040822 0,000080
бомба 2,813411 0,000407
бомбардировка 2,407946 0,000174
бомбардировщик 2,995732 0,000217
бомбежка 2,995732 0,000217
бомбометание 3,912023 0,000283
борисоглебск 3,912023 0,000283
борисоглебский 3,218876 0,000233
боровой 2,813411 0,000204
бородинского 3,912023 0,000283
борт 2,525729 0,000366
бортный 3,912023 0,000283
борьба 0,820981 0,000475
ботанический 1,427116 0,000103
боярин 2,813411 0,000407
боярский 2,040221 0,000295
брандер 3,912023 0,000283
братский 1,832581 0,000133
бригада 2,120264 0,000153
британец 2,040221 0,000148
британский 1,469676 0,000106
брно 3,218876 0,000466
бродячий 3,506558 0,000254
брокгауза 0,328504 0,000095
бронзовый 1,386294 0,000100
бронировать 3,912023 0,000283
бросить 2,659260 0,000192
брэ 2,040221 0,000148
брюйна 3,912023 0,000283
брянск 2,207275 0,000320
брянского 3,912023 0,000283
буденновский 3,218876 0,000233
буденного 3,218876 0,000233
бумага 1,560648 0,000113
бунин 2,659260 0,000577
бунт 2,207275 0,000160
бурденко 3,506558 0,000761
бурят 1,609438 0,000116
буслов 3,912023 0,000566
бутурлиновка 3,912023 0,000283
бутурлиновский 3,912023 0,000283
бывает 1,660731 0,000120
бывать 1,660731 0,000120
быстржинских 3,912023 0,000283
бытовой 1,560648 0,000113
быть -0,009950 -0,000006
бюджет 1,171183 0,000339
бюллетень 2,407946 0,000174
бюро 1,427116 0,000103
вагнер 2,995732 0,000217
вагоноремонтный 3,506558 0,000508
вагонреммаш 3,912023 0,000283
вадим 2,407946 0,000349
важный 0,494296 0,000036
валагин 3,912023 0,000566
валентинович 3,506558 0,000254
вальдорфский 3,912023 0,000283
вандал 3,218876 0,000233
вано 3,912023 0,000283
вантит 3,912023 0,000283
вапи 3,912023 0,000283
варвар 2,525729 0,000183
василий 1,078810 0,000156
васильева 2,207275 0,000160
васо 3,912023 0,000283
ватутина 3,506558 0,000254
ввести 0,634878 0,000046
ввиду 2,120264 0,000153
ввс 2,995732 0,000217
вгау 3,912023 0,000283
вгии 3,912023 0,000283
вгифк 3,912023 0,000283
вглту 3,912023 0,000566
вгму 3,912023 0,000283
вгпу 3,912023 0,000283
вгтрк 2,525729 0,000183
вгту 3,912023 0,000283
вгу 3,912023 0,001982
вгуит 3,912023 0,000283
ведение 1,427116 0,000103
ведомость 0,994252 0,000144
ведро 3,506558 0,000508
везермарш 3,912023 0,000283
век 0,248461 0,000486
векегорода 1,966113 0,000142
велено 3,506558 0,000508
велеть 2,995732 0,000217
велик 1,897120 0,000137
великий 0,356675 0,000568
велогонка 3,506558 0,000254
велоспорт 2,995732 0,000217
вена 2,995732 0,000217
венгр 1,966113 0,000285
веневитинова 3,912023 0,000283
венецией 3,506558 0,000254
вензель 3,506558 0,000254
вентиляторный 3,912023 0,000283
вепс 2,407946 0,000174
вера 1,049822 0,000228
вербилово 3,506558 0,000254
вермахт 2,525729 0,000366
вернуть 1,897120 0,000137
верофарм 3,912023 0,000283
версия -0,009950 -0,000006
версияправитьправить 1,237874 0,000090
вертячье 3,506558 0,000254
верфь 2,525729 0,000914
верх 2,525729 0,000183
верхнемамонский 3,912023 0,000283
верхнехавский 3,912023 0,000566
верхнехавского 3,912023 0,000283
верхний 0,494296 0,000072
верховный 1,108663 0,000481
верховье 2,302585 0,000167
веселаго 3,912023 0,000283
веселовский 3,218876 0,000233
весенне-летнее 3,506558 0,000254
весенний 1,660731 0,000120
весна 0,713350 0,000103
вести 0,356675 0,000103
вестись 0,673345 0,000195
вестник 1,049822 0,000152
весь 0,301105 0,000044
ветер 0,713350 0,000103
ветеран 1,832581 0,000133
ветхость 3,218876 0,000233
вече 2,813411 0,000204
вечный 1,309333 0,000095
вешин 3,506558 0,000254
вещание 1,108663 0,000160
вещатель 3,218876 0,000233
вещать 1,609438 0,000116
взамен 1,832581 0,000398
взгляд 1,309333 0,000758
взорвать 2,120264 0,000153
взрослый 1,609438 0,000116
взять 0,755023 0,000164
вигпс 3,912023 0,000283
вид 0,061875 0,000027
видный 1,660731 0,000120
визитный 2,120264 0,000153
вики-ссылки 3,912023 0,000283
викигидвикипедия 1,427116 0,000103
викигиде 0,776529 0,000169
викиданные 0,776529 0,000056
викиданных -0,009950 -0,000001
викиданныхвикипедия 0,891598 0,000129
викимедиа -0,009950 -0,000001
википедии -0,009950 -0,000001
википедия -0,009950 -0,000006
викискладвикиновостивикицитатниквикигидэлемент 1,272966 0,000092
викискладе 0,174353 0,000013
викискладепутеводитель 0,713350 0,000052
викискладстатьи 0,891598 0,000065
викисловарецитаты 1,108663 0,000080
викисловарьстатьи 1,347074 0,000098
викицитатникемедиафайлы 1,469676 0,000106
викицитатникстатьи 2,207275 0,000160
викторовичем 3,912023 0,000283
вильнюса 3,506558 0,000254
вина 2,302585 0,000333
виниусу 3,912023 0,000283
виолончелист 3,218876 0,000233
виолончельный 3,912023 0,001416
випс 3,912023 0,000283
висячий 3,218876 0,000233
витязь 3,506558 0,000508
вифсин 3,912023 0,000283
вице-губернатор 2,813411 0,000407
вклад 0,994252 0,000072
включать 0,235722 0,000017
включение 1,108663 0,000080
включить 0,634878 0,000276
владение 0,916291 0,000133
владивосток 1,897120 0,000137
владикавказ 2,120264 0,000153
владислава 3,506558 0,000254
владиславу 3,912023 0,000283
влажность 1,108663 0,000080
власть 0,544727 0,000473
влияние 0,527633 0,000153
влиять 1,347074 0,000098
вместе 0,510826 0,000185
вместо 0,798508 0,000058
вмещать 2,120264 0,000307
вначале 2,813411 0,000204
внедрение 1,609438 0,000116
внезапность 3,506558 0,000254
внести 1,021651 0,000148
внешний 0,051293 0,000004
внимание 1,108663 0,000080
вновь 0,755023 0,000109
внутренний 0,314711 0,000046
внутригородской 0,867501 0,000063
вов 2,120264 0,000307
вогрэс 3,912023 0,000566
вогрэсовский 3,912023 0,000566
вогрэсовского 3,912023 0,000283
вода 0,527633 0,000458
водитель 2,525729 0,000183
водмашоборудование 3,912023 0,000283
водный 0,562119 0,000163
водоем 1,139434 0,000247
водоподъемный 3,912023 0,000283
водопровод 1,714798 0,000124
водопроводный 2,207275 0,000160
водоснабжение 1,514128 0,000329
водохранилище 1,139434 0,001732
воевода 1,714798 0,000496
воен 3,912023 0,000283
военно-воздушный 2,995732 0,000867
военно-морской 2,120264 0,000614
военно-патриотический 3,218876 0,000233
военно-революционного 3,506558 0,000254
военно-революционному 3,912023 0,000283
военное 0,916291 0,000199
военнопленный 2,525729 0,000183
военнослужащий 2,525729 0,000183
военный 0,494296 0,000215
возвратить 1,469676 0,000213
возвышенность 1,386294 0,000301
воздействие 1,021651 0,000148
воздух 0,616186 0,000268
воздушно-десантных 3,506558 0,001015
воздушный 0,798508 0,000231
возле 1,386294 0,000100
возможность 0,314711 0,000046
возникать 1,021651 0,000074
возникнуть 0,653926 0,000142
возражение 2,995732 0,000217
возраст 1,078810 0,000234
возрождение 1,660731 0,001202
воин 1,714798 0,000248
воинский 1,469676 0,001064
война 0,430783 0,000780
войнынаселенные 2,995732 0,000217
войско 0,798508 0,000751
войти 0,634878 0,000092
вокруг 0,693147 0,000050
волга 1,347074 0,000098
волгоград 1,139434 0,000165
волкова 2,207275 0,000160
волоколамск 2,813411 0,000204
волошина 2,995732 0,000217
волшебный 0,030459 0,000002
воля 2,302585 0,000333
воплотить 2,659260 0,000192
вопрос 0,371064 0,000054
воробей 2,302585 0,000500
воробьевский 3,912023 0,000283
ворон 2,407946 0,001046
ворона 3,912023 0,000283
воронег 3,912023 0,000283
воронега 3,912023 0,000283
воронеж 1,203973 0,022744
воронеж-медиа 3,912023 0,000283
воронеж-чертовицкое 3,912023 0,000283
воронежа 2,659260 0,025407
воронеже 3,912023 0,029448
воронежев 3,912023 0,000283
воронежем 3,912023 0,001133
воронежец 3,912023 0,005663
воронежсельмаш 3,912023 0,000283
воронежсинтезкаучук 3,912023 0,000283
воронежская 2,995732 0,007372
воронежские 3,506558 0,003046
воронежский 2,995732 0,018647
воронежским 3,912023 0,001416
воронежских 3,912023 0,001133
воронежско-борисоглебской 3,912023 0,000283
воронежско-касторненской 3,912023 0,000283
воронежского 2,813411 0,009367
воронежское 3,912023 0,003681
воронежской 3,218876 0,014678
воронежском 3,506558 0,002538
воронежскому 3,912023 0,000283
воронежскую 3,912023 0,000566
воронежстальмост 3,912023 0,000283
воронежу 3,912023 0,002548
ворошилова 2,659260 0,000385
воскресенский 2,207275 0,000160
воспитание 2,120264 0,000153
восстание 1,237874 0,000179
восстановить 0,967584 0,000280
восстановление 1,078810 0,000078
восток 0,494296 0,000107
восточнее 2,407946 0,000174
восточно-европейской 1,832581 0,000133
восточный 0,430783 0,000062
воцарение 3,506558 0,000254
впадение 1,139434 0,000082
впервые 0,385662 0,000112
впоследствии 0,653926 0,000473
временно 1,309333 0,000379
время 0,020203 0,000053
врк 3,912023 0,000566
вручение 2,120264 0,000153
все 0,040822 0,000003
всероссийский 0,634878 0,000781
всерьез 3,912023 0,000283
всесоюзный 0,776529 0,000337
вскрыть 3,912023 0,000283
встречать 2,207275 0,000160
встречаться 0,713350 0,000052
втв 3,912023 0,000283
втк 3,912023 0,000283
втора 0,274437 0,000139
вторжение 1,609438 0,000116
второе 0,653926 0,000284
второй 0,891598 0,000065
вуз 0,820981 0,000238
вход 0,755023 0,000055
входить 0,287682 0,000104
входной 2,525729 0,000183
вцик 1,832581 0,000133
выбор 0,634878 0,000230
выборг 2,302585 0,000167
выбрать 1,139434 0,000330
выброс 1,347074 0,000293
выводить 1,832581 0,000133
выдавать 2,302585 0,000167
выдаваться 1,139434 0,000165
выделение 1,832581 0,000133
выделить 0,544727 0,000039
выделяться 0,941609 0,000068
выдержать 1,832581 0,000133
вызвать 1,049822 0,000076
выйти 0,798508 0,000058
вымывание 3,912023 0,000283
вып 0,798508 0,000173
выполнить 0,843970 0,000061
выполнять 0,867501 0,000063
выполняться 1,272966 0,000092
выпускаться 1,469676 0,000106
выпустить 0,891598 0,000065
высадка 2,813411 0,000204
высокий 0,139262 0,000121
высота 0,415515 0,000060
высочайше 2,659260 0,000385
выставить 2,407946 0,000174
выставка 1,139434 0,000165
выставочный 1,171183 0,000085
выстроить 1,771957 0,000257
выступать 0,916291 0,000133
выходить 1,309333 0,000190
выходной 2,120264 0,000153
вьетнамец 2,040221 0,000148
вязьма 2,659260 0,000192
гаврилович 3,218876 0,000233
гагарина 1,427116 0,000103
гагариным 3,218876 0,000466
гагауз 1,966113 0,000142
гагин 3,912023 0,000283
гадаев 3,912023 0,000283
газ 0,941609 0,000136
газета 0,579818 0,001175
газета-черноземье 3,912023 0,000283
газетный 2,525729 0,000183
газли 3,506558 0,000254
газообразный 2,813411 0,000204
гайварановский 3,912023 0,000283
галера 3,218876 0,000233
галерея 1,049822 0,000076
галина 2,207275 0,000160
галка 2,995732 0,000217
гандбол 2,207275 0,000160
гандбольный 2,120264 0,000153
гарвардский 3,506558 0,000508
гарденина 3,912023 0,000283
гарденинский 3,912023 0,000283
гардениных 3,912023 0,000283
гарнизон 1,966113 0,000285
гатчина 2,813411 0,000204
гвардейский 1,966113 0,000285
геленджик 2,407946 0,000174
генерал 1,514128 0,000438
генеральный 0,755023 0,000109
географический 0,356675 0,000207
география 0,415515 0,000271
геодинамика 3,218876 0,000233
геологический 1,139434 0,000082
георгадзе 3,912023 0,000283
георгий 1,139434 0,000165
геоэкологическая 3,218876 0,000233
геоэкология 3,218876 0,000932
гера 1,272966 0,000092
герай 3,506558 0,000254
геральдика 2,120264 0,000153
герб 0,798508 0,000809
германий 0,843970 0,000122
героизм 2,302585 0,000667
герой 1,139434 0,000330
гигиенический 3,506558 0,000254
гидрография 1,427116 0,000207
гидрологический 1,966113 0,000142
гидрология 1,966113 0,000142
гидрометеорология 2,525729 0,000183
гимн 0,776529 0,000056
гимназия 1,108663 0,000321
гимнастика 1,966113 0,000285
гипермаркет 1,660731 0,000120
гипотетический 2,302585 0,000167
гкгн 0,994252 0,000072
гкгнпро 0,916291 0,000066
глава 0,494296 0,000501
главное 1,469676 0,000106
главный 0,210721 0,000046
глазьев 3,912023 0,001416
гласить 2,407946 0,000174
глебов 3,506558 0,000254
глинка 2,407946 0,000174
глобальный 1,203973 0,000174
глубина 1,139434 0,000165
глубинный 2,302585 0,000167
глубокий 1,078810 0,000078
глубоко 1,897120 0,000137
говор 2,659260 0,000192
говорить 1,049822 0,000076
год -0,009950 -0,000389
годавикипедия 0,616186 0,000178
годовщина 2,813411 0,000204
годуворонежгорода 3,912023 0,000283
гожув-велькопольски 3,912023 0,000283
голикова 3,912023 0,000283
головной 2,120264 0,000153
голос 1,609438 0,000699
голосование 1,309333 0,000095
голуба 1,897120 0,000137
голубевод 3,912023 0,000283
голубо 3,506558 0,000254
голубь 2,525729 0,000183
гомель 1,966113 0,000142
гонец 3,912023 0,000283
гончар 2,525729 0,000366
гора 0,616186 0,000312
гордеев 3,506558 0,000508
гордеева 3,218876 0,000233
гореть 3,218876 0,000233
город 0,371064 0,005721
город-побратим 0,843970 0,000672
города-миллионеры 1,714798 0,000124
города-партнеры 1,771957 0,000128
городворонеж 3,912023 0,000283
городецкий 1,560648 0,000113
городов-миллионеров 2,813411 0,000204
городок 1,272966 0,000092
городом-миллионером 2,407946 0,000174
городом-миллионником 3,218876 0,000466
городпро 0,867501 0,000063
городской 0,544727 0,004534
горький 0,941609 0,000068
горячештамповочный 3,912023 0,000566
горячий 2,040221 0,000148
горячо 2,659260 0,000192
гос 1,609438 0,000233
госкомстат 0,891598 0,000129
госстрой 3,912023 0,000283
гостиница 0,843970 0,000183
гость 1,347074 0,000098
государев 2,040221 0,000148
государственный 0,261365 0,001078
государство 0,579818 0,000252
гото 3,912023 0,002265
готовить 2,302585 0,000167
гравюра 2,120264 0,000307
град 1,832581 0,000133
градоначальник 1,427116 0,000103
градостроительство 1,660731 0,000120
гражданин 0,733969 0,000106
гражданский 0,733969 0,000159
грамота 1,427116 0,000207
граница 0,356675 0,000181
грань 1,966113 0,000142
граф 1,832581 0,000133
график 1,560648 0,000339
грач 2,995732 0,000217
грек 1,560648 0,000113
греко-римской 2,813411 0,000407
греческий 1,469676 0,000106
грибановский 3,912023 0,000283
григория 2,407946 0,000174
григорьевич 2,207275 0,000160
григорьевичу 3,506558 0,000254
гришин 3,506558 0,000508
грозить 2,813411 0,000204
грозный 1,272966 0,000092
громадный 3,218876 0,000233
громыко 3,506558 0,000254
грузин 1,560648 0,000113
грузинский 2,302585 0,000333
группа 0,314711 0,000068
грязный 1,771957 0,000128
гтрк 1,049822 0,000076
губернатор 0,967584 0,000770
губерния 0,891598 0,000839
губернский 1,309333 0,000853
губкомиссара 3,912023 0,000283
губной 3,218876 0,000699
давать 0,820981 0,000059
далее 0,693147 0,000151
дальнемагистральный 3,912023 0,000283
дальний 0,446287 0,000097
дамба 2,040221 0,000148
даниловича 3,506558 0,000254
даргинец 1,832581 0,000133
дата 0,030459 0,000340
дать 0,072571 0,000100
два 0,150823 0,000076
двадцатка 3,218876 0,000233
двенадцать 2,813411 0,000407
дверь 2,120264 0,000153
двигатель 2,120264 0,000921
движение 0,544727 0,000394
двинуться 3,218876 0,000233
двор 1,078810 0,000078
дворец 0,843970 0,000244
дворик 2,995732 0,000217
дворцовый 2,525729 0,000183
дворянин 2,207275 0,000320
дворянский 2,040221 0,001034
двуглавый 2,525729 0,000548
двустворчатые 3,912023 0,000283
двухмандатных 3,912023 0,000283
двухъярусный 3,506558 0,000254
дева 2,995732 0,000434
девять 1,609438 0,000116
дегтярев 3,218876 0,000466
действовать -0,009950 -0,000009
дек 0,820981 0,000178
декабрь 0,094311 0,000177
декабрьский 2,995732 0,000217
деко 3,912023 0,000283
деление 0,579818 0,000336
дело 0,562119 0,000041
дельфин 2,813411 0,000204
демонтаж 3,218876 0,000466
демонтировать 2,040221 0,000148
демоскоп 0,820981 0,000238
дендрарий 2,813411 0,000204
день 0,210721 0,000320
деньга 1,386294 0,000201
департамент 1,386294 0,000502
депутат 0,776529 0,000056
депутатский 2,995732 0,000217
деревня 1,021651 0,000148
дерево 0,867501 0,000126
деревообработка 3,218876 0,000233
десант 2,995732 0,001084
десантный 3,506558 0,000254
десятилетие 1,203973 0,000174
десяток 1,660731 0,000120
десять 1,078810 0,000078
детская 0,653926 0,000142
детский 0,967584 0,000140
детско-юношеская 3,218876 0,000233
дефицит 1,832581 0,000133
дешево 3,218876 0,000233
деятель 1,108663 0,000080
деятельность 0,342490 0,000074
джазовый 2,120264 0,000153
джон 2,120264 0,000153
дзержинского 1,660731 0,000120
диагноз 2,995732 0,000217
диапазон 1,560648 0,000113
дивизия 1,771957 0,000898
дидактический 3,912023 0,000283
динамик 1,272966 0,000092
динамически 3,218876 0,000233
динамо 1,171183 0,000085
диоксид 2,040221 0,000148
диплом 2,302585 0,000167
директор 1,272966 0,000184
дирекция 2,995732 0,000217
дирижер 2,525729 0,000183
дискуссия 1,660731 0,000120
диссертация 2,040221 0,000591
дисциплинарный 3,912023 0,000283
дитя 0,867501 0,000502
длина 0,579818 0,000084
дмитриевка 3,506558 0,000254
дмитрии 3,218876 0,000233
дмитров 2,813411 0,000204
днепре 3,912023 0,000283
днище 3,218876 0,000466
дно 1,469676 0,000106
добавить 0,562119 0,000203
добиться 2,040221 0,000148
добраться 2,120264 0,000307
добров 3,506558 0,000254
добровольческий 2,207275 0,000320
доброе 2,813411 0,000204
добрый 2,207275 0,000160
довольно 0,891598 0,000129
довольный 2,995732 0,000217
договор 1,171183 0,000254
доезжать 3,912023 0,000566
доказать 2,040221 0,000148
доказывать 2,995732 0,000217
доклад 1,237874 0,000179
доктор 1,427116 0,000207
документ 0,415515 0,000241
документальный 1,427116 0,000103
долгота 0,820981 0,000119
должен 1,078810 0,000078
должность 1,049822 0,000152
должный 0,356675 0,000129
доля 0,544727 0,000158
дом 0,446287 0,000614
дом-музей 1,660731 0,000240
домой 3,912023 0,000283
домохозяйство 3,218876 0,000233
дон 1,660731 0,002524
донецке 3,912023 0,000283
донской 1,714798 0,000496
доп 0,597837 0,000216
дополнительный -0,009950 -0,000001
дополнять 2,995732 0,000217
допустимый 1,771957 0,000128
допустить 2,120264 0,000153
дорога 0,527633 0,000611
дорожный 1,021651 0,000074
доска 1,897120 0,000137
досрочно 2,995732 0,000434
доставить 1,966113 0,000285
доставка 1,966113 0,000142
достаточно 0,820981 0,000059
достаться 2,995732 0,000217
достигнуть 1,272966 0,000184
достичь 0,733969 0,000212
достопримечательность 0,867501 0,000063
доступ 0,755023 0,000055
доступность 1,427116 0,000103
доступный -0,009950 -0,000001
доход 1,514128 0,000219
доцент 2,813411 0,000204
дочерний 1,897120 0,000137
дошкольный 1,309333 0,000095
драма 1,469676 0,000106
драматург 2,407946 0,000174
древнерусский 1,427116 0,000310
древнеславянский 3,912023 0,000283
древние 0,967584 0,000700
древний 0,653926 0,000237
дробно -0,009950 -0,000002
другое 0,462035 0,000033
другой -0,009950 -0,000020
дружба 1,171183 0,000085
дуб 1,966113 0,000285
дубовки 3,912023 0,000283
дубровина 3,506558 0,000254
дума 0,916291 0,000796
думский 3,506558 0,000254
дунай 2,813411 0,000204
дурова 3,506558 0,000254
дурову 3,912023 0,000283
духовная 1,108663 0,000241
духовный 1,609438 0,001165
душкова 3,912023 0,000283
дьяк 2,813411 0,000204
евангелическо-лютеранского 3,506558 0,000254
евангельский 1,427116 0,000310
евгений 1,347074 0,000098
евгения 2,207275 0,000160
евдокимов 3,218876 0,000233
еврей 1,203973 0,000087
еврейский 0,755023 0,000109
евро-азиатской 3,506558 0,000254
европа 0,301105 0,000065
европейский 0,494296 0,000072
егерская 3,912023 0,000566
единица 0,478036 0,000242
единогласно 2,813411 0,000204
единоначалие 2,995732 0,000217
единственное 1,021651 0,000222
единый 0,544727 0,000039
еж 2,407946 0,000174
ежегодник 0,820981 0,000832
ежегодно 0,916291 0,000133
ежегодный 1,171183 0,000085
еженедельный 2,120264 0,000153
езид 1,771957 0,000128
екатеринбург 0,843970 0,000122
екатерины 1,514128 0,000110
елагин 3,506558 0,000508
елена 1,560648 0,000113
елец 2,407946 0,000349
елецкий 2,995732 0,000434
ель 2,120264 0,000153
ельня 2,659260 0,000192
емкость 2,120264 0,000307
епархиальный 2,302585 0,000167
епархия 0,967584 0,000420
епископ 1,966113 0,000569
ереван 2,120264 0,000153
есенина 2,995732 0,000217
есенину 3,912023 0,000283
ефремов 2,525729 0,000183
ефремовича 3,506558 0,000254
ефрона 0,328504 0,000095
ехать 2,659260 0,000192
жалование 3,912023 0,000566
ждать 1,966113 0,000142
желдорреммаш 3,912023 0,000283
железнодорожный 0,579818 0,000462
железный 0,616186 0,000045
железо 2,525729 0,000183
желтый 1,609438 0,000116
жена 2,407946 0,000174
женский 0,867501 0,000188
женщина 1,171183 0,000170
жеребилова 3,912023 0,000283
жертва 1,347074 0,000293
живой 1,386294 0,000100
животное 0,798508 0,000116
животный 1,714798 0,000248
жидкостный 3,912023 0,000566
жизнь 0,342490 0,000074
жила 1,386294 0,000100
жилищно-коммунального 2,813411 0,000204
жилищно-коммунальное 2,813411 0,000204
жилищный 1,560648 0,000339
жилой 0,941609 0,000136
жиромская 1,021651 0,000074
житель 0,562119 0,000610
жкх 2,120264 0,000307
жуковский 2,407946 0,000349
журнал 0,301105 0,000087
забастовка 2,525729 0,000183
заболевание 1,771957 0,000128
забросить 1,966113 0,000142
заведение 0,867501 0,000816
заведовать 2,525729 0,000183
завершить 0,867501 0,000063
завод 0,693147 0,001455
завоевать 1,660731 0,000120
завоевывать 3,506558 0,000254
заглавный -0,009950 -0,000001
загоровский 3,912023 0,005663
загоровского 3,912023 0,001416
загрязнение 0,891598 0,000387
загрязнить 1,514128 0,000219
задание 1,832581 0,000133
задача 0,820981 0,000059
задержать 2,407946 0,000174
задонск 3,218876 0,000233
заинтересовать 2,813411 0,000204
заказчик 2,995732 0,000217
заключить 1,309333 0,000095
закон 0,462035 0,000100
законный 2,407946 0,000174
закончить 1,897120 0,000275
закрытие 1,660731 0,000120
закрыто 2,040221 0,000295
закуска 3,912023 0,000283
зал 0,843970 0,000061
заложить 0,843970 0,000061
залп 3,912023 0,000283
заменить 0,494296 0,000072
заместитель 1,514128 0,000110
замкнуть 2,407946 0,000349
заниматься 0,634878 0,000138
заново 1,897120 0,000137
занять 0,693147 0,000251
зао 1,514128 0,000219
зап 2,813411 0,000204
запасной 2,995732 0,000217
записка 1,139434 0,000412
запись 1,237874 0,000090
записьвойти -0,009950 -0,000001
заповедный 2,302585 0,000167
запускаться 2,659260 0,000192
запустить 0,755023 0,000055
заработать 2,040221 0,000295
зарегистрировать -0,009950 -0,000002
зародиться 2,525729 0,000183
зарубежный 0,994252 0,000072
заруцкий 3,912023 0,000566
заслуга 1,660731 0,000601
застава 2,659260 0,000192
застройка 0,916291 0,000265
заступница 3,506558 0,000508
затем 0,527633 0,000076
затон 1,427116 0,000103
зафиксировать 1,078810 0,000078
захват 2,120264 0,000153
захватить 1,272966 0,000461
захватчик 2,302585 0,000167
защита 0,616186 0,000089
защитник 1,832581 0,000398
заявить 1,386294 0,000201
заявление -0,009950 -0,000001
звание 0,891598 0,000516
звук 2,040221 0,000148
здание 0,673345 0,001072
здравоохранение 0,843970 0,000611
здравствовать 3,506558 0,000254
зеленый 0,755023 0,000055
земельный 1,514128 0,000110
земля 0,400478 0,000116
земский 1,609438 0,000233
зеркало 2,659260 0,000192
зима 0,478036 0,000035
знай 3,912023 0,001416
знак -0,009950 -0,000004
знаменитый 0,967584 0,000070
знать 1,469676 0,000213
значение 0,061875 0,000054
значительно 0,510826 0,000037
значительный 0,328504 0,000071
зодчество 1,966113 0,000142
золотарева 3,912023 0,000283
золото 1,469676 0,000319
золотой 0,597837 0,000087
золотухин 3,912023 0,000283
зона 0,400478 0,000116
зоологический 2,302585 0,000167
зоомагазин 3,912023 0,000283
зоопарк 1,560648 0,000452
зоосад 3,218876 0,001165
зритель 1,108663 0,000241
зубова 2,407946 0,000174
ива 2,407946 0,000349
иван 0,843970 0,000183
ивана 1,078810 0,000078
иванович 1,560648 0,000113
ивановича 2,040221 0,000591
игорь 1,714798 0,000124
игра 0,843970 0,000061
игрок 2,207275 0,000160
идентификатор 0,693147 0,000050
из-за 0,415515 0,000211
из-под 2,995732 0,000434
избирательный 1,609438 0,000116
избирать 1,609438 0,000116
избираться 1,427116 0,000103
избрать 0,967584 0,000140
известие 0,994252 0,000072
известный 0,287682 0,000042
изд 0,314711 0,000046
изд-во 1,049822 0,000760
издаваться 1,660731 0,000240
издание 0,415515 0,000662
издательский 1,272966 0,000092
издательство 0,494296 0,000394
издать 1,386294 0,000100
изменение 0,301105 0,000044
измениться 1,021651 0,000074
износ 2,525729 0,000183
изображать 2,525729 0,000183
изображение 0,693147 0,000050
изобретатель 2,525729 0,000183
изрядно 3,912023 0,000283
изучать 1,427116 0,000103
изучение 0,713350 0,000103
изыскать 3,506558 0,000254
илии 2,813411 0,000204
илл 2,813411 0,000204
илларионовича 3,912023 0,000283
именно 0,544727 0,000039
иметь 0,094311 0,000055
иметься 0,385662 0,000028
император 1,139434 0,000660
императрица 1,514128 0,000219
империя 0,653926 0,000521
имя 0,274437 0,000536
ин-та 3,506558 0,000254
иначе 0,733969 0,000212
инвестиционный 1,514128 0,000110
инвестиция 1,237874 0,000090
ингуш 1,897120 0,000137
индекс 0,634878 0,000046
индивидуальность 3,912023 0,000283
индивидуальный 1,560648 0,000113
индиец 2,120264 0,000153
индустриальный 1,309333 0,000095
инженер 1,139434 0,000165
инженерный 1,272966 0,000184
иностранный 0,916291 0,000332
институт 0,371064 0,000403
инструкция 1,714798 0,000124
инструмент -0,009950 -0,000001
интерактивный 1,560648 0,000113
интернет 0,755023 0,000273
интернет-доступ 3,912023 0,000283
интернет-провайдеров 2,659260 0,000192
интернет-провайдеры 3,218876 0,000233
информационно-аналитическое 2,995732 0,000217
информационный 0,462035 0,000201
информация 0,162519 0,000106
информсвязь 3,912023 0,000283
инфорост 3,218876 0,000233
ионович 3,912023 0,000283
ираклион 3,218876 0,000233
исаев 2,995732 0,000217
исключение 0,891598 0,000065
исключить 2,207275 0,000320
искусство 0,478036 0,000346
испанец 2,120264 0,000153
испания 2,207275 0,000160
испанский 2,995732 0,000434
исполком 2,040221 0,000295
исполнение 0,867501 0,000188
исполнитель 1,714798 0,000124
исполнительно-распорядительными 3,912023 0,000283
исполнительный 1,171183 0,000170
исполнять 1,108663 0,000241
использование -0,009950 -0,000004
использовать 0,020203 0,000007
использоваться 0,223144 0,000032
испр 1,832581 0,000265
исправить 1,347074 0,000098
испытывать 1,560648 0,000113
исследование 0,462035 0,000234
исследовательский 1,237874 0,000090
истекать 3,218876 0,000233
исток 0,755023 0,000055
историк 1,469676 0,000106
историка-краеведа 3,912023 0,000283
историко-биографические 3,912023 0,000566
историко-документальное 3,912023 0,000283
историко-краеведческое 3,506558 0,000254
историко-культурное 3,506558 0,001015
историко-монографическое 3,912023 0,000283
историография 2,659260 0,000192
исторический 0,314711 0,000569
история 0,051293 0,000219
источник -0,009950 -0,000018
исчисление 0,776529 0,000056
итальянец 1,714798 0,000124
итог 0,494296 0,000215
итого 1,609438 0,000233
иудейский 2,407946 0,000174
июль 0,116534 0,000439
июнь 0,116534 0,000396
кабардинец 1,832581 0,000133
кабельный 1,514128 0,000110
кавалер 2,120264 0,000460
каверзный 3,912023 0,002265
кавказ 1,771957 0,000128
кавказа 1,660731 0,000120
кадетский 1,897120 0,000412
кадмий 2,995732 0,000217
казак 1,309333 0,001232
казань 0,891598 0,000065
казарменный 3,912023 0,000283
казах 1,427116 0,000103
казнить 2,813411 0,000204
какой 0,820981 0,000059
калач 3,218876 0,000233
калач-на-дону 2,659260 0,000192
калачеевский 3,912023 0,000283
калашников 2,525729 0,000183
калейдоскоп 2,995732 0,000434
календарь 1,469676 0,000106
каликино 3,506558 0,000254
калинин 1,966113 0,000142
калмык 1,560648 0,000113
кам 2,207275 0,000160
каменный 0,733969 0,000106
каменск-шахтинский 3,218876 0,000233
каменский 2,659260 0,000192
камень 0,994252 0,000144
камерный 1,660731 0,000120
камышев 3,912023 0,000283
канал 0,673345 0,000146
кандидат 1,272966 0,000553
кантемировский 3,912023 0,000283
канун 2,813411 0,000204
капитан 1,897120 0,000137
караганде 3,912023 0,000283
караим 2,995732 0,000217
каракалпак 2,120264 0,000153
караул 2,813411 0,000204
карачаевец 1,966113 0,000142
кардинально 2,813411 0,000204
карел 1,897120 0,000137
карета 2,995732 0,000217
карла 1,386294 0,000401
карт 0,301105 0,000131
картографический 2,525729 0,000366
карточка 2,040221 0,000148
карьерный 3,506558 0,000254
каталог 0,094311 0,000014
катальпа 3,506558 0,000254
категория -0,009950 -0,000001
католический 1,237874 0,000090
кафедра 1,660731 0,000361
кафедральный 0,967584 0,000280
качественно 3,506558 0,000254
качество 0,287682 0,000062
каширский 3,506558 0,000508
каштан 2,525729 0,000183
кбха 3,912023 0,001416
квадрат 2,525729 0,000183
кварта 3,912023 0,001982
квартира 1,966113 0,000142
квас 2,995732 0,000434
керамический 3,218876 0,000699
киеве 2,813411 0,000204
кий 1,469676 0,000106
километр 0,693147 0,000151
кино 0,994252 0,000144
кинологический 3,912023 0,000283
кинопрокат 3,506558 0,000254
кинотеатр 0,891598 0,000645
киргиз 1,386294 0,000100
кирха 1,832581 0,000133
кислородно-керосиновый 3,912023 0,000566
китаец 1,609438 0,000116
китай 0,776529 0,000056
кишечный 3,912023 0,000283
кладбище 1,237874 0,000717
класс 0,616186 0,000045
классик 2,120264 0,000153
классификация 1,514128 0,000219
классицизм 1,514128 0,000329
клен 1,966113 0,000142
климат 0,446287 0,000258
климента 2,813411 0,000204
клинический 1,386294 0,000502
клинский 3,506558 0,000254
клон 3,912023 0,000283
клоун 2,813411 0,000204
клуб 0,798508 0,000347
ключ 1,309333 0,000095
книга 0,415515 0,000120
книгоизд-во 3,912023 0,000283
книжный 0,798508 0,000347
кнопка 2,120264 0,000153
княжество 1,714798 0,000124
князь 0,867501 0,000251
ковер 2,407946 0,000174
код -0,009950 -0,000051
кодекс -0,009950 -0,000001
кодистория 0,116534 0,000008
кодотел 3,912023 0,000283
кожевенный 1,966113 0,000142
козак 3,912023 0,000283
козака 3,912023 0,000283
козельск 2,659260 0,000192
козий 2,995732 0,000217
козлова 2,813411 0,000407
колебание 1,386294 0,000100
колиуха 3,912023 0,000283
количественно 3,506558 0,000254
количество 0,210721 0,000061
коллега 2,813411 0,000204
коллектив 1,237874 0,000090
коллективный 2,040221 0,000148
колоколитейного 3,912023 0,000283
колокололитейное 3,912023 0,000566
колокололитейном 3,912023 0,000566
колокольня 2,040221 0,000148
колпино 2,659260 0,000192
колхозный 3,912023 0,000283
колыбель 3,218876 0,000466
кольцо 1,021651 0,000074
кольцов 2,995732 0,000217
кольцова 3,506558 0,000508
кольцовский 3,912023 0,000566
кольцовского 3,912023 0,000283
кольцовской 3,912023 0,000283
кольцовском 3,912023 0,000283
кольцову 3,912023 0,000283
командование 1,609438 0,000349
командовать 2,040221 0,000148
комар 2,813411 0,000204
комаров-хирономид 3,912023 0,000283
комбинат 1,021651 0,000148
коми 1,514128 0,000110
коми-пермяк 1,966113 0,000142
коминтерновский 3,912023 0,001699
комиссар 2,207275 0,000479
комиссариат 2,995732 0,000217
комиссия 0,967584 0,000140
комитет 0,653926 0,000426
комментарий 1,237874 0,000090
коммерсантъ 1,139434 0,000082
коммерческий 1,021651 0,000148
коммуна 2,407946 0,002789
комолов 3,912023 0,000849
компания 0,371064 0,000376
комплекс 0,579818 0,000252
комплексный 1,078810 0,000390
комплектация 3,506558 0,000254
композитор 1,514128 0,000110
композиция 1,386294 0,000100
компонент 0,967584 0,000070
комсомолец 1,560648 0,000113
комсомольский 0,891598 0,000129
кондитерская 1,660731 0,000120
конец 0,198451 0,000115
конкурс 1,171183 0,000170
кононов 3,912023 0,004247
коноплева 3,218876 0,000233
конституционно-демократическая 3,912023 0,000283
конструктивизм 1,771957 0,000128
конструктор 2,040221 0,000148
конструкторский 2,407946 0,000174
конструкция 1,469676 0,000106
консультативно-диагностический 3,218876 0,000233
континентальный 0,527633 0,000038
контора 2,120264 0,000307
контрастный 3,506558 0,000254
контроль 0,994252 0,000288
контрольная 2,525729 0,000183
контрольно-счетную 3,912023 0,000283
контрольный 2,525729 0,000183
контузить 3,912023 0,000283
конференция 0,941609 0,000136
конфиденциальность -0,009950 -0,000001
конфликт 1,347074 0,000098
концентрация 1,203973 0,000174
концепция 0,967584 0,000070
концерн 2,120264 0,000614
копие 0,223144 0,000178
корабельный 2,659260 0,000192
корабль 1,469676 0,002021
корабль-музей 3,506558 0,000508
кордон 3,912023 0,000566
кореец 1,514128 0,000110
корень 1,609438 0,000116
корить 1,309333 0,000190
корнелиса 3,912023 0,000283
коробьин 3,912023 0,000283
королевич 3,912023 0,000566
короленко 3,218876 0,000466
короткий -0,009950 -0,000002
корпус 1,171183 0,000424
корреспонденция 3,912023 0,000283
косагова 3,912023 0,000283
косберг 3,912023 0,000283
космический 1,309333 0,000474
космонавт 1,514128 0,000219
котенок 3,912023 0,000849
который 0,000000 0,000000
кошка 2,995732 0,000867
краевед 1,714798 0,000124
краеведческий 1,108663 0,000401
край 0,544727 0,000710
краматорске 3,506558 0,000254
крамского 3,912023 0,000283
красная 0,713350 0,000207
красноармеец 2,407946 0,000174
краснодар 1,386294 0,000301
краснолесный 3,912023 0,000283
красноярск 0,967584 0,000070
красный 0,597837 0,000173
кратер 3,506558 0,000254
краткий 0,653926 0,000047
крах 3,506558 0,000254
крейсер 2,813411 0,000204
кремль 1,660731 0,000120
крепость 0,994252 0,001007
крест 1,309333 0,000284
крестьянский 1,714798 0,000372
кречет 3,912023 0,000283
кривоборского 3,912023 0,000566
кривошипный 3,912023 0,000566
кризис 1,386294 0,000301
критик 1,560648 0,000113
критиковать 2,813411 0,000204
кровавый 2,659260 0,000192
кром 0,235722 0,000051
кронштадт 2,525729 0,000183
круглосуточный 2,302585 0,000167
круглый 1,897120 0,000137
крупный 0,210721 0,000290
крутогорье 3,506558 0,000254
крыма 0,843970 0,000061
крымские 1,771957 0,000128
крымский 2,659260 0,000192
крымским 2,995732 0,000217
крымских 2,302585 0,000333
крюйс 3,912023 0,000283
крючок 3,506558 0,000254
ксв 2,302585 0,000167
ксерокопия 3,912023 0,000283
кстенин 3,912023 0,000566
ктв-форум 3,912023 0,000283
кубанева 3,912023 0,000566
кубанский 2,302585 0,000167
кубинец 2,207275 0,000160
кубок 1,237874 0,000090
кубометр 2,525729 0,000183
кузьминка 2,995732 0,000217
куйбышеве 3,506558 0,000254
куки -0,009950 -0,000001
кукла 0,891598 0,000129
кулиновой 3,912023 0,000566
культура 0,356675 0,000465
культурный 0,597837 0,000346
кумандинец 3,506558 0,000254
кумык 1,832581 0,000133
курд 2,040221 0,000295
курдский 3,912023 0,000283
курино 3,506558 0,000254
курск 2,407946 0,000523
курьер 2,525729 0,000731
куст 2,995732 0,000217
кутузова 3,506558 0,000254
лаборатория 1,309333 0,000190
лазарева 2,302585 0,000167
лазарь 2,995732 0,000217
лакец 1,832581 0,000133
лампа 3,218876 0,000233
ландшафт 1,427116 0,000103
ландшафтно-экологические 3,912023 0,000283
ландшафтный 2,525729 0,000183
лаптев 3,506558 0,000254
ласунский 3,912023 0,000566
латыш 1,660731 0,000120
лауреат 1,609438 0,000582
лев 0,967584 0,000280
левашов 1,660731 0,000120
левитин 3,912023 0,000283
левобережный 1,714798 0,000993
левый 1,021651 0,000444
легенда 1,469676 0,000106
легкий 0,967584 0,000070
ледовый 1,078810 0,000078
лезгин 1,771957 0,000128
ленин 0,755023 0,000273
ленинагорода 2,120264 0,000153
ленино 2,995732 0,000217
ленинский 0,941609 0,000273
лента 1,203973 0,000174
леон 3,218876 0,000233
леонидовичу 3,912023 0,000283
леониду 3,912023 0,000283
леониды 1,966113 0,000142
лес 0,733969 0,000106
лесной 0,843970 0,000305
лесостепь 1,897120 0,000137
лесотехнический 3,218876 0,000233
лесохозяйственный 3,506558 0,000254
лет 0,597837 0,000087
летать 2,995732 0,000217
летие 1,309333 0,000095
летием 2,407946 0,000174
летию 1,078810 0,000156
летия 1,108663 0,000401
летний 0,579818 0,000084
летный 3,506558 0,000254
летучий 2,525729 0,000183
лжедмитрию 3,506558 0,000508
лжедмитрия 3,218876 0,000233
либерце 3,912023 0,000283
ливны 3,912023 0,000283
лига 0,941609 0,000341
лидер 1,237874 0,000090
лидировать 1,832581 0,000133
лизюкова 3,912023 0,000566
лии 3,912023 0,000283
лик 2,407946 0,000174
ликвидация 1,609438 0,000116
ликвидировать 1,309333 0,000284
лилия 2,995732 0,000217
линейный 1,714798 0,000745
линия 0,462035 0,000067
линк 3,506558 0,000254
липа 2,120264 0,000153
липецк 2,525729 0,000366
липецкий 2,813411 0,000204
лисицын 3,912023 0,000283
лиска 3,506558 0,000508
лискинский 3,912023 0,001133
лист 1,203973 0,000174
лиственница 2,407946 0,000174
литвинцев 3,912023 0,000283
литература 0,051293 0,000011
литературный 0,867501 0,000251
литовец 1,897120 0,000137
литосфера 3,506558 0,000254
лицензия -0,009950 -0,000001
лицо 0,673345 0,000146
личинка 3,218876 0,000233
личное 1,714798 0,000372
лишь 0,478036 0,000035
ловля 2,995732 0,000217
лог 2,207275 0,000479
лодка 1,660731 0,000120
лодыгин 3,912023 0,000566
локальный 0,673345 0,000049
ломонос 1,966113 0,000142
луг 1,660731 0,000120
луганск 1,203973 0,000087
лук 1,771957 0,000128
луна 2,407946 0,000523
лучший 0,776529 0,000112
лыжероллер 3,912023 0,000283
лысцов 3,912023 0,000283
любить 1,832581 0,000663
люди 0,755023 0,000109
людмила 2,207275 0,000160
лютеранин 2,525729 0,000183
лютеранский 1,714798 0,000124
магдалина 3,218876 0,000233
май 0,127833 0,000435
макаров 1,660731 0,000120
македонец 2,813411 0,000204
макет 2,659260 0,000192
макротопоним 3,912023 0,000283
макса 1,897120 0,000137
максим 1,237874 0,000090
максимир 3,912023 0,000283
максимум 0,579818 0,000126
мала 1,237874 0,000179
маланино 3,912023 0,000283
малгобек 2,813411 0,000204
маленек 2,302585 0,000167
малой 0,776529 0,000112
малоярославец 2,813411 0,000204
малый 0,139262 0,000111
малышево 2,995732 0,000217
мандельштам 3,506558 0,000508
мандельштаму 3,912023 0,000283
маневр 3,218876 0,000233
мансуров 3,506558 0,000254
мариец 1,609438 0,000116
марии 2,040221 0,000443
мариинский 1,469676 0,000213
марина 2,207275 0,000160
мариуполь 2,407946 0,000174
мария 1,832581 0,000133
марка 0,733969 0,000053
маркович 3,912023 0,000283
маркс 1,309333 0,000379
марксизм 3,506558 0,000254
март 0,116534 0,000422
мартынович 3,912023 0,000283
марченко 3,506558 0,000254
маршак 3,912023 0,000283
маршрут 0,673345 0,000097
маршрутный 1,049822 0,000076
маслов 3,218876 0,000233
масловка 3,912023 0,000566
масловке 3,912023 0,000283
масловский 3,506558 0,000254
масса 0,916291 0,000066
массалитинов 3,912023 0,000283
массалитинова 3,912023 0,001133
массировать 2,813411 0,000204
массовый 0,494296 0,000179
мастеровой 3,218876 0,000233
мастерская 1,832581 0,000133
масштаб 1,108663 0,000080
матвеев 2,040221 0,000148
математик 1,347074 0,000098
материал -0,009950 -0,000007
материальный 1,514128 0,000110
материнский 2,995732 0,000217
матрос 2,995732 0,000217
матч 1,108663 0,000080
машина 0,713350 0,000052
машиностроение 1,049822 0,000228
машиностроительный 1,347074 0,000098
мвд 1,309333 0,000190
мебель 2,302585 0,000167
мебельный 2,525729 0,000366
мегафон 1,237874 0,000090
медаль 1,609438 0,000116
медиафайлы 0,301105 0,000022
медицинский 0,653926 0,000426
медь 2,040221 0,000148
межвузовский 2,659260 0,000192
междугородная 1,832581 0,000133
международный 0,385662 0,000502
межрегиональный 1,771957 0,000128
мекка 3,912023 0,000283
мелитополь 2,813411 0,000204
меловой 2,659260 0,000192
мель 2,995732 0,000217
мельхеева 3,506558 0,000254
мемориальный 1,139434 0,000165
ментешашвили 3,912023 0,000283
меньшиков 3,912023 0,000283
менять 1,714798 0,000124
меркулова 3,218876 0,000233
меркурий 2,813411 0,000407
мероприятие 0,916291 0,000133
местность 1,049822 0,000304
местный 0,478036 0,000415
место 0,139262 0,000202
местоположение 1,660731 0,000120
месяцевикипедия 0,776529 0,000056
металлист 2,525729 0,000183
металлообработка 1,897120 0,000275
метробуса 3,912023 0,000283
метрополитен 1,609438 0,000116
механический 1,660731 0,000361
меценат 2,302585 0,000500
мечеть 0,994252 0,000072
миит 3,912023 0,000283
микробиологический 3,218876 0,000233
микрорайон 0,916291 0,000265
микрорайон-эксклав 3,912023 0,000283
микрорегиона 3,912023 0,000283
микросейсмический 3,912023 0,000283
милиционер 2,659260 0,000192
милиция 2,120264 0,000153
милицыной 3,912023 0,000283
миллерово 3,218876 0,000233
миллиард 1,514128 0,000438
миллион 0,776529 0,000112
миллионный 1,771957 0,000257
милонов 3,912023 0,000283
милонова 3,912023 0,000283
милькова 3,912023 0,000283
минерагения 3,912023 0,000283
минералс 3,912023 0,000283
минимум 0,653926 0,000142
министерство 0,653926 0,000237
министр 1,171183 0,000085
минов 3,912023 0,000566
минову 3,912023 0,000283
минск 1,714798 0,000124
минус 2,995732 0,000217
мир 0,094311 0,000123
мирной 1,609438 0,000349
мирный 2,207275 0,000320
мировая 0,527633 0,000038
мистюков 3,912023 0,000283
митрофан 2,813411 0,001629
митрофановского 3,912023 0,000283
михаил 0,916291 0,000066
михаила 1,171183 0,000339
михайловском 3,506558 0,000254
михалевич 3,912023 0,000283
михно 3,912023 0,000566
мичуринск 3,218876 0,000233
мишон 3,912023 0,000283
мишустин 3,218876 0,000233
младший 2,525729 0,000183
млн 0,462035 0,000134
млрд 0,820981 0,000119
мнвк 3,912023 0,000283
мнение 0,634878 0,000230
мнишек 3,218876 0,000466
многие 0,356675 0,000181
много 0,150823 0,000055
многопушечными 3,912023 0,000283
многочисленный 0,693147 0,000100
многоэтажный 1,832581 0,000133
множество 0,462035 0,000100
мобильник 3,912023 0,000283
мобильный -0,009950 -0,000004
могила 1,660731 0,000481
модель 0,891598 0,000129
модуль 0,562119 0,000122
мое 2,407946 0,002091
можайск 2,813411 0,000204
можжевельник 2,995732 0,000217
мозаика 3,218876 0,000233
моисеева 3,912023 0,000283
моисеевым 3,506558 0,000254
молдаванин 1,714798 0,000124
моллюск 2,659260 0,000192
молодцова 3,912023 0,000283
молочный 2,040221 0,000148
момент 0,527633 0,000115
монастырщенку 3,912023 0,000283
монастырщинка 3,912023 0,000283
монастырь 0,867501 0,000126
монгол 1,660731 0,000120
монета 0,994252 0,000144
мониторинг 1,108663 0,000321
монография 2,040221 0,000148
мор 1,021651 0,000074
мордасова 3,912023 0,000566
мордасовой 3,912023 0,000283
мордва 1,309333 0,000095
море 0,562119 0,000041
морозова 2,525729 0,000183
морской 0,994252 0,000288
мосин 3,218876 0,000466
москва 0,400478 0,000261
москваворонеж 3,912023 0,000283
москве 1,171183 0,000339
москвой 1,237874 0,000090
москву 1,139434 0,000247
москвы 0,653926 0,000284
московский 0,527633 0,000306
мост 0,713350 0,000981
мочь -0,009950 -0,000006
мошковский 3,506558 0,000254
моща 2,659260 0,000192
мск 0,843970 0,000061
мстиславский 3,912023 0,000283
мтс 1,237874 0,000090
мужество 2,040221 0,000443
музей 0,653926 0,000568
музей-диорама 3,506558 0,000254
мультфильм 2,995732 0,000217
муниципальный 0,713350 0,001704
мураду 3,912023 0,000283
мусор 1,897120 0,000137
мусульман 1,171183 0,000085
мусульманский 1,514128 0,000110
мфа 2,995732 0,000217
мысль 1,469676 0,000106
мышь 2,207275 0,000160
мэр 1,078810 0,000469
мэхэн 3,912023 0,000283
мясная 2,525729 0,000366
мятеж 2,207275 0,000320
мятежный 3,506558 0,000254
набег 1,660731 0,000240
набережная 0,891598 0,000129
наблюдаться 0,755023 0,000055
навигация -0,009950 -0,000002
награда 0,798508 0,000173
наградить 0,941609 0,000409
надвое 3,912023 0,000283
надежка 3,912023 0,000283
наделяться 3,218876 0,000233
надзорный 2,995732 0,000217
название 0,105361 0,000153
назвать 0,371064 0,000161
назначаться 2,040221 0,000148
назначить 1,203973 0,000261
называть 0,174353 0,000038
наиболее 0,139262 0,000020
наименовать 3,506558 0,000254
найти 0,733969 0,000212
наказание 2,120264 0,000307
накаливание 3,912023 0,000283
наладить 2,302585 0,000167
нальчик 2,407946 0,000174
наместник 2,407946 0,000349
наместничество 1,514128 0,000110
нанаец 2,302585 0,000167
нападение 1,832581 0,000265
написать 0,867501 0,000063
напиток 1,897120 0,000137
напоминание 3,506558 0,000254
направить 0,867501 0,000126
направление 0,385662 0,000112
напрасный 3,912023 0,000283
например 0,328504 0,000071
напротив 1,237874 0,000090
наркоситуации 3,912023 0,000283
наро-фоминск 2,813411 0,000204
народ 0,579818 0,000042
народный 0,616186 0,000892
наса 2,995732 0,000217
насекомое 2,207275 0,000320
население 0,462035 0,002341
населить 0,597837 0,000606
наследие 0,713350 0,000310
наследство 3,218876 0,000466
настойчивость 3,912023 0,000283
настоящее 0,287682 0,000146
настроить 2,407946 0,000174
наступательный 2,302585 0,000167
наступать 0,843970 0,000061
наступление 1,714798 0,000248
насчитываться 0,967584 0,000070
наталия 2,302585 0,000167
наталья 1,660731 0,000240
наука 0,235722 0,000222
научн 3,912023 0,000283
научно-документальное 3,912023 0,000849
научно-исследовательский 0,798508 0,000116
научно-популярный 1,966113 0,000569
научно-технический 1,386294 0,000100
научный 0,248461 0,000252
находиться 0,174353 0,000252
национальность 0,867501 0,000565
национальный 0,342490 0,000223
начало 0,116534 0,000143
началось 0,616186 0,000134
начальник 1,660731 0,000361
начать 0,510826 0,000481
начаться 0,562119 0,000122
начинать 1,049822 0,000076
начинаться 0,527633 0,000115
начиная 0,733969 0,000053
небольшой 0,494296 0,000036
неверный 2,207275 0,000160
невозможность 2,407946 0,000174
негативный 1,347074 0,000195
негидалец 2,813411 0,000204
негосударственный 1,386294 0,000301
недалеко 1,469676 0,000106
недопущение 3,912023 0,000283
недоставать 2,995732 0,000217
недостаток 0,579818 0,000042
недоступный 0,446287 0,000194
неж 3,912023 0,001982
независимость 1,966113 0,000285
независимый 1,049822 0,000076
незаконный 1,714798 0,000124
нейрохирургия 3,218876 0,000233
некоммерческий -0,009950 -0,000001
некорректный 1,514128 0,000219
некоторые 0,127833 0,000102
некоторый 1,237874 0,000179
некрополь 2,120264 0,000153
немец 1,108663 0,000080
немецкий 0,798508 0,000636
немецко-фашистский 3,912023 0,000283
немецко-фашистскими 2,525729 0,000183
немецко-фашистской 3,506558 0,000254
немой 3,506558 0,000254
ненаркомовой 3,912023 0,000283
ненец 2,120264 0,000153
необходимо 1,237874 0,000090
неоднократный 2,525729 0,000183
неофициальный 1,139434 0,000412
неправильно 2,040221 0,000148
неприятность 3,912023 0,000283
неработоспособный 3,506558 0,000254
несанкционированный 2,407946 0,000174
несколько 0,116534 0,000067
несмотря 0,755023 0,000219
несомненный 2,995732 0,000434
нестеров 2,659260 0,000192
неудачный 2,207275 0,000160
неудовлетворительный 3,218876 0,000233
неформат 3,912023 0,000283
нефтехимический 1,966113 0,000142
нехватка 1,966113 0,000142
нечаевых 3,912023 0,000283
нечитаемой 3,506558 0,000254
нивх 2,525729 0,000183
нижнедевицкий 3,912023 0,000566
нижний 0,494296 0,000107
низовье 1,966113 0,000285
никитин 2,302585 0,000167
никитина 2,302585 0,001333
никитину 3,912023 0,000283
никиты 2,813411 0,000204
николаевич 1,309333 0,000095
николаевиче 3,912023 0,000283
николаем 2,302585 0,000167
николай 0,867501 0,000063
николая 0,916291 0,000199
никольская 2,525729 0,000548
никольское 2,813411 0,000204
никонов 2,525729 0,000183
ништадтскому 3,218876 0,000233
нквд 2,813411 0,000204
нобелевский 2,207275 0,000479
новгород 0,867501 0,000188
нововоронеж 3,506558 0,000508
новое 0,287682 0,000125
новоникольское 2,995732 0,000217
новороссийск 1,966113 0,000142
новосибирск 0,916291 0,000133
новосибирский 1,714798 0,000124
новосозданному 3,912023 0,000283
новость 0,544727 0,000158
новоусманский 3,912023 0,000566
новохоперск 3,912023 0,000283
новохоперский 3,912023 0,000283
новый 0,083382 0,000115
нога 2,995732 0,000434
ногаец 1,771957 0,000128
номер 0,634878 0,000322
номинал 1,771957 0,000128
норвежский 0,248461 0,000018
норма 0,597837 0,000043
нормальный 2,302585 0,000333
носить 0,798508 0,000058
нояб 0,820981 0,000119
ноябрь 0,127833 0,000398
нпо 2,207275 0,000320
нужный 1,771957 0,000128
ныне 0,653926 0,000379
нынешний 1,021651 0,000074
оао 0,916291 0,000332
оба 0,597837 0,000087
обеспечение 0,634878 0,000046
обитать 1,469676 0,000106
обком 2,207275 0,000160
обл 1,714798 0,000124
обладать 0,843970 0,000061
областной 0,994252 0,001799
область 0,150823 0,000546
областьгорода 1,309333 0,000095
облик 1,203973 0,000087
обмеление 2,813411 0,000204
обнаружить 1,021651 0,000074
обновить 1,203973 0,000087
обновление 1,203973 0,000174
обновлениявикипедия 1,771957 0,000128
обозначать 1,609438 0,000116
оборона 1,108663 0,000642
оборонительный 1,660731 0,000120
оборонять 2,525729 0,000183
оборудование 0,653926 0,000095
обрабатывать 1,049822 0,000076
образование 0,356675 0,000594
образовательный 0,891598 0,000129
образовать 0,385662 0,000251
образоваться 0,967584 0,000140
обратить 1,966113 0,000142
обратно 1,714798 0,000124
обратное 2,659260 0,000192
обращение 0,030459 0,000344
обстоятельство 2,040221 0,000148
обучаться 1,560648 0,000339
обширный 1,078810 0,000078
общее 0,301105 0,000022
общеобразовательный 1,021651 0,000148
общественно-политических 2,525729 0,000183
общественный 0,494296 0,000394
общество 0,415515 0,000060
общий 0,186330 0,000054
община 1,078810 0,000312
объединение 0,776529 0,000225
объездной 1,897120 0,000137
объект 0,235722 0,000102
объектив 3,218876 0,000233
объем 0,400478 0,000203
обязанность 1,347074 0,000390
обязать 1,609438 0,000116
огонь 1,139434 0,000082
ограда 2,302585 0,000167
ограничить 0,653926 0,000047
одесса 2,207275 0,000160
одим 3,912023 0,000283
один 0,051293 0,000022
одинаковый 1,714798 0,000124
однако 0,174353 0,000038
одноименный 0,967584 0,000070
озеленить 2,995732 0,000434
озеро 0,673345 0,000097
озерова 3,506558 0,000254
ознаменование 2,407946 0,000174
ойконим 3,506558 0,000254
оказать 1,427116 0,000207
оказаться 0,820981 0,000178
оказывать 0,867501 0,000314
окато 0,820981 0,000178
окко 3,912023 0,000283
оккупация 2,207275 0,000320
оккупировать 2,207275 0,000160
окончание 1,309333 0,000095
окончательно 1,203973 0,000087
окончательный 1,897120 0,000137
окраина 1,049822 0,000380
окрестность 0,941609 0,000068
округ 0,562119 0,001750
окружать 0,755023 0,000055
окружение 2,207275 0,000479
окружить 1,771957 0,000128
окружной 1,609438 0,000466
оксана 2,995732 0,000217
окско-донская 3,912023 0,000283
окско-донской 3,506558 0,000508
окт 0,798508 0,000116
октмо 0,843970 0,000061
октябрь 0,072571 0,000215
октябрьский 0,776529 0,000056
олимпийский 1,108663 0,000160
олимпик 3,912023 0,000283
ольга 1,347074 0,000098
ольховатский 3,912023 0,000283
омон 3,218876 0,000233
омск 1,021651 0,000074
омская 2,407946 0,000349
онлайн 0,198451 0,000014
ооо 0,843970 0,000183
опер 1,469676 0,000106
оператор 0,941609 0,000409
операция 0,776529 0,000112
описание -0,009950 -0,000002
опора 2,407946 0,000349
определить 0,527633 0,000038
определять 0,867501 0,000063
определяться 1,078810 0,000078
опрокинуть 3,218876 0,000233
опускаться 1,714798 0,000124
опустошить 3,218876 0,000233
опция 3,506558 0,000254
опытный 1,108663 0,000160
орган 0,616186 0,000624
организатор 1,771957 0,000257
организация -0,009950 -0,000005
орден 0,891598 0,000645
орденский 3,912023 0,000566
орджоникидзе 2,040221 0,000295
орел 1,386294 0,000502
оригинал 0,139262 0,000433
оригинальное 2,302585 0,000167
ориентирование 3,506558 0,000761
оркестр 1,386294 0,000100
орленок 2,995732 0,000434
ортодоксальный 3,218876 0,000233
ортпц 2,407946 0,000523
орудие 1,897120 0,000137
оружие 1,203973 0,000261
осада 1,897120 0,000275
осадить 2,995732 0,000217
осадок 0,544727 0,000079
осадчая 3,506558 0,000254
осадчий 3,912023 0,000283
осваивать 2,813411 0,000204
освободить 1,832581 0,000265
освобождение 1,514128 0,000219
освоение 1,309333 0,000095
освоить 2,525729 0,000183
освятить 1,560648 0,000113
осень 0,941609 0,000068
осеред 3,912023 0,000283
осетин 1,771957 0,000128
осипов 0,527633 0,000076
осипова 3,912023 0,000283
осквернить 3,506558 0,000254
оскол 2,813411 0,000204
оскола 3,912023 0,000283
османский 2,813411 0,001222
осмотр 3,506558 0,000254
оснастить 1,714798 0,000124
основа 0,210721 0,000153
основание 0,494296 0,000286
основатель 0,967584 0,000140
основать 0,274437 0,000219
основное 0,235722 0,000119
основной 0,040822 0,000083
основоположник 2,995732 0,000217
осоавиахим 3,912023 0,000283
особенно 0,562119 0,000041
особенность 0,693147 0,000050
особняк 1,771957 0,000128
особо 1,237874 0,000179
особый 0,776529 0,000112
оспорить 2,995732 0,000217
оставаться 0,544727 0,000079
оставить 1,427116 0,000103
остальной 0,616186 0,000089
остаться 0,867501 0,000188
островок 2,995732 0,000217
острогожск 3,912023 0,000283
острогожский 3,912023 0,000566
остролистный 3,506558 0,000254
осуществить 1,237874 0,000269
осуществлять 0,597837 0,000087
осуществляться 0,616186 0,000089
отбывать 3,506558 0,000254
ответ 0,941609 0,000136
ответственность -0,009950 -0,000001
отгрузить 1,386294 0,000100
отдалить 2,302585 0,000167
отдел 1,171183 0,000170
отделение 0,713350 0,000052
отдельный -0,009950 -0,000003
отдых 0,941609 0,000136
отечественный 0,634878 0,000781
отечество 1,966113 0,000285
отказ -0,009950 -0,000001
отказаться 1,427116 0,000103
откладываться 2,995732 0,000217
открываться 1,347074 0,000098
открытие 0,616186 0,000134
открыто 1,078810 0,000156
открыть 0,150823 0,000098
открыться 0,820981 0,000238
отличаться 0,342490 0,000074
отменить 1,427116 0,000310
отметить 0,616186 0,000089
отметка 1,386294 0,000100
отмечать 1,078810 0,000078
относительно 0,415515 0,000030
относиться 0,328504 0,000024
отношение 0,430783 0,000125
отписка 3,912023 0,000283
отправить 1,560648 0,000452
отправлять 2,040221 0,000148
отпуск 2,995732 0,000434
отпустить 3,218876 0,000233
отражать 1,309333 0,000095
отразиться 2,659260 0,000385
отрасль 0,653926 0,000047
отредактировать -0,009950 -0,000004
отремонтировать 2,407946 0,000523
отреставрировать 2,040221 0,000148
отрожек 3,912023 0,000283
отроженские 3,912023 0,000283
отроженский 3,912023 0,000283
отрожкой 3,912023 0,000283
отрожские 3,912023 0,000283
отряд 1,272966 0,000276
отставлять 3,912023 0,000283
отсутствие 0,891598 0,000129
отсутствовать 0,776529 0,000169
отход 1,514128 0,000219
офис 1,560648 0,000113
офицер 1,660731 0,000841
официально 0,693147 0,000151
официальный 0,356675 0,000129
оформить 1,514128 0,000110
охрана 0,843970 0,000244
охранный 2,659260 0,000192
охранять 1,427116 0,000103
оцениваться 1,560648 0,000113
оценка 0,400478 0,000116
очень 0,494296 0,000072
очередь 0,510826 0,000037
очерк 0,733969 0,000159
очистка 1,771957 0,000128
ошибка 0,994252 0,000144
ошибкекак -0,009950 -0,000001
павел 1,078810 0,000078
павловича 2,813411 0,000407
павловск 3,218876 0,000699
павловский 2,302585 0,000167
пады 3,506558 0,000254
пакистанец 2,120264 0,000153
палата 1,347074 0,000390
памятник 0,597837 0,002553
памятники-образцы 3,912023 0,000283
памятный 0,798508 0,000173
память 0,820981 0,000475
панино 3,506558 0,000254
панинский 3,912023 0,000283
панинского 3,912023 0,000283
панова 3,506558 0,002792
парад 1,771957 0,000257
парашют 3,912023 0,000849
парашютный 3,912023 0,000566
парить 3,506558 0,000254
парк 0,653926 0,001041
парковый 1,609438 0,000116
партия 1,514128 0,000329
партнерство 1,771957 0,000128
парус 2,207275 0,000479
парусный 2,207275 0,000320
пассажирский 0,941609 0,000204
патриот 2,659260 0,000192
пед 3,506558 0,000508
педагогический 0,867501 0,000251
пенза 1,108663 0,000080
пензенской 2,813411 0,000204
первое 0,150823 0,000338
первомайский 1,347074 0,000098
первый 0,162519 0,000306
перевезти 1,897120 0,000412
перевести 0,994252 0,000072
переводчик 2,995732 0,000217
перевозка 0,891598 0,000129
передать 0,798508 0,000116
передача 1,078810 0,000078
передел 3,912023 0,000283
переждать 3,912023 0,000283
переименовать 0,941609 0,000204
перейти -0,009950 -0,000004
переключение 2,813411 0,000204
перелыгиной 3,912023 0,000283
переместиться 2,525729 0,000183
перенести 0,994252 0,000144
переписной 1,714798 0,000372
перепись 0,755023 0,000820
переправа 1,514128 0,000329
перестать 1,714798 0,000124
переть 1,108663 0,000241
переходить 1,237874 0,000090
перечень 1,108663 0,000080
пери 3,912023 0,000283
период 0,274437 0,000139
периодический 1,560648 0,000452
пермь 0,994252 0,000072
перс 1,897120 0,000137
персона 2,995732 0,000217
персоналия 2,407946 0,000349
персональный -0,009950 -0,000001
перспектива 1,049822 0,000228
песнь 1,469676 0,000106
песок 1,714798 0,000372
песчанка 2,813411 0,000815
песчаный 1,771957 0,000641
петр 1,108663 0,000160
петра 1,078810 0,000937
петрин 3,506558 0,000508
петрина 3,912023 0,000283
петрить 1,714798 0,000993
петрович 1,897120 0,000137
петровский 1,514128 0,000548
петрограде 2,813411 0,000204
петрозаводск 2,407946 0,000174
петропавловск-камчатский 2,407946 0,000174
петропавловский 2,525729 0,000183
печальный 3,506558 0,000254
печататься 2,407946 0,000174
печатный 1,021651 0,000074
печать -0,009950 -0,000001
пешеход 2,995732 0,000217
пешеходный 1,560648 0,000113
пилон 3,218876 0,000233
пионер 1,427116 0,000103
пирамидальный 3,218876 0,000233
писатель 0,916291 0,000133
писательница 3,506558 0,000254
писать 0,820981 0,000119
письменность 2,407946 0,000349
письмо 1,237874 0,000358
питание 1,171183 0,000170
питьевой 1,897120 0,000275
пихта 2,407946 0,000174
пищевой 0,916291 0,000199
плавленый 3,506558 0,000254
плакучий 3,912023 0,000283
план 0,527633 0,000229
планирование 1,427116 0,000103
планировать 1,272966 0,000092
планироваться 0,891598 0,000065
планировка 1,427116 0,000413
плато 2,040221 0,000148
платонов 2,813411 0,000407
платонова 3,506558 0,000508
платоновский 3,218876 0,000466
платонову 3,912023 0,000283
платформа 1,049822 0,000152
плацдарм 2,995732 0,000434
племя 1,514128 0,000110
пленник 3,912023 0,000283
пленный 2,525729 0,000548
плеханов 3,218876 0,000699
плеханова 2,302585 0,000167
плоскоравнинный 3,912023 0,000283
плот 3,506558 0,000254
плотина 1,514128 0,000329
плотность 0,634878 0,000046
плохое 2,525729 0,000183
площадка 0,867501 0,000188
площадь 0,385662 0,000558
плюс 1,272966 0,000092
победа 0,755023 0,000273
победитель 1,514128 0,000110
победить 1,609438 0,000116
побережье 1,171183 0,000085
побратим 1,514128 0,000110
побудить 3,218876 0,000233
поведение -0,009950 -0,000001
повислый 3,218876 0,000233
поворино 3,912023 0,000283
поворинский 3,912023 0,000283
повторить 2,207275 0,000160
погибший 1,203973 0,000087
поглотить 2,207275 0,000160
погода 0,693147 0,000050
погром 2,813411 0,000204
подавление 2,525729 0,000183
подарок 2,525729 0,000183
подача 2,207275 0,000320
подбить 3,912023 0,000283
подвергнуть 2,813411 0,000204
подвиг 2,040221 0,000148
подводной 1,514128 0,000219
подводный 2,813411 0,000204
подворонежья 3,912023 0,000283
подгоренский 3,912023 0,000283
подгоренское 3,912023 0,000283
подгорный 2,813411 0,000407
подготовить 1,386294 0,000100
подготовка 0,916291 0,000464
поддержать 1,966113 0,000142
поддержка 0,653926 0,000237
поджечь 2,995732 0,000217
подземный 1,469676 0,000106
подколзин 3,912023 0,000283
подлинное 3,912023 0,000283
подниматься 1,427116 0,000103
поднять 1,609438 0,000116
подняться 1,660731 0,000120
подонье 3,506558 0,000508
подпирать 3,912023 0,000283
подписать 0,941609 0,000273
подпольный 2,407946 0,000174
подход 0,994252 0,000144
подчиняться 1,660731 0,000361
подъем 1,386294 0,000100
пожаловать 2,207275 0,000479
пожар 1,171183 0,000254
пожертвование 2,407946 0,000174
пожертвовать 2,995732 0,000217
позволить 0,967584 0,000210
позволять 0,462035 0,000033
поздний 1,171183 0,000085
позиционный 3,506558 0,000254
позиция 1,347074 0,000098
поиск -0,009950 -0,000004
пока 0,843970 0,000122
показатель 0,494296 0,000394
показать 0,891598 0,000065
покров 0,843970 0,000061
покровского 2,407946 0,000174
покрывать 2,407946 0,000174
покрыть 1,309333 0,000095
пол 0,446287 0,000291
полдень 0,916291 0,000066
полигон 2,120264 0,000460
политик -0,009950 -0,000002
политико-экономический 3,912023 0,000283
политический 0,597837 0,000173
полк 1,469676 0,000957
полковник 1,771957 0,000128
полномочие 1,203973 0,000261
полностью 0,400478 0,000174
полный 0,328504 0,000048
половина 0,430783 0,000062
половодье 2,207275 0,000160
положение 0,415515 0,000180
полтавский 3,218876 0,000233
полтавы 3,912023 0,000283
полтора 2,040221 0,000148
полуостров 1,171183 0,000085
получать 0,916291 0,000066
получение 1,203973 0,000174
получить 0,150823 0,000153
польной 3,506558 0,000254
польский 1,347074 0,000390
поляк 0,820981 0,000119
полярный 1,347074 0,000098
помельников 3,912023 0,000283
поменяться 3,912023 0,000283
помешать 2,659260 0,000192
помимо 0,562119 0,000041
помочь 1,171183 0,000085
помощь 0,342490 0,000198
понести 2,813411 0,000204
понизить 2,813411 0,000204
пономарева 2,813411 0,000204
пообещать 2,995732 0,000217
поп 1,966113 0,002988
попадать 1,771957 0,000128
попов 2,207275 0,000479
попов-шаман 3,912023 0,000283
популярный 0,891598 0,000065
популяция 2,407946 0,000174
попутный 3,912023 0,000283
попытаться 2,407946 0,000174
пора 0,776529 0,000393
поражение 1,897120 0,000137
порода 1,427116 0,000207
порох 3,912023 0,000283
портал 0,342490 0,000099
порядковый 1,609438 0,000116
порядок 0,994252 0,000072
посвятить 0,634878 0,000092
поселение 0,634878 0,000460
поселок 0,634878 0,000460
посетить 1,203973 0,000087
посещать 1,560648 0,000339
последнее 0,843970 0,000061
последний -0,009950 -0,000006
послесл 3,912023 0,000566
пособие 1,514128 0,000329
посол 2,813411 0,001222
посольство 1,897120 0,000137
поспелов 1,021651 0,000074
пост 1,078810 0,000078
постав 3,506558 0,000508
поставить 1,021651 0,000296
поставлять 2,525729 0,000183
постановить 2,407946 0,000174
постановление 0,891598 0,000065
постепенно 0,867501 0,000063
постоянный 0,579818 0,000210
пострадать 1,660731 0,000361
построить 0,301105 0,000610
постройка 0,867501 0,000063
поступать 1,609438 0,000233
поступить 2,302585 0,000167
потапова 3,912023 0,000283
потерпеть 2,407946 0,000174
потерять 1,386294 0,000100
потонуть 3,506558 0,000254
потратить 2,040221 0,000148
потребитель 1,771957 0,000128
потреблять 2,407946 0,000174
потребовать 2,040221 0,000148
поход 1,203973 0,000261
почва 1,272966 0,000553
почвоведение 3,506558 0,000254
почетный 0,820981 0,000654
почта 1,309333 0,000284
почтамт 2,659260 0,000962
почтово-кассовый 3,912023 0,000283
почтовый 0,653926 0,000426
поэзия 2,407946 0,000174
поэт 1,049822 0,000456
поэтех 3,912023 0,000283
поэтому 0,616186 0,000223
появиться 0,248461 0,000144
появление 0,653926 0,000047
пояс 0,597837 0,000043
правда 0,820981 0,000059
правдивцев 3,912023 0,000283
правило 0,478036 0,000035
правильно 2,302585 0,000167
правительственный 1,832581 0,000133
правительство 0,510826 0,000259
править -0,009950 -0,000098
правка 0,274437 0,000040
правкиновые -0,009950 -0,000001
правкипостоянная -0,009950 -0,000001
право 0,314711 0,000114
правобережный 1,832581 0,000398
правонарушение 2,995732 0,000217
православный 0,755023 0,000437
правосудие 2,407946 0,000174
правый 0,798508 0,000116
праге 3,912023 0,000283
праздник 1,203973 0,000174
празднование 1,309333 0,000569
праздноваться 2,302585 0,000333
практически 0,755023 0,000055
превышать 0,673345 0,000097
превышение 1,660731 0,000120
предводительство 1,897120 0,000137
предел 0,400478 0,000029
предельно-допустимых 3,506558 0,000254
предестинация 3,912023 0,002265
предлагать 1,514128 0,000110
предлагаться 1,966113 0,000142
предмет 0,713350 0,000052
предназначить 1,139434 0,000082
предоставить 1,714798 0,000124
предоставление 1,609438 0,000116
предоставлять 0,713350 0,000052
предотвратить 2,813411 0,000204
предотвращение 2,302585 0,000167
предположительно 1,966113 0,000142
предположить 2,302585 0,000333
предприятие 0,527633 0,000878
председатель 0,916291 0,000199
представитель 0,653926 0,000189
представительный 1,237874 0,000090
представительство 0,994252 0,000072
представить 0,328504 0,000166
представиться -0,009950 -0,000001
представлять 0,328504 0,000095
прежде 1,049822 0,000076
президент 0,597837 0,000130
президиум 1,171183 0,000509
преимущественно 0,776529 0,000056
прекратить 0,916291 0,000133
прекратиться 2,407946 0,000174
прекращение 1,771957 0,000128
премия 1,272966 0,000092
премьер-лиге 2,813411 0,000204
преображенском 3,218876 0,000233
преобразовать 0,967584 0,000210
преодоление 2,407946 0,000174
пресвятой 1,272966 0,000184
пресс 1,272966 0,000276
пресс-конференция 2,525729 0,000183
пресс-релиз 2,525729 0,000183
пресс-центр 2,995732 0,000217
приблизительно 1,514128 0,000110
приблизить 2,813411 0,000204
прибытие 1,897120 0,000137
прибыть 1,514128 0,000110
привести 0,356675 0,000026
привлечь 2,040221 0,000295
привозиться 3,912023 0,000283
приговор 2,813411 0,000611
пригожина 3,218876 0,000233
пригородный 0,967584 0,000070
приготовить 3,506558 0,000254
придача 3,506558 0,000254
придаченский 3,912023 0,000283
придаченской 3,912023 0,000283
придонский 3,912023 0,000283
приезжать 2,040221 0,000295
приезжий 2,813411 0,000204
приемопередающий 3,912023 0,000283
приехать 2,040221 0,000148
приз 2,207275 0,000160
призвук 3,912023 0,000283
признак 1,714798 0,000124
признание 0,867501 0,000063
признать 0,494296 0,000036
приказ 1,203973 0,000523
прилагательное 2,659260 0,000385
прилегать 1,237874 0,000090
приложение 0,733969 0,000053
прим 2,407946 0,002266
применять 0,510826 0,000074
пример 0,527633 0,000076
примерно 0,634878 0,000046
примечание -0,009950 -0,000002
примечанияхвикипедия 2,407946 0,000174
принадлежность 1,272966 0,000276
принести 2,120264 0,000153
принимать 0,634878 0,000092
приниматься 2,120264 0,000153
принцип 0,867501 0,000063
принять 0,248461 0,000090
приостановить 1,609438 0,000233
природа 0,653926 0,000142
природно-историческую 3,912023 0,000283
природный 0,510826 0,000222
присвоение 1,139434 0,000247
присвоить 0,798508 0,000405
присоединение 1,469676 0,000106
присоединиться 2,525729 0,000183
присутствие 1,514128 0,000110
присутствовать 1,021651 0,000148
присяга 2,659260 0,000192
присягать 3,912023 0,000283
приток 1,078810 0,000312
притяжательный 3,506558 0,000254
приход 1,108663 0,000321
приходиться 0,693147 0,000050
причем 0,994252 0,000072
причина 0,562119 0,000081
причислить 2,525729 0,000183
пришествие 3,506558 0,000254
проблема 0,274437 0,000159
проведение 0,673345 0,000097
проверить 0,478036 0,000035
проверка 0,843970 0,000061
проверять 0,820981 0,000238
проверяться 1,714798 0,000124
провести 0,579818 0,000294
провинция 1,309333 0,000095
проводиться 0,653926 0,000142
проводной 2,040221 0,000148
прогиб 2,995732 0,000434
прогноз 1,427116 0,000103
программа 0,415515 0,000120
прогреваться 2,407946 0,000174
прогресс 1,309333 0,000095
прогулка 1,609438 0,000116
продажа 1,514128 0,000110
продержаться 3,506558 0,000254
продовольственный 1,832581 0,000133
продовольствие 2,995732 0,000867
продолжать 1,049822 0,000152
продолжить 1,771957 0,000257
продукт 0,634878 0,000046
продукция 0,941609 0,000273
проект -0,009950 -0,000006
проживать 0,776529 0,000112
прозрачность 2,302585 0,000167
произведение 1,021651 0,000074
производитель 1,309333 0,000095
производить 0,916291 0,000066
производиться 1,108663 0,000080
производственный 1,078810 0,000078
производство 0,527633 0,000344
произношение 2,659260 0,000192
произойти 0,430783 0,000249
происходить 0,328504 0,000024
пройти 0,544727 0,000197
прокурор 2,995732 0,000217
пролетарий 3,506558 0,000254
пролетать 3,506558 0,000254
промышленность 0,494296 0,000465
промышлять 0,462035 0,000167
проникновение 1,832581 0,000133
пропагандист 3,218876 0,000233
прорвать 3,218876 0,000233
пророк 2,407946 0,000349
прорыв 2,525729 0,000183
просмотр -0,009950 -0,000001
проспект 0,891598 0,000581
просуществовать 2,120264 0,000153
протекать 1,108663 0,000080
протест 1,966113 0,000142
против 0,798508 0,000173
противопожарный 3,218876 0,000233
противостоять 2,995732 0,000217
проток 1,660731 0,000120
протяжение 0,843970 0,000183
протяженность 0,776529 0,000056
профессиональный 0,733969 0,000053
профессор 0,967584 0,000350
профиль 1,427116 0,000103
профсоюз 2,407946 0,000349
проходимость 3,506558 0,000254
проходить 0,462035 0,000268
прохожий 3,506558 0,000254
прохоров 1,078810 0,000078
процент 1,427116 0,000103
процесс 0,415515 0,000030
процессор 2,207275 0,000160
прочее 0,544727 0,000039
прошлое 0,673345 0,000097
проявить 2,120264 0,000460
пруд 1,609438 0,000233
пружинка 3,912023 0,000283
прыгнуть 3,912023 0,000566
прыжок 2,302585 0,000667
прытков 3,912023 0,000849
пряхин 3,506558 0,000254
псков 2,207275 0,000160
птица 1,272966 0,000184
публикация 1,272966 0,000092
пуд 3,218876 0,001398
пулеметный 3,506558 0,000254
пульвер 3,912023 0,000849
пункт 0,494296 0,000537
пустить 1,514128 0,000110
пусто 3,218876 0,000233
путеводитель 0,713350 0,000052
путина 1,386294 0,000100
путь 0,261365 0,000019
пушечный 2,995732 0,000434
пушкин 0,916291 0,000066
пытаться 1,237874 0,000090
пьедестал 2,995732 0,000217
пятизвездочный 3,506558 0,000254
пятизначный 3,912023 0,000283
пятый 0,994252 0,000072
пять 0,693147 0,000151
работа 0,127833 0,000037
работать 0,314711 0,000205
рабочий 0,597837 0,000043
равнина 0,867501 0,000188
равный 1,203973 0,000349
радиовещательный 1,897120 0,000275
радиостанция 1,021651 0,000296
радиотехник 2,995732 0,000217
радиоэлектронный 2,207275 0,000479
радуга 2,813411 0,000204
разбойный 3,218876 0,000233
развиваться 0,597837 0,000130
развитие 0,127833 0,000120
развить 0,616186 0,000045
разводиться 3,506558 0,000254
развязка 1,469676 0,000213
разгон 2,995732 0,000217
разгромить 3,218876 0,000233
раздел 0,342490 0,000198
разделить 0,527633 0,000076
разделиться 2,813411 0,000204
разженное 3,912023 0,000283
разина 2,207275 0,000160
разлив 2,207275 0,000160
различный 0,116534 0,000017
разместить 1,108663 0,000080
размещаться 1,560648 0,000113
размещение 0,673345 0,000097
размножение 2,659260 0,000192
разногласие 1,714798 0,000124
разнообразный 1,139434 0,000082
разный 0,314711 0,000046
разработать 0,616186 0,000178
разработчик -0,009950 -0,000001
разрушаться 2,813411 0,000204
разрушение 1,560648 0,000226
разрушить 1,139434 0,000330
разрывать 2,813411 0,000204
разряд 2,040221 0,000148
разрядный 2,813411 0,000204
разуваев 3,912023 0,000283
разукрупнение 3,218876 0,000233
район 0,430783 0,001247
райцентр 0,941609 0,000068
ракета-носитель 2,813411 0,000815
ракетно-космической 3,218876 0,000233
ракетный 2,407946 0,000523
ракообразные 2,995732 0,000217
рамони 3,912023 0,000283
рамонский 3,912023 0,000566
рамонь 3,506558 0,000254
ранг 2,525729 0,000548
ранговый 3,912023 0,000283
ранение 2,995732 0,000434
раненый 2,659260 0,000192
ранить 2,659260 0,000385
ранний 0,733969 0,000053
рано 0,261365 0,000019
ранхигс 2,302585 0,000167
раскол 2,995732 0,000217
раскольник 3,506558 0,000254
раскрыть 2,302585 0,000167
распад 1,514128 0,000110
распадаться 3,506558 0,000254
располагаться 0,544727 0,000355
расположение 0,776529 0,000112
расположить 0,385662 0,000195
распоряжение 1,139434 0,000165
распределить 0,693147 0,000050
распространение 0,891598 0,000065
распространить 0,616186 0,000045
распространять 2,659260 0,000192
распространяться 1,272966 0,000092
расследование 2,525729 0,000183
рассматриваться 1,203973 0,000174
рассмотрение 2,040221 0,000148
расстояние 0,713350 0,000155
расстрелять 1,966113 0,000285
расти 0,941609 0,000204
растительность 1,309333 0,000284
расторгуев 3,912023 0,000849
расход 1,347074 0,000098
расчет 0,820981 0,000059
расчистка 3,218876 0,000233
расширение 0,415515 0,000060
расширить 0,967584 0,000070
рачок 3,218876 0,000233
ргсу 3,506558 0,000254
реализация 0,798508 0,000116
реализовать 0,673345 0,000049
реверс 2,813411 0,000204
революционный 1,386294 0,000201
революция 0,562119 0,000325
регион 0,385662 0,000084
региональный 0,634878 0,000184
регионгаздеталь 3,912023 0,000283
регулярный 0,798508 0,000289
ред 0,235722 0,000188
редактор 1,427116 0,000310
редактора-издателя 3,912023 0,000283
редакция 0,916291 0,000133
редкий 1,237874 0,000090
режим 0,653926 0,000047
резерв 1,514128 0,000110
резкий 1,386294 0,000100
резко 0,967584 0,000070
результат 0,174353 0,000114
рейс 1,171183 0,000254
рейтин 3,912023 0,000283
рейтинг 0,967584 0,000210
река 0,446287 0,001066
рекламный 1,966113 0,000142
рекомендация 0,776529 0,000225
реконструировать 1,237874 0,000179
реконструкция 0,820981 0,000297
рекруты-новобранцы 3,912023 0,000283
религия 0,755023 0,000164
рельеф 0,798508 0,000289
рельс 2,995732 0,000650
рельсовый 2,525729 0,000183
ремесленный 3,218876 0,000233
ремонт 1,139434 0,000082
реорганизация 2,207275 0,000320
репрессия 1,897120 0,000137
репродукция 3,218876 0,000233
репьевский 3,912023 0,000283
реставрация 2,120264 0,000460
ресурс 0,020203 0,000010
ретрансляция 2,525729 0,000183
референдум 2,040221 0,000148
реформа 1,108663 0,000241
рецензент 2,659260 0,000192
речка 1,427116 0,000103
речной 0,693147 0,000201
речь 1,514128 0,000219
решение 0,328504 0,000190
решить 0,941609 0,000068
ржд 1,832581 0,000133
ржев 1,771957 0,000128
римско-католический 1,832581 0,000133
ркка 1,966113 0,000285
родильный 2,525729 0,000183
родина 1,108663 0,000321
родиться 1,237874 0,000448
родник 2,407946 0,000523
родной 1,609438 0,000699
родственник 2,659260 0,000192
рождение 1,078810 0,000156
роза 0,916291 0,000066
розничный 1,171183 0,000170
розыгрыш 3,506558 0,000254
роль 0,494296 0,000072
роман 1,237874 0,000269
романовича 3,506558 0,000254
рон 3,912023 0,000283
роскомнадзор 3,218876 0,000233
роспотребнадзора 3,506558 0,000761
россиигорода 1,309333 0,000095
россиигорода-миллионеры 2,813411 0,000204
россиипоявились 3,218876 0,000233
российский 0,105361 0,000595
российско-германский 3,912023 0,000283
российско-иранских 3,912023 0,000283
российско-украинской 1,108663 0,000080
россия 0,174353 0,000757
россошанский 3,912023 0,000283
россошь 3,912023 0,000283
росспэн 0,994252 0,000072
росстат 0,776529 0,000112
рост 0,597837 0,000043
ростелеком 1,386294 0,000301
ростиздат 3,218876 0,000233
ростов-на-дону 1,237874 0,000448
ротонда 2,407946 0,000174
рсфср 0,733969 0,000266
руб 1,171183 0,000085
рубеж 1,021651 0,000074
рубить 2,813411 0,000204
рубль 0,755023 0,000656
рудгормаш 3,912023 0,000283
руководитель 1,203973 0,000349
руководить 1,309333 0,000190
руководство 0,544727 0,000118
руль 3,218876 0,000233
румын 1,897120 0,000137
рус 0,162519 0,001306
русин 2,207275 0,000160
русс 2,302585 0,000167
русский -0,009950 -0,000035
русь 1,139434 0,000247
рутулец 1,897120 0,000137
ручей 1,771957 0,000257
рыба 1,514128 0,000110
рыбный 1,609438 0,000116
рынок 0,713350 0,000361
рыночный 1,771957 0,000128
рэу 2,813411 0,000204
рябина 2,813411 0,000204
ряд 0,223144 0,000081
рязанский 1,966113 0,000285
рязань 1,049822 0,000076
саам 2,995732 0,000217
сабурова 3,912023 0,000283
саввина 3,912023 0,000283
савостьянова 3,912023 0,000566
сад 0,843970 0,000305
садово-парковый 3,506558 0,000254
сайт 0,210721 0,000793
салоники 3,912023 0,000283
сам 0,162519 0,000024
самара 0,891598 0,000129
самовольный 3,912023 0,000283
самозванец 2,813411 0,000204
самолет 1,237874 0,000538
самолетостроительный 3,912023 0,000283
самоочищение 3,218876 0,000233
самостоятельно 2,120264 0,000153
самоуправление 0,891598 0,000323
самофалова 3,912023 0,000283
самсонов 3,218876 0,000233
самуила 3,912023 0,000283
самый 0,174353 0,000088
санаторий 1,714798 0,000124
санкт-петербург 0,616186 0,000268
саранск 2,302585 0,000167
саратов 0,967584 0,000140
сауна 3,912023 0,000283
сбор 1,347074 0,000098
сборник 0,597837 0,000216
сбросить 3,218876 0,000466
свалка 1,897120 0,000137
сведение 0,579818 0,000126
сверхзвуковой 3,912023 0,000566
сверхштатный 3,912023 0,000283
свет 0,941609 0,000068
светлана 2,302585 0,000167
светский 2,659260 0,000192
свинец 2,302585 0,000500
свобода 1,108663 0,000241
свободный -0,009950 -0,000001
свод 2,120264 0,000460
свое 0,287682 0,000083
свой 0,150823 0,000076
свойство 0,415515 0,000060
свыше 0,891598 0,000194
связать 0,174353 0,000050
связаться -0,009950 -0,000001
связывать 0,916291 0,000265
связь 0,174353 0,000278
святитель 1,897120 0,000824
свято 3,912023 0,000283
святой 0,755023 0,000219
священник 2,813411 0,000204
священный 1,897120 0,000687
сгореть 1,660731 0,000240
сдать 1,427116 0,000103
сделать 0,616186 0,000045
севастьяновский 3,912023 0,000283
север 0,527633 0,000038
северный 0,385662 0,000223
северо-восточный 1,386294 0,000100
сегодня 0,616186 0,000089
седьмой 1,139434 0,000082
сезон 0,916291 0,000265
сей 0,693147 0,000251
сейсмический 2,659260 0,000385
секретарь 1,660731 0,000361
сектор 1,049822 0,000152
селезнева 3,912023 0,000283
селение 1,832581 0,000133
селитра 3,912023 0,000566
село 0,891598 0,000387
сельский 0,634878 0,000368
сельскохозяйственный 0,941609 0,000136
сельхозтехника 2,659260 0,000192
семен 1,966113 0,000142
семизначный 2,659260 0,000192
семилуки 3,506558 0,000254
семилукский 3,912023 0,000566
семилукском 3,912023 0,000283
семинарий 1,386294 0,000301
семья 0,843970 0,000061
семя 2,659260 0,000192
сент 0,843970 0,000122
сентябрь 0,072571 0,000331
сера 2,302585 0,000333
серб 1,897120 0,000137
сервис 1,108663 0,000080
сергей 0,967584 0,000420
сергея 1,469676 0,000106
серебряный 0,891598 0,000065
середина 0,356675 0,000052
серийный 2,302585 0,000333
серия 0,713350 0,000258
серый 1,897120 0,000275
серьезно 1,897120 0,000137
серьезный 1,386294 0,000100
сестра 2,407946 0,000174
сетевой 1,049822 0,000076
сетка 2,407946 0,000174
сеть 0,356675 0,000181
сигнал 2,040221 0,000148
сидение 3,912023 0,000283
сила 0,494296 0,000107
сильно 0,755023 0,000109
символ 0,733969 0,000319
символизировать 1,469676 0,000213
символика 1,237874 0,000269
сименс 3,506558 0,000508
симферополь 1,897120 0,000137
синагога 1,347074 0,000098
синдякино 3,506558 0,000254
синема 1,771957 0,000128
система 0,051293 0,000052
системеобсуждениевкладсоздать -0,009950 -0,000001
сити-парк 3,912023 0,000283
ситуация 0,693147 0,000100
скай 3,506558 0,000254
скалолазание 3,506558 0,000508
скачать -0,009950 -0,000001
скважина 2,525729 0,000183
сквер 0,941609 0,000613
скворец 3,912023 0,000283
скляев 3,912023 0,000283
сковывать 3,912023 0,000283
сколько 0,653926 0,000047
скора 1,832581 0,000531
скорость 0,755023 0,000219
скрыть 2,207275 0,000160
скрыться 2,995732 0,000217
скульптор 1,237874 0,000179
скульптура 0,916291 0,000066
слава 0,941609 0,001090
славыкультурные 3,912023 0,000283
славянин 2,302585 0,000167
славянский 1,386294 0,000401
славянско-русской 3,912023 0,000283
следовать 0,235722 0,000051
слепой 1,771957 0,000257
сливен 3,912023 0,000283
слобода 1,347074 0,000390
словак 2,813411 0,000204
словарь 0,094311 0,000055
словарь-справочник 1,560648 0,000113
словенец 2,995732 0,000217
слово 0,210721 0,000275
слог 3,218876 0,000233
сложный 0,446287 0,000032
служба 0,527633 0,000611
случай -0,009950 -0,000003
случайно 2,813411 0,000204
случайный 2,302585 0,000167
смерть 1,609438 0,000349
смещение 0,733969 0,000106
сми 0,867501 0,000377
смирницкий 3,912023 0,000283
смоленск 2,040221 0,000148
смотр 2,995732 0,000217
смотри 3,506558 0,000254
смочь 1,203973 0,000436
смута 2,659260 0,000385
смутный 2,302585 0,000333
снабжение 2,040221 0,000148
снг 1,714798 0,000248
снгскрытые 3,506558 0,000254
снести 1,347074 0,000390
снизиться 1,609438 0,000233
снимать 2,525729 0,000183
снимок 1,660731 0,000120
снова 1,386294 0,000201
снос 1,897120 0,000275
сносить 3,218876 0,000233
сноска 0,733969 0,000478
сноскамистраницы 2,995732 0,000217
снять 1,237874 0,000090
собака 2,207275 0,000479
собирать 1,966113 0,000285
собор 0,733969 0,000425
собрание 0,634878 0,000138
собрать 1,386294 0,000201
собственный 0,446287 0,000129
событие 0,733969 0,000106
событияпожертвовать -0,009950 -0,000001
совершаться 2,120264 0,000153
совершить 0,994252 0,000072
совет 0,462035 0,000435
советский 0,261365 0,000322
совместный 1,514128 0,000219
совокупный 1,832581 0,000133
современный 0,150823 0,000186
согласно 0,301105 0,000262
согласование 2,207275 0,000160
содержание 0,010050 0,000001
содержать 0,634878 0,000046
соединять 1,108663 0,000080
созвездие 3,218876 0,000699
создаваться 1,078810 0,000078
создание 0,301105 0,000153
создатель 1,897120 0,000275
создать 0,210721 0,000290
сознание 1,897120 0,000137
сократить 1,560648 0,000113
солдат 1,469676 0,000106
солнечный 0,597837 0,000043
сомово 3,912023 0,000283
сомовская 3,912023 0,000283
сообщение 0,478036 0,000035
сообщить -0,009950 -0,000001
сооружение 0,733969 0,000159
соответствие 0,371064 0,000081
соответствовать 0,371064 0,000081
сопоставимый 2,302585 0,000167
сопредседатель 3,912023 0,000283
сопровождать 2,525729 0,000183
сопротивление 2,207275 0,000160
соревнование 1,108663 0,000160
сортировщик 3,912023 0,000283
соседний 1,203973 0,000087
сосна 1,897120 0,000549
сост 0,597837 0,000043
состав 0,248461 0,000216
составитель 2,207275 0,000160
составить 0,400478 0,000232
составлять 0,198451 0,000144
состояние 0,248461 0,000162
состоять 0,385662 0,000140
состояться 0,713350 0,000258
сосуд 3,912023 0,000283
сотни 1,427116 0,000103
сотрудничать 2,302585 0,000167
сотрудничество 1,078810 0,000078
сохранение -0,009950 -0,000001
сохранить 1,171183 0,000170
сохраниться 0,820981 0,000297
сохранять 1,427116 0,000103
сохраняться 1,108663 0,000160
социалист-революционер 3,912023 0,000283
социалистический 1,272966 0,000276
социально-гигиенического 3,912023 0,000566
социально-экономические 2,407946 0,000174
социально-экономического 1,237874 0,000179
социально-экономическом 2,525729 0,000183
сочить 1,514128 0,000110
союз 0,579818 0,000546
союзник 2,407946 0,000174
спад 2,120264 0,000307
спартак 1,771957 0,000257
спб 0,385662 0,000028
спектр 1,609438 0,000116
специализировать 0,994252 0,000072
специалист 0,755023 0,000273
специальность 1,832581 0,000265
специальный 0,415515 0,000241
спецназначения 3,506558 0,000254
список 0,210721 0,000107
спокойно 3,218876 0,000233
спорт 0,713350 0,000465
спорт-экспресс 3,506558 0,000508
спортивный 0,891598 0,000452
спортсмен 1,771957 0,000128
способность 1,139434 0,000082
способствовать 0,867501 0,000063
справка 1,203973 0,000174
справочник 0,798508 0,000116
справочно-энциклопедическое 3,912023 0,000566
спуск 1,897120 0,000137
спустить 2,995732 0,000217
сравнимый 2,813411 0,000204
сражение 2,120264 0,000307
среда 0,385662 0,000084
среди 0,198451 0,000144
средне-специальные 3,912023 0,000283
среднегодовой 0,776529 0,000225
среднее 0,342490 0,000198
среднерусский 2,813411 0,000815
средний 0,371064 0,000295
средство 0,287682 0,000042
срезневский 3,912023 0,000283
срезневского 3,912023 0,000283
сср 0,820981 0,000178
ссср 0,314711 0,000524
ссылка -0,009950 -0,000021
ссылкасведения -0,009950 -0,000001
ссылкойвикипедия 1,660731 0,000240
стабильно 2,407946 0,000174
ставка 2,120264 0,000153
стагнация 3,506558 0,000254
стадион 0,891598 0,000258
сталинград 2,995732 0,000217
сталинграда 2,813411 0,000204
сталинграду 3,506558 0,000254
сталь 0,415515 0,000211
стамбул 2,659260 0,000192
стандарт 0,867501 0,000126
станица 2,207275 0,000160
станкостроительный 2,407946 0,000174
становиться 0,415515 0,000090
становление 1,237874 0,000179
становой 2,525729 0,000183
станция 0,579818 0,000336
старина 2,525729 0,000183
старое 0,941609 0,000273
староконной 3,912023 0,000283
старообрядческий 1,427116 0,000103
староста 2,525729 0,000548
староюрьево 3,506558 0,000254
стартовать 1,714798 0,000248
старый 0,314711 0,000205
статистик -0,009950 -0,000009
статистический 0,713350 0,000929
статус 0,430783 0,000187
стать 0,083382 0,000187
статьислучайная -0,009950 -0,000001
статьисообществофорумсправкасвежие -0,009950 -0,000001
статья 0,020203 0,000056
статьяобсуждение -0,009950 -0,000001
статьятекущие -0,009950 -0,000001
стационарный 1,108663 0,000080
стачка 2,813411 0,000407
стеклотарный 3,912023 0,000283
стела 1,386294 0,000100
стен 0,967584 0,000140
степана 1,966113 0,000142
степень 0,673345 0,000146
стиль 0,673345 0,000390
стоить 0,891598 0,000129
стойкость 2,407946 0,000349
столетие 1,469676 0,000213
столица 0,755023 0,000273
столь 1,714798 0,000124
сторожевой 2,040221 0,000148
сторона 0,235722 0,000034
сторонник 2,407946 0,000174
страна 0,235722 0,000085
страница -0,009950 -0,000009
страницасодержаниеизбранные -0,009950 -0,000001
страницецитировать -0,009950 -0,000001
страницуполучить -0,009950 -0,000001
страницыслужебные -0,009950 -0,000001
стратегический 1,469676 0,000213
страшное 3,912023 0,000283
стрелковый 1,966113 0,000712
стрельба 2,407946 0,000174
стрелять 3,506558 0,000254
стремительно 2,302585 0,000167
строение 0,891598 0,000065
строительный 0,891598 0,000065
строительство 0,462035 0,000769
строить 1,309333 0,000095
строиться 0,693147 0,000151
строка 1,078810 0,000078
струг 3,218876 0,001398
структура 0,400478 0,000058
стс 1,714798 0,000124
студент 1,237874 0,000090
ступень 2,525729 0,000731
суббота 1,771957 0,000128
субъект 0,597837 0,000216
суд 0,693147 0,000201
судно 2,207275 0,000160
судьба 1,427116 0,000103
сукно 2,995732 0,000650
султан 2,525729 0,000183
сумма 1,386294 0,000100
суммарный 1,386294 0,000301
сумской 3,506558 0,000254
суперлига 1,560648 0,000339
супермаркет 2,207275 0,000160
сутки 1,427116 0,000103
суточный 0,755023 0,000219
суффикс 2,995732 0,000217
сушков 3,912023 0,000283
существенное 1,714798 0,000124
существование 0,693147 0,000050
существовать 0,020203 0,000015
сфера 0,562119 0,000203
сформировать 1,078810 0,000078
схема 0,916291 0,000066
схи 3,506558 0,000508
сценический 2,525729 0,000183
счет 0,562119 0,000081
считать 0,597837 0,000087
считаться 0,385662 0,000084
сша 0,562119 0,000081
съезд 1,560648 0,000339
сыр 3,218876 0,000233
сюдасвязанные -0,009950 -0,000001
табасаран 1,832581 0,000133
табачник 3,506558 0,000254
табл 0,867501 0,000063
таблица 0,544727 0,000197
тавровская 3,912023 0,000566
таганрог 2,407946 0,000174
таджик 1,272966 0,000092
тазеевич 3,912023 0,000283
тайер 3,912023 0,000283
тайна 1,897120 0,000137
такое 0,328504 0,000095
такой 0,162519 0,000047
такси 1,021651 0,000222
таловский 3,912023 0,000283
талыш 1,897120 0,000137
тамбов 2,302585 0,000333
тамбовский 2,659260 0,000192
танаис 3,218876 0,000233
танковый 2,302585 0,000333
танцевальный 2,525729 0,000183
таранченко 3,912023 0,000283
тариф 2,120264 0,000153
тарутинский 3,912023 0,000283
татарин 0,733969 0,000319
татарский 1,203973 0,000087
татьяна 1,609438 0,000233
ташкент 3,218876 0,000233
тбилиси 2,813411 0,000204
тбо 3,506558 0,000254
твердый 1,771957 0,000257
тверь 1,514128 0,000110
твой 2,207275 0,000320
творческий 1,309333 0,000379
театр 0,713350 0,000620
театральный 1,049822 0,000152
тег 1,897120 0,000137
текст -0,009950 -0,000001
телевидение 0,820981 0,000178
телевизионный 1,078810 0,000469
телеграмма 2,525729 0,000183
телеграф 2,120264 0,000153
телеграфный 2,525729 0,000183
телеканал 0,916291 0,000531
телефон 1,347074 0,000293
телефонный 0,776529 0,000506
тело 1,237874 0,000090
тематический 0,510826 0,000037
темахистория 2,813411 0,000204
темный 2,995732 0,000217
темп 1,347074 0,000098
температура 0,510826 0,000148
тенистый 3,506558 0,000508
теоретик 3,218876 0,000233
тепловозоремонтный 3,506558 0,000254
теплоснабжение 2,813411 0,000204
теракт 2,659260 0,000192
термин 0,198451 0,000014
терминал 1,347074 0,000098
терновский 3,912023 0,000283
терновый 3,912023 0,000283
терраса 1,897120 0,000137
территориальный 0,713350 0,000465
территория 0,356675 0,000491
террор 2,120264 0,000307
террористка 3,912023 0,000283
тесно 1,832581 0,000133
тестирование 2,040221 0,000148
техник 0,713350 0,000052
технический 0,462035 0,000033
технология 0,400478 0,000058
течение 0,314711 0,000091
течь 0,274437 0,000099
тил 3,912023 0,000283
тип 0,072571 0,000042
тираж 1,560648 0,000113
тиски 3,912023 0,000283
титкова 3,912023 0,000283
тихвин 2,813411 0,000204
тихвино-онуфриевский 3,912023 0,000283
ткачева 2,995732 0,000434
товар 0,916291 0,000066
товарищы 3,912023 0,000283
товарный -0,009950 -0,000001
товарооборот 2,302585 0,000167
толстый 1,309333 0,000095
толши 3,912023 0,000283
тольятти 1,514128 0,000110
тонна 1,108663 0,000321
тонносил 3,912023 0,000566
топографический 1,897120 0,000137
тополь 2,120264 0,000153
топоним 1,078810 0,000156
топонимика 1,897120 0,000137
топонимический 0,776529 0,000112
топонимия 2,120264 0,000153
торговля 0,579818 0,000168
торгово-развлекательных 2,659260 0,000385
торговый 0,597837 0,000130
торжественно 1,660731 0,000361
торжественный 1,309333 0,000284
трагедия 2,659260 0,000192
традиция 0,891598 0,000129
трактовка 3,218876 0,000233
трамвай 0,891598 0,000516
трамвайный 1,139434 0,000495
трансляция 1,897120 0,000137
транспорт 0,616186 0,000714
транспортный 0,616186 0,000446
трансформатор 3,506558 0,000254
трансформаторный 3,218876 0,000233
трасс 0,941609 0,000068
требование 0,967584 0,000070
требовать 0,562119 0,000041
третий 0,616186 0,000268
треть 1,237874 0,000090
третьяк 3,506558 0,000254
трехлетний 2,813411 0,000204
трехцветный 3,506558 0,000254
трехэтажный 3,218876 0,000233
тринадцать 2,995732 0,000217
триста 2,995732 0,000217
трк 1,771957 0,000128
трое 2,659260 0,000385
троицкий 1,560648 0,000113
троицкое 2,813411 0,000204
троицкую 3,506558 0,000254
тройной 3,218876 0,000233
троллейбус 0,867501 0,000188
троллейбусный 0,967584 0,000070
труба 2,207275 0,000160
труд 0,597837 0,000087
трудиться 1,560648 0,000113
трудность 1,966113 0,000142
трц 1,660731 0,000120
туапсе 1,897120 0,000137
тувинец 1,966113 0,000142
туда 2,525729 0,000183
тул 1,832581 0,000133
тулиновых 3,912023 0,000283
туполев 3,506558 0,000254
тур 1,609438 0,000116
турецкий 1,771957 0,000513
туризм 1,078810 0,000078
туристический 1,021651 0,000074
турка 1,469676 0,000106
турки-месхетинцы 2,525729 0,000183
туркмен 1,966113 0,000142
турнир 1,771957 0,000128
тушение 3,912023 0,000283
туя 3,912023 0,000283
тыс 0,430783 0,000281
тысяча 0,371064 0,000269
тяжело 3,218876 0,000233
тяжелый 1,108663 0,000241
тяжесть 2,302585 0,000167
тяжмехпресс 3,912023 0,000566
убежище 2,813411 0,000204
убийство 1,714798 0,000248
убить 1,897120 0,000137
уборка 2,407946 0,000174
убрать 1,609438 0,000233
увековечить 2,659260 0,000192
увеличение 0,733969 0,000106
углубленно 3,506558 0,000254
уголок 2,659260 0,000192
угроза 1,469676 0,000213
удалить 0,579818 0,000168
ударение 3,218876 0,000233
ударить 3,506558 0,000254
удаться 1,203973 0,000261
удин 2,525729 0,000183
удмурт 1,660731 0,000120
удовлетворительный 2,995732 0,000217
уезд 1,272966 0,000184
узбек 1,347074 0,000098
узел 0,527633 0,000038
уйгур 2,040221 0,000148
уйти 1,237874 0,000179
указ 0,733969 0,000691
указание -0,009950 -0,000001
указать 0,083382 0,000054
укв 2,407946 0,000174
укомплектовать 3,506558 0,000254
украина 0,527633 0,000076
украинец 0,867501 0,000188
украинский 1,469676 0,000319
улица 0,776529 0,001518
улично-дорожной 2,207275 0,000160
улучшение 1,309333 0,000190
улучшить 1,049822 0,000076
ульч 3,218876 0,000233
умеренно 1,021651 0,000074
умереть 1,309333 0,000190
ун-та 2,120264 0,000307
универсальный 0,544727 0,000079
университет 0,328504 0,000785
университетский 1,771957 0,000257
уничтожение 1,660731 0,000361
уничтожить 1,203973 0,000174
упасть 1,771957 0,000128
упоминание 0,967584 0,000070
управа 1,714798 0,000372
управление 0,248461 0,000126
управлять 0,967584 0,000070
уровень 0,150823 0,000033
уроженец 1,660731 0,000120
усадьба 1,832581 0,000398
усиление 1,832581 0,000133
усилие 1,660731 0,000240
условие -0,009950 -0,000003
услуга 0,755023 0,000492
усманка 3,912023 0,000283
усмань 3,506558 0,000508
успенский 1,237874 0,000090
успеть 2,302585 0,000333
успех 1,021651 0,000148
успешно 1,771957 0,000128
успешный 1,309333 0,000095
устав 0,843970 0,000428
уставить 3,912023 0,000283
устанавливать 1,966113 0,000142
установить 0,328504 0,000262
установление 1,021651 0,000074
устареть 0,941609 0,000068
устройство 0,527633 0,000038
устье 0,634878 0,000184
усугубить 3,506558 0,000254
утвердить 0,755023 0,000164
утверждать 1,660731 0,000120
утверждаться 2,302585 0,000167
утилизация 2,525729 0,000366
утратить 1,272966 0,000184
утро 1,771957 0,000128
уфа 0,967584 0,000070
уха 3,506558 0,000254
уход 2,659260 0,000192
уходить 1,386294 0,000301
ухожьев 3,912023 0,000283
уцелеть 2,302585 0,000167
участвовать 1,021651 0,000148
участие -0,009950 -0,000004
участник 0,510826 0,000111
участок 0,616186 0,000178
участь 3,506558 0,000254
учеба 2,407946 0,000174
учебник 1,609438 0,000349
учебно-методических 3,912023 0,000283
учебно-тренировочные 3,506558 0,000254
учебно-тренировочный 3,506558 0,000761
учебный 0,673345 0,000682
ученый 0,653926 0,000095
учет 0,597837 0,000130
учетный -0,009950 -0,000001
училище 0,967584 0,000140
учитель 1,427116 0,000207
учить 2,659260 0,000192
учиться 1,272966 0,000092
учредительный 2,659260 0,000385
учредить 1,108663 0,000481
учреждение 0,653926 0,000379
ущерб 1,897120 0,000137
фабрика 1,021651 0,000370
фабричный 3,218876 0,000233
файл 1,347074 0,000098
факел 2,995732 0,001301
фактически 0,916291 0,000066
фактический 1,660731 0,000120
факультет 1,514128 0,000219
фасад 1,897120 0,000137
фасмер 1,966113 0,000285
фасмера 2,659260 0,000192
фауна 1,108663 0,000160
фашизм 3,218876 0,000233
фгуп 1,771957 0,000385
февр 0,820981 0,000119
февраль 0,051293 0,000167
федеральный 0,462035 0,000736
федерация 0,510826 0,001257
федора 1,771957 0,000385
федорова 2,207275 0,000320
федоровича 2,813411 0,000611
федорову 3,506558 0,000254
фельдшерова 3,912023 0,000283
феодосия 1,966113 0,000142
феоктистов 3,912023 0,000283
феофилакта 3,912023 0,000283
фестиваль 1,021651 0,001109
фиалка 3,506558 0,000254
физик 1,309333 0,000284
физико-географический 0,693147 0,000151
физический 0,798508 0,000058
фиксировать 1,427116 0,000310
филармония 1,049822 0,000076
филателия 1,469676 0,000106
филиал 0,755023 0,000546
филиппа 3,912023 0,000283
филологический 3,218876 0,000466
филоненко 3,506558 0,000508
философ 2,120264 0,000153
фильм 1,049822 0,000076
финансово-бюджетной 3,912023 0,000283
финансовый 0,733969 0,000106
финансы 0,733969 0,000053
финишировать 3,506558 0,000254
финн 1,966113 0,000142
фирма 1,386294 0,000100
флаг 0,597837 0,000303
флор 1,021651 0,000074
флот 1,347074 0,001755
фонд -0,009950 -0,000005
фоновый 2,813411 0,000204
фонтан 1,309333 0,000379
форма 0,287682 0,000042
формировать 1,272966 0,000092
форсировать 2,525729 0,000183
фрагмент 1,469676 0,000106
француз 1,660731 0,000120
фридриха 3,218876 0,000466
фрикативный 3,912023 0,000283
фронт 1,078810 0,000625
функционировать 0,798508 0,000116
функция 0,693147 0,000050
футбольный 0,941609 0,000136
хабаровск 2,302585 0,000167
хакас 2,040221 0,000148
хамин 3,912023 0,000283
хан 1,897120 0,000137
ханство 1,771957 0,000128
хант 2,207275 0,000160
характер 0,653926 0,000047
характеризоваться 0,891598 0,000065
характеристика 0,415515 0,000060
харьков 2,120264 0,000153
харькова 3,506558 0,000254
харьковом 3,218876 0,000233
харьковский 2,659260 0,000385
хватать 0,820981 0,000238
хемшилы 3,218876 0,000233
химавтоматики 3,912023 0,000283
химико-технологический 3,506558 0,000254
химический 0,867501 0,000251
хищные 2,525729 0,000183
хлеб 1,832581 0,000265
хлевное 3,218876 0,000233
хлызовой 3,912023 0,000566
хованского 3,506558 0,000254
ход 0,510826 0,000296
хозяйственный 1,203973 0,000087
хозяйство 0,579818 0,000336
хой 3,912023 0,000283
хоккейный 1,108663 0,000080
холдинг 2,040221 0,000295
холдинговый 3,218876 0,000233
холмистый 2,813411 0,000204
холодное 1,560648 0,000113
хор 2,120264 0,001688
хоровой 2,302585 0,000167
хоронить 3,912023 0,000283
хороший 1,660731 0,000120
хохольский 3,912023 0,000566
храм 0,733969 0,000903
храниться 1,560648 0,000113
христиан-баптистов 1,771957 0,000257
христианин 1,514128 0,000219
хроник 1,832581 0,000265
хронология 1,771957 0,000128
хрущевка 2,407946 0,000174
художественный 0,653926 0,000237
художник 0,967584 0,000070
хутор 2,207275 0,000320
царев 2,407946 0,000174
царевич 2,995732 0,000217
царевна 3,218876 0,000233
царский 1,386294 0,000201
царство 1,237874 0,000269
царь 1,078810 0,000469
цахур 2,040221 0,000148
цвет 0,941609 0,000136
целый 1,108663 0,000080
цель 0,371064 0,000081
цементовоз 3,912023 0,000283
цена 1,237874 0,000090
ценность 1,609438 0,000466
ценный 1,714798 0,000248
центр 0,287682 0,000875
центрально-черноземное 3,218876 0,001398
центрально-черноземной 3,506558 0,000254
центрально-черноземном 3,506558 0,000254
центрально-черноземный 3,506558 0,000254
центральный 0,400478 0,000551
центрполиграф 3,506558 0,000254
церемониал 3,912023 0,000283
церковный 1,771957 0,000128
церковь 0,673345 0,000634
цикл 1,237874 0,000090
цинк 2,525729 0,000183
цирк 1,078810 0,000312
цитирование 3,506558 0,000254
цитированиявикипедия 3,912023 0,000283
цифра 1,272966 0,000092
цифровой 0,562119 0,000163
цчгиу 3,912023 0,000283
цыбин 3,912023 0,000283
цыган 1,714798 0,000124
чартерный 2,995732 0,000217
час 0,867501 0,000126
часовой 0,713350 0,000207
частично 0,653926 0,000189
частное 1,514128 0,000219
частный 0,634878 0,000138
часто 0,415515 0,000120
часть 0,061875 0,000049
чвк 2,995732 0,000217
чело 0,713350 0,000207
человек 0,186330 0,000243
челябинск 0,994252 0,000072
чемпионат 0,994252 0,000432
черенок 3,506558 0,000254
черкас 2,813411 0,000204
черкес 1,771957 0,000128
чернавский 3,912023 0,000849
черниговский 2,813411 0,000204
черное 1,237874 0,000090
чернозем 2,407946 0,000871
черноземный 3,912023 0,003115
черноземье 3,218876 0,000466
черноземья 2,995732 0,001084
чернолесье 3,912023 0,000283
черносотенский 3,912023 0,000283
чернотал 3,912023 0,000283
черный 0,843970 0,000305
чернышев 2,813411 0,000204
чернышов 3,912023 0,000283
черняховского 3,506558 0,001015
черняховскому 3,912023 0,000566
черт 0,916291 0,000265
черта 0,994252 0,000216
чертков 3,506558 0,000508
чертковской 3,912023 0,000283
чертовицы 3,912023 0,000283
чертыобластные 3,912023 0,000283
честь 0,562119 0,000163
четверть 1,966113 0,000285
четыре 0,597837 0,000043
четырехтомный 3,912023 0,000283
четырнадцатый 3,506558 0,000254
чех 1,609438 0,000116
чехия 2,525729 0,000366
чеченец 1,714798 0,000124
чешский 1,966113 0,000142
чижова 3,912023 0,000283
чижовка 3,912023 0,000283
чижовский 3,912023 0,000566
чижовской 3,912023 0,000283
численность 0,616186 0,001873
число 0,186330 0,000135
чистота 2,302585 0,000167
чистый 2,040221 0,000148
читатьтекущая 1,237874 0,000090
член 0,755023 0,000109
член-корреспондент 2,407946 0,000174
чрезвычайный 2,407946 0,000174
чуванец 3,218876 0,000233
чуваш 1,237874 0,000090
чугоновского 3,912023 0,000283
чудотворец 2,120264 0,000153
чукча 2,207275 0,000160
чунцин 3,506558 0,000254
шаблон 0,462035 0,000134
шарлотт 3,912023 0,000566
шах 3,912023 0,000283
шахин 3,912023 0,000283
шахматный 2,995732 0,000217
шахматы 2,525729 0,000183
шахта 2,525729 0,000183
швед 2,407946 0,000349
шведский 2,120264 0,000614
шевцов 3,506558 0,000508
шестеро 3,912023 0,000283
шестизначный 2,525729 0,000366
шестиполосный 3,912023 0,000566
шилово 3,218876 0,000233
шинник 3,218876 0,000233
шинный 2,659260 0,000577
ширина 0,916291 0,000133
широко 0,653926 0,000047
широкополосный 2,407946 0,000174
широкофюзеляжный 3,912023 0,000566
широта 1,237874 0,000090
школа 0,478036 0,000381
школьник 1,771957 0,000257
шлюз 2,525729 0,000183
шорец 2,525729 0,000183
шоссейный 2,525729 0,000183
штаб 1,560648 0,000226
шуйского 2,995732 0,000217
шулепова 3,912023 0,002548
шут 3,218876 0,000466
шхонебека 3,912023 0,000283
шымкенте 3,912023 0,000283
щека 3,218876 0,000233
щетинин 3,912023 0,000283
щит 1,171183 0,000254
щитодержатели 2,659260 0,000385
эвакуировать 1,272966 0,000092
эвп 3,912023 0,000283
эйтингон 3,912023 0,000283
эйтингона 3,912023 0,000283
экз 0,415515 0,000090
экипировка 3,912023 0,000283
эколог 2,302585 0,000167
экологический 0,693147 0,000301
экологичный 3,218876 0,000233
экология 0,562119 0,000203
экономика 0,400478 0,000232
экономико-географическое 3,218876 0,000699
экономический 0,478036 0,000173
эксмо 2,525729 0,000183
эксплуатация 0,776529 0,000169
экспозиция 1,272966 0,000092
экспорт -0,009950 -0,000001
электрический 1,309333 0,000095
электроника 2,120264 0,000460
электронный 0,478036 0,000104
электротехник 2,995732 0,000217
электротранспорт 2,302585 0,000167
энгельс 1,560648 0,000226
энергетик 1,108663 0,000080
энергия 1,021651 0,000148
энциклопедический 0,733969 0,000053
энциклопедия -0,009950 -0,000017
эпоха 0,713350 0,000052
эртиль 3,912023 0,000283
эртильский 3,912023 0,000283
эсер 2,659260 0,000385
эсерка 3,912023 0,000283
эсеровский 3,506558 0,000508
эскадрилья 3,218876 0,000233
эскимос 2,813411 0,000204
эстонец 1,771957 0,000128
этаж 1,832581 0,000133
этимологический 2,040221 0,000295
этимология 0,616186 0,000134
эфир 1,427116 0,000103
эфирный 1,427116 0,000207
эфко 3,912023 0,000283
эффективность 1,347074 0,000098
юбилей 1,560648 0,000452
юбилейный 0,798508 0,000231
юг 0,693147 0,000151
юго-восточный 1,108663 0,000160
юго-западный 1,049822 0,000304
юго-юго-восточном 3,912023 0,000283
южнее 1,832581 0,000133
южно-российский 3,218876 0,000233
южнорусский 3,506558 0,000254
южный 0,385662 0,000223
юность 1,660731 0,000120
юношеский 1,560648 0,000226
юный 1,309333 0,000095
юрасов 3,506558 0,000254
юргуэс 3,912023 0,000283
юрием 2,302585 0,000333
юрий 1,203973 0,000087
юрьев 2,995732 0,000434
юрьевной 3,912023 0,000283
юрьевский 3,912023 0,000283
явление 1,021651 0,000074
являться 0,040822 0,000062
язык -0,009950 -0,000009
языковед 3,912023 0,000283
языковед-славист 3,912023 0,000283
языковедческий 3,912023 0,000283
якобы 2,995732 0,000217
якорь 2,525729 0,000183
якут 1,660731 0,000120
ямской 2,302585 0,000167
янв 0,820981 0,000119
январь 0,105361 0,000480
янтарь 3,218876 0,000233
японец 2,040221 0,000148
японский 1,469676 0,000106
ярус 2,120264 0,000307
ясень 2,525729 0,000183
ясырева 3,912023 0,000283
яуза 3,218876 0,000233
яхт-клуб 2,659260 0,000192
