абазины 2,207275 0,000160
аббас 3,912023 0,000283
абонентов 2,407946 0,000174
абсолютный 0,798508 0,000116
абсолютными 3,506558 0,000254
абхазы 1,832581 0,000133
аварийном 2,813411 0,000204
аварцы 1,771957 0,000128
авг 0,820981 0,000119
август 1,237874 0,000179
августа 0,072571 0,000315
августе 0,994252 0,000216
августу 3,912023 0,000283
авиазаводе 3,912023 0,000283
авиасообщение 2,813411 0,000204
авиастроителей 3,506558 0,000508
авиатехника 3,912023 0,000283
авиац 3,912023 0,000283
авиацией 2,995732 0,000217
авиации 1,347074 0,000098
авиационном 3,912023 0,000283
авиационный 1,771957 0,000128
австрией 3,912023 0,000283
австрийской 3,506558 0,000254
автобус 1,021651 0,000074
автобусами 1,469676 0,000106
автовокзал 1,427116 0,000207
автовокзала 1,660731 0,000120
автовокзалы 2,407946 0,000174
автодорога 1,427116 0,000103
автодорогам 1,078810 0,000156
автомагистрали 2,120264 0,000153
автомагистраль 2,995732 0,000217
автоматизацию 3,506558 0,000254
автоматической 2,813411 0,000407
автомобилей 1,272966 0,000092
автомобилизация 3,506558 0,000254
автомобильного 1,771957 0,000257
автомобильное 2,995732 0,000217
автомобильные 1,347074 0,000098
автомобильных 1,386294 0,000401
автор 0,994252 0,000288
автореферат 2,659260 0,000192
авторитетные 0,941609 0,000273
авторов 1,386294 0,000100
авторства -0,009950 -0,000001
авторынка 3,506558 0,000254
автостанция 2,407946 0,000349
автотранспорт 2,659260 0,000385
автотранспорта 1,897120 0,000137
агентства 1,714798 0,000124
агентство 1,049822 0,000076
агломерацию 2,302585 0,000167
агломерация 0,867501 0,000188
аграрно-педагогический 3,912023 0,000283
аграрного 2,120264 0,000153
аграрный 1,386294 0,000301
агротехмаш 3,912023 0,000566
агу 3,506558 0,000254
агулы 1,832581 0,000133
адвентистов 1,714798 0,000124
административная 2,525729 0,000183
административно 1,966113 0,000142
административно-территориальное 0,820981 0,000178
административно-территориальноеделение 3,506558 0,000254
административно-территориальном 1,309333 0,000095
административно-территориальную 3,218876 0,000466
административное 0,843970 0,000183
административной 2,659260 0,000192
административный 0,843970 0,000061
администраторы 3,912023 0,000283
администрацией 1,771957 0,000128
администрации 0,843970 0,000916
администрация 0,941609 0,000273
адмирала 2,207275 0,000160
адмиралтейская 3,218876 0,000466
адмиралтейский 3,218876 0,000233
адмиралтейской 2,995732 0,000217
адмиралтейскому 3,912023 0,000283
адмиралтейства 3,506558 0,000508
адмиралтейство 2,995732 0,000434
адриана 3,912023 0,000283
адыгабзэ 0,000000 0,000000
адыгейцы 1,897120 0,000137
азербайджана 2,995732 0,000217
азербайджанцы 1,139434 0,000165
азии 0,916291 0,000066
азов 2,525729 0,000914
азова 2,813411 0,000204
азовская 3,218876 0,000466
азовский 2,813411 0,000407
азовского 2,040221 0,000886
азовское 2,407946 0,000174
азовскому 2,813411 0,000407
азовскую 3,506558 0,000254
азота 1,832581 0,000133
академии 0,693147 0,000201
академический 1,171183 0,000254
академия 0,798508 0,000058
аквариумов 3,506558 0,000254
акиньшин 3,912023 0,001982
акиньшина 3,912023 0,000849
аккредитованных 3,912023 0,000283
актера 2,407946 0,000174
активно 0,755023 0,000109
активное 1,469676 0,000106
активной 2,813411 0,000204
активности 1,560648 0,000113
акционерное 2,813411 0,000204
александр 0,693147 0,000100
александра 0,820981 0,000059
александрова 2,525729 0,000183
александром 2,120264 0,000153
алексеевич 2,040221 0,000295
алексеевича 2,995732 0,000217
алексеевичем 3,912023 0,000566
алексеевна 3,218876 0,000233
алексеево-акатова 3,912023 0,000283
алексей 1,049822 0,000304
алексея 1,514128 0,000110
алисов 3,218876 0,000233
алма-ате 3,506558 0,000254
алтай 2,407946 0,000523
алтай-ас 3,912023 0,000283
алтайцы 1,966113 0,000142
алфавитувикипедия 0,776529 0,000056
алфавитунаселенные 0,867501 0,000063
алые 3,218876 0,000699
альбом 2,120264 0,000460
альтернативные 2,302585 0,000167
альфред 2,813411 0,000204
американцы 1,966113 0,000142
ампир 2,659260 0,000192
амплитуда 2,407946 0,000174
анализ 1,237874 0,000090
аналоги 3,912023 0,000283
аналогов 2,995732 0,000217
аналоговое 2,407946 0,000174
анапа 1,966113 0,000142
анатолию 3,506558 0,000254
ангел 2,525729 0,000183
англ 0,174353 0,000013
английский 1,897120 0,000137
ангстрем 3,506558 0,000254
андреев 2,040221 0,000148
андреевич 2,040221 0,000148
андреевича 2,995732 0,000217
андреевичем 3,912023 0,000283
андреевским 3,506558 0,000254
андреем 2,995732 0,000217
андрей 0,967584 0,000140
анимации 2,813411 0,000204
анисимова 3,506558 0,000254
анна 1,714798 0,000124
аннексия 0,994252 0,000072
аннинский 3,506558 0,000254
анталью 3,506558 0,000254
антон 1,832581 0,000265
антоний 3,506558 0,000254
антонова-овсеенко 3,912023 0,000849
антропогенных 2,525729 0,000183
аппаратурой 3,506558 0,000254
аппаратуры 2,407946 0,000174
апр 0,798508 0,000116
апраксин 3,218876 0,000466
апраксина 3,912023 0,000283
апреле 0,994252 0,000144
апреля 0,174353 0,000505
арабы 1,832581 0,000133
аргус 3,506558 0,000254
арена 1,427116 0,000103
арестованы 2,995732 0,000217
армии 1,049822 0,000456
армий 2,813411 0,000407
армия 2,120264 0,000307
армяне 1,021651 0,000148
армянской 2,302585 0,000167
арсенадзе 3,912023 0,000283
арсенал 2,659260 0,000192
арт-отель 3,912023 0,000283
артем 2,302585 0,000167
артиллерийских 2,813411 0,000204
артистка 2,659260 0,000385
арх 0,544727 0,000118
архангельск 1,771957 0,000128
архив 0,462035 0,000067
архиве 3,506558 0,000254
архивировано 0,020203 0,000276
архивная 0,400478 0,000261
архивной 0,713350 0,000155
архиепископ 2,813411 0,000204
архитектура 0,755023 0,000273
архитектуре 1,609438 0,000116
архитектурно-паркового 3,912023 0,000283
архитектурно-строительный 2,407946 0,000174
архитектурную 3,218876 0,000233
архитектурные 1,832581 0,000133
архитектурный 1,660731 0,000120
архитектуры 0,755023 0,000601
аршин 3,506558 0,000254
асд 3,506558 0,000254
аспект 2,407946 0,000174
ассамблеи 3,912023 0,000283
ассирийцы 1,832581 0,000133
ассоциации 1,771957 0,000128
аст 0,820981 0,000119
астероид 1,966113 0,000142
астрахани 2,407946 0,000174
астрахань 0,967584 0,000070
астрель 1,049822 0,000152
атаман 2,659260 0,000192
атлас 1,272966 0,000184
атмосферного 1,771957 0,000128
атмосферу 1,514128 0,000219
атмосферы 1,469676 0,000213
атомной 2,302585 0,000167
атомный 2,813411 0,000204
афганцы 2,120264 0,000153
аэробус 3,912023 0,000283
аэродром 1,514128 0,000219
аэродромом 3,912023 0,000283
аэропорота 3,912023 0,000566
аэропорт 0,843970 0,000305
аэропорта 1,049822 0,000152
аэропорту 1,609438 0,000233
база 0,916291 0,000066
базарная 2,995732 0,000217
базе 0,776529 0,000281
базовая 2,995732 0,000217
баку 2,207275 0,000160
балета 1,560648 0,000113
балкарцы 2,040221 0,000148
банк 1,078810 0,000078
банка 0,941609 0,000136
банки 1,560648 0,000113
банков 1,272966 0,000184
банкротства 2,525729 0,000183
баранов 3,218876 0,000233
барнаул 1,203973 0,000087
барокко 1,560648 0,000226
барселону 3,506558 0,000254
басов 3,506558 0,000254
бассейн 1,078810 0,000156
бассейны 1,660731 0,000120
батальоне 3,912023 0,000283
баш 3,506558 0,000254
башкиры 1,347074 0,000098
башни 1,771957 0,000257
башня 1,469676 0,000106
башнями 2,302585 0,000167
бежали 3,912023 0,000283
безопасности 1,139434 0,000082
безработного 3,912023 0,000283
безработных 2,407946 0,000349
беларуси 2,207275 0,000160
беларускаябългарски 0,000000 0,000000
беларусь 1,237874 0,000090
белгород 2,302585 0,000333
белгородская 2,995732 0,000434
белгородского 3,218876 0,000233
белгородской 3,218876 0,000699
белого 1,609438 0,000116
белозобые 3,912023 0,000283
белому 2,995732 0,000434
белорусы 1,203973 0,000174
берег 1,021651 0,000148
берега 0,916291 0,000133
берегах 1,386294 0,000301
берегу 0,616186 0,000268
береза 2,207275 0,000160
березка 2,525729 0,000183
беседа 3,912023 0,000283
беседина 3,912023 0,000283
бетонной 3,506558 0,000254
бехтерева 3,912023 0,000283
бешинский 3,912023 0,000283
бибикова 3,912023 0,000283
библиографических 0,094311 0,000007
библиотека 0,462035 0,000134
библиотеки 0,843970 0,000611
библия 2,813411 0,000204
бивор 3,912023 0,000566
бизнес-центра 3,506558 0,000254
бизнес-центров 3,218876 0,000233
билайн 1,272966 0,000184
бильярду 3,912023 0,000283
биму 3,912023 0,000566
биографии 2,813411 0,000204
биография 2,525729 0,000183
биологии 2,207275 0,000160
битва 2,207275 0,000160
битвы 2,120264 0,000153
благовещенский 2,120264 0,000460
благовещенского 2,813411 0,000611
благодаря 0,527633 0,000191
благотворительного 3,912023 0,000283
благотворительный 3,218876 0,000233
благоустроен 3,218876 0,000233
благоустройства 2,525729 0,000366
блау 3,912023 0,000566
близ 1,237874 0,000090
блицкриг 3,912023 0,000283
блонский 3,912023 0,000283
бобров 3,218876 0,000233
бобровский 3,506558 0,000254
богатово 3,912023 0,000283
богородицк 3,218876 0,000233
богородицы 1,272966 0,000092
богучар 3,912023 0,000283
богучарский 3,912023 0,000283
боевые 2,995732 0,000217
боевых 1,966113 0,000142
боеприпасами 3,912023 0,000283
божия 2,995732 0,000217
божьей 1,966113 0,000142
бои 2,207275 0,000160
бойцов 3,506558 0,000254
бойцы 3,218876 0,000233
боксу 2,995732 0,000434
болгария 1,386294 0,000100
болгары 1,897120 0,000137
больница 1,469676 0,000319
больницы 1,347074 0,000390
больным 3,506558 0,000254
большая 0,072571 0,000089
большевиками 2,407946 0,000174
большевики 2,207275 0,000160
большевистскому 3,912023 0,000283
большие 0,891598 0,000129
большинства 1,609438 0,000349
большинстве 1,386294 0,000100
большинство 0,597837 0,000043
больших 1,272966 0,000092
большого 0,967584 0,000070
большое 0,544727 0,000039
большой 0,328504 0,000166
бомбардировке 2,995732 0,000217
бомбардировщиков 3,506558 0,000254
бомбежка 3,506558 0,000254
бомбой 3,912023 0,000283
бомбометания 3,912023 0,000283
бомбу 3,912023 0,000283
борисоглебск 3,912023 0,000283
борисоглебской 3,912023 0,000283
боровое 3,912023 0,000283
бородинского 3,912023 0,000283
бортных 3,912023 0,000283
борту 2,995732 0,000434
борьбе 1,469676 0,000532
борьбу 2,302585 0,000333
борьбы 1,386294 0,000100
ботанический 1,609438 0,000116
боями 2,995732 0,000217
бояр 3,912023 0,000283
боярина 3,218876 0,000233
боярская 3,912023 0,000283
боярских 3,218876 0,000233
боях 2,407946 0,000174
брандера 3,912023 0,000283
братских 3,506558 0,000254
бригады 2,659260 0,000192
британской 2,813411 0,000204
британцы 2,120264 0,000153
брно 3,218876 0,000466
бродячих 3,506558 0,000254
брокгауза 0,328504 0,000095
бронзовые 2,813411 0,000204
бронированных 3,912023 0,000283
бросила 3,912023 0,000283
брэ 2,040221 0,000148
брюйна 3,912023 0,000283
брянск 2,207275 0,000320
брянского 3,912023 0,000283
буденновское 3,912023 0,000283
буденного 3,218876 0,000233
будут 1,203973 0,000087
будучи 1,714798 0,000124
будущего 1,427116 0,000103
бумаге 2,040221 0,000148
бунин 2,995732 0,000434
бунину 3,912023 0,000283
бунтов 3,506558 0,000254
бурденко 3,506558 0,000761
буряад 0,000000 0,000000
буряты 1,714798 0,000124
буслов 3,912023 0,000566
бутурлиновка 3,912023 0,000283
бутурлиновский 3,912023 0,000283
бывает 1,660731 0,000120
бывали 3,506558 0,000254
бывшего 1,021651 0,000074
бывшем 2,040221 0,000148
бывшие 1,771957 0,000257
бывший 1,108663 0,000080
быстржинских 3,912023 0,000283
бытовых 2,302585 0,000167
бюджета 1,309333 0,000284
бюджетов 3,218876 0,000233
бюллетенях 3,912023 0,000283
бюро 1,427116 0,000103
вагнер 2,995732 0,000217
вагоноремонтного 3,912023 0,000283
вагоноремонтный 3,506558 0,000254
вагонреммаш 3,912023 0,000283
вадим 2,407946 0,000349
важная 3,218876 0,000233
валагин 3,912023 0,000566
валентинович 3,506558 0,000254
вальдорфская 3,912023 0,000283
вандалами 3,912023 0,000283
вано 3,912023 0,000283
вантит 3,912023 0,000283
вапи 3,912023 0,000283
варваров 3,506558 0,000254
василий 1,386294 0,000100
василия 1,771957 0,000128
васильева 2,207275 0,000160
васо 3,912023 0,000283
ватутина 3,506558 0,000254
вашла 0,000000 0,000000
введено 1,771957 0,000128
ввиду 2,120264 0,000153
ввс 2,995732 0,000217
вгау 3,912023 0,000283
вгии 3,912023 0,000283
вгифк 3,912023 0,000283
вглту 3,912023 0,000566
вгму 3,912023 0,000283
вгпу 3,912023 0,000283
вгтрк 2,525729 0,000183
вгту 3,912023 0,000283
вгу 3,912023 0,001982
вгуит 3,912023 0,000283
ведения 1,832581 0,000133
ведер 3,912023 0,000566
ведется 0,994252 0,000144
ведомости 1,049822 0,000152
ведутся 1,966113 0,000142
ведущие 2,040221 0,000148
ведущих 1,386294 0,000100
везермарш 3,912023 0,000283
век 0,733969 0,000053
века 0,248461 0,000198
веках 1,021651 0,000222
веке 0,597837 0,000260
векегорода 1,966113 0,000142
веков 0,713350 0,000310
велел 3,218876 0,000233
велено 3,506558 0,000508
велика 2,407946 0,000174
великая 1,514128 0,000219
великие 2,207275 0,000160
великий 1,469676 0,000106
великого 1,203973 0,000349
великой 0,653926 0,000521
великому 2,525729 0,000366
великую 2,659260 0,000192
велись 2,302585 0,000167
велогонкам 3,912023 0,000283
велоспорту 3,506558 0,000254
венграм 3,912023 0,000283
венгры 1,966113 0,000142
веневитинова 3,912023 0,000283
венецией 3,506558 0,000254
вензелем 3,912023 0,000283
вентиляторный 3,912023 0,000283
вены 3,912023 0,000283
вепсы 2,525729 0,000183
вера 1,560648 0,000226
вербилово 3,506558 0,000254
вермахта 2,813411 0,000204
вермахту 3,218876 0,000233
вернули 2,995732 0,000217
верофарм 3,912023 0,000283
версии 0,446287 0,000065
версию 2,207275 0,000160
версия -0,009950 -0,000004
версияправитьправить 1,237874 0,000090
вертячье 3,506558 0,000254
верфи 2,995732 0,000867
верфь 2,995732 0,000217
верхи 3,506558 0,000254
верхнее 2,040221 0,000148
верхнемамонский 3,912023 0,000283
верхнехавский 3,912023 0,000566
верхнехавского 3,912023 0,000283
верхний 1,427116 0,000103
верховного 1,272966 0,000553
верховьях 2,659260 0,000192
веры 1,560648 0,000113
веселаго 3,912023 0,000283
веселовский 3,218876 0,000233
весенне-летнее 3,506558 0,000254
весеннего 2,995732 0,000217
весной 1,049822 0,000152
вести 0,843970 0,000122
вестник 1,049822 0,000152
весь 0,755023 0,000055
ветеранов 2,407946 0,000174
ветра 1,049822 0,000076
ветров 0,843970 0,000061
ветхость 3,506558 0,000254
вече 2,995732 0,000217
вечном 3,912023 0,000283
вешин 3,506558 0,000254
вещает 2,120264 0,000153
вещания 2,040221 0,000295
вещателями 3,912023 0,000283
взамен 1,832581 0,000398
взгляд 1,514128 0,000877
взорванное 3,912023 0,000283
взрослых 1,897120 0,000137
взяли 2,407946 0,000174
взята 2,659260 0,000192
взяты 2,659260 0,000192
вигпс 3,912023 0,000283
вида 1,386294 0,000100
видам 1,560648 0,000113
виде 0,235722 0,000068
видный 2,995732 0,000217
визитная 2,995732 0,000217
вики-ссылки 3,912023 0,000283
викигидвикипедия 1,427116 0,000103
викигиде 0,776529 0,000169
викиданные 0,776529 0,000056
викиданных -0,009950 -0,000001
викиданныхвикипедия 0,891598 0,000129
викимедиа -0,009950 -0,000001
википедии -0,009950 -0,000001
википедия -0,009950 -0,000006
викискладвикиновостивикицитатниквикигидэлемент 1,272966 0,000092
викискладе 0,174353 0,000013
викискладепутеводитель 0,713350 0,000052
викискладстатьи 0,891598 0,000065
викисловарецитаты 1,108663 0,000080
викисловарьстатьи 1,347074 0,000098
викицитатникемедиафайлы 1,469676 0,000106
викицитатникстатьи 2,207275 0,000160
викторовичем 3,912023 0,000283
вильнюса 3,506558 0,000254
вина 2,995732 0,000434
виниусу 3,912023 0,000283
виолончелистов 3,912023 0,000283
виолончельного 3,912023 0,001416
випс 3,912023 0,000283
висячий 3,506558 0,000254
витязи 3,912023 0,000566
вифсин 3,912023 0,000283
вице-губернаторы 3,912023 0,000566
вклад 1,108663 0,000080
включает 0,462035 0,000033
включен 1,560648 0,000226
включена 1,514128 0,000110
включении 2,207275 0,000160
включены 1,560648 0,000226
включила 2,813411 0,000204
владение 1,427116 0,000103
владению 3,506558 0,000254
владивосток 1,897120 0,000137
владикавказ 2,120264 0,000153
владислава 3,506558 0,000254
владиславу 3,912023 0,000283
влажность 1,171183 0,000085
власти 0,634878 0,000414
власть 0,733969 0,000159
влияло 3,506558 0,000254
влияние 0,776529 0,000056
влиянием 1,897120 0,000275
влиянии 2,995732 0,000217
вместе 0,510826 0,000185
вместо 0,798508 0,000058
вмещающий 3,506558 0,000508
вначале 2,813411 0,000204
внедрение 2,302585 0,000167
внезапности 3,506558 0,000254
внес 2,040221 0,000148
внесли 2,120264 0,000153
внешние 0,051293 0,000004
внимание 1,347074 0,000098
вновь 0,755023 0,000109
внутреннее 0,733969 0,000053
внутренних 1,237874 0,000090
внутригородским 0,967584 0,000070
вов 2,120264 0,000307
вогрэс 3,912023 0,000566
вогрэсовский 3,912023 0,000566
вогрэсовского 3,912023 0,000283
вода 1,203973 0,000261
водителей 3,218876 0,000233
водмашоборудование 3,912023 0,000283
водного 1,171183 0,000085
водных 1,347074 0,000293
водоема 2,120264 0,000460
водой 2,120264 0,000153
водоподъемных 3,912023 0,000283
водопровод 2,302585 0,000167
водопроводные 3,218876 0,000233
водоснабжение 2,207275 0,000320
водоснабжения 1,832581 0,000133
водохранилищ 2,525729 0,000183
водохранилища 1,272966 0,001290
водохранилище 1,609438 0,000699
воду 1,386294 0,000100
воды 0,653926 0,000331
воеводе 2,525729 0,000183
воеводой 2,525729 0,000183
воеводы 2,040221 0,000295
воен 3,912023 0,000283
военная 1,108663 0,000080
военно-воздушная 3,506558 0,000254
военно-воздушный 3,912023 0,000566
военно-воздушных 3,506558 0,000254
военно-морского 2,407946 0,000523
военно-морскому 3,912023 0,000283
военно-патриотического 3,506558 0,000254
военно-революционного 3,506558 0,000254
военно-революционному 3,912023 0,000283
военного 1,309333 0,000284
военнопленных 2,525729 0,000183
военнослужащими 3,912023 0,000283
военные 1,237874 0,000090
военный 1,272966 0,000184
военных 1,272966 0,000184
возвращены 3,218876 0,000466
возвышенности 1,714798 0,000248
возвышенность 2,659260 0,000192
воздействие 1,514128 0,000219
воздуха 0,733969 0,000266
воздухе 2,302585 0,000167
воздушно-десантных 3,506558 0,001015
воздушного 2,040221 0,000591
возле 1,386294 0,000100
возможность 0,616186 0,000089
возник 1,469676 0,000106
возникали 2,995732 0,000217
возникли 1,714798 0,000248
возражения 2,995732 0,000217
возраста 1,560648 0,000113
возрасте 1,714798 0,000124
возрастом 3,218876 0,000233
возрождения 1,966113 0,001423
воинской 1,660731 0,001202
воины 3,218876 0,000466
война 1,171183 0,000170
войне 1,049822 0,000076
войну 1,966113 0,000427
войны 0,478036 0,000657
войнынаселенные 2,995732 0,000217
войск 1,347074 0,000488
войска 1,237874 0,000358
войскам 2,813411 0,000204
войсками 1,386294 0,000301
вокруг 0,693147 0,000050
волге 1,771957 0,000128
волгоград 1,139434 0,000165
волкова 2,207275 0,000160
волоколамск 2,813411 0,000204
волошина 2,995732 0,000217
волшебные 0,040822 0,000003
волю 3,506558 0,000254
воля 3,912023 0,000283
воплощенными 3,912023 0,000283
вопрос 0,967584 0,000070
вопросы 1,049822 0,000076
воро 0,000000 0,000000
воробьев 2,995732 0,000650
воробьевский 3,912023 0,000283
ворон 3,506558 0,000508
ворона 3,506558 0,000254
вороне 3,912023 0,000849
воронег 3,912023 0,000283
воронега 3,912023 0,000283
воронеж 1,203973 0,022744
воронеж-медиа 3,912023 0,000283
воронеж-чертовицкое 3,912023 0,000283
воронежа 2,659260 0,025407
воронеже 3,912023 0,029448
воронежев 3,912023 0,000283
воронежем 3,912023 0,001133
воронежец 3,912023 0,000566
воронежсельмаш 3,912023 0,000283
воронежсинтезкаучук 3,912023 0,000283
воронежская 2,995732 0,007372
воронежские 3,506558 0,003046
воронежский 2,995732 0,018647
воронежским 3,912023 0,001416
воронежских 3,912023 0,001133
воронежско-борисоглебской 3,912023 0,000283
воронежско-касторненской 3,912023 0,000283
воронежского 2,813411 0,009367
воронежское 3,912023 0,003681
воронежской 3,218876 0,014678
воронежском 3,506558 0,002538
воронежскому 3,912023 0,000283
воронежскую 3,912023 0,000566
воронежстальмост 3,912023 0,000283
воронежстатистика 0,000000 0,000000
воронежу 3,912023 0,002548
воронежцам 3,912023 0,000283
воронежцев 3,912023 0,001416
воронежцы 3,912023 0,003398
вороно 0,000000 0,000000
вороной 3,912023 0,000283
ворошилова 2,659260 0,000385
воскресенский 2,207275 0,000160
воспитания 2,813411 0,000204
восстания 1,660731 0,000240
восстановлен 1,771957 0,000128
восстановлена 2,120264 0,000153
восстановление 1,609438 0,000116
восстановленных 3,912023 0,000283
восстановлены 2,407946 0,000174
восток 1,021651 0,000222
восточнее 2,407946 0,000174
восточно-европейской 1,832581 0,000133
восточной 0,693147 0,000050
восточный 1,021651 0,000074
воцарение 3,506558 0,000254
вошел 1,237874 0,000090
вошли 1,347074 0,000098
впадения 1,514128 0,000110
впервые 0,385662 0,000112
впоследствии 0,653926 0,000473
временем 0,616186 0,000089
времени 0,186330 0,000054
временно 1,309333 0,000379
время 0,030459 0,000066
врк 3,912023 0,000566
вручение 3,218876 0,000233
всему 1,272966 0,000092
всероссийская 0,843970 0,000122
всероссийские 2,659260 0,000192
всероссийский 1,469676 0,000213
всероссийским 3,218876 0,000233
всероссийского 1,347074 0,000585
всероссийской 0,713350 0,000207
всероссийском 2,995732 0,000217
всерьез 3,912023 0,000283
всесоюзная 0,843970 0,000367
всея 2,207275 0,000160
вскрыты 3,912023 0,000283
встречается 1,203973 0,000087
встречать 3,912023 0,000283
втв 3,912023 0,000283
втк 3,912023 0,000283
вторжения 1,771957 0,000128
второго 1,139434 0,000082
второе 1,272966 0,000092
второй 0,274437 0,000139
втором 1,660731 0,000240
второму 2,813411 0,000204
вторую 2,207275 0,000160
вторым 1,832581 0,000133
вуза 2,302585 0,000167
вузов 0,891598 0,000129
вузы 1,514128 0,000110
входил 2,207275 0,000479
входит 0,653926 0,000095
входной 3,912023 0,000283
входом 0,994252 0,000072
вцик 1,832581 0,000133
выбор 1,832581 0,000133
выборах 1,514128 0,000110
выборг 2,302585 0,000167
выборы 1,347074 0,000293
выбрало 3,912023 0,000283
выбран 2,525729 0,000548
выбросов 1,609438 0,000116
выбросы 1,771957 0,000257
выводит 2,995732 0,000217
выдавали 3,912023 0,000283
выдающимся 2,659260 0,000192
выдающихся 2,302585 0,000167
выделен 2,040221 0,000148
выделение 2,813411 0,000204
выделяются 1,386294 0,000100
выдержал 3,912023 0,000283
вызвала 2,207275 0,000160
вылетел 0,000000 0,000000
вымыванию 3,912023 0,000283
вып 0,798508 0,000173
выполнена 2,302585 0,000167
выполняют 2,120264 0,000153
выполняются 1,660731 0,000120
выпускается 2,302585 0,000167
выпущена 1,609438 0,000116
высадки 2,995732 0,000217
высокая 1,237874 0,000090
высокой 1,272966 0,000092
высота 0,562119 0,000041
высотой 1,108663 0,000080
высочайше 2,659260 0,000385
выставки 1,660731 0,000240
выставленный 3,912023 0,000283
выставочные 1,966113 0,000142
выстроенного 3,912023 0,000283
выстроить 2,995732 0,000217
выступает 1,347074 0,000098
выступал 2,525729 0,000183
высшее 1,021651 0,000148
высшей 1,272966 0,000276
высшие 1,386294 0,000301
высших 1,078810 0,000156
выходные 2,302585 0,000167
выходящие 3,912023 0,000566
вышел 1,469676 0,000106
вьетнамцы 2,040221 0,000148
вязьма 2,659260 0,000192
гаврилович 3,218876 0,000233
гагарина 1,427116 0,000103
гагариным 3,218876 0,000466
гагаузы 1,966113 0,000142
гагин 3,912023 0,000283
гадаев 3,912023 0,000283
газ 1,660731 0,000120
газа 1,309333 0,000095
газета 0,616186 0,000714
газета-черноземье 3,912023 0,000283
газетных 3,506558 0,000254
газеты 0,994252 0,000864
газли 3,506558 0,000254
газообразных 3,912023 0,000283
гайварановский 3,912023 0,000283
галерея 1,203973 0,000087
галеры 3,912023 0,000283
галина 2,207275 0,000160
галок 3,912023 0,000283
гандбола 3,506558 0,000254
гандбольный 2,407946 0,000174
гарвардской 3,506558 0,000508
гарденина 3,912023 0,000283
гарденинский 3,912023 0,000283
гардениных 3,912023 0,000283
гарнизон 2,302585 0,000167
гарнизона 2,659260 0,000192
гатчина 2,813411 0,000204
гвардейским 3,912023 0,000283
гвардейскую 3,912023 0,000283
геленджик 2,407946 0,000174
генерала 1,832581 0,000398
генералу 2,995732 0,000217
генерального 1,514128 0,000219
географии 1,609438 0,000233
географические 0,713350 0,000052
географическим 2,040221 0,000148
географических 1,139434 0,000247
географическое 0,693147 0,000100
географической 0,798508 0,000058
география 0,462035 0,000234
геодинамики 3,506558 0,000254
геологический 2,120264 0,000153
георгадзе 3,912023 0,000283
георгий 1,560648 0,000226
геоэкологическая 3,218876 0,000233
геоэкология 3,218876 0,000932
герай 3,506558 0,000254
геральдики 2,659260 0,000192
герб 0,820981 0,000594
герба 1,427116 0,000103
гербе 1,609438 0,000233
гербы 2,659260 0,000192
германия 1,203973 0,000174
героев 2,120264 0,000153
герои 2,207275 0,000479
героизм 2,302585 0,000667
герою 2,525729 0,000183
гигиеническим 3,506558 0,000254
гидрография 1,427116 0,000207
гидрологии 2,995732 0,000217
гидрологические 3,218876 0,000233
гидрометеорологии 2,659260 0,000192
гимн 0,820981 0,000059
гимназии 1,469676 0,000106
гимназию 2,659260 0,000192
гимназия 1,469676 0,000213
гимнастике 2,813411 0,000407
гипермаркеты 1,966113 0,000142
гипотетический 3,506558 0,000254
гкгн 0,994252 0,000072
гкгнпро 0,916291 0,000066
глава 0,673345 0,000292
главе 1,237874 0,000179
главное 1,469676 0,000106
главный 0,916291 0,000199
главой 1,309333 0,000284
главы 0,967584 0,000210
глазьев 3,912023 0,001416
гласит 2,659260 0,000192
глебов 3,506558 0,000254
глинки 2,659260 0,000192
глобальный 2,302585 0,000333
глубже 2,659260 0,000192
глубина 1,609438 0,000116
глубинного 3,506558 0,000254
глубины 2,207275 0,000160
глубокий 2,995732 0,000217
говорить 2,207275 0,000160
говоров 3,506558 0,000254
год 0,235722 0,000546
года -0,009950 -0,000252
годавикипедия 0,616186 0,000178
годах 0,385662 0,000167
годов 0,356675 0,000207
годовщины 3,218876 0,000233
годом 0,941609 0,000068
году 0,072571 0,000583
годуворонежгорода 3,912023 0,000283
годы 0,356675 0,000620
гожув-велькопольски 3,912023 0,000283
голикова 3,912023 0,000283
головной 2,525729 0,000183
голосов 1,966113 0,000854
голосования 2,207275 0,000160
голубеводами 3,912023 0,000283
голубей 3,506558 0,000254
голуби 2,995732 0,000217
голубой 2,040221 0,000148
гомель 1,966113 0,000142
гонец 3,912023 0,000283
гончаров 2,813411 0,000407
гора 1,139434 0,000577
гордеев 3,506558 0,000508
гордеева 3,218876 0,000233
горком 0,000000 0,000000
город 0,544727 0,002563
город-побратим 2,120264 0,000153
города 0,430783 0,002806
города-миллионеры 1,714798 0,000124
города-партнеры 1,771957 0,000128
города-побратимы 0,891598 0,000452
городам 0,798508 0,000058
городами 0,916291 0,000066
городами-побратимами 1,714798 0,000248
городах 1,272966 0,000092
городворонеж 3,912023 0,000283
городе 0,693147 0,001355
городе-побратиме 3,912023 0,000283
городецкая 1,660731 0,000120
городов 0,579818 0,000839
городов-миллионеров 2,813411 0,000204
городок 1,386294 0,000100
городом 0,798508 0,000058
городом-миллионером 2,407946 0,000174
городом-миллионником 3,218876 0,000466
городпро 0,867501 0,000063
городская 0,843970 0,000794
городские 0,941609 0,000409
городским 0,798508 0,000173
городских 0,713350 0,001291
городского 0,693147 0,001706
городское 1,203973 0,000174
городской 0,755023 0,001530
городском 1,427116 0,000413
городу 0,798508 0,000405
горького 1,139434 0,000082
горят 3,912023 0,000283
горячее 3,218876 0,000233
горячештамповочный 3,912023 0,000566
горячий 2,525729 0,000183
гос 1,609438 0,000233
госкомстат 0,891598 0,000129
госстрой 3,912023 0,000283
гости 1,966113 0,000142
гостиниц 1,427116 0,000103
гостиница 1,386294 0,000100
гостиницы 1,347074 0,000098
государеву 2,659260 0,000192
государства 0,843970 0,000305
государственная 0,941609 0,000136
государственного 0,616186 0,000624
государственное 0,776529 0,000056
государственной 0,616186 0,000446
государственные 1,514128 0,000110
государственный 0,430783 0,000842
государственными 2,659260 0,000192
государственных 0,994252 0,000072
государство 1,347074 0,000098
гото 3,912023 0,002265
готовившему 3,912023 0,000283
гравюра 2,302585 0,000333
град 2,040221 0,000148
градоначальники 1,771957 0,000128
градостроительства 1,966113 0,000142
граждане 1,108663 0,000160
гражданское 2,659260 0,000192
гражданской 0,967584 0,000140
грамотой 3,218876 0,000233
грамоты 3,218876 0,000233
грани 2,302585 0,000167
границ 0,916291 0,000133
границах 1,078810 0,000156
границе 1,347074 0,000195
границы 0,867501 0,000063
графе 3,912023 0,000283
график 2,813411 0,000407
графику 2,995732 0,000217
грачей 3,912023 0,000283
греки 1,660731 0,000120
греко-римской 2,813411 0,000407
греческой 2,659260 0,000192
грибановский 3,912023 0,000283
григория 2,407946 0,000174
григорьевич 2,207275 0,000160
григорьевичу 3,506558 0,000254
гришин 3,506558 0,000508
грозит 2,995732 0,000217
грозный 1,771957 0,000128
громадным 3,912023 0,000283
громыко 3,506558 0,000254
грузинский 3,506558 0,000254
грузинской 2,813411 0,000204
грузины 1,609438 0,000116
группа 0,693147 0,000050
группы 0,634878 0,000092
грязное 3,218876 0,000233
гтрк 1,049822 0,000076
губернатор 1,272966 0,000092
губернатора 1,237874 0,000358
губернаторе 3,218876 0,000233
губернаторы 2,995732 0,001084
губернии 0,994252 0,000432
губерний 1,714798 0,000124
губерния 1,427116 0,000620
губернская 2,207275 0,000320
губернские 2,120264 0,000307
губернский 1,832581 0,000265
губернских 2,525729 0,000183
губернского 1,714798 0,000124
губернскую 2,995732 0,000217
губкомиссара 3,912023 0,000283
губной 3,506558 0,000508
губным 3,912023 0,000283
давал 3,506558 0,000254
далее 0,693147 0,000151
дало 1,966113 0,000142
дальней 3,506558 0,000254
дальнейшее 1,832581 0,000133
дальнейшем 1,309333 0,000095
дальнемагистральный 3,912023 0,000283
дамбе 2,995732 0,000217
даниловича 3,506558 0,000254
данная 2,207275 0,000160
данные 0,510826 0,000037
данный 0,713350 0,000155
данным 0,415515 0,000301
данных 0,616186 0,000134
даргинцы 1,832581 0,000133
дата 0,030459 0,000340
двадцатку 3,506558 0,000254
две 0,527633 0,000076
двенадцати 2,995732 0,000434
дверь 3,218876 0,000233
двигатель 3,218876 0,000932
двигателя 2,995732 0,000434
движение 0,820981 0,000297
движении 2,040221 0,000148
движения 0,733969 0,000212
двинулась 3,912023 0,000283
дворе 2,040221 0,000148
дворец 0,967584 0,000280
дворики 3,506558 0,000254
дворцовой 3,218876 0,000233
дворян 2,995732 0,000434
дворянское 2,813411 0,000204
дворянской 3,912023 0,001699
двуглавый 3,218876 0,000699
двустворчатых 3,912023 0,000283
двух 0,462035 0,000167
двухмандатных 3,912023 0,000283
двухъярусным 3,912023 0,000283
девы 2,995732 0,000434
девять 1,714798 0,000124
дегтярев 3,218876 0,000466
действовал 1,660731 0,000120
действовать -0,009950 -0,000001
действует 0,634878 0,000092
действуют 0,867501 0,000502
дек 0,820981 0,000178
декабре 0,798508 0,000058
декабрь 1,108663 0,000160
декабрьская 3,912023 0,000283
декабря 0,105361 0,000175
деко 3,912023 0,000283
дел 1,469676 0,000106
деление 0,673345 0,000390
дельфин 2,813411 0,000204
демонтаж 3,218876 0,000233
демонтажем 3,912023 0,000283
демонтируют 3,912023 0,000283
демоскоп 0,820981 0,000238
дендрарий 2,813411 0,000204
день 0,562119 0,000325
деньги 1,771957 0,000257
департамент 1,771957 0,000385
департамента 1,832581 0,000265
депутатов 0,891598 0,000065
депутатское 3,912023 0,000283
деревня 1,609438 0,000233
деревообработки 3,912023 0,000283
деревьев 1,469676 0,000213
десант 3,506558 0,000508
десанта 3,218876 0,000699
десантной 3,912023 0,000283
десятилетие 2,040221 0,000148
десятилетий 2,407946 0,000174
десятков 1,660731 0,000120
десять 1,514128 0,000110
детей 0,941609 0,000477
дети 1,966113 0,000142
детская 0,916291 0,000066
детский 1,171183 0,000085
детских 1,272966 0,000092
детско-юношеская 3,218876 0,000233
детского 1,832581 0,000133
детской 2,040221 0,000148
дефицита 2,813411 0,000204
дешевле 3,218876 0,000233
деятель 1,966113 0,000142
деятельности 0,446287 0,000032
деятельность 0,653926 0,000047
деятельностью 1,714798 0,000124
джазовая 3,506558 0,000254
джон 2,302585 0,000167
дзержинского 1,660731 0,000120
диагноз 3,218876 0,000233
диапазона 2,659260 0,000192
дивизии 2,207275 0,000160
дивизий 2,995732 0,000217
дивизию 3,912023 0,000566
дивизия 2,525729 0,000548
дидактическая 3,912023 0,000283
динамике 3,912023 0,000283
динамически 3,218876 0,000233
динамо 1,171183 0,000085
диоксидов 3,912023 0,000283
диплом 3,218876 0,000233
директор 1,832581 0,000265
дирекция 2,995732 0,000217
дирижер 2,659260 0,000192
дискуссия 2,813411 0,000204
диссертации 2,525729 0,000183
диссертация 2,525729 0,000548
дисциплинарном 3,912023 0,000283
длина 1,171183 0,000085
длиной 1,272966 0,000092
дмитриевка 3,506558 0,000254
дмитрии 3,218876 0,000233
дмитров 2,813411 0,000204
дна 2,207275 0,000160
дней 0,446287 0,000097
днем 1,660731 0,000120
днепре 3,912023 0,000283
дни 1,237874 0,000358
днища 3,506558 0,000508
дню 2,040221 0,000148
дня 0,478036 0,000138
добавив 0,941609 0,000273
добавьте 2,813411 0,000204
добиться 2,407946 0,000174
добраться 2,207275 0,000320
добров 3,506558 0,000254
добровольческий 3,506558 0,000508
доброе 2,995732 0,000217
добрый 2,659260 0,000192
доволен 3,912023 0,000283
довольно 0,891598 0,000129
договор 1,771957 0,000257
договору 2,207275 0,000160
доезжая 3,912023 0,000566
доказанного 3,912023 0,000283
доказывает 3,506558 0,000254
доклад 1,514128 0,000219
доктор 1,714798 0,000248
документальное 2,995732 0,000217
документах 1,560648 0,000791
документов 0,653926 0,000047
долготой 0,941609 0,000068
долготы 1,832581 0,000133
должен 1,078810 0,000078
должна 0,544727 0,000158
должность 1,203973 0,000174
должны 1,021651 0,000074
доля 0,733969 0,000212
дом 0,562119 0,000448
дом-музей 1,660731 0,000240
дома 0,798508 0,000289
домах 2,120264 0,000153
домов 1,078810 0,000156
домой 3,912023 0,000283
домохозяйств 3,218876 0,000233
дон 1,966113 0,002704
донецке 3,912023 0,000283
донские 3,218876 0,000466
донских 3,218876 0,000466
дону 2,995732 0,000434
доп 0,597837 0,000216
дополнительного 1,609438 0,000116
дополнительные -0,009950 -0,000001
дополняя 3,912023 0,000283
допустил 3,218876 0,000233
допустимом 3,912023 0,000283
дорог 0,891598 0,000323
дорога 0,798508 0,000116
дороге 1,427116 0,000207
дороги 0,713350 0,000207
дорогу 1,609438 0,000349
дорожного 2,040221 0,000148
досках 3,912023 0,000283
досрочно 2,995732 0,000434
доставили 3,218876 0,000233
доставить 3,218876 0,000233
доставки 2,407946 0,000174
досталось 3,912023 0,000283
достаточно 0,820981 0,000059
достигло 1,966113 0,000285
достигнутые 2,040221 0,000148
достигнутых 3,218876 0,000233
достичь 2,302585 0,000333
достопримечательности 1,049822 0,000076
доступа 1,309333 0,000095
доступен -0,009950 -0,000001
доступности 1,714798 0,000124
доходы 1,966113 0,000285
доцента 3,506558 0,000254
дочерние 2,659260 0,000192
дошкольного 2,407946 0,000174
драматург 3,218876 0,000233
драмы 1,560648 0,000113
древнее 2,302585 0,000500
древней 1,560648 0,000113
древнем 2,659260 0,000192
древнерусские 2,813411 0,000407
древнерусский 3,506558 0,000254
древнеславянского 3,912023 0,000283
древние 1,560648 0,000791
древних 1,469676 0,000319
другая 1,897120 0,000137
другие 0,030459 0,000040
другими 0,616186 0,000045
других -0,009950 -0,000006
другое 1,049822 0,000076
дружба 1,832581 0,000133
дуб 2,659260 0,000192
дуба 2,995732 0,000217
дубовки 3,912023 0,000283
дубровина 3,506558 0,000254
дума 1,108663 0,000401
думой 1,897120 0,000412
думской 3,506558 0,000254
думы 1,078810 0,000312
дунай 2,813411 0,000204
дурова 3,506558 0,000254
дурову 3,912023 0,000283
духовная 1,386294 0,000301
духовного 1,966113 0,001423
душкова 3,912023 0,000283
дьяков 3,912023 0,000283
евангелическо-лютеранского 3,506558 0,000254
евангельских 1,660731 0,000240
евангельской 2,120264 0,000153
евгений 1,347074 0,000098
евгения 2,207275 0,000160
евдокимов 3,218876 0,000233
евреи 1,203973 0,000087
еврейский 1,832581 0,000133
еврейское 2,995732 0,000217
евро-азиатской 3,506558 0,000254
европе 0,916291 0,000133
европейской 0,891598 0,000129
европы 0,673345 0,000049
егерские 3,912023 0,000283
егерских 3,912023 0,000283
единиц 0,673345 0,000244
единицу 2,207275 0,000320
единогласно 2,813411 0,000204
единоначалия 2,995732 0,000217
единственным 1,347074 0,000293
единую 2,525729 0,000183
ежа 3,506558 0,000254
ежегодник 0,820981 0,000832
ежегодно 0,916291 0,000133
ежегодный 1,609438 0,000116
еженедельному 2,525729 0,000183
езиды 1,771957 0,000128
екатеринбург 0,843970 0,000122
екатерины 1,514128 0,000110
елагин 3,506558 0,000508
елена 1,560648 0,000113
елец 2,407946 0,000349
елецких 3,912023 0,000283
елецкое 3,506558 0,000254
ель 2,407946 0,000174
ельня 2,659260 0,000192
емкости 3,218876 0,000233
емкость 2,813411 0,000204
епархиальные 2,995732 0,000217
епархии 1,108663 0,000321
епархия 1,560648 0,000226
епископ 2,813411 0,000407
епископа 2,525729 0,000183
епископом 3,506558 0,000254
ереван 2,120264 0,000153
есенина 2,995732 0,000217
есенину 3,912023 0,000283
ефремов 2,525729 0,000183
ефремовича 3,506558 0,000254
ефрона 0,328504 0,000095
ехал 3,912023 0,000283
жалование 3,912023 0,000566
ждет 2,525729 0,000183
желдорреммаш 3,912023 0,000283
железнодорожного 0,967584 0,000140
железнодорожной 1,347074 0,000098
железнодорожные 1,272966 0,000184
железнодорожный 0,755023 0,000328
железной 0,755023 0,000055
железо 2,813411 0,000204
желтые 3,506558 0,000254
женская 2,040221 0,000295
женской 2,040221 0,000148
жену 3,912023 0,000283
женщин 1,386294 0,000201
жеребилова 3,912023 0,000283
жертв 2,120264 0,000153
жертва 3,912023 0,000283
жертвам 2,207275 0,000160
живая 2,525729 0,000183
животный 1,714798 0,000248
животных 1,203973 0,000174
жидкостный 3,912023 0,000566
жизнь 0,693147 0,000151
жил 2,302585 0,000167
жилищно-коммунального 2,813411 0,000204
жилищно-коммунальное 2,813411 0,000204
жилищного 2,207275 0,000479
жилыми 2,407946 0,000174
жилых 1,237874 0,000090
жиромская 1,021651 0,000074
жителей 0,673345 0,000487
жители 1,049822 0,000076
житель 1,714798 0,000248
жителя 1,771957 0,000128
жителям 1,966113 0,000142
жкх 2,120264 0,000307
жуковского 2,995732 0,000217
жуковском 3,912023 0,000283
журнал 0,510826 0,000074
журнала 1,427116 0,000207
забастовки 3,218876 0,000233
заболевания 3,218876 0,000233
заброшенная 3,506558 0,000254
заведение 1,897120 0,000549
заведений 1,203973 0,000174
заведения 1,108663 0,000481
заведениях 2,207275 0,000160
заведующая 3,506558 0,000254
завершено 1,609438 0,000116
завод 0,798508 0,000983
завода 0,941609 0,000204
заводе 1,660731 0,000962
заводом 1,771957 0,000128
завоевана 3,506558 0,000254
завоевывали 3,912023 0,000283
заглавная -0,009950 -0,000001
загоровский 3,912023 0,005663
загоровского 3,912023 0,001416
загрязнений 2,302585 0,000167
загрязнения 1,203973 0,000436
загрязнено 3,218876 0,000233
загрязнены 2,813411 0,000204
заданию 2,813411 0,000204
задача 1,660731 0,000120
задержан 2,995732 0,000217
задонск 3,218876 0,000233
заинтересовано 3,912023 0,000283
заказчику 3,912023 0,000283
заключенный 3,912023 0,000283
закон 0,616186 0,000134
законных 2,995732 0,000217
закончена 3,218876 0,000233
закончил 3,506558 0,000254
закрытия 2,120264 0,000153
закрыто 2,040221 0,000295
закусок 3,912023 0,000283
заложено 2,995732 0,000217
залпы 3,912023 0,000283
залы 1,469676 0,000106
заменить 0,562119 0,000081
заместителя 2,659260 0,000192
замкнет 3,912023 0,000566
занимается 1,386294 0,000100
занимался 3,218876 0,000233
заниматься 2,302585 0,000167
заново 1,897120 0,000137
занял 1,139434 0,000247
занятые 3,218876 0,000466
зао 1,514128 0,000219
зап 2,813411 0,000204
запасные 3,912023 0,000283
записки 1,560648 0,000565
запись 2,040221 0,000148
записьвойти -0,009950 -0,000001
заповедные 3,218876 0,000233
запускается 2,813411 0,000204
запустили 1,897120 0,000137
заработал 3,506558 0,000254
заработали 3,506558 0,000254
зарегистрированный -0,009950 -0,000001
зарегистрировано 1,309333 0,000190
зародилась 2,995732 0,000217
зарубежных 1,469676 0,000106
заруцкий 3,912023 0,000566
заслуг 2,995732 0,000434
заслуги 1,966113 0,000427
заставы 3,218876 0,000233
застройка 1,272966 0,000184
застройки 1,021651 0,000148
заступницы 3,506558 0,000508
затем 0,527633 0,000076
затону 3,912023 0,000283
зафиксировали 2,659260 0,000192
захвата 2,659260 0,000192
захватила 3,218876 0,000466
захватили 2,525729 0,000183
захватить 2,995732 0,000217
захватчиками 2,659260 0,000192
захвачена 2,407946 0,000174
защита 1,469676 0,000106
защитниками 2,995732 0,000434
защитниках 3,912023 0,000283
защиты 0,941609 0,000068
заявил 1,771957 0,000257
заявление -0,009950 -0,000001
збекча 0,000000 0,000000
звание 1,049822 0,000228
звания 1,203973 0,000436
звука 2,659260 0,000192
здание 0,776529 0,000337
здании 1,171183 0,000085
зданий 1,049822 0,000304
здания 0,867501 0,000502
зданиями 1,771957 0,000128
зданиях 2,207275 0,000320
здравоохранение 0,941609 0,000273
здравоохранения 1,203973 0,000523
здравствует 3,506558 0,000254
зеленого 2,302585 0,000167
земель 1,272966 0,000184
земельных 2,659260 0,000192
земля 1,139434 0,000165
земская 2,995732 0,000217
земским 3,218876 0,000233
зеркала 3,218876 0,000233
зимой 0,713350 0,000052
знаете 2,995732 0,000217
знай 3,912023 0,001416
знак -0,009950 -0,000003
знаком 2,302585 0,000167
знали 3,506558 0,000254
знаменитые 2,302585 0,000167
значение 0,314711 0,000023
значении 1,714798 0,000372
значения 0,105361 0,000046
значениях 2,813411 0,000407
значительно 0,510826 0,000037
значительные 1,514128 0,000110
значительный 1,347074 0,000098
значительным 2,040221 0,000148
зодчества 1,966113 0,000142
золотарева 3,912023 0,000283
золотой 0,843970 0,000061
золотом 1,966113 0,000427
золотухин 3,912023 0,000283
золотые 2,040221 0,000148
зона 0,891598 0,000129
зоне 0,527633 0,000038
зоны 0,755023 0,000055
зоологический 2,407946 0,000174
зоомагазинов 3,912023 0,000283
зоопарка 2,302585 0,000333
зоопарков 2,659260 0,000192
зоопарком 3,506558 0,000254
зоосад 3,218876 0,000932
зоосада 3,912023 0,000283
зрителей 1,714798 0,000248
зрителя 1,427116 0,000103
зубова 2,407946 0,000174
ива 2,995732 0,000434
иван 0,843970 0,000183
ивана 1,078810 0,000078
иванович 1,560648 0,000113
ивановича 2,040221 0,000591
игорь 1,714798 0,000124
играх 2,302585 0,000167
игроки 2,813411 0,000204
идентификаторы 0,693147 0,000050
из-за 0,415515 0,000211
из-под 2,995732 0,000434
избираемых 1,897120 0,000137
избирался 2,407946 0,000174
избирательные 3,218876 0,000233
избрали 2,659260 0,000192
избран 1,386294 0,000100
известия 1,021651 0,000074
известные 0,891598 0,000065
известных 1,171183 0,000085
изд 0,314711 0,000046
изд-во 1,049822 0,000760
изд-е 0,000000 0,000000
издавались 3,218876 0,000233
издаваться 3,506558 0,000254
издал 2,813411 0,000204
издание 0,776529 0,000787
издания 1,049822 0,000608
издательский 1,514128 0,000110
издательство 0,510826 0,000370
издательством 3,912023 0,000283
изменение 1,560648 0,000113
изменения 0,562119 0,000041
изменился 2,120264 0,000153
износа 3,506558 0,000254
изображающая 3,218876 0,000233
изображением 1,966113 0,000142
изобретателей 3,218876 0,000233
изрядно 3,912023 0,000283
изучать 2,659260 0,000192
изучение 1,514128 0,000110
изучения 1,272966 0,000092
изыскать 3,912023 0,000283
илии 2,813411 0,000204
илл 2,813411 0,000204
илларионовича 3,912023 0,000283
имеет 0,235722 0,000051
имело 2,302585 0,000167
имена 1,832581 0,000265
именем 1,272966 0,000092
имени 0,462035 0,000635
именно 0,544727 0,000039
имеют 0,371064 0,000081
имеются 0,843970 0,000061
имеющий 1,897120 0,000137
императора 1,514128 0,000438
императором 2,813411 0,000204
императору 2,407946 0,000523
императрице 3,912023 0,000283
императрицы 1,832581 0,000133
империей 2,659260 0,001347
империи 0,733969 0,000106
империю 2,995732 0,000434
имя 0,891598 0,000323
ин-т 0,000000 0,000000
ин-та 3,506558 0,000254
иначе 0,733969 0,000212
инвестиции 1,714798 0,000124
инвестиционного 2,995732 0,000217
ингуши 1,897120 0,000137
индексы 1,514128 0,000110
индивидуального 2,813411 0,000204
индивидуальности 3,912023 0,000283
индийцы 2,120264 0,000153
индустриального 2,407946 0,000174
инженер 2,407946 0,000349
инженерный 2,813411 0,000204
инженерных 2,302585 0,000167
иностранные 1,660731 0,000240
иностранных 1,203973 0,000261
институт 0,478036 0,000415
институте 1,832581 0,000133
институты 1,660731 0,000240
инструкцией 3,218876 0,000233
инструменты -0,009950 -0,000001
интерактивная 2,525729 0,000183
интернет 0,916291 0,000199
интернет-доступ 3,912023 0,000283
интернет-провайдеров 2,659260 0,000192
интернет-провайдеры 3,218876 0,000233
интернета 1,771957 0,000128
интернете 1,771957 0,000128
информации 0,446287 0,000032
информационно-аналитическое 2,995732 0,000217
информационного 2,302585 0,000167
информационное 1,469676 0,000106
информационный 1,427116 0,000413
информация 0,446287 0,000258
информсвязь 3,912023 0,000283
инфорост 3,218876 0,000233
ионович 3,912023 0,000283
ираклион 3,218876 0,000233
ирон 0,000000 0,000000
исаев 2,995732 0,000217
исключен 3,506558 0,000254
исключением 1,347074 0,000098
исключены 3,506558 0,000254
искусств 0,916291 0,000066
искусства 0,733969 0,000372
искусство 0,994252 0,000144
испания 2,207275 0,000160
испанское 3,912023 0,000566
испанцы 2,120264 0,000153
исполкома 2,302585 0,000333
исполнении 1,560648 0,000226
исполнения 1,469676 0,000106
исполнителей 2,525729 0,000183
исполнительно-распорядительными 3,912023 0,000283
исполнительную 2,302585 0,000167
исполнительным 2,302585 0,000167
исполняющий 2,813411 0,000204
исполняющим 2,040221 0,000295
использована 3,506558 0,000254
использование 0,891598 0,000065
использованием 1,347074 0,000195
использования -0,009950 -0,000001
используется 0,616186 0,000089
используют 1,309333 0,000095
использующие 0,040822 0,000009
испр 1,832581 0,000265
исправьте 3,912023 0,000283
испытывала 3,218876 0,000233
исследование 1,427116 0,000413
исследовании 2,659260 0,000192
исследований 0,941609 0,000068
исследования 0,733969 0,000053
исследовательской 2,659260 0,000192
истекает 3,912023 0,000283
истока 1,021651 0,000074
истории 0,248461 0,000360
историк 2,302585 0,000167
историка-краеведа 3,912023 0,000283
историко-биографические 3,912023 0,000566
историко-документальное 3,912023 0,000283
историко-краеведческое 3,506558 0,000254
историко-культурное 3,506558 0,001015
историко-монографическое 3,912023 0,000283
историографии 2,813411 0,000204
историческая 1,237874 0,000358
исторические 0,941609 0,000068
исторический 0,653926 0,000095
историческим 2,207275 0,000160
исторических 1,139434 0,000660
исторического 1,049822 0,000152
историческое 1,660731 0,000120
исторической 1,171183 0,000170
историческую 2,120264 0,000614
историю 0,843970 0,000489
история 0,051293 0,000115
источник -0,009950 -0,000002
источниками 0,776529 0,000056
источниках 1,386294 0,000100
источники 0,415515 0,000391
источников 0,371064 0,000188
исчислении 0,843970 0,000061
итальянцы 1,771957 0,000128
итогам 1,139434 0,000165
итоги 0,713350 0,000155
итого 1,609438 0,000233
итогов 0,891598 0,000065
иудейская 2,813411 0,000204
июле 0,967584 0,000140
июль 0,579818 0,000126
июля 0,116534 0,000396
июнь 0,544727 0,000079
июня 0,116534 0,000380
кабардинцы 1,832581 0,000133
кабельных 2,525729 0,000183
кавалерами 3,218876 0,000233
кавалером 3,912023 0,000283
кавалеры 3,506558 0,000254
каверзное 3,912023 0,002265
кавказ 1,771957 0,000128
кавказа 1,660731 0,000120
кадетский 2,525729 0,000366
кадетском 3,506558 0,000254
кадмий 3,912023 0,000283
казакам 2,813411 0,000815
казаками 2,207275 0,000320
казаки 2,040221 0,000443
казаков 1,660731 0,000481
казань 0,891598 0,000065
казарменное 3,912023 0,000283
казахи 1,514128 0,000110
казнено 3,912023 0,000283
какие 1,897120 0,000137
калач 3,912023 0,000283
калач-на-дону 2,659260 0,000192
калачеевский 3,912023 0,000283
калашников 2,659260 0,000192
калейдоскоп 3,218876 0,000466
календарь 1,514128 0,000110
каликино 3,506558 0,000254
калинина 2,207275 0,000160
калмыки 1,897120 0,000137
кам 3,912023 0,000283
каменный 1,714798 0,000124
каменных 1,832581 0,000133
каменск-шахтинский 3,218876 0,000233
каменский 2,659260 0,000192
камень 1,714798 0,000124
камерный 1,966113 0,000142
камня 2,040221 0,000148
камышев 3,912023 0,000283
канал 0,843970 0,000122
канала 1,771957 0,000128
кандидата 2,207275 0,000799
кандидаты 2,525729 0,000183
кантемировский 3,912023 0,000283
канун 2,995732 0,000217
капитан 2,302585 0,000167
караганде 3,912023 0,000283
караимы 2,995732 0,000217
каракалпаки 2,120264 0,000153
караул 2,995732 0,000217
карачаевцы 1,966113 0,000142
кардинально 2,813411 0,000204
карелы 2,040221 0,000148
карете 3,506558 0,000254
карла 1,560648 0,000452
карта 0,776529 0,000169
картами 0,562119 0,000041
карте 1,108663 0,000080
картографическая 3,912023 0,000566
карточка 2,659260 0,000192
карты 0,941609 0,000068
карьерное 3,912023 0,000283
каталог 1,609438 0,000116
каталогах 0,094311 0,000007
катальпа 3,912023 0,000283
категории -0,009950 -0,000001
католический 1,714798 0,000124
кафедрального 2,120264 0,000153
кафедральный 1,021651 0,000222
кафедры 2,407946 0,000523
качестве 0,478036 0,000104
качественно 3,506558 0,000254
каширский 3,912023 0,000566
каштан 2,995732 0,000217
кбха 3,912023 0,001416
квадрат 2,995732 0,000217
кварта 3,912023 0,001982
квартира 2,995732 0,000217
квасов 3,218876 0,000466
керамический 3,506558 0,000508
керамическом 3,912023 0,000283
киев 1,560648 0,000113
киеве 2,813411 0,000204
километрах 1,514128 0,000329
кино 0,994252 0,000144
кинологических 3,912023 0,000283
кинопроката 3,506558 0,000254
кинотеатр 1,108663 0,000321
кинотеатров 1,237874 0,000090
кинотеатры 1,078810 0,000390
киргизы 1,560648 0,000113
кирха 1,897120 0,000137
кислородно-керосиновый 3,912023 0,000566
китай 0,867501 0,000063
китайцы 1,660731 0,000120
кишечные 3,912023 0,000283
кладбищ 1,966113 0,000142
кладбища 1,560648 0,000452
кладбищах 2,995732 0,000217
кладбище 1,347074 0,000195
класса 1,203973 0,000087
классика 2,525729 0,000183
классификации 1,832581 0,000265
классицизм 2,207275 0,000160
классицизма 1,832581 0,000265
клен 2,407946 0,000174
климат 0,494296 0,000250
климата 0,733969 0,000053
климента 2,813411 0,000204
клиническая 1,714798 0,000248
клинические 3,218876 0,000233
клинический 2,207275 0,000160
клинической 2,407946 0,000174
клинских 3,912023 0,000283
клоны 3,912023 0,000283
клоунов 3,912023 0,000283
клуб 0,916291 0,000265
клуба 1,660731 0,000120
клубов 2,040221 0,000148
ключ 1,660731 0,000120
книга 0,843970 0,000122
книги 0,916291 0,000133
книгоизд-во 3,912023 0,000283
книжное 1,078810 0,000469
кнопки 3,218876 0,000233
княжества 2,120264 0,000153
князя 1,139434 0,000330
ковров 2,659260 0,000192
код -0,009950 -0,000050
кода 0,798508 0,000058
кодекс -0,009950 -0,000001
кодистория 0,116534 0,000008
кодотел 3,912023 0,000283
кожевенный 2,995732 0,000217
козак 3,912023 0,000283
козака 3,912023 0,000283
козельск 2,659260 0,000192
козлова 2,813411 0,000407
козья 3,506558 0,000254
колебаний 2,040221 0,000148
колиуха 3,912023 0,000283
количестве 1,714798 0,000124
количественно 3,506558 0,000254
количество 0,328504 0,000071
коллегами 3,912023 0,000283
коллектива 2,813411 0,000204
коллективная 3,912023 0,000283
колоколитейного 3,912023 0,000283
колокололитейное 3,912023 0,000566
колокололитейном 3,912023 0,000566
колокольня 2,407946 0,000174
колпино 2,659260 0,000192
колхозных 3,912023 0,000283
колыбель 3,218876 0,000233
колыбелью 3,912023 0,000283
кольце 2,525729 0,000183
кольцов 2,995732 0,000217
кольцова 3,506558 0,000508
кольцовский 3,912023 0,000566
кольцовского 3,912023 0,000283
кольцовской 3,912023 0,000283
кольцовском 3,912023 0,000283
кольцову 3,912023 0,000283
командовал 3,218876 0,000233
командованием 1,771957 0,000385
комаров 2,995732 0,000217
комаров-хирономид 3,912023 0,000283
комбинат 1,171183 0,000170
коми 1,514128 0,000110
коми-пермяки 2,040221 0,000148
комикыргызча 0,000000 0,000000
коминтерновский 3,912023 0,001133
коминтерновское 3,912023 0,000283
коминтерновском 3,912023 0,000283
комиссар 3,912023 0,000283
комиссара 3,218876 0,000466
комиссариата 3,912023 0,000283
комиссией 2,120264 0,000153
комиссии 1,309333 0,000095
комитет 0,755023 0,000164
комитета 1,203973 0,000261
комитетом 3,218876 0,000233
комитету 2,813411 0,000204
комитеты 2,995732 0,000217
комментарии 1,386294 0,000100
коммерсантъ 1,139434 0,000082
коммерческие 2,407946 0,000174
коммерческих 1,714798 0,000124
коммуна 2,813411 0,003055
коммуну 3,912023 0,000283
комолов 3,912023 0,000849
компании 0,579818 0,000294
компаний 0,967584 0,000070
компания 0,653926 0,000284
комплекс 0,653926 0,000142
комплекса 1,272966 0,000092
комплексах 2,659260 0,000192
комплексная 2,659260 0,000192
комплексного 2,120264 0,000307
комплексной 2,407946 0,000174
комплексном 3,912023 0,000283
комплексом 1,966113 0,000142
комплектации 3,506558 0,000254
композитор 1,966113 0,000142
композиции 2,302585 0,000167
компоненты 1,609438 0,000116
комсомолец 1,560648 0,000113
комсомольская 1,171183 0,000085
комсомольский 1,714798 0,000124
кондитерская 2,040221 0,000148
конец 0,798508 0,000058
конкурс 1,832581 0,000133
конкурсов 2,407946 0,000174
кононов 3,912023 0,004247
коноплева 3,218876 0,000233
конституционно-демократическая 3,912023 0,000283
конструктивизма 1,966113 0,000142
конструктор 2,525729 0,000183
конструкторское 2,995732 0,000217
конструкции 2,120264 0,000153
консультативно-диагностический 3,218876 0,000233
континентальный 0,776529 0,000056
контора 2,525729 0,000183
конторе 3,912023 0,000283
контрастным 3,912023 0,000283
контроль 1,427116 0,000310
контрольно-счетную 3,912023 0,000283
контрольный 2,659260 0,000192
контрольных 2,995732 0,000217
контроля 1,560648 0,000113
контузило 3,912023 0,000283
конференции 1,139434 0,000165
конфиденциальности -0,009950 -0,000001
конфликта 2,120264 0,000153
конца 0,562119 0,000081
конце 0,430783 0,000156
концентрацией 2,525729 0,000183
концентраций 2,207275 0,000160
концепция 1,966113 0,000142
концерна 2,813411 0,000611
концерны 3,912023 0,000283
копии 0,653926 0,000095
копия 0,328504 0,000214
корабельной 3,506558 0,000254
корабле 3,506558 0,000254
кораблей 2,525729 0,000731
кораблем 3,506558 0,000508
корабль 2,302585 0,001167
корабль-музей 3,506558 0,000508
корабля 2,813411 0,000815
кораблями 3,506558 0,000254
кордон 3,912023 0,000566
корейцы 1,609438 0,000116
коренных 2,207275 0,000320
корнелиса 3,912023 0,000283
корнем 3,218876 0,000233
коробьин 3,912023 0,000283
королевича 3,912023 0,000283
королевичу 3,912023 0,000283
короленко 3,218876 0,000466
короткие 2,302585 0,000167
короткий -0,009950 -0,000001
короткое 2,659260 0,000192
корпус 1,272966 0,000369
корпусе 3,506558 0,000254
корреспонденцию 3,912023 0,000283
косагова 3,912023 0,000283
косберг 3,912023 0,000283
космический 2,813411 0,000204
космического 2,813411 0,000407
космической 2,120264 0,000307
космонавтом 3,912023 0,000566
котенку 3,912023 0,000566
котенок 3,912023 0,000283
которая 0,287682 0,000208
которого 0,301105 0,000131
которое 0,478036 0,000104
которой 0,174353 0,000126
котором 0,301105 0,000218
которому 0,843970 0,000122
которую 0,867501 0,000063
которые 0,162519 0,000129
который 0,105361 0,000130
которым 0,798508 0,000173
которых 0,094311 0,000075
кошек 3,218876 0,000699
кошки 3,912023 0,000283
крае 1,514128 0,000110
краеведов 3,218876 0,000233
краеведческий 1,237874 0,000179
краеведческого 2,659260 0,000192
краеведческое 3,912023 0,000566
край 0,891598 0,000323
краматорске 3,506558 0,000254
крамского 3,912023 0,000283
красная 1,108663 0,000160
красноармейцы 3,218876 0,000233
красного 1,272966 0,000092
краснодар 1,386294 0,000301
красной 0,967584 0,000140
краснолесный 3,912023 0,000283
красном 2,207275 0,000160
красноярск 0,967584 0,000070
красный 0,941609 0,000068
красным 2,525729 0,000183
кратера 3,912023 0,000283
краткая 0,967584 0,000070
крах 3,506558 0,000254
края 0,713350 0,000620
крейсер 3,218876 0,000233
кремль 1,714798 0,000124
крепости 1,203973 0,000436
крепость 1,078810 0,000703
крест 2,120264 0,000153
креста 2,040221 0,000148
крестом 2,995732 0,000217
крестьянский 3,506558 0,000254
крестьянских 2,040221 0,000148
крестьянской 3,506558 0,000254
кречетов 3,912023 0,000283
кривоборского 3,912023 0,000566
кривошипный 3,912023 0,000566
кризиса 2,040221 0,000443
критик 3,912023 0,000283
критикуют 3,506558 0,000254
кровавый 3,912023 0,000283
кроме 0,235722 0,000051
кронштадт 2,525729 0,000183
круглое 3,912023 0,000283
круглосуточное 3,506558 0,000254
крупнейшие 0,776529 0,000056
крупнейший 0,755023 0,000055
крупнейшим 1,203973 0,000087
крупнейших 0,634878 0,000230
крупного 1,560648 0,000113
крупное 1,897120 0,000137
крупные 0,579818 0,000084
крупный 0,798508 0,000116
крупным 1,021651 0,000074
крупными 1,309333 0,000095
крупных 0,494296 0,000107
крутогорье 3,506558 0,000254
крыма 0,843970 0,000061
крымские 1,771957 0,000128
крымский 2,659260 0,000192
крымским 2,995732 0,000217
крымских 2,302585 0,000333
крюйс 3,912023 0,000283
крючков 3,912023 0,000283
ксв 2,302585 0,000167
ксерокопии 3,912023 0,000283
кстенин 3,912023 0,000566
ктв-форум 3,912023 0,000283
кубанева 3,912023 0,000566
кубанская 2,995732 0,000217
кубинцы 2,207275 0,000160
кубок 1,832581 0,000133
кубометров 2,525729 0,000183
кузьминка 2,995732 0,000217
куйбышеве 3,506558 0,000254
куки -0,009950 -0,000001
кукол 0,916291 0,000133
кулиновой 3,912023 0,000566
культура 0,653926 0,000331
культуре 1,427116 0,000103
культурного 0,916291 0,000066
культурном 2,120264 0,000153
культурному 3,506558 0,000254
культурную 2,525729 0,000183
культурные 2,040221 0,000295
культурным 2,120264 0,000153
культурных 1,347074 0,000098
культуры 0,462035 0,000334
кумандинцы 3,506558 0,000254
кумыки 1,832581 0,000133
курдов 3,912023 0,000283
курдской 3,912023 0,000283
курды 2,040221 0,000148
курино 3,506558 0,000254
курск 2,407946 0,000523
курьер 2,659260 0,000770
кустов 3,912023 0,000283
кутузова 3,506558 0,000254
лабораторией 2,995732 0,000217
лаборатория 1,771957 0,000128
лазарева 2,302585 0,000167
лазарь 3,912023 0,000283
лакцы 1,832581 0,000133
лампы 3,506558 0,000254
ландшафтно-экологические 3,912023 0,000283
ландшафтного 3,912023 0,000283
ландшафты 2,302585 0,000167
лаптев 3,506558 0,000254
ласунский 3,912023 0,000566
латыши 1,897120 0,000137
лауреат 2,040221 0,000591
лауреатом 2,659260 0,000192
левашов 1,660731 0,000120
левая 2,995732 0,000217
левитин 3,912023 0,000283
левобережное 3,912023 0,000283
левобережном 3,912023 0,000283
левобережный 2,813411 0,001222
левого 1,966113 0,000142
левом 1,309333 0,000284
левые 2,659260 0,000192
левый 1,309333 0,000190
левыми 3,506558 0,000254
легенды 2,207275 0,000160
легкие 2,813411 0,000204
ледовый 1,560648 0,000113
лезгины 1,771957 0,000128
ленина 0,867501 0,000251
ленинагорода 2,120264 0,000153
ленино 2,995732 0,000217
ленинский 1,078810 0,000312
ленину 1,272966 0,000092
ленты 2,525729 0,000366
леон 3,218876 0,000233
леонид 1,966113 0,000142
леонидовичу 3,912023 0,000283
леониду 3,912023 0,000283
леса 1,021651 0,000148
лесное 2,525729 0,000183
лесной 1,272966 0,000276
лесные 1,560648 0,000113
лесостепи 2,407946 0,000174
лесотехнический 3,218876 0,000233
лесохозяйственный 3,912023 0,000283
лет 0,223144 0,000129
летающая 3,912023 0,000283
летие 1,309333 0,000095
летием 2,407946 0,000174
летию 1,078810 0,000156
летия 1,108663 0,000401
летний 1,108663 0,000160
летной 3,912023 0,000283
летом 0,597837 0,000087
летучих 3,218876 0,000233
лжедмитрию 3,506558 0,000508
лжедмитрия 3,218876 0,000233
либерце 3,912023 0,000283
ливны 3,912023 0,000283
лиги 1,386294 0,000301
лигу 3,912023 0,000566
лидер 2,207275 0,000160
лидирующие 2,659260 0,000192
лизюкова 3,912023 0,000566
лии 3,912023 0,000283
ликвидации 1,609438 0,000116
ликвидирован 2,120264 0,000307
ликвидированы 2,659260 0,000192
лику 2,995732 0,000217
лилия 3,218876 0,000233
линейного 2,813411 0,000204
линейный 2,525729 0,000731
линейным 3,218876 0,000233
линий 1,309333 0,000190
линк 3,506558 0,000254
липа 2,659260 0,000192
липецк 2,525729 0,000366
липецкой 3,218876 0,000233
лисицын 3,912023 0,000283
лисках 3,912023 0,000283
лиски 3,506558 0,000254
лискинская 3,912023 0,000283
лискинский 3,912023 0,000283
лискинского 3,912023 0,000283
лискинской 3,912023 0,000283
листах 2,040221 0,000148
лиственница 2,813411 0,000204
листе 3,218876 0,000233
литвинцев 3,912023 0,000283
литература 0,061875 0,000009
литературе 1,514128 0,000110
литературную 3,912023 0,000283
литературный 1,427116 0,000310
литовцы 1,966113 0,000142
литосферы 3,912023 0,000283
лиц 1,427116 0,000103
лица 1,272966 0,000092
лице 2,525729 0,000183
лицензии -0,009950 -0,000001
личинок 3,506558 0,000254
личного 2,302585 0,000333
личным 3,506558 0,000254
лишь 0,478036 0,000035
ловель 3,912023 0,000283
лог 2,407946 0,000523
лодок 2,995732 0,000217
лодыгин 3,912023 0,000566
локальное 1,108663 0,000080
ломоносов 2,120264 0,000153
луга 1,966113 0,000142
луганск 1,203973 0,000087
луки 2,207275 0,000160
луна 2,995732 0,000434
луне 3,506558 0,000254
лучших 1,049822 0,000152
лыжероллерам 3,912023 0,000283
лысцов 3,912023 0,000283
львов 2,995732 0,000217
льшая 0,000000 0,000000
люби 3,912023 0,001416
людей 0,693147 0,000151
люди 0,755023 0,000109
людмила 2,207275 0,000160
людьми 1,609438 0,000116
лютеранам 3,912023 0,000283
лютеранская 1,897120 0,000137
магдалины 3,218876 0,000233
мае 0,867501 0,000063
май 0,597837 0,000173
макарова 2,120264 0,000153
македонцы 2,813411 0,000204
макет 2,995732 0,000217
макротопоним 3,912023 0,000283
макс 2,120264 0,000153
максим 1,560648 0,000113
максимир 3,912023 0,000283
максимум 0,733969 0,000159
мала 3,218876 0,000233
маланино 3,912023 0,000283
малгобек 2,813411 0,000204
маленьким 3,218876 0,000233
малой 1,514128 0,000110
малоярославец 2,813411 0,000204
малые 1,832581 0,000133
малый 0,371064 0,000054
малых 1,309333 0,000095
малышево 2,995732 0,000217
мандельштам 3,506558 0,000508
мандельштаму 3,912023 0,000283
маневре 3,912023 0,000283
мансуров 3,506558 0,000254
марии 2,040221 0,000443
мариинская 2,407946 0,000174
мариинской 2,995732 0,000217
мариймонгол 0,000000 0,000000
марийцы 1,714798 0,000124
мариной 3,912023 0,000283
мариуполь 2,407946 0,000174
мария 1,832581 0,000133
марка 0,867501 0,000063
маркович 3,912023 0,000283
маркса 1,609438 0,000466
марксизма 3,506558 0,000254
март 0,616186 0,000134
марта 0,139262 0,000454
марте 0,967584 0,000140
мартынович 3,912023 0,000283
марченко 3,506558 0,000254
маршак 3,912023 0,000283
маршрут 1,272966 0,000092
маршрутными 2,120264 0,000153
маршрутов 0,967584 0,000070
маслов 3,218876 0,000233
масловка 3,912023 0,000566
масловке 3,912023 0,000283
масловский 3,506558 0,000254
масса 1,609438 0,000116
массалитинов 3,912023 0,000283
массалитинова 3,912023 0,001133
массированной 3,912023 0,000283
массового 1,966113 0,000142
массовые 2,207275 0,000320
массовый 1,832581 0,000265
мастеровые 3,912023 0,000283
мастерские 2,120264 0,000153
масштаба 2,207275 0,000160
матвеев 2,040221 0,000148
математике 2,659260 0,000192
материал -0,009950 -0,000001
материалам 2,207275 0,000160
материалах 2,813411 0,000407
материалов 0,755023 0,000109
материалы 0,843970 0,000244
материальная 3,218876 0,000233
материнская 3,912023 0,000283
матросами 3,912023 0,000283
матч 1,347074 0,000098
машин 1,139434 0,000082
машиностроение 1,560648 0,000113
машиностроении 3,218876 0,000233
машиностроения 1,469676 0,000106
машиностроительной 2,995732 0,000217
мая 0,139262 0,000423
мвд 1,309333 0,000190
мебель 2,995732 0,000217
мебельная 2,659260 0,000192
мебельный 3,218876 0,000233
мегафон 1,237874 0,000090
медали 2,302585 0,000167
медиафайлы 0,301105 0,000022
медицинская 2,040221 0,000148
медицинский 0,891598 0,000194
медицинского 1,714798 0,000124
медицинской 1,514128 0,000438
медь 2,995732 0,000217
межвузовский 2,659260 0,000192
междугородную 3,912023 0,000283
международно 1,139434 0,000082
международного 0,733969 0,000266
международной 1,203973 0,000174
международному 3,218876 0,000233
международные 0,941609 0,000273
международный 0,713350 0,000207
международными 2,813411 0,000204
межрегионального 3,218876 0,000233
мекка 3,912023 0,000283
мели 3,218876 0,000233
мелитополь 2,813411 0,000204
меловая 3,912023 0,000283
мельхеева 3,506558 0,000254
мемориальным 3,506558 0,000254
мемориальных 2,302585 0,000167
менее 0,314711 0,000205
ментешашвили 3,912023 0,000283
меньшиков 3,912023 0,000283
меняло 3,912023 0,000283
меркулова 3,218876 0,000233
меркурий 2,995732 0,000434
мероприятий 1,514128 0,000219
места 0,579818 0,000042
месте 0,544727 0,000197
местного 0,941609 0,000273
местности 1,427116 0,000310
местность 1,660731 0,000120
местные 1,049822 0,000228
местным 2,659260 0,000192
местными 2,040221 0,000295
местных 1,108663 0,000160
место 0,371064 0,000322
местом 1,049822 0,000152
местоположения 2,659260 0,000192
месяцевикипедия 0,776529 0,000056
металлистов 3,506558 0,000254
металлообработке 3,506558 0,000254
металлообработки 2,813411 0,000204
метробуса 3,912023 0,000283
метрополитена 1,660731 0,000120
механический 2,407946 0,000349
механических 2,659260 0,000192
меценат 2,813411 0,000407
меценаты 3,218876 0,000233
мечетей 2,659260 0,000192
миит 3,912023 0,000283
микробиологическим 3,218876 0,000233
микрорайон-эксклав 3,912023 0,000283
микрорайона 1,771957 0,000257
микрорайонах 2,813411 0,000204
микрорайоном 3,218876 0,000233
микрорегиона 3,912023 0,000283
микросейсмических 3,912023 0,000283
милиции 2,207275 0,000160
милиционеров 3,218876 0,000233
милицыной 3,912023 0,000283
миллерово 3,218876 0,000233
миллиарда 1,966113 0,000569
миллиона 1,386294 0,000201
миллионный 2,120264 0,000307
милонов 3,912023 0,000283
милонова 3,912023 0,000283
милькова 3,912023 0,000283
минерагении 3,912023 0,000283
минералс 3,912023 0,000283
минимум 0,693147 0,000151
министерства 0,891598 0,000194
министерство 1,108663 0,000160
министр 2,120264 0,000153
минов 3,912023 0,000566
минову 3,912023 0,000283
минск 1,714798 0,000124
минусы 3,912023 0,000283
мир 0,342490 0,000074
мира 0,415515 0,000090
мире 0,494296 0,000429
мирному 2,659260 0,000192
мирный 2,207275 0,000320
мирных 2,659260 0,000385
мировой 0,733969 0,000053
мистюков 3,912023 0,000283
митрофан 3,506558 0,000761
митрофана 3,218876 0,000233
митрофановского 3,912023 0,000283
митрофаном 3,912023 0,000283
митрофану 3,912023 0,000849
михаил 0,916291 0,000066
михаила 1,171183 0,000339
михайловском 3,506558 0,000254
михалевич 3,912023 0,000283
михно 3,912023 0,000566
мичуринск 3,218876 0,000233
мишон 3,912023 0,000283
мишустин 3,218876 0,000233
младших 3,506558 0,000254
млн 0,462035 0,000134
млрд 0,820981 0,000119
мнвк 3,912023 0,000283
мнению 0,967584 0,000280
мнения 2,120264 0,000153
мнишек 3,218876 0,000466
многие 0,356675 0,000181
многим 1,897120 0,000137
многих 0,494296 0,000143
многопушечными 3,912023 0,000283
многочисленные 1,139434 0,000165
многоэтажных 2,525729 0,000183
множество 0,597837 0,000130
мобильная -0,009950 -0,000001
мобильники 3,912023 0,000283
мобильного 2,207275 0,000160
мобильной 2,525729 0,000366
мобильный 2,813411 0,000204
мобильных 2,525729 0,000183
мог 1,609438 0,000116
могилах 3,912023 0,000566
могилы 2,120264 0,000307
могло 2,120264 0,000153
могут -0,009950 -0,000001
модели 1,171183 0,000170
модулем 1,021651 0,000148
модуль 0,941609 0,000068
мое 2,813411 0,002240
моем 3,506558 0,000254
можайск 2,813411 0,000204
можете 0,653926 0,000237
можжевельник 2,995732 0,000217
мозаика 3,506558 0,000254
моисеева 3,912023 0,000283
моисеевым 3,506558 0,000254
молдаване 1,714798 0,000124
моллюсков 3,218876 0,000233
молодцова 3,912023 0,000283
молочный 2,040221 0,000148
момент 0,597837 0,000130
монастырщенку 3,912023 0,000283
монастырщинка 3,912023 0,000283
монастыря 1,309333 0,000190
монголы 1,897120 0,000137
монета 1,309333 0,000095
монеты 2,207275 0,000160
мониторинга 1,714798 0,000372
мониторингу 2,995732 0,000217
монография 2,659260 0,000192
мордасова 3,912023 0,000566
мордасовой 3,912023 0,000283
мордва 1,309333 0,000095
море 1,049822 0,000076
морозова 2,525729 0,000183
морским 2,659260 0,000192
морских 1,832581 0,000265
морского 1,897120 0,000137
моря 0,579818 0,000042
мосин 3,218876 0,000466
москва 0,400478 0,000261
москваворонеж 3,912023 0,000283
москве 1,171183 0,000339
москвой 1,237874 0,000090
москву 1,139434 0,000247
москвы 0,653926 0,000284
московский 0,891598 0,000194
московскими 3,218876 0,000233
московского 0,867501 0,000188
московское 1,347074 0,000098
мост 0,967584 0,000490
моста 1,139434 0,000330
мостов 1,560648 0,000226
мостом 2,407946 0,000174
мосты 1,427116 0,000516
мошковский 3,506558 0,000254
мощи 2,995732 0,000217
мск 0,843970 0,000061
мстиславского 3,912023 0,000283
мтс 1,237874 0,000090
мужество 2,120264 0,000460
музеи 0,820981 0,000297
музей 0,776529 0,000337
музей-диорама 3,506558 0,000254
музея 1,021651 0,000074
мультфильма 3,506558 0,000254
муниципального 0,891598 0,000258
муниципальное 1,139434 0,000165
муниципальные 1,309333 0,000095
муниципальный 1,386294 0,000100
муниципальным 0,776529 0,000843
муниципальными 1,660731 0,000240
муниципальных 0,776529 0,000450
мураду 3,912023 0,000283
мусора 2,120264 0,000153
мусульмане 1,714798 0,000124
мусульманская 2,813411 0,000204
мфа 2,995732 0,000217
мысли 2,407946 0,000174
мышей 2,995732 0,000217
мэр 1,347074 0,000098
мэра 1,347074 0,000098
мэром 1,714798 0,000372
мэры 2,995732 0,000217
мэхэн 3,912023 0,000283
мясная 3,912023 0,000283
мясной 2,659260 0,000192
мятеж 2,302585 0,000167
мятежа 2,659260 0,000192
мятежных 3,506558 0,000254
н-я 0,000000 0,000000
набегов 2,120264 0,000307
набережной 1,272966 0,000184
наблюдалось 2,525729 0,000183
навигации -0,009950 -0,000001
навигация -0,009950 -0,000001
наградить 3,506558 0,000508
награды 0,867501 0,000188
награжден 1,514128 0,000219
награжденные 1,021651 0,000148
надвое 3,912023 0,000283
надежка 3,912023 0,000283
наделялся 3,912023 0,000283
надзорных 3,506558 0,000254
назвали 1,609438 0,000116
назван 1,078810 0,000156
название 0,198451 0,000172
названии 1,771957 0,000128
названий 1,078810 0,000156
названия 0,342490 0,000074
названиях 1,897120 0,000275
названных 2,995732 0,000217
названы 1,386294 0,000100
назначаются 3,912023 0,000283
назначен 1,386294 0,000301
назовут 2,995732 0,000217
называемым 3,218876 0,000233
называть 1,966113 0,000142
называют 0,916291 0,000066
наиболее 0,139262 0,000020
наименовали 3,912023 0,000283
найден 2,525729 0,000183
найдено 2,995732 0,000217
найдены 1,714798 0,000248
наказаний 2,659260 0,000192
наказания 2,995732 0,000217
накаливания 3,912023 0,000283
налажено 3,218876 0,000233
нальчик 2,407946 0,000174
наместника 2,659260 0,000192
наместником 3,218876 0,000233
наместничество 2,302585 0,000167
нами -0,009950 -0,000001
нанайцы 2,407946 0,000174
нападение 3,506558 0,000508
написано 3,218876 0,000233
напитков 2,813411 0,000204
напоминания 3,912023 0,000283
направлении 1,108663 0,000160
направления 0,755023 0,000055
направлениям 1,660731 0,000120
направлено 2,813411 0,000204
направлены 2,659260 0,000192
напрасные 3,912023 0,000283
например 0,328504 0,000071
напротив 1,237874 0,000090
наркоситуации 3,912023 0,000283
наро-фоминск 2,813411 0,000204
народ 2,120264 0,000153
народная 0,713350 0,000258
народного 1,171183 0,000170
народное 0,798508 0,000231
народной 1,966113 0,000142
народную 3,218876 0,000233
народный 1,469676 0,000638
народных 1,203973 0,000087
наса 2,995732 0,000217
насекомых 2,525729 0,000366
население 0,693147 0,000602
населением 0,776529 0,000169
населения 0,494296 0,001968
населениягод 0,000000 0,000000
населенные 0,673345 0,000195
населенным 1,897120 0,000412
населенных 0,693147 0,000351
наследие 1,347074 0,000390
наследию 3,218876 0,000233
наследия 0,820981 0,000059
наследство 3,218876 0,000466
настойчивости 3,912023 0,000283
настоящее 0,328504 0,000166
настроены 3,912023 0,000283
наступает 0,916291 0,000066
наступательной 2,813411 0,000204
наступление 2,120264 0,000307
насчитывалось 1,347074 0,000098
наталия 2,302585 0,000167
наталья 1,660731 0,000240
наук 0,693147 0,000401
наука 0,301105 0,000065
науки 0,820981 0,000059
наукой 2,207275 0,000160
научн 3,912023 0,000283
научная 0,798508 0,000058
научно-документальное 3,912023 0,000849
научно-исследовательские 2,040221 0,000148
научно-исследовательском 3,218876 0,000233
научно-популярное 3,218876 0,000466
научно-популярные 2,995732 0,000434
научно-технической 2,407946 0,000174
научного 1,309333 0,000190
научном 2,525729 0,000183
научные 1,049822 0,000228
научный 0,941609 0,000273
научным 1,771957 0,000128
научных 0,776529 0,000112
находился 0,776529 0,000112
находится 0,328504 0,000238
находясь 2,302585 0,000167
находятся 0,527633 0,000267
национальная 1,108663 0,000080
национальной 1,272966 0,000184
национальности 0,867501 0,000440
национальность 1,237874 0,000179
национальные 2,120264 0,000153
национальный 0,597837 0,000173
национальных 1,832581 0,000133
начал 0,798508 0,000058
начала 0,314711 0,000182
началась 0,967584 0,000070
начале 0,314711 0,000114
начали 0,891598 0,000387
начались 1,660731 0,000240
начало 0,415515 0,000090
началось 0,616186 0,000134
начальник 2,659260 0,000385
начальника 2,120264 0,000153
начата 2,659260 0,000385
начато 1,469676 0,000213
начать 2,120264 0,000307
начинается 0,755023 0,000109
начинал 2,995732 0,000217
начинаться 3,506558 0,000254
начиная 0,733969 0,000053
начнут 2,525729 0,000183
небольшие 1,832581 0,000133
неверный 2,407946 0,000174
невозможность 2,995732 0,000217
негативно 2,120264 0,000153
негативное 2,813411 0,000204
негидальцы 3,218876 0,000233
негосударственная 3,218876 0,000233
негосударственные 2,040221 0,000148
негосударственных 1,966113 0,000142
недалеко 1,469676 0,000106
недопущение 3,912023 0,000283
недостатков 0,653926 0,000047
недостающие 3,506558 0,000254
недоступная 0,527633 0,000191
недоступные 0,755023 0,000055
неж 3,912023 0,001982
нежем 0,000000 0,000000
независимость 2,207275 0,000320
независимые 2,302585 0,000167
незаконное 3,912023 0,000283
нейрохирургии 3,218876 0,000233
некоммерческой -0,009950 -0,000001
некорректным 3,506558 0,000508
некоторое 1,771957 0,000257
некоторые 0,301105 0,000109
некоторым 1,966113 0,000142
некоторыми 2,120264 0,000153
некоторых 0,494296 0,000143
некрополь 2,207275 0,000160
нем 0,356675 0,000077
немецкие 1,966113 0,000142
немецкий 1,427116 0,000207
немецким 2,659260 0,000192
немецкими 2,407946 0,000349
немецко-фашистский 3,912023 0,000283
немецко-фашистскими 2,525729 0,000183
немецко-фашистской 3,506558 0,000254
немецкой 1,897120 0,000687
немое 3,506558 0,000254
немцы 1,203973 0,000087
ненаркомовой 3,912023 0,000283
ненцы 2,120264 0,000153
необходимо 1,237874 0,000090
неоднократные 3,912023 0,000283
неофициального 3,506558 0,000254
неофициальное 2,120264 0,000153
неофициальный 2,659260 0,000385
неофициальным 2,813411 0,000204
неправильно 2,040221 0,000148
неприятности 3,912023 0,000283
неработоспособные 3,912023 0,000283
несанкционированных 2,813411 0,000204
несколько 0,150823 0,000087
несмотря 0,755023 0,000219
несомненную 3,912023 0,000566
нестеров 2,659260 0,000192
неудачной 3,218876 0,000233
неудовлетворительном 3,912023 0,000283
неформат 3,912023 0,000283
нефтехимическая 2,995732 0,000217
нехватки 2,659260 0,000192
нечаевых 3,912023 0,000283
нечитаемой 3,506558 0,000254
нивхи 2,813411 0,000204
нижнедевицкий 3,912023 0,000566
нижний 0,673345 0,000146
низовьях 2,207275 0,000320
никитин 2,302585 0,000167
никитина 2,302585 0,001333
никитину 3,912023 0,000283
никиты 2,813411 0,000204
николаевич 1,309333 0,000095
николаевиче 3,912023 0,000283
николаем 2,302585 0,000167
николай 0,867501 0,000063
николая 0,916291 0,000199
никольская 2,525729 0,000548
никольское 2,813411 0,000204
никонова 3,912023 0,000283
ништадтскому 3,218876 0,000233
нквд 2,813411 0,000204
нобелевский 2,995732 0,000650
новая 0,634878 0,000138
новгород 0,867501 0,000188
новмаш-в 0,000000 0,000000
нововоронеж 3,506558 0,000508
нового 0,579818 0,000084
новое 0,755023 0,000055
новой 0,653926 0,000047
новому 1,832581 0,000265
новоникольское 2,995732 0,000217
новороссийск 1,966113 0,000142
новосибирск 0,916291 0,000133
новосибирской 2,407946 0,000174
новосозданному 3,912023 0,000283
новости 0,579818 0,000168
новоусманский 3,912023 0,000566
новохоперск 3,912023 0,000283
новохоперский 3,912023 0,000283
новую 1,171183 0,000170
новые 0,342490 0,000099
новый 0,446287 0,000162
новым 1,049822 0,000076
новых 0,430783 0,000125
ног 2,995732 0,000217
ногайцы 1,897120 0,000137
ноги 3,912023 0,000283
номер 0,820981 0,000119
номера 1,609438 0,000116
номеров 1,832581 0,000398
номером 3,218876 0,000233
номиналом 1,966113 0,000142
норвежская 0,248461 0,000018
норма 0,798508 0,000058
нормального 3,218876 0,000466
носят 2,302585 0,000167
нохчийн 0,000000 0,000000
нояб 0,820981 0,000119
ноябре 0,994252 0,000072
ноябрь 1,171183 0,000085
ноября 0,127833 0,000379
нпо 2,207275 0,000320
нська 0,000000 0,000000
нужны 2,659260 0,000192
ныне 0,653926 0,000379
нынешний 2,040221 0,000148
ньскъ 0,000000 0,000000
оао 0,916291 0,000332
обеспечение 1,237874 0,000090
обитают 2,040221 0,000148
обкома 2,207275 0,000160
обл 1,714798 0,000124
обладает 1,171183 0,000085
областей 1,049822 0,000076
области 0,223144 0,000694
областная 1,309333 0,000379
областного 1,108663 0,000321
областной 1,078810 0,001015
областные 1,771957 0,000257
областным 2,207275 0,000160
областных 2,207275 0,000160
область 0,385662 0,000167
областьгорода 1,309333 0,000095
облик 1,272966 0,000092
обмеления 3,506558 0,000254
обнаружены 1,771957 0,000128
обновив 1,832581 0,000133
обновления 1,514128 0,000219
обновлениявикипедия 1,771957 0,000128
обозначал 2,813411 0,000204
обоих 1,469676 0,000213
оборона 2,120264 0,000153
обороне 2,207275 0,000320
оборонительных 2,813411 0,000204
обороны 1,309333 0,000474
обороняли 3,506558 0,000254
оборудование 1,347074 0,000195
обрабатывающих 2,302585 0,000167
образовал 3,912023 0,000283
образовалась 2,813411 0,000204
образовались 2,659260 0,000192
образован 1,347074 0,000293
образована 1,427116 0,000207
образование 0,494296 0,000179
образований 1,386294 0,000100
образования 0,478036 0,000069
образованиям 0,776529 0,000787
образованиями 1,966113 0,000142
образованы 2,040221 0,000148
образовательные 1,714798 0,000124
образовательных 1,427116 0,000103
образует 0,994252 0,000144
обратно 1,714798 0,000124
обратное 3,506558 0,000254
обращение 1,832581 0,000133
обращения 0,030459 0,000342
обращено 3,506558 0,000254
обстоятельство 2,407946 0,000174
обучались 3,506558 0,000508
обучаются 2,407946 0,000174
обширную 2,813411 0,000204
общая 0,673345 0,000049
общего 0,713350 0,000052
общей 0,597837 0,000043
общеобразовательные 2,207275 0,000160
общеобразовательных 1,203973 0,000087
общественная 2,040221 0,000295
общественно-политических 2,525729 0,000183
общественного 0,916291 0,000133
общественной 1,832581 0,000265
общественный 0,941609 0,000136
общественными 2,813411 0,000204
общественных 1,021651 0,000148
общество 0,713350 0,000052
обществом 2,525729 0,000183
общие 0,673345 0,000049
общий 0,916291 0,000066
общин 1,897120 0,000275
община 1,609438 0,000233
объединение 1,171183 0,000254
объединения 1,203973 0,000087
объездной 2,813411 0,000204
объектам 2,659260 0,000192
объективе 3,912023 0,000283
объектов 0,527633 0,000076
объекты 0,478036 0,000104
объем 0,616186 0,000268
объему 1,771957 0,000128
обязанностей 2,525729 0,000183
обязанности 1,427116 0,000310
обязаны 2,659260 0,000192
огня 2,525729 0,000183
ограды 2,813411 0,000204
ограниченной 2,813411 0,000204
одесса 2,207275 0,000160
одим 3,912023 0,000283
одинаковых 2,995732 0,000217
одна 0,527633 0,000038
однако 0,174353 0,000038
одни 1,714798 0,000124
одно 0,693147 0,000050
одного 0,544727 0,000079
одноименных 2,995732 0,000217
одной 0,371064 0,000027
озелененным 3,912023 0,000283
озелененных 3,218876 0,000233
озера 0,967584 0,000140
озерова 3,506558 0,000254
ознаменование 2,407946 0,000174
ойконим 3,506558 0,000254
оказал 2,659260 0,000192
оказалась 1,771957 0,000128
оказались 1,514128 0,000219
оказана 3,912023 0,000283
оказывает 1,427116 0,000207
оказывал 3,218876 0,000466
оказывающих 2,995732 0,000217
окато 0,820981 0,000178
окко 3,912023 0,000283
оккупацией 3,218876 0,000233
оккупации 2,659260 0,000192
оккупированной 2,995732 0,000217
около 0,000000 0,000000
окончания 1,714798 0,000124
окончательно 1,203973 0,000087
окончательный 3,506558 0,000254
окраине 1,966113 0,000285
окраину 3,506558 0,000254
окраины 2,302585 0,000333
окрестности 1,560648 0,000113
округ 0,673345 0,000341
округа 0,653926 0,000994
округам 1,660731 0,000361
округе 1,309333 0,000284
округов 0,776529 0,000506
окружающей 1,049822 0,000076
окружен 2,407946 0,000174
окружение 2,659260 0,000192
окружении 2,659260 0,000192
окружения 3,218876 0,000233
окружная 2,813411 0,000204
окружной 2,207275 0,000160
окружную 3,218876 0,000466
оксана 2,995732 0,000217
окско-донская 3,912023 0,000283
окско-донской 3,506558 0,000508
окт 0,798508 0,000116
октмо 0,843970 0,000061
октябре 0,967584 0,000140
октябрьской 1,078810 0,000078
октября 0,083382 0,000235
олимпийских 1,897120 0,000137
олимпийского 1,714798 0,000124
олимпик 3,912023 0,000283
олык 0,000000 0,000000
ольга 1,427116 0,000103
ольховатский 3,912023 0,000283
омона 3,912023 0,000283
омск 1,021651 0,000074
омская 2,407946 0,000349
онлайн 0,198451 0,000014
ооо 0,843970 0,000183
операторов 1,347074 0,000293
операторы 1,514128 0,000329
операции 1,139434 0,000165
оперы 1,660731 0,000120
описание -0,009950 -0,000001
описанию 2,659260 0,000192
опора 3,506558 0,000254
опоре 3,506558 0,000254
определенные 2,525729 0,000183
определяет 1,714798 0,000124
определяется 1,609438 0,000116
опрокинутый 3,912023 0,000283
опускается 2,040221 0,000148
опустошен 3,912023 0,000283
опции 3,506558 0,000254
опытную 3,506558 0,000254
опытными 1,714798 0,000124
орган 1,203973 0,000174
органа 1,966113 0,000142
органами 2,120264 0,000153
организатор 2,525729 0,000183
организаторами 3,218876 0,000233
организации -0,009950 -0,000002
организаций 0,776529 0,000112
организацию 2,207275 0,000160
организациями 2,120264 0,000153
органов 0,994252 0,000216
органом 1,514128 0,000110
органы 0,891598 0,000387
орден 1,966113 0,000142
ордена 1,714798 0,000372
орденом 1,021651 0,000444
орденские 3,912023 0,000566
орджоникидзе 2,040221 0,000295
орел 1,609438 0,000582
оригинала 0,162519 0,000506
оригинальным 3,218876 0,000233
ориентирование 3,912023 0,000283
ориентированию 3,506558 0,000508
оркестр 1,660731 0,000120
орленок 2,995732 0,000434
ортодоксальная 3,912023 0,000283
ортпц 2,407946 0,000523
ортсабеларуская 0,000000 0,000000
орудий 2,525729 0,000183
оружие 2,120264 0,000307
оружия 1,560648 0,000113
осада 2,407946 0,000174
осадили 3,506558 0,000254
осадков 0,544727 0,000079
осаду 2,207275 0,000160
осадчая 3,506558 0,000254
осадчий 3,912023 0,000283
осваивая 3,912023 0,000283
освободили 3,218876 0,000233
освобожден 2,659260 0,000192
освобождение 2,525729 0,000183
освобождением 2,813411 0,000204
освоения 1,897120 0,000137
освоил 3,506558 0,000254
освященный 3,506558 0,000254
осенью 1,309333 0,000095
осеред 3,912023 0,000283
осетины 1,771957 0,000128
осипов 0,527633 0,000076
осипова 3,912023 0,000283
осквернены 3,506558 0,000254
оскол 2,813411 0,000204
оскола 3,912023 0,000283
османской 2,813411 0,000815
османскую 3,912023 0,000566
осмотре 3,912023 0,000283
оснащена 2,813411 0,000204
основан 0,579818 0,000126
основание 1,272966 0,000276
основании 1,427116 0,000103
основания 0,713350 0,000155
основаниях 3,506558 0,000254
основанные 0,776529 0,000112
основанный 1,386294 0,000301
основано 1,966113 0,000285
основаны 1,771957 0,000128
основатель 1,609438 0,000116
основателя 2,525729 0,000183
основе 0,494296 0,000250
основная 0,116534 0,000152
основном 0,510826 0,000148
основные 0,223144 0,000113
основным 0,616186 0,000134
основными 1,203973 0,000087
основных 0,634878 0,000092
основой 1,237874 0,000179
основоположник 3,218876 0,000233
основу 1,203973 0,000087
осоавиахима 3,912023 0,000283
особенно 0,562119 0,000041
особенности 0,994252 0,000072
особняки 2,813411 0,000204
особо 1,237874 0,000179
особых 2,995732 0,000434
оспорил 3,912023 0,000283
оставаться 2,207275 0,000320
оставлена 3,912023 0,000283
остались 1,714798 0,000124
остался 2,407946 0,000349
остальные 0,891598 0,000129
островок 3,912023 0,000283
острогожск 3,912023 0,000283
острогожский 3,912023 0,000283
острогожского 3,912023 0,000283
остролистный 3,506558 0,000254
осуществил 2,813411 0,000407
осуществлено 3,506558 0,000254
осуществляет 1,203973 0,000174
осуществляется 0,776529 0,000056
осуществлялись 2,813411 0,000204
отбывал 3,912023 0,000283
ответа 2,659260 0,000192
ответственности -0,009950 -0,000001
ответы 1,514128 0,000110
отгруженной 2,040221 0,000148
отдаленный 3,506558 0,000254
отдела 2,207275 0,000160
отделения 1,021651 0,000074
отделы 3,506558 0,000254
отдельные 1,078810 0,000078
отдельным 2,207275 0,000160
отдельных -0,009950 -0,000001
отдыха 1,049822 0,000152
отечества 2,207275 0,000320
отечественная 1,832581 0,000265
отечественной 0,673345 0,000682
отечественную 2,813411 0,000204
отказ -0,009950 -0,000001
отказались 2,407946 0,000174
откладывается 3,218876 0,000233
открывается 1,660731 0,000120
открылась 1,309333 0,000095
открыло 2,995732 0,000217
открылся 0,941609 0,000204
открыт 0,798508 0,000231
открыта 0,967584 0,000070
открытая 1,771957 0,000128
открытие 0,941609 0,000204
открыто 1,078810 0,000156
открыты 1,049822 0,000076
открытый 1,049822 0,000076
отличается 0,579818 0,000042
отличалась 2,813411 0,000204
отличаться 1,560648 0,000113
отменен 2,407946 0,000174
отменены 2,659260 0,000192
отменят 3,912023 0,000283
отметить 1,714798 0,000124
отметками 3,218876 0,000233
отмечал 2,525729 0,000183
отмечено 1,966113 0,000142
относительно 0,415515 0,000030
относятся 0,713350 0,000052
отношении 1,203973 0,000087
отношений 1,309333 0,000095
отношения 0,994252 0,000144
отписке 3,912023 0,000283
отправлен 2,813411 0,000204
отправлено 2,302585 0,000500
отправляли 2,995732 0,000217
отпуска 3,912023 0,000283
отпусков 3,912023 0,000283
отпущены 3,506558 0,000254
отражают 2,995732 0,000217
отразилось 3,506558 0,000254
отразился 3,506558 0,000254
отрасли 1,078810 0,000078
отредактирована -0,009950 -0,000001
отредактировать 0,967584 0,000280
отремонтированы 3,912023 0,000566
отремонтировать 3,218876 0,000233
отреставрирован 3,506558 0,000254
отроженские 3,912023 0,000283
отроженский 3,912023 0,000283
отрожка 3,912023 0,000283
отрожкой 3,912023 0,000283
отрожские 3,912023 0,000283
отряд 2,120264 0,000460
отставляют 3,912023 0,000283
отсутствие 1,347074 0,000098
отсутствия 1,714798 0,000124
отсутствует 1,272966 0,000276
отходами 2,813411 0,000204
отходов 1,966113 0,000142
офис 1,966113 0,000142
офицерам 3,506558 0,000254
офицерами 3,912023 0,000849
офицеров 1,771957 0,000257
офицеры 2,995732 0,000217
официально 0,693147 0,000151
официальное 1,771957 0,000128
официальной 1,469676 0,000106
официальный 0,510826 0,000074
официальным 1,272966 0,000092
оформленными 2,302585 0,000167
охрана 1,771957 0,000257
охранные 3,506558 0,000254
охраны 1,427116 0,000207
охраняемым 3,218876 0,000233
оценивается 2,120264 0,000153
оценка 0,693147 0,000151
оценки 1,609438 0,000116
очень 0,494296 0,000072
очередь 0,527633 0,000038
очерки 1,171183 0,000254
очистки 2,813411 0,000204
ошибка 1,832581 0,000133
ошибками 2,207275 0,000160
ошибкекак -0,009950 -0,000001
павла 1,714798 0,000124
павловича 2,813411 0,000407
павловск 3,218876 0,000699
павловский 2,302585 0,000167
пады 3,506558 0,000254
пакистанцы 2,120264 0,000153
палата 1,660731 0,000240
палатой 2,995732 0,000217
палату 3,912023 0,000283
памятная 1,660731 0,000120
памятник 0,693147 0,001405
памятника 1,078810 0,000312
памятниками 2,040221 0,000148
памятниках 2,302585 0,000167
памятники 0,733969 0,000903
памятники-образцы 3,912023 0,000283
памятников 0,820981 0,000357
памятником 1,714798 0,000248
памятный 2,207275 0,000160
памятным 3,218876 0,000233
память 0,891598 0,000516
панино 3,506558 0,000254
панинский 3,912023 0,000283
панинского 3,912023 0,000283
панова 3,506558 0,002792
парад 2,207275 0,000160
парадов 3,912023 0,000283
парашютного 3,912023 0,000283
парашютной 3,912023 0,000283
парашютом 3,912023 0,000849
парк 0,693147 0,000552
парка 1,021651 0,000296
парками 2,813411 0,000204
парках 2,659260 0,000192
парке 1,171183 0,000254
парки 1,272966 0,000184
парковые 3,218876 0,000233
партии 1,966113 0,000285
партия 2,407946 0,000174
партнерстве 2,525729 0,000183
паруса 2,813411 0,000611
парусный 2,813411 0,000407
парящий 3,506558 0,000254
пассажирский 1,514128 0,000110
пассажирских 1,609438 0,000116
пассажирского 1,609438 0,000116
патриотов 3,912023 0,000283
пед 3,506558 0,000508
педагогическая 3,218876 0,000233
педагогический 1,078810 0,000234
пенза 1,108663 0,000080
пензенской 2,813411 0,000204
пер 1,108663 0,000241
первая 0,430783 0,000125
первого 0,733969 0,000691
первое 0,544727 0,000197
первой 0,462035 0,000067
первомайский 1,660731 0,000120
первому 2,207275 0,000160
первую 0,867501 0,000126
первые 0,494296 0,000143
первый 0,385662 0,000502
первым 0,597837 0,000346
переведен 2,040221 0,000148
перевезен 3,912023 0,000283
перевезены 3,506558 0,000254
перевезти 3,506558 0,000254
переводчик 3,218876 0,000233
перевозках 2,813411 0,000204
перевозок 1,469676 0,000106
передан 2,040221 0,000148
передать 2,120264 0,000153
передачи 1,560648 0,000113
передел 3,912023 0,000283
переждать 3,912023 0,000283
переименована 1,771957 0,000385
перейти -0,009950 -0,000001
переключение 2,995732 0,000217
перелыгиной 3,912023 0,000283
переместилось 3,506558 0,000254
перенесен 2,040221 0,000295
переписи 0,755023 0,000328
переписном 3,218876 0,000233
переписных 1,897120 0,000275
перепись 0,820981 0,000535
переправ 2,995732 0,000217
переправе 3,218876 0,000233
переправы 1,832581 0,000133
перестали 2,659260 0,000192
переходит 2,302585 0,000167
перечень 1,469676 0,000106
перешел 1,832581 0,000265
перешла 1,660731 0,000120
пери 3,912023 0,000283
период 0,342490 0,000149
периода 0,967584 0,000070
периодические 2,525729 0,000366
периодический 3,218876 0,000466
пермь 0,994252 0,000072
персоналии 2,525729 0,000366
персональные -0,009950 -0,000001
персоны 3,912023 0,000283
перспектива 2,995732 0,000217
перспективе 2,120264 0,000153
перспективы 1,347074 0,000098
персы 1,966113 0,000142
песка 2,813411 0,000204
пески 2,040221 0,000148
песни 1,514128 0,000110
песок 3,506558 0,000254
песчаная 2,995732 0,000217
песчанка 2,813411 0,000407
песчанки 3,912023 0,000283
песчанку 3,912023 0,000283
песчаной 3,506558 0,000254
песчаный 3,218876 0,000699
петр 1,108663 0,000160
петра 1,078810 0,000937
петрин 3,506558 0,000508
петрина 3,912023 0,000283
петрович 1,897120 0,000137
петровский 2,302585 0,000333
петровских 2,813411 0,000407
петровском 3,506558 0,000254
петрограде 2,813411 0,000204
петрозаводск 2,407946 0,000174
петропавловск-камчатский 2,407946 0,000174
петропавловский 2,525729 0,000183
петру 1,771957 0,001026
печальная 3,912023 0,000283
печатается 3,506558 0,000254
печати -0,009950 -0,000001
печатных 1,609438 0,000116
печать -0,009950 -0,000001
пешехода 3,912023 0,000283
пешеходный 2,525729 0,000183
пилон 3,912023 0,000283
пионеров 1,966113 0,000142
пирамидальный 3,506558 0,000254
писал 1,514128 0,000110
писатель 1,514128 0,000110
писательницы 3,912023 0,000283
писателям 3,506558 0,000254
письме 2,813411 0,000204
письменности 2,659260 0,000385
письмо 2,302585 0,000333
письму 3,506558 0,000254
питания 1,272966 0,000184
питьевого 3,218876 0,000233
питьевой 2,302585 0,000167
пихта 2,659260 0,000192
пишет 1,966113 0,000142
пищевая 1,560648 0,000113
пищевой 1,514128 0,000219
плавленых 3,506558 0,000254
плакучая 3,912023 0,000283
план 0,755023 0,000273
планирования 1,714798 0,000124
планировка 1,771957 0,000513
планируемых 2,813411 0,000204
планируется 1,021651 0,000074
планы 1,347074 0,000098
плато 2,040221 0,000148
платонов 2,813411 0,000407
платонова 3,506558 0,000508
платоновский 3,506558 0,000254
платоновского 3,912023 0,000283
платонову 3,912023 0,000283
платформы 1,272966 0,000184
плацдарм 3,218876 0,000466
племен 1,966113 0,000142
пленником 3,912023 0,000283
пленные 2,995732 0,000434
пленных 3,218876 0,000233
плеханов 3,218876 0,000699
плеханова 2,302585 0,000167
плоскоравнинной 3,912023 0,000283
плотина 2,407946 0,000349
плотину 2,813411 0,000204
плотность 0,693147 0,000050
плотов 3,912023 0,000283
плохое 2,995732 0,000217
площадей 1,897120 0,000137
площади 0,510826 0,000185
площадка 1,514128 0,000110
площадки 1,714798 0,000124
площадкой 2,207275 0,000160
площадь 0,478036 0,000415
площадью 0,994252 0,000144
плюсы 3,912023 0,000283
победила 3,506558 0,000254
победителем 2,207275 0,000160
победы 0,916291 0,000332
побережье 1,560648 0,000113
побратимом 2,525729 0,000183
побудило 3,218876 0,000233
поведения -0,009950 -0,000001
повислая 3,506558 0,000254
поворино 3,912023 0,000283
поворинский 3,912023 0,000283
повторили 3,506558 0,000254
погибшие 2,995732 0,000217
поглощены 3,912023 0,000283
погода 0,776529 0,000056
погром 2,995732 0,000217
подавления 2,659260 0,000192
подарок 3,218876 0,000233
подачи 2,659260 0,000385
подбитый 3,912023 0,000283
подвергнут 3,912023 0,000283
подвиги 3,506558 0,000254
подводного 3,218876 0,000466
подводный 2,813411 0,000204
подворонежья 3,912023 0,000283
подгоренский 3,912023 0,000283
подгоренское 3,912023 0,000283
подгорное 3,218876 0,000233
подгорным 3,912023 0,000283
подготовка 1,771957 0,000385
подготовке 2,207275 0,000160
подготовки 1,309333 0,000284
подготовлена 3,912023 0,000283
поддержал 2,995732 0,000217
поддержке 1,469676 0,000106
поддержку 1,469676 0,000425
подземных 1,966113 0,000142
подколзин 3,912023 0,000283
подлинное 3,912023 0,000283
поднимается 1,966113 0,000142
поднялся 2,207275 0,000160
поднят 2,813411 0,000204
подожжена 3,912023 0,000283
подонье 3,506558 0,000508
подпирает 3,912023 0,000283
подписан 1,897120 0,000412
подписать 2,995732 0,000217
подпольному 3,912023 0,000283
подробнее -0,009950 -0,000002
подходом 2,995732 0,000434
подчинялся 2,659260 0,000577
подъема 2,813411 0,000204
пожалован 3,218876 0,000699
пожара 1,966113 0,000285
пожаром 3,218876 0,000233
пожертвовал 3,506558 0,000254
пожертвования 2,813411 0,000204
позволил 2,525729 0,000366
позволило 1,514128 0,000110
позволяет 0,755023 0,000055
позднего 2,207275 0,000160
позиции 1,832581 0,000133
позиционные 3,912023 0,000283
поиск -0,009950 -0,000001
поиску -0,009950 -0,000004
пока 0,843970 0,000122
показал 1,832581 0,000133
показателей 1,203973 0,000261
показатели 0,994252 0,000144
показатель 0,713350 0,000207
показателям 2,302585 0,000333
покрова 1,203973 0,000087
покровского 2,407946 0,000174
покрывает 3,506558 0,000254
покрытую 3,912023 0,000283
полдень 0,916291 0,000066
поле 0,798508 0,000231
полигон 2,407946 0,000523
политика -0,009950 -0,000001
политики 1,237874 0,000090
политико-экономической 3,912023 0,000283
политическая 0,843970 0,000061
политические 2,207275 0,000320
политической 1,469676 0,000106
полк 2,813411 0,000611
полка 2,040221 0,000443
полки 2,995732 0,000217
полков 2,813411 0,000407
полковника 2,659260 0,000192
полномочий 1,609438 0,000116
полномочия 1,660731 0,000120
полномочиями 2,813411 0,000204
полностью 0,400478 0,000174
полные 2,407946 0,000174
полными 2,995732 0,000217
полов 2,995732 0,000217
половине 0,634878 0,000092
половодья 2,995732 0,000217
положение 0,510826 0,000185
положении 2,040221 0,000148
полтавской 3,912023 0,000283
полтавы 3,912023 0,000283
полу 0,916291 0,000265
полуостровом 2,995732 0,000217
полутора 2,525729 0,000183
получал 3,218876 0,000233
получение 1,966113 0,000142
получения 1,469676 0,000106
получены 2,302585 0,000333
получив 2,407946 0,000174
получившая 2,813411 0,000204
получившим 3,218876 0,000233
получил 0,713350 0,000207
получила 0,653926 0,000142
получили 0,967584 0,000070
получило 1,832581 0,000133
польной 3,506558 0,000254
польский 2,120264 0,000307
польскому 3,912023 0,000283
польскую 3,912023 0,000283
поляки 1,469676 0,000106
поляков 0,916291 0,000066
полярный 2,120264 0,000153
помельников 3,912023 0,000283
поменялись 3,912023 0,000283
помешали 3,506558 0,000254
помимо 0,562119 0,000041
помочь 1,560648 0,000113
помощи 0,843970 0,000244
помощь 1,714798 0,000248
помощью 0,634878 0,000092
понес 3,218876 0,000233
пониженной 3,506558 0,000254
пономарева 2,813411 0,000204
пообещал 2,995732 0,000217
попадает 2,813411 0,000204
попов 1,966113 0,002988
попов-шаман 3,912023 0,000283
попова 2,407946 0,000523
популярных 1,832581 0,000133
популяции 2,659260 0,000192
попутные 3,912023 0,000283
попытались 2,813411 0,000204
пор 0,941609 0,000477
поражение 2,659260 0,000192
породами 2,813411 0,000204
породы 1,966113 0,000142
пороха 3,912023 0,000283
портал 0,342490 0,000099
порядке 1,309333 0,000095
порядковые 1,714798 0,000124
посвященной 2,407946 0,000174
посвященный 1,660731 0,000120
поселений 0,798508 0,000520
поселениям 0,967584 0,000070
поселка 1,309333 0,000190
поселкам 0,891598 0,000065
поселке 1,609438 0,000116
поселков 1,469676 0,000213
поселок 1,108663 0,000321
посетил 1,897120 0,000137
посещал 2,995732 0,000217
посещают 2,525729 0,000366
послами 3,912023 0,000283
последнее 1,347074 0,000098
последние 0,755023 0,000055
последний -0,009950 -0,000003
последних 1,347074 0,000098
последняя 0,342490 0,000050
послесл 3,912023 0,000566
послов 3,506558 0,000254
послы 3,506558 0,001015
пособие 1,609438 0,000233
пособий 3,506558 0,000254
посольства 2,120264 0,000153
поспелов 1,021651 0,000074
пост 1,514128 0,000110
постава 3,912023 0,000283
поставили 2,302585 0,000167
поставить 2,407946 0,000349
поставленная 3,912023 0,000283
поставлять 3,912023 0,000283
поставов 3,912023 0,000283
постановила 3,506558 0,000254
постановление 1,139434 0,000082
постепенно 0,867501 0,000063
постоянного 0,693147 0,000251
пострадал 2,302585 0,000167
пострадали 2,659260 0,000385
построен 0,798508 0,000462
построена 0,916291 0,000332
построенный 1,237874 0,000269
построено 0,867501 0,000314
построены 1,021651 0,000370
построил 2,407946 0,000174
построить 1,427116 0,000103
постройку 2,525729 0,000183
поступать 3,912023 0,000283
поступают 2,813411 0,000204
поступил 3,218876 0,000233
потапова 3,912023 0,000283
потерпела 3,218876 0,000233
потеряли 3,218876 0,000233
потонули 3,912023 0,000283
потратят 3,506558 0,000254
потребителю 3,912023 0,000283
потребляли 3,912023 0,000283
потребовал 3,218876 0,000233
похода 1,897120 0,000275
походу 3,506558 0,000254
почва 2,813411 0,000204
почве 2,813411 0,000204
почвоведения 3,912023 0,000283
почвы 1,609438 0,000466
почему 0,000000 0,000000
почетного 1,237874 0,000269
почетное 1,560648 0,000226
почетные 1,108663 0,000321
почетный 1,469676 0,000106
почетным 2,659260 0,000192
почта 1,609438 0,000233
почтамт 3,218876 0,000699
почтамта 2,995732 0,000434
почте 3,912023 0,000283
почтовая 1,078810 0,000312
почтово-кассовый 3,912023 0,000283
почтовое 2,813411 0,000407
почтовой 2,040221 0,000295
почтовые 1,469676 0,000106
поэзии 2,995732 0,000217
поэт 1,897120 0,000549
поэтам 3,506558 0,000508
поэтех 3,912023 0,000283
поэтому 0,616186 0,000223
появилась 0,820981 0,000119
появились 0,579818 0,000168
появилось 1,171183 0,000085
появился 0,693147 0,000050
появление 1,469676 0,000106
пояс 0,693147 0,000050
правда 0,891598 0,000065
правдивцев 3,912023 0,000283
правилам 1,660731 0,000120
правильно 2,302585 0,000167
правительства 0,693147 0,000251
правительственной 3,218876 0,000233
правительство 0,843970 0,000122
править -0,009950 -0,000098
правка 0,328504 0,000024
правки 2,207275 0,000160
правкиновые -0,009950 -0,000001
правкипостоянная -0,009950 -0,000001
право 1,469676 0,000106
правобережная 2,302585 0,000167
правобережное 3,912023 0,000283
правобережную 3,218876 0,000233
правой 2,302585 0,000167
правом 1,171183 0,000339
правонарушений 2,995732 0,000217
православная 1,272966 0,000092
православной 1,203973 0,000349
православные 1,347074 0,000293
правосудия 2,407946 0,000174
правый 1,386294 0,000100
праге 3,912023 0,000283
праздники 2,040221 0,000148
праздников 2,302585 0,000167
празднование 2,525729 0,000366
празднованию 2,302585 0,000333
празднования 1,832581 0,000265
празднуется 2,407946 0,000349
практически 0,755023 0,000055
превышает 0,967584 0,000140
превышение 2,040221 0,000148
предводительством 1,966113 0,000142
пределах 0,510826 0,000037
предельно-допустимых 3,506558 0,000254
предестинация 3,912023 0,002265
предлагаться 3,912023 0,000283
предлагают 2,659260 0,000192
предметы 1,832581 0,000133
предназначен 2,525729 0,000183
предоставления 2,120264 0,000153
предоставленных 3,912023 0,000283
предоставляют 1,427116 0,000103
предотвратить 2,995732 0,000217
предотвращение 2,995732 0,000217
предположил 3,218876 0,000466
предположительно 1,966113 0,000142
предприятие 1,237874 0,000179
предприятии 2,813411 0,000407
предприятий 0,713350 0,000207
предприятия 0,713350 0,000723
предприятиями 1,660731 0,000120
председателем 1,469676 0,000213
председателя 1,514128 0,000110
представились -0,009950 -0,000001
представителей 1,469676 0,000106
представителем 2,659260 0,000192
представители 1,272966 0,000092
представительным 2,207275 0,000160
представительство 1,514128 0,000110
представителями 1,897120 0,000137
представлен 0,891598 0,000129
представлена 1,171183 0,000170
представленная 2,525729 0,000183
представлены 0,867501 0,000126
представляет 0,446287 0,000032
представляют 1,237874 0,000090
представляющая 2,995732 0,000217
представляющие 2,525729 0,000183
прежде 1,049822 0,000076
президента 0,916291 0,000199
президиума 1,272966 0,000461
президиумом 3,218876 0,000233
преимущественно 0,776529 0,000056
прекратил 1,660731 0,000120
прекратили 2,040221 0,000148
прекратилось 2,813411 0,000204
прекращения 2,813411 0,000204
премии 1,714798 0,000124
премьер-лиге 2,813411 0,000204
преображенском 3,218876 0,000233
преобразована 2,120264 0,000307
преобразовано 2,302585 0,000167
преодоления 2,813411 0,000204
пресвятой 1,272966 0,000184
пресс 2,407946 0,000349
пресс-конференция 2,995732 0,000217
пресс-релиз 2,813411 0,000204
пресс-центра 3,506558 0,000254
прессов 3,912023 0,000283
приближенные 3,912023 0,000283
приблизительно 1,514128 0,000110
прибытии 3,506558 0,000254
прибыть 3,912023 0,000283
привело 1,108663 0,000080
привлечь 2,813411 0,000407
привозилось 3,912023 0,000283
приговору 3,506558 0,000761
пригожина 3,218876 0,000233
пригородных 1,609438 0,000116
приготовленные 3,912023 0,000283
придаченский 3,912023 0,000283
придаченской 3,912023 0,000283
придачу 3,506558 0,000254
придонской 3,912023 0,000283
приезжал 3,218876 0,000233
приезжали 2,995732 0,000217
приезжими 3,912023 0,000283
приемопередающей 3,912023 0,000283
приехавшие 3,912023 0,000283
приз 2,659260 0,000192
призвуком 3,912023 0,000283
признакам 3,218876 0,000233
признания 0,916291 0,000066
признанных 0,967584 0,000070
приказ 1,714798 0,000124
приказе 2,995732 0,000217
приказом 1,966113 0,000142
приказу 2,040221 0,000443
прилагательное 3,218876 0,000233
прилагательным 3,912023 0,000283
прилегающих 2,040221 0,000148
приложение 1,309333 0,000095
прим 2,407946 0,002266
применяемого 0,843970 0,000061
применяемым 0,941609 0,000068
примере 1,771957 0,000257
примерно 0,634878 0,000046
примечания -0,009950 -0,000002
примечанияхвикипедия 2,407946 0,000174
принадлежности 1,514128 0,000219
принадлежность 1,609438 0,000116
принесли 3,506558 0,000254
принимали 1,966113 0,000142
принимают 1,771957 0,000128
принимаются 2,659260 0,000192
принципах 2,302585 0,000167
принял 1,272966 0,000184
приняли 1,347074 0,000098
принят 1,427116 0,000103
принятому 3,912023 0,000283
приостановил 2,525729 0,000183
приостановлено 2,302585 0,000167
природа 1,309333 0,000190
природно-историческую 3,912023 0,000283
природной 1,897120 0,000137
природном 3,912023 0,000283
природным 2,525729 0,000183
природных 1,108663 0,000241
природы 1,021651 0,000074
присвоен 1,832581 0,000265
присвоении 1,386294 0,000301
присвоено 1,078810 0,000312
присвоил 3,506558 0,000254
присоединения 1,897120 0,000137
присоединиться 3,506558 0,000254
присутствии 2,207275 0,000160
присутствовали 2,813411 0,000204
присутствует 1,714798 0,000124
присягать 3,912023 0,000283
присягу 3,218876 0,000233
притока 2,120264 0,000153
притоке 2,813411 0,000611
притяжательное 3,912023 0,000283
приход 1,832581 0,000265
прихода 2,120264 0,000307
приходится 0,776529 0,000056
причем 0,994252 0,000072
причиной 1,469676 0,000213
причислен 3,912023 0,000283
пришествие 3,912023 0,000283
проблем 0,798508 0,000058
проблема 1,237874 0,000090
проблемой 1,660731 0,000120
проблемы 0,544727 0,000197
проведен 1,897120 0,000275
проведения 0,843970 0,000122
проведенного 2,302585 0,000167
проведенных 3,218876 0,000466
проведя 3,506558 0,000254
проверенной 1,771957 0,000128
проверки 0,994252 0,000072
проверяема 0,967584 0,000280
проверялась 1,771957 0,000128
провести 2,659260 0,000192
провинция 2,120264 0,000153
проводится 1,108663 0,000080
проводного 2,813411 0,000204
проводятся 1,203973 0,000174
прогиба 3,506558 0,000508
прогноз 1,897120 0,000137
программ 1,203973 0,000087
программа 0,994252 0,000072
программы 0,713350 0,000103
прогреваются 3,506558 0,000254
прогресс 1,514128 0,000110
прогулка 2,813411 0,000204
продажи 3,218876 0,000233
продержалась 3,912023 0,000283
продовольственные 2,407946 0,000174
продовольствие 3,912023 0,000849
продовольствием 3,218876 0,000233
продолжает 1,714798 0,000124
продолжал 2,525729 0,000183
продолжена 2,995732 0,000434
продуктов 1,237874 0,000090
продукции 1,021651 0,000296
проект 0,400478 0,000087
проекта 0,616186 0,000089
проектах -0,009950 -0,000001
проектов 1,469676 0,000106
проекту 1,049822 0,000152
проживали 1,660731 0,000240
прозрачностью 3,506558 0,000254
произведениях 2,302585 0,000167
производили 3,218876 0,000233
производителей 1,897120 0,000137
производится 1,714798 0,000124
производств 1,832581 0,000133
производства 0,616186 0,000178
производственными 3,506558 0,000254
производство 0,941609 0,000273
произношение 2,995732 0,000217
произойти 3,506558 0,000254
произошел 1,171183 0,000170
произошли 1,832581 0,000265
произошло 0,733969 0,000159
происходило 1,832581 0,000133
пройдет 2,120264 0,000307
прокурора 3,506558 0,000254
пролетарий 3,506558 0,000254
пролетающий 3,912023 0,000283
промышленного 1,171183 0,000085
промышленном 2,207275 0,000160
промышленности 0,579818 0,000336
промышленность 0,693147 0,000251
промышленные 1,171183 0,000170
промышленный 1,203973 0,000087
проникновения 2,302585 0,000167
пропагандист 3,912023 0,000283
прорвана 3,912023 0,000283
пророка 2,407946 0,000349
прорыв 2,995732 0,000217
просмотры -0,009950 -0,000001
проспект 1,021651 0,000370
проспекте 1,427116 0,000207
проспекту 2,040221 0,000148
проспекты 2,407946 0,000174
просуществовала 3,912023 0,000283
протекают 2,407946 0,000174
протесты 2,659260 0,000192
против 0,798508 0,000173
противопожарной 3,506558 0,000254
противостоял 3,912023 0,000283
протоки 2,407946 0,000174
протяжении 0,867501 0,000188
протяженностью 1,386294 0,000100
профессиональные 1,832581 0,000133
профессор 1,660731 0,000361
профессора 1,660731 0,000240
профиля 1,966113 0,000142
профсоюзов 2,525729 0,000366
проходил 1,660731 0,000240
проходила 1,966113 0,000142
проходимости 3,912023 0,000283
проходит 0,693147 0,000100
проходят 0,941609 0,000204
прохожих 3,912023 0,000283
прохоров 1,078810 0,000078
процентов 2,120264 0,000153
процессов 1,347074 0,000098
процессор 3,218876 0,000233
прочее 0,653926 0,000047
прошел 0,994252 0,000144
прошла 1,560648 0,000113
прошлое 1,771957 0,000128
прошлом 1,108663 0,000080
проявивших 3,912023 0,000283
проявленный 3,506558 0,000508
прудов 2,207275 0,000160
пруды 2,525729 0,000183
пружинках 3,912023 0,000283
прыгнул 3,912023 0,000283
прыгнули 3,912023 0,000283
прыжкам 2,525729 0,000183
прыжки 2,995732 0,000217
прыжок 3,912023 0,000566
прытков 3,912023 0,000849
пряхин 3,506558 0,000254
псков 2,207275 0,000160
птиц 1,469676 0,000106
птицы 2,207275 0,000160
публикации 1,832581 0,000133
пуда 3,912023 0,000849
пудов 3,218876 0,000699
пулеметного 3,912023 0,000283
пульвер 3,912023 0,000849
пунктов 0,653926 0,000331
пунктом 1,832581 0,000265
пункты 0,616186 0,000268
пусто 3,912023 0,000283
путеводитель 0,713350 0,000052
пути 0,693147 0,000050
путин 1,714798 0,000124
пушечного 3,912023 0,000283
пушечный 3,218876 0,000233
пушкину 1,897120 0,000137
пущен 2,120264 0,000153
пыталась 2,995732 0,000217
пьедестала 3,912023 0,000283
пяти 1,203973 0,000174
пятизвездочных 3,506558 0,000254
пятизначной 3,912023 0,000283
пятым 2,995732 0,000217
пятью 2,407946 0,000174
работ 0,941609 0,000136
работавший 2,813411 0,000204
работает 0,755023 0,000055
работали 1,469676 0,000106
работало 1,660731 0,000120
работать 1,108663 0,000080
работают 0,673345 0,000146
работающие 2,525729 0,000183
работу 0,693147 0,000050
работы 0,314711 0,000023
рабочий 1,427116 0,000103
равен 2,120264 0,000307
равнина 2,120264 0,000153
равнины 1,309333 0,000190
равны 2,995732 0,000217
равных 2,659260 0,000192
радиовещательная 2,207275 0,000320
радиостанции 1,347074 0,000390
радиотехнике 3,912023 0,000283
радиоэлектронная 3,218876 0,000233
радиоэлектронной 2,659260 0,000385
радуга 2,813411 0,000204
разбойному 3,912023 0,000283
развивается 1,609438 0,000233
развивалась 1,966113 0,000142
развита 1,897120 0,000137
развитие 0,314711 0,000068
развитии 1,078810 0,000312
развития 0,287682 0,000125
разводятся 3,912023 0,000283
развязки 2,120264 0,000307
разгон 3,506558 0,000254
разгромлены 3,218876 0,000233
раздел 0,891598 0,000065
разделами 0,891598 0,000129
разделе 0,776529 0,000281
разделен 1,171183 0,000170
разделилась 3,912023 0,000283
разженное 3,912023 0,000283
разина 2,207275 0,000160
разлива 2,813411 0,000204
различного 1,714798 0,000124
различным 1,469676 0,000106
размещаются 2,525729 0,000183
размещения 0,843970 0,000122
размещены 2,120264 0,000153
размножения 2,995732 0,000217
разногласия 3,506558 0,000254
разнообразный 3,912023 0,000283
разные 1,139434 0,000165
разработан 1,347074 0,000195
разработана 2,659260 0,000192
разработанный 1,966113 0,000142
разработчики -0,009950 -0,000001
разрушается 3,218876 0,000233
разрушена 2,525729 0,000183
разрушения 2,207275 0,000160
разрушениях 3,912023 0,000283
разрушено 2,525729 0,000183
разрушены 2,207275 0,000320
разрывают 2,995732 0,000217
разряда 2,525729 0,000183
разрядном 3,912023 0,000283
разуваев 3,912023 0,000283
разукрупнение 3,912023 0,000283
район 0,597837 0,000260
района 0,673345 0,000146
районам 0,820981 0,000178
районах 0,941609 0,000136
районе 0,527633 0,000267
районов 0,562119 0,000488
районы 0,653926 0,000331
райцентров 0,941609 0,000068
ракет-носителей 3,506558 0,000508
ракетно-космической 3,218876 0,000233
ракетный 3,218876 0,000699
ракеты-носителя 3,506558 0,000508
ракообразных 3,218876 0,000233
рамони 3,912023 0,000283
рамонский 3,912023 0,000566
рамонь 3,506558 0,000254
ранга 3,506558 0,000761
ранговой 3,912023 0,000283
ранее 0,430783 0,000031
ранение 3,912023 0,000283
ранения 2,995732 0,000217
раненных 3,912023 0,000283
раненым 3,912023 0,000283
ранило 3,912023 0,000283
раннего 1,897120 0,000137
ранхигс 2,302585 0,000167
раскол 3,218876 0,000233
раскольниками 3,912023 0,000283
раскрыл 3,912023 0,000283
распадался 3,912023 0,000283
распадом 2,995732 0,000217
располагается 0,994252 0,000144
располагалось 2,302585 0,000167
располагался 1,660731 0,000120
располагаться 2,659260 0,000192
располагаются 1,108663 0,000241
располагающегося 3,506558 0,000254
расположен 0,733969 0,000212
расположение 1,139434 0,000082
расположением 2,407946 0,000174
расположенного 1,832581 0,000133
расположенной 2,302585 0,000167
расположены 0,673345 0,000049
распоряжение 1,609438 0,000116
распоряжению 2,207275 0,000160
распределены 1,771957 0,000128
распространением 2,207275 0,000160
распространено 2,302585 0,000167
распространяемых 3,912023 0,000283
распространяются 2,525729 0,000183
расследованием 3,912023 0,000283
рассматривается 2,302585 0,000333
рассмотрения 2,525729 0,000183
расстояние 0,843970 0,000122
расстояний 1,469676 0,000106
расстреляны 2,407946 0,000349
растет 1,660731 0,000120
расти 2,040221 0,000148
растительность 1,427116 0,000310
расторгуев 3,912023 0,000849
растут 2,120264 0,000153
расходы 1,771957 0,000128
расчет 1,386294 0,000100
расчистка 3,218876 0,000233
расширен 2,525729 0,000183
расширение 0,527633 0,000076
рачков 3,218876 0,000233
ргсу 3,506558 0,000254
реализации 0,994252 0,000072
реализацию 2,525729 0,000183
реализует 2,659260 0,000192
реверс 2,995732 0,000217
революции 0,693147 0,000401
революционной 3,218876 0,000233
революционном 2,813411 0,000204
регион 1,021651 0,000074
регионального 1,108663 0,000160
региональной 1,966113 0,000142
региональных 1,203973 0,000087
регионгаздеталь 3,912023 0,000283
регионе 1,049822 0,000076
регионов 0,941609 0,000068
регулярного 2,659260 0,000385
регулярные 1,514128 0,000329
ред 0,235722 0,000188
редактор 1,609438 0,000349
редактора-издателя 3,912023 0,000283
редакция 1,469676 0,000213
редкие 2,040221 0,000148
режим 1,108663 0,000080
резерва 1,714798 0,000124
резкие 2,302585 0,000167
резко 0,967584 0,000070
результатам 1,049822 0,000152
результате 0,342490 0,000099
результатов 1,897120 0,000137
результатом 1,771957 0,000128
результаты 1,237874 0,000090
рейсы 1,427116 0,000310
рейтин 3,912023 0,000283
рейтинг 1,272966 0,000092
рейтинге 1,203973 0,000174
рек 0,820981 0,000059
река 0,733969 0,000266
реками 2,207275 0,000160
реке 0,713350 0,000207
реки 0,462035 0,000535
рекламные 2,659260 0,000192
рекой 1,714798 0,000124
рекомендации 0,843970 0,000244
реконструирован 2,207275 0,000160
реконструированы 2,525729 0,000183
реконструкции 0,967584 0,000140
реконструкция 1,203973 0,000261
рекруты-новобранцы 3,912023 0,000283
реку 1,171183 0,000424
религия 0,843970 0,000183
рельеф 0,941609 0,000136
рельефа 1,514128 0,000110
рельефе 2,813411 0,000204
рельефом 3,218876 0,000233
рельсов 2,995732 0,000217
рельсовый 3,506558 0,000254
рельсы 3,218876 0,000466
ремесленная 3,912023 0,000283
ремонт 1,714798 0,000124
реорганизации 2,659260 0,000385
репрессии 3,218876 0,000233
репродукции 3,218876 0,000233
репьевский 3,912023 0,000283
реставрации 2,525729 0,000183
реставрация 3,218876 0,000466
ресурс 1,514128 0,000110
ресурсов 0,798508 0,000289
ресурсы 0,020203 0,000001
ретрансляцией 3,912023 0,000283
референдума 3,218876 0,000233
реформ 2,207275 0,000320
реформа 2,525729 0,000183
рецензент 3,218876 0,000233
речи 2,040221 0,000148
речку 2,813411 0,000204
речного 1,139434 0,000165
речную 3,218876 0,000233
речным 2,040221 0,000148
речь 2,120264 0,000153
решение 0,755023 0,000109
решений 1,660731 0,000120
решению 1,609438 0,000466
решения 0,967584 0,000070
решили 2,207275 0,000160
ржд 1,832581 0,000133
ржев 1,771957 0,000128
римско-католический 2,659260 0,000192
ркка 1,966113 0,000285
родившихся 2,407946 0,000174
родился 1,660731 0,000481
родильных 3,218876 0,000233
родина 1,560648 0,000339
родиной 2,207275 0,000160
родная 3,506558 0,000254
родники 2,659260 0,000192
родников 3,218876 0,000466
родной 1,897120 0,000687
родственников 3,506558 0,000254
рождения 1,514128 0,000219
роза 1,021651 0,000074
розничная 2,302585 0,000167
розничного 2,995732 0,000217
розыгрышей 3,912023 0,000283
роль 0,579818 0,000084
роман 1,771957 0,000385
романовича 3,506558 0,000254
рон 3,912023 0,000283
роскомнадзор 3,218876 0,000233
роспотребнадзора 3,506558 0,000761
россии 0,186330 0,000755
россиигорода 1,309333 0,000095
россиигорода-миллионеры 2,813411 0,000204
россиипоявились 3,218876 0,000233
российская 0,186330 0,000229
российский 0,634878 0,000689
российским 1,514128 0,000110
российских 0,733969 0,000053
российско-германский 3,912023 0,000283
российско-иранских 3,912023 0,000283
российско-украинской 1,108663 0,000080
российского 0,634878 0,000138
российской 0,385662 0,001089
российскому 2,207275 0,000320
россия 0,371064 0,000107
россошанский 3,912023 0,000283
россошь 3,912023 0,000283
росспэн 0,994252 0,000072
росстат 0,776529 0,000112
роста 1,386294 0,000100
ростелеком 1,386294 0,000301
ростиздат 3,218876 0,000233
ростов-на-дону 1,237874 0,000448
ротонда 2,525729 0,000183
рсфср 0,733969 0,000266
руб 1,171183 0,000085
рубеже 1,560648 0,000113
рублей 0,755023 0,000656
рублен 3,912023 0,000283
рудгормаш 3,912023 0,000283
руководил 2,407946 0,000174
руководит 2,407946 0,000174
руководители 2,302585 0,000167
руководитель 1,966113 0,000142
руководителя 2,659260 0,000192
руководителями 3,506558 0,000254
руководством 0,941609 0,000204
рулем 3,506558 0,000254
румыны 1,897120 0,000137
рус 0,162519 0,001306
руси 1,347074 0,000293
русины 2,302585 0,000167
русса 2,525729 0,000183
русская 0,867501 0,000063
русские 0,544727 0,000276
русский -0,009950 -0,000007
русским 1,560648 0,000113
русскими 1,660731 0,000240
русских 0,843970 0,000183
русского 0,494296 0,000572
русское 0,755023 0,000109
русской 0,673345 0,000244
русскому 1,966113 0,000285
рутульцы 1,897120 0,000137
ручей 2,040221 0,000295
рыб 2,040221 0,000148
рыбных 2,995732 0,000217
рынка 1,237874 0,000179
рынке 1,609438 0,000233
рынок 1,021651 0,000222
рыночных 3,218876 0,000233
рэу 2,813411 0,000204
рябина 3,218876 0,000233
ряд 0,385662 0,000028
рядом 0,733969 0,000212
рязанских 3,506558 0,000254
рязанского 2,995732 0,000217
рязань 1,049822 0,000076
с-в 0,000000 0,000000
с-з 0,000000 0,000000
саамы 3,218876 0,000233
сабурова 3,912023 0,000283
саввина 3,912023 0,000283
савостьянова 3,912023 0,000566
садов 2,040221 0,000148
садово-паркового 3,912023 0,000283
саду 1,660731 0,000120
сады 1,660731 0,000361
сайт 0,371064 0,001343
сайты 0,478036 0,000069
салоники 3,912023 0,000283
сама 1,469676 0,000106
самара 0,891598 0,000129
самовольное 3,912023 0,000283
самое 0,994252 0,000072
самозванца 2,995732 0,000217
самолет 1,897120 0,000412
самолета 2,120264 0,000460
самолетостроительное 3,912023 0,000283
самоочищении 3,912023 0,000283
самостоятельно 2,120264 0,000153
самоуправление 2,040221 0,000148
самоуправления 0,994252 0,000288
самофалова 3,912023 0,000283
самсонов 3,218876 0,000233
самуила 3,912023 0,000283
самый 0,579818 0,000084
самым 0,653926 0,000142
самых 0,544727 0,000079
санатории 2,525729 0,000183
санкт-петербург 0,776529 0,000225
санкт-петербурге 1,771957 0,000257
саранск 2,302585 0,000167
саратов 0,967584 0,000140
сауны 3,912023 0,000283
сбор 2,407946 0,000174
сборник 0,653926 0,000237
сброшен 3,912023 0,000566
свалок 2,659260 0,000192
сведений 1,609438 0,000116
сведения 0,867501 0,000126
сверхзвукового 3,912023 0,000283
сверхзвуковой 3,912023 0,000283
сверхштатного 3,912023 0,000283
свет 1,560648 0,000113
светлана 2,302585 0,000167
светской 3,912023 0,000283
свинец 3,506558 0,000254
свинца 2,407946 0,000349
свобода 1,771957 0,000128
свободной -0,009950 -0,000001
свободу 2,302585 0,000333
свода 3,912023 0,000849
свое 0,616186 0,000045
своего 0,776529 0,000112
своей 0,776529 0,000056
своем 1,560648 0,000113
свои 0,755023 0,000109
своих 0,776529 0,000112
свой 0,653926 0,000095
свойствам 2,995732 0,000217
свойство 0,653926 0,000047
свыше 0,891598 0,000194
свяжитесь -0,009950 -0,000001
связана 1,078810 0,000078
связано 1,078810 0,000156
связаны 1,237874 0,000090
связи 0,235722 0,000256
связывать 3,506558 0,000254
связывают 1,609438 0,000233
связывающая 3,506558 0,000254
связь 0,616186 0,000312
святая 3,506558 0,000254
святителю 3,218876 0,000699
святителя 2,040221 0,000443
свято 3,912023 0,000283
святой 1,272966 0,000184
святых 1,427116 0,000103
священная 3,218876 0,001165
священники 3,506558 0,000254
сгорел 2,659260 0,000192
сгорели 2,995732 0,000217
сдан 1,897120 0,000137
сделана 2,813411 0,000204
севастьяновский 3,912023 0,000283
северного 1,021651 0,000148
северной 0,693147 0,000100
северном 1,469676 0,000106
северный 0,820981 0,000178
северо-восточную 3,218876 0,000233
северу 1,832581 0,000133
сегодня 0,616186 0,000089
седьмого 1,609438 0,000116
сезона 1,609438 0,000233
сезоне 2,813411 0,000407
сейсмического 3,506558 0,000254
сейсмическое 3,912023 0,000283
секретарем 3,218876 0,000466
секретаря 2,525729 0,000183
сектор 1,714798 0,000124
секторе 1,771957 0,000128
села 1,203973 0,000174
селе 2,120264 0,000153
селезнева 3,912023 0,000283
селений 3,506558 0,000254
селитры 3,912023 0,000566
село 1,469676 0,000319
сельских 0,776529 0,000450
сельскохозяйственный 2,040221 0,000295
сельхозтехники 3,218876 0,000233
семен 1,966113 0,000142
семена 2,813411 0,000204
семизначные 3,506558 0,000254
семилуки 3,506558 0,000254
семилукский 3,912023 0,000566
семилукском 3,912023 0,000283
семинария 1,469676 0,000319
семьи 1,272966 0,000092
сент 0,843970 0,000122
сентябре 0,994252 0,000216
сентября 0,072571 0,000315
сербы 1,897120 0,000137
сервиса 1,514128 0,000110
сергей 0,967584 0,000420
сергея 1,469676 0,000106
серебряные 2,525729 0,000183
середине 0,562119 0,000081
серии 1,386294 0,000100
серийного 3,506558 0,000254
серийное 3,218876 0,000233
серию 2,407946 0,000174
серия 1,237874 0,000269
серы 2,302585 0,000333
серые 2,813411 0,000204
серых 3,506558 0,000254
серьезно 1,897120 0,000137
серьезных 3,218876 0,000233
сестра 2,995732 0,000217
сетевые 1,832581 0,000133
сетей 1,272966 0,000092
сети 0,494296 0,000072
сеткой 3,912023 0,000283
сеть 0,616186 0,000089
сетями 3,218876 0,000233
сетях 1,139434 0,000082
сигналы 3,506558 0,000254
сидение 3,912023 0,000283
сил 1,771957 0,000257
силам 3,218876 0,000233
сильно 0,776529 0,000112
символ 1,203973 0,000261
символа 2,207275 0,000160
символизируют 2,659260 0,000385
символика 1,272966 0,000276
символом 1,832581 0,000133
символы 1,386294 0,000100
сименс 3,506558 0,000508
симферополь 1,897120 0,000137
синагоге 3,912023 0,000283
синдякино 3,506558 0,000254
синема 1,771957 0,000128
систем 0,798508 0,000058
система 0,235722 0,000119
системеобсуждениевкладсоздать -0,009950 -0,000001
систему 0,673345 0,000195
системы 0,342490 0,000050
сити-парк 3,912023 0,000283
ситуации 1,347074 0,000098
ситуацию 1,771957 0,000128
сих 1,078810 0,000390
скай 3,506558 0,000254
скалолазанию 3,912023 0,000566
скачать -0,009950 -0,000001
скважин 3,218876 0,000233
сквер 1,203973 0,000349
скверами 3,218876 0,000233
сквере 1,560648 0,000452
скворцов 3,912023 0,000283
скляев 3,912023 0,000283
сковывая 3,912023 0,000283
сколько 0,653926 0,000047
скорой 1,832581 0,000531
скорости 1,897120 0,000275
скорость 0,867501 0,000063
скоростью 2,302585 0,000167
скрыть 3,218876 0,000233
скрыться 3,506558 0,000254
скульптор 1,427116 0,000207
скульптуры 1,609438 0,000116
славы 1,078810 0,001249
славыкультурные 3,912023 0,000283
славяне 2,813411 0,000204
славянский 2,302585 0,000167
славянско-русской 3,912023 0,000283
славянского 2,813411 0,000204
славянской 2,302585 0,000333
следующие 0,544727 0,000079
следующий 1,560648 0,000113
слепых 1,832581 0,000265
сливен 3,912023 0,000283
слобода 1,660731 0,000120
слободах 3,506558 0,000254
слободы 2,040221 0,000295
слов 1,560648 0,000113
слова 0,562119 0,000122
словаки 2,813411 0,000204
словаре 2,525729 0,000183
словари 0,116534 0,000017
словарь 0,274437 0,000060
словарь-справочник 1,560648 0,000113
словаря 2,407946 0,000174
словарях 3,218876 0,000233
слове 2,813411 0,000204
словенцы 2,995732 0,000217
слово 0,673345 0,000634
слог 3,218876 0,000233
сложным 0,867501 0,000063
служба 0,693147 0,000301
службу 2,207275 0,000160
службы 0,798508 0,000520
случайно 2,813411 0,000204
случайных 2,659260 0,000192
случая 2,659260 0,000192
случаях -0,009950 -0,000002
смерти 1,771957 0,000385
смещение 0,798508 0,000058
смещения 3,218876 0,000233
сми 0,867501 0,000377
смирницкий 3,912023 0,000283
смогли 2,040221 0,000738
смоленск 2,040221 0,000148
смотре 3,912023 0,000283
смотри 3,506558 0,000254
смута 3,218876 0,000233
смутное 2,995732 0,000434
смуты 2,995732 0,000217
снабжения 2,659260 0,000192
снг 1,714798 0,000248
снгскрытые 3,506558 0,000254
снесен 2,040221 0,000443
снесено 2,813411 0,000204
снизилась 2,302585 0,000167
снизились 2,995732 0,000217
снимают 3,912023 0,000283
снимок 2,040221 0,000148
снова 1,386294 0,000201
снос 2,302585 0,000167
сноскамистраницы 2,995732 0,000217
сносках 2,302585 0,000333
сноске 1,897120 0,000137
сносок 0,843970 0,000367
сносом 3,506558 0,000254
сносят 3,912023 0,000283
снят 1,897120 0,000137
собак 2,813411 0,000611
собираемые 3,912023 0,000283
собирая 3,506558 0,000254
собор 0,755023 0,000164
собора 1,108663 0,000401
собрание 0,941609 0,000136
собрания 1,139434 0,000082
собранные 2,995732 0,000217
собраны 3,506558 0,000254
собственного 1,427116 0,000103
собственной 1,660731 0,000120
собственные 1,469676 0,000213
события 1,108663 0,000160
событияпожертвовать -0,009950 -0,000001
совершаются 2,995732 0,000217
совершен 2,813411 0,000204
совет 0,916291 0,000066
совета 0,798508 0,000636
советов 0,820981 0,000059
советская 0,371064 0,000081
советские 1,347074 0,000098
советский 0,755023 0,000437
советского 0,776529 0,000225
советское 0,994252 0,000072
совместного 2,813411 0,000204
совместной 2,995732 0,000217
совокупному 2,407946 0,000174
современная 1,108663 0,000160
современного 0,653926 0,000237
современном 1,272966 0,000369
современный 0,967584 0,000350
современных 0,713350 0,000052
согласно 0,301105 0,000262
согласованию 3,506558 0,000254
содержавшую 3,912023 0,000283
содержание 0,010050 0,000001
содержания 1,386294 0,000100
соединяет 2,302585 0,000167
созвездие 3,506558 0,000761
создаваться 3,218876 0,000233
создан 0,693147 0,000351
создана 0,891598 0,000129
создание 0,733969 0,000053
создании 1,203973 0,000174
создания 0,653926 0,000189
созданном 2,995732 0,000217
созданный 1,560648 0,000226
созданным 2,813411 0,000204
создано 1,347074 0,000293
созданы 1,078810 0,000234
создатель 2,302585 0,000333
сознания 2,120264 0,000153
сократить 2,525729 0,000183
солдатам 2,995732 0,000217
солнечный 0,843970 0,000061
сомово 3,912023 0,000283
сомовская 3,912023 0,000283
сообщения 0,820981 0,000059
сообщили 2,659260 0,000192
сообщить -0,009950 -0,000001
сооружений 1,078810 0,000078
сооружения 0,941609 0,000136
соответствии 0,446287 0,000097
соответствует 1,427116 0,000103
соответствующим 1,897120 0,000137
соответствующих 1,609438 0,000116
сопоставимая 3,912023 0,000283
сопредседатель 3,912023 0,000283
сопровождать 3,506558 0,000254
сопротивление 2,407946 0,000174
соревнования 1,514128 0,000110
соревнованиях 2,407946 0,000174
сортировщика 3,912023 0,000283
соседних 1,660731 0,000120
сосна 2,302585 0,000500
сосне 3,912023 0,000283
сост 0,597837 0,000043
состав 0,400478 0,000232
состава 1,171183 0,000085
составе 0,616186 0,000134
составил 0,916291 0,000066
составила 1,021651 0,000222
составили 1,660731 0,000240
составитель 2,407946 0,000174
составлен 1,771957 0,000128
составлены 2,813411 0,000204
составляет 0,314711 0,000091
составлял 1,771957 0,000128
составляла 1,272966 0,000276
составляло 1,347074 0,000098
составляют 0,798508 0,000058
состоит 0,755023 0,000109
состоявший 3,506558 0,000508
состоял 2,659260 0,000192
состоялось 1,171183 0,000254
состоялся 1,237874 0,000179
состояние 0,733969 0,000159
состоянии 1,309333 0,000284
состоянию 0,544727 0,000039
состояния 1,203973 0,000174
сосуд 3,912023 0,000283
сотни 1,427116 0,000103
сотрудничал 3,912023 0,000283
сотрудничество 1,660731 0,000120
сохранением -0,009950 -0,000001
сохранил 2,659260 0,000192
сохранилась 2,120264 0,000153
сохранились 1,609438 0,000116
сохранилось 1,714798 0,000372
сохранить 2,302585 0,000167
сохраняется 1,560648 0,000113
сохраняла 3,912023 0,000283
сохраняются 2,302585 0,000167
социалистического 2,302585 0,000333
социалистической 1,897120 0,000137
социалистов-революционеров 3,912023 0,000283
социально-гигиенического 3,912023 0,000566
социально-экономические 2,407946 0,000174
социально-экономического 1,237874 0,000179
социально-экономическом 2,525729 0,000183
сочи 1,514128 0,000110
союз 1,203973 0,000261
союза 0,733969 0,000425
союзе 2,525729 0,000183
союзники 2,995732 0,000217
союзом 2,120264 0,000153
спад 2,407946 0,000174
спада 3,218876 0,000233
спартак 1,771957 0,000257
спб 0,385662 0,000028
спектр 1,897120 0,000137
специализированная 2,525729 0,000183
специалистами 1,966113 0,000285
специалистов 1,078810 0,000234
специальная 1,771957 0,000128
специальное 2,040221 0,000148
специальной 2,120264 0,000153
специальному 3,912023 0,000283
специальность 3,218876 0,000466
специальные 1,660731 0,000120
специальный 1,832581 0,000133
специальных 1,514128 0,000219
спецназначения 3,506558 0,000254
список 0,248461 0,000126
спокойно 3,218876 0,000233
спорт 0,776529 0,000225
спорт-экспресс 3,506558 0,000508
спорта 0,916291 0,000332
спортивное 3,218876 0,000233
спортивному 3,506558 0,000508
спортивные 1,078810 0,000156
спортивный 1,514128 0,000219
спортсмены 2,302585 0,000167
способностей 2,995732 0,000217
способствуют 2,207275 0,000160
справка 1,272966 0,000184
справочник 0,916291 0,000133
справочно-энциклопедическое 3,912023 0,000566
спуске 3,218876 0,000233
спущен 3,506558 0,000254
сравнимая 3,912023 0,000283
сражения 2,813411 0,000407
среди 0,198451 0,000144
средне-специальные 3,912023 0,000283
среднегодовая 1,078810 0,000234
среднегодовое 1,897120 0,000137
среднее 1,272966 0,000092
средней 0,867501 0,000126
среднем 0,693147 0,000100
среднерусская 3,506558 0,000254
среднерусской 2,995732 0,000650
средние 0,941609 0,000136
средний 0,494296 0,000215
средними 2,659260 0,000192
средних 1,078810 0,000156
средняя 0,510826 0,000111
средств 0,597837 0,000043
средства 0,415515 0,000030
среды 0,755023 0,000164
срезневский 3,912023 0,000283
срезневского 3,912023 0,000283
српски 0,000000 0,000000
српскохрватски 0,000000 0,000000
сср 0,820981 0,000178
ссср 0,314711 0,000524
ссылка 0,274437 0,000119
ссылками 0,186330 0,000054
ссылкасведения -0,009950 -0,000001
ссылки -0,009950 -0,000009
ссылкойвикипедия 1,660731 0,000240
ссылку 2,525729 0,000183
ссылок 0,693147 0,000301
стабильно 2,407946 0,000174
ставки 3,506558 0,000254
ставший 1,832581 0,000133
стагнации 3,506558 0,000254
стадион 1,108663 0,000321
стал 0,314711 0,000387
стала 0,462035 0,000100
стали 0,430783 0,000218
сталинград 2,995732 0,000217
сталинграда 2,813411 0,000204
сталинграду 3,506558 0,000254
стало 0,494296 0,000107
стамбул 2,659260 0,000192
стандартов 2,525729 0,000366
станет 1,309333 0,000190
станица 2,813411 0,000204
станкостроительный 2,659260 0,000192
становится 0,527633 0,000076
становлении 2,995732 0,000434
становое 2,995732 0,000217
становятся 1,714798 0,000124
станции 0,693147 0,000151
станций 1,309333 0,000095
станция 0,798508 0,000231
старая 0,430783 0,000062
старейшее 2,525729 0,000366
старейших 1,309333 0,000095
старину 3,506558 0,000254
старого 1,347074 0,000195
староконной 3,912023 0,000283
старому 2,040221 0,000295
старообрядческих 3,506558 0,000254
староста 3,506558 0,000508
старостой 3,218876 0,000233
староюрьево 3,506558 0,000254
стартовал 2,207275 0,000160
стартует 2,813411 0,000204
старый 1,049822 0,000152
старых 1,560648 0,000226
статей 0,967584 0,000070
статистика -0,009950 -0,000002
статистике 0,916291 0,000066
статистики 0,713350 0,000465
статистический 0,755023 0,000874
статистических 2,040221 0,000148
статистическое 0,994252 0,000072
статус 0,510826 0,000222
статье 0,941609 0,000204
статьи 0,072571 0,000084
статьислучайная -0,009950 -0,000001
статьисообществофорумсправкасвежие -0,009950 -0,000001
статью 0,616186 0,000178
статья 0,105361 0,000145
статьяобсуждение -0,009950 -0,000001
статьятекущие -0,009950 -0,000001
стационарных 1,660731 0,000120
стачка 3,506558 0,000254
стачки 3,218876 0,000233
стеклотарный 3,912023 0,000283
стела 1,469676 0,000106
стен 1,771957 0,000128
стена 2,407946 0,000174
степана 1,966113 0,000142
степени 0,843970 0,000122
степень 1,714798 0,000124
стиле 0,994252 0,000288
стиль 1,714798 0,000124
стилю 1,832581 0,000265
стиля 1,714798 0,000124
стоит 1,237874 0,000090
стойкость 2,407946 0,000349
столетие 2,407946 0,000174
столетия 1,966113 0,000142
столиц 2,120264 0,000153
столица 0,967584 0,000070
столицей 1,171183 0,000085
столицы 1,049822 0,000152
столь 1,714798 0,000124
сторожевой 2,302585 0,000167
сторон 1,660731 0,000120
сторонники 3,218876 0,000233
сторону 1,171183 0,000085
стоят 2,302585 0,000167
стран 0,597837 0,000043
страна 0,462035 0,000100
стране 0,867501 0,000063
страница -0,009950 -0,000001
страницасодержаниеизбранные -0,009950 -0,000001
страницецитировать -0,009950 -0,000001
страницуполучить -0,009950 -0,000001
страницы -0,009950 -0,000008
страницыслужебные -0,009950 -0,000001
стратегический 2,525729 0,000183
стратегического 2,407946 0,000174
страшным 3,912023 0,000283
стрелковая 2,407946 0,000174
стрелкового 2,995732 0,000217
стрелковой 2,995732 0,000217
стрелковую 3,912023 0,000283
стрелковый 3,218876 0,000233
стрельб 3,912023 0,000283
стреляют 3,912023 0,000283
стремительно 2,302585 0,000167
строения 1,832581 0,000133
строились 2,040221 0,000148
строительных 1,427116 0,000103
строительства 0,673345 0,000390
строительстве 1,078810 0,000312
строительство 0,510826 0,000296
строительством 1,714798 0,000124
строительству 1,469676 0,000213
строить 1,832581 0,000133
строке 1,609438 0,000116
строятся 1,714798 0,000124
строящегося 3,218876 0,000233
стругах 3,912023 0,000566
струги 3,506558 0,000254
стругов 3,912023 0,000849
структуре 1,272966 0,000092
структуры 1,171183 0,000085
стс 1,714798 0,000124
студентов 1,272966 0,000092
ступени 2,995732 0,000867
суббота 2,120264 0,000153
субъект 0,820981 0,000059
субъектам 2,813411 0,000204
субъектов 0,755023 0,000164
суда 1,078810 0,000156
судам 3,218876 0,000233
судно 2,525729 0,000183
судов 1,237874 0,000090
судьба 1,966113 0,000142
сукна 3,912023 0,000566
сукно 3,506558 0,000254
султану 3,218876 0,000233
сумма 1,897120 0,000137
суммарная 2,302585 0,000167
суммарного 3,506558 0,000254
суммарный 2,302585 0,000167
сумской 3,506558 0,000254
суперлиге 2,207275 0,000160
суперлиги 2,813411 0,000407
супермаркеты 2,659260 0,000192
сутки 1,771957 0,000128
суточный 0,820981 0,000238
суффиксом 3,506558 0,000254
сушков 3,912023 0,000283
существенное 2,207275 0,000160
существовал 1,469676 0,000106
существования 1,272966 0,000092
существует 0,446287 0,000162
существуют 0,162519 0,000035
существующий 2,525729 0,000183
сфера 1,347074 0,000488
сформирован 2,813411 0,000204
схемы 1,771957 0,000128
схи 3,506558 0,000508
сценическая 3,912023 0,000283
счет 0,673345 0,000097
считает 1,714798 0,000124
считается 0,693147 0,000151
считал 2,407946 0,000174
сша 0,562119 0,000081
съезд 2,120264 0,000307
съезде 2,995732 0,000217
сыров 3,506558 0,000254
сюдасвязанные -0,009950 -0,000001
табасараны 1,832581 0,000133
табачников 3,506558 0,000254
табл 0,867501 0,000063
таблица 0,653926 0,000237
тавровская 3,912023 0,000566
таганрог 2,407946 0,000174
таджики 1,347074 0,000098
тазеевич 3,912023 0,000283
тайер 3,912023 0,000283
тайну 3,218876 0,000233
такая 1,386294 0,000100
также 0,000000 0,000000
такие 0,261365 0,000019
таких 0,510826 0,000074
такого 1,237874 0,000269
такое 1,108663 0,000080
такси 1,021651 0,000222
таловский 3,912023 0,000283
талыши 1,897120 0,000137
тамбов 2,302585 0,000333
тамбовской 3,218876 0,000233
танаис 3,218876 0,000233
танковая 3,218876 0,000466
танцевальная 2,995732 0,000217
таранченко 3,912023 0,000283
тарашкев 0,000000 0,000000
тарифам 3,912023 0,000283
тарутинском 3,912023 0,000283
татар 1,469676 0,000213
татарами 2,659260 0,000192
татарских 2,813411 0,000204
татарча 0,000000 0,000000
татары 0,798508 0,000173
татьяна 1,609438 0,000233
ташкент 3,218876 0,000233
тбилиси 2,813411 0,000204
тбо 3,506558 0,000254
твердых 2,525729 0,000366
тверь 1,514128 0,000110
твой 2,407946 0,000174
творческий 2,659260 0,000192
творческое 2,995732 0,000650
твоя 3,506558 0,000254
театр 0,713350 0,000361
театра 1,021651 0,000148
театральное 2,302585 0,000167
театральной 1,832581 0,000133
театры 0,941609 0,000204
тег 1,966113 0,000142
текст -0,009950 -0,000001
текущая 1,609438 0,000116
текущего 2,120264 0,000153
текущем 0,544727 0,000039
текущим 1,771957 0,000128
теле 2,207275 0,000160
телевидение 0,967584 0,000210
телевизионная 1,714798 0,000372
телевизионной 2,813411 0,000204
телевизионные 2,995732 0,000217
телевизионных 2,813411 0,000204
телеграммы 3,912023 0,000283
телеграф 2,659260 0,000192
телеграфная 2,995732 0,000217
телеканал 1,309333 0,000284
телеканалов 1,386294 0,000401
телеканалы 1,966113 0,000142
телефон 2,302585 0,000333
телефона 2,659260 0,000192
телефонная 2,120264 0,000460
телефонной 1,714798 0,000248
телефонную 3,506558 0,000254
телефонный 0,776529 0,000056
телефонных 2,995732 0,000434
тематические 0,510826 0,000037
темахистория 2,813411 0,000204
темный 2,995732 0,000217
температура 0,562119 0,000163
темпы 2,525729 0,000183
тенистого 3,912023 0,000283
тенистый 3,506558 0,000254
теоретик 3,912023 0,000283
тепловозоремонтный 3,506558 0,000254
теплоснабжения 2,813411 0,000204
теракт 3,218876 0,000233
термина 0,400478 0,000029
терминал 1,771957 0,000128
терновое 3,912023 0,000283
терновский 3,912023 0,000283
террасу 3,218876 0,000233
территориального 2,207275 0,000160
территориальные 1,897120 0,000137
территориальный 1,660731 0,000120
территориальными 2,995732 0,000217
территориальных 0,776529 0,000281
территорией 1,469676 0,000106
территории 0,400478 0,000290
территорию 0,941609 0,000068
территория 0,755023 0,000219
территориям 2,525729 0,000183
территориях 0,916291 0,000133
террора 2,525729 0,000366
террористка 3,912023 0,000283
тесно 1,832581 0,000133
тестирование 2,525729 0,000183
тех 0,798508 0,000116
техники 0,867501 0,000063
технический 1,021651 0,000074
технологий 0,653926 0,000047
технология 1,966113 0,000142
течение 0,527633 0,000153
течет 2,525729 0,000183
тил 3,912023 0,000283
тип 0,356675 0,000077
типа 0,462035 0,000167
тиражу 2,525729 0,000183
тисках 3,912023 0,000283
титкова 3,912023 0,000283
тихвин 2,813411 0,000204
тихвино-онуфриевский 3,912023 0,000283
ткачева 2,995732 0,000434
товарищы 3,912023 0,000283
товарный -0,009950 -0,000001
товарооборота 2,995732 0,000217
товары 1,966113 0,000142
толстом 3,912023 0,000283
толши 3,912023 0,000283
тольятти 1,514128 0,000110
тому 1,108663 0,000080
тонн 1,108663 0,000321
тонносил 3,912023 0,000566
топографический 3,218876 0,000233
тополь 2,659260 0,000192
топонимах 3,218876 0,000466
топонимии 2,659260 0,000192
топонимика 2,407946 0,000174
топонимический 0,798508 0,000058
топонимических 3,912023 0,000283
торговля 1,021651 0,000296
торгово-развлекательных 2,659260 0,000385
торговые 1,203973 0,000174
торговых 1,108663 0,000080
торжественно 1,660731 0,000361
торжественное 2,040221 0,000295
торжественному 3,912023 0,000283
трагедии 2,995732 0,000217
традиции 1,386294 0,000100
традициям 2,813411 0,000204
трактовке 3,506558 0,000254
трамваев 1,897120 0,000137
трамвай 0,967584 0,000350
трамвайное 2,525729 0,000183
трамвайные 1,966113 0,000142
трамвайный 2,525729 0,000366
трамвайных 1,660731 0,000240
трамвая 1,347074 0,000195
трансляцию 2,659260 0,000192
транспорт 0,693147 0,000452
транспорта 0,776529 0,000393
транспортная 1,237874 0,000448
транспортную 2,525729 0,000183
транспортные 1,609438 0,000116
транспортный 1,171183 0,000085
транспортным 1,714798 0,000248
трансформаторного 3,912023 0,000283
трансформаторы 3,912023 0,000283
трасса 1,427116 0,000103
требованиям 2,525729 0,000183
требуют 1,609438 0,000116
трети 1,897120 0,000137
третий 1,203973 0,000087
третьей 1,832581 0,000531
третья 1,609438 0,000116
третьяка 3,912023 0,000283
трехлетний 3,506558 0,000254
трехсот 3,218876 0,000233
трехцветный 3,912023 0,000283
трехэтажный 3,506558 0,000254
тринадцати 3,506558 0,000254
трк 1,771957 0,000128
трое 2,813411 0,000407
троицкий 1,560648 0,000113
троицкое 2,813411 0,000204
троицкую 3,506558 0,000254
тройной 3,912023 0,000283
троллейбус 0,994252 0,000072
троллейбусами 1,897120 0,000137
троллейбусных 1,347074 0,000098
троллейбусы 1,714798 0,000124
трубы 2,813411 0,000204
труда 1,139434 0,000082
трудности 2,407946 0,000174
трудов 1,966113 0,000142
трудящихся 2,120264 0,000153
трц 1,660731 0,000120
туапсе 1,897120 0,000137
тувинцы 2,120264 0,000153
туда 2,525729 0,000183
тула 1,897120 0,000137
тулиновых 3,912023 0,000283
туполев 3,506558 0,000254
тура 2,995732 0,000217
турецкие 3,506558 0,000508
турецкий 3,506558 0,000254
турецкому 3,506558 0,000254
туризм 1,347074 0,000098
туристические 2,120264 0,000153
турки 1,832581 0,000133
турки-месхетинцы 2,525729 0,000183
туркмены 1,966113 0,000142
турнир 2,302585 0,000167
тушении 3,912023 0,000283
туя 3,912023 0,000283
тыс 0,430783 0,000281
тысяч 0,415515 0,000241
тысячи 0,597837 0,000087
тяжело 3,506558 0,000254
тяжелое 3,218876 0,000233
тяжелых 2,302585 0,000333
тяжести 2,407946 0,000174
тяжмехпресс 3,912023 0,000566
убежище 3,912023 0,000283
убийства 2,407946 0,000349
убит 2,659260 0,000192
уборка 3,506558 0,000254
убрав 2,040221 0,000148
убраны 3,218876 0,000233
увековечена 3,506558 0,000254
увеличению 2,040221 0,000148
увеличения 1,771957 0,000128
углубленно 3,506558 0,000254
уголки 3,912023 0,000283
угрозой 2,407946 0,000349
удалена 0,941609 0,000273
удалось 1,237874 0,000269
ударение 3,218876 0,000233
ударьте 3,912023 0,000283
удины 2,525729 0,000183
удмуртукра 0,000000 0,000000
удмурты 1,660731 0,000120
удовлетворительном 3,912023 0,000283
уезд 1,897120 0,000137
уезда 1,469676 0,000106
узбеки 1,386294 0,000100
узел 0,891598 0,000065
уйгуры 2,040221 0,000148
указ 0,941609 0,000409
указавшие 1,771957 0,000128
указали 2,040221 0,000148
указан 0,139262 0,000020
указана 1,427116 0,000207
указанием -0,009950 -0,000001
указанию 3,218876 0,000233
указанного 1,078810 0,000078
указанные 2,813411 0,000204
указано 0,733969 0,000053
указом 0,941609 0,000341
указу 1,714798 0,000248
укв 2,407946 0,000174
укомплектованы 3,912023 0,000283
украинский 2,120264 0,000153
украинского 2,813411 0,000204
украинской 2,995732 0,000217
украину 1,897120 0,000137
украинцы 0,891598 0,000194
украины 0,616186 0,000045
улиц 0,891598 0,000387
улица 0,994252 0,000576
улицах 1,660731 0,000120
улице 0,916291 0,000464
улицы 0,843970 0,000305
улично-дорожной 2,207275 0,000160
улучшением 2,813411 0,000204
улучшения 1,966113 0,000142
улучшить 2,040221 0,000148
ульчи 3,218876 0,000233
умер 3,218876 0,000233
умеренно 1,021651 0,000074
умерших 1,832581 0,000133
ун-т 0,000000 0,000000
ун-та 2,120264 0,000307
универсальная 0,891598 0,000065
универсальной 2,207275 0,000160
университет 0,562119 0,000854
университета 0,446287 0,000355
университетская 2,813411 0,000407
университеты 1,966113 0,000142
уничтожен 2,659260 0,000192
уничтожение 2,302585 0,000167
уничтожения 2,659260 0,000385
уничтоженного 3,912023 0,000283
упала 2,813411 0,000204
упоминания 1,966113 0,000142
управ 3,506558 0,000254
управление 0,527633 0,000076
управлением 1,427116 0,000103
управления 0,415515 0,000120
управляющей 3,218876 0,000233
управы 2,040221 0,000295
уровень 0,579818 0,000042
уровня 0,634878 0,000092
уроженцам 2,813411 0,000204
усадьба 2,040221 0,000148
усадьбе 2,995732 0,000217
усадьбы 2,302585 0,000167
усиление 2,120264 0,000153
усилием 3,912023 0,000566
условий -0,009950 -0,000001
условия -0,009950 -0,000001
условиях 1,049822 0,000076
услуг 0,967584 0,000420
услуга 2,995732 0,000217
услуги 0,994252 0,000144
усманка 3,912023 0,000283
усмань 3,506558 0,000508
успел 3,218876 0,000233
успенский 1,514128 0,000110
успехи 1,832581 0,000265
успешно 1,832581 0,000133
успешную 3,218876 0,000233
успеют 3,912023 0,000283
устав 0,941609 0,000341
уставлен 3,912023 0,000283
уставом 1,966113 0,000142
уставу 2,302585 0,000167
устанавливать 2,813411 0,000204
установили 1,832581 0,000133
установлен 0,941609 0,000477
установления 1,832581 0,000133
установленные 2,525729 0,000183
установлены 1,560648 0,000226
устарела 2,040221 0,000148
устройстве 1,171183 0,000085
устью 1,078810 0,000156
устья 1,171183 0,000170
усугубили 3,912023 0,000283
утверждает 2,659260 0,000192
утверждается 2,659260 0,000192
утвержден 1,171183 0,000170
утвержденный 2,040221 0,000148
утилизации 2,813411 0,000204
утилизация 3,218876 0,000233
утра 2,813411 0,000204
утраченного 3,506558 0,000254
утрачены 2,659260 0,000192
уфа 0,967584 0,000070
уха 3,506558 0,000254
ухода 2,813411 0,000204
уходит 2,207275 0,000320
уходящий 3,912023 0,000283
ухожьев 3,912023 0,000283
уцелеют 3,912023 0,000283
участвовал 2,659260 0,000192
участвовали 1,966113 0,000142
участие -0,009950 -0,000001
участии 2,120264 0,000153
участия 1,966113 0,000285
участки 1,514128 0,000110
участков 1,897120 0,000137
участниками 1,309333 0,000095
участников 1,272966 0,000184
участок 1,203973 0,000174
участь 3,506558 0,000254
учащихся 1,714798 0,000124
учебе 3,912023 0,000283
учебники 2,813411 0,000407
учебников 3,912023 0,000283
учебно-методических 3,912023 0,000283
учебно-тренировочные 3,506558 0,000254
учебно-тренировочный 3,506558 0,000761
учебное 1,469676 0,000532
учебные 1,108663 0,000401
учебных 1,049822 0,000304
учен 3,506558 0,000254
ученые 1,427116 0,000103
учеными 2,525729 0,000183
учетную -0,009950 -0,000001
учетом 0,755023 0,000164
училищ 1,966113 0,000142
училище 1,021651 0,000074
учителей 2,040221 0,000148
учителя 2,813411 0,000204
учредительного 2,995732 0,000217
учредительное 3,506558 0,000254
учрежден 1,832581 0,000133
учреждена 1,897120 0,000549
учреждений 0,891598 0,000129
учреждения 0,843970 0,000305
учреждениями 2,407946 0,000174
учреждено 2,659260 0,000192
ушел 2,120264 0,000153
ушли 2,659260 0,000192
ущерб 2,040221 0,000148
фабрика 1,272966 0,000369
фабрику 3,218876 0,000233
фабричный 3,912023 0,000283
файле 2,120264 0,000153
факел 2,995732 0,001301
фактически 0,916291 0,000066
фактического 3,218876 0,000233
факультета 2,525729 0,000366
фасады 2,813411 0,000204
фасмер 1,966113 0,000285
фасмера 2,659260 0,000192
фауна 1,272966 0,000184
фашизма 3,506558 0,000254
фгуп 1,771957 0,000385
февр 0,820981 0,000119
феврале 1,203973 0,000087
февраль 1,272966 0,000184
февраля 0,051293 0,000156
федеральная 0,713350 0,000361
федерального 0,673345 0,000097
федеральной 0,891598 0,000258
федеральный 0,653926 0,000142
федеральным 1,771957 0,000128
федеральными 1,966113 0,000142
федеральных 0,776529 0,000225
федерации 0,544727 0,001301
федерация 1,714798 0,000124
федора 1,771957 0,000385
федорова 2,207275 0,000320
федоровича 2,813411 0,000611
федорову 3,506558 0,000254
фельдшерова 3,912023 0,000283
феодосия 1,966113 0,000142
феоктистов 3,912023 0,000283
феофилакта 3,912023 0,000283
фестивали 1,427116 0,000207
фестиваль 1,139434 0,000660
фестиваля 1,714798 0,000621
фиалки 3,912023 0,000283
физике 2,525729 0,000548
физико-географическая 0,843970 0,000122
физико-географическое 2,659260 0,000192
физической 1,514128 0,000110
фиксированного 3,506558 0,000508
фиксированной 2,040221 0,000148
филармония 1,237874 0,000090
филателии 1,609438 0,000116
филиал 0,798508 0,000173
филиала 1,560648 0,000113
филиалами 2,525729 0,000366
филиалом 2,040221 0,000148
филиалы 1,347074 0,000293
филиппа 3,912023 0,000283
филологические 3,912023 0,000566
филоненко 3,506558 0,000508
философ 2,813411 0,000204
фильмы 2,207275 0,000160
финансовая 2,407946 0,000349
финансово-бюджетной 3,912023 0,000283
финансы 0,798508 0,000058
финишировал 3,912023 0,000283
финны 2,040221 0,000148
фирмы 2,120264 0,000153
флаг 0,673345 0,000292
флаге 2,207275 0,000160
флора 1,171183 0,000085
флот 1,832581 0,000398
флота 1,560648 0,001356
флоту 3,912023 0,000849
фонд -0,009950 -0,000001
фонда 1,309333 0,000474
фондов 2,120264 0,000153
фоновую 3,912023 0,000283
фонтан 1,609438 0,000233
фонтаны 2,407946 0,000349
форма 1,514128 0,000110
форме 0,941609 0,000068
формирует 2,207275 0,000160
форсировала 3,912023 0,000283
фрагмент 2,407946 0,000174
французы 2,040221 0,000148
фридриха 3,218876 0,000466
фрикативное 3,912023 0,000283
фронт 1,714798 0,000496
фронта 1,514128 0,000329
фронтах 3,218876 0,000233
функции 1,049822 0,000076
функционируют 1,427116 0,000207
футбольный 1,203973 0,000174
хабаровск 2,302585 0,000167
хакасы 2,040221 0,000148
хальмг 0,000000 0,000000
хамин 3,912023 0,000283
хан 2,659260 0,000192
ханством 3,912023 0,000283
ханты 2,207275 0,000160
характер 0,994252 0,000072
характеризуется 0,941609 0,000068
характеристика 0,713350 0,000103
харьков 2,120264 0,000153
харькова 3,506558 0,000254
харьковом 3,218876 0,000233
харьковским 3,912023 0,000283
харьковской 2,995732 0,000217
хватает 0,843970 0,000244
хемшилы 3,218876 0,000233
химавтоматики 3,912023 0,000283
химико-технологический 3,506558 0,000254
химическая 1,714798 0,000248
химического 2,525729 0,000183
химической 1,560648 0,000113
хищных 2,995732 0,000217
хлеба 2,659260 0,000385
хлевное 3,218876 0,000233
хлызовой 3,912023 0,000566
хованского 3,506558 0,000254
ходе 0,562119 0,000325
хозяйства 0,755023 0,000219
хозяйственном 2,525729 0,000183
хозяйство 0,713350 0,000207
хой 3,912023 0,000283
хоккейного 3,218876 0,000233
холдинг 2,040221 0,000148
холдинги 3,506558 0,000254
холдинговая 3,912023 0,000283
холмистом 3,506558 0,000254
холодное 2,407946 0,000174
хор 2,407946 0,001220
хора 3,218876 0,000233
хоре 3,912023 0,000566
хоров 3,218876 0,000233
хоровой 2,995732 0,000217
хоронят 3,912023 0,000283
хорошие 2,207275 0,000160
хохольский 3,912023 0,000566
храм 0,843970 0,000489
храма 1,272966 0,000276
храмов 1,386294 0,000201
храмом 1,897120 0,000137
храмы 1,049822 0,000228
хранится 2,407946 0,000174
христиан 1,771957 0,000257
христиан-баптистов 1,771957 0,000257
хроника 2,207275 0,000320
хронология 1,771957 0,000128
хрущевка 3,506558 0,000254
художественной 1,469676 0,000213
художественный 1,171183 0,000170
художественными 3,218876 0,000233
художник 1,660731 0,000120
хутор 2,525729 0,000183
хутором 3,912023 0,000283
царевич 3,506558 0,000254
царевна 3,506558 0,000254
цареву 3,218876 0,000233
царский 2,525729 0,000183
царской 2,120264 0,000153
царства 1,469676 0,000213
царству 3,218876 0,000233
царь 1,966113 0,000142
царю 2,040221 0,000148
царя 1,469676 0,000425
цахуры 2,040221 0,000148
цветом 3,218876 0,000233
цветы 3,218876 0,000233
целей 1,966113 0,000142
целый 1,609438 0,000116
целью 0,733969 0,000053
целях 1,171183 0,000085
цементовозов 3,912023 0,000283
ценность 2,120264 0,000614
ценный 3,506558 0,000254
ценными 2,995732 0,000217
центр 0,400478 0,000725
центра 0,562119 0,000285
центрально-черноземное 3,218876 0,001398
центрально-черноземной 3,506558 0,000254
центрально-черноземном 3,506558 0,000254
центрально-черноземный 3,506558 0,000254
центрального 0,967584 0,000140
центральной 0,843970 0,000061
центральном 1,714798 0,000372
центральный 0,673345 0,000585
центральных 1,427116 0,000103
центрах 2,407946 0,000174
центре 0,673345 0,000097
центров 0,776529 0,000056
центром 0,713350 0,000207
центрполиграф 3,506558 0,000254
центры 0,713350 0,000103
цены 2,040221 0,000148
церемониалу 3,912023 0,000283
церкви 0,916291 0,000531
церковный 2,813411 0,000204
церковь 0,843970 0,000244
церковью 2,207275 0,000160
цикле 2,995732 0,000217
цинк 3,506558 0,000254
цирк 1,078810 0,000078
цирка 1,832581 0,000265
цирком 3,218876 0,000233
цитирования 3,506558 0,000254
цитированиявикипедия 3,912023 0,000283
цифрах 1,966113 0,000142
цифровое 1,514128 0,000219
цифровые 0,673345 0,000049
цифровых 1,771957 0,000128
цчгиу 3,912023 0,000283
цыбин 3,912023 0,000283
цыгане 1,714798 0,000124
чартерные 2,995732 0,000217
часов 1,078810 0,000156
часовая 3,912023 0,000566
часовой 0,755023 0,000109
части 0,198451 0,000029
частично 0,653926 0,000189
частного 2,207275 0,000160
частное 2,813411 0,000204
частные 1,514128 0,000219
частных 1,108663 0,000080
часто 0,415515 0,000120
часть 0,105361 0,000061
частям 3,912023 0,000283
чвк 2,995732 0,000217
чел 0,713350 0,000207
человек 0,400478 0,000348
человека 0,579818 0,000084
челябинск 0,994252 0,000072
чемпионат 1,237874 0,000358
чемпионатах 3,218876 0,000466
чему 1,897120 0,000137
черенков 3,506558 0,000254
черкасами 3,912023 0,000283
черкесы 1,832581 0,000133
чернавский 3,912023 0,000849
черниговского 3,912023 0,000283
чернозем 3,218876 0,001165
черноземного 3,912023 0,002832
черноземное 3,912023 0,000283
черноземье 3,218876 0,000466
черноземья 2,995732 0,001084
чернолесьем 3,912023 0,000283
черносотенский 3,912023 0,000283
чернотал 3,912023 0,000283
черный 1,386294 0,000301
черным 1,966113 0,000142
черных 2,659260 0,000385
чернышев 2,813411 0,000204
чернышов 3,912023 0,000283
черняховского 3,506558 0,001015
черняховскому 3,912023 0,000566
черта 2,302585 0,000333
черте 1,272966 0,000092
чертков 3,506558 0,000508
чертковской 3,912023 0,000283
чертовицы 3,912023 0,000283
черту 1,714798 0,000124
черты 1,203973 0,000261
чертыобластные 3,912023 0,000283
честь 0,562119 0,000163
четвертей 3,506558 0,000508
четыре 0,713350 0,000052
четырехтомного 3,912023 0,000283
четырнадцатый 3,912023 0,000283
чехи 2,040221 0,000148
чехия 2,525729 0,000366
чеченцы 1,714798 0,000124
чешском 3,912023 0,000283
чижова 3,912023 0,000283
чижовку 3,912023 0,000283
чижовский 3,912023 0,000566
чижовской 3,912023 0,000283
числа 0,891598 0,000129
числе 0,248461 0,000090
численности 0,653926 0,000284
численность 0,653926 0,001562
численностью 1,049822 0,000228
число 0,478036 0,000104
чистотой 3,506558 0,000254
чистый 2,120264 0,000153
читатьтекущая 1,237874 0,000090
член-корреспондент 3,218876 0,000233
членом 1,897120 0,000275
чрезвычайными 3,912023 0,000283
чуванцы 3,218876 0,000233
чуваши 1,237874 0,000090
чугоновского 3,912023 0,000283
чудотворца 2,302585 0,000167
чукчи 2,207275 0,000160
чунцин 3,506558 0,000254
шаблон 1,660731 0,000240
шаблонами 0,634878 0,000046
шаблону 3,912023 0,000283
шарлотт 3,912023 0,000566
шах 3,912023 0,000283
шахин 3,912023 0,000283
шахматам 2,659260 0,000192
шахматный 3,506558 0,000254
шахты 2,995732 0,000217
шведов 3,506558 0,000254
шведской 2,995732 0,000867
шведы 3,218876 0,000233
шевцов 3,506558 0,000508
шестеро 3,912023 0,000283
шестизначную 3,912023 0,000283
шестизначных 3,912023 0,000283
шестиполосной 3,912023 0,000566
шилово 3,218876 0,000233
шинник 3,218876 0,000233
шинном 3,506558 0,000254
шинный 2,659260 0,000385
ширина 1,469676 0,000106
шириной 1,966113 0,000142
широко 0,673345 0,000049
широкополосного 2,659260 0,000192
широкофюзеляжный 3,912023 0,000566
широты 1,832581 0,000133
школ 0,994252 0,000072
школа 0,891598 0,000323
школой 2,813411 0,000204
школы 0,673345 0,000195
школьники 3,218876 0,000233
школьников 1,966113 0,000142
шлюзом 3,912023 0,000283
шорцы 2,525729 0,000183
шоссейным 3,912023 0,000283
штаба 2,659260 0,000385
шуйского 2,995732 0,000217
шулепова 3,912023 0,002548
шут 3,218876 0,000466
шхонебека 3,912023 0,000283
шымкенте 3,912023 0,000283
щеки 3,506558 0,000254
щетинин 3,912023 0,000283
щит 1,609438 0,000116
щита 1,771957 0,000257
щитодержатели 2,659260 0,000385
эвакуируют 3,912023 0,000283
эвп 3,912023 0,000283
эйтингон 3,912023 0,000283
эйтингона 3,912023 0,000283
экз 0,415515 0,000090
экипировка 3,912023 0,000283
экологам 3,912023 0,000283
экологии 1,203973 0,000174
экологический 1,832581 0,000133
экологического 1,771957 0,000128
экологическое 1,771957 0,000257
экологической 1,560648 0,000113
экологическом 2,995732 0,000217
экологичного 3,912023 0,000283
экология 0,693147 0,000151
экономика 0,510826 0,000222
экономики 0,713350 0,000103
экономико-географическое 3,218876 0,000699
экономический 1,139434 0,000082
экономическим 2,659260 0,000192
экономических 1,560648 0,000113
экономического 1,386294 0,000201
эксмо 2,525729 0,000183
эксплуатации 1,771957 0,000257
эксплуатацию 0,994252 0,000072
экспозиции 1,714798 0,000124
экспорт -0,009950 -0,000001
электрической 1,966113 0,000142
электроника 3,218876 0,000699
электронной 1,897120 0,000275
электронный 1,469676 0,000106
электротехник 3,506558 0,000254
электротранспорта 2,659260 0,000192
энгельса 2,302585 0,000333
энергетика 1,660731 0,000120
энергия 2,040221 0,000295
энциклопедии -0,009950 -0,000003
энциклопедический 0,733969 0,000053
энциклопедия 0,210721 0,000290
эпохи 1,139434 0,000082
эрзянь 0,000000 0,000000
эртиль 3,912023 0,000283
эртильский 3,912023 0,000283
эсерами 3,506558 0,000254
эсерка 3,912023 0,000283
эсеровского 3,912023 0,000566
эсеры 2,813411 0,000204
эскадрильи 3,218876 0,000233
эскимосы 2,813411 0,000204
эстонцы 1,771957 0,000128
эта 0,000000 0,000000
этаже 3,218876 0,000233
этим 0,693147 0,000050
этимологический 2,040221 0,000148
этимологического 3,912023 0,000283
этимология 0,616186 0,000134
этих 0,400478 0,000029
это 0,000000 0,000000
эфире 2,813411 0,000204
эфирное 1,714798 0,000124
эфирных 2,813411 0,000204
эфко 3,912023 0,000283
эффективности 1,609438 0,000116
ю-в 0,000000 0,000000
ю-з 0,000000 0,000000
юбилеев 3,912023 0,000566
юбилейное 3,912023 0,000283
юбилейный 0,820981 0,000178
юбилею 1,966113 0,000285
юга 1,171183 0,000085
юге 1,078810 0,000156
юго-восточной 1,660731 0,000120
юго-восточный 2,659260 0,000192
юго-западная 2,525729 0,000183
юго-западного 2,407946 0,000174
юго-западное 2,659260 0,000192
юго-западный 2,207275 0,000160
юго-юго-восточном 3,912023 0,000283
южнее 1,832581 0,000133
южно-российский 3,218876 0,000233
южной 0,733969 0,000106
южнорусских 3,506558 0,000254
южную 1,832581 0,000133
южный 0,755023 0,000109
южных 1,897120 0,000412
юного 1,560648 0,000113
юность 1,771957 0,000128
юношеская 2,120264 0,000153
юношеской 3,506558 0,000254
юрасов 3,506558 0,000254
юргуэс 3,912023 0,000283
юрием 2,302585 0,000333
юрий 1,203973 0,000087
юрьева 3,912023 0,000566
юрьевной 3,912023 0,000283
юрьевский 3,912023 0,000283
явление 1,832581 0,000133
является 0,094311 0,000096
являлся 1,347074 0,000098
являются 0,248461 0,000072
являющиеся 1,966113 0,000142
являясь 1,771957 0,000128
язык 0,116534 0,000034
языка 0,798508 0,000231
языками 1,386294 0,000100
языках -0,009950 -0,000001
языков 1,203973 0,000087
языковед 3,912023 0,000283
языковед-славист 3,912023 0,000283
языковедческого 3,912023 0,000283
языком 1,514128 0,000219
якобы 2,995732 0,000217
якорь 2,813411 0,000204
якуты 1,714798 0,000124
ямскую 3,912023 0,000283
янв 0,820981 0,000119
январь 0,941609 0,000068
января 0,116534 0,000523
янтарь 3,218876 0,000233
японской 2,813411 0,000204
японцы 2,120264 0,000153
ярус 2,525729 0,000366
ясень 2,995732 0,000217
ясырева 3,912023 0,000283
яуза 3,218876 0,000233
яхт-клуб 2,995732 0,000217
