абганерово 3,912023 0,000204
абсолютный 0,616186 0,000064
абхаз 1,771957 0,000092
авангард 1,660731 0,000087
аварец 1,771957 0,000092
аварийный 2,120264 0,000111
авария 1,771957 0,000185
авг 0,820981 0,000043
август 0,072571 0,000189
авиабомбардировок 3,912023 0,000204
авианалет 3,912023 0,000204
авиаучилище 3,912023 0,000204
авиационный 1,386294 0,000072
авиация 1,237874 0,000129
авиашкола 3,912023 0,000204
австрии 2,659260 0,000139
австро-венгерский 3,218876 0,000168
автобус 0,820981 0,000300
автобусный 1,021651 0,000426
автовокзал 1,078810 0,000619
автодорога 0,891598 0,000139
автодорожный 2,120264 0,000111
автоколонна 3,912023 0,000204
автомагистраль 1,832581 0,000096
автомобилист 2,407946 0,000126
автомобильный 0,713350 0,000112
автономный 0,867501 0,000045
авторитет 2,813411 0,000147
авторство -0,009950 -0,000001
автотранспорт 1,609438 0,000336
автотранспортный 1,897120 0,000099
агашиной 3,912023 0,000204
агеева 1,469676 0,000077
агломерация 0,798508 0,000250
аграрный 1,203973 0,000063
агул 1,832581 0,000096
адам 2,813411 0,000147
административно-политическое 3,506558 0,000366
административно-территориального 1,660731 0,000087
административно-территориальное 0,820981 0,000128
административно-территориальном 1,309333 0,000137
административно-территориальному 2,659260 0,000139
административно-территориальные 2,995732 0,000156
административно-территориальных 2,207275 0,000115
административноеделение 3,912023 0,000204
административный 0,597837 0,000561
администрация 0,755023 0,000709
адрес 1,078810 0,000169
адыгеец 1,897120 0,000099
ажиотажный 3,912023 0,000204
аз 2,302585 0,000360
азербайджана 2,995732 0,000156
азербайджанец 1,139434 0,000119
азия 0,755023 0,000079
азова 2,813411 0,000147
азово-моздокская 3,218876 0,000168
азовский 1,660731 0,000260
азот 1,714798 0,000179
аист 2,813411 0,000293
аистообразные 3,912023 0,000204
аиф 2,407946 0,000126
айзенхюттенштадт 3,506558 0,000183
академический 0,916291 0,000096
академия 0,544727 0,000284
акварель 2,659260 0,000139
аккордеон 3,506558 0,000183
аккуратно 3,912023 0,000204
акт 1,237874 0,000129
актау 2,995732 0,000156
актер 1,386294 0,000072
активизироваться 2,659260 0,000139
активно 0,733969 0,000038
активность 1,309333 0,000068
активный 0,527633 0,000028
актуально 3,506558 0,000183
акционерный 1,832581 0,000191
алг 3,912023 0,000204
алексадровской 3,912023 0,000204
александр 0,462035 0,000337
александрия 3,506558 0,000183
александро-невский 2,207275 0,000230
александровской 3,218876 0,000336
алексеев 2,207275 0,000115
алексеевка 3,218876 0,000168
алексеевский 2,659260 0,000139
алексей 1,049822 0,000219
алексея 1,514128 0,000079
аллея 1,347074 0,000281
аллювиальный 2,995732 0,000156
алма-ата 3,912023 0,000204
алтай 2,407946 0,000126
алфавитунаселенные 0,867501 0,000045
алфавитуобъекты 3,912023 0,000204
алферьев 3,912023 0,000204
алчевск 3,912023 0,000204
альберт 2,525729 0,000132
альберта 3,506558 0,000183
альманах 1,966113 0,000103
альметьевск 2,995732 0,000156
алюминиевый 2,407946 0,000502
амбулатория 2,995732 0,000156
американец 1,771957 0,000092
американский 0,994252 0,000363
ампир 2,302585 0,000480
анализ 0,967584 0,000050
аналог 1,660731 0,000260
анахронизм 3,912023 0,000204
ангарский 2,813411 0,000147
ангел-хранитель 3,506558 0,000366
англ 0,174353 0,000009
английский 1,309333 0,000341
англия 2,995732 0,000469
андреева 3,506558 0,000183
андрей 0,967584 0,000202
андрусенко 3,912023 0,000204
ансамбль 0,994252 0,000104
антирекордов 3,912023 0,000204
антихрист 3,912023 0,000204
антоний 3,506558 0,000183
антрацит 3,912023 0,000204
аншлюс 3,912023 0,000204
апабеловой 3,912023 0,000204
апр 0,798508 0,000042
апраксин 3,218876 0,000168
апрель 0,150823 0,000385
аптека 2,120264 0,000221
араб 1,609438 0,000084
арабский 1,560648 0,000163
аравия 2,995732 0,000156
арбитражный 1,966113 0,000103
арбузный 3,912023 0,000204
аргасцева 3,912023 0,000204
аргумент 1,108663 0,000116
арен 1,237874 0,000258
арендатор 2,813411 0,000147
арендовать 3,506558 0,000183
арестовать 1,897120 0,000099
арименова 3,912023 0,000408
арифметик 2,659260 0,000139
армейский 2,813411 0,000147
армения 2,040221 0,000106
армия 0,916291 0,001768
армянин 1,021651 0,000160
армянский 1,347074 0,000070
артем 2,302585 0,000120
артерия 2,302585 0,000240
артиллерийский 1,609438 0,000336
артиллерия 2,659260 0,000693
артист 1,832581 0,000096
артобстрел 3,506558 0,000183
арх 0,544727 0,000028
архаичный 3,218876 0,000168
архангельск 1,771957 0,000092
археолог 2,040221 0,000213
археология 1,171183 0,000122
архив 0,446287 0,000070
архивировать 0,020203 0,000219
архивист 3,912023 0,000204
архивный 0,248461 0,000065
архитектор 0,916291 0,000287
архитектура 0,462035 0,000265
архитектурно-строительный 2,407946 0,000126
архитектурный 1,078810 0,000225
ассириец 1,832581 0,000096
асср 1,966113 0,000103
аст 0,820981 0,000128
астаповым 3,912023 0,000204
астероид 1,771957 0,000092
астрахани 2,407946 0,000502
астраханский 1,832581 0,001147
астрахань 0,967584 0,000555
астрель 1,049822 0,000055
ат 2,302585 0,000120
атака 2,120264 0,000332
атаковать 2,995732 0,000312
атаман 1,966113 0,001230
атаманство 3,912023 0,000204
аткарск 3,506558 0,000183
атмосфера 0,994252 0,000052
атмосферный 1,386294 0,000072
атом 3,218876 0,000336
атопов 3,912023 0,000204
аттракцион 2,120264 0,000111
атырау 2,659260 0,000277
аудиенция 3,912023 0,000204
аудиогидами 3,912023 0,000204
аудитория 2,407946 0,000126
афанасий 2,659260 0,000139
афанасия 2,525729 0,000132
афганец 1,966113 0,000103
афганистане 3,506558 0,000183
ахтуба 3,506558 0,000183
ахтубинск 3,506558 0,000183
ахтубинский 3,506558 0,000183
аэродром 1,237874 0,000194
аэропорт 0,776529 0,000526
аэс 3,218876 0,000336
баба 3,218876 0,000168
баданова 3,912023 0,000408
бадольо 3,912023 0,000204
баз 0,371064 0,000116
базарный 2,813411 0,000147
базироваться 1,272966 0,000066
базовый 1,171183 0,000061
байкер 3,506558 0,000183
бак 2,120264 0,000221
бакинский 2,407946 0,000251
бакуринский 3,912023 0,000204
балаган 3,506558 0,000183
балаково 2,120264 0,000111
балахна 2,120264 0,000111
балка 2,040221 0,000425
балкарец 2,040221 0,000106
баллада 3,912023 0,000612
балтийский 1,514128 0,000158
балтику 3,218876 0,000168
балыклеи 3,912023 0,000204
бам 3,506558 0,000183
банкротство 2,302585 0,000120
бань 2,659260 0,000277
барак 3,218876 0,000168
барин 3,912023 0,000204
бармалей 3,912023 0,001020
барнаул 1,203973 0,000063
баррикада 2,040221 0,000957
баррикадный 3,506558 0,000366
барский 3,912023 0,000204
барятинским 3,912023 0,000204
баскетбольный 1,714798 0,000089
баскунчак 3,506558 0,000183
баскунчака 3,912023 0,000204
бассейн 0,653926 0,000068
бастион 2,813411 0,000147
батальон 2,040221 0,000213
батарея 3,506558 0,000548
бахти 3,912023 0,000204
бахчеводство 3,218876 0,000168
баш 3,506558 0,000183
башенный 2,813411 0,000147
башкир 1,347074 0,000211
башня 1,139434 0,000059
беглый 3,218876 0,000671
беда 3,218876 0,000168
бедный 2,302585 0,000360
бежать 2,407946 0,000628
безвозвратный 3,506558 0,000183
безграмотность 3,912023 0,000204
безопасно 2,995732 0,000156
безопасный 2,040221 0,000106
безымянный 2,040221 0,000213
бекетовка 3,912023 0,000816
бекетовке 3,912023 0,000612
бекетовская 3,912023 0,000408
бекетовский 3,912023 0,000204
беларусь 1,237874 0,000065
белебей 3,506558 0,000183
белово 3,218876 0,000168
белое 0,994252 0,000104
белорецк 3,506558 0,000183
белорус 1,171183 0,000122
белорусский 2,302585 0,000120
белый 0,867501 0,000136
бельгия 2,525729 0,000132
беляна 3,506558 0,000366
бендеры 3,912023 0,000204
бердянск 3,218876 0,000168
берег 0,478036 0,000424
березка 2,407946 0,000126
береславского 3,912023 0,000204
берест 2,995732 0,000156
берроу 3,912023 0,000204
беспалый 3,912023 0,000204
бесплатный 1,386294 0,000072
бесплодный 3,506558 0,000183
беспозвоночное 2,659260 0,000277
бетонировать 3,506558 0,000183
библиографический 0,083382 0,000004
библиотека 0,328504 0,000325
библиотечный 1,609438 0,000084
бие 3,912023 0,000204
бизнес 0,820981 0,000086
бизнес-центр 2,813411 0,000147
бизнесмен 2,659260 0,000139
бий 3,912023 0,000204
биологический 1,771957 0,000185
битва 1,560648 0,003743
биться 3,506558 0,000183
бишкек 3,218876 0,000168
бкм 2,995732 0,000312
благодаря 0,527633 0,000165
благоприятно 2,995732 0,000156
благословение 3,506558 0,000366
благотворительный 2,207275 0,000115
благоустроить 1,560648 0,000081
благочестие 3,912023 0,000204
ближний 1,469676 0,000153
близ 1,237874 0,000065
близкий 0,820981 0,000171
близко 1,714798 0,000089
близость 1,660731 0,000260
блогер 3,218876 0,000168
блокирование 3,506558 0,000183
блокировать 2,659260 0,000139
бобыль 3,506558 0,000183
бог 1,832581 0,000096
богомол 3,912023 0,000204
боевой 1,237874 0,000258
боец 2,813411 0,000293
божию 3,912023 0,000204
бой 1,237874 0,001549
бойница 3,912023 0,000204
болгарин 1,427116 0,000149
болгария 1,272966 0,000133
болезнь 1,832581 0,000191
болельщик 2,995732 0,000625
больница 1,078810 0,000281
больной 2,995732 0,000469
большевик 1,347074 0,000140
большее 1,309333 0,000068
большинство 0,342490 0,000071
большое 0,385662 0,000141
большой 0,040822 0,000045
бомба 2,813411 0,000293
бомбардировка 2,407946 0,000126
бор 1,203973 0,000063
борец 1,897120 0,000198
бородин 2,995732 0,000156
борьба 0,820981 0,000086
боярка 3,912023 0,000204
боярский 2,040221 0,000106
братский 1,832581 0,000096
брать 1,714798 0,000179
брашов 3,506558 0,000183
брежнева 3,912023 0,000204
брежневки 3,912023 0,000408
брест 2,525729 0,000132
брестская 2,995732 0,000156
бригада 2,120264 0,000332
брокгауза 0,328504 0,000103
броневой 3,218876 0,000168
бронегруппа 3,912023 0,000204
бросить 2,659260 0,000277
буганова 3,506558 0,000183
буддистами-гелугпа 3,912023 0,000204
буденный 3,912023 0,000204
буерак 3,506558 0,000366
булавин 3,912023 0,000204
булавина 3,506558 0,000366
булавинским 3,912023 0,000204
булавинского 3,912023 0,000408
булавинское 3,912023 0,000612
бум 1,897120 0,000099
бумага 1,560648 0,000081
бунт 2,207275 0,000575
бурлак 2,659260 0,000416
буровая 3,218876 0,000839
бурый 1,897120 0,000297
буря 2,407946 0,000377
бурят 1,609438 0,000084
бутовый 3,506558 0,000183
бутурлин 3,912023 0,000408
буферный 3,218876 0,000168
бык 2,659260 0,000139
быково 2,995732 0,000156
быковский 3,912023 0,000204
былой 3,506558 0,000183
быстро 0,967584 0,000101
быстрый 0,916291 0,000096
быт 2,040221 0,000106
бытовать 3,506558 0,000183
бытовой 1,560648 0,000081
быть -0,009950 -0,000012
бэрроу 3,912023 0,000408
бюджет 1,171183 0,000183
бюджетный 1,514128 0,000079
бюро 1,427116 0,000446
бюст 2,302585 0,000120
важность 2,525729 0,000132
важный 0,494296 0,000103
вал 1,514128 0,000395
валерий 1,714798 0,000179
валить 3,912023 0,000204
вантовый 2,995732 0,000156
вап 3,912023 0,000204
варваровского 3,912023 0,000204
варейкис 3,912023 0,000204
вариант 0,634878 0,000099
варить 3,912023 0,000204
варна 2,525729 0,000132
варьироваться 2,525729 0,000132
василек 3,912023 0,000408
василий 1,078810 0,000394
васильевичю 3,912023 0,000204
васильевна 2,813411 0,000147
васильево 2,120264 0,000111
васильсурск 2,120264 0,000111
вассал 3,218876 0,000503
ватага 3,912023 0,000408
ватерпольный 3,218876 0,000168
вахтовый 3,218876 0,000168
вблизи 1,139434 0,000059
введение 1,078810 0,000056
ввести 0,634878 0,000166
вводить 1,832581 0,000096
вводиться 1,966113 0,000205
вгтз 3,912023 0,000612
вдоль 0,755023 0,000590
ведать 3,218876 0,000168
ведение 1,427116 0,000074
ведомость 0,994252 0,000052
ведомственный 2,207275 0,000345
век 0,248461 0,000440
векегорода 1,966113 0,000103
велеть 2,995732 0,000469
великжанин 3,912023 0,000204
великжанина 3,912023 0,000204
великий 0,356675 0,000223
великобританией 3,506558 0,000183
великобритании 1,897120 0,000099
великобритания 2,120264 0,000111
великово 3,912023 0,000204
величественный 2,813411 0,000147
венгр 1,966113 0,000103
венгрия 2,120264 0,000111
вера 1,049822 0,000164
верить 2,407946 0,000251
вермахт 2,525729 0,002765
вернуться 1,171183 0,000122
верный 2,302585 0,000120
вероятно 1,560648 0,000325
вероятный 2,813411 0,000147
версия -0,009950 -0,000003
версияправитьправить 1,237874 0,000065
верста 2,302585 0,000600
вертолетный 2,525729 0,000132
вертячего 3,912023 0,000408
верхнезареченский 3,912023 0,000204
верхний 0,494296 0,000155
верховный 1,108663 0,000462
вес 1,560648 0,000081
веселый 2,407946 0,000126
весенний 1,660731 0,000087
весна 0,713350 0,000112
весоизмерительный 3,912023 0,000612
вести 0,356675 0,000186
вестись 0,673345 0,000140
вестник 1,049822 0,000274
весь 0,301105 0,000330
ветвь 1,514128 0,000158
ветер 0,713350 0,000074
ветка 1,427116 0,000074
ветшание 3,912023 0,000204
вех 2,525729 0,000132
вечерний 1,347074 0,000140
вечный 1,309333 0,000068
вешать 3,912023 0,000204
вещество 0,994252 0,000104
вещь 1,771957 0,000092
взаимно 2,813411 0,000147
взаимосвязанный 2,995732 0,000156
взамен 1,832581 0,000096
взвесить 2,302585 0,000120
взвидеть 3,912023 0,000204
взвод 3,218876 0,000168
взлетать 3,506558 0,000183
взмо 3,912023 0,000204
взорваться 3,912023 0,000204
взрослый 1,609438 0,000084
взрыв 1,771957 0,000370
взрывать 3,912023 0,000204
взрывной 2,995732 0,000156
взтдин 3,912023 0,000204
взтм 3,506558 0,000183
взять 0,755023 0,000669
виадук 2,995732 0,000469
вид 0,061875 0,000039
видео 1,049822 0,000055
видеть 1,272966 0,000066
визитный 2,120264 0,000111
вики-разметкой 1,309333 0,000068
викигиде 0,776529 0,000040
викигидепроект 3,218876 0,000168
викигидстатьи 2,120264 0,000111
викиданные 0,776529 0,000081
викиданных -0,009950 -0,000001
викиданныхвикипедия 0,891598 0,000093
викимапиипро 1,427116 0,000074
викимедиа -0,009950 -0,000001
википедии -0,009950 -0,000001
википедия -0,009950 -0,000003
викискладвикиновостивикицитатниквикигидэлемент 1,272966 0,000066
викискладе 0,174353 0,000009
викискладепутеводитель 0,713350 0,000037
викискладстатьи 0,891598 0,000046
викисловарецитаты 1,108663 0,000058
викисловарь 3,218876 0,000168
викисловарьстатьи 1,347074 0,000070
викитека 3,218876 0,000168
викитеке 3,218876 0,000168
викитекемедиафайлы 1,272966 0,000066
викитеку 1,347074 0,000070
викицитатникетексты 1,427116 0,000074
викицитатникстатьи 2,207275 0,000115
виккерс 3,912023 0,000408
викторович 2,207275 0,000115
винокурня 3,912023 0,000204
виселица 3,912023 0,000204
висеть 3,218876 0,000168
виталий 1,966113 0,000308
вишневый 3,218876 0,000168
вклад 0,994252 0,000052
вкладка 2,995732 0,000156
включать 0,235722 0,000049
включаться 1,966113 0,000103
включая 0,527633 0,000055
включение 1,108663 0,000173
включить 0,634878 0,000232
включиться 3,912023 0,000204
вкп 2,407946 0,000502
вкрапление 3,506558 0,000183
владелец 1,660731 0,000087
владение 0,916291 0,000048
владивосток 1,897120 0,000099
владикавказ 2,120264 0,000111
владикавказский 3,218876 0,000336
владимир 0,653926 0,000239
владимирович 1,771957 0,000092
владлен 3,912023 0,000204
влажность 1,108663 0,000058
власовым 3,912023 0,000204
власть 0,544727 0,000909
влияние 0,527633 0,000138
влксм 2,302585 0,000120
влюбить 2,525729 0,000132
вместе 0,510826 0,000186
вместо 0,798508 0,000083
вмещать 2,120264 0,000111
вмз 3,506558 0,000183
вне 1,560648 0,000081
внедрить 2,407946 0,000126
внезапно 3,912023 0,000408
внезапность 3,506558 0,000183
внесение 1,560648 0,000081
внести 1,021651 0,000213
внешний 0,051293 0,000005
вниз 1,171183 0,000183
вновь 0,755023 0,000315
внутренний 0,314711 0,000049
внутригородской 0,867501 0,000181
вов 2,120264 0,000221
вода 0,527633 0,000220
водный 0,562119 0,000176
водоем 1,139434 0,000059
водоканал 2,302585 0,000120
водокачка 3,912023 0,000204
водопровод 1,714798 0,000268
водораздел 2,040221 0,000106
водоснабжение 1,514128 0,000079
водоток 2,407946 0,000126
водохранилище 1,139434 0,000297
водстрой 3,912023 0,000612
воевать 2,995732 0,000469
воевода 1,714798 0,001520
воеводский 3,218876 0,000168
воеводство 3,506558 0,000183
военно-авиационное 3,912023 0,000204
военно-административными 3,912023 0,000204
военно-исторический 1,832581 0,000096
военно-разбойничьим 3,912023 0,000204
военное 0,916291 0,000430
военнопленный 2,525729 0,000527
военнослужащий 2,525729 0,000132
военный 0,494296 0,000361
возведение 1,609438 0,000084
возвести 1,139434 0,000059
возврат 2,040221 0,000106
возвратить 1,469676 0,000077
возвращать 3,218876 0,000168
возвращение 1,660731 0,000087
возвышение 2,525729 0,000132
возвышенность 1,386294 0,000289
возглавлять 1,203973 0,000126
воздействие 1,021651 0,000160
воздух 0,616186 0,000161
воздушный 0,798508 0,000208
возка 3,506558 0,000183
возле 1,386294 0,000361
возможно 0,867501 0,000045
возможное 1,832581 0,000191
возможность 0,314711 0,000049
возможный 0,994252 0,000156
вознесенской 3,506558 0,000548
возникать 1,021651 0,000053
возникновение 0,941609 0,000049
возникнуть 0,653926 0,000205
возобновиться 2,207275 0,000115
возраст 1,078810 0,000056
возрастать 1,897120 0,000099
возрасти 1,660731 0,000087
возродить 2,207275 0,000575
возродиться 2,813411 0,000147
возрождаться 3,218876 0,000168
возрождение 1,660731 0,000087
воин 1,714798 0,000179
воинский 1,469676 0,000307
войлочный 3,506558 0,000183
война 0,430783 0,001213
войско 0,798508 0,001415
войти 0,634878 0,000265
вокабула 3,912023 0,000204
вокзал 0,755023 0,001102
вокпц 3,912023 0,000204
вокруг 0,693147 0,000145
волга 1,347074 0,004354
волга-дон 3,912023 0,000204
волггту 3,912023 0,000204
волгегорода 2,525729 0,000132
волго-ахтубинской 3,506558 0,000548
волго-ахтубинскую 3,912023 0,000408
волго-донская 3,912023 0,000204
волго-донского 3,506558 0,000183
волго-донской 2,813411 0,001173
волго-сарпинская 3,912023 0,000408
волговерховье 2,120264 0,000221
волгоград 1,139434 0,005168
волгоград-донбасс 3,912023 0,000204
волгоград-сити 3,912023 0,000204
волгоград-трв 3,912023 0,000204
волгограда 2,995732 0,016244
волгоградаавтомобильный 3,912023 0,000204
волгоградаадминистративное 3,912023 0,000204
волгоградаволгоградпереименованные 3,912023 0,000204
волгоградавтотранс 3,912023 0,000612
волгоградагосударственные 3,912023 0,000204
волгоградамашиностроение 3,912023 0,000204
волгоградарайоны 3,912023 0,000204
волгоградареки 3,912023 0,000204
волгоградацентральная 3,912023 0,000204
волгограде 3,506558 0,004022
волгоградевысшие 3,912023 0,000204
волгоградец 3,912023 0,000816
волгограднефтемаш 3,912023 0,000612
волгоградоблпродукт 3,912023 0,000204
волгоградом 3,218876 0,000839
волгоградский 2,813411 0,019656
волгоградтранспригород 3,912023 0,000408
волгограду 3,912023 0,001020
волгодон 3,912023 0,000408
волгодонск 3,218876 0,000336
волгодонский 3,218876 0,001846
волгомясомолторг 3,912023 0,000204
волгореченск 2,120264 0,000111
волгострой 3,506558 0,000183
волжанин 3,506558 0,000183
волжск 2,120264 0,000111
волжский 1,897120 0,004649
волжско-донской 3,506558 0,000366
волконский 3,912023 0,000204
волма 3,912023 0,000612
волна 0,916291 0,000096
володарского 2,407946 0,000126
волосок 3,912023 0,000204
волость 2,659260 0,000693
волочить 3,912023 0,000204
волхов 3,506558 0,000183
волшебный 0,030459 0,000002
вольный 1,832581 0,000191
вольск 2,120264 0,000221
вообще 1,560648 0,000081
вооружение 1,832581 0,000096
вооружить 1,609438 0,000084
вопрос 0,371064 0,000039
вор 2,813411 0,000293
ворваться 3,506558 0,000183
воробей 2,302585 0,000240
воробьинообразные 3,912023 0,000204
воровской 2,659260 0,000416
воронеж 1,203973 0,000251
воронежа 2,659260 0,000277
ворот 1,078810 0,000225
ворошилова 2,659260 0,000139
ворошиловский 3,218876 0,001678
воск 3,218876 0,000168
воскресенье 1,771957 0,000185
воспользоваться 2,120264 0,000111
воспринять 2,995732 0,000156
восприять 3,912023 0,000204
воссоздать 1,897120 0,000198
восст 3,912023 0,000408
восстанавливать 2,995732 0,000156
восстанавливаться 1,966113 0,000513
восстание 1,237874 0,000839
восстановительный 3,218876 0,000168
восстановить 0,967584 0,000706
восстановление 1,078810 0,000562
восток 0,494296 0,000052
восток-запад 3,506558 0,000366
восторг 3,912023 0,000204
восточный 0,430783 0,000067
восходить 1,609438 0,000084
воткинск 1,309333 0,000068
впадать 1,309333 0,000068
впадение 1,139434 0,000059
впервые 0,385662 0,000121
вперед 2,995732 0,000156
вписать 2,659260 0,000139
вписаться 3,506558 0,000183
вплотную 2,040221 0,000106
вплоть 1,108663 0,000058
впоследствии 0,653926 0,000034
враг 2,207275 0,000230
врангеля 2,659260 0,000139
врач 1,347074 0,000140
вредный 1,966113 0,000103
время 0,020203 0,000051
вручить 2,120264 0,000221
врываться 3,912023 0,000204
все 0,040822 0,000009
все-таки 2,659260 0,000139
всеа 3,506558 0,000183
всевозможный 3,218876 0,000168
всенародно 3,912023 0,000204
всеобщий 1,237874 0,000129
всероссийский 0,634878 0,000265
всесоюзный 0,776529 0,000243
вскоре 1,309333 0,000137
вследствие 1,203973 0,000188
вставка 1,272966 0,000066
встретить 1,966113 0,000205
встретиться 2,659260 0,000139
встречать 2,207275 0,000115
встречаться 0,713350 0,000149
встречный 3,218876 0,000336
вступать 2,659260 0,000139
вступить 1,514128 0,000237
всякий 1,832581 0,000287
втора 0,274437 0,000172
вторжение 1,609438 0,000168
второй 0,891598 0,000325
второстепенный 2,813411 0,000147
вуз 0,820981 0,000300
вход 0,755023 0,000039
входить 0,287682 0,000120
вциом 2,813411 0,000147
выбивать 3,506558 0,000183
выбираться 2,813411 0,000147
выбор 0,634878 0,000099
выбрать 1,139434 0,000059
выброс 1,347074 0,000211
выбыть 2,995732 0,000156
выветривание 3,218876 0,000503
выглядеть 1,832581 0,000191
выгораживание 3,912023 0,000204
выгрузиться 3,912023 0,000204
выдавать 2,302585 0,000240
выдаваться 1,139434 0,000119
выдавливание 3,912023 0,000204
выдать 1,897120 0,000396
выдача 2,659260 0,000139
выдвинуть 1,897120 0,000099
выделение 1,832581 0,000096
выделить 0,544727 0,000057
выделиться 2,525729 0,000263
выделяться 0,941609 0,000049
выдержать 1,832581 0,000287
выехать 2,995732 0,000156
вызвать 1,049822 0,000109
вызывать 1,078810 0,000112
выиграть 2,407946 0,000628
выйти 0,798508 0,000250
выковать 3,912023 0,000204
выложить 3,218876 0,000168
вынудить 1,514128 0,000079
вынуждать 2,813411 0,000147
вып 0,798508 0,000167
выплачивать 3,218876 0,000168
выполнить 0,843970 0,000044
выпускать 1,237874 0,000065
выпускник 1,966113 0,000103
выпускница 3,912023 0,000204
выпустить 0,891598 0,000046
вырасти 1,108663 0,000116
высказаться 2,302585 0,000120
высокий 0,139262 0,000138
высота 0,415515 0,000108
высотка 3,218876 0,000168
высотный 1,427116 0,000074
выставить 2,407946 0,000126
выстоять 3,506558 0,000366
выстроиться 3,912023 0,000204
выступать 0,916291 0,000096
выступить 1,660731 0,000173
выступление 1,272966 0,000133
вытечь 3,912023 0,000204
выход 1,078810 0,000281
выходить 1,309333 0,000137
выходное 3,506558 0,000183
выходной 2,120264 0,000221
выше 0,616186 0,000064
вышеперечисленный 2,525729 0,000132
вышинский 3,912023 0,000204
выявить 1,514128 0,000079
вьетнамец 2,040221 0,000106
вязовые 2,120264 0,000111
вязовый 3,912023 0,000204
вяленый 3,912023 0,000204
гагарина 1,427116 0,000074
гагауз 1,966113 0,000103
газель 2,525729 0,000132
газета 0,579818 0,000302
галицкого 3,506558 0,000183
гандбольный 2,120264 0,000111
гарант 2,813411 0,000147
гармоничный 3,912023 0,000204
гарнизон 1,966113 0,000615
гбуз 3,506558 0,000183
гвардеец 3,506558 0,000183
гвардейский 1,966113 0,000923
гвардия 1,897120 0,000099
гдр 2,813411 0,000147
гемодиализный 3,912023 0,000204
генерал 1,514128 0,000553
генеральский 3,506558 0,000183
географический 0,356675 0,000093
география 0,415515 0,000065
геология 1,609438 0,000084
геомагнитный 3,506558 0,000366
георга 2,995732 0,000156
герай 3,506558 0,000183
геральдика 2,120264 0,000111
геральдикум 3,506558 0,000183
герб 0,798508 0,000666
гергардта 3,912023 0,000816
герингом 3,912023 0,000204
герингу 3,912023 0,000204
герман 2,207275 0,000115
германий 0,843970 0,000220
германский 2,302585 0,000240
гернгутер 3,912023 0,000204
героический 2,995732 0,000156
герой 1,139434 0,000356
гибель 2,207275 0,000345
гигант 2,040221 0,000106
гигантский 1,897120 0,000099
гидрография 1,427116 0,000074
гидроним 1,660731 0,000173
гимн 0,776529 0,000040
гимназия 1,108663 0,000751
гипотеза 1,560648 0,000081
гиппопотам 3,912023 0,000204
гипс 3,912023 0,000204
гипсовый 3,506558 0,000366
гипсокартон 3,912023 0,000204
гитлер 3,218876 0,000503
гкгн 0,994252 0,000052
гкгнпро 0,916291 0,000048
глава 0,494296 0,000387
главнокомандование 3,506558 0,000183
главнокомандующий 2,525729 0,000263
главный 0,210721 0,000055
главсталинградстрой 3,912023 0,000204
глаз 1,714798 0,000089
глебов 3,506558 0,000366
глубоководный 2,302585 0,000120
глубокоовражной 3,912023 0,000204
гнет 3,912023 0,000408
говение 3,912023 0,000204
говорить 1,049822 0,000055
гоголь 1,966113 0,000308
год -0,009950 -0,000386
годунова 2,995732 0,000312
годуобъекты 3,912023 0,000204
голицына 3,912023 0,000204
голова 1,427116 0,000298
головин 2,813411 0,000147
головной 2,120264 0,000111
голограмма 3,506558 0,000183
голод 1,966113 0,000923
голодать 3,912023 0,000408
голодный 3,506558 0,001280
голубеобразные 3,912023 0,000204
голубинской 3,912023 0,000204
голубое 2,659260 0,000277
голубь 2,525729 0,000132
голштинского 3,912023 0,000204
голый 2,525729 0,000132
гомель 1,966113 0,000103
гонять 3,912023 0,000204
гора 0,616186 0,000129
гораздо 1,714798 0,000179
гордумой 3,912023 0,000204
гореть 3,218876 0,000168
горисполком 1,966113 0,000103
горком 2,813411 0,000293
горловка 1,309333 0,000068
горный 0,941609 0,000344
город 0,371064 0,005707
город-герой 2,995732 0,002343
город-побратим 0,843970 0,000220
город-спутник 1,771957 0,000092
города-крепости 2,659260 0,000139
города-миллионера 2,659260 0,000139
города-миллионеры 1,714798 0,000089
города-миллионника 3,912023 0,000204
города-партнеры 1,771957 0,000092
городаболее 3,912023 0,000204
городволгоград 3,912023 0,000204
городе-миллионнике 3,912023 0,000204
городец 2,120264 0,000111
городецкий 1,560648 0,000081
городище 1,469676 0,000920
городищенский 3,506558 0,000548
городок 1,272966 0,000996
городом-миллионером 2,407946 0,000251
городпро 0,867501 0,000045
городской 0,544727 0,003124
горожанин 1,139434 0,000653
горохова 3,912023 0,000408
горсовет 1,897120 0,000099
горчица 3,912023 0,000612
горчично-маслобойный 3,912023 0,000204
горчичный 3,506558 0,000914
горький 0,941609 0,000049
горьковский 3,218876 0,000671
горьковской 2,995732 0,000156
горячий 2,040221 0,000106
горячо 2,659260 0,000139
госкомстат 0,891598 0,000093
госпиталь 1,897120 0,000198
господствовать 1,897120 0,000099
госпожа 3,506558 0,000183
гостиница 0,843970 0,000264
государев 2,040221 0,000319
государственный 0,261365 0,000450
государство 0,579818 0,000121
государь 2,040221 0,000213
гот 2,207275 0,000460
готовность 3,506558 0,000183
грабеж 2,525729 0,000395
грабитель 3,912023 0,000204
град 1,832581 0,000096
градостроительный 1,660731 0,000087
градус 1,514128 0,000079
гражданин 0,733969 0,000344
гражданский 0,733969 0,000612
грамота 1,427116 0,000074
грандиозный 2,659260 0,000139
граница 0,356675 0,000242
грань 1,966113 0,000103
грач 2,995732 0,000156
гребенник 3,506558 0,000366
грек 1,560648 0,000081
грива 2,659260 0,000139
григорием 2,207275 0,000115
григорий 1,832581 0,000287
григорию 3,218876 0,000168
григория 2,407946 0,000251
григорьем 3,912023 0,000204
григорью 3,912023 0,000204
гроза 1,966113 0,000103
грозный 1,272966 0,000133
громкий 2,813411 0,000147
грузии 1,771957 0,000092
грузин 1,560648 0,000081
грузовая 1,139434 0,000059
грузовой 2,813411 0,000147
грузоперевозка 2,659260 0,000139
грузопоток 2,995732 0,000156
грунт 2,207275 0,000115
группа 0,314711 0,000394
группировка 2,207275 0,000806
грустное 3,912023 0,000204
грызун 2,207275 0,000230
грэс 2,525729 0,000658
грязе-царицынская 3,912023 0,000408
грязе-царицынской 3,912023 0,000408
грязь 2,407946 0,000251
губа 2,207275 0,000115
губернатор 0,967584 0,000202
губерния 0,891598 0,001069
губернский 1,309333 0,000478
губком 3,912023 0,000204
губонин 3,912023 0,000204
гуково 3,506558 0,000183
гули 3,912023 0,000204
гулять 2,813411 0,000147
гумрак 3,912023 0,001224
гумрака 3,912023 0,000408
гумракводный 3,912023 0,000204
гуп 2,813411 0,000440
гуренко 3,912023 0,000204
гусева 3,218876 0,000336
гусеничный 3,912023 0,000408
гусь-хрустальный 3,218876 0,000168
гэс 1,832581 0,000764
гяур 3,912023 0,000408
давать 0,820981 0,000171
давно 2,302585 0,000240
даешь 3,912023 0,000204
далее 0,693147 0,000036
далеко 1,347074 0,000070
даль 1,609438 0,000084
дальний 0,446287 0,000070
дамье 3,912023 0,000204
дан 2,302585 0,000120
данил 3,506558 0,000183
даниловка 3,912023 0,000204
даниловский 2,813411 0,000147
дар-гора 3,912023 0,000408
даргинец 1,832581 0,000096
дата 0,030459 0,000287
датский 0,328504 0,000017
дать 0,072571 0,000068
дача 1,469676 0,000077
два 0,150823 0,000055
дважды 1,272966 0,000133
дверь 2,120264 0,000111
двести 2,525729 0,000263
двигаться 1,832581 0,000096
движение 0,544727 0,000142
двор 1,078810 0,000112
дворец 0,843970 0,000176
двуглавый 2,525729 0,000132
дебаркадер 3,218876 0,000336
деблокада 3,912023 0,000204
девочка 2,995732 0,000156
дегтярева 3,912023 0,000204
дезертир 3,912023 0,000204
действие 0,776529 0,000081
действовать -0,009950 -0,000004
дек 0,820981 0,000043
декабрь 0,094311 0,000280
декор 3,218876 0,000168
декоративный 2,120264 0,000111
делать 0,867501 0,000045
деление 0,579818 0,000574
делениецарицынский 3,912023 0,000204
делиться 1,078810 0,000112
дело 0,562119 0,000205
деловой 1,237874 0,000065
демографический 1,609438 0,000084
демонстрироваться 2,813411 0,000147
демоскоп 0,820981 0,000171
денежный 1,660731 0,000173
день 0,210721 0,000253
департамент 1,386294 0,000072
депопуляция 2,525729 0,000395
депутат 0,776529 0,000202
дербент 2,525729 0,000132
деревенско-купеческого 3,912023 0,000204
деревня 1,021651 0,000107
дерево 0,867501 0,000090
деревянный 0,941609 0,000098
держать 1,966113 0,000205
дерновиннозлаковая 3,912023 0,000204
десталинизация 3,506558 0,000183
десятилетие 1,203973 0,000690
десятка 1,139434 0,000356
десятый 2,040221 0,000106
деталь 1,714798 0,000358
деточенко 3,912023 0,000204
детройта 3,912023 0,000204
детская 0,653926 0,000170
детский 0,967584 0,000050
деятель 1,108663 0,000116
деятельность 0,342490 0,000018
джезира 3,912023 0,000204
дженкинсон 3,506558 0,000183
джучи 3,506558 0,000366
дзержинский 2,302585 0,001561
дзержинского 1,660731 0,000433
дзержинскому 2,659260 0,000139
диализный 3,912023 0,000204
диалог 1,660731 0,000173
диаметр 2,302585 0,000120
дивизия 1,771957 0,000924
дижон 3,912023 0,000204
динамо 1,171183 0,000122
династия 2,207275 0,000230
директор 1,272966 0,000066
дистрофия 3,912023 0,000204
дитя 0,867501 0,000226
длина 0,579818 0,000151
длительный 1,309333 0,000068
длиться 1,771957 0,000092
дмитриевск 3,912023 0,000204
дмитрий 0,967584 0,000050
днестра 3,506558 0,000183
добавляться 2,659260 0,000139
добиться 2,040221 0,000213
доброе 2,813411 0,000147
добыча 1,386294 0,000361
довоенный 2,813411 0,001467
договор 1,171183 0,000061
дожить 3,218876 0,000168
дойти 1,560648 0,000488
доктор 1,427116 0,000074
документ 0,415515 0,000022
документальный 1,427116 0,000074
документация 1,897120 0,000099
долг 2,040221 0,000106
долгий 1,021651 0,000107
долго 2,207275 0,000115
долгово-сабуров 3,912023 0,000204
долгорукова 3,912023 0,000408
долгострой 3,506558 0,000183
долгота 0,820981 0,000043
должностной 1,514128 0,000079
должность 1,049822 0,000055
должный 0,356675 0,000019
долина 0,916291 0,000048
доля 0,544727 0,000085
дом 0,446287 0,001001
домик 2,995732 0,000156
доминанта 2,659260 0,000139
домовитый 3,912023 0,000204
домовой 2,302585 0,000120
домовый 2,995732 0,000156
дон 1,660731 0,001732
донбасс 3,218876 0,000168
донесение 3,912023 0,000204
донецк 2,659260 0,000416
донецкий 2,302585 0,000120
донской 1,714798 0,000983
доп 0,597837 0,000062
дополнительный -0,009950 -0,000002
дополниться 3,506558 0,000366
допустимый 1,771957 0,000092
допущение 3,506558 0,000183
дорога 0,527633 0,000908
дороговизна 3,912023 0,000408
доставить 1,966113 0,000205
достаться 2,995732 0,000156
достигать 0,843970 0,000044
достичь 0,733969 0,000077
достойный 2,659260 0,000139
достопримечательность 0,867501 0,000136
достроить 2,659260 0,000139
доступ 0,755023 0,000039
доступность 1,427116 0,000074
доступный -0,009950 -0,000001
доходный 1,966113 0,000103
дочерний 1,897120 0,000099
драгунский 3,506558 0,000548
драматический 1,108663 0,000116
драный 3,912023 0,000204
древесный 2,302585 0,000120
древнегреческий 1,832581 0,000096
древнерусский 1,427116 0,000074
древний 0,653926 0,000068
дробно -0,009950 -0,000001
дрова 3,506558 0,000183
друг 0,916291 0,000287
другое 0,462035 0,000169
другой -0,009950 -0,000019
дружба 1,171183 0,000061
дружина 2,302585 0,000360
дубна 2,120264 0,000111
дубовка 2,040221 0,000319
дубовский 3,506558 0,000183
дубовского 3,912023 0,000408
дубовый 2,407946 0,000126
дубоссарский 3,912023 0,000204
дуга 2,659260 0,000139
дума 0,916291 0,000573
дунауйварош 3,506558 0,000183
дух 1,897120 0,000099
духовная 1,108663 0,000058
духовницкое 2,120264 0,000111
духовный 1,609438 0,000084
душанбе 2,659260 0,000139
дуэль 3,912023 0,000204
дыбенко 3,506558 0,000183
дьяк 2,813411 0,000293
дюмо 3,912023 0,001224
дядя 3,218876 0,000168
евгений 1,347074 0,000140
евзерихин 3,912023 0,000204
евзерихина 3,912023 0,000204
евразийский 1,966113 0,000103
евразия 1,347074 0,000140
еврей 1,203973 0,000126
еврейский 0,755023 0,000079
европа 0,301105 0,000031
европейский 0,494296 0,000077
египет 3,218876 0,000336
еда 3,506558 0,000183
едва 3,218876 0,000168
единица 0,478036 0,000174
единичный 2,407946 0,000126
единственное 1,021651 0,000053
единственный 0,891598 0,000186
единство 1,897120 0,000099
единый 0,544727 0,000085
еж 2,407946 0,000126
ежегодник 0,820981 0,000428
еженедельник 2,207275 0,000115
ежеобразные 3,912023 0,000204
езид 1,771957 0,000092
екатеринбург 0,843970 0,000088
екатерины 1,514128 0,000158
еланский 3,912023 0,000204
елань 2,995732 0,000156
елецкий 2,995732 0,000156
елизово 3,912023 0,000204
ельшанка 3,912023 0,002448
ельшанке 3,912023 0,000204
ельшанки 3,912023 0,000204
ельшанкой 3,912023 0,000204
емва 3,912023 0,000204
емельян 3,218876 0,000168
енакиево 3,912023 0,000204
ергеней 3,912023 0,000204
ергени 3,506558 0,000183
ергенинский 3,912023 0,000408
ереван 2,120264 0,000111
еременко 3,506558 0,000183
ерзовка 3,912023 0,000204
ерзовская 3,912023 0,000204
ерман 3,912023 0,000408
ермана 3,912023 0,000612
ермановский 3,912023 0,000408
ерманский 3,912023 0,000408
ерману 3,912023 0,000204
ермилова 3,912023 0,000204
есауловский 3,912023 0,000204
естественно-гуманитарный 3,912023 0,000204
естественный 0,776529 0,000040
естя 3,912023 0,000204
ефим 3,506558 0,000183
ефрона 0,328504 0,000103
ехиднино 3,912023 0,000204
жаловаться 2,995732 0,000156
жалость 3,912023 0,000408
жаркий 1,514128 0,000079
жби 3,218876 0,000503
желать 1,660731 0,000087
железа 2,207275 0,000115
железнодорожный 0,579818 0,000605
железный 0,616186 0,000675
железобетонный 2,207275 0,000115
желто 3,912023 0,000204
желтый 1,609438 0,000336
жена 2,407946 0,000377
женский 0,867501 0,000452
женщина 1,171183 0,000122
жертвовать 3,506558 0,000366
жестокий 2,995732 0,000156
живой 1,386294 0,000145
живописный 2,040221 0,000106
животное 0,798508 0,000083
животный 1,714798 0,000089
жигмановский 3,912023 0,000408
жигулевск 1,832581 0,000096
жизнедеятельность 2,407946 0,000126
жизнь 0,342490 0,000268
жила 1,386294 0,000578
жилгородок 3,506558 0,000183
жилищный 1,560648 0,000081
жилое 1,714798 0,000626
жилой 0,941609 0,000245
жилье 1,203973 0,000565
жирновск 3,912023 0,000408
жирновский 3,912023 0,000204
жиромская 1,021651 0,000053
житель 0,562119 0,000557
житный 3,912023 0,000204
жить 0,820981 0,000171
жорова 3,912023 0,000204
журавка 3,506558 0,000183
журнал 0,301105 0,000031
журналист 1,660731 0,000087
забастовочный 3,912023 0,000204
забетонировать 3,912023 0,000204
заболеть 3,912023 0,000204
забор 2,302585 0,000120
забота 3,506558 0,000183
забрать 3,218876 0,000336
забросить 1,966113 0,000103
забыть 1,966113 0,000103
заведение 0,867501 0,000452
заведовать 2,525729 0,000132
завершение 1,609438 0,000084
завершить 0,867501 0,000136
завет 2,525729 0,000132
зависимость 0,713350 0,000074
завод 0,693147 0,003253
заводский 1,966113 0,000205
завоевать 1,660731 0,000087
завоевывать 3,506558 0,000366
заволжск 2,120264 0,000111
заволжье 2,040221 0,000213
завотчиков 3,912023 0,000204
завязать 3,912023 0,000204
загадка 2,659260 0,000139
заглавный -0,009950 -0,000001
загрузить 2,207275 0,000115
загрязнение 0,891598 0,000139
загрязнитель 2,525729 0,000132
задание 1,832581 0,000096
задать 2,040221 0,000106
задача 0,820981 0,000257
задержание 2,813411 0,000147
задержать 2,407946 0,000126
задумать 2,813411 0,000147
зажечь 2,659260 0,000139
зайти 2,813411 0,000293
зайцев-русаков 3,912023 0,000204
зайцеобразные 3,218876 0,000168
зайчик 3,912023 0,000204
закавказье 2,040221 0,000106
заказ 1,660731 0,000087
заканальной 3,912023 0,000204
заканчиваться 1,966113 0,000103
заключаться 1,609438 0,000168
заключение 2,120264 0,000111
заключить 1,309333 0,000205
закон 0,462035 0,000193
закончить 1,897120 0,000099
закончиться 1,966113 0,000205
закрепить 1,771957 0,000185
закрепостить 3,912023 0,000204
закрыть 0,798508 0,000167
зал 0,843970 0,000132
заложить 0,843970 0,000132
замедление 3,506558 0,000183
замедлить 3,506558 0,000183
заменить 0,494296 0,000052
заменять 2,813411 0,000147
заметить 2,525729 0,000132
заметный 1,427116 0,000074
заморозить 2,302585 0,000240
заморозка 1,966113 0,000103
замуровать 3,912023 0,000204
замысел 2,659260 0,000277
замятней 3,912023 0,000204
занимать 0,430783 0,000090
заниматься 0,634878 0,000033
занятие 1,469676 0,000077
занять 0,693147 0,000108
зао 1,514128 0,000079
заочный 3,218876 0,000336
запад 0,634878 0,000099
западнее 3,218876 0,000168
западный 0,462035 0,000072
запас 1,560648 0,000163
запечатлеть 2,525729 0,000132
записать 1,609438 0,000084
запись 1,237874 0,000065
записьвойти -0,009950 -0,000001
заполнять 2,659260 0,000139
заполотновская 3,912023 0,000204
запрет 1,771957 0,000092
запретить 1,309333 0,000068
запрос 1,021651 0,000053
запуск 1,347074 0,000140
запустело 3,912023 0,000204
запустение 2,995732 0,000156
запустить 0,755023 0,000079
заработать 2,040221 0,000213
заражение 3,912023 0,000204
заразить 3,912023 0,000204
зарегистрировать -0,009950 -0,000001
заречный 2,120264 0,000111
зародить 3,912023 0,000204
зародиться 2,525729 0,000132
заросль 2,813411 0,000147
зарплата 1,966113 0,000513
зарубежный 0,994252 0,000052
зарыть 3,912023 0,000204
засекин 3,506558 0,000366
засекину 3,506558 0,000548
засекиным 3,506558 0,000183
заселение 2,407946 0,000251
заселить 1,897120 0,000099
засечный 2,813411 0,000147
заслуга 1,660731 0,000087
застава 2,659260 0,000139
заставить 2,525729 0,000395
заставлять 2,407946 0,000126
застой 3,218876 0,000168
застроить 1,832581 0,000096
застройка 0,916291 0,001051
засуха 2,525729 0,000263
засушливость 2,995732 0,000156
засушливый 1,714798 0,000089
засыпать 2,995732 0,000469
затем 0,527633 0,000083
затишье 3,912023 0,000204
затон 1,427116 0,000074
затопление 2,120264 0,000111
затронуть 2,813411 0,000147
затянуться 2,813411 0,000147
заутреня 3,912023 0,000204
зафиксировать 1,078810 0,000169
захват 2,120264 0,000442
захватить 1,272966 0,000597
захватчик 2,302585 0,000120
захватывать 2,813411 0,000293
захоронить 2,525729 0,000132
зацарицынский 3,912023 0,000612
защита 0,616186 0,000032
защитить 1,139434 0,000178
заявить 1,386294 0,000145
заявление -0,009950 -0,000001
звание 0,891598 0,000186
звать 2,659260 0,000693
зваться 3,506558 0,000183
звезда 0,916291 0,000287
звенигово 2,120264 0,000111
звено 2,302585 0,000120
звон 3,912023 0,000204
звуковой 2,407946 0,000251
здание 0,673345 0,001755
зделаете 3,912023 0,000204
здоровье 1,203973 0,000126
здравоохранение 0,843970 0,000220
здравоохраненияэкономика 3,218876 0,000168
здравый 3,218876 0,000168
зеленодольск 1,237874 0,000129
зеленые 1,203973 0,000126
земледелие 2,207275 0,000230
землеройкообразные 3,912023 0,000204
земля 0,400478 0,000104
землянка 3,506558 0,000366
земляной 2,525729 0,000132
земноводные 3,218876 0,000168
земский 1,609438 0,000252
зенит 2,302585 0,000240
зенитный 2,995732 0,000156
зерно 2,407946 0,000377
зерновой 2,995732 0,000312
зима 0,478036 0,000150
зимний 0,798508 0,000125
зипун 3,506558 0,000183
зиу 2,525729 0,000263
злаково-полынными 3,912023 0,000204
злоба 3,506558 0,000183
злодей 3,506558 0,000183
злодейственном 3,912023 0,000204
злой 3,218876 0,000168
змей 2,407946 0,000126
знак -0,009950 -0,000001
знаковый 2,525729 0,000132
знаменигорода 3,912023 0,000204
знаменитый 0,967584 0,000151
знаменск 3,506558 0,000183
знамя 1,386294 0,000217
знание 1,108663 0,000058
знать 1,469676 0,000153
значение 0,061875 0,000048
значительно 0,510826 0,000213
значительный 0,328504 0,000206
золотой 0,597837 0,000125
золотоордынский 2,302585 0,000240
зона 0,400478 0,000313
зороастр 3,506558 0,000183
зубец 1,771957 0,000277
ибо 2,659260 0,000139
иван 0,843970 0,000308
ивана 1,078810 0,000056
ивановича 2,040221 0,000106
иваново 1,139434 0,000059
иваном 2,040221 0,000106
ивану 2,995732 0,000156
иваньковского 2,120264 0,000111
игнат 3,912023 0,000204
игната 3,912023 0,000204
игра 0,843970 0,000044
идентификатор 0,693147 0,000036
идеологический 2,995732 0,000156
идет 1,078810 0,000112
идея 1,108663 0,000058
идти 0,820981 0,000342
иерей 3,912023 0,000204
иеромонах 3,912023 0,000204
ижевск 1,139434 0,000059
из-за 0,415515 0,000152
изба 2,659260 0,000693
избавление 3,506558 0,000183
избежание 2,995732 0,000156
избежать 2,040221 0,000106
избиение 3,912023 0,000204
избирательный 1,609438 0,000084
избирать 1,609438 0,000252
избить 3,912023 0,000408
известное 0,994252 0,000052
известный 0,287682 0,000105
известняк 2,813411 0,000147
изгнать 3,506558 0,000366
изготовление 2,407946 0,000126
изд 0,314711 0,000016
изд-во 1,049822 0,000055
издавать 2,407946 0,000126
издание 0,415515 0,000043
издатель 2,995732 0,000156
издательство 0,494296 0,000026
издевательство 3,506558 0,000183
излагаться 3,218876 0,000168
излишество 3,506558 0,000183
изменение 0,301105 0,000078
изменить 1,049822 0,000383
измениться 1,021651 0,000107
изменник 3,912023 0,000408
измеряться 2,995732 0,000156
измир 3,912023 0,000204
изначальный 2,659260 0,000139
износить 3,506558 0,000183
изображение 0,693147 0,000108
изобразительный 1,347074 0,000070
израсходовать 3,506558 0,000183
изучение 0,713350 0,000112
изъятие 3,218876 0,000168
икарус 3,912023 0,000204
ил 2,995732 0,000156
илиодор 3,912023 0,000204
илиодора 3,912023 0,000408
илиодоровцев 3,912023 0,000204
иловли 3,912023 0,000204
иловлинский 3,912023 0,000204
иловля 3,912023 0,000408
ильченко 3,912023 0,000204
имение 3,912023 0,000204
именно 0,544727 0,000114
иметь 0,094311 0,000064
иметься 0,385662 0,000141
империя 0,653926 0,000239
импульс 2,659260 0,000277
имущество 1,660731 0,000087
имя 0,274437 0,000258
инвалидный 3,912023 0,000204
ингуш 1,897120 0,000099
индекс 0,634878 0,000099
индивидуальный 1,560648 0,000163
индиец 2,120264 0,000111
индий 1,609438 0,000084
индустриализация 1,832581 0,000191
индустриально-педагогический 3,218876 0,000336
инженер 1,139434 0,000119
инженерный 1,272966 0,000066
инициатива 1,171183 0,000061
иной 0,867501 0,000136
иностранец 1,771957 0,000092
иностранный 0,916291 0,000287
институт 0,371064 0,000542
инструмент -0,009950 -0,000001
интеллигенция 2,525729 0,000132
интерактивный 1,560648 0,000244
интервенция 2,995732 0,000156
интерес 1,021651 0,000053
интернет 0,755023 0,000039
интразональный 3,218876 0,000168
информационно-справочный 3,506558 0,000183
информация 0,162519 0,000008
инфраструктура 0,891598 0,000465
иоанна 1,469676 0,000230
иоанновича 3,506558 0,000366
иосиф 2,407946 0,000251
иосифа 2,407946 0,000126
ирина 1,609438 0,000168
иркутск 1,171183 0,000061
исаев 2,995732 0,000312
исинбаеву 3,912023 0,000204
искать 1,966113 0,000308
исключение 0,891598 0,000325
исключить 2,207275 0,000115
ископаемое 1,560648 0,000081
искусственный 0,916291 0,000048
искусство 0,478036 0,000249
исландия 2,407946 0,000126
испанец 2,120264 0,000111
испании 2,659260 0,000139
исполком 2,040221 0,000106
исполнительный 1,171183 0,000183
исполнять 1,108663 0,000116
использование -0,009950 -0,000001
использовать 0,020203 0,000006
использоваться 0,223144 0,000093
исправление 2,659260 0,000139
исследовать 1,469676 0,000077
исток 0,755023 0,000079
историзм 3,218876 0,000168
историко-архитектурного 3,218876 0,000168
историко-географические 3,506558 0,000183
историко-географический 2,995732 0,000156
историографический 3,506558 0,000366
историография 2,659260 0,000139
исторически 1,078810 0,000056
исторический 0,314711 0,000213
история 0,051293 0,000155
источник -0,009950 -0,000005
источникевикипедия 2,302585 0,000120
истощение 3,506558 0,000183
истощить 3,912023 0,000204
истратить 3,912023 0,000204
истребитель 2,995732 0,000156
истребить 2,813411 0,000147
исчезнуть 1,771957 0,000554
исчерпывать 2,995732 0,000156
исчисление 0,776529 0,000040
исчисляться 3,506558 0,000183
италия 1,609438 0,000252
итальянец 1,714798 0,000268
итальянский 1,139434 0,000238
итог 0,494296 0,000361
итого 1,609438 0,000252
иштеряк 3,912023 0,000204
ищенко 3,506558 0,000366
июль 0,116534 0,000182
июль-сентябрь 3,912023 0,000204
июнь 0,116534 0,000279
кабак 3,912023 0,000204
кабардинец 1,832581 0,000096
кабинет 2,207275 0,000115
кавалерийский 2,995732 0,000156
кавказ 1,771957 0,000277
кавказа 1,660731 0,000087
кавказе 2,207275 0,000460
кавказский 1,966113 0,000513
кавказу 3,218876 0,000336
кадр 1,514128 0,000079
каждый 0,261365 0,000041
казак 1,309333 0,001434
казаки-некрасовцы 3,912023 0,000204
казани 1,771957 0,000092
казанский 1,049822 0,000547
казань 0,891598 0,000325
казаться 2,407946 0,000126
казах 1,427116 0,000223
казахский 2,407946 0,000126
казахстан 1,469676 0,000077
казачество 2,407946 0,000628
казачий 1,469676 0,000920
казнить 2,813411 0,000733
какой-то 1,560648 0,000081
калач 3,218876 0,000336
калач-на-дону 2,659260 0,000555
калачевский 3,912023 0,000408
калибр 3,912023 0,000204
калинин 1,966113 0,000103
калитвы 3,912023 0,000204
каллаи 3,912023 0,000204
калмык 1,560648 0,000407
калмыцкий 2,995732 0,000469
калязин 2,040221 0,000106
камаз 2,995732 0,000156
каменный 0,733969 0,000153
каменск-шахтинский 3,218876 0,000168
камень 0,994252 0,000104
кампания 2,040221 0,000213
камский 1,714798 0,000089
камышенские 3,912023 0,000204
камышенских 3,912023 0,000204
камышина 2,120264 0,000553
камышинский 3,912023 0,000408
кан 3,506558 0,000366
канае 3,912023 0,000204
канал 0,673345 0,000386
канализация 1,966113 0,000103
канаш 3,912023 0,000204
канонада 3,912023 0,000204
канцелярский 3,506558 0,000183
капитуляция 3,506558 0,000366
капля 3,218876 0,000168
каприз 3,506558 0,000183
караваинка 3,912023 0,000204
караван 2,659260 0,000139
караганда 3,506558 0,000183
каракалпак 2,120264 0,000111
карантин 2,995732 0,000156
караул 2,813411 0,000587
карачаевец 1,966113 0,000103
кардиологический 2,407946 0,000251
карт 0,301105 0,000204
картографический 2,525729 0,000132
картофель 3,506558 0,000183
карточка 2,040221 0,000106
карточкевикипедия 1,469676 0,000077
карточкивикипедия 1,309333 0,000068
картуз 3,912023 0,000204
каспий 2,302585 0,000480
каспийский 1,514128 0,000316
каталанский 0,527633 0,000028
каталог 0,094311 0,000005
катастрофа 1,514128 0,000079
катастрофический 2,525729 0,000263
категория -0,009950 -0,000001
катовице 3,506558 0,000183
каустик 3,912023 0,000816
каушанского 3,912023 0,000204
кафа 1,514128 0,000079
кафедра 1,660731 0,000087
кафедральный 0,967584 0,000050
качество 0,287682 0,000015
качинский 3,506558 0,000366
квадрат 2,525729 0,000132
квадратный 1,660731 0,000173
квартал 0,994252 0,000156
квартира 1,966113 0,000103
кельн 3,506558 0,000366
кемерово 1,237874 0,000065
кеми 3,506558 0,000366
керосиновый 3,218876 0,000168
керчь 1,966113 0,000103
кибитка 3,912023 0,000204
киевский 2,120264 0,000111
кий 1,469676 0,000077
киквидзенский 3,912023 0,000204
километр 0,693147 0,000434
километровый 2,407946 0,000377
кимр 2,120264 0,000111
кинематографист 2,659260 0,000139
кинешма 2,120264 0,000111
кино 0,994252 0,000052
кинотеатр 0,891598 0,000558
киношник 3,912023 0,000204
киргиз 1,386294 0,000072
кирилл 2,302585 0,000120
кирова 1,386294 0,000072
кировск 3,218876 0,000168
кировский 1,237874 0,000581
кировского 2,207275 0,000115
кировском 2,525729 0,000527
кирпич 2,207275 0,000575
кирсанов 3,506558 0,000183
кирсанова 3,218876 0,000168
кирха 1,832581 0,000287
киселевск 3,218876 0,000168
китаец 1,609438 0,000084
китай 0,776529 0,000081
кладбище 1,237874 0,000065
классицизм 1,514128 0,000079
классический 0,755023 0,000039
кластер 2,120264 0,000221
клейсту 3,912023 0,000204
клен 1,966113 0,000205
клетская 3,506558 0,000183
клетский 3,912023 0,000204
кливленд 3,912023 0,000204
клима 3,506558 0,000183
климат 0,446287 0,000302
клинический 1,386294 0,000145
клинский 3,506558 0,000183
клуб 0,798508 0,000042
клумба 2,995732 0,000156
ключевой 1,203973 0,000126
клятва 3,912023 0,000204
книга 0,415515 0,000130
книжный 0,798508 0,000167
князь 0,867501 0,000271
кобел 3,912023 0,000204
ковентри 3,912023 0,000816
ковтюха 3,912023 0,000204
код -0,009950 -0,000026
кодекс -0,009950 -0,000001
кодистория 0,116534 0,000006
кожа 2,407946 0,000126
кожевенный 1,966113 0,000103
кожзавод 3,912023 0,000204
козел 2,525729 0,000132
козино 2,120264 0,000111
козловка 2,120264 0,000111
козьмодемьянск 2,120264 0,000111
кой 2,995732 0,000312
койка 2,040221 0,000106
колесник 3,218876 0,000168
колесный 2,995732 0,000312
количество 0,210721 0,000121
коллегия 2,659260 0,000139
коллектив 1,237874 0,000065
колокольный 2,995732 0,000156
коломиец 3,912023 0,000204
колонист 2,995732 0,000156
колонисты-гернгутеры 3,912023 0,000204
колония 1,771957 0,000277
колонна 2,120264 0,000111
колосовой 3,912023 0,000204
кольцо 1,021651 0,000053
кольцов-мосальский 3,506558 0,000183
ком 1,832581 0,000096
команда 0,798508 0,000375
командир 2,659260 0,000277
командование 1,609438 0,000503
командовать 2,040221 0,000425
комбинат 1,021651 0,000053
комедия 1,966113 0,000103
комендант 2,813411 0,000733
коми 1,514128 0,000079
коми-пермяк 1,966113 0,000103
комиссар 2,207275 0,000230
комиссия 0,967584 0,000050
комитет 0,653926 0,000273
коммерсант 2,040221 0,000106
коммунизм 2,407946 0,000251
коммуникация 1,660731 0,000087
компаний-пароходств 3,912023 0,000204
компания 0,371064 0,000135
комплекс 0,579818 0,000242
комплексный 1,078810 0,000225
композитор 1,514128 0,000079
компьютерный 1,347074 0,000070
комсомольский 0,891598 0,000372
комфортабельный 2,813411 0,000293
конаково 2,120264 0,000111
кондратий 3,218876 0,000168
конец 0,198451 0,000155
конечный 1,514128 0,000079
конкордии 3,912023 0,000204
конкордию 3,912023 0,000204
конкордия 3,506558 0,000914
конкурент 2,525729 0,000132
конкурентоспособный 3,912023 0,000204
конкуренция 2,120264 0,000442
консерватория 2,207275 0,000115
консервщик 3,912023 0,000204
константиновка 3,506558 0,000183
константиновский 1,966113 0,000103
конструктивизм 1,771957 0,000092
конструкторский 2,407946 0,000126
конструкционный 3,912023 0,000204
конструкция 1,469676 0,000077
континентальный 0,527633 0,000028
контрнаступление 3,218876 0,000336
контролировать 1,469676 0,000383
контролироваться 2,659260 0,000139
контроль 0,994252 0,000052
контур 2,407946 0,000126
конфессия 1,049822 0,000055
конфигурация 2,813411 0,000293
конфиденциальность -0,009950 -0,000001
конфил 3,912023 0,000408
конфликт 1,347074 0,000351
концертный 1,108663 0,000058
кончая 3,912023 0,000204
кончиться 3,912023 0,000408
конъюнктура 2,995732 0,000156
координировать 2,659260 0,000139
копейка 2,525729 0,000132
копие 0,223144 0,000070
кореец 1,514128 0,000158
коридор 1,966113 0,000308
коричневатый 3,506558 0,000183
коричневый 2,995732 0,000156
корм 3,506558 0,000183
корнилой 3,912023 0,000204
королев 1,897120 0,000198
король 2,120264 0,000111
корона 1,660731 0,000087
короткий -0,009950 -0,000002
корпорация 1,347074 0,000070
корпус 1,171183 0,000427
корс 3,912023 0,000204
корчева 2,040221 0,000106
косарева 3,912023 0,000204
косметология 3,912023 0,000612
космический 1,309333 0,000068
косолапов 3,912023 0,000408
костомаров 3,912023 0,000204
кострома 1,171183 0,000061
кот 1,966113 0,000103
котельниково 3,912023 0,001224
котельниковский 3,506558 0,000183
котлубани 3,912023 0,000204
котлубанью 3,912023 0,000204
котов 3,218876 0,000503
котовский 3,506558 0,000183
который 0,000000 0,000000
кофейня 2,995732 0,000156
кочевник 2,040221 0,000213
кочевой 2,302585 0,000240
кочевье 3,506558 0,000366
кошка 2,995732 0,000156
кпсс 1,832581 0,000573
краеведческий 1,108663 0,000116
краевой 1,771957 0,000092
край 0,544727 0,000369
крайне 1,832581 0,000096
крайний 1,514128 0,000079
красивый 1,660731 0,000520
красная 0,713350 0,000298
красно 3,506558 0,000183
красноармеец 2,407946 0,000251
красноармейск 3,506558 0,000366
красноармейский 1,714798 0,001520
красновым 3,912023 0,000204
краснодар 1,386294 0,000145
краснодарское 3,218876 0,000168
краснодон 3,506558 0,000183
красное-на-волге 2,120264 0,000111
краснознаменская 3,912023 0,000204
краснознаменской 3,912023 0,000204
краснооктябрьский 3,506558 0,001280
краснооктябрьского 3,506558 0,000183
краснооктябрьском 3,912023 0,000612
краснослободск 2,120264 0,000663
красноцветный 3,506558 0,000548
красноярск 0,967584 0,000101
красный 0,597837 0,000966
краткий 0,653926 0,000170
кредит 2,525729 0,000132
крепостной 1,714798 0,001252
крепость 0,994252 0,001089
крепость-полудеревню 3,912023 0,000204
крест 1,309333 0,000068
крестовый 3,506558 0,000183
крестьянами-переселенцами 3,912023 0,000204
крестьянин 1,832581 0,000764
крестьянский 1,714798 0,000715
кривая 2,302585 0,000120
кризис 1,386294 0,000217
крикнуть 3,912023 0,000204
кристина 3,506558 0,000183
кровавый 2,659260 0,000139
кровопролитный 2,525729 0,000132
кровь 1,832581 0,000096
кром 0,235722 0,000160
кропивницкий 3,912023 0,000204
круг 0,967584 0,000101
круглоротые 3,912023 0,000204
круговой 2,813411 0,000147
кругосвет 1,560648 0,000244
кружечный 3,912023 0,000204
кружка 2,995732 0,000156
крупный 0,210721 0,000165
крушевац 3,218876 0,000168
крыло 1,966113 0,000205
крыльце 3,912023 0,000204
крым 1,660731 0,000346
крыма 0,843970 0,000132
крымские 1,771957 0,000092
крымским 2,995732 0,000156
крымских 2,302585 0,000120
крымского 1,832581 0,000191
крымское 2,813411 0,000587
крыс 3,912023 0,000204
крыша 2,207275 0,000230
ксв 2,302585 0,000120
кстово 2,040221 0,000106
ктм 3,506558 0,000183
кубанец 3,506558 0,000366
кубанский 2,302585 0,000240
кубань 2,659260 0,000277
кузнецк 2,302585 0,000120
кузнецов 1,771957 0,000185
кузнечный 2,407946 0,000126
кузьма 3,218876 0,000168
кузьмина 2,659260 0,000139
куйбышевский 1,771957 0,000092
куки -0,009950 -0,000001
кукла 0,891598 0,000139
культ 2,813411 0,000293
культбаза 3,912023 0,000204
культура 0,356675 0,000316
культурный 0,597837 0,000125
кумык 1,832581 0,000096
кумылженская 3,912023 0,000204
кумылженский 3,912023 0,000204
купание 2,659260 0,000139
купец 1,078810 0,000281
купеческий 1,832581 0,000382
купечество 2,302585 0,000240
купило 3,912023 0,000204
купить 2,525729 0,000132
купол 2,407946 0,000126
куполообразный 3,912023 0,000408
купоросный 3,912023 0,000204
куприна 3,218876 0,000168
курган 1,203973 0,000942
курд 2,040221 0,000106
курообразные 3,912023 0,000204
курт 3,506558 0,000183
кустанай 3,506558 0,000183
кучова 3,506558 0,000183
кыргызстан 2,120264 0,000111
лаборатория 1,309333 0,000137
лавка 2,120264 0,000111
лавочка 2,995732 0,000156
лагань 2,813411 0,000147
лагерный 3,506558 0,000366
лагерь 1,514128 0,000237
ладан 3,912023 0,000204
лаз 3,506558 0,000183
лазарет 3,506558 0,000183
лазоревый 2,407946 0,000126
лазурь 3,506558 0,000183
лакец 1,832581 0,000096
лапшин 3,912023 0,000204
лапшина 3,912023 0,000204
ларусса 1,078810 0,000056
латынь 3,218876 0,000168
латыш 1,660731 0,000087
лвс 3,912023 0,000204
лев 0,967584 0,000151
лев-берегу 3,912023 0,000204
левашов 1,660731 0,000087
левин 3,506558 0,000183
левитаном 3,912023 0,000204
левобережье 1,832581 0,000096
левый 1,021651 0,000160
легальный 3,506558 0,000183
легенда 1,469676 0,000153
легендарный 1,897120 0,000099
легион 2,525729 0,000132
легионанаселенные 3,912023 0,000204
легкий 0,967584 0,000101
легко 1,771957 0,000277
лезгин 1,771957 0,000092
лекарский 3,506558 0,000183
ленин 0,755023 0,000630
ленинагорода 2,120264 0,000111
ленинград 2,120264 0,000221
лениногорск 3,506558 0,000183
ленинск 3,506558 0,000548
ленинский 0,941609 0,000049
лепта 3,912023 0,000204
лермонтова 2,525729 0,000132
лес 0,733969 0,000115
лесной 0,843970 0,000044
лесо-луговыми 3,912023 0,000204
лесовой 3,912023 0,000204
лесозавод 3,912023 0,000204
лестничный 3,912023 0,000204
лет 0,597837 0,000062
летию 1,078810 0,000112
летний 0,579818 0,000091
лето 0,891598 0,000093
летописец 2,659260 0,000139
летучий 2,525729 0,000132
летчик 2,207275 0,000345
лечение 1,897120 0,000099
лечь 2,813411 0,000147
лещев 3,506558 0,000183
лжедмитрию 3,506558 0,000183
лжепетра 3,912023 0,000204
лиаза 2,659260 0,000555
лидер 1,237874 0,000194
ликвидатор 2,995732 0,000312
ликвидация 1,609438 0,000084
ликвидировать 1,309333 0,000273
лимоновый 3,912023 0,000204
линево 3,912023 0,000204
линейный 1,714798 0,000447
линия 0,462035 0,000626
липецк 2,525729 0,000132
лисичанск 3,912023 0,000204
лист 1,203973 0,000126
листок 2,813411 0,000147
листокъ 3,912023 0,000204
литература 0,051293 0,000013
литовец 1,897120 0,000099
литовский 1,203973 0,000063
лихачев 3,912023 0,000612
лихой 3,912023 0,000204
лицей 1,347074 0,000070
лицензионный 3,506558 0,000366
лицензия -0,009950 -0,000001
лицо 0,673345 0,000176
лично 2,302585 0,000120
личное 1,714798 0,000089
личной 1,469676 0,000077
личность 1,897120 0,000297
лишь 0,478036 0,000050
лоб 3,912023 0,000408
ловушка 3,218876 0,000168
логистика 2,659260 0,000139
ложбина 2,995732 0,000469
локализовать 3,506558 0,000183
локальный 0,673345 0,000070
лопатина 3,506558 0,000183
лошадь 1,966113 0,000103
лояльный 3,506558 0,000366
лубченков 3,912023 0,000204
луганск 1,203973 0,000188
лугово 3,912023 0,000204
лугово-бурых 3,912023 0,000204
лукойл-волгограднефтепереработка 3,912023 0,000612
лутчие 3,912023 0,000204
луцк 3,912023 0,000204
лысково 2,040221 0,000106
лысый 3,218876 0,000503
львенок 3,506558 0,000183
льеж 3,912023 0,000408
лэп 3,218876 0,000336
люба 1,469676 0,000077
любитель 2,407946 0,000126
любить 1,832581 0,000096
любовь 1,966113 0,000103
любое 1,139434 0,000059
любой 1,386294 0,000072
люди 0,755023 0,000079
людникова 3,912023 0,000612
людская 3,218876 0,000168
люфтваффе 3,506558 0,000366
лягушка 2,995732 0,000156
магазин 1,272966 0,000199
магистраль 0,867501 0,000317
магистрат 2,995732 0,000312
магнит 1,609438 0,000084
май 0,127833 0,000353
майкопу 3,912023 0,000204
майна 2,040221 0,000106
майский 2,659260 0,000277
макарна 3,912023 0,000204
макарьево 2,120264 0,000111
макеевка 3,912023 0,000204
максим 1,237874 0,000065
максимова 2,659260 0,000139
максимум 0,579818 0,000091
мала 1,237874 0,000065
маленек 2,302585 0,000120
маленький 2,040221 0,000106
малое 0,994252 0,000052
малой 0,776529 0,000121
маломобильных 3,506558 0,000183
малый 0,139262 0,000065
мамаев 3,506558 0,002560
мана 3,506558 0,000366
маневр 3,218876 0,000336
маневренный 3,506558 0,000183
манифест 2,525729 0,000132
манштейн 3,912023 0,000408
манштейна 3,912023 0,001020
маргарит 3,218876 0,000168
мариец 1,609438 0,000084
мариинский 1,469676 0,000613
мариуполь 2,407946 0,000126
марка 0,733969 0,000115
маркс 1,309333 0,000068
март 0,116534 0,000273
марченко 3,506558 0,000366
марш 2,525729 0,000132
маршрут 0,673345 0,000597
маршрутный 1,049822 0,000055
масляевым 3,912023 0,000204
масляный 3,912023 0,000204
масса 0,916291 0,000048
массив 0,891598 0,000046
массировать 2,813411 0,000147
массово 2,813411 0,000293
массовый 0,494296 0,000206
мастер 1,171183 0,000061
мастерство 2,407946 0,000126
масштаб 1,108663 0,000173
масштабно 3,506558 0,000183
масштабный 1,139434 0,000238
материал -0,009950 -0,000003
матушке-россии 3,912023 0,000204
матч 1,108663 0,000405
мать 1,203973 0,000126
машиностроение 1,049822 0,000274
машкова 3,912023 0,000204
мвд 1,309333 0,000205
мегамикс 3,912023 0,000204
мед 2,659260 0,000277
медаль 1,609438 0,000084
медведь 1,660731 0,000087
медиафайлы 0,301105 0,000016
медицинский 0,653926 0,000307
медь 2,040221 0,000106
межбалочном 3,912023 0,000204
межвоенный 3,912023 0,000408
междоусобный 3,218876 0,000168
междугородная 1,832581 0,000096
междугородный 1,832581 0,000287
международный 0,385662 0,000241
междуречье 2,207275 0,000460
междуцарствие 3,912023 0,000612
мелкий 1,309333 0,000068
мельник 2,040221 0,000106
мельникова-печерского 3,912023 0,000204
мельница 2,120264 0,000774
мемориально-исторического 3,912023 0,000204
мемориальный 1,139434 0,000059
меньшой 3,912023 0,000204
меняться 1,272966 0,000664
мера 0,820981 0,000214
меркурий 2,813411 0,000147
мероприятие 0,916291 0,000048
местность 1,049822 0,000274
местный 0,478036 0,000224
место 0,139262 0,000218
месторождение 1,427116 0,000149
месть 3,912023 0,000204
месяц 0,415515 0,000130
месяцевикипедия 0,776529 0,000040
металл 1,272966 0,000199
металлург 2,302585 0,000120
металлургический 1,469676 0,000153
металлургия 1,714798 0,000268
метель 2,525729 0,000132
метизный 3,912023 0,000612
метод 1,049822 0,000055
методика 3,218876 0,000168
метр 0,653926 0,000409
метро 1,272966 0,000133
метровый 1,714798 0,000089
метрополитен 1,609438 0,000084
метротрама 3,912023 0,000204
метроэлектротранс 3,912023 0,001020
механический 1,660731 0,000087
мехи 3,912023 0,000204
меценат 2,302585 0,000480
меч 2,995732 0,000156
мечетка 3,912023 0,001632
мечетке 3,912023 0,000204
мечетки 3,912023 0,000204
мечеткой 3,912023 0,000204
мечетный 3,912023 0,001428
мечеть 0,994252 0,000052
мечник 3,506558 0,000183
мечькъ 3,912023 0,000204
мешать 1,897120 0,000099
мещерский 2,995732 0,000156
мидия 2,995732 0,000156
микрорайон 0,916291 0,000239
микрохирургия 2,813411 0,000147
миллер 2,995732 0,000312
миллерово 3,218876 0,000168
миллион 0,776529 0,000121
миллионник 2,813411 0,000147
миллионный 1,771957 0,000185
милосердие 2,659260 0,000139
мина 2,302585 0,000120
минеральный 1,139434 0,000119
мини-город 3,912023 0,000204
минимум 0,653926 0,000102
минин 2,813411 0,000293
минина 3,218876 0,000336
мининский 3,506558 0,000183
министерский 3,506558 0,000548
министерство 0,653926 0,000068
минный 3,218876 0,000168
миномет 3,912023 0,000204
минск 1,714798 0,000179
минусинск 3,218876 0,000168
минх 3,506558 0,000183
мир 0,094311 0,000093
мирноград 3,912023 0,000204
мирной 1,609438 0,000839
мирный 2,207275 0,000115
мировая 0,527633 0,000193
миссия 2,302585 0,000120
мисюр 3,912023 0,000204
мисюре 3,912023 0,000204
митрополит 1,832581 0,000096
миттеран 3,912023 0,000204
михаил 0,916291 0,000048
михаила 1,171183 0,000061
михай 3,506558 0,000183
михайлович 1,386294 0,000072
михайловка 3,506558 0,000366
михайловский 2,407946 0,000126
мичуринск 3,218876 0,000168
млекопитающее 1,897120 0,000396
млн 0,462035 0,000024
многие 0,356675 0,000093
многий 1,237874 0,000129
много 0,150823 0,000008
многодетный 2,995732 0,000156
многозальными 3,912023 0,000204
многоквартирный 1,897120 0,000099
многократно 2,407946 0,000251
многолетний 1,560648 0,000081
многотысячный 3,218876 0,000168
многочисленный 0,693147 0,000506
многоэтажный 1,832581 0,000096
мобилизовать 3,218876 0,000671
мобильный -0,009950 -0,000001
могила 1,660731 0,000087
могилев 2,525729 0,000132
мода 2,407946 0,000126
модель 0,891598 0,000232
модерн 1,609438 0,000084
модернизация 1,660731 0,000433
модуль 0,562119 0,000059
мой 0,733969 0,000038
мокрый 2,302585 0,000600
молдаванин 1,714798 0,000089
молдавский 3,218876 0,000839
молдова 2,525729 0,000132
молдовой 3,912023 0,000408
молдовы 2,995732 0,000625
молитва 2,995732 0,000156
молога 2,120264 0,000111
молодежный 1,078810 0,000056
молодой 1,021651 0,000107
молочный 2,040221 0,000106
момент 0,527633 0,000248
монарх 3,506558 0,000183
монархический 3,912023 0,000204
монархия 3,506558 0,000183
монастырь 0,867501 0,000045
монгол 1,660731 0,000173
монгольский 1,832581 0,000191
монета 0,994252 0,000104
мониторинг 1,108663 0,000116
монолит 3,912023 0,000204
монополия 2,525729 0,000263
монумент 1,272966 0,000066
монументальный 1,714798 0,000626
мор 1,021651 0,000160
моральный 2,659260 0,000139
мордва 1,309333 0,000068
море 0,562119 0,000264
морской 0,994252 0,000052
морятник 3,912023 0,000408
москва 0,400478 0,000167
москва-астрахань 3,912023 0,000204
москваволгоград 3,912023 0,000204
москве 1,171183 0,000244
москвой 1,237874 0,000065
москвою 3,912023 0,000408
москву 1,139434 0,000178
московию 3,506558 0,000183
московский 0,527633 0,000220
мост 0,713350 0,000372
моторный 3,218876 0,000168
моторостроительный 2,813411 0,000733
мочь -0,009950 -0,000003
мощный 1,021651 0,000053
мощь 3,218876 0,000168
мск 0,843970 0,000044
мтв 3,506558 0,000183
мтта 3,912023 0,000204
мужской 1,108663 0,000058
мужчин-строителей 3,912023 0,000204
мужчина 1,347074 0,000070
музей 0,653926 0,000784
музей-заповедник 1,832581 0,000191
музей-панорама 3,912023 0,000612
музей-парк 3,912023 0,000204
музейный 1,514128 0,000237
музея-заповедника 2,525729 0,000263
музея-панорамы 3,912023 0,000204
музыка 0,941609 0,000098
музыкально-драматический 3,506558 0,000366
музыкальный 0,867501 0,000633
муниципальный 0,713350 0,001079
муниципий 3,912023 0,000204
муп 1,897120 0,000099
мурманск 2,207275 0,000115
мусульман-суннитов 3,912023 0,000204
мухиной 3,912023 0,000204
мыс 1,386294 0,000072
мыслить 3,506558 0,000183
мышкин 2,120264 0,000111
мышкова 3,912023 0,000204
мышь 2,207275 0,000230
мэр 1,078810 0,000225
мэрия 1,560648 0,000163
мясная 2,525729 0,000263
мятеж 2,207275 0,000460
мятежник 2,995732 0,000937
мятежный 3,506558 0,000183
набег 1,660731 0,000779
набережная 0,891598 0,000837
набираться 3,506558 0,000183
наблюдаться 0,755023 0,000039
набор 1,237874 0,000065
набратца 3,912023 0,000204
набрать 2,407946 0,000126
навигация -0,009950 -0,000002
навигацияволгоградсимволы 3,912023 0,000204
наволок 2,120264 0,000111
наглядный 2,813411 0,000147
награда 0,798508 0,000250
наградить 0,941609 0,000196
надежда 1,469676 0,000153
наделение 2,407946 0,000377
надписываться 3,912023 0,000204
надпись 1,660731 0,000260
назад 1,108663 0,000116
название 0,105361 0,000154
назвать 0,371064 0,000174
наземный 1,609438 0,000168
назначать 2,207275 0,000345
назначаться 2,040221 0,000213
назначение 1,108663 0,000173
назначить 1,203973 0,000126
называть 0,174353 0,000027
называться 0,328504 0,000051
наиболее 0,139262 0,000044
наименее 2,207275 0,000230
наименование 0,994252 0,000052
найти 0,733969 0,000115
наладить 2,302585 0,000240
налаживаться 3,912023 0,000204
наличие 0,867501 0,000090
налоговый 1,966113 0,000205
намекать 3,912023 0,000204
наместничество 1,514128 0,000158
наметать 3,912023 0,000204
нанести 1,832581 0,000573
наниматься 3,506558 0,000183
наоборот 1,832581 0,000096
нападать 2,407946 0,000126
напечатать 3,218876 0,000168
написать 0,867501 0,000045
напиток 1,897120 0,000099
наполнить 3,218876 0,000168
наполовину 3,506558 0,000183
направить 0,867501 0,000045
направление 0,385662 0,000402
направо 1,560648 0,000081
напрямую 1,660731 0,000087
нардек 3,912023 0,000408
нарекание 3,218876 0,000168
нариманов 2,120264 0,000221
народ 0,579818 0,000181
народный 0,616186 0,000418
нарушать 1,714798 0,000179
нарушение 1,560648 0,000081
нарушить 2,659260 0,000277
насекомое 2,207275 0,000115
население 0,462035 0,002481
населить 0,597837 0,000686
насильственный 2,995732 0,000156
наследие 0,713350 0,000186
насмерть 3,912023 0,000612
настоятель 3,218876 0,000168
настоящее 0,287682 0,000150
настроить 2,407946 0,000126
наступательный 2,302585 0,000480
наступать 0,843970 0,000176
наступление 1,714798 0,001252
насыпь 2,995732 0,000312
нати 3,912023 0,000204
наука 0,235722 0,000061
научный 0,248461 0,000013
находиться 0,174353 0,000182
нахождение 2,040221 0,000106
национализировать 2,813411 0,000147
национальность 0,867501 0,000271
национальный 0,342490 0,000143
начало 0,116534 0,000188
началось 0,616186 0,000225
начальный 0,967584 0,000050
начать 0,510826 0,000133
начаться 0,562119 0,000322
начинаться 0,527633 0,000275
начиная 0,733969 0,000077
начинить 3,912023 0,000204
наш 0,527633 0,000330
нашествие 2,120264 0,000111
нащокину 3,912023 0,000204
нгтрк 3,912023 0,000204
неавторитетном 2,525729 0,000132
неавторитетный 2,407946 0,000126
небесное 2,813411 0,000293
неблагонадежный 3,912023 0,000204
небольшое 1,427116 0,000074
небольшой 0,494296 0,000206
невинномысск 3,218876 0,000168
невозможно 1,832581 0,000287
невольничий 3,912023 0,000204
невский 1,272966 0,000597
негосударственный 1,386294 0,000145
недвижимость 1,897120 0,000297
неделя 1,309333 0,000273
недоедание 3,912023 0,000204
недолгий 3,506558 0,000183
недостаточно 2,207275 0,000115
недостроя 3,912023 0,000204
недоступный 0,446287 0,000209
нежелание 3,218876 0,000168
незамужний 3,912023 0,000204
незаселенный 3,912023 0,000204
незастроенной 3,912023 0,000204
незахороненных 3,912023 0,000204
незначительно 2,407946 0,000126
незначительный 1,660731 0,000087
неизвестное 2,207275 0,000230
нейтрализовать 3,912023 0,000204
некачественный 3,218876 0,000168
некоммерческий -0,009950 -0,000001
некорректный 1,514128 0,000079
некоторые 0,127833 0,000053
некрасов 2,407946 0,000502
некрасовец 3,912023 0,000204
некрасовский 2,040221 0,000106
нелегальный 2,525729 0,000132
нелепый 3,912023 0,000204
немец 1,108663 0,001098
немецкий 0,798508 0,001207
немецко-фашистских 2,525729 0,000263
немного 1,309333 0,000068
необходимо 1,237874 0,000065
необходимость 1,139434 0,000059
необходимый 1,078810 0,000225
необъятный 3,912023 0,000204
необычный 1,832581 0,000096
неоднократно 1,139434 0,000059
неоднородный 3,506558 0,000366
неожиданно 3,218876 0,000168
неожиданность 3,912023 0,000408
неоновый 3,506558 0,000183
неосуществленный 3,218876 0,000168
неофициально 2,302585 0,000600
неофициальный 1,139434 0,000238
непосредственно 0,478036 0,000050
непрекращающийся 3,912023 0,000204
непрерывный 1,714798 0,000089
непризнанный 2,813411 0,000147
неразгромленных 3,912023 0,000204
неразорвавшимися 3,912023 0,000204
нередко 1,108663 0,000058
несбыточный 3,506558 0,000183
несколько 0,116534 0,000061
несмотря 0,755023 0,000079
нести 1,609438 0,000084
неубранный 3,506558 0,000183
неудачный 2,207275 0,000460
неуклонно 2,995732 0,000156
нефтебаза 3,218876 0,000503
нефтеналивной 3,506558 0,000366
нефтеперерабатывающий 2,302585 0,000120
нефтепереработка 2,995732 0,000156
нефть 1,347074 0,000281
нефтяной 1,514128 0,000079
нехаевский 3,912023 0,000204
нехватка 1,966113 0,000103
нигерия 2,995732 0,000156
ниже 0,693147 0,000217
нижне-волжская 3,218876 0,000336
нижне-волжский 3,506558 0,000366
нижне-волжской 3,218876 0,000168
нижневолжский 3,912023 0,000612
нижневолжского 3,506558 0,000183
нижнее 0,916291 0,000382
нижний 0,494296 0,000283
низкий 0,843970 0,000132
низкопольные 3,218876 0,000336
низменность 1,714798 0,000268
низменный 1,897120 0,000099
никакой 1,609438 0,000168
никитина 2,302585 0,000120
никиты-исповедника 3,912023 0,000204
никифор 3,218876 0,000168
николаев 2,407946 0,000126
николаевск 1,966113 0,000410
николаевский 1,832581 0,000096
николая 0,916291 0,000096
никто 2,120264 0,000111
нквд 2,813411 0,000147
нобелевский 2,207275 0,000921
нобелей 3,912023 0,000408
новгород 0,867501 0,000090
новгороду 3,506558 0,000183
новоаненского 3,912023 0,000204
новоаннинский 3,912023 0,000612
новогодний 2,407946 0,000126
новодевичье 2,120264 0,000111
новое 0,287682 0,000150
новокузнецк 1,272966 0,000066
новокуйбышевск 2,120264 0,000111
новомосковск 1,203973 0,000063
новониколаевский 3,506558 0,000366
новорожденный 3,218876 0,000168
новороссийск 1,966113 0,000205
новосибирск 0,916291 0,000096
новостной 2,040221 0,000106
новость 0,544727 0,000085
новоузенск 3,506558 0,000183
новоульяновск 2,120264 0,000111
новочебоксарск 2,120264 0,000111
новошахтинск 3,506558 0,000183
новый 0,083382 0,000152
ногаец 1,771957 0,000277
ногай 3,218876 0,000839
ногайский 2,525729 0,000658
номер 0,634878 0,000099
норвегию 3,912023 0,000204
норвежский 0,248461 0,000026
норма 0,597837 0,000031
нормализоваться 3,506558 0,000183
нормаль 3,912023 0,000612
нормативно-технической 3,218876 0,000168
носить 0,798508 0,000042
ночь 1,309333 0,000205
нояб 0,820981 0,000043
ноябрь 0,127833 0,000333
ноябрьский 3,912023 0,000204
нравиться 2,813411 0,000147
нужда 1,237874 0,000129
нуждаться 1,660731 0,000087
нужный 1,771957 0,000092
нулевой 1,609438 0,000084
нумизматика 1,966113 0,000103
ныне 0,653926 0,000102
нынешний 1,021651 0,000479
нэп 2,813411 0,000147
нэт 3,912023 0,000408
оао 0,916291 0,000143
оба 0,597837 0,000187
обанкротиться 2,995732 0,000156
обвод 3,218876 0,000671
обеднить 3,912023 0,000204
обернуться 3,218876 0,000168
обескровить 3,912023 0,000204
обеспечивать 0,415515 0,000043
обещание 2,813411 0,000293
обзор 1,078810 0,000112
обильный 2,525729 0,000132
обитание 2,040221 0,000106
обитать 1,469676 0,000077
обиход 2,525729 0,000132
обиходный 3,912023 0,000204
обком 2,207275 0,000806
обл 1,714798 0,000089
областигорода 2,407946 0,000126
областной 0,994252 0,001503
область 0,150823 0,000393
областьгорода 1,309333 0,000068
облик 1,203973 0,000126
облицовочный 3,912023 0,000204
обмен 1,309333 0,000137
обнаружить 1,021651 0,000053
обновить 1,203973 0,000063
обновлениявикипедия 1,771957 0,000092
обогнать 2,407946 0,000126
обогнуть 3,912023 0,000204
обозначение 1,386294 0,000072
обойти 2,207275 0,000115
обойтись 2,040221 0,000106
оборона 1,108663 0,001676
оборонительный 1,660731 0,000433
оборонный 1,771957 0,000554
оборонять 2,525729 0,000395
обороняться 3,506558 0,000548
оборудование 0,653926 0,000170
обострение 2,813411 0,000147
обрав 3,912023 0,000204
образ 0,287682 0,000075
образец 1,203973 0,000063
образование 0,356675 0,000576
образованиевузыздравоохранениеучреждения 3,912023 0,000204
образовать 0,385662 0,000302
образоваться 0,967584 0,000050
образцовый 3,218876 0,000168
обратно 1,714798 0,000089
обращение 0,030459 0,000276
обследовать 2,813411 0,000147
обслуживать 1,469676 0,000230
обстоятельство 2,040221 0,000106
обстрел 2,995732 0,000156
обувной 2,995732 0,000156
обустройство 3,506558 0,000183
обучение 1,309333 0,000273
обход 1,469676 0,000077
общеобразовательный 1,021651 0,000053
общероссийский 1,427116 0,000074
общественно-развлекательных 3,912023 0,000204
общественность 2,120264 0,000111
общественный 0,494296 0,000206
общество 0,415515 0,000043
общий 0,186330 0,000058
общность 2,813411 0,000147
объединить 0,867501 0,000045
объездной 1,897120 0,000396
объект 0,235722 0,000209
объем 0,400478 0,000063
объехать 3,506558 0,000183
объявить 0,798508 0,000125
обычай 3,506558 0,000183
обычный 1,347074 0,000492
обязательный 1,427116 0,000074
овощной 3,218876 0,000336
овражный 2,995732 0,000156
огласить 3,506558 0,000183
огнемет 3,912023 0,000204
огонь 1,139434 0,000119
ограничение 1,237874 0,000065
ограничить 0,653926 0,000034
огромный 0,776529 0,000567
одаль 3,912023 0,000204
одежда 2,120264 0,000111
одесса 2,207275 0,000230
одеть 3,218876 0,000168
один 0,051293 0,000064
одинаковый 1,714798 0,000089
одичать 3,912023 0,000204
однако 0,174353 0,000073
одновременно 0,776529 0,000040
одновременный 2,302585 0,000120
одноименный 0,967584 0,000151
односекционные 3,912023 0,000408
одобрить 1,897120 0,000198
ожесточенно 3,912023 0,000204
оживить 2,659260 0,000139
ожидать 1,272966 0,000066
озерный 2,302585 0,000120
озеро 0,673345 0,000035
озлобление 3,912023 0,000204
ознаменоваться 2,120264 0,000111
означать 0,798508 0,000083
означить 3,506558 0,000183
оказать 1,427116 0,000149
оказаться 0,820981 0,000556
оказывать 0,867501 0,000045
оказываться 1,966113 0,000103
окато 0,820981 0,000086
окв 3,912023 0,000204
оккупация 2,207275 0,000115
окно 1,714798 0,000268
оконечность 1,966113 0,000205
окончание 1,309333 0,000205
окончательно 1,203973 0,000628
окоп 3,506558 0,000183
окопаться 3,912023 0,000204
окраина 1,049822 0,000219
окрестность 0,941609 0,000196
округ 0,562119 0,000762
окружать 0,755023 0,000039
окружение 2,207275 0,001036
окружить 1,771957 0,000924
окрылить 3,912023 0,000204
оксид 2,207275 0,000115
окт 0,798508 0,000042
октмо 0,843970 0,000044
октябрь 0,072571 0,000344
октябрьск 2,120264 0,000111
октябрьский 0,776529 0,000121
олеария 2,813411 0,000147
олевано-романо 3,912023 0,000204
олимпиада 2,407946 0,000126
олимпийский 1,108663 0,000058
олимпия 2,813411 0,000440
олферьеву 3,912023 0,000204
ольховка 3,506558 0,000183
ольховский 3,912023 0,000204
ольшанка 3,912023 0,000204
омск 1,021651 0,000107
онлайн 0,198451 0,000010
оное 2,995732 0,000156
оный 2,813411 0,000147
оон 1,560648 0,000081
ооо 0,843970 0,000132
оопт 3,218876 0,000168
опалева 3,912023 0,000204
опасность 1,832581 0,000191
опасный 1,272966 0,000133
опер 1,469676 0,000153
оператор 0,941609 0,000393
операция 0,776529 0,000364
опираться 1,560648 0,000081
описание -0,009950 -0,000004
описать 1,347074 0,000070
оплата 1,609438 0,000084
оплот 3,506558 0,000183
ополчение 1,897120 0,000099
ополченский 3,912023 0,000204
опоясываться 3,912023 0,000204
определять 0,867501 0,000045
определяться 1,078810 0,000056
опросить 2,659260 0,000139
оптима 3,218876 0,000336
оптимизация 2,207275 0,000115
оптимизировать 2,995732 0,000156
опустынить 3,506558 0,000183
оратор 3,912023 0,000204
орашул-сталин 3,506558 0,000183
орган 0,616186 0,000257
организаторский 3,912023 0,000408
организация -0,009950 -0,000006
организованно 3,912023 0,000204
организовать 0,634878 0,000265
орда 1,714798 0,000447
орден 0,891598 0,000279
орджоникидзе 2,040221 0,000106
ордынский 2,525729 0,000263
оренбург 1,966113 0,000103
оренбурга 3,218876 0,000168
оригинал 0,139262 0,000109
ориентироваться 3,506558 0,000183
оркестр 1,386294 0,000145
орландо 3,506558 0,000366
орск 1,272966 0,000066
ортопедический 3,912023 0,000612
ортопедия 3,218876 0,000503
орудие 1,897120 0,000198
орудийный 3,912023 0,000408
оружейная 2,995732 0,000156
оружие 1,203973 0,000063
осада 1,897120 0,000495
осадка 1,237874 0,000065
осадный 3,218876 0,000168
осадок 0,544727 0,000085
осваиваться 3,218876 0,000168
осветить 2,995732 0,000156
освободить 1,832581 0,000096
освобождение 1,514128 0,000158
освоение 1,309333 0,000068
освятить 1,560648 0,000081
осень 0,941609 0,000098
осетин 1,771957 0,000092
осетр 2,207275 0,000115
осипов 0,527633 0,000028
осиповичю 3,912023 0,000204
осколок 2,995732 0,000156
ослабить 2,995732 0,000156
османский 2,813411 0,000147
оснастить 1,714798 0,000089
основа 0,210721 0,000033
основание 0,494296 0,000206
основатель 0,967584 0,000202
основать 0,274437 0,000286
основное 0,235722 0,000037
основной 0,040822 0,000064
особа 1,966113 0,000205
особенно 0,562119 0,000059
особенность 0,693147 0,000072
осознать 3,506558 0,000183
оспариваться 2,995732 0,000156
оставаться 0,544727 0,000312
оставить 1,427116 0,000446
оставление 3,912023 0,000204
оставлять 2,813411 0,000147
остальной 0,616186 0,000450
останавливать 3,506558 0,000183
останки 2,995732 0,000156
остановка 1,514128 0,000158
остаток 1,203973 0,000063
остаться 0,867501 0,000724
остен-сакен 3,912023 0,000204
острава 3,912023 0,000408
острие 3,506558 0,000183
остров 0,820981 0,001156
островной 2,407946 0,000126
островской 2,040221 0,000213
острог 1,897120 0,000297
осуществиться 3,912023 0,000204
осуществлять 0,597837 0,000125
осуществляться 0,616186 0,000096
ось 2,207275 0,000230
отбирать 3,218876 0,000168
отбираться 3,912023 0,000204
отбить 3,218876 0,000336
отбор 2,040221 0,000106
отбросить 2,995732 0,000312
отв 0,755023 0,000039
отвага 2,813411 0,000293
отважный 3,218876 0,000168
ответ 0,941609 0,000049
ответственность -0,009950 -0,000001
отвечать 1,609438 0,000168
отд 2,525729 0,000132
отделение 0,713350 0,000112
отделить 1,966113 0,000103
отдельный -0,009950 -0,000004
отдых 0,941609 0,000147
отец 2,040221 0,000106
отечественный 0,634878 0,000132
отказ -0,009950 -0,000003
отказать 3,218876 0,000168
отказаться 1,427116 0,000074
откладывать 3,912023 0,000204
открывать 1,771957 0,000092
открытие 0,616186 0,000064
открыто 1,078810 0,000169
открыть 0,150823 0,000157
открыться 0,820981 0,000214
отличаться 0,342490 0,000018
отличие 0,798508 0,000125
отмена 1,714798 0,000089
отменить 1,427116 0,000223
отменяться 3,218876 0,000168
отметить 0,616186 0,000032
отметка 1,386294 0,000072
отмечать 1,078810 0,000056
отмечаться 0,994252 0,000052
относительно 0,415515 0,000022
относиться 0,328504 0,000086
отношение 0,430783 0,000135
отойти 2,207275 0,000345
отослать 3,912023 0,000204
отправить 1,560648 0,000081
отправляться 1,427116 0,000074
отпустить 3,218876 0,000336
отработать 3,506558 0,000183
отравить 3,506558 0,000183
отрада 2,995732 0,000781
отрадинская 3,912023 0,000204
отражать 1,309333 0,000068
отражение 1,714798 0,000179
отразить 1,832581 0,000096
отрасль 0,653926 0,000068
отредактировать -0,009950 -0,000001
отрезвление 3,912023 0,000204
отремонтировать 2,407946 0,000126
отреставрировать 2,040221 0,000106
отрицательно 2,995732 0,000156
отрицательный 2,120264 0,000111
отряд 1,272966 0,000664
отсечение 3,912023 0,000204
отсечь 3,506558 0,000183
отставной 2,995732 0,000312
отстоять 2,995732 0,000156
отстраивать 2,995732 0,000156
отступить 2,659260 0,001109
отступление 2,525729 0,000132
отсутствие 0,891598 0,000046
отсутствовать 0,776529 0,000040
оттенок 2,995732 0,000156
оттепель 1,609438 0,000084
отходить 1,897120 0,000099
отхожий 3,912023 0,000204
отчаянный 3,506558 0,000366
отчаяться 3,912023 0,000204
отчислить 3,912023 0,000204
офис 1,560648 0,000081
офисный 2,302585 0,000120
офицер 1,660731 0,000087
официальный 0,356675 0,000242
офонасьевичю 3,912023 0,000204
оформить 1,514128 0,000079
охват 2,659260 0,000139
охватить 1,832581 0,000191
охрана 0,843970 0,000088
охранный 2,659260 0,000139
оценка 0,400478 0,000063
очаг 2,995732 0,000156
очень 0,494296 0,000129
очередь 0,510826 0,000133
очерк 0,733969 0,000077
очистка 1,771957 0,000092
очистной 1,832581 0,000096
ошибка 0,994252 0,000052
ошибкекак -0,009950 -0,000001
ошибочно 2,813411 0,000147
ошибочный 2,813411 0,000147
павел 1,078810 0,000112
павлова 2,525729 0,000790
павловский 2,302585 0,000120
падать 1,771957 0,000092
паек 3,912023 0,000204
паз 2,995732 0,000937
пакгауз 3,218876 0,000168
пакистанец 2,120264 0,000111
пал 2,813411 0,000147
палата 1,347074 0,000070
палка 3,506558 0,000183
палласовка 3,912023 0,000408
палласовский 3,912023 0,000204
пальгунов 3,912023 0,000204
памяти 1,078810 0,000281
памятник 0,597837 0,000748
памятный 0,798508 0,000042
память 0,820981 0,000086
панель 2,525729 0,000132
паника 3,506558 0,000183
панорама 1,203973 0,000377
паншино 3,912023 0,000204
паншином 3,912023 0,000204
параллельно 1,237874 0,000065
параскевы 3,506558 0,000183
париже 2,659260 0,000139
парк 0,653926 0,000852
парковый 1,609438 0,000084
парнас 2,995732 0,000156
парнокопытные 3,912023 0,000204
паровоз 2,525729 0,000132
пародия 3,506558 0,000183
пароход 2,207275 0,000345
партийный 1,660731 0,000087
партия 1,514128 0,000158
партнерский 2,207275 0,000115
партсъезд 3,506558 0,000183
парус 2,207275 0,000115
парчеву 3,912023 0,000204
пассажиропоток 1,609438 0,000084
пассажирский 0,941609 0,000245
пасти 3,506558 0,000183
пасть 2,120264 0,000221
патп 3,506558 0,000183
патриотический 3,218876 0,000168
паук 3,506558 0,000183
паулюс 3,912023 0,000408
паулюса 3,912023 0,000612
паулюсу 3,912023 0,000408
пацан 2,995732 0,000156
пачкалов 3,506558 0,000548
пво 2,813411 0,000147
педагогический 0,867501 0,000045
пеликанообразные 3,912023 0,000204
пенза 1,108663 0,000058
пенза-саратов-царицын 3,912023 0,000204
пензенская 2,207275 0,000115
пензенский 3,506558 0,000183
пензенского 3,506558 0,000183
пензенской 2,813411 0,000293
первое 0,150823 0,000291
первомайск 3,506558 0,000183
первоначальный 1,203973 0,000126
первоочередной 2,813411 0,000147
первый 0,162519 0,000356
перебазировать 3,912023 0,000204
перебрасывать 3,912023 0,000204
перебросить 2,813411 0,000293
переброска 3,912023 0,000204
перевалка 2,995732 0,000156
перевести 0,994252 0,000259
переводиться 2,407946 0,000126
перевозка 0,891598 0,000046
переволок 2,302585 0,001321
перегрузить 2,813411 0,000147
перегруппировка 3,912023 0,000204
перегруппировываться 3,912023 0,000204
передать 0,798508 0,000083
передвигаться 2,813411 0,000147
переехать 1,966113 0,000103
переживать 2,207275 0,000115
пережить 2,407946 0,000879
переименование 1,469676 0,000460
переименовать 0,941609 0,000491
переименовываться 3,218876 0,000168
перейти -0,009950 -0,000001
перекат 2,995732 0,000156
перекрестить 3,912023 0,000408
переливать 3,912023 0,000204
перелом 2,995732 0,000156
переломный 2,813411 0,000147
перемещаться 2,407946 0,000126
перемычка 3,912023 0,000408
перенаправляться 1,560648 0,000081
перенести 0,994252 0,000207
перенос 1,560648 0,000488
переносить 2,525729 0,000132
переоборудовать 2,995732 0,000312
переосмыслить 3,218876 0,000168
переоткрыто 3,912023 0,000204
перепад 2,525729 0,000263
перепелицын 3,912023 0,000204
переписной 1,714798 0,000089
перепись 0,755023 0,000669
переправа 1,514128 0,000158
переправиться 3,506558 0,000183
перерабатывать 2,525729 0,000132
переработка 1,469676 0,000077
перерасти 2,813411 0,000147
перерезать 3,912023 0,000204
перерыв 2,407946 0,000126
пересекать 1,966113 0,000410
переселенец 2,525729 0,000263
переселяться 2,995732 0,000156
пересечение 1,171183 0,000122
перестать 1,714798 0,000179
перестраиваться 2,659260 0,000139
перестроить 1,897120 0,000495
перестройка 1,771957 0,000185
перетащить 3,912023 0,000408
переход 0,653926 0,000136
переходить 1,237874 0,000065
перешеек 2,659260 0,000139
периметр 2,659260 0,000139
перинатальный 2,040221 0,000106
период 0,274437 0,000615
периодически 1,897120 0,000099
пермь 0,994252 0,000104
перс 1,897120 0,000099
персидский 1,897120 0,000099
персией 3,218876 0,000168
персии 2,995732 0,000156
персию 3,912023 0,000204
персональный -0,009950 -0,000001
песня 1,427116 0,000223
песчанка 2,813411 0,000293
песчаный 1,771957 0,000462
петелина 3,912023 0,000204
петербургский 1,660731 0,000173
петр 1,108663 0,000231
петра 1,078810 0,000337
петрить 1,714798 0,000179
петров 2,207275 0,000345
петрова 2,302585 0,000600
петровский 1,514128 0,000079
петром 2,120264 0,000221
петропавловск 2,995732 0,000156
петь 2,407946 0,000126
пехота 3,506558 0,000183
пехотинец 3,912023 0,000204
пехотный 2,407946 0,000126
печать -0,009950 -0,000001
пеший 2,302585 0,000240
пешком 3,506558 0,000183
пивовар 3,912023 0,000408
пигалев 3,912023 0,000204
пик 1,609438 0,000168
пионер 1,427116 0,000074
пионерка 3,912023 0,000408
пионерский 2,407946 0,000377
пирамида 2,207275 0,000115
писатель 0,916291 0,000096
писать 0,820981 0,000300
письмо 1,237874 0,000129
питание 1,171183 0,000122
питеравто 3,912023 0,000408
питомник 3,218876 0,000168
пищевой 0,916291 0,000143
плавучий 2,995732 0,000312
плакат 2,995732 0,000156
план 0,527633 0,000110
планетарий 1,832581 0,000669
планировать 1,272966 0,000066
планироваться 0,891598 0,000046
планировка 1,427116 0,000149
платный 1,469676 0,000153
платообразный 3,912023 0,000204
платформа 1,049822 0,000055
платье 3,506558 0,000183
плафон 3,912023 0,000204
плацдарм 2,995732 0,000156
плачевный 3,506558 0,000183
племянник 3,506558 0,000183
плен 2,813411 0,000147
пленение 3,912023 0,000408
пленный 2,525729 0,000527
пленум 3,506558 0,000366
плес 1,832581 0,000096
плодородие 2,995732 0,000156
плоньск 3,912023 0,000408
плотина 1,514128 0,000237
плотно 2,813411 0,000293
плотность 0,634878 0,000033
плохой 2,040221 0,000106
площадка 0,867501 0,000136
площадь 0,385662 0,000342
площадькм 3,912023 0,000204
плюс 1,272966 0,000066
по-прежнему 1,966113 0,000103
по-разному 2,407946 0,000126
победа 0,755023 0,000354
победитель 1,514128 0,000158
победить 1,609438 0,000168
побежать 3,506558 0,000366
побережье 1,171183 0,000061
побить 2,525729 0,000263
побратим 1,514128 0,000079
побратимский 1,771957 0,000277
побрать 3,912023 0,000204
поведение -0,009950 -0,000001
повелеть 2,995732 0,000156
повести 1,832581 0,000096
повивальный 3,912023 0,000204
повлечь 2,407946 0,000126
повод 1,897120 0,000099
поволжский 2,302585 0,000600
поволжье 1,832581 0,000287
поволжья 1,714798 0,000536
поворот 2,659260 0,000139
повреждение 2,525729 0,000263
повторно 2,813411 0,000587
повторять 2,302585 0,000240
повысить 1,021651 0,000107
повышать 2,659260 0,000139
погиб 2,525729 0,000132
погибнуть 1,469676 0,000230
погибший 1,203973 0,000251
поглотить 2,207275 0,000115
погода 0,693147 0,000072
пограничный 1,469676 0,000307
погром 2,813411 0,000293
подавление 2,525729 0,000395
подарить 2,207275 0,000230
подарок 2,525729 0,000263
подвергнуться 1,714798 0,000179
подвести 2,525729 0,000263
подвиг 2,040221 0,000106
подводить 3,506558 0,000183
подготовка 0,916291 0,000096
подданный 2,995732 0,000156
подданство 2,813411 0,000147
поддерживать 0,994252 0,000052
поддерживаться 1,660731 0,000087
поддержка 0,653926 0,000034
подземный 1,469676 0,000230
подкова 3,912023 0,000204
подлежать 2,120264 0,000111
подмога 3,912023 0,000204
подножие 2,525729 0,000132
поднять 1,609438 0,000168
подобный 0,994252 0,000052
подозревать 3,912023 0,000204
подойти 2,407946 0,000377
подольск 1,272966 0,000066
подписать 0,941609 0,000049
подразделение 1,514128 0,000237
подразумеваться 2,407946 0,000251
подставной 3,912023 0,000204
подстройка 3,506558 0,000183
подступ 2,659260 0,000139
подступить 3,218876 0,000168
подход 0,994252 0,000052
подходить 1,386294 0,000145
подчинение 1,237874 0,000065
подчинить 1,347074 0,000281
подчиняться 1,660731 0,000346
подъезд 1,897120 0,000297
подъехать 3,912023 0,000204
подьячий 3,506558 0,000183
подьячьими 3,912023 0,000204
поезд 1,021651 0,000053
пожалуйста 1,469676 0,000077
пожар 1,171183 0,000061
пожарище 3,912023 0,000204
пожарная 2,207275 0,000230
пожертвование 2,407946 0,000126
позволить 0,967584 0,000050
позволять 0,462035 0,000024
позвоночные 2,995732 0,000156
позднесоветский 3,218876 0,000168
поздно 0,713350 0,000037
поздравительный 3,506558 0,000183
позже 0,733969 0,000115
позиция 1,347074 0,000211
поиск -0,009950 -0,000001
пойма 1,609438 0,001007
поймать 3,218876 0,000168
пойменный 2,302585 0,000240
показатель 0,494296 0,000155
показать 0,891598 0,000139
показывать 1,237874 0,000065
покинуть 1,966113 0,000103
покой 3,506558 0,000183
покорять 3,912023 0,000204
покров 0,843970 0,000044
покровитель 2,207275 0,000460
покупать 2,525729 0,000395
покупка 2,302585 0,000120
покупочка 3,912023 0,000204
пол 0,446287 0,000233
полагаться 2,659260 0,000139
полвека 2,525729 0,000132
полдень 0,916291 0,000048
поле 1,049822 0,000109
полевой 1,966113 0,000205
полезный 1,203973 0,000063
поликлиника 1,309333 0,000137
политехнический 1,560648 0,000163
политик -0,009950 -0,000002
политический 0,597837 0,000156
полицейский 2,995732 0,000312
полиция 2,207275 0,000115
полицмейстер 3,506558 0,000183
полк 1,469676 0,000460
полковник 1,771957 0,000185
полковой 3,506558 0,000183
полномочие 1,203973 0,000063
полностью 0,400478 0,000104
полноценно 3,506558 0,000183
полный 0,328504 0,000069
половина 0,430783 0,000270
пологий 2,302585 0,000120
положение 0,415515 0,000065
положить 1,514128 0,000158
полоса 0,916291 0,000334
полотнище 1,609438 0,000084
полотно 2,040221 0,000213
полудрагоценный 3,506558 0,000183
полужирный 1,966113 0,000103
полуостров 1,171183 0,000122
получать 0,916291 0,000191
получение 1,203973 0,000063
получить 0,150823 0,000102
полынно-дерновинно-злаковой 3,912023 0,000204
полысаево 3,218876 0,000168
пользоваться 1,139434 0,000059
польский 1,347074 0,000070
польша 1,966113 0,000205
поляк 0,820981 0,000086
поляна 1,427116 0,000372
полярный 1,347074 0,000140
поменять 2,995732 0,000156
поместить 1,609438 0,000084
помещение 1,560648 0,000244
помочь 1,171183 0,000305
помощию 3,912023 0,000204
помощь 0,342490 0,000161
помпея 3,912023 0,000408
понести 2,813411 0,000147
понизовый 3,912023 0,000816
понимание 1,560648 0,000081
понятный 3,218876 0,000168
поодиночке 3,912023 0,000204
попадание 2,659260 0,000139
попасть 1,049822 0,000109
поперечный 2,525729 0,000132
популярный 0,891598 0,000046
попытка 1,272966 0,000398
пора 0,776529 0,000081
поражение 1,897120 0,000396
породить 2,525729 0,000132
порождение 3,218876 0,000168
порт 0,733969 0,000268
порт-саид 3,912023 0,000204
портал 0,342490 0,000036
портрет-панно 3,912023 0,000204
португалии 3,506558 0,000183
портянка 3,912023 0,000204
портяновка 3,912023 0,000204
порубить 3,912023 0,000204
поручик 3,506558 0,000183
порыв 3,218876 0,000168
порядковый 1,609438 0,000084
порядок 0,994252 0,000052
пос 2,040221 0,000106
посад 1,469676 0,000077
посадить 2,407946 0,000126
посадка 1,897120 0,000099
посадочный 2,813411 0,000147
посвятить 0,634878 0,000132
посвящение 3,912023 0,000204
поселение 0,634878 0,000563
поселиться 2,407946 0,000126
поселок 0,634878 0,001357
посетить 1,203973 0,000063
посещение 1,714798 0,000179
послать 2,040221 0,000319
послевоенный 1,309333 0,001024
последнее 0,843970 0,000308
последний -0,009950 -0,000006
последовать 2,302585 0,000120
последствие 1,427116 0,000372
последующее 1,714798 0,000179
последующий 1,272966 0,000465
посмотреть 2,407946 0,000126
пособие 1,514128 0,000079
посольство 1,897120 0,000099
поспелов 1,021651 0,000107
поспелова 3,218876 0,000168
пост 1,078810 0,000056
поставить 1,021651 0,000160
поставлять 2,525729 0,000132
постамент 2,407946 0,000126
постановление 0,891598 0,000744
постепенно 0,867501 0,000226
посторонний 3,506558 0,000183
постоянная 0,843970 0,000088
постоянный 0,579818 0,000212
пострадать 1,660731 0,000779
построить 0,301105 0,000534
постройка 0,867501 0,000181
постсоветский 1,609438 0,000587
посчастливиться 3,912023 0,000204
посылак 3,912023 0,000204
посылать 2,995732 0,000312
потаить 3,506558 0,000183
потенциал 0,967584 0,000101
потеря 1,660731 0,000260
потерять 1,386294 0,000289
потопление 3,912023 0,000204
потребление 2,120264 0,000111
потребность 1,514128 0,000079
потрясение 2,525729 0,000263
поход 1,203973 0,000377
похожие 2,659260 0,000139
похоронить 2,040221 0,000106
почва 1,272966 0,000597
почетный 0,820981 0,000514
почта 1,309333 0,000068
почтовый 0,653926 0,000170
поэт 1,049822 0,000055
поэтому 0,616186 0,000353
появиться 0,248461 0,000065
появляться 0,733969 0,000153
пояс 0,597837 0,000031
пояснительный 2,120264 0,000111
правда 0,820981 0,000257
правдоподобно 3,506558 0,000183
правило 0,478036 0,000025
правильно 2,302585 0,000120
правильный 1,966113 0,000103
правитель 1,771957 0,000185
правительство 0,510826 0,000080
править -0,009950 -0,000050
правка 0,274437 0,000014
правкиновые -0,009950 -0,000001
правкипостоянная -0,009950 -0,000001
правление 1,386294 0,000072
право 0,314711 0,000131
правовой 1,021651 0,000053
православие 1,386294 0,000145
православно-монархического 3,912023 0,000204
православный 0,755023 0,000118
православных-никониан 3,912023 0,000204
правый 0,798508 0,000125
празднование 1,309333 0,000068
практик 1,049822 0,000055
практически 0,755023 0,000118
превзойти 3,506558 0,000183
превосходить 2,040221 0,000213
превосходство 2,995732 0,000156
превратить 1,832581 0,000096
превращаться 1,660731 0,000173
превысить 1,427116 0,000074
превышать 0,673345 0,000070
превышение 1,660731 0,000087
преграда 2,813411 0,000147
преградить 3,506558 0,000183
предавать 3,912023 0,000408
преданно 3,912023 0,000204
предатель 3,912023 0,000204
предводительство 1,897120 0,000198
предвоенный 3,506558 0,000731
предел 0,400478 0,000063
предельно 2,302585 0,000120
предмостный 3,506558 0,000183
предопределить 2,207275 0,000115
предоставить 1,714798 0,000089
предотвращение 2,302585 0,000240
предположительно 1,966113 0,000103
предприниматель 1,609438 0,000084
предпринимательство 1,714798 0,000089
предпринять 2,040221 0,000319
предприятие 0,527633 0,000660
председателигорисполкома 3,912023 0,000204
председатель 0,916291 0,000096
представитель 0,653926 0,000034
представительский 3,218876 0,000168
представить 0,328504 0,000051
представиться -0,009950 -0,000001
представление 0,776529 0,000162
представлять 0,328504 0,000137
представляться 2,407946 0,000251
предстоять 2,995732 0,000156
предтеча 2,120264 0,000332
предшественник 2,659260 0,000139
предыстория 2,995732 0,000312
преемник 2,207275 0,000230
прежде 1,049822 0,000274
прежнее 1,560648 0,000163
прежний 1,021651 0,000213
президент 0,597837 0,000062
президиум 1,171183 0,000305
преимущество 1,514128 0,000079
прекрасное 2,525729 0,000132
прекратить 0,916291 0,000382
прекращение 1,771957 0,000092
премилостивейшего 3,912023 0,000204
премьер 1,966113 0,000103
преобладать 0,713350 0,000037
преображенская 3,218876 0,000168
преображенский 3,218876 0,000168
преобразовать 0,967584 0,000050
преодоление 2,407946 0,000126
преодолеть 2,659260 0,000139
преподавание 2,525729 0,000132
преподавательский 3,218876 0,000168
прервать 2,525729 0,000263
прерваться 3,506558 0,000183
пресечение 3,912023 0,000408
пресечь 3,506558 0,000183
преследовать 2,525729 0,000263
пресмыкаться 2,659260 0,000139
пресс 1,272966 0,000066
пресс-релиз 2,525729 0,000132
престарелый 3,912023 0,000204
престижный 1,897120 0,000297
преступление 1,514128 0,000079
прибавляться 3,506558 0,000183
прибалтийский 2,813411 0,000147
приближение 2,813411 0,000293
приблизительно 1,514128 0,000079
прибрежный 1,386294 0,000145
прибыль 1,897120 0,000198
привести 0,356675 0,000019
привесть 3,912023 0,000204
привжд 3,912023 0,000204
прививочный 3,912023 0,000204
привлечение 1,660731 0,000173
привлечь 2,040221 0,000106
приводить 0,776529 0,000040
привокзальный 1,832581 0,000096
приволжский 1,609438 0,000839
приглашение 3,506558 0,000183
пригодный 1,966113 0,000103
пригодятца 3,912023 0,000204
пригожий 3,218876 0,000168
пригород 1,714798 0,000089
пригородный 0,967584 0,000050
приграничный 2,995732 0,000156
приднестровский 3,218876 0,000839
придонье 3,912023 0,000204
придти 0,755023 0,000276
приезжать 2,040221 0,000213
приезжий 2,813411 0,000293
прижать 3,912023 0,000204
призвать 1,560648 0,000081
признаваться 2,659260 0,000139
признание 0,867501 0,000090
признать 0,494296 0,000180
прийтись 1,469676 0,000383
приказ 1,203973 0,000628
приказная 2,813411 0,000293
прикаспийский 2,659260 0,000277
прикладной 1,078810 0,000056
прикрывать 3,506558 0,000183
прилегать 1,237874 0,000774
прилежать 3,218876 0,000168
приложение 0,733969 0,000038
применить 1,609438 0,000084
применять 0,510826 0,000080
пример 0,527633 0,000220
примерно 0,634878 0,000099
примечание -0,009950 -0,000002
примыкать 1,386294 0,000072
принадлежать 0,755023 0,000197
принадлежность 1,272966 0,000199
принести 2,120264 0,000111
принимать 0,634878 0,000066
принудить 3,912023 0,000204
принцип 0,867501 0,000045
принять 0,248461 0,000142
приобрести 1,139434 0,000119
приоритет 1,771957 0,000277
приоритетный 2,040221 0,000106
приостановить 1,609438 0,000084
приостановка 2,995732 0,000156
припись 3,912023 0,000204
приплыть 3,506558 0,000183
прирастать 2,995732 0,000312
природа 0,653926 0,000068
природный 0,510826 0,000053
прирост 1,309333 0,000068
присвоение 1,139434 0,000119
присвоить 0,798508 0,000083
прислать 2,813411 0,000293
присоединение 1,469676 0,000153
присоединить 1,660731 0,000087
пристав 3,218876 0,000168
пристань 1,427116 0,000149
пристройка 3,506558 0,000183
приступ 2,995732 0,000156
присяга 2,659260 0,000277
приумножить 3,912023 0,000204
приурочить 1,966113 0,000103
приходить 1,309333 0,000205
приходиться 0,693147 0,000108
причал 1,897120 0,000198
причальный 3,506558 0,000183
причем 0,994252 0,000052
причина 0,562119 0,000117
причинить 3,218876 0,000336
проба 2,120264 0,000111
пробить 3,218876 0,000336
проблема 0,274437 0,000129
пробоина 3,912023 0,000204
пробыть 3,506558 0,000183
провал 2,407946 0,000377
проведение 0,673345 0,000105
проверить 0,478036 0,000025
проверка 0,843970 0,000044
провести 0,579818 0,000121
проводить 0,843970 0,000132
проводиться 0,653926 0,000068
проводник 2,659260 0,000139
провозгласить 2,040221 0,000106
проволочно-канатный 3,912023 0,000204
программа 0,415515 0,000043
прогулочный 2,525729 0,000263
продавать 2,302585 0,000240
продаваться 2,525729 0,000132
продажа 1,514128 0,000237
продержаться 3,506558 0,000183
продлить 2,120264 0,000111
продовольственный 1,832581 0,000096
продолжать 1,049822 0,000164
продолжаться 1,049822 0,000055
продолжение 1,347074 0,000281
продолжиться 2,120264 0,000221
продольный 2,407946 0,002260
продразверстка 3,506558 0,000183
продукт 0,634878 0,000066
продукция 0,941609 0,000098
проект -0,009950 -0,000003
проектахзначения 1,237874 0,000065
проектирование 1,560648 0,000081
проектывикипедия 2,040221 0,000106
проекционный 3,506558 0,000183
проживать 0,776529 0,000040
прозвать 2,995732 0,000156
произведение 1,021651 0,000320
произвести 1,203973 0,000188
производитель 1,309333 0,000205
производить 0,916291 0,000048
производственный 1,078810 0,000112
производство 0,527633 0,000275
произвол 3,218876 0,000168
произойти 0,430783 0,000247
происходить 0,328504 0,000103
происхождение 0,776529 0,000081
пройти 0,544727 0,000170
прокопьевск 1,272966 0,000066
прокредитовать 3,912023 0,000204
прокурор 2,995732 0,000156
пролетариат 2,659260 0,000139
проложить 1,347074 0,000351
промзона 2,120264 0,000111
промысл 1,966113 0,000205
промышленник 2,525729 0,000132
промышленно-городской 3,912023 0,000204
промышленность 0,494296 0,000644
промышлять 0,462035 0,000434
прообраз 2,659260 0,000139
пропасть 2,813411 0,000147
пропись 3,912023 0,000204
проплывать 3,912023 0,000204
проплыть 3,912023 0,000204
проповедник 3,506558 0,000183
проповедь 2,995732 0,000156
пропустить 2,995732 0,000312
прорваться 3,218876 0,000168
прорыв 2,525729 0,000790
прославлять 3,912023 0,000204
просмотр -0,009950 -0,000001
проспект 0,891598 0,000651
простить 3,912023 0,000204
просто 1,171183 0,000061
простое 2,659260 0,000139
простой 1,108663 0,000058
просторный 2,525729 0,000263
пространство 0,634878 0,000132
протекать 1,108663 0,000058
против 0,798508 0,000125
противник 2,040221 0,000213
противотанковый 3,506558 0,000366
протогимназии 3,912023 0,000204
проток 1,660731 0,000087
протяжение 0,843970 0,000044
протяженность 0,776529 0,000364
протяженный 2,207275 0,000115
протянуться 1,897120 0,000099
профессиональный 0,733969 0,000115
профиль 1,427116 0,000074
профсоюз 2,407946 0,000126
профсоюзный 2,813411 0,000293
проходить 0,462035 0,000096
процент 1,427116 0,000074
прочее 0,544727 0,000028
прочный 2,525729 0,000132
прощение 3,506558 0,000183
прямая 0,867501 0,000181
прямоугольник 2,995732 0,000312
псевдодокументальную 3,912023 0,000204
психический 2,813411 0,000147
птица 1,272966 0,000199
птуха 3,912023 0,000204
публика 2,659260 0,000139
публичный 1,078810 0,000056
пугачев 2,813411 0,000440
пугачева 2,302585 0,000600
пугачевец 3,218876 0,000168
пугачевский 2,995732 0,000312
пугачевым 3,506558 0,000183
пуля 3,218876 0,000168
пункт 0,494296 0,000670
пунктыи 3,912023 0,000204
пустеть 3,912023 0,000204
пустить 1,514128 0,000079
пустой 2,525729 0,000132
пустынно 3,912023 0,000204
пустынно-степных 3,912023 0,000204
пустынный 2,813411 0,000147
пустырь 3,218876 0,000503
путеводитель 0,713350 0,000037
путепровод 2,207275 0,000115
путешественник 1,714798 0,000179
путешествие 1,469676 0,000153
путь 0,261365 0,000259
пучеж 2,120264 0,000111
пушка 2,120264 0,000111
пушкарь 3,218876 0,000336
пушкин 0,916291 0,000096
пущий 3,912023 0,000204
пущин 3,912023 0,000204
пшеница 2,995732 0,000156
пытаться 1,237874 0,000258
пятак 3,912023 0,000204
пятигорск 2,813411 0,000147
пятилетка 1,897120 0,000099
пятница 1,427116 0,000074
пятно 2,813411 0,000147
пять 0,693147 0,000072
пятьдесят 2,207275 0,000115
раб 3,218876 0,000168
работа 0,127833 0,000093
работать 0,314711 0,000115
работник 1,108663 0,000058
работный 3,506558 0,000183
рабоче-крестьянский 2,995732 0,000156
рабочий 0,597837 0,000779
рабочих-испытателей 3,912023 0,000204
рабство 2,995732 0,000625
рабыня 3,912023 0,000204
равнина 0,867501 0,000045
равномерный 2,995732 0,000156
радеж 3,912023 0,000408
радиация 2,659260 0,000139
радио 0,891598 0,000186
радиостанция 1,021651 0,000053
разбивать 2,995732 0,000469
разбирать 3,912023 0,000204
разбить 1,514128 0,000789
разбиться 3,912023 0,000204
разбогатеть 3,506558 0,000183
разбой 2,659260 0,000139
разбойничий 3,912023 0,000816
разбомбить 3,912023 0,000204
разбросать 3,218876 0,000168
развалина 3,912023 0,000816
разведгруппа 3,912023 0,000204
развенчание 3,506558 0,000183
развернуть 1,660731 0,000260
развертывание 2,302585 0,000120
разветвляться 3,506558 0,000183
развиваться 0,597837 0,000062
развилка 3,218876 0,000168
развитие 0,127833 0,000073
развить 0,616186 0,000225
развлекательный 1,714798 0,000089
развязка 1,469676 0,000077
разгадать 3,506558 0,000183
разграбить 3,218876 0,000336
разгром 2,302585 0,000360
разгромить 3,218876 0,000336
раздел 0,342490 0,000036
разделить 0,527633 0,000385
разделять 1,609438 0,000084
раздирать 3,912023 0,000204
разин 2,813411 0,000733
разина 2,207275 0,001036
разинаскрытые 2,525729 0,000132
разинуть 3,912023 0,000408
разлагаться 3,506558 0,000183
различаться 2,040221 0,000106
различный 0,116534 0,000006
размер 0,755023 0,000039
разместить 1,108663 0,000058
размещаться 1,560648 0,000163
размещение 0,673345 0,000035
разминирование 3,912023 0,000204
разногласие 1,714798 0,000089
разное 1,078810 0,000056
разнообразный 1,139434 0,000119
разный 0,314711 0,000049
разобрать 2,040221 0,000106
разобщить 3,506558 0,000183
разовые 3,506558 0,000183
разорвать 1,897120 0,000198
разориться 3,506558 0,000183
разработка 0,653926 0,000034
разработчик -0,009950 -0,000001
разрастись 3,912023 0,000204
разрезать 3,506558 0,000183
разрешить 1,560648 0,000081
разрознить 3,218876 0,000503
разрушаться 2,813411 0,000147
разрушение 1,560648 0,000325
разрушить 1,139434 0,000594
разрыв 2,525729 0,000263
разрядный 2,813411 0,000587
разукрупнение 3,218876 0,000336
райком 3,506558 0,000183
район 0,430783 0,002493
районирование 2,040221 0,000106
районный 1,171183 0,000183
райцентр 0,941609 0,000049
рамка 0,478036 0,000100
рамн 2,302585 0,000120
рана 0,776529 0,000040
раненый 2,659260 0,000139
ранить 2,659260 0,000139
рано 0,261365 0,000082
расквартировать 3,506558 0,000183
распад 1,514128 0,000316
распадаться 3,506558 0,000183
распасться 2,525729 0,000132
расписание 1,832581 0,000096
располагать 1,386294 0,000145
располагаться 0,544727 0,000170
расположение 0,776529 0,000040
расположить 0,385662 0,000342
расположиться 2,040221 0,000106
расправа 2,995732 0,000156
распределение 1,203973 0,000063
распределить 0,693147 0,000036
распространить 0,616186 0,000064
распускать 3,912023 0,000204
распустить 2,207275 0,000115
распутина 3,506558 0,000183
рассвет 2,407946 0,000126
расселение 1,832581 0,000096
рассечь 3,218876 0,000168
расставлять 3,506558 0,000183
расстояние 0,713350 0,000149
расстрел 2,525729 0,000263
расстрелять 1,966113 0,000718
растаскиваться 3,912023 0,000204
расти 0,941609 0,000147
растительность 1,309333 0,000137
растительный 1,386294 0,000072
расточительный 3,912023 0,000204
растянуть 3,218876 0,000168
растянуться 2,995732 0,000156
расформирование 3,506558 0,000183
расформировать 2,407946 0,000251
расходиться 2,207275 0,000115
расходовать 2,995732 0,000156
расчет 0,820981 0,000043
расшива 3,506558 0,000183
расширение 0,415515 0,000087
расширить 0,967584 0,000050
рашин 3,912023 0,000204
реализация 0,798508 0,000042
реализовать 0,673345 0,000035
реализовывать 2,813411 0,000147
реализовываться 3,218876 0,000168
реалия 2,995732 0,000312
реально 2,207275 0,000115
реальный 0,967584 0,000252
ребенок 2,120264 0,000111
реброва 3,912023 0,000204
революционный 1,386294 0,000217
революция 0,562119 0,000205
регион 0,385662 0,000261
региональный 0,634878 0,000199
регионоведение 3,912023 0,000204
регулярный 0,798508 0,000125
ред 0,235722 0,000025
редактор 1,427116 0,000074
редкий 1,237874 0,000065
реестр 1,272966 0,000066
резерв 1,514128 0,000395
резкий 1,386294 0,000145
результат 0,174353 0,000073
рейд 2,995732 0,000625
рейс 1,171183 0,000122
река 0,446287 0,000791
реклама 1,832581 0,000096
реконструировать 1,237874 0,000129
рекорд 1,427116 0,000074
рекордно 3,218876 0,000168
рекордный 1,966113 0,000103
рекрутовый 3,912023 0,000204
религиозный 0,891598 0,000046
религия 0,755023 0,000079
реликвия 3,912023 0,000204
рельеф 0,798508 0,000042
ремесленное 2,120264 0,000111
ремонт 1,139434 0,000059
ремонтнопригодные 3,912023 0,000204
ремонтный 2,995732 0,000156
реплика 3,218876 0,000168
репник 3,912023 0,000204
репрессия 1,897120 0,000099
республика 0,527633 0,000248
республиканский 1,714798 0,000089
ресторан 1,469676 0,000077
ресурс 0,020203 0,000007
реформа 1,108663 0,000405
речка 1,427116 0,000223
речной 0,693147 0,000434
решаться 2,813411 0,000147
решение 0,328504 0,000086
решить 0,941609 0,000049
решт 3,506558 0,000183
ржанкообразные 3,912023 0,000204
ржев 1,771957 0,000092
риа 1,049822 0,000109
риго-орловская 3,912023 0,000204
рискованный 2,813411 0,000147
рихтер 3,912023 0,000408
ркка 1,966113 0,000103
ров 1,966113 0,000205
ровеньки 3,912023 0,000204
ровный 1,771957 0,000185
рогачик 3,912023 0,000204
родимцева 3,506558 0,000183
родина 1,108663 0,000116
родина-мать 3,506558 0,001280
родиться 1,237874 0,000129
родник 2,407946 0,000126
родной 1,609438 0,000084
родос 3,506558 0,000183
родственный 0,579818 0,000030
рождаемость 1,966113 0,000205
рождение 1,078810 0,000056
роза 0,916291 0,000048
розлив 2,995732 0,000156
рокада 3,506558 0,000914
рокоссовского 2,995732 0,000312
роланд 3,506558 0,000183
роль 0,494296 0,000077
роман 1,237874 0,000323
романе-эпопее 3,912023 0,000204
рославльский 3,912023 0,000204
росс 3,912023 0,000204
россиигорода 1,309333 0,000068
россиигородские 2,302585 0,000120
россииобластные 2,207275 0,000115
россиипоявились 3,218876 0,000168
российский 0,105361 0,000269
россия 0,174353 0,000473
россиянин 2,995732 0,000156
россошки 3,912023 0,000204
росспэн 0,994252 0,000052
росстат 0,776529 0,000162
рост 0,597837 0,000312
ростов 3,218876 0,000168
ростов-на-дону 1,237874 0,000258
ростовско-донецкое 3,912023 0,000204
ростовское 3,506558 0,000183
ростову-на-дону 3,506558 0,000183
рота 2,813411 0,000147
ротор 3,506558 0,000183
роща 1,469676 0,000077
рсфср 0,733969 0,000268
ртищево 3,218876 0,000168
рубеж 1,021651 0,000107
рубль 0,755023 0,000197
рувим 3,912023 0,000204
ругаяся 3,912023 0,000204
руднева 3,506558 0,000183
рудня 3,912023 0,000204
руднянский 3,912023 0,000204
ружье 2,995732 0,000156
руина 2,995732 0,000781
руководитель 1,203973 0,000126
руководить 1,309333 0,000137
руководство 0,544727 0,000085
рукокрылые 3,218876 0,000168
румын 1,897120 0,000198
румыния 2,120264 0,000111
румынский 2,813411 0,000147
рус 0,162519 0,000356
русгидро 2,813411 0,000147
русии 3,506558 0,000183
русский -0,009950 -0,000016
русско-польская 3,912023 0,000204
русскоязычный 1,966113 0,000103
рутулец 1,897120 0,000099
рушиться 3,506558 0,000183
рыба 1,514128 0,000237
рыбак 2,040221 0,000106
рыбалка 3,218876 0,000168
рыбалко 3,218876 0,000336
рыбинск 1,203973 0,000063
рыбинский 1,966113 0,000103
рыбный 1,609438 0,000168
рыбовод 3,912023 0,000204
рывок 3,218876 0,000168
рыкова 3,912023 0,000408
рыковский 3,912023 0,000408
рынок 0,713350 0,000223
рытье 3,912023 0,000204
рюриковичей 3,506558 0,000183
ряд 0,223144 0,000081
ряжск 3,218876 0,000168
рязано-уральская 3,912023 0,000204
рязань 1,049822 0,000055
сад 0,843970 0,000396
сайт 0,210721 0,000176
салтычиха 3,912023 0,000204
сальск 3,506558 0,000183
сам 0,162519 0,000110
самара 0,891598 0,000186
самару 2,659260 0,000139
самодержавие 2,813411 0,000147
самодеятельный 3,506558 0,000183
самозванец 2,813411 0,000293
самолет 1,237874 0,000258
самолетовылетов 3,912023 0,000204
самостоятельный 0,820981 0,000043
самоубийство 3,506558 0,000183
самоуправление 0,891598 0,000093
самый 0,174353 0,000291
сандански 3,912023 0,000204
санкт-петербург 0,616186 0,000129
саперный 3,218876 0,000168
сарай 2,995732 0,000312
сарай-берке 3,912023 0,000408
саранск 2,302585 0,000120
саранча 3,506558 0,000183
саратов 0,967584 0,000454
саратова 2,813411 0,000147
саратове 2,813411 0,000147
саратовский 1,966113 0,001230
сарепта 3,506558 0,002377
сарепта-на-волге 3,912023 0,000204
сарепта-помидорпром 3,912023 0,000204
сарепте 3,912023 0,000408
сарептинскую 3,912023 0,000204
сарептский 3,912023 0,000408
сарепты 3,912023 0,000612
сарпино-даванской 3,912023 0,000204
сарпинский 3,506558 0,001280
сарпинско-даванская 3,912023 0,000204
сарпинско-даванской 3,912023 0,000204
сарпинском 3,912023 0,000204
сарпинскую 3,912023 0,000204
сары 3,506558 0,000183
сары-су 3,912023 0,000408
сары-чин 3,912023 0,000204
сатурн 2,659260 0,000555
саудовский 2,995732 0,000156
саха 2,813411 0,000147
саши 3,912023 0,000204
сбить 3,506558 0,000183
сближение 2,813411 0,000147
сбор 1,347074 0,000211
сборная 1,897120 0,000099
сборник 0,597837 0,000125
свернуть 2,813411 0,000147
сверху 1,347074 0,000070
свести 2,995732 0,000156
свет 0,941609 0,000049
светильник 2,995732 0,000156
светло-каштановый 3,506558 0,000366
светлоярский 3,912023 0,000204
светлый 1,386294 0,000289
световой 2,040221 0,000106
свиной 3,912023 0,000204
свияжск 2,120264 0,000221
свобода 1,108663 0,000058
свободный -0,009950 -0,000001
свод 2,120264 0,000111
свое 0,287682 0,000285
своевременный 3,912023 0,000204
свой 0,150823 0,000181
свойство 0,415515 0,000043
сволочь 3,912023 0,000408
свыше 0,891598 0,000046
связать 0,174353 0,000055
связаться -0,009950 -0,000001
связь 0,174353 0,000127
свято-духова 3,912023 0,000204
свято-троицкая 3,218876 0,000336
святой 0,755023 0,000118
святотроицкая 3,912023 0,000204
священник 2,813411 0,000147
сгореть 1,660731 0,000087
сдаваться 3,506558 0,000183
сдать 1,427116 0,000074
сдаться 3,506558 0,000366
сдача 2,302585 0,000240
сделать 0,616186 0,000064
сдержать 2,995732 0,000156
сдерживаться 2,659260 0,000139
се 2,407946 0,000126
себя 0,198451 0,000114
севастополь 1,771957 0,000554
север 0,527633 0,000358
севернее 1,966113 0,000205
северные 1,171183 0,000061
северный 0,385662 0,000422
северо-запад 1,469676 0,000077
северо-западный 1,078810 0,000056
северо-кавказским 3,506558 0,000183
северсталь-метиз 3,912023 0,000204
сегодня 0,616186 0,000129
сезонный 1,714798 0,000089
сей 0,693147 0,000036
секретарь 1,660731 0,000087
сектор 1,049822 0,000219
селенга 2,995732 0,000156
селижарово 2,120264 0,000111
село 0,891598 0,000511
сельский 0,634878 0,000463
сельскохозяйственный 0,941609 0,000049
семейство 1,660731 0,000087
семен 1,966113 0,000205
семенной 3,506558 0,000183
семенов 2,207275 0,000230
семенович 2,407946 0,000126
семь 0,820981 0,000086
семья 0,843970 0,000176
сенгилей 2,120264 0,000111
сент 0,843970 0,000044
сентябрь 0,072571 0,000197
сентябрьский 3,912023 0,000204
сепаратный 3,912023 0,000204
сераскир 3,912023 0,000204
серафимович 3,218876 0,000336
серафимовичский 3,912023 0,000204
серафимовичу 3,912023 0,000204
серб 1,897120 0,000099
сербия 2,525729 0,000132
сергей 0,967584 0,000252
сергея 1,469676 0,000077
серебрякова 3,218876 0,000168
серебряный 0,891598 0,000093
середина 0,356675 0,000149
сержант 2,995732 0,000156
серийный 2,302585 0,000120
серия 0,713350 0,000074
серый 1,897120 0,000099
серьезный 1,386294 0,000145
сетка 2,407946 0,000126
сеть 0,356675 0,000149
сжечь 2,407946 0,000251
сибирский 1,049822 0,000164
сибирь-горе 3,912023 0,000204
сизый 2,813411 0,000147
сила 0,494296 0,000309
силуэт 2,659260 0,000139
сильно 0,755023 0,000079
сильный 0,544727 0,000170
симбирский 2,659260 0,000277
симбирцевым 3,912023 0,000204
символ 0,733969 0,000421
символизировать 1,469676 0,000077
симпатизировать 3,506558 0,000183
симфонический 1,560648 0,000081
синемапарк 3,912023 0,000204
синод 2,207275 0,000115
синоним 2,407946 0,000126
система 0,051293 0,000019
системеобсуждениевкладсоздать -0,009950 -0,000001
системный 1,966113 0,000103
сити-менеджер 3,218876 0,000168
ситуация 0,693147 0,000108
сияние 1,832581 0,000191
сказываться 2,407946 0,000126
скатерть 3,912023 0,000204
скачать -0,009950 -0,000001
сквер 0,941609 0,000147
сквозь 2,659260 0,000277
склад 2,040221 0,000213
складываться 1,771957 0,000185
склон 1,347074 0,000211
скол 3,912023 0,000204
сколько 0,653926 0,000136
сконцентрировать 2,659260 0,000277
скопить 3,912023 0,000204
скора 1,832581 0,000096
скорбеть 2,302585 0,000240
скорбященского 3,912023 0,000204
скоростной 1,309333 0,000478
скорость 0,755023 0,000039
скот 2,659260 0,000139
скрытно 3,912023 0,000204
скульптор 1,237874 0,000065
скульптура 0,916291 0,000478
скученность 3,506558 0,000183
слабеть 3,506558 0,000183
слабо 1,897120 0,000297
слабый 1,660731 0,000173
слава 0,941609 0,000049
славянский 1,386294 0,000072
слаженно 3,912023 0,000204
слева 1,108663 0,000058
след 1,427116 0,000149
следовать 0,235722 0,000123
следственный 2,120264 0,000111
слепой 1,771957 0,000092
слесаренко 3,912023 0,000204
слить 3,912023 0,000204
слиться 3,218876 0,000168
слободка 2,659260 0,000139
слободской 3,218876 0,000168
словарь 0,094311 0,000039
словарь-справочник 1,560648 0,000081
слово 0,210721 0,000066
сложить 1,832581 0,000096
сложиться 0,994252 0,000259
сложность 1,049822 0,000109
сложный 0,446287 0,000047
служба 0,527633 0,000220
служилый 2,302585 0,000120
служить 0,820981 0,000214
случай -0,009950 -0,000004
случайность 3,218876 0,000168
случаться 1,832581 0,000096
слушание 2,525729 0,000263
слышать 2,995732 0,000156
смена 1,272966 0,000265
сменить 1,714798 0,000089
смениться 2,302585 0,000120
смертность 1,832581 0,000382
смерть 1,609438 0,000420
смесь 3,218876 0,000168
сметь 3,912023 0,000408
смешать 1,309333 0,000068
смещение 0,733969 0,000077
сми 0,867501 0,000181
смог 2,207275 0,000230
смоделировать 3,912023 0,000204
смоленск 2,040221 0,000106
смоленый 3,912023 0,000204
смольницами-черноземовидными 3,912023 0,000204
смородина 3,218876 0,000168
смочь 1,203973 0,000502
смута 2,659260 0,000139
смутный 2,302585 0,000480
смысл 1,272966 0,000066
снабжать 2,995732 0,000156
снабжение 2,040221 0,000425
снаряд 2,995732 0,000625
снаряжение 2,813411 0,000147
снег 1,386294 0,000072
снежный 1,078810 0,000112
снести 1,347074 0,000421
снижать 2,040221 0,000106
снизить 1,560648 0,000081
снимать 2,525729 0,000132
сниматься 2,407946 0,000126
снимок 1,660731 0,000087
снк 2,659260 0,000277
снова 1,386294 0,000145
сноп 3,506558 0,000183
сносить 3,218876 0,000168
сноситься 2,995732 0,000156
сноска 0,733969 0,000038
снятие 2,813411 0,000147
снять 1,237874 0,000194
собака 2,207275 0,000115
собакарь 3,912023 0,000204
собинов 3,912023 0,000204
собирать 1,966113 0,000410
собираться 1,966113 0,000103
собор 0,733969 0,000268
соборный 1,049822 0,000055
собрание 0,634878 0,000033
собрать 1,386294 0,000289
собственность 1,309333 0,000068
собственный 0,446287 0,000047
событие 0,733969 0,000268
событияпожертвовать -0,009950 -0,000001
совершать 2,407946 0,000126
совершить 0,994252 0,000104
совет 0,462035 0,000241
советский 0,261365 0,000927
совмещать 2,525729 0,000132
совообразные 3,912023 0,000204
совпоселком 3,912023 0,000204
совр 2,813411 0,000147
современник 1,609438 0,000084
современный 0,150823 0,000204
согласно 0,301105 0,000126
содействие 2,120264 0,000221
содержание 0,010050 0,000002
содержаться 1,560648 0,000163
соединение 1,237874 0,000387
соединить 0,994252 0,000207
соединять 1,108663 0,000058
создаваться 1,078810 0,000056
создание 0,301105 0,000078
создать 0,210721 0,000088
сокол 1,469676 0,000153
соколообразные 3,912023 0,000204
сокольское 2,040221 0,000106
сократить 1,560648 0,000081
сокращение 0,867501 0,000045
солдат 1,469676 0,000383
солениковой 3,912023 0,000204
соленый 2,407946 0,000377
солнечный 0,597837 0,000062
соловцов 3,506558 0,000183
соловцову 3,912023 0,000204
солонец 3,218876 0,000168
солонцеватый 3,912023 0,000204
солонцоватых 3,912023 0,000204
солончак 2,813411 0,000147
солончаковатый 3,912023 0,000204
соль 1,660731 0,000260
соляной 2,525729 0,000263
солянский 3,912023 0,000204
сообщение 0,478036 0,000125
сообщество 1,514128 0,000079
сообщить -0,009950 -0,000001
сооружение 0,733969 0,000230
сооруженияразвитиеволгоградская 3,912023 0,000204
соответственно 1,021651 0,000053
соответствие 0,371064 0,000019
соответствовать 0,371064 0,000058
соприкосновение 3,506558 0,000183
сопровождаться 1,609438 0,000084
сопротивление 2,207275 0,000230
сопутствовать 2,525729 0,000132
соратник 2,995732 0,000156
сосед 2,995732 0,000156
соседний 1,203973 0,000314
сост 0,597837 0,000062
состав 0,248461 0,000272
составить 0,400478 0,000063
составлять 0,198451 0,000124
составной 1,966113 0,000103
состояние 0,248461 0,000181
состоять 0,385662 0,000080
сотни 1,427116 0,000149
сотня 1,609438 0,000168
сохранение -0,009950 -0,000001
сохранить 1,171183 0,000061
сохраниться 0,820981 0,000514
соцгород 2,813411 0,000293
соцгородки 3,218876 0,000168
соцгородом 3,912023 0,000204
социалистический 1,272966 0,000265
социально-гигеенический 3,912023 0,000204
социально-педагогический 2,995732 0,000156
социально-экономического 1,237874 0,000194
социальный 0,527633 0,000055
социокультурный 2,995732 0,000156
социология 2,659260 0,000139
сочетание 1,771957 0,000277
сочинение 1,771957 0,000092
сочить 1,514128 0,000158
сошествие 3,506558 0,000183
союз 0,579818 0,000060
союзник 2,407946 0,000502
спад 2,120264 0,000221
спартак 1,771957 0,000092
спартановка 3,912023 0,001020
спартановки 3,912023 0,001224
спасение 2,302585 0,000240
спб 0,385662 0,000040
специализация 2,302585 0,000240
специализироваться 1,966113 0,000205
специалист 0,755023 0,000079
специальный 0,415515 0,000065
специфика 2,407946 0,000126
специя 3,218876 0,000168
спиртное 3,912023 0,000204
список 0,210721 0,000143
сплошной 2,120264 0,000111
спорный 1,514128 0,000474
спорт 0,713350 0,000335
спортзал 3,218876 0,000168
спортивный 0,891598 0,000279
спортсмен 1,771957 0,000092
спортспортивные 3,506558 0,000183
способность 1,139434 0,000119
способный 1,309333 0,000205
способствовать 0,867501 0,000181
справка 1,203973 0,000251
справочник 0,798508 0,000125
спроектировать 2,813411 0,000293
спрос 2,207275 0,000115
спрятаться 3,912023 0,000612
сработать 2,995732 0,000156
сравнимый 2,813411 0,000147
сражение 2,120264 0,000995
сразиться 3,912023 0,000204
сразу 0,994252 0,000104
срастание 3,912023 0,000204
среда 0,385662 0,000060
среди 0,198451 0,000145
среднеазиатский 2,525729 0,000132
среднеахтубинский 3,912023 0,000204
средневековый 1,386294 0,000217
среднее 0,342490 0,000107
средний 0,371064 0,000193
средство 0,287682 0,000060
сродница 3,912023 0,000204
срок 0,798508 0,000208
сср 0,820981 0,000086
ссср 0,314711 0,000509
сссргорода 2,813411 0,000147
ссуда 3,506558 0,000183
ссылка -0,009950 -0,000011
ссылкасведения -0,009950 -0,000001
ссылкойстатьи 2,302585 0,000120
стабилизировать 3,506558 0,000183
стабильный 0,820981 0,000043
став 1,771957 0,000092
ставить 1,469676 0,000230
ставка 2,120264 0,000221
ставрополь 2,207275 0,000115
стадион 0,891598 0,000651
сталепроволочно-канатный 3,912023 0,000204
сталианс 3,912023 0,000204
сталин 2,525729 0,000658
сталина 2,040221 0,001702
сталинабад 3,506558 0,000183
сталинагорода-миллионеры 3,912023 0,000204
сталинварош 3,506558 0,000183
сталинград 2,995732 0,004998
сталинграда 2,813411 0,006307
сталинграде 3,912023 0,001836
сталинградец 3,912023 0,000204
сталинградом 3,218876 0,001175
сталинградский 2,813411 0,012762
сталинграду 3,506558 0,001645
сталинири 3,506558 0,000183
сталиниси 3,506558 0,000183
сталинки 3,506558 0,000183
сталиногорск 3,218876 0,000168
сталиногруд 3,506558 0,000183
сталинск 3,506558 0,000183
сталинский 1,514128 0,000710
сталину 2,995732 0,000312
сталинштадт 3,506558 0,000183
сталиным 3,506558 0,000183
сталкер 3,912023 0,000204
сталь 0,415515 0,000585
стандарт 0,867501 0,000090
стандартный 1,560648 0,000081
станица 2,207275 0,000460
становиться 0,415515 0,000152
становление 1,237874 0,000129
станция 0,579818 0,000635
старание 3,218876 0,000168
стараться 3,506558 0,000183
старик 2,995732 0,000156
старинный 1,309333 0,000068
старица 1,897120 0,000099
староватый 3,912023 0,000204
старое 0,941609 0,000098
старообрядчество 2,659260 0,000139
старополтавский 3,912023 0,000204
старый 0,314711 0,000279
статистик -0,009950 -0,000006
статистический 0,713350 0,000521
статус 0,430783 0,000359
статуя 2,813411 0,000587
стать 0,083382 0,000356
статьевикипедия 1,660731 0,000087
статьислучайная -0,009950 -0,000001
статьисообществофорумсправкасвежие -0,009950 -0,000001
статья 0,020203 0,000026
статьяобсуждение -0,009950 -0,000001
статьятекущие -0,009950 -0,000001
стаханов 3,912023 0,000204
стела 1,386294 0,000072
стен 0,967584 0,000555
стенка 3,218876 0,000168
стеньки 3,506558 0,000183
степан 2,407946 0,000251
степана 1,966113 0,000308
степень 0,673345 0,000070
степной 1,609438 0,000503
степь 1,469676 0,001149
стереотип 1,469676 0,000077
стерлядь 2,995732 0,000312
стеценко 3,912023 0,000204
стз 3,912023 0,000612
стиль 0,673345 0,000527
стихийно 2,995732 0,000156
стихотворение 2,120264 0,000221
сто 1,514128 0,000079
стоить 0,891598 0,000139
стойкий 3,912023 0,000204
столица 0,755023 0,000197
столкновение 2,207275 0,000115
столовая 2,525729 0,000132
столыпиным 3,912023 0,000204
столько 1,832581 0,000096
сторож 3,506558 0,000183
сторожевой 2,040221 0,000638
сторона 0,235722 0,000209
сточный 1,560648 0,000163
стоянка 1,897120 0,000099
стоять 1,386294 0,000289
стр 1,309333 0,000273
страна 0,235722 0,000172
страница -0,009950 -0,000006
страницасодержаниеизбранные -0,009950 -0,000001
страницецитировать -0,009950 -0,000001
страницуполучить -0,009950 -0,000001
страницыслужебные -0,009950 -0,000001
стратегический 1,469676 0,000077
стрежень 3,218876 0,000168
стрелец 2,302585 0,000840
стрелковый 1,966113 0,000410
стрельбицкого 3,912023 0,000204
стремительно 2,302585 0,000120
стремительный 2,525729 0,000527
строение 0,891598 0,000093
строитель 1,272966 0,000066
строительно-архитектурный 3,912023 0,000204
строительный 0,891598 0,000465
строительство 0,462035 0,000626
строить 1,309333 0,000410
строиться 0,693147 0,000361
стройка 2,407946 0,000126
стройматериал 3,218876 0,000168
строка 1,078810 0,000112
струг 3,218876 0,000168
структура 0,400478 0,000021
студенческий 1,609438 0,000084
стянуть 3,912023 0,000204
субъект 0,597837 0,000187
суворов 2,302585 0,000120
суворова 2,659260 0,000139
суд 0,693147 0,000398
судебный 1,560648 0,000081
судоверфь 2,995732 0,000625
судостроительный 1,966113 0,000410
судоходный 1,714798 0,000179
судьба 1,427116 0,000595
сукин 3,218876 0,000168
сукно 2,995732 0,000156
суметь 2,207275 0,000115
суммарный 1,386294 0,000072
суровикино 3,912023 0,001224
суровикинский 3,912023 0,000204
сутки 1,427116 0,000074
суточный 0,755023 0,000079
сухой 1,049822 0,000438
сухопутный 2,040221 0,000213
сухпайки 3,912023 0,000204
сушка 3,912023 0,000204
существование 0,693147 0,000181
существовать 0,020203 0,000021
сфера 0,562119 0,000147
сформироваться 1,347074 0,000140
схема 0,916291 0,000239
сходство 2,813411 0,000147
сцена 1,514128 0,000079
счастье 2,120264 0,000111
счесть 2,995732 0,000156
счет 0,562119 0,000059
считать 0,597837 0,000094
считаться 0,385662 0,000060
считая 2,207275 0,000115
сша 0,562119 0,000088
съезд 1,560648 0,000081
съехать 3,912023 0,000204
сызрань 1,237874 0,000194
сын 1,660731 0,000087
сыпной 3,912023 0,000204
сырой 2,525729 0,000132
сырье 1,966113 0,000205
сюда 1,108663 0,000116
сюдасвязанные -0,009950 -0,000001
табак 2,659260 0,000139
табасаран 1,832581 0,000096
табл 0,867501 0,000045
таблица 0,544727 0,000142
табличный 1,237874 0,000065
тагил 1,272966 0,000066
таджик 1,272966 0,000066
тайши 3,912023 0,000204
таковой 1,514128 0,000079
такое 0,328504 0,000154
такой 0,162519 0,000042
такси 1,021651 0,000053
тактик 2,995732 0,000312
тактический 3,506558 0,000183
талант 3,218876 0,000336
талыш 1,897120 0,000099
таможенный 2,302585 0,000120
таможня 2,995732 0,000156
танаиса 3,912023 0,000204
танасчишина 3,912023 0,000204
танк 2,040221 0,001276
танкер 2,659260 0,000277
танкист 3,912023 0,000204
танковый 2,302585 0,000960
танкостроение 3,912023 0,000204
таскать 3,912023 0,000204
татарин 0,733969 0,000306
татарский 1,203973 0,000377
татищевым 3,218876 0,000168
татьяна 1,609438 0,000084
татьянка 3,912023 0,000408
тацинской 3,912023 0,000204
тверь 1,514128 0,000079
твое 2,659260 0,000139
твой 2,207275 0,000115
творчество 1,021651 0,000053
тдн 3,912023 0,000204
театр 0,713350 0,001041
театральный 1,049822 0,000055
текст -0,009950 -0,000001
телевещание 1,966113 0,000205
телевидение 0,820981 0,000086
телевизор 3,218876 0,000336
телеграмма 2,525729 0,000132
телефон 1,347074 0,000070
телефонный 0,776529 0,000081
телецентр 1,897120 0,000099
тело 1,237874 0,000129
тема 0,693147 0,000108
тематический 0,510826 0,000027
темахнаселенные 3,912023 0,000204
темно 3,912023 0,000204
темноцветный 3,912023 0,000816
темп 1,347074 0,000211
температура 0,510826 0,000107
температурный 1,897120 0,000198
тенор-любитель 3,912023 0,000204
тепло 1,386294 0,000072
терем 3,912023 0,000204
термин 0,198451 0,000052
терминология 2,302585 0,000120
терпеть 2,995732 0,000312
терраса 1,897120 0,000198
территориальный 0,713350 0,000409
территория 0,356675 0,000651
террор 2,120264 0,000221
террористический 2,407946 0,000251
терять 2,120264 0,000111
теснить 3,912023 0,000204
тетюши 2,120264 0,000111
техник 0,713350 0,000446
технический 0,462035 0,000120
технология 0,400478 0,000104
течение 0,314711 0,000066
течь 0,274437 0,000029
тил 3,912023 0,000204
тимофеевич 3,218876 0,000168
тимофей 3,506558 0,000366
тип 0,072571 0,000008
типельскирх 3,912023 0,000204
типично 3,912023 0,000204
типичный 1,427116 0,000074
типовой 2,120264 0,000663
тиражный 2,813411 0,000147
тирасполь 2,995732 0,000156
титан 3,506558 0,000366
титанический 3,912023 0,000204
титул 1,832581 0,000096
тиф 3,218876 0,000503
тихо 2,995732 0,000156
тихорецк 2,813411 0,000293
тихорецкий 3,218876 0,000503
ткань 2,207275 0,000115
тов 3,506558 0,000183
товар 0,916291 0,000048
товарищ 2,659260 0,000139
товарный -0,009950 -0,000001
той 0,994252 0,000104
толпа 3,506558 0,000183
толстый 1,309333 0,000068
тольятти 1,514128 0,000079
томск 1,108663 0,000058
топливный 2,995732 0,000156
топографический 1,897120 0,000198
топография 2,525729 0,000132
топоним 1,078810 0,000112
топонимический 0,776529 0,000040
топонимия 2,120264 0,000111
тор 3,218876 0,000168
торговля 0,579818 0,000212
торгово-развлекательных 2,659260 0,000139
торговый 0,597837 0,000249
торез 3,912023 0,000204
торец 3,912023 0,000204
точка 0,478036 0,000100
точный 1,347074 0,000070
травянистый 2,659260 0,000139
трагедия 2,659260 0,000277
трагический 2,659260 0,000139
традиция 0,891598 0,000093
тракт 1,832581 0,000191
трактозаводского 3,912023 0,000204
трактор 2,302585 0,001321
тракторная-пассажирская 3,912023 0,000204
тракторно-танковый 3,912023 0,000204
тракторный 2,995732 0,004061
тракторозаводский 3,506558 0,001097
тракторозаводского 3,912023 0,000408
тракторозаводском 3,912023 0,000408
тракторозаводскому 3,912023 0,000204
тракторостроитель 3,506558 0,000183
трактрозаводский 3,912023 0,000204
трамвай 0,891598 0,000790
трамвай-памятник 3,912023 0,000204
трамвайный 1,139434 0,000416
транзитный 1,237874 0,000129
транспорт 0,616186 0,000514
транспортаэропорт 3,912023 0,000204
транспортировка 2,407946 0,000126
транспортный 0,616186 0,000643
трансформация 1,897120 0,000099
трасс 0,941609 0,000147
трассы-дублеры 3,912023 0,000204
трафик 2,207275 0,000115
траханиотов 3,912023 0,000204
требовать 0,562119 0,000029
требоваться 1,386294 0,000072
тренировочный 2,813411 0,000147
трест 2,995732 0,000156
третий 0,616186 0,000161
треть 1,237874 0,000129
трехмерный 3,912023 0,000204
трехрублевый 3,912023 0,000204
трехсекционный 3,912023 0,000204
три 0,248461 0,000026
тридцать 2,207275 0,000115
трижды 2,120264 0,000111
тролза 2,659260 0,000277
троллейбус 0,867501 0,000136
троллейбусный 0,967584 0,000202
трость 3,912023 0,000204
трофейный 3,218876 0,000168
труд 0,597837 0,000062
трудиться 1,560648 0,000081
труп 2,995732 0,000312
труфанов 3,912023 0,000408
трц 1,660731 0,000087
туапсе 1,897120 0,000099
тул 1,832581 0,000096
тулака 3,912023 0,000408
тунис 2,995732 0,000156
тургенев 3,218876 0,000168
тургеньев 3,912023 0,000408
турецкий 1,771957 0,000185
туризм 1,078810 0,000112
турин 3,506558 0,000183
турист 1,309333 0,000068
туристический 1,021651 0,000160
турка 1,469676 0,000077
туркмен 1,966113 0,000103
турнир 1,771957 0,000092
турция 2,207275 0,000230
турчанинов 3,912023 0,000204
турченин 3,912023 0,000204
турченина 3,912023 0,000408
тутаев 2,040221 0,000106
тутошний 3,912023 0,000408
тыл 1,771957 0,000554
тыс 0,430783 0,000112
тысяча 0,371064 0,000348
тысячный 2,659260 0,000139
тэц 1,272966 0,000664
тюз 2,659260 0,000555
тюмень 1,171183 0,000061
тюрин 3,218876 0,000168
тюрк 2,525729 0,000132
тюркский 1,386294 0,000289
тяжелый 1,108663 0,000347
тяжпромэлектропроект 3,506558 0,000366
убивать 2,995732 0,000156
убить 1,897120 0,000396
убор 3,506558 0,000183
уварова 3,506558 0,000183
уведомление 2,659260 0,000139
увековечивание 3,912023 0,000204
увеличение 0,733969 0,000038
увеличить 1,309333 0,000068
увеличиться 0,843970 0,000088
увенчать 1,897120 0,000099
уверенно 3,506558 0,000183
увести 3,912023 0,000204
увлечение 3,506558 0,000183
уводить 3,912023 0,000204
увязнуть 3,912023 0,000204
углерод 1,897120 0,000297
углич 2,040221 0,000106
углубить 1,897120 0,000099
угол 1,108663 0,000116
уголовный 2,302585 0,000120
уголь 1,714798 0,000089
угон 3,218876 0,000336
угонять 2,995732 0,000156
угроза 1,469676 0,000230
удаление 1,966113 0,000103
удалить 0,579818 0,000030
удар 2,525729 0,002370
ударить 3,506558 0,001097
ударник 3,506558 0,000183
удаться 1,203973 0,000565
удача 2,813411 0,000147
удачливость 3,912023 0,000204
удачливый 3,912023 0,000204
удачный 2,207275 0,000345
удержать 3,506558 0,000183
удин 2,525729 0,000132
удмурт 1,660731 0,000087
удмуртский 2,813411 0,000147
удобный 1,427116 0,000074
удовлетворять 2,407946 0,000126
уезд 1,272966 0,000730
уездный 1,469676 0,000690
ужас 2,995732 0,000156
узбек 1,347074 0,000070
узел 0,527633 0,000110
узкий 1,171183 0,000061
уилльяму 3,912023 0,000204
уинстон 3,218876 0,000168
уйти 1,237874 0,000194
указ 0,733969 0,000230
указание -0,009950 -0,000001
указать 0,083382 0,000035
уклад 2,813411 0,000733
уклон 2,207275 0,000115
украина 0,527633 0,000193
украинец 0,867501 0,000136
украинский 1,469676 0,000077
украсить 2,120264 0,000111
украшать 2,407946 0,000126
украшение 2,659260 0,000139
укрепить 1,427116 0,000074
улица 0,776529 0,001417
уличный 1,714798 0,000358
уложение 3,506558 0,000183
улочка 3,506558 0,000548
улус 2,659260 0,000277
улучшение 1,309333 0,000068
ультиматум 3,912023 0,000204
ульяна 3,912023 0,000204
ульяновск 1,078810 0,000112
уменьшить 2,407946 0,000126
умеренно 1,021651 0,000053
умеренно-континентальный 2,659260 0,000139
умереть 1,309333 0,000341
умучать 3,912023 0,000204
универсальный 0,544727 0,000028
университет 0,328504 0,000291
университетский 1,771957 0,000092
уникальный 0,776529 0,000040
уничтожать 2,407946 0,000251
уничтожаться 3,218876 0,000168
уничтожить 1,203973 0,000314
ункновский 3,912023 0,000612
ункновского 3,912023 0,000204
упасть 1,771957 0,000185
упоминание 0,967584 0,000404
упоминать 2,207275 0,000115
упорный 3,218876 0,000168
управа 1,714798 0,000179
управление 0,248461 0,000091
управленияглавы 3,912023 0,000204
управлять 0,967584 0,000050
управляться 2,407946 0,000126
упразднение 2,407946 0,000126
упразднить 1,237874 0,000065
упускать 3,506558 0,000183
урал 1,560648 0,000081
урал-волга 3,912023 0,000204
уральск 2,302585 0,000120
уральский 1,560648 0,000081
уральско-волжским 3,912023 0,000204
уран 2,813411 0,000147
урбах 3,912023 0,000204
урез 3,218876 0,000336
уровень 0,150823 0,000071
урожай 3,218876 0,000336
уроженец 1,660731 0,000346
урус-бий 3,912023 0,000204
урюпинск 3,912023 0,000816
урюпинский 3,912023 0,000204
усиление 1,832581 0,000191
усиливаться 2,120264 0,000111
усилие 1,660731 0,000087
усилить 2,207275 0,000345
ускорить 2,040221 0,000213
условие -0,009950 -0,000004
условно 2,040221 0,000106
условный 1,897120 0,000099
успенский 1,237874 0,000129
успеть 2,302585 0,000360
успех 1,021651 0,000160
успешно 1,771957 0,000092
успешный 1,309333 0,000205
уста 3,506558 0,000183
устав 0,843970 0,000352
установить 0,328504 0,000086
установление 1,021651 0,000160
устранение 2,525729 0,000132
устройство 0,527633 0,000220
усть-каменогорск 2,995732 0,000156
усть-лабинск 3,218876 0,000168
устье 0,634878 0,000199
усугублять 2,995732 0,000156
усугубляться 3,506558 0,000183
утвердить 0,755023 0,000079
утверждаться 2,302585 0,000120
утверждение 0,400478 0,000042
утрата 2,659260 0,000139
утратить 1,272966 0,000265
уфа 0,967584 0,000101
уход 2,659260 0,000139
уходить 1,386294 0,000434
уцелеть 2,302585 0,000360
участвовать 1,021651 0,000053
участие -0,009950 -0,000002
участник 0,510826 0,000053
участок 0,616186 0,000353
учебный 0,673345 0,000316
ученица 3,912023 0,000204
ученый 0,653926 0,000034
учесть 2,407946 0,000126
учет 0,597837 0,000094
учетный -0,009950 -0,000001
училище 0,967584 0,000504
учительница 2,813411 0,000147
ущерб 1,897120 0,000297
фабрика 1,021651 0,000160
фабрика-кухня 3,218876 0,000168
фаза 2,302585 0,000120
факт 0,634878 0,000099
фактически 0,916291 0,000096
фактор 0,994252 0,000052
фалеристика 3,506558 0,000183
фамилия 2,407946 0,000251
фан-зона 3,218876 0,000168
фасад 1,897120 0,000099
фауна 1,108663 0,000405
фация 3,912023 0,000204
февр 0,820981 0,000043
февраль 0,051293 0,000080
февральский 2,040221 0,000106
февронии 2,525729 0,000263
федеральный 0,462035 0,000361
федеративный 1,897120 0,000099
федерация 0,510826 0,000666
федор 1,560648 0,000163
федора 1,771957 0,000462
федоровича 2,813411 0,000147
федором 3,218876 0,000168
фельдмаршал 3,506558 0,000183
фенол 2,302585 0,000120
фестиваль 1,021651 0,000160
фзу 3,912023 0,000204
фигнер 3,912023 0,000204
физико-географический 0,693147 0,000072
физический 0,798508 0,000167
физкультурный 2,525729 0,000132
филателия 1,469676 0,000077
филиал 0,755023 0,000276
филиппова 3,912023 0,000204
фильм 1,049822 0,000109
финансово-экономический 2,659260 0,000139
финансово-юридической 3,506558 0,000183
финансовый 0,733969 0,000038
финансы 0,733969 0,000038
финляндия 1,832581 0,000096
фиолетовый 2,995732 0,000156
фирма 1,386294 0,000217
флаг 0,597837 0,000187
фланг 3,218876 0,000168
флор 1,021651 0,000107
флот 1,347074 0,000140
флотилия 2,120264 0,000111
фойе 3,912023 0,000204
фома 2,659260 0,000277
фон 1,203973 0,000126
фонд -0,009950 -0,000006
фонтан 1,309333 0,000273
форма 0,287682 0,000090
формальдегид 2,302585 0,000120
формант 2,995732 0,000156
формирование 0,597837 0,000031
форпост 2,659260 0,000277
форсировать 2,525729 0,000263
форштадт 2,659260 0,000555
фосфат 2,659260 0,000139
фотография 1,108663 0,000231
франсуа 3,218876 0,000168
франций 1,139434 0,000119
французский 1,309333 0,000137
фролово 3,912023 0,000612
фроловский 3,912023 0,000204
фронт 1,078810 0,001012
фторид 2,995732 0,000156
фундамент 1,966113 0,000103
функционал 3,218876 0,000168
функциональный 1,897120 0,000099
функционировать 0,798508 0,000042
функция 0,693147 0,000289
фурман 3,506558 0,000183
футбол 1,139434 0,000475
футболист 2,659260 0,000277
футбольный 0,941609 0,000245
хан 1,897120 0,000297
ханство 1,771957 0,000647
харабали 3,506558 0,000183
характер 0,653926 0,000068
характеризоваться 0,891598 0,000093
характеристика 0,415515 0,000087
характерный 0,693147 0,000036
харьков 2,120264 0,000111
харьковский 2,659260 0,000277
хасавюрт 3,506558 0,000183
хашури 3,506558 0,000183
хвалынск 2,120264 0,000111
хватать 0,820981 0,000043
хемниц 3,506558 0,000183
херианов 3,912023 0,000204
химический 0,867501 0,000317
химпром 3,506558 0,000731
хиросима 3,912023 0,000612
хиросимы 3,912023 0,000204
хитрость 3,506558 0,000183
хищник 2,302585 0,000120
хищные 2,525729 0,000132
хлеб 1,832581 0,000191
хлебная 2,302585 0,000120
хлебозавод 2,207275 0,000115
хо-урлюка 3,912023 0,000204
ход 0,510826 0,000160
ходить 1,514128 0,000237
хозяин 2,407946 0,000126
хозяйственный 1,203973 0,000314
хозяйство 0,579818 0,000212
холера 2,995732 0,000156
холлидт 3,912023 0,000408
холм 1,386294 0,000072
холодная 1,139434 0,000059
холодное 1,560648 0,000081
холоп 3,218876 0,000168
холостой 3,912023 0,000204
хользунову 3,912023 0,000204
хопер-инвест 3,912023 0,000204
хорасана 3,912023 0,000612
хорват 2,995732 0,000156
хорватский 1,897120 0,000099
хоровод 3,912023 0,000204
хорошее 2,407946 0,000126
хороший 1,660731 0,000087
хотя 0,653926 0,000102
хохлач 3,912023 0,000204
храм 0,733969 0,000153
христианка 3,912023 0,000204
христов 1,832581 0,000096
христосоваться 3,912023 0,000204
христофора 3,912023 0,000204
христофором 3,912023 0,000204
хроник 1,832581 0,000191
хрущева 3,218876 0,000168
хрущевка 2,407946 0,000377
хрущевский 2,813411 0,000147
хтк 3,912023 0,000204
художественный 0,653926 0,000102
художник 0,967584 0,000050
хутор 2,207275 0,000690
царев 2,407946 0,000126
царица 2,813411 0,003227
царицинскому 3,912023 0,000204
царицын 2,813411 0,024056
царицына-волгограда 3,912023 0,002040
царицына-сталинграда 3,912023 0,000204
царицындо 3,912023 0,000204
царицынский 3,218876 0,009063
царский 1,386294 0,001446
царство 1,237874 0,000323
царствование 2,407946 0,000126
царь 1,078810 0,000731
цахур 2,040221 0,000106
цаца 3,912023 0,000204
цвет 0,941609 0,000098
цветник 3,218876 0,000168
цветной 1,560648 0,000244
цгада 3,912023 0,000204
цедельман 3,912023 0,000204
целовальник 3,912023 0,000408
целовать 3,912023 0,000204
целое 0,634878 0,000033
цель 0,371064 0,000116
цена 1,237874 0,000258
ценность 1,609438 0,000084
центр 0,287682 0,000705
централизация 2,813411 0,000147
центральный 0,400478 0,000981
цепь 2,040221 0,000532
церковно-приходская 3,912023 0,000408
церковно-приходские 3,506558 0,000183
церковно-приходской 3,912023 0,000204
церковь 0,673345 0,000597
цех 2,120264 0,000221
цзилинь 3,912023 0,000204
цивилизация 1,771957 0,000092
цик 2,207275 0,000115
цимлянский 2,995732 0,000156
цинк 2,525729 0,000132
циолковского 2,525729 0,000132
цирк 1,078810 0,000281
цирковой 2,302585 0,000120
цистерна 3,506558 0,000183
цитата 2,040221 0,000106
цифирный 2,995732 0,000156
цифра 1,272966 0,000133
цифровой 0,562119 0,000029
цицара 3,912023 0,000204
цицера 3,912023 0,000204
цпкио 2,659260 0,000416
цхинвал 2,995732 0,000156
цыган 1,714798 0,000089
цыплетев 3,912023 0,000408
цыплятев 3,912023 0,000204
чапаева 2,813411 0,000147
чапаевск 3,218876 0,000168
чапурниковская 3,912023 0,000204
час 0,867501 0,000045
часовой 0,713350 0,000112
частица 2,407946 0,000126
частично 0,653926 0,000170
частное 1,514128 0,000316
частный 0,634878 0,000132
часто 0,415515 0,000108
частый 1,309333 0,000273
часть 0,061875 0,000190
чаща 1,108663 0,000058
чебоксары 1,171183 0,000061
чей 1,386294 0,000072
чекист 2,995732 0,000156
чело 0,713350 0,000409
человек 0,186330 0,000418
человеко-день 3,912023 0,000204
человечество 1,660731 0,000087
челябинск 0,994252 0,000104
челябинского 2,995732 0,000156
чемпион 1,203973 0,000126
чемпионат 0,994252 0,000467
ченнаи 3,912023 0,000204
черед 2,813411 0,000587
чередоваться 2,813411 0,000440
черемис 3,506558 0,000183
череповецкая-маршала 3,912023 0,000204
череповецкий 3,912023 0,000204
черешневый 3,912023 0,000204
черкасовское 3,912023 0,000204
черкасска 3,912023 0,000204
черкасский 3,506558 0,000183
черкес 1,771957 0,000277
чернобыльский 2,995732 0,000312
черное 1,237874 0,000323
черноярском 3,912023 0,000204
черный 0,843970 0,000088
чернышковский 3,912023 0,000408
черт 0,916291 0,000478
черта 0,994252 0,000104
чертеж 1,660731 0,000087
черчилль 3,506558 0,000183
честь 0,562119 0,000293
четыре 0,597837 0,000062
чех 1,609438 0,000252
чехарда 3,912023 0,000204
чехия 2,525729 0,000132
чеченец 1,714798 0,000089
чешский 1,966113 0,000103
чиновник 1,771957 0,000277
чир 3,218876 0,000336
численность 0,616186 0,001735
числиться 2,407946 0,000126
число 0,186330 0,000204
чистое 2,302585 0,000120
читальный 2,813411 0,000147
читатель 2,407946 0,000126
читать 1,832581 0,000096
читатьтекущая 1,237874 0,000065
чкаловск 2,040221 0,000106
член 0,755023 0,000039
чрезвычайно 2,120264 0,000111
чрезмерно 3,912023 0,000204
чуваш 1,237874 0,000065
чувство 2,525729 0,000132
чувствовать 3,218876 0,000168
чуйков 3,506558 0,000366
чуйкова 3,506558 0,000366
чума 3,912023 0,000204
чумак 3,218876 0,000168
чунаков 3,912023 0,000408
чуянов 3,912023 0,000204
чэнду 3,912023 0,000204
шаблон 0,462035 0,000024
шаг 1,714798 0,000089
шаляпин 2,813411 0,000147
шанс 3,506558 0,000183
шапуров 3,912023 0,000204
швейная 2,120264 0,000111
швейцарская 2,995732 0,000156
швеции 2,207275 0,000115
шедевр 2,407946 0,000126
шелк 2,995732 0,000156
шелудяком 3,506558 0,000183
шенбруннские 3,912023 0,000204
шереметев 3,912023 0,000204
шереметьев 3,912023 0,000204
шерть 3,912023 0,000204
шест 3,218876 0,000168
шестерня 3,218876 0,000168
шестнадцатый 3,506558 0,000183
шесть 1,021651 0,000053
шестьдесят 2,813411 0,000147
шикарный 3,912023 0,000204
ширина 0,916291 0,000334
шишов 3,506558 0,000183
школ-интернатов 2,813411 0,000147
школа 0,478036 0,000648
школы-интернаты 3,912023 0,000204
школьный 1,966113 0,000205
шлык 3,506558 0,000366
шлях 3,912023 0,000408
шрифт 1,897120 0,000099
штаб 1,560648 0,000081
штандарт 3,506558 0,000183
штекер 3,912023 0,000204
штрекер 3,912023 0,000204
штурм 2,207275 0,000921
штурмовать 3,218876 0,000168
штурмовой 3,912023 0,000204
шуйским 3,912023 0,000204
шульгинка 3,912023 0,000204
шумилова 3,912023 0,000204
щадить 3,912023 0,000204
щит 1,171183 0,000183
ываном 3,912023 0,000204
эвакуация 1,832581 0,000096
эвакуировать 1,272966 0,000133
эдуард 2,525729 0,000132
экз 0,415515 0,000108
экзотический 2,525729 0,000132
экипаж 2,525729 0,000132
эколог 2,302585 0,000120
экологический 0,693147 0,000072
экология 0,562119 0,000176
экономика 0,400478 0,000167
экономический 0,478036 0,000125
экономный 3,218876 0,000168
экран 1,771957 0,000092
эксмо 2,525729 0,000132
экспансия 2,525729 0,000132
экспедиция 1,469676 0,000077
экспериментальный 1,660731 0,000173
эксплуатация 0,776529 0,000162
эксплуатироваться 2,207275 0,000115
экспозиция 1,272966 0,000199
экспонат 1,832581 0,000764
экспорт -0,009950 -0,000001
экстремизм 3,912023 0,000204
экстренно 3,912023 0,000204
элеватор 2,995732 0,000156
электрический 1,309333 0,000068
электричество 2,207275 0,000115
электричка 1,832581 0,000478
электробус 2,207275 0,000230
электробусный 3,506558 0,000183
электролесовская 3,912023 0,000204
электронный 0,478036 0,000025
электропоезд 1,609438 0,000084
электротранспорт 2,302585 0,000360
электроэнергия 1,609438 0,000168
элемент 0,544727 0,000085
элиста 2,813411 0,000440
элисте 3,912023 0,000408
элисту 3,218876 0,000168
эльтон 3,506558 0,000183
эльтона 3,506558 0,000183
эмблема 2,407946 0,000126
энгельс 1,560648 0,000163
энергетик 1,108663 0,000116
энергетический 1,897120 0,000198
энциклопедический 0,733969 0,000115
энциклопедия -0,009950 -0,000004
эоловый 3,506558 0,000183
эпидемия 2,207275 0,000460
эпицентр 2,659260 0,000139
эпоха 0,713350 0,000223
эриха 3,912023 0,000204
эстакада 2,525729 0,000132
эстонец 1,771957 0,000092
этажный 2,207275 0,000230
этап 0,634878 0,000099
этимология 0,616186 0,000064
этнографа-беллетриста 3,912023 0,000204
эффективно 2,525729 0,000132
эффективность 1,347074 0,000070
эффективный 1,609438 0,000084
эффектный 3,912023 0,000204
эшелон 3,218876 0,000168
юбилей 1,560648 0,000081
юбилейный 0,798508 0,000083
юг 0,693147 0,000398
юго-восток 1,171183 0,000061
юго-восточный 1,108663 0,000058
южнее 1,832581 0,000191
южный 0,385662 0,000503
юрга 2,813411 0,000147
юридический 0,994252 0,000052
юрием 2,302585 0,000120
юрий 1,203973 0,000251
юрино 2,120264 0,000111
юрия 1,660731 0,000087
юрьевец 2,120264 0,000111
юфо 3,218876 0,000336
явиться 2,525729 0,000132
являться 0,040822 0,000045
ядро 1,171183 0,000183
язык -0,009950 -0,000006
языковой 1,660731 0,000173
яицкий 2,995732 0,000312
як 2,040221 0,000106
яковлевым 3,506558 0,000183
якут 1,660731 0,000087
янв 0,820981 0,000043
январь 0,105361 0,000286
яндекс 1,714798 0,000089
япония 1,897120 0,000297
яр 2,995732 0,000156
ярмарка 1,660731 0,000087
ярославль 1,078810 0,000112
ярославцевым 3,912023 0,000204
яростный 3,912023 0,000204
яуза 3,218876 0,000168
