абганерово 3,912023 0,000204
абсолютный 0,798508 0,000083
абхазы 1,832581 0,000096
авангард 1,832581 0,000096
аварии 2,120264 0,000221
аварийного 2,813411 0,000147
аварцы 1,771957 0,000092
авг 0,820981 0,000043
август 1,237874 0,000194
августа 0,072571 0,000163
августе 0,994252 0,000207
авиабомбардировок 3,912023 0,000204
авианалет 3,912023 0,000204
авиаучилище 3,912023 0,000204
авиацией 2,995732 0,000156
авиационное 3,506558 0,000183
авиация 3,218876 0,000168
авиашкола 3,912023 0,000204
австрии 2,659260 0,000139
австро-венгерских 3,506558 0,000183
автобуса 2,207275 0,000115
автобусам 3,218876 0,000168
автобусное 2,040221 0,000213
автобусные 1,966113 0,000308
автобусный 2,120264 0,000332
автобусов 1,469676 0,000230
автобусы 1,386294 0,000145
автовокзал 1,427116 0,000223
автовокзала 1,660731 0,000520
автовокзалов 2,813411 0,000147
автовокзалы 2,407946 0,000126
автодорогам 1,078810 0,000056
автодороги 1,609438 0,000084
автодорогой 2,995732 0,000156
автодорожной 3,506558 0,000183
автоколонна 3,912023 0,000204
автомагистрали 2,120264 0,000111
автомобилист 2,995732 0,000156
автомобильному 3,218876 0,000336
автомобильный 1,049822 0,000055
автономная 1,469676 0,000077
авторитеты 3,506558 0,000183
авторства -0,009950 -0,000001
автотранспорта 1,897120 0,000198
автотранспортное 2,995732 0,000156
автотранспортом 2,813411 0,000147
автотранспорту 3,912023 0,000204
агашиной 3,912023 0,000204
агеева 1,469676 0,000077
агломерации 0,916291 0,000048
агломераций 2,040221 0,000106
агломерацию 2,302585 0,000120
агломерация 0,867501 0,000136
аграрный 1,386294 0,000072
агулы 1,832581 0,000096
адама 2,995732 0,000156
административно 1,966113 0,000513
административно-политическое 3,506558 0,000366
административно-территориального 1,660731 0,000087
административно-территориальное 0,820981 0,000128
административно-территориальном 1,309333 0,000137
административно-территориальному 2,659260 0,000139
административно-территориальные 2,995732 0,000156
административно-территориальных 2,207275 0,000115
административного 1,897120 0,000297
административное 0,843970 0,000264
административноеделение 3,912023 0,000204
административному 1,897120 0,000099
административные 1,514128 0,000158
административный 0,843970 0,000044
администрации 0,843970 0,000572
администрацию 2,207275 0,000115
администрация 0,941609 0,000196
адресу 1,966113 0,000308
адыгейцы 1,897120 0,000099
ажиотажный 3,912023 0,000204
аза 3,912023 0,000204
азербайджана 2,995732 0,000156
азербайджанцы 1,139434 0,000119
азии 0,916291 0,000048
азию 2,407946 0,000126
азов 2,525729 0,000263
азова 2,813411 0,000147
азово-моздокская 3,218876 0,000168
азовские 3,912023 0,000204
азовского 2,040221 0,000106
азовскому 2,813411 0,000147
азота 1,832581 0,000191
аист 2,813411 0,000293
аистообразные 3,912023 0,000204
аиф 2,407946 0,000126
айзенхюттенштадт 3,506558 0,000183
академии 0,693147 0,000108
академический 1,171183 0,000061
академической 2,995732 0,000156
академия 0,798508 0,000291
акварель 3,506558 0,000183
аккордеоном 3,912023 0,000204
аккуратно 3,912023 0,000204
актау 2,995732 0,000156
актера 2,407946 0,000126
активизировалось 2,995732 0,000156
активно 0,755023 0,000039
активное 1,469676 0,000077
активности 1,560648 0,000081
актов 1,897120 0,000099
актуально 3,506558 0,000183
акты 2,659260 0,000139
акционерным 3,506558 0,000366
алг 3,912023 0,000204
алексадровской 3,912023 0,000204
александр 0,693147 0,000253
александра 0,820981 0,000171
александрия 3,506558 0,000183
александро-невский 2,207275 0,000230
александровской 3,218876 0,000336
александром 2,120264 0,000111
александру 1,966113 0,000205
алексеев 2,207275 0,000115
алексеевка 3,218876 0,000168
алексеевский 2,659260 0,000139
алексей 1,049822 0,000219
алексея 1,514128 0,000079
аллеи 2,302585 0,000240
аллею 3,506558 0,000183
аллея 1,832581 0,000096
аллювиальными 3,912023 0,000204
алма-ата 3,912023 0,000204
алтай 2,407946 0,000126
алфавитунаселенные 0,867501 0,000045
алфавитуобъекты 3,912023 0,000204
алферьев 3,912023 0,000204
алчевск 3,912023 0,000204
альберт 2,525729 0,000132
альберта 3,506558 0,000183
альманах 2,040221 0,000106
альметьевск 2,995732 0,000156
алюминиевый 2,995732 0,000625
амбулаториями 3,912023 0,000204
американская 2,407946 0,000251
американские 2,659260 0,000139
американский 1,897120 0,000198
американского 2,207275 0,000230
американцы 1,966113 0,000103
ампир 2,659260 0,000277
ампира 2,813411 0,000293
анализ 1,237874 0,000065
аналог 2,120264 0,000221
аналогов 2,995732 0,000156
анахронизмом 3,912023 0,000204
ангарский 2,995732 0,000156
ангел-хранитель 3,506558 0,000366
англ 0,174353 0,000009
английские 3,506558 0,000366
английский 1,897120 0,000099
английских 2,813411 0,000147
английской 3,506558 0,000183
англия 2,995732 0,000469
андреева 3,506558 0,000183
андрей 0,967584 0,000202
андрусенко 3,912023 0,000204
ансамбли 2,659260 0,000139
ансамблями 3,912023 0,000204
антирекордов 3,912023 0,000204
антихристом 3,912023 0,000204
антоний 3,506558 0,000183
антрацит 3,912023 0,000204
аншлюс 3,912023 0,000204
апабеловой 3,912023 0,000204
апр 0,798508 0,000042
апраксин 3,218876 0,000168
апреле 0,994252 0,000052
апреля 0,174353 0,000436
аптека 2,813411 0,000147
аптекою 3,912023 0,000204
арабское 3,912023 0,000204
арабскому 3,912023 0,000204
арабы 1,832581 0,000096
аравия 2,995732 0,000156
арбитражный 2,207275 0,000115
арбузный 3,912023 0,000204
аргасцева 3,912023 0,000204
аргументы 1,203973 0,000126
арена 1,427116 0,000298
арендаторов 3,506558 0,000183
арендованный 3,912023 0,000204
арестован 2,525729 0,000132
арименова 3,912023 0,000408
арифметика 2,813411 0,000147
армейское 3,912023 0,000204
армения 2,040221 0,000106
армией 2,302585 0,000600
армии 1,049822 0,000985
армий 2,813411 0,000440
армия 2,120264 0,001216
армяне 1,021651 0,000160
армянский 2,302585 0,000120
артем 2,302585 0,000120
артерией 2,995732 0,000156
артерии 3,218876 0,000168
артиллерии 2,813411 0,000293
артиллерийская 3,218876 0,000168
артиллерийский 3,506558 0,000183
артиллерийскими 3,912023 0,000204
артиллерийского 3,506558 0,000183
артиллерию 3,912023 0,000204
артиллерия 3,218876 0,000336
артисты 2,659260 0,000139
артобстрелов 3,506558 0,000183
арх 0,544727 0,000028
архаичным 3,912023 0,000204
архангельск 1,771957 0,000092
археолога 2,995732 0,000156
археологи 2,813411 0,000147
археологии 1,309333 0,000137
архив 0,462035 0,000072
архивировано 0,020203 0,000219
архивиста 3,912023 0,000204
архивная 0,400478 0,000084
архивной 0,713350 0,000037
архитектор 1,427116 0,000074
архитектора 1,469676 0,000077
архитекторами 2,995732 0,000156
архитекторы 1,469676 0,000230
архитектура 0,755023 0,000197
архитектуре 1,609438 0,000168
архитектурно-строительный 2,407946 0,000126
архитектурные 1,832581 0,000191
архитектурный 1,660731 0,000087
архитектурными 3,218876 0,000168
архитектуру 2,995732 0,000156
архитектуры 0,755023 0,000118
ассирийцы 1,832581 0,000096
асср 1,966113 0,000103
аст 0,820981 0,000128
астаповым 3,912023 0,000204
астероид 1,966113 0,000103
астрахани 2,407946 0,000502
астраханская 2,302585 0,000240
астраханские 2,995732 0,000156
астраханский 2,995732 0,000781
астраханское 2,995732 0,000469
астраханской 2,525729 0,000132
астрахань 0,967584 0,000555
астрель 1,049822 0,000055
атаками 3,912023 0,000204
атаки 2,995732 0,000312
атаковал 3,912023 0,000204
атакуя 3,912023 0,000204
атаман 2,659260 0,000277
атамана 2,659260 0,000555
атаманам 3,912023 0,000204
атаманов 2,995732 0,000312
атаманом 2,995732 0,000312
атаманством 3,912023 0,000204
атаману 3,912023 0,000204
ате 2,407946 0,000126
аткарск 3,506558 0,000183
атмосферного 1,771957 0,000092
атмосферы 1,469676 0,000077
атома 3,506558 0,000366
атопов 3,912023 0,000204
аттракционы 2,995732 0,000156
атырау 2,659260 0,000277
аудиенции 3,912023 0,000204
аудиогидами 3,912023 0,000204
аудиторию 3,218876 0,000168
афанасий 2,659260 0,000139
афанасия 2,525729 0,000132
афганистане 3,506558 0,000183
афганцы 2,120264 0,000111
ахтуба 3,506558 0,000183
ахтубинск 3,506558 0,000183
ахтубинские 3,912023 0,000204
аэродром 1,514128 0,000079
аэродрому 3,912023 0,000204
аэродромы 3,506558 0,000183
аэропорт 0,843970 0,000308
аэропорта 1,049822 0,000109
аэропорту 1,609438 0,000336
аэс 3,218876 0,000336
баб 3,506558 0,000183
баданова 3,912023 0,000408
бадольо 3,912023 0,000204
база 0,916291 0,000048
базарная 2,995732 0,000156
базе 0,776529 0,000202
базироваться 3,912023 0,000204
базовыми 3,506558 0,000183
байкер 3,912023 0,000204
бакинская 3,218876 0,000168
бакинских 3,506558 0,000183
баку 2,207275 0,000230
бакуринский 3,912023 0,000204
балаганов 3,912023 0,000204
балаково 2,120264 0,000111
балахна 2,120264 0,000111
балка 2,659260 0,000277
балкарцы 2,040221 0,000106
баллад 3,912023 0,000408
баллада 3,912023 0,000204
балок 3,218876 0,000336
балтийским 2,407946 0,000251
балтику 3,218876 0,000168
балыклеи 3,912023 0,000204
бама 3,912023 0,000204
бани 2,813411 0,000293
банкротства 2,525729 0,000132
бараков 3,506558 0,000183
барина 3,912023 0,000204
бармалей 3,912023 0,001020
барнаул 1,203973 0,000063
баррикадный 3,912023 0,000408
баррикады 2,040221 0,000957
барского 3,912023 0,000204
барятинским 3,912023 0,000204
баскетбольный 1,832581 0,000096
баскунчак 3,506558 0,000183
баскунчака 3,912023 0,000204
бассейн 1,078810 0,000056
бассейнов 1,660731 0,000087
бастионов 3,506558 0,000183
батальона 2,407946 0,000126
батальонов 3,506558 0,000183
батареи 3,506558 0,000366
батареями 3,912023 0,000204
бахти 3,912023 0,000204
бахчеводство 3,218876 0,000168
баш 3,506558 0,000183
башен 2,207275 0,000115
башенной 2,995732 0,000156
башкир 2,813411 0,000147
башкиры 1,347074 0,000140
беглыми 3,912023 0,000204
беглых 3,506558 0,000548
бедна 3,912023 0,000204
бедный 3,506558 0,000366
бедой 3,912023 0,000204
бежал 3,912023 0,000612
бежать 3,506558 0,000366
безвозвратных 3,506558 0,000183
безграмотность 3,912023 0,000204
безопасно 3,218876 0,000168
безопасным 3,218876 0,000168
безымянных 3,912023 0,000408
бекетовка 3,912023 0,000816
бекетовке 3,912023 0,000612
бекетовская 3,912023 0,000408
бекетовский 3,912023 0,000204
беларуская 0,000000 0,000000
беларускаябългарски 0,000000 0,000000
беларусь 1,237874 0,000065
белебей 3,506558 0,000183
белово 3,218876 0,000168
белое 1,714798 0,000089
белой 1,660731 0,000087
белорецк 3,506558 0,000183
белорусский 2,813411 0,000147
белорусы 1,203973 0,000126
белый 1,514128 0,000079
белым 2,207275 0,000115
белых 2,407946 0,000126
бельгия 2,525729 0,000132
белянам 3,912023 0,000204
белянах 3,912023 0,000204
бендеры 3,912023 0,000204
бердянск 3,218876 0,000168
берег 1,021651 0,000107
берега 0,916291 0,000430
берегами 2,659260 0,000139
берегом 2,813411 0,000147
берегу 0,616186 0,000129
березка 2,525729 0,000132
береславского 3,912023 0,000204
берест 3,506558 0,000183
берроу 3,912023 0,000204
берут 2,525729 0,000132
беспалого 3,912023 0,000204
бесплатное 3,506558 0,000183
бесплодные 3,912023 0,000204
беспозвоночные 3,218876 0,000168
беспозвоночными 3,506558 0,000183
бетонированным 3,912023 0,000204
библиографических 0,094311 0,000005
библиотек 0,967584 0,000252
библиотека 0,462035 0,000145
библиотеках 3,506558 0,000183
библиотеки 0,843970 0,000264
библиотекой 2,207275 0,000115
библиотечного 2,995732 0,000156
бие 3,912023 0,000204
бизнес-центр 2,813411 0,000147
бизнеса 0,967584 0,000101
бизнесмен 3,506558 0,000183
бий 3,912023 0,000204
бился 3,912023 0,000204
биологические 2,407946 0,000126
биологическое 3,506558 0,000183
битва 2,207275 0,002071
битве 2,302585 0,000840
битву 3,912023 0,000408
битвы 2,120264 0,002100
бишкек 3,218876 0,000168
бкм 2,995732 0,000312
благодаря 0,527633 0,000165
благоприятно 3,218876 0,000168
благословение 3,506558 0,000366
благотворительные 3,506558 0,000183
благоустроили 3,912023 0,000204
благочестия 3,912023 0,000204
ближайшего 2,813411 0,000147
ближайшим 3,506558 0,000183
ближайших 2,040221 0,000213
ближе 2,120264 0,000111
ближних 3,506558 0,000183
ближняя 3,912023 0,000204
близ 1,237874 0,000065
близости 1,897120 0,000099
близость 2,659260 0,000277
блогер 3,218876 0,000168
блокирован 3,912023 0,000204
блокировании 3,912023 0,000204
бобыли 3,506558 0,000183
бог 2,525729 0,000132
богомолы 3,912023 0,000204
боев 2,813411 0,000880
боевое 3,218876 0,000336
боевой 1,832581 0,000096
боевых 1,966113 0,000103
божию 3,912023 0,000204
бои 2,207275 0,000460
бой 2,659260 0,000277
бойницы 3,912023 0,000204
бойцов 3,506558 0,000183
бойцы 3,218876 0,000168
болгар 1,966113 0,000103
болгария 1,386294 0,000145
болгары 1,897120 0,000099
болезней 2,525729 0,000132
болезнями 3,506558 0,000183
болельщики 3,506558 0,000183
болельщиков 2,995732 0,000469
больниц 1,966113 0,000103
больница 1,469676 0,000077
больницами 3,506558 0,000183
больницах 2,813411 0,000147
больницей 3,218876 0,000168
больными 3,912023 0,000204
больных 3,218876 0,000336
большая 0,072571 0,000038
большевикам 2,995732 0,000156
большевики 2,207275 0,000115
большие 0,891598 0,000093
большим 1,560648 0,000081
большими 2,207275 0,000115
большинстве 1,386294 0,000145
большинство 0,597837 0,000031
большинством 1,897120 0,000099
больших 1,272966 0,000066
большого 0,967584 0,000101
большое 0,544727 0,000085
большой 0,328504 0,000069
большом 1,714798 0,000179
бомб 3,218876 0,000168
бомбами 3,912023 0,000204
бомбардировку 3,912023 0,000204
бор 1,427116 0,000074
бородин 2,995732 0,000156
борцов 2,659260 0,000277
борьба 1,897120 0,000099
борьбу 2,302585 0,000120
бою 3,218876 0,000336
боя 2,302585 0,000480
боями 2,995732 0,000156
боярка 3,912023 0,000204
боярской 3,912023 0,000204
боях 2,407946 0,000628
брали 2,995732 0,000156
братской 2,995732 0,000156
брашов 3,506558 0,000183
брежнева 3,912023 0,000204
брежневки 3,912023 0,000408
брест 2,525729 0,000132
брестская 2,995732 0,000156
бригада 2,659260 0,000139
бригады 2,659260 0,000277
брокгауза 0,328504 0,000103
броневые 3,912023 0,000204
бронегруппы 3,912023 0,000204
бросив 3,912023 0,000204
брошенных 3,506558 0,000183
буганова 3,506558 0,000183
буддистами-гелугпа 3,912023 0,000204
буденный 3,912023 0,000204
будут 1,203973 0,000126
будущего 1,427116 0,000074
будущее 1,386294 0,000072
будущей 2,659260 0,000139
будущий 2,407946 0,000879
будущих 2,659260 0,000139
буерак 3,506558 0,000366
булавин 3,912023 0,000204
булавина 3,506558 0,000366
булавинским 3,912023 0,000204
булавинского 3,912023 0,000408
булавинское 3,912023 0,000612
бум 2,040221 0,000106
бумаге 2,040221 0,000106
бунт 2,659260 0,000416
бунтом 3,912023 0,000408
бурей 3,912023 0,000204
бурлаками 3,912023 0,000408
бурлаков 3,506558 0,000183
буровой 3,912023 0,001020
бурые 3,218876 0,000168
бурыми 3,218876 0,000168
бурых 2,813411 0,000147
бурь 3,218876 0,000168
буря 2,995732 0,000156
буряад 0,000000 0,000000
буряты 1,714798 0,000089
бутового 3,506558 0,000183
бутурлин 3,912023 0,000408
буферной 3,506558 0,000183
бывшей 1,514128 0,000158
бывшем 2,040221 0,000106
бывшие 1,771957 0,000185
бывший 1,108663 0,000231
бывшим 2,995732 0,000156
бывшую 3,506558 0,000183
быков 2,995732 0,000156
быково 2,995732 0,000156
быковский 3,912023 0,000204
былую 3,912023 0,000204
быстро 1,139434 0,000119
быстрого 1,966113 0,000103
быстрому 2,813411 0,000147
быта 2,525729 0,000132
бытовало 3,506558 0,000183
бытовые 2,813411 0,000147
бэрроу 3,912023 0,000408
бюджета 1,309333 0,000068
бюджете 3,218876 0,000336
бюджетном 3,912023 0,000204
бюро 1,427116 0,000446
бюст 2,407946 0,000126
важнейшие 2,302585 0,000120
важнейших 1,832581 0,000096
важности 3,218876 0,000168
важную 1,771957 0,000092
важных 1,714798 0,000089
вал 2,207275 0,000345
валах 3,912023 0,000204
валерий 1,714798 0,000179
валили 3,912023 0,000204
валов 2,813411 0,000147
вами 3,912023 0,000204
вантовый 2,995732 0,000156
вап 3,912023 0,000204
варваровского 3,912023 0,000204
варейкис 3,912023 0,000204
вариант 1,386294 0,000072
варианте 2,407946 0,000126
варианты 1,309333 0,000068
варил 3,912023 0,000204
варна 2,525729 0,000132
варьируется 2,995732 0,000156
василием 3,506558 0,000183
василий 1,386294 0,000361
василия 1,771957 0,000092
васильевичю 3,912023 0,000204
васильевна 2,813411 0,000147
васильево 2,120264 0,000111
васильков 3,912023 0,000408
васильсурск 2,120264 0,000111
вассала 3,912023 0,000204
вассалом 3,912023 0,000408
ватагам 3,912023 0,000204
ватаги 3,912023 0,000204
ватерпольный 3,218876 0,000168
вахтовый 3,912023 0,000204
вашла 0,000000 0,000000
вблизи 1,139434 0,000059
введен 1,427116 0,000149
введением 2,302585 0,000120
введенный 2,813411 0,000147
введено 1,771957 0,000092
введены 1,897120 0,000099
вводил 3,912023 0,000204
вводились 3,506558 0,000183
вводится 2,525729 0,000132
вгтз 3,912023 0,000612
вдоль 0,755023 0,000590
ведавшему 3,912023 0,000204
ведения 1,832581 0,000096
ведется 0,994252 0,000052
ведомости 1,049822 0,000055
ведомственного 3,912023 0,000204
ведомственные 2,813411 0,000147
ведомственных 2,995732 0,000156
ведущего 3,912023 0,000204
ведущейся 3,912023 0,000204
века 0,248461 0,000324
веках 1,021651 0,000053
веке 0,597837 0,000218
векегорода 1,966113 0,000103
веков 0,713350 0,000037
велел 3,218876 0,000503
великая 1,514128 0,000079
великжанин 3,912023 0,000204
великжанина 3,912023 0,000204
великих 1,832581 0,000191
великобританией 3,506558 0,000183
великобритании 1,897120 0,000099
великобритания 2,120264 0,000111
великово 3,912023 0,000204
великого 1,203973 0,000063
великой 0,653926 0,000170
великою 3,912023 0,000408
великую 2,659260 0,000139
велись 2,302585 0,000120
величественного 3,912023 0,000204
велось 1,966113 0,000103
венгрия 2,120264 0,000111
венгры 1,966113 0,000103
вере 3,506558 0,000183
верили 3,506558 0,000183
вермахт 3,506558 0,002011
вермахта 2,813411 0,001027
вермахтом 3,506558 0,000366
вермахту 3,218876 0,000168
вернулась 2,407946 0,000251
верный 3,506558 0,000183
верой 3,912023 0,000204
вероятнее 3,218876 0,000168
вероятно 1,609438 0,000252
вероятные 3,912023 0,000204
версии 0,446287 0,000023
версий 1,347074 0,000070
версия -0,009950 -0,000002
версияправитьправить 1,237874 0,000065
верст 2,995732 0,000625
верстах 2,813411 0,000147
вертолетной 3,506558 0,000183
вертячего 3,912023 0,000408
верхнего 1,609438 0,000168
верхнезареченский 3,912023 0,000204
верхней 1,272966 0,000066
верхнем 1,771957 0,000092
верхний 1,427116 0,000074
верхняя 1,108663 0,000058
верховного 1,272966 0,000465
верховной 3,506558 0,000183
веры 1,560648 0,000081
веря 3,912023 0,000204
веселыми 3,912023 0,000204
весенняя 3,506558 0,000183
весной 1,049822 0,000055
весны 1,966113 0,000205
весов 3,912023 0,000204
весоизмерительной 3,912023 0,000612
вести 0,843970 0,000396
вестник 1,049822 0,000274
весь 0,755023 0,000394
ветви 1,897120 0,000099
ветвь 2,813411 0,000147
ветки 2,407946 0,000126
ветра 1,049822 0,000055
ветров 0,843970 0,000044
ветшание 3,912023 0,000204
вехи 2,995732 0,000156
вечернего 3,506558 0,000183
вечерний 1,966113 0,000103
вечный 2,120264 0,000111
вешать 3,912023 0,000204
веществ 1,171183 0,000122
вещи 2,407946 0,000126
взаимно 2,813411 0,000147
взаимосвязанных 3,506558 0,000183
взамен 1,832581 0,000096
взвешенных 2,659260 0,000139
взвидел 3,912023 0,000204
взвода 3,506558 0,000183
взлетавшие 3,912023 0,000204
взмо 3,912023 0,000204
взорвавшегося 3,912023 0,000204
взрослых 1,897120 0,000099
взрыв 2,120264 0,000442
взрывавшие 3,912023 0,000204
взрывного 3,912023 0,000204
взтдин 3,912023 0,000204
взтм 3,506558 0,000183
взял 2,659260 0,000139
взяли 2,407946 0,000502
взят 1,897120 0,000396
взятые 2,407946 0,000126
взятых 2,813411 0,000293
взять 2,813411 0,000733
виадук 3,912023 0,000612
вид 0,494296 0,000052
виде 0,235722 0,000086
видео 1,049822 0,000055
видит 3,218876 0,000168
видов 0,616186 0,000064
виды 0,798508 0,000042
визитной 2,525729 0,000132
вики-разметкой 1,309333 0,000068
викигиде 0,776529 0,000040
викигидепроект 3,218876 0,000168
викигидстатьи 2,120264 0,000111
викиданные 0,776529 0,000081
викиданных -0,009950 -0,000001
викиданныхвикипедия 0,891598 0,000093
викимапиипро 1,427116 0,000074
викимедиа -0,009950 -0,000001
википедии -0,009950 -0,000001
википедия -0,009950 -0,000003
викискладвикиновостивикицитатниквикигидэлемент 1,272966 0,000066
викискладе 0,174353 0,000009
викискладепутеводитель 0,713350 0,000037
викискладстатьи 0,891598 0,000046
викисловарецитаты 1,108663 0,000058
викисловарь 3,218876 0,000168
викисловарьстатьи 1,347074 0,000070
викитека 3,218876 0,000168
викитеке 3,218876 0,000168
викитекемедиафайлы 1,272966 0,000066
викитеку 1,347074 0,000070
викицитатникетексты 1,427116 0,000074
викицитатникстатьи 2,207275 0,000115
виккерс 3,912023 0,000408
викторович 2,207275 0,000115
винокурня 3,912023 0,000204
висела 3,912023 0,000204
виселицы 3,912023 0,000204
виталий 1,966113 0,000308
вишневая 3,506558 0,000183
вклад 1,108663 0,000058
вкладка 3,912023 0,000204
включает 0,462035 0,000048
включала 2,995732 0,000156
включаются 3,218876 0,000168
включающий 1,771957 0,000092
включая 0,527633 0,000055
включен 1,560648 0,000081
включении 2,207275 0,000230
включения 1,771957 0,000092
включены 1,560648 0,000244
включив 3,912023 0,000204
включили 2,995732 0,000312
включились 3,912023 0,000204
вкп 2,407946 0,000502
вкраплениями 3,506558 0,000183
владельцев 2,659260 0,000139
владение 1,427116 0,000074
владивосток 1,897120 0,000099
владикавказ 2,120264 0,000111
владикавказская 3,912023 0,000204
владикавказской 3,506558 0,000183
владимир 0,733969 0,000268
владимирович 1,771957 0,000092
владлен 3,912023 0,000204
влажность 1,171183 0,000061
власовым 3,912023 0,000204
властей 1,714798 0,000179
власти 0,634878 0,000530
власть 0,733969 0,000383
властью 2,207275 0,000345
властями 2,120264 0,000111
влияние 0,776529 0,000162
влияния 1,609438 0,000084
влксм 2,302585 0,000120
влюбленных 2,995732 0,000156
вместе 0,510826 0,000186
вместо 0,798508 0,000083
вмещает 2,659260 0,000139
вмз 3,506558 0,000183
вне 1,560648 0,000081
внедрено 3,912023 0,000204
внезапно 3,912023 0,000408
внезапности 3,506558 0,000183
внесении 1,966113 0,000103
внесено 2,813411 0,000147
внесены 2,813411 0,000147
внесли 2,120264 0,000111
внесшие 3,506558 0,000183
внешние 0,051293 0,000003
внешних 1,966113 0,000103
вниз 1,171183 0,000183
вновь 0,755023 0,000315
внутреннее 0,733969 0,000038
внутренним 2,813411 0,000147
внутренних 1,237874 0,000065
внутри 0,000000 0,000000
внутригородским 0,967584 0,000050
внутригородских 1,514128 0,000158
внутригородского 2,407946 0,000126
вов 2,120264 0,000221
вод 1,078810 0,000169
вода 1,203973 0,000063
воде 1,966113 0,000103
водного 1,171183 0,000061
водный 1,237874 0,000129
водными 2,659260 0,000277
водных 1,347074 0,000070
водоемах 2,659260 0,000139
водоканал 2,525729 0,000132
водокачки 3,912023 0,000204
водопровод 2,302585 0,000360
водоразделе 3,218876 0,000168
водоснабжению 3,912023 0,000204
водотоков 2,995732 0,000156
водохранилищ 2,525729 0,000132
водохранилища 1,272966 0,000199
водохранилище 1,609438 0,000084
водстрой 3,912023 0,000612
воды 0,653926 0,000102
воевавших 3,912023 0,000204
воевать 3,912023 0,000204
воевод 2,659260 0,000139
воевода 2,302585 0,000960
воеводам 3,506558 0,000366
воеводе 2,525729 0,000263
воеводой 2,525729 0,000132
воеводской 3,912023 0,000204
воеводства 3,506558 0,000183
воеводу 3,506558 0,000183
воеводы 2,040221 0,000213
военная 1,108663 0,000116
военно-авиационное 3,912023 0,000204
военно-административными 3,912023 0,000204
военно-исторический 1,832581 0,000096
военно-разбойничьим 3,912023 0,000204
военного 1,309333 0,000273
военное 1,609438 0,000252
военной 1,347074 0,000070
военнопленные 3,912023 0,000204
военнопленных 2,525729 0,000395
военнослужащие 3,912023 0,000204
военную 2,813411 0,000293
военные 1,237874 0,000323
военный 1,272966 0,000133
военным 2,040221 0,000213
военных 1,272966 0,000133
возведение 2,040221 0,000106
возведено 2,813411 0,000147
возврат 2,407946 0,000126
возвратила 3,912023 0,000204
возвращал 3,912023 0,000204
возвращения 2,995732 0,000156
возвышений 3,912023 0,000204
возвышенности 1,714798 0,000179
возвышенность 2,659260 0,000277
возглавлял 2,040221 0,000213
воздействием 2,407946 0,000126
воздействия 1,714798 0,000179
воздуха 0,733969 0,000153
воздуху 2,813411 0,000147
воздушный 1,514128 0,000316
воздушными 2,813411 0,000147
возки 3,912023 0,000204
возле 1,386294 0,000361
возможно 0,867501 0,000045
возможного 2,659260 0,000139
возможности 0,891598 0,000093
возможность 0,616186 0,000032
возможны 2,207275 0,000115
возможные 2,407946 0,000126
возможным 2,207275 0,000115
возможных 2,040221 0,000106
вознесенской 3,506558 0,000548
возник 1,469676 0,000230
возникают 1,714798 0,000089
возникли 1,714798 0,000179
возникновении 2,813411 0,000147
возникшая 3,506558 0,000183
возобновилась 3,506558 0,000183
возрастающего 3,912023 0,000204
возрастов 3,912023 0,000204
возродили 3,506558 0,000183
возродился 3,912023 0,000204
возрождалось 3,912023 0,000204
возрожден 2,813411 0,000147
возрождена 3,506558 0,000183
возрождение 2,813411 0,000147
возрожденный 3,912023 0,000408
возросшую 3,912023 0,000204
воина 2,659260 0,000139
воинские 3,218876 0,000168
воинский 3,912023 0,000204
воинским 3,912023 0,000204
воинской 1,660731 0,000087
воины 3,218876 0,000168
войлочный 3,912023 0,000204
войн 1,897120 0,000297
война 1,171183 0,000489
войнами 2,995732 0,000312
войнах 2,813411 0,000440
войне 1,049822 0,000328
войной 2,207275 0,000345
войну 1,966113 0,000820
войны 0,478036 0,000523
войск 1,347074 0,001405
войска 1,237874 0,000452
войскам 2,813411 0,000293
войско 2,040221 0,000532
вокабула 3,912023 0,000204
вокзал 0,820981 0,000599
вокзала 0,967584 0,000504
вокзалам 3,912023 0,000204
вокзале 2,525729 0,000132
вокзалов 2,813411 0,000147
вокзалы 1,771957 0,000092
вокпц 3,912023 0,000204
вокруг 0,693147 0,000145
волга 1,660731 0,000606
волга-дон 3,912023 0,000204
волггту 3,912023 0,000204
волге 1,771957 0,001386
волгегорода 2,525729 0,000132
волги 1,771957 0,002494
волго-ахтубинской 3,506558 0,000548
волго-ахтубинскую 3,912023 0,000408
волго-донская 3,912023 0,000204
волго-донского 3,506558 0,000183
волго-донской 2,813411 0,001173
волго-сарпинская 3,912023 0,000408
волговерховье 2,120264 0,000221
волгогра 0,000000 0,000000
волгоград 1,139434 0,005168
волгоград-донбасс 3,912023 0,000204
волгоград-сити 3,912023 0,000204
волгоград-трв 3,912023 0,000204
волгограда 2,995732 0,016244
волгоградаавтомобильный 3,912023 0,000204
волгоградаадминистративное 3,912023 0,000204
волгоградаволгоградпереименованные 3,912023 0,000204
волгоградавтотранс 3,912023 0,000612
волгоградагосударственные 3,912023 0,000204
волгоградамашиностроение 3,912023 0,000204
волгоградарайоны 3,912023 0,000204
волгоградареки 3,912023 0,000204
волгоградацентральная 3,912023 0,000204
волгограде 3,506558 0,004022
волгоградевысшие 3,912023 0,000204
волгограднефтемаш 3,912023 0,000612
волгоградоблпродукт 3,912023 0,000204
волгоградом 3,218876 0,000839
волгоградская 2,995732 0,003280
волгоградские 3,912023 0,000204
волгоградский 3,218876 0,008056
волгоградских 3,912023 0,000408
волгоградского 3,506558 0,003291
волгоградское 3,506558 0,000914
волгоградской 3,506558 0,005850
волгоградском 3,912023 0,000204
волгоградскому 3,912023 0,000612
волгоградскую 3,912023 0,000612
волгоградстатистика 0,000000 0,000000
волгоградтранспригород 3,912023 0,000408
волгограду 3,912023 0,001020
волгоградцев 3,912023 0,000408
волгоградцы 3,912023 0,000408
волгодон 3,912023 0,000408
волгодонск 3,218876 0,000336
волгодонская 3,506558 0,000183
волгодонских 3,912023 0,000204
волгодонского 3,912023 0,000612
волгодонской 3,506558 0,000914
волгодонском 3,912023 0,000204
волгой 2,407946 0,000377
волгомясомолторг 3,912023 0,000204
волгореченск 2,120264 0,000111
волгострой 3,506558 0,000183
волгу 1,966113 0,001025
волжанин 3,506558 0,000183
волжск 2,120264 0,000111
волжская 2,659260 0,001248
волжские 3,506558 0,000548
волжский 2,120264 0,001990
волжским 3,506558 0,000183
волжских 2,813411 0,000733
волжско-донской 3,506558 0,000366
волжского 2,302585 0,000120
волжское 2,813411 0,000293
волжской 2,120264 0,000332
волжском 2,525729 0,000395
волжскому 3,506558 0,000183
волжскую 3,912023 0,000204
волконский 3,912023 0,000204
волма 3,912023 0,000612
волн 2,120264 0,000111
волна 1,427116 0,000074
володарского 2,407946 0,000126
волоске 3,912023 0,000204
волости 3,218876 0,000336
волость 3,218876 0,000503
волочить 3,912023 0,000204
волхов 3,506558 0,000183
волшебные 0,040822 0,000002
вольным 3,912023 0,000204
вольных 3,506558 0,000183
вольск 2,120264 0,000221
вообще 1,560648 0,000081
вооружений 2,659260 0,000139
вооруженную 3,912023 0,000204
вопросу 1,386294 0,000072
вопросы 1,049822 0,000055
ворвался 3,912023 0,000204
воробей 3,506558 0,000183
воробьев 2,995732 0,000156
воробьинообразные 3,912023 0,000204
воров 3,912023 0,000204
воровских 3,506558 0,000366
воровскую 3,912023 0,000204
воронеж 1,203973 0,000251
воронежа 2,659260 0,000277
ворота 1,347074 0,000211
воротами 1,832581 0,000096
ворошилова 2,659260 0,000139
ворошиловский 3,506558 0,001280
ворошиловского 3,506558 0,000366
ворошиловском 3,506558 0,000183
воры 3,912023 0,000204
воск 3,506558 0,000183
воскресенье 1,771957 0,000185
воспользовался 3,218876 0,000168
восприимут 3,912023 0,000204
восприняты 3,912023 0,000204
воссоздана 3,218876 0,000168
воссозданный 3,218876 0,000168
восст 3,912023 0,000408
восстанавливается 2,525729 0,000132
восстанавливалась 3,506558 0,000183
восстанавливалось 3,506558 0,000183
восстанавливать 2,995732 0,000156
восстанавливаться 3,218876 0,000336
восстание 1,660731 0,000693
восстанием 2,407946 0,000251
восстаний 2,813411 0,000147
восстания 1,660731 0,000173
восстановил 3,912023 0,000204
восстановительных 3,912023 0,000204
восстановить 2,120264 0,000111
восстановлен 1,771957 0,000370
восстановлена 2,120264 0,000111
восстановление 1,609438 0,000587
восстановлении 2,659260 0,000139
восстановления 1,897120 0,000198
восстановленной 3,912023 0,000204
восстановленные 2,813411 0,000147
восстановленный 2,813411 0,000147
восстановленным 3,912023 0,000204
восстановлено 2,525729 0,000132
восстановлены 2,407946 0,000251
восток 1,021651 0,000053
восток-запад 3,506558 0,000366
востока 1,078810 0,000056
восторгом 3,912023 0,000204
восточном 1,897120 0,000099
восточную 1,897120 0,000099
восточных 1,897120 0,000099
восходит 2,040221 0,000106
воткинск 1,309333 0,000068
вошедшие 2,995732 0,000312
вошел 1,237874 0,000258
вошла 1,609438 0,000084
вошли 1,347074 0,000070
воюющей 3,912023 0,000204
впадают 2,813411 0,000147
впадении 1,660731 0,000087
впервые 0,385662 0,000121
вперед 2,995732 0,000156
вписалась 3,912023 0,000204
вписаны 3,506558 0,000183
вплотную 2,040221 0,000106
вплоть 1,108663 0,000058
впоследствии 0,653926 0,000034
врага 3,218876 0,000168
врагом 3,912023 0,000204
врангеля 2,659260 0,000139
врачей 1,897120 0,000099
врачи 2,659260 0,000139
вредных 2,120264 0,000111
времен 0,941609 0,000098
времена 1,108663 0,000058
временем 0,616186 0,000032
времени 0,186330 0,000165
время 0,030459 0,000043
вручил 2,995732 0,000312
врывается 3,912023 0,000204
все-таки 2,659260 0,000139
всеа 3,506558 0,000183
всевозможными 3,912023 0,000204
всей 0,693147 0,000217
всем 0,891598 0,000093
всему 1,272966 0,000133
всенародно 3,912023 0,000204
всеобщее 3,218876 0,000336
всероссийская 0,843970 0,000044
всероссийский 1,469676 0,000077
всероссийского 1,347074 0,000070
всероссийской 0,713350 0,000186
всесоюзная 0,843970 0,000264
вскоре 1,309333 0,000137
вследствие 1,203973 0,000188
вставкой 1,309333 0,000068
встретились 3,506558 0,000183
встретить 2,207275 0,000115
встречается 1,203973 0,000063
встречаются 1,272966 0,000199
встречая 3,506558 0,000183
встречена 3,912023 0,000204
встречный 3,912023 0,000408
вступать 3,912023 0,000204
вступив 3,506558 0,000183
вступила 2,525729 0,000132
вступили 2,302585 0,000120
вся 0,994252 0,000259
всяких 3,218876 0,000168
всякого 2,995732 0,000312
вторая 0,994252 0,000259
вторжения 1,771957 0,000185
второй 0,274437 0,000172
второстепенными 3,912023 0,000204
вторую 2,207275 0,000230
вузам 3,912023 0,000204
вузов 0,891598 0,000139
вузы 1,514128 0,000237
входившие 3,218876 0,000168
входили 2,120264 0,000221
входит 0,653926 0,000102
входом 0,994252 0,000052
входят 0,713350 0,000074
вциом 2,813411 0,000147
выбивает 3,912023 0,000204
выбирались 3,912023 0,000204
выборах 1,514128 0,000079
выборы 1,347074 0,000140
выбрал 2,659260 0,000139
выбросами 3,506558 0,000183
выбросов 1,609438 0,000168
выбыл 3,912023 0,000204
выветривание 3,912023 0,000204
выветривания 3,218876 0,000336
выглядел 2,995732 0,000156
выглядят 3,912023 0,000204
выгораживание 3,912023 0,000204
выгрузиться 3,912023 0,000204
выдававшие 3,912023 0,000204
выдававший 3,912023 0,000204
выдавались 3,912023 0,000204
выдавливания 3,912023 0,000204
выдал 3,506558 0,000183
выдали 3,218876 0,000168
выдан 2,995732 0,000156
выдана 3,218876 0,000168
выдаче 3,218876 0,000168
выдающиеся 2,207275 0,000115
выдвинутые 3,506558 0,000183
выделении 2,995732 0,000156
выделенные 2,659260 0,000139
выделены 1,560648 0,000081
выделилась 3,506558 0,000366
выделялись 3,506558 0,000183
выдержали 3,506558 0,000183
выдержать 2,995732 0,000312
выехать 3,912023 0,000204
вызвал 2,995732 0,000156
вызвало 2,525729 0,000132
вызывает 1,427116 0,000074
вызывать 2,995732 0,000156
выиграл 2,995732 0,000156
выиграла 3,218876 0,000336
выигранной 3,912023 0,000204
выиграть 3,912023 0,000204
выйти 2,813411 0,000293
выкованный 3,912023 0,000204
выложенный 3,912023 0,000204
вынуждает 2,995732 0,000156
вынужден 3,506558 0,000183
вып 0,798508 0,000167
выплачивать 3,506558 0,000183
выполнили 3,506558 0,000183
выпускать 2,995732 0,000156
выпускниками 3,506558 0,000183
выпускница 3,912023 0,000204
выпустил 2,040221 0,000106
выросли 2,407946 0,000251
высказались 3,218876 0,000168
высока 3,218876 0,000168
высокая 1,237874 0,000323
высокие 1,560648 0,000081
высоких 1,237874 0,000065
высокого 1,514128 0,000079
высот 2,120264 0,000111
высота 0,562119 0,000029
высотки 3,506558 0,000183
высотное 2,995732 0,000156
высотой 1,108663 0,000116
высоты 1,427116 0,000074
выставили 3,506558 0,000183
выстоит 3,912023 0,000204
выстояла 3,912023 0,000204
выстроились 3,912023 0,000204
выступавшие 3,912023 0,000204
выступали 1,966113 0,000103
выступили 2,302585 0,000120
выступить 3,912023 0,000204
выступлений 3,218876 0,000336
высшая 1,386294 0,000145
высшего 1,427116 0,000074
высшее 1,021651 0,000053
высшие 1,386294 0,000145
высшим 1,609438 0,000168
высших 1,078810 0,000056
вытекла 3,912023 0,000204
выход 1,832581 0,000191
выхода 1,771957 0,000185
выходила 2,659260 0,000139
выходные 2,302585 0,000240
выходным 3,912023 0,000204
выходом 2,407946 0,000126
выходят 2,040221 0,000106
выше 0,616186 0,000064
вышедших 3,912023 0,000204
вышел 1,469676 0,000153
вышеперечисленные 3,218876 0,000168
вышинский 3,912023 0,000204
вышла 1,897120 0,000099
выявлено 2,407946 0,000126
вьетнамцы 2,040221 0,000106
вязовая 3,912023 0,000204
вязовые 2,120264 0,000111
вяленую 3,912023 0,000204
гагарина 1,427116 0,000074
гагаузы 1,966113 0,000103
газель 2,525729 0,000132
газет 1,660731 0,000087
газета 0,616186 0,000096
газетой 2,813411 0,000147
газету 2,995732 0,000156
газеты 0,994252 0,000207
галицкого 3,506558 0,000183
гандбольные 3,506558 0,000183
гарант 3,218876 0,000168
гармоничные 3,912023 0,000204
гарнизон 2,302585 0,000120
гарнизона 2,659260 0,000139
гарнизонами 3,912023 0,000204
гарнизоном 3,912023 0,000408
гарнизоны 3,506558 0,000183
гбуз 3,506558 0,000183
гвардейская 3,218876 0,001007
гвардейской 2,995732 0,000469
гвардейца 3,912023 0,000204
гвардии 2,407946 0,000126
гдр 2,813411 0,000147
гемодиализный 3,912023 0,000204
генерала 1,832581 0,000478
генералов 3,218876 0,000168
генералом 3,218876 0,000168
генеральское 3,912023 0,000204
географические 0,713350 0,000037
географическо-статистическ 0,000000 0,000000
географического 1,386294 0,000072
географическое 0,693147 0,000072
географической 0,798508 0,000042
география 0,462035 0,000072
геология 1,966113 0,000103
геомагнитная 3,912023 0,000204
геомагнитной 3,506558 0,000183
георга 2,995732 0,000156
герай 3,506558 0,000183
геральдика 2,659260 0,000139
геральдикум 3,506558 0,000183
герб 0,820981 0,000599
герба 1,427116 0,000149
гергардта 3,912023 0,000816
герингом 3,912023 0,000204
герингу 3,912023 0,000204
герман 2,302585 0,000120
германии 1,427116 0,000149
германию 2,813411 0,000147
германия 1,203973 0,000126
германских 2,659260 0,000139
германского 3,912023 0,000204
гернгутеров 3,912023 0,000204
героев 2,120264 0,000553
героическим 3,912023 0,000204
героя 1,832581 0,000096
гибели 2,302585 0,000120
гибель 2,813411 0,000293
гиганта 3,218876 0,000168
гигантская 3,506558 0,000183
гидрография 1,427116 0,000074
гидроним 2,302585 0,000240
гимн 0,820981 0,000043
гимназии 1,469676 0,000307
гимназий 1,966113 0,000205
гимназия 1,469676 0,000536
гипотеза 2,407946 0,000126
гиппопотам 3,912023 0,000204
гипса 3,912023 0,000204
гипсовый 3,506558 0,000183
гипсовыми 3,912023 0,000204
гипсокартона 3,912023 0,000204
гитлер 3,218876 0,000503
гкгн 0,994252 0,000052
гкгнпро 0,916291 0,000048
глава 0,673345 0,000211
главе 1,237874 0,000129
главного 1,237874 0,000065
главной 0,941609 0,000049
главнокомандования 3,506558 0,000183
главнокомандующего 3,218876 0,000336
главный 0,916291 0,000048
главными 1,832581 0,000096
главных 1,078810 0,000056
главсталинградстрой 3,912023 0,000204
главы 0,967584 0,000353
глаза 2,302585 0,000120
глебов 3,506558 0,000366
глубоководной 2,813411 0,000147
глубокоовражной 3,912023 0,000204
гнет 3,912023 0,000204
гнета 3,912023 0,000204
говением 3,912023 0,000204
говорит 2,040221 0,000106
гоголь 2,659260 0,000139
гоголю 3,912023 0,000204
гоголя 2,407946 0,000126
год 0,235722 0,000688
года -0,009950 -0,000214
годам 2,302585 0,000120
годами 2,302585 0,000120
годах 0,385662 0,000462
годов 0,356675 0,000707
году 0,072571 0,000605
годунова 2,995732 0,000312
годуобъекты 3,912023 0,000204
годы 0,356675 0,000707
голицына 3,912023 0,000204
голова 2,302585 0,000120
головах 3,912023 0,000204
головин 3,506558 0,000183
головной 2,525729 0,000132
голову 2,407946 0,000126
головы 2,407946 0,000126
голого 3,912023 0,000204
голограммами 3,912023 0,000204
голод 2,407946 0,000628
голода 2,995732 0,000312
голодало 3,912023 0,000204
голодающим 3,912023 0,000204
голоде 3,506558 0,000183
голодной 3,912023 0,000204
голодный 3,506558 0,001097
голодом 3,506558 0,000183
голубеобразные 3,912023 0,000204
голубинской 3,912023 0,000204
голубом 3,506558 0,000366
голубь 3,218876 0,000168
голштинского 3,912023 0,000204
гомель 1,966113 0,000103
гонял 3,912023 0,000204
гора 1,139434 0,000119
гораздо 1,714798 0,000179
горах 1,714798 0,000089
гордумой 3,912023 0,000204
горисполкома 2,120264 0,000111
горкома 2,813411 0,000293
горловка 1,309333 0,000068
горная 2,120264 0,000553
горный 1,832581 0,000191
город 0,544727 0,001903
город-герой 2,995732 0,000781
город-спутник 2,407946 0,000126
города 0,430783 0,003436
города-герои 2,995732 0,000312
города-героя 3,506558 0,001280
города-крепости 2,659260 0,000139
города-миллионера 2,659260 0,000139
города-миллионеры 1,714798 0,000089
города-миллионника 3,912023 0,000204
города-партнеры 1,771957 0,000092
города-побратимы 0,891598 0,000093
городаболее 3,912023 0,000204
городам 0,798508 0,000083
городами 0,916291 0,000191
городами-героями 3,912023 0,000204
городами-побратимами 1,714798 0,000089
городволгоград 3,912023 0,000204
городе 0,693147 0,001084
городе-миллионнике 3,912023 0,000204
городец 2,120264 0,000111
городецкая 1,660731 0,000087
городища 2,120264 0,000332
городище 1,609438 0,000671
городищем 3,218876 0,000168
городищенский 3,506558 0,000183
городищенского 3,912023 0,000408
городка 2,120264 0,000221
городкам 3,912023 0,000204
городками 3,912023 0,000204
городке 3,218876 0,000168
городов 0,579818 0,000453
городов-побратимов 1,660731 0,000173
городок 1,386294 0,000723
городом 0,798508 0,000333
городом-миллионером 2,407946 0,000251
городпро 0,867501 0,000045
городская 0,843970 0,000264
городские 0,941609 0,000638
городским 0,798508 0,000208
городскими 2,207275 0,000460
городских 0,713350 0,000893
городского 0,693147 0,000651
городской 0,755023 0,001299
городском 1,427116 0,000149
городскому 2,302585 0,000240
городскую 1,609438 0,000252
городу 0,798508 0,000666
горожан 1,309333 0,000546
горожанам 2,995732 0,000312
горожане 2,659260 0,000139
горохова 3,912023 0,000408
горсовета 2,120264 0,000111
гору 2,995732 0,000156
горчицу 3,912023 0,000204
горчицы 3,912023 0,000408
горчичная 3,912023 0,000204
горчично-маслобойный 3,912023 0,000204
горчичный 3,912023 0,000612
горчичным 3,912023 0,000204
горьковский 3,218876 0,000671
горьковской 2,995732 0,000156
горького 1,139434 0,000059
горячее 3,218876 0,000168
горячий 2,525729 0,000132
горящего 3,912023 0,000204
госкомстат 0,891598 0,000093
госпиталях 2,995732 0,000312
господствующую 3,912023 0,000204
госпожи 3,912023 0,000204
гостиниц 1,427116 0,000074
гостиница 1,386294 0,000072
гостиницу 2,659260 0,000139
гостиницы 1,347074 0,000211
государевых 3,912023 0,000612
государств 1,203973 0,000063
государства 0,843970 0,000044
государстве 2,525729 0,000132
государственная 0,941609 0,000147
государственного 0,616186 0,000129
государственное 0,776529 0,000040
государственной 0,616186 0,000321
государственную 1,714798 0,000089
государственные 1,514128 0,000079
государственный 0,430783 0,000247
государственным 1,897120 0,000099
государственных 0,994252 0,000052
государством 2,040221 0,000106
государь 2,525729 0,000132
государя 3,218876 0,000168
гота 3,506558 0,000548
готов 2,525729 0,000132
готовности 3,912023 0,000204
грабеж 3,912023 0,000204
грабежа 3,912023 0,000408
грабителей 3,912023 0,000204
град 2,040221 0,000106
градостроительных 2,995732 0,000156
градусов 1,897120 0,000099
граждан 1,309333 0,000068
гражданами 2,302585 0,000240
граждане 1,108663 0,000231
гражданин 1,309333 0,000068
гражданином 3,506558 0,000183
гражданская 1,514128 0,000079
гражданские 2,407946 0,000126
гражданских 2,525729 0,000132
гражданской 0,967584 0,000504
гражданскую 2,995732 0,000469
грамота 1,966113 0,000103
грандиозный 3,218876 0,000168
грани 2,302585 0,000120
границ 0,916291 0,000287
граница 1,139434 0,000119
границах 1,078810 0,000056
границе 1,347074 0,000140
границей 1,966113 0,000103
границы 0,867501 0,000045
грач 3,912023 0,000204
гребенников 3,506558 0,000366
греки 1,660731 0,000087
грива 3,218876 0,000168
григорием 2,207275 0,000115
григорий 1,832581 0,000287
григорию 3,218876 0,000168
григория 2,407946 0,000251
григорьем 3,912023 0,000204
григорью 3,912023 0,000204
гроза 2,995732 0,000156
грозной 3,912023 0,000204
грозный 1,771957 0,000092
громкую 3,912023 0,000204
грузии 1,771957 0,000092
грузины 1,609438 0,000084
грузового 2,813411 0,000147
грузовые 1,771957 0,000092
грузоперевозок 3,506558 0,000183
грузопотока 3,912023 0,000204
грунтом 3,912023 0,000204
групп 1,514128 0,000079
группа 0,693147 0,000398
группе 1,832581 0,000191
группировке 3,912023 0,000204
группировки 2,813411 0,000733
группировку 3,506558 0,000183
группой 2,120264 0,000111
группу 1,897120 0,000198
группы 0,634878 0,000232
грустное 3,912023 0,000204
грызунами 3,912023 0,000204
грызуны 2,813411 0,000147
грэс 2,525729 0,000658
грязе-царицынская 3,912023 0,000408
грязе-царицынской 3,912023 0,000408
грязи 3,218876 0,000336
губ 3,218876 0,000168
губернатор 1,272966 0,000133
губернаторам 3,912023 0,000204
губернатором 1,966113 0,000103
губернии 0,994252 0,000518
губерний 1,714798 0,000089
губерния 1,427116 0,000744
губерниям 3,912023 0,000204
губерниями 3,912023 0,000204
губернские 2,120264 0,000442
губернским 2,407946 0,000251
губернского 1,714798 0,000089
губкома 3,912023 0,000204
губонин 3,912023 0,000204
гуково 3,506558 0,000183
гули 3,912023 0,000204
гуляла 3,506558 0,000183
гумрак 3,912023 0,001224
гумрака 3,912023 0,000408
гумракводный 3,912023 0,000204
гуп 2,813411 0,000440
гуренко 3,912023 0,000204
гусева 3,218876 0,000336
гусеничный 3,912023 0,000204
гусеничных 3,912023 0,000204
гусь-хрустальный 3,218876 0,000168
гэс 1,832581 0,000764
гяуром 3,912023 0,000204
гяуру 3,912023 0,000204
давала 2,995732 0,000156
давно 2,302585 0,000240
давший 2,813411 0,000147
дает 1,203973 0,000188
даешь 3,912023 0,000204
дал 1,714798 0,000358
дала 2,525729 0,000132
далее 0,693147 0,000036
дали 2,120264 0,000111
дало 1,966113 0,000103
дальнейшем 1,309333 0,000068
дальнейший 2,813411 0,000147
дальнему 2,995732 0,000156
дальше 1,897120 0,000099
дамье 3,912023 0,000204
дан 2,995732 0,000156
данил 3,506558 0,000183
даниловка 3,912023 0,000204
даниловский 3,218876 0,000168
данные 0,510826 0,000027
данный 0,713350 0,000037
данным 0,415515 0,000130
данных 0,616186 0,000032
дар-гора 3,912023 0,000408
даргинцы 1,832581 0,000096
даст 2,525729 0,000132
дата 0,030459 0,000280
датой 2,120264 0,000111
датская 0,342490 0,000018
даты 1,427116 0,000298
дать 2,407946 0,000126
дач 2,659260 0,000139
дважды 1,272966 0,000133
две 0,527633 0,000083
двери 2,659260 0,000139
двести 3,506558 0,000183
двигаясь 3,912023 0,000204
движение 0,820981 0,000086
движения 0,733969 0,000115
дворе 2,040221 0,000213
дворец 0,967584 0,000151
дворца 1,660731 0,000087
двуглавая 3,912023 0,000204
двумя 1,021651 0,000053
двух 0,462035 0,000072
двухсот 2,659260 0,000139
дебаркадер 3,506558 0,000366
деблокады 3,912023 0,000204
девочка 3,506558 0,000183
дегтярева 3,912023 0,000204
дезертирами 3,912023 0,000204
действий 1,560648 0,000081
действия 1,427116 0,000074
действовали 1,966113 0,000103
действовать -0,009950 -0,000001
действует 0,634878 0,000033
действуют 0,867501 0,000090
действующий 2,040221 0,000213
дек 0,820981 0,000043
декабре 0,798508 0,000083
декабрь 1,108663 0,000231
декабря 0,105361 0,000280
декора 3,912023 0,000204
декоративных 3,506558 0,000183
дел 1,469676 0,000307
дела 1,469676 0,000077
делал 3,218876 0,000168
деление 0,673345 0,000421
делениецарицынский 3,912023 0,000204
делению 1,832581 0,000287
деления 2,120264 0,000442
делились 3,218876 0,000168
дело 1,078810 0,000056
делового 2,995732 0,000156
делу 3,218876 0,000168
делятся 2,525729 0,000132
демографическим 3,506558 0,000183
демонстрируются 3,506558 0,000183
демоскоп 0,820981 0,000171
денежного 2,995732 0,000156
денежный 3,218876 0,000168
день 0,562119 0,000264
департамент 1,771957 0,000092
депопуляции 2,995732 0,000312
депопуляция 3,218876 0,000168
депутатов 0,891598 0,000186
депутаты 1,347074 0,000070
дербент 2,525729 0,000132
деревенско-купеческого 3,912023 0,000204
деревни 1,660731 0,000087
деревня 1,609438 0,000084
деревья 2,120264 0,000221
деревянные 2,040221 0,000213
держали 3,912023 0,000204
держит 2,525729 0,000132
дерновиннозлаковая 3,912023 0,000204
десталинизации 3,506558 0,000183
десятилетие 2,040221 0,000957
десятилетия 2,120264 0,000221
десятка 2,525729 0,000132
десятки 1,347074 0,000351
десятой 2,995732 0,000156
деталей 2,813411 0,000440
детали 3,506558 0,000183
детей 0,941609 0,000245
деточенко 3,912023 0,000204
детройта 3,912023 0,000204
детская 0,916291 0,000096
детские 1,660731 0,000173
детских 1,272966 0,000066
детского 1,832581 0,000096
дец 0,000000 0,000000
деятели 2,302585 0,000120
деятельности 0,446287 0,000023
деятелям 3,218876 0,000168
джезира 3,912023 0,000204
дженкинсон 3,506558 0,000183
джучи 3,506558 0,000366
дзержинский 2,302585 0,001561
дзержинского 1,660731 0,000433
дзержинскому 2,659260 0,000139
диализный 3,912023 0,000204
диалог 2,207275 0,000230
диаметром 3,218876 0,000168
дивизии 2,207275 0,000345
дивизия 2,525729 0,000790
дивизиям 3,912023 0,000204
дижон 3,912023 0,000204
динамо 1,171183 0,000122
династии 2,207275 0,000230
директор 1,832581 0,000096
дистрофией 3,912023 0,000204
дка 0,000000 0,000000
длился 3,218876 0,000168
длине 1,660731 0,000087
длиной 1,272966 0,000199
длину 2,407946 0,000126
длительную 2,995732 0,000156
дмитриевск 3,912023 0,000204
дмитрий 0,967584 0,000050
дней 0,446287 0,000116
днем 1,660731 0,000173
днестра 3,506558 0,000183
дни 1,237874 0,000323
дня 0,478036 0,000050
добавлялись 3,912023 0,000204
добился 3,506558 0,000183
добиться 2,407946 0,000126
доброго 3,912023 0,000204
добычей 2,995732 0,000156
добычи 2,040221 0,000319
добычу 2,407946 0,000126
довоенная 3,912023 0,000204
довоенного 3,912023 0,000612
довоенное 3,912023 0,000204
довоенный 3,506558 0,000548
довоенных 3,218876 0,000336
договор 1,771957 0,000092
дожившие 3,912023 0,000204
докторов 2,407946 0,000126
документальные 2,813411 0,000147
документации 2,207275 0,000115
документов 0,653926 0,000034
долгая 2,995732 0,000156
долгов 2,995732 0,000156
долгово-сабуров 3,912023 0,000204
долгое 1,386294 0,000072
долгорукова 3,912023 0,000408
долгостроя 3,912023 0,000204
долготой 0,941609 0,000049
должна 0,544727 0,000028
должностным 1,966113 0,000103
должность 1,203973 0,000063
долина 1,660731 0,000087
дольше 3,218876 0,000168
доля 0,733969 0,000115
дом 0,562119 0,000615
дома 0,798508 0,000624
домами 2,120264 0,000221
доме 1,427116 0,000074
домики 3,912023 0,000204
доминанты 2,995732 0,000156
домов 1,078810 0,000169
домовая 2,995732 0,000156
домовитыми 3,912023 0,000204
домовый 2,995732 0,000156
дому 2,813411 0,000147
дон 1,966113 0,001025
дона 2,407946 0,000628
донбасс 3,218876 0,000168
донесения 3,912023 0,000204
донецк 2,659260 0,000416
донецкий 3,218876 0,000168
доном 2,813411 0,000147
донскими 3,912023 0,000204
донского 2,207275 0,000345
донское 3,218876 0,000336
донской 2,659260 0,000693
дону 2,995732 0,000625
доп 0,597837 0,000062
дополнилось 3,912023 0,000204
дополнился 3,912023 0,000204
дополнительное 2,207275 0,000115
дополнительные -0,009950 -0,000001
дополнительными 2,995732 0,000156
допустимое 3,218876 0,000168
допущение 3,912023 0,000204
дорог 0,891598 0,000139
дорога 0,798508 0,000541
дорогами 2,120264 0,000111
дороге 1,427116 0,000074
дороги 0,713350 0,000484
дороговизну 3,912023 0,000204
дороговизны 3,912023 0,000204
дорогой 1,832581 0,000096
дорогу 1,609438 0,000084
доставить 3,218876 0,000168
доставлено 3,506558 0,000183
достанется 3,506558 0,000183
достигает 1,347074 0,000070
достигло 1,966113 0,000103
достигнут 2,813411 0,000147
достойную 3,912023 0,000204
достопримечательности 1,049822 0,000109
достопримечательностью 2,525729 0,000132
достроен 3,506558 0,000183
доступ 1,203973 0,000063
доступен -0,009950 -0,000001
доступности 1,714798 0,000089
доходные 2,813411 0,000147
дочернее 3,912023 0,000204
дошла 3,218876 0,000168
дошли 2,659260 0,000277
дошло 2,813411 0,000440
драгунскими 3,912023 0,000204
драгунского 3,506558 0,000366
драматический 1,203973 0,000126
драного 3,912023 0,000204
древесная 2,995732 0,000156
древнего 1,832581 0,000191
древнегреческого 3,218876 0,000168
древнерусский 3,506558 0,000183
дров 3,912023 0,000204
друг 1,108663 0,000116
друга 1,560648 0,000163
другая 1,897120 0,000198
другие 0,030459 0,000035
другим 0,733969 0,000115
других -0,009950 -0,000007
другого 2,407946 0,000126
другое 1,049822 0,000164
другом 1,514128 0,000158
дружбы 1,560648 0,000081
дружину 3,218876 0,000336
дружины 2,995732 0,000156
дубна 2,120264 0,000111
дубовка 2,040221 0,000319
дубовский 3,506558 0,000183
дубовского 3,912023 0,000408
дубовые 3,506558 0,000183
дубоссарского 3,912023 0,000204
дуге 3,506558 0,000183
дума 1,108663 0,000231
думой 1,897120 0,000198
думы 1,078810 0,000337
дунауйварош 3,506558 0,000183
духа 2,302585 0,000120
духовницкое 2,120264 0,000111
духовного 1,966113 0,000103
духовные 3,506558 0,000183
душанбе 2,659260 0,000139
дуэль 3,912023 0,000204
дцы 0,000000 0,000000
дыбенко 3,506558 0,000183
дьяк 3,912023 0,000204
дьяка 3,506558 0,000183
дюмо 3,912023 0,001224
дяде 3,912023 0,000204
евгений 1,347074 0,000140
евзерихин 3,912023 0,000204
евзерихина 3,912023 0,000204
евразии 1,609438 0,000168
евразийской 3,506558 0,000183
евреи 1,203973 0,000126
еврейская 0,843970 0,000044
еврейский 1,832581 0,000096
европа 0,941609 0,000049
европе 0,916291 0,000048
европейской 0,891598 0,000046
европейскому 3,912023 0,000204
европейскую 2,813411 0,000147
египет 3,218876 0,000336
еда 3,912023 0,000204
едва 3,218876 0,000168
единиц 0,673345 0,000211
единицы 1,386294 0,000072
единичные 2,995732 0,000156
единого 1,714798 0,000089
единой 1,771957 0,000092
едином 3,912023 0,000204
единственной 2,040221 0,000213
единственный 1,171183 0,000122
единственным 1,347074 0,000070
единство 2,995732 0,000156
ежегодник 0,820981 0,000428
ежей 2,995732 0,000156
еженедельник 2,302585 0,000120
ежеобразные 3,912023 0,000204
езиды 1,771957 0,000092
екатеринбург 0,843970 0,000088
екатерины 1,514128 0,000158
еланский 3,912023 0,000204
елань 2,995732 0,000156
елецкий 3,218876 0,000168
елизово 3,912023 0,000204
ельшанка 3,912023 0,002448
ельшанке 3,912023 0,000204
ельшанки 3,912023 0,000204
ельшанкой 3,912023 0,000204
емва 3,912023 0,000204
емельян 3,218876 0,000168
енакиево 3,912023 0,000204
ергеней 3,912023 0,000204
ергени 3,506558 0,000183
ергенинский 3,912023 0,000408
ереван 2,120264 0,000111
еременко 3,506558 0,000183
ерзовка 3,912023 0,000204
ерзовская 3,912023 0,000204
ерман 3,912023 0,000408
ермана 3,912023 0,000612
ермановский 3,912023 0,000408
ерманский 3,912023 0,000408
ерману 3,912023 0,000204
ермилова 3,912023 0,000204
есауловский 3,912023 0,000204
естественно-гуманитарный 3,912023 0,000204
естественную 3,506558 0,000183
естя 3,912023 0,000204
ефим 3,506558 0,000183
ефрона 0,328504 0,000103
ехиднино 3,912023 0,000204
жаловаться 3,912023 0,000204
жалости 3,912023 0,000408
жаркое 1,897120 0,000099
жби 3,218876 0,000503
желающих 2,995732 0,000156
железа 2,407946 0,000126
железная 1,171183 0,000611
железнодорожная 1,309333 0,000068
железнодорожного 0,967584 0,000050
железнодорожному 3,218876 0,000168
железнодорожные 1,272966 0,000332
железнодорожный 0,755023 0,000394
железнодорожных 1,469676 0,000153
железной 0,755023 0,000433
железобетонные 3,912023 0,000204
желтая 2,995732 0,000156
желто 3,912023 0,000204
желтый 2,525729 0,000395
жен 3,912023 0,000408
жена 3,506558 0,000183
женская 2,040221 0,000638
женские 2,525729 0,000132
женских 1,966113 0,000205
женской 2,040221 0,000106
женщин 1,386294 0,000145
жертвовавшие 3,912023 0,000204
жертвуя 3,912023 0,000204
жестоких 3,912023 0,000204
живописное 3,912023 0,000204
животные 1,714798 0,000089
животный 1,714798 0,000089
животных 1,203973 0,000063
живущему 3,912023 0,000204
живший 3,912023 0,000204
живы 3,912023 0,000204
живых 2,525729 0,000132
жигмановский 3,912023 0,000408
жигулевск 1,832581 0,000096
жизнедеятельности 2,659260 0,000139
жизни 0,562119 0,000234
жизнь 0,693147 0,000253
жилая 2,659260 0,000139
жилгородок 3,506558 0,000183
жили 1,832581 0,000191
жилищной 3,506558 0,000183
жилого 1,966113 0,000615
жилой 1,560648 0,000651
жилые 1,347074 0,000140
жилым 3,912023 0,000204
жилыми 2,407946 0,000126
жилых 1,237874 0,000065
жилье 2,120264 0,000111
жилья 1,514128 0,000632
жирновск 3,912023 0,000408
жирновский 3,912023 0,000204
жиромская 1,021651 0,000053
жителей 0,673345 0,000421
жители 1,049822 0,000164
житель 1,714798 0,000179
жителя 1,771957 0,000092
жителям 1,966113 0,000103
житном 3,912023 0,000204
жорова 3,912023 0,000204
журавка 3,506558 0,000183
журнал 0,510826 0,000053
журналисты 2,813411 0,000147
забастовочного 3,912023 0,000204
забетонировали 3,912023 0,000204
заболевших 3,912023 0,000204
заборы 3,912023 0,000204
забота 3,912023 0,000204
забрав 3,912023 0,000204
забрать 3,506558 0,000183
заброшены 3,912023 0,000204
забудьте 3,912023 0,000204
заведений 1,203973 0,000251
заведения 1,108663 0,000289
заведениях 2,207275 0,000115
заведовал 3,912023 0,000204
завершения 2,120264 0,000111
завершено 1,609438 0,000084
завершив 3,912023 0,000408
заветы 3,506558 0,000183
зависимости 0,798508 0,000083
завод 0,798508 0,002498
завода 0,941609 0,000687
заводами 2,302585 0,000240
заводах 2,659260 0,000416
заводе 1,660731 0,000173
заводов 1,203973 0,000251
заводом 1,771957 0,000092
заводская 2,659260 0,000139
заводских 3,506558 0,000183
заводы 1,237874 0,000258
завоевал 3,218876 0,000168
завоевывает 3,912023 0,000408
заволжск 2,120264 0,000111
заволжье 2,040221 0,000213
завотчиков 3,912023 0,000204
завязавшая 3,912023 0,000204
загадки 3,218876 0,000168
заглавная -0,009950 -0,000001
загруженная 3,912023 0,000204
загрязнение 1,309333 0,000068
загрязнения 1,203973 0,000126
загрязнителем 3,506558 0,000183
задавшая 3,912023 0,000204
задание 3,912023 0,000204
задача 1,660731 0,000173
задачами 3,506558 0,000183
задачей 2,407946 0,000126
задачи 1,469676 0,000077
задачу 2,407946 0,000126
задержание 3,912023 0,000204
задержать 3,506558 0,000183
задумана 3,912023 0,000204
зажгли 3,912023 0,000204
зайцев-русаков 3,912023 0,000204
зайцеобразные 3,912023 0,000204
зайчики 3,912023 0,000204
закавказья 2,525729 0,000132
заказы 3,218876 0,000168
заканальной 3,912023 0,000204
заканчивается 2,525729 0,000132
заключалась 2,995732 0,000156
заключалось 3,506558 0,000183
заключен 2,659260 0,000139
заключение 2,995732 0,000156
заключенных 3,218876 0,000336
закон 0,616186 0,000225
закону 3,218876 0,000168
закончен 3,506558 0,000183
закончилась 2,659260 0,000277
закрепила 3,218876 0,000168
закреплен 2,659260 0,000139
закрепостившее 3,912023 0,000204
закрыты 1,966113 0,000205
закрытые 2,302585 0,000120
закрытых 2,525729 0,000132
зал 1,021651 0,000053
зале 2,302585 0,000240
заложен 1,832581 0,000191
заложены 2,995732 0,000156
замедления 3,912023 0,000204
замедленные 3,912023 0,000204
замененная 3,912023 0,000204
заменить 0,562119 0,000029
заменяли 3,912023 0,000204
заметное 2,813411 0,000147
замечено 3,912023 0,000204
заморожено 3,218876 0,000336
заморозками 3,218876 0,000168
замурован 3,912023 0,000204
замысел 3,912023 0,000204
замыслы 3,506558 0,000183
замятней 3,912023 0,000204
занимает 0,616186 0,000064
занимал 1,469676 0,000077
заниматься 2,302585 0,000120
занимают 1,347074 0,000070
заняла 1,771957 0,000185
занятий 2,525729 0,000132
занято 2,040221 0,000106
зао 1,514128 0,000079
заочного 3,506558 0,000183
заочный 3,912023 0,000204
запада 1,021651 0,000107
западнее 3,218876 0,000168
западном 1,714798 0,000179
западными 3,506558 0,000183
западу 1,771957 0,000092
запас 3,218876 0,000168
запасов 2,207275 0,000115
запечатлена 3,912023 0,000204
записал 2,995732 0,000156
записи 1,560648 0,000081
записьвойти -0,009950 -0,000001
заполнять 3,506558 0,000183
заполотновская 3,912023 0,000204
запрете 3,218876 0,000168
запретил 2,995732 0,000156
запросы 1,897120 0,000099
запуск 2,120264 0,000221
запустело 3,912023 0,000204
запустение 3,218876 0,000168
запустили 1,897120 0,000099
запущена 1,714798 0,000089
заработала 2,659260 0,000139
заработало 3,912023 0,000204
заражения 3,912023 0,000204
зараженные 3,912023 0,000204
зарегистрированный -0,009950 -0,000001
заречный 2,525729 0,000132
зародив 3,912023 0,000204
зародился 3,912023 0,000204
зарослей 3,506558 0,000183
зарплата 2,525729 0,000263
зарплату 3,506558 0,000183
зарплаты 2,659260 0,000277
зарубежные 2,120264 0,000111
зарыты 3,912023 0,000204
засекин 3,506558 0,000366
засекину 3,506558 0,000548
засекиным 3,506558 0,000183
заселена 3,218876 0,000168
заселение 2,995732 0,000312
засечных 3,912023 0,000204
заслуг 2,995732 0,000156
застава 3,218876 0,000168
заставив 3,912023 0,000204
заставили 3,912023 0,000204
заставило 3,912023 0,000204
заставляя 3,506558 0,000183
застоя 3,218876 0,000168
застроена 3,218876 0,000168
застройка 1,272966 0,000398
застройке 2,120264 0,000111
застройки 1,021651 0,000533
застройкой 3,218876 0,000503
застройку 2,207275 0,000230
засухами 3,912023 0,000204
засухи 3,218876 0,000168
засушливости 3,218876 0,000168
засушливый 2,659260 0,000139
засыпали 3,218876 0,000168
засыпан 3,912023 0,000204
засыпаны 3,912023 0,000204
затем 0,527633 0,000083
затишье 3,912023 0,000204
затон 1,560648 0,000081
затопление 3,506558 0,000183
затронут 3,912023 0,000204
затянулись 3,912023 0,000204
заутрени 3,912023 0,000204
зафиксировали 2,659260 0,000139
зафиксирована 2,120264 0,000111
зафиксированы 2,302585 0,000120
захват 2,995732 0,000312
захватах 3,912023 0,000204
захватив 2,995732 0,000156
захватил 2,659260 0,000555
захватить 2,995732 0,000312
захватом 2,995732 0,000156
захватчиков 2,659260 0,000139
захватывает 3,218876 0,000168
захватывали 3,912023 0,000204
захвачен 2,525729 0,000263
захоронить 3,912023 0,000204
зацарицынский 3,912023 0,000612
зашла 3,912023 0,000408
защитившим 3,912023 0,000408
защиты 0,941609 0,000049
защищенное 3,506558 0,000183
заявление -0,009950 -0,000001
заявленная 3,218876 0,000168
заявленной 3,912023 0,000204
збекча 0,000000 0,000000
звание 1,049822 0,000055
звания 1,203973 0,000188
звезда 1,237874 0,000323
звезды 1,897120 0,000099
звенигово 2,120264 0,000111
звено 3,506558 0,000183
звоном 3,912023 0,000204
звуковому 3,912023 0,000204
звуковыми 3,912023 0,000204
здание 0,776529 0,000526
здании 1,171183 0,000305
зданий 1,049822 0,000712
здания 0,867501 0,000769
зданиями 1,771957 0,000092
зданиях 2,207275 0,000115
зделаете 3,912023 0,000204
здоровье 1,609438 0,000084
здоровья 1,771957 0,000092
здравого 3,506558 0,000183
здравоохранение 0,941609 0,000147
здравоохранением 3,912023 0,000204
здравоохранения 1,203973 0,000063
здравоохраненияэкономика 3,218876 0,000168
зеленодольск 1,237874 0,000129
зеленых 1,347074 0,000140
земледелия 2,525729 0,000263
землеройкообразные 3,912023 0,000204
земли 0,634878 0,000099
землю 1,771957 0,000092
земля 1,139434 0,000059
земляная 3,506558 0,000183
землянках 3,912023 0,000204
землянок 3,912023 0,000204
земноводные 3,506558 0,000183
земской 2,659260 0,000416
зенит 2,302585 0,000240
зенитного 3,912023 0,000204
зерна 2,995732 0,000156
зерно 2,813411 0,000293
зерновых 2,995732 0,000312
зима 1,021651 0,000107
зимний 1,660731 0,000087
зимних 1,897120 0,000099
зимняя 2,407946 0,000126
зимой 0,713350 0,000037
зиму 2,302585 0,000240
зимы 1,609438 0,000084
зипунами 3,506558 0,000183
зиу 2,525729 0,000263
злаково-полынными 3,912023 0,000204
злейшего 3,912023 0,000204
злобою 3,506558 0,000183
злодеев 3,912023 0,000204
злодейственном 3,912023 0,000204
змей 2,813411 0,000147
знавшие 3,912023 0,000204
знак -0,009950 -0,000001
знаковых 3,218876 0,000168
знал 3,506558 0,000183
знамени 1,832581 0,000096
знаменигорода 3,912023 0,000204
знаменитой 2,659260 0,000139
знаменитую 3,506558 0,000183
знаменитый 2,207275 0,000115
знаменск 3,506558 0,000183
знамя 2,040221 0,000213
знание 2,120264 0,000111
значение 0,314711 0,000066
значением 1,966113 0,000205
значения 0,105361 0,000044
значениям 3,218876 0,000168
значительная 1,609438 0,000168
значительно 0,510826 0,000213
значительное 1,309333 0,000137
значительную 1,309333 0,000137
значительные 1,514128 0,000395
значительный 1,347074 0,000070
зовет 3,506558 0,000914
зовется 3,912023 0,000204
золотая 1,560648 0,000163
золотой 0,843970 0,000088
золотоордынская 3,506558 0,000183
золотоордынское 3,912023 0,000204
зон 1,309333 0,000137
зона 0,891598 0,000093
зонами 2,407946 0,000126
зонах 2,120264 0,000111
зоне 0,527633 0,000028
зоной 2,302585 0,000360
зоны 0,755023 0,000197
зороастр 3,506558 0,000183
зубцах 2,995732 0,000156
зубцов 2,040221 0,000106
зубцы 3,912023 0,000204
ибо 2,659260 0,000139
иван 0,843970 0,000308
ивана 1,078810 0,000056
ивановича 2,040221 0,000106
иваново 1,139434 0,000059
иваном 2,040221 0,000106
ивану 2,995732 0,000156
иваньковского 2,120264 0,000111
игнат 3,912023 0,000204
игната 3,912023 0,000204
игры 1,203973 0,000063
идентификаторы 0,693147 0,000036
идеологическую 3,912023 0,000204
идет 1,078810 0,000112
идея 1,609438 0,000084
идут 1,832581 0,000096
идущей 3,506558 0,000183
идущий 3,218876 0,000168
идущим 3,912023 0,000204
идущую 3,912023 0,000204
иереем 3,912023 0,000204
иеромонах 3,912023 0,000204
ижевск 1,139434 0,000059
из-за 0,415515 0,000152
изба 3,218876 0,000336
избавлению 3,912023 0,000204
избе 3,506558 0,000183
избежавший 3,912023 0,000204
избежание 3,218876 0,000168
избиение 3,912023 0,000204
избил 3,912023 0,000204
избираемые 3,506558 0,000366
избираемых 1,897120 0,000099
избирательная 2,813411 0,000147
избить 3,912023 0,000204
избы 3,912023 0,000408
известные 0,891598 0,000232
известный 0,941609 0,000049
известным 1,832581 0,000096
известных 1,171183 0,000061
известняка 3,506558 0,000183
изгнали 3,912023 0,000204
изгнаны 3,506558 0,000183
изготовление 2,995732 0,000156
изд 0,314711 0,000016
изд-во 1,049822 0,000055
издавать 3,912023 0,000204
издание 0,776529 0,000040
издания 1,049822 0,000055
издательство 0,510826 0,000027
издателя 3,912023 0,000204
издевательствами 3,912023 0,000204
излагается 3,506558 0,000183
излишеств 3,506558 0,000183
изменена 3,506558 0,000183
изменение 1,560648 0,000163
изменений 1,272966 0,000066
изменения 0,562119 0,000059
изменено 3,218876 0,000168
изменив 3,506558 0,000548
изменившие 3,506558 0,000183
изменивших 3,912023 0,000204
изменилась 2,407946 0,000251
изменники 3,912023 0,000204
изменников 3,912023 0,000204
измерялось 3,912023 0,000204
измир 3,912023 0,000204
изначальный 3,218876 0,000168
изношенная 3,912023 0,000204
изображение 1,427116 0,000074
изображением 1,966113 0,000103
изображении 1,272966 0,000066
изобразительных 1,771957 0,000092
израсходовать 3,912023 0,000204
изучением 1,897120 0,000099
изучения 1,272966 0,000133
изъятием 3,912023 0,000204
икарусы 3,912023 0,000204
илиодор 3,912023 0,000204
илиодора 3,912023 0,000408
илиодоровцев 3,912023 0,000204
иловли 3,912023 0,000204
иловлинский 3,912023 0,000204
иловля 3,912023 0,000408
илы 3,506558 0,000183
ильченко 3,912023 0,000204
имеет 0,235722 0,000049
имеется 0,653926 0,000034
имел 1,469676 0,000077
имела 1,832581 0,000191
имелись 2,525729 0,000263
имело 2,302585 0,000120
имелось 2,207275 0,000115
именем 1,272966 0,000066
имени 0,462035 0,000410
имение 3,912023 0,000204
именно 0,544727 0,000114
имеют 0,371064 0,000039
имеются 0,843970 0,000088
имеющие 1,714798 0,000089
имеющиеся 2,995732 0,000156
имеющий 1,897120 0,000099
имея 2,207275 0,000115
ими 1,272966 0,000398
импер 0,000000 0,000000
империи 0,733969 0,000153
империю 2,995732 0,000156
империя 2,040221 0,000213
импульс 2,813411 0,000293
имущества 2,525729 0,000132
инвалидную 3,912023 0,000204
ингуши 1,897120 0,000099
индекс 0,941609 0,000098
индексы 1,514128 0,000079
индивидуального 2,813411 0,000293
индийцы 2,120264 0,000111
индия 2,120264 0,000111
индустриализацией 3,218876 0,000168
индустриализации 2,120264 0,000111
индустриально-педагогический 3,218876 0,000336
инженерные 2,813411 0,000147
инженеров 1,714798 0,000089
инженеры 2,659260 0,000139
инициативу 3,506558 0,000183
иной 1,714798 0,000089
иностранная 3,912023 0,000204
иностранные 1,660731 0,000087
иностранными 2,813411 0,000293
иностранных 1,203973 0,000126
иностранцев 2,040221 0,000106
институт 0,478036 0,000573
института 0,755023 0,000079
институтом 1,897120 0,000099
институты 1,660731 0,000173
инструменты -0,009950 -0,000001
интеллигенция 2,995732 0,000156
интерактивная 2,525729 0,000132
интерактивный 2,813411 0,000293
интервенциями 3,912023 0,000204
интересами 3,218876 0,000168
интернет 0,916291 0,000048
интразональными 3,912023 0,000204
информации 0,446287 0,000023
информационно-справочный 3,506558 0,000183
инфраструктура 1,347074 0,000351
инфраструктуре 3,218876 0,000168
инфраструктурой 2,207275 0,000230
инфраструктуры 1,272966 0,000133
иные 1,714798 0,000089
иных 1,469676 0,000077
иоанна 1,469676 0,000230
иоанновича 3,506558 0,000366
иосиф 2,407946 0,000251
иосифа 2,407946 0,000126
ирина 1,660731 0,000173
иркутск 1,171183 0,000061
ирон 0,000000 0,000000
исаев 2,995732 0,000312
исинбаеву 3,912023 0,000204
искала 3,912023 0,000204
искать 2,813411 0,000147
исключен 3,506558 0,000183
исключением 1,347074 0,000140
исключения 2,525729 0,000658
ископаемые 2,659260 0,000139
искусств 0,916291 0,000382
искусства 0,733969 0,000038
искусственный 2,207275 0,000115
искусство 0,994252 0,000052
исландия 2,407946 0,000126
испании 2,659260 0,000139
испанцы 2,120264 0,000111
исполкома 2,302585 0,000120
исполнительный 2,040221 0,000213
исполнительным 2,302585 0,000120
исполняет 2,407946 0,000126
исполняла 3,912023 0,000204
использовал 2,120264 0,000221
использовались 1,660731 0,000087
использовался 1,771957 0,000092
использования -0,009950 -0,000001
использовать 1,171183 0,000061
использоваться 1,714798 0,000089
использует 1,514128 0,000079
используется 0,616186 0,000096
используются 0,916291 0,000096
использующие 0,040822 0,000004
исправления 2,813411 0,000147
исследовали 3,912023 0,000204
исток 1,469676 0,000077
истока 1,021651 0,000053
историзм 3,506558 0,000183
истории 0,248461 0,000130
историко-архитектурного 3,218876 0,000168
историко-географические 3,506558 0,000183
историко-географический 2,995732 0,000156
историографии 2,813411 0,000147
историографический 3,912023 0,000408
историческая 1,237874 0,000129
исторически 1,078810 0,000056
исторические 0,941609 0,000098
исторический 0,653926 0,000102
исторических 1,139434 0,000119
исторического 1,049822 0,000109
историческое 1,660731 0,000087
историческом 1,771957 0,000092
историю 0,843970 0,000176
история 0,051293 0,000118
источник -0,009950 -0,000003
источниками 0,776529 0,000040
источникевикипедия 2,302585 0,000120
источники 0,415515 0,000022
источников 0,371064 0,000019
источнику 2,995732 0,000156
истощения 3,912023 0,000204
истощенном 3,912023 0,000204
истратившие 3,912023 0,000204
истребили 3,912023 0,000204
истребителей 3,218876 0,000168
исчезли 2,659260 0,000139
исчезнувшие 3,218876 0,000503
исчезнут 3,506558 0,000183
исчезнуть 3,506558 0,000183
исчерпывает 3,912023 0,000204
исчислении 0,843970 0,000044
исчисляется 3,506558 0,000183
италия 1,609438 0,000252
итальянская 1,609438 0,000252
итальянской 2,813411 0,000147
итальянцы 1,771957 0,000277
итогам 1,139434 0,000059
итоги 0,713350 0,000372
итого 1,609438 0,000252
итогов 0,891598 0,000046
итогом 2,995732 0,000312
иштеряк 3,912023 0,000204
ищенко 3,506558 0,000366
ищет 2,995732 0,000156
июль 0,579818 0,000030
июль-сентябрь 3,912023 0,000204
июлю 3,912023 0,000408
июля 0,116534 0,000164
июне 0,967584 0,000050
июнь 0,544727 0,000028
июню 3,506558 0,000183
июня 0,116534 0,000261
йской 0,000000 0,000000
кабаке 3,912023 0,000204
кабардинцы 1,832581 0,000096
кабинет 2,995732 0,000156
кавалерийских 3,912023 0,000204
кавказ 1,771957 0,000277
кавказа 1,660731 0,000087
кавказе 2,207275 0,000460
кавказские 3,218876 0,000168
кавказского 2,525729 0,000263
кавказской 2,659260 0,000277
кавказу 3,218876 0,000336
кадров 1,771957 0,000092
каждой 1,966113 0,000103
каждом 1,660731 0,000173
казакам 2,813411 0,000147
казаками 2,207275 0,000230
казаки 2,040221 0,000425
казаки-некрасовцы 3,912023 0,000204
казаков 1,660731 0,001212
казалось 2,995732 0,000156
казани 1,771957 0,000092
казанская 2,120264 0,000111
казанский 1,897120 0,000198
казанского 1,660731 0,000173
казанское 2,659260 0,000277
казанской 1,469676 0,000077
казанскому 3,506558 0,000366
казань 0,891598 0,000325
казахи 1,514128 0,000158
казахов 2,813411 0,000147
казахский 3,506558 0,000183
казахстан 1,469676 0,000077
казачества 2,407946 0,000251
казачество 3,912023 0,000612
казачий 2,120264 0,000442
казачье 2,407946 0,000377
казачьем 3,912023 0,000204
казачьи 2,659260 0,000139
казачьим 3,912023 0,000204
казачьих 3,218876 0,000168
казачья 3,218876 0,000168
казнен 3,506558 0,000183
казнены 3,506558 0,000183
казнив 3,912023 0,000204
казнили 3,506558 0,000183
казнят 3,912023 0,000204
какую-то 3,506558 0,000183
калач-на-дону 2,659260 0,000555
калача 3,506558 0,000366
калачевский 3,912023 0,000204
калачевского 3,912023 0,000204
калибров 3,912023 0,000204
калинину 3,218876 0,000168
калитвы 3,912023 0,000204
каллаи 3,912023 0,000204
калмыки 1,897120 0,000396
калмыков 2,659260 0,000139
калмыцкий 3,912023 0,000204
калмыцкой 3,218876 0,000168
калмыцкую 3,912023 0,000204
калязин 2,040221 0,000106
камаз 2,995732 0,000156
каменное 2,120264 0,000111
каменном 2,302585 0,000120
каменный 1,714798 0,000179
каменск-шахтинский 3,218876 0,000168
камней 2,659260 0,000139
камня 2,040221 0,000106
кампании 2,659260 0,000139
кампания 2,407946 0,000126
камское 1,966113 0,000103
камышенские 3,912023 0,000204
камышенских 3,912023 0,000204
камышин 2,120264 0,000553
камышинский 3,912023 0,000408
кан 3,506558 0,000183
кана 3,912023 0,000204
канае 3,912023 0,000204
канал 0,843970 0,000220
канала 1,771957 0,000462
канализация 2,813411 0,000147
каналом 2,995732 0,000156
канаш 3,912023 0,000204
канонаду 3,912023 0,000204
канцелярской 3,912023 0,000204
капитуляции 3,506558 0,000183
капитуляцию 3,912023 0,000204
каплей 3,912023 0,000204
капризов 3,506558 0,000183
караваинка 3,912023 0,000204
караван 3,218876 0,000168
караганда 3,506558 0,000183
каракалпаки 2,120264 0,000111
карантин 2,995732 0,000156
караул 2,995732 0,000156
карауле 3,912023 0,000204
караулов 3,912023 0,000204
караулы 3,912023 0,000204
карачаевцы 1,966113 0,000103
кардиологический 2,659260 0,000277
карта 0,776529 0,000283
картам 2,813411 0,000147
картами 0,562119 0,000029
картах 2,040221 0,000106
карте 1,108663 0,000116
картографический 3,912023 0,000204
картофеля 3,912023 0,000204
карточкевикипедия 1,469676 0,000077
карточкивикипедия 1,309333 0,000068
карточкой 2,525729 0,000132
картуз 3,912023 0,000204
карты 0,941609 0,000049
каспий 2,407946 0,000377
каспийские 3,506558 0,000183
каспийским 2,813411 0,000147
каспийскую 3,506558 0,000366
каспия 2,995732 0,000156
каталанская 0,527633 0,000028
каталогах 0,094311 0,000005
катастрофический 3,506558 0,000183
катастрофического 3,912023 0,000204
катастрофой 3,218876 0,000168
категории -0,009950 -0,000001
катовице 3,506558 0,000183
каустик 3,912023 0,000816
каушанского 3,912023 0,000204
кафе 1,609438 0,000084
кафедральный 1,021651 0,000053
кафедры 2,407946 0,000126
качестве 0,478036 0,000025
качинское 3,912023 0,000408
квадратных 1,832581 0,000191
квадратов 3,506558 0,000183
квартала 2,120264 0,000111
кварталах 2,995732 0,000156
кварталы 1,514128 0,000079
квартиру 3,506558 0,000183
кельн 3,506558 0,000366
кемерово 1,237874 0,000065
кеми 3,506558 0,000366
керосиновое 3,912023 0,000204
керчь 1,966113 0,000103
кибитки 3,912023 0,000204
киев 1,560648 0,000081
киевского 3,218876 0,000168
киквидзенский 3,912023 0,000204
километр 2,407946 0,000126
километра 1,897120 0,000198
километрах 1,514128 0,000079
километров 1,078810 0,000450
километровой 3,506558 0,000183
километровый 3,506558 0,000183
километровым 3,912023 0,000204
кимры 2,120264 0,000111
кинематографисты 3,912023 0,000204
кинешма 2,120264 0,000111
кино 0,994252 0,000052
кинотеатр 1,108663 0,000173
кинотеатров 1,237874 0,000194
кинотеатром 2,813411 0,000147
кинотеатры 1,078810 0,000281
киношники 3,912023 0,000204
киргизы 1,560648 0,000081
кирилл 2,302585 0,000120
кирова 1,386294 0,000072
кировск 3,218876 0,000168
кировский 1,237874 0,000581
кировского 2,207275 0,000115
кировском 2,525729 0,000527
кирпич 3,912023 0,000408
кирпича 2,302585 0,000360
кирсанов 3,506558 0,000183
кирсанова 3,218876 0,000168
кирха 1,897120 0,000198
кирхе 3,912023 0,000204
киселевск 3,218876 0,000168
китай 0,867501 0,000090
китайцы 1,660731 0,000087
кладбища 1,560648 0,000081
классицизм 2,207275 0,000115
классическое 3,218876 0,000168
кластер 2,525729 0,000132
кластера 3,218876 0,000168
клейсту 3,912023 0,000204
кленов 3,218876 0,000336
клетская 3,506558 0,000183
клетский 3,912023 0,000204
кливленд 3,912023 0,000204
клима 3,506558 0,000183
климат 0,494296 0,000283
климата 0,733969 0,000077
клиническая 1,714798 0,000089
клинический 2,207275 0,000115
клинская 3,912023 0,000204
клубы 1,108663 0,000058
клумбами 3,506558 0,000183
ключевых 2,207275 0,000230
клятву 3,912023 0,000204
книг 1,660731 0,000087
книга 0,843970 0,000088
книге 1,309333 0,000137
книги 0,916291 0,000048
книжное 1,078810 0,000056
книжной 2,813411 0,000147
книжный 2,207275 0,000230
князем 1,714798 0,000179
князю 2,207275 0,000115
князя 1,139434 0,000178
кобле 3,912023 0,000204
ковентри 3,912023 0,000816
ковтюха 3,912023 0,000204
код -0,009950 -0,000026
кода 0,798508 0,000042
кодекс -0,009950 -0,000001
кодексе 3,912023 0,000204
кодистория 0,116534 0,000006
коек 2,040221 0,000106
кожевенными 3,912023 0,000204
кожзавод 3,912023 0,000204
кожи 2,995732 0,000156
козино 2,120264 0,000111
козлов 2,659260 0,000139
козловка 2,120264 0,000111
козьмодемьянск 2,120264 0,000111
кои 3,912023 0,000408
колесников 3,218876 0,000168
колесные 3,912023 0,000408
количества 0,941609 0,000098
количестве 1,714798 0,000179
количество 0,328504 0,000103
количеству 1,309333 0,000068
коллегию 3,912023 0,000204
коллективом 3,506558 0,000183
колокольным 3,912023 0,000204
коломиец 3,912023 0,000204
колонии 2,407946 0,000251
колонистов 3,912023 0,000204
колонисты-гернгутеры 3,912023 0,000204
колония 2,302585 0,000120
колонны 2,813411 0,000147
колосовая 3,912023 0,000204
кольцо 1,514128 0,000079
кольцов-мосальский 3,506558 0,000183
команд 1,660731 0,000087
команда 1,272966 0,000332
командиром 3,912023 0,000204
командиры 3,912023 0,000204
командовал 3,218876 0,000168
командование 2,813411 0,000587
командованием 1,771957 0,000185
команду 2,995732 0,000156
командующего 2,995732 0,000156
командующий 3,912023 0,000204
командующим 3,218876 0,000168
команды 1,560648 0,000163
комбинат 1,171183 0,000061
комедии 2,040221 0,000106
комендант 3,506558 0,000366
коменданта 3,506558 0,000183
коменданты 3,506558 0,000366
коми 1,514128 0,000079
коми-пермяки 2,040221 0,000106
комикыргызча 0,000000 0,000000
комиссаров 2,659260 0,000139
комиссаром 3,506558 0,000183
комиссия 1,609438 0,000084
комитет 0,755023 0,000315
коммерсант 2,207275 0,000115
коммунизма 2,813411 0,000293
коммуникации 2,302585 0,000120
компании 0,579818 0,000181
компаний-пароходств 3,912023 0,000204
компания 0,653926 0,000034
комплекс 0,653926 0,000170
комплексами 2,995732 0,000156
комплексная 2,659260 0,000277
комплексной 2,407946 0,000251
комплексы 1,514128 0,000158
композитор 1,966113 0,000103
компьютерные 2,302585 0,000120
комсомольская 1,171183 0,000244
комсомольский 1,714798 0,000179
комсомольской 1,897120 0,000099
комсомольском 3,218876 0,000168
кому 2,207275 0,000115
комфортабельные 2,995732 0,000156
комфортабельный 3,912023 0,000204
конаково 2,120264 0,000111
кондратий 3,912023 0,000204
конец 0,798508 0,000291
конечной 2,525729 0,000132
конкордии 3,912023 0,000204
конкордию 3,912023 0,000204
конкордия 3,506558 0,000914
конкурентов 3,218876 0,000168
конкурентоспособную 3,912023 0,000204
конкуренции 2,659260 0,000139
конкуренцию 2,813411 0,000440
консерватория 2,302585 0,000120
консервщиков 3,912023 0,000204
константиновка 3,506558 0,000183
константиновский 1,966113 0,000103
конструктивизм 2,813411 0,000147
конструкторское 2,995732 0,000156
конструкции 2,120264 0,000111
конструкционные 3,912023 0,000204
континентальный 0,776529 0,000040
контрнаступление 3,506558 0,000366
контролем 2,813411 0,000147
контролировала 3,912023 0,000408
контролируемая 3,912023 0,000204
контролируемой 3,218876 0,000168
контролируется 2,995732 0,000156
контролирующей 2,302585 0,000120
контур 2,659260 0,000139
конфессий 2,207275 0,000115
конфигурацию 3,506558 0,000183
конфигурация 3,218876 0,000168
конфиденциальности -0,009950 -0,000001
конфил 3,912023 0,000408
конфликт 2,525729 0,000395
конфликтах 2,995732 0,000156
конфликтов 2,813411 0,000147
конца 0,562119 0,000059
конце 0,430783 0,000045
концертном 3,218876 0,000168
концу 0,994252 0,000207
кончая 3,912023 0,000204
кончилась 3,912023 0,000204
кончилось 3,912023 0,000204
конъюнктуры 3,218876 0,000168
координирующие 3,912023 0,000204
копейка 3,218876 0,000168
копии 0,653926 0,000034
копия 0,328504 0,000086
корейцы 1,609438 0,000168
коридор 2,207275 0,000345
коричневатыми 3,912023 0,000204
коричнево 3,912023 0,000204
кормом 3,912023 0,000204
корнилой 3,912023 0,000204
королев 2,407946 0,000126
королевой 3,912023 0,000204
короля 2,659260 0,000139
короной 2,207275 0,000115
короткие 2,302585 0,000240
короткий -0,009950 -0,000001
корпорация 2,040221 0,000106
корпус 1,272966 0,000265
корпуса 1,560648 0,000244
корс 3,912023 0,000204
корчева 2,040221 0,000106
косарева 3,912023 0,000204
косметологии 3,912023 0,000612
космический 2,813411 0,000147
косолапов 3,912023 0,000408
костомаров 3,912023 0,000204
кострома 1,171183 0,000061
кот 2,525729 0,000132
котельниково 3,912023 0,001224
котельниковский 3,506558 0,000183
котлубани 3,912023 0,000204
котлубанью 3,912023 0,000204
котово 3,912023 0,000612
котовский 3,506558 0,000183
которая 0,287682 0,000135
которого 0,301105 0,000157
которое 0,478036 0,000075
которой 0,174353 0,000100
котором 0,301105 0,000047
которому 0,843970 0,000132
которую 0,867501 0,000090
которые 0,162519 0,000153
который 0,105361 0,000022
которым 0,798508 0,000042
которыми 1,469676 0,000077
которых 0,094311 0,000039
кофейня 3,912023 0,000204
кочевий 3,912023 0,000204
кочевников 2,120264 0,000221
кочевые 3,218876 0,000168
кочевых 2,995732 0,000156
кочевьями 3,912023 0,000204
кошка 3,912023 0,000204
кпсс 1,832581 0,000573
крае 1,514128 0,000079
краеведческий 1,237874 0,000065
краеведческого 2,659260 0,000139
краевым 3,912023 0,000204
край 0,891598 0,000418
крайне 1,832581 0,000096
крайняя 2,659260 0,000139
красивая 3,218876 0,000168
красивый 2,525729 0,000263
красивыми 3,912023 0,000204
красивых 2,525729 0,000263
красная 1,108663 0,000116
красно 3,506558 0,000183
красноармеец 3,506558 0,000183
красноармейск 3,506558 0,000366
красноармейский 2,040221 0,000745
красноармейским 3,506558 0,000183
красноармейского 3,912023 0,001020
красноармейском 3,506558 0,000731
красноармейцы 3,218876 0,000168
красновым 3,912023 0,000204
красного 1,272966 0,000531
краснодар 1,386294 0,000145
краснодарское 3,218876 0,000168
краснодон 3,506558 0,000183
красное 1,832581 0,000191
красное-на-волге 2,120264 0,000111
краснознаменская 3,912023 0,000204
краснознаменской 3,912023 0,000204
красной 0,967584 0,000303
красном 2,207275 0,000345
краснооктябрьский 3,506558 0,001280
краснооктябрьского 3,506558 0,000183
краснооктябрьском 3,912023 0,000612
краснослободск 2,120264 0,000663
красноцветные 3,912023 0,000204
красноцветными 3,912023 0,000408
красноярск 0,967584 0,000101
красные 1,660731 0,000173
красный 0,941609 0,000736
красным 2,525729 0,000132
краткая 0,967584 0,000101
кратчайшего 3,506558 0,000183
кратчайшему 3,506558 0,000183
кратчайшие 2,813411 0,000147
края 0,713350 0,000112
кредиты 3,218876 0,000168
крепостей 3,506558 0,000731
крепости 1,203973 0,000753
крепостного 3,218876 0,000671
крепостной 2,659260 0,000555
крепостных 2,302585 0,000720
крепость 1,078810 0,000281
крепость-полудеревню 3,912023 0,000204
креста 2,040221 0,000106
крестовый 3,912023 0,000204
крестьян 2,302585 0,000720
крестьянами 3,218876 0,000168
крестьянами-переселенцами 3,912023 0,000204
крестьянин 2,995732 0,000156
крестьянская 3,218876 0,000336
крестьянским 3,912023 0,000204
крестьянскими 3,912023 0,000204
крестьянских 2,040221 0,000213
крестьянскую 3,912023 0,000408
кривой 2,995732 0,000156
кризис 1,897120 0,000099
кризиса 2,040221 0,000213
крикнул 3,912023 0,000204
кристина 3,506558 0,000183
кровавых 3,506558 0,000183
крови 1,966113 0,000103
кровопролитными 3,506558 0,000183
кроме 0,235722 0,000160
кропивницкий 3,912023 0,000204
кругах 2,659260 0,000139
круге 3,912023 0,000204
круглоротые 3,912023 0,000204
круговые 3,912023 0,000204
кругосвет 1,560648 0,000244
кружечном 3,912023 0,000204
кружках 3,912023 0,000204
крупная 1,514128 0,000079
крупнейшая 1,347074 0,000070
крупнейшие 0,776529 0,000081
крупнейший 0,755023 0,000039
крупнейших 0,634878 0,000033
крупной 1,897120 0,000198
крупные 0,579818 0,000060
крупный 0,798508 0,000042
крупных 0,494296 0,000103
крушевац 3,218876 0,000168
крыло 3,506558 0,000366
крыльца 3,912023 0,000204
крым 1,660731 0,000346
крыма 0,843970 0,000132
крымские 1,771957 0,000092
крымским 2,995732 0,000156
крымских 2,302585 0,000120
крымского 1,832581 0,000191
крымское 2,813411 0,000587
крыса 3,912023 0,000204
крышах 3,912023 0,000204
крыше 2,995732 0,000156
ксв 2,302585 0,000120
кстово 2,040221 0,000106
ктм 3,506558 0,000183
кубанский 3,218876 0,000336
кубанцев 3,912023 0,000408
кубань 2,659260 0,000277
кузнецк 2,302585 0,000120
кузнецова 2,040221 0,000213
кузнечные 3,912023 0,000204
кузьма 3,218876 0,000168
кузьмина 2,659260 0,000139
куйбышевский 1,771957 0,000092
куки -0,009950 -0,000001
кукол 0,916291 0,000143
культа 3,506558 0,000366
культбаза 3,912023 0,000204
культур 1,309333 0,000137
культура 0,653926 0,000136
культуре 1,427116 0,000074
культурного 0,916291 0,000191
культуру 2,120264 0,000111
культуры 0,462035 0,000217
кумыки 1,832581 0,000096
кумылженская 3,912023 0,000204
кумылженский 3,912023 0,000204
купания 2,813411 0,000147
купец 1,832581 0,000096
купеческие 2,813411 0,000147
купеческого 3,912023 0,000408
купеческом 3,912023 0,000204
купечество 2,813411 0,000147
купечеству 3,218876 0,000168
купил 3,506558 0,000183
купила 3,912023 0,000204
куполом 3,506558 0,000183
куполообразную 3,912023 0,000204
куполообразных 3,912023 0,000204
купоросный 3,912023 0,000204
куприна 3,218876 0,000168
купца 1,560648 0,000081
купцов 2,302585 0,000120
купцу 3,912023 0,000204
купцы 1,832581 0,000096
курган 1,237874 0,000581
кургана 3,506558 0,000548
кургане 3,912023 0,000612
курды 2,040221 0,000106
курообразные 3,912023 0,000204
курт 3,506558 0,000183
кустанай 3,506558 0,000183
кучова 3,506558 0,000183
кыргызстан 2,120264 0,000111
лаборатория 1,771957 0,000185
лавке 3,912023 0,000204
лавочками 3,912023 0,000204
лагань 2,813411 0,000147
лагере 3,506558 0,000183
лагерных 3,912023 0,000408
лагерь 2,120264 0,000111
лагеря 2,302585 0,000120
ладан 3,912023 0,000204
лаз 3,912023 0,000204
лазареты 3,912023 0,000204
лазоревая 3,506558 0,000183
лазурь 3,506558 0,000183
лакцы 1,832581 0,000096
лапшин 3,912023 0,000204
лапшина 3,912023 0,000204
ларусса 1,078810 0,000056
латыни 3,506558 0,000183
латыши 1,897120 0,000099
лвс 3,912023 0,000204
лев 1,832581 0,000096
лев-берегу 3,912023 0,000204
левашов 1,660731 0,000087
левин 3,506558 0,000183
левитаном 3,912023 0,000204
левобережья 2,659260 0,000139
левого 1,966113 0,000205
левую 3,506558 0,000183
легальное 3,912023 0,000204
легендарной 3,506558 0,000183
легенду 2,995732 0,000156
легенды 2,207275 0,000115
легиона 3,218876 0,000168
легионанаселенные 3,912023 0,000204
легка 3,912023 0,000204
легко 1,966113 0,000205
легкого 2,659260 0,000139
легли 3,506558 0,000183
легче 2,995732 0,000156
лезгины 1,771957 0,000092
лекарских 3,912023 0,000204
ленина 0,867501 0,000678
ленинагорода 2,120264 0,000111
ленинград 2,120264 0,000221
лениногорск 3,506558 0,000183
ленинск 3,506558 0,000548
ленинский 1,078810 0,000056
ленину 1,272966 0,000066
лепту 3,912023 0,000204
лермонтова 2,525729 0,000132
лес 1,514128 0,000079
леса 1,021651 0,000053
лесной 1,272966 0,000066
лесо-луговыми 3,912023 0,000204
лесовой 3,912023 0,000204
лесозавода 3,912023 0,000204
лестничную 3,912023 0,000204
лесу 2,302585 0,000120
лет 0,223144 0,000163
лета 1,897120 0,000099
летию 1,078810 0,000112
летнее 1,966113 0,000103
летний 1,108663 0,000058
летняя 2,302585 0,000120
лето 0,891598 0,000093
летом 0,597837 0,000062
летописцами 3,912023 0,000204
летучих 3,218876 0,000168
летчиков 2,525729 0,000395
лечении 3,218876 0,000168
лещев 3,506558 0,000183
лжедмитрию 3,506558 0,000183
лжепетра 3,912023 0,000204
лиаз 2,659260 0,000555
лидер 2,207275 0,000115
лидерами 2,302585 0,000120
лидеров 1,966113 0,000103
ликвидаторам 3,218876 0,000336
ликвидации 1,609438 0,000084
ликвидирована 2,813411 0,000147
ликвидировано 2,525729 0,000132
ликвидированы 2,659260 0,000139
ликвидировать 2,659260 0,000139
лимоновая 3,912023 0,000204
линево 3,912023 0,000204
линейное 3,218876 0,000168
линейную 3,506558 0,000183
линейный 2,525729 0,000263
линейным 3,218876 0,000168
линией 2,407946 0,000126
линии 0,755023 0,000197
линий 1,309333 0,000341
линию 2,407946 0,000377
линия 0,891598 0,000465
линиям 3,506558 0,000183
линиями 2,813411 0,000147
липецк 2,525729 0,000132
лисичанск 3,912023 0,000204
листа 3,218876 0,000168
листах 2,040221 0,000106
листок 2,813411 0,000147
листокъ 3,912023 0,000204
литература 0,061875 0,000006
литературе 1,514128 0,000158
литературы 1,078810 0,000056
литовская 1,309333 0,000068
литовцы 1,966113 0,000103
лихачев 3,912023 0,000612
лихая 3,912023 0,000204
лица 1,272966 0,000066
лицами 2,525729 0,000132
лице 2,525729 0,000132
лицеев 1,771957 0,000092
лицензии -0,009950 -0,000001
лицензионная 3,506558 0,000183
лицензионный 3,912023 0,000204
лицо 1,771957 0,000092
лицом 1,897120 0,000099
лично 2,302585 0,000120
личного 2,302585 0,000120
личности 2,207275 0,000345
личные 1,966113 0,000103
лишь 0,478036 0,000050
лоб 3,912023 0,000408
ловушке 3,912023 0,000204
логистика 2,995732 0,000156
ложбина 3,912023 0,000204
ложбиной 3,912023 0,000204
ложбины 3,506558 0,000183
локализован 3,912023 0,000204
локальное 1,108663 0,000058
локальные 2,207275 0,000115
лопатина 3,506558 0,000183
лошадей 2,813411 0,000147
лояльного 3,912023 0,000204
лояльными 3,912023 0,000204
лубченков 3,912023 0,000204
луганск 1,203973 0,000188
лугово 3,912023 0,000204
лугово-бурых 3,912023 0,000204
лукойл-волгограднефтепереработка 3,912023 0,000612
лутчие 3,912023 0,000204
луцк 3,912023 0,000204
лысая 3,912023 0,000408
лысково 2,040221 0,000106
лысую 3,912023 0,000204
льва 1,966113 0,000103
львенок 3,506558 0,000183
львов 2,995732 0,000156
льеж 3,912023 0,000408
льшая 0,000000 0,000000
лэп 3,218876 0,000336
любимая 3,506558 0,000183
любителей 2,813411 0,000147
любовь 2,525729 0,000132
любого 2,120264 0,000111
любой 1,514128 0,000079
любых 2,120264 0,000111
людей 0,693147 0,000217
люди 0,755023 0,000079
людникова 3,912023 0,000612
людские 3,506558 0,000183
люфтваффе 3,506558 0,000366
лягушек 3,506558 0,000183
магазинах 3,912023 0,000408
магазины 2,207275 0,000115
магистрали 1,078810 0,000225
магистраль 1,427116 0,000149
магистралям 3,912023 0,000204
магистрата 3,912023 0,000204
магистратом 3,912023 0,000204
магниты 3,912023 0,000204
мае 0,867501 0,000317
май 0,597837 0,000062
майкопу 3,912023 0,000204
майна 2,040221 0,000106
майский 3,506558 0,000366
макарна 3,912023 0,000204
макарьево 2,120264 0,000111
макеевка 3,912023 0,000204
максим 1,560648 0,000081
максимова 2,659260 0,000139
максимум 0,733969 0,000115
маленькими 3,912023 0,000204
маленькое 3,912023 0,000204
малого 1,427116 0,000074
малой 1,514128 0,000079
маломобильных 3,506558 0,000183
малые 1,832581 0,000096
малый 0,371064 0,000039
малых 1,309333 0,000137
мамаев 3,506558 0,001463
мамаева 3,912023 0,000612
мамаевом 3,912023 0,000612
ман 3,912023 0,000408
маневра 3,506558 0,000183
маневренной 3,912023 0,000204
маневров 3,912023 0,000204
манифестом 3,506558 0,000183
манштейн 3,912023 0,000408
манштейна 3,912023 0,001020
маргариты 3,912023 0,000204
мариинская 2,407946 0,000628
мариинский 1,897120 0,000099
мариинской 2,995732 0,000312
мариймакедонски 0,000000 0,000000
марийцы 1,714798 0,000089
мариуполь 2,407946 0,000126
марка 0,867501 0,000045
марки 2,040221 0,000213
маркс 1,897120 0,000099
март 0,616186 0,000064
марта 0,139262 0,000305
марте 0,967584 0,000050
марченко 3,506558 0,000366
марше 3,912023 0,000204
маршрут 1,272966 0,000199
маршрутам 2,525729 0,000132
маршрутах 2,525729 0,000132
маршрутные 2,302585 0,000120
маршрутов 0,967584 0,000202
маршруту 1,832581 0,000096
маршруты 1,272966 0,000465
масляевым 3,912023 0,000204
масляное 3,912023 0,000204
массивы 1,560648 0,000081
массированный 3,506558 0,000183
массово 2,813411 0,000293
массового 1,966113 0,000103
массовое 1,771957 0,000092
массовой 0,916291 0,000143
массовые 2,207275 0,000115
массовый 1,832581 0,000096
массовым 2,813411 0,000147
массы 2,040221 0,000106
мастер 2,040221 0,000106
мастерство 3,506558 0,000183
масштаб 1,897120 0,000099
масштабе 2,525729 0,000263
масштабная 2,813411 0,000147
масштабнее 3,912023 0,000204
масштабной 3,218876 0,000168
масштабные 1,897120 0,000099
масштабных 2,525729 0,000132
материал -0,009950 -0,000001
материалам 2,207275 0,000115
материале 2,525729 0,000263
материалов 0,755023 0,000039
матушке-россии 3,912023 0,000204
матча 3,506558 0,000366
матчам 3,912023 0,000204
матчей 2,407946 0,000126
матчи 1,832581 0,000287
мать 2,659260 0,000277
машиностроение 1,560648 0,000081
машиностроения 1,469676 0,000307
машкова 3,912023 0,000204
маю 3,912023 0,000204
мая 0,139262 0,000312
мвд 1,309333 0,000205
мегамикс 3,912023 0,000204
мед 2,813411 0,000293
медалью 3,506558 0,000183
медведь 2,207275 0,000115
меди 2,207275 0,000115
медиафайлы 0,301105 0,000016
медицинские 1,897120 0,000099
медицинский 0,891598 0,000232
медицинского 1,714798 0,000179
медицинской 1,514128 0,000079
межбалочном 3,912023 0,000204
межвоенный 3,912023 0,000408
междоусобных 3,912023 0,000204
междугородное 2,407946 0,000126
междугородный 2,207275 0,000230
междугородных 3,218876 0,000168
международная 1,309333 0,000068
международное 1,714798 0,000089
международной 1,203973 0,000063
международные 0,941609 0,000098
международный 0,713350 0,000260
междуречья 3,506558 0,000731
междуцарствия 3,912023 0,000612
мелкие 1,966113 0,000103
мельников 2,207275 0,000115
мельникова-печерского 3,912023 0,000204
мельница 2,525729 0,000658
мельницами 3,912023 0,000204
мельницу 3,912023 0,000204
мемориально-исторического 3,912023 0,000204
мемориальный 1,469676 0,000077
менее 0,314711 0,000115
меньшой 3,912023 0,000204
менялась 3,506558 0,001828
мер 2,040221 0,000106
мере 1,272966 0,000133
меркурий 2,995732 0,000156
мероприятия 1,272966 0,000066
меры 2,207275 0,000230
мест 0,713350 0,000112
места 0,579818 0,000151
местах 1,049822 0,000109
месте 0,544727 0,000426
местная 2,120264 0,000111
местного 0,941609 0,000049
местное 1,427116 0,000074
местной 1,832581 0,000096
местности 1,427116 0,000223
местность 1,660731 0,000087
местностью 3,218876 0,000168
местные 1,049822 0,000219
местным 2,659260 0,000139
место 0,371064 0,000077
месторождений 2,040221 0,000213
месту 2,659260 0,000139
месть 3,912023 0,000204
месяца 1,347074 0,000281
месяцев 1,171183 0,000122
месяцевикипедия 0,776529 0,000040
металл 2,659260 0,000139
металлов 1,771957 0,000092
металлурги 2,995732 0,000156
металлургический 2,407946 0,000126
металлургическим 3,506558 0,000183
металлургия 2,120264 0,000332
металлы 2,407946 0,000126
метель 3,218876 0,000168
метизный 3,912023 0,000612
метод 1,771957 0,000092
методика 3,912023 0,000204
метра 1,560648 0,000163
метро 1,272966 0,000133
метров 0,776529 0,000405
метровая 2,525729 0,000132
метрополитена 1,660731 0,000087
метротрама 3,912023 0,000204
метроэлектротранс 3,912023 0,001020
механический 2,407946 0,000126
мехи 3,912023 0,000204
меценат 2,813411 0,000147
мецената 3,506558 0,000183
меценаты 3,218876 0,000336
меч 3,506558 0,000183
мечети 1,560648 0,000081
мечетка 3,912023 0,001632
мечетке 3,912023 0,000204
мечетки 3,912023 0,000204
мечеткой 3,912023 0,000204
мечетная 3,912023 0,000408
мечетного 3,912023 0,000204
мечетное 3,912023 0,000612
мечетным 3,912023 0,000204
мечников 3,506558 0,000183
мечькъ 3,912023 0,000204
мешала 3,912023 0,000204
мещерский 3,912023 0,000204
мидии 3,218876 0,000168
микрорайона 1,771957 0,000092
микрорайонах 2,813411 0,000147
микрорайоне 1,771957 0,000092
микрорайонов 2,040221 0,000106
микрорайоны 1,609438 0,000084
микрохирургия 3,218876 0,000168
миллер 2,995732 0,000312
миллерово 3,218876 0,000168
миллиона 1,386294 0,000072
миллионник 3,506558 0,000183
миллионный 2,120264 0,000111
миллионным 3,912023 0,000204
миллионов 1,078810 0,000112
милосердия 2,995732 0,000156
минеральных 1,609438 0,000168
мини-город 3,912023 0,000204
минимум 0,693147 0,000108
минин 2,813411 0,000293
минина 3,218876 0,000336
мининский 3,506558 0,000183
министерская 3,912023 0,000612
министерств 3,506558 0,000183
министерства 0,891598 0,000046
минные 3,912023 0,000204
минометами 3,912023 0,000204
минск 1,714798 0,000179
минусинск 3,218876 0,000168
минх 3,506558 0,000183
мины 3,506558 0,000183
мир 0,342490 0,000036
мира 0,415515 0,000282
мире 0,494296 0,000103
мирная 3,912023 0,000408
мирного 2,525729 0,000132
мирноград 3,912023 0,000204
мирной 3,218876 0,000168
мирные 3,506558 0,000183
мирный 2,207275 0,000115
мирным 2,995732 0,000312
мирными 3,912023 0,000408
мирных 2,659260 0,000139
мировой 0,733969 0,000268
миссии 3,506558 0,000183
мисюр 3,912023 0,000204
мисюре 3,912023 0,000204
митрополит 2,207275 0,000115
миттеран 3,912023 0,000204
михаил 0,916291 0,000048
михаила 1,171183 0,000061
михай 3,506558 0,000183
михайлович 1,386294 0,000072
михайловка 3,506558 0,000366
михайловский 2,407946 0,000126
мичуринск 3,218876 0,000168
млекопитающие 2,813411 0,000293
млекопитающих 1,966113 0,000205
млн 0,462035 0,000024
многие 0,356675 0,000093
многих 0,494296 0,000026
многодетных 3,218876 0,000168
многое 2,407946 0,000251
многозальными 3,912023 0,000204
многоквартирные 2,995732 0,000156
многократно 2,407946 0,000251
многолетнего 3,506558 0,000183
многотысячную 3,912023 0,000204
многочисленная 3,912023 0,000408
многочисленные 1,139434 0,000594
многочисленными 1,966113 0,000205
многоэтажная 2,995732 0,000156
мобилизовали 3,912023 0,000204
мобилизованных 3,912023 0,000612
мобильная -0,009950 -0,000001
мобильнее 3,912023 0,000204
мог 1,609438 0,000084
могиле 2,995732 0,000156
могилев 2,525729 0,000132
могла 2,207275 0,000230
могли 1,514128 0,000158
могут -0,009950 -0,000001
мод 3,506558 0,000183
модели 1,171183 0,000244
моделях 3,218876 0,000168
модерн 2,040221 0,000106
модернизации 1,966113 0,000103
модернизаций 3,912023 0,000204
модернизацию 2,659260 0,000277
модернизация 2,525729 0,000132
модулем 1,021651 0,000053
модуль 0,941609 0,000049
мои 2,659260 0,000139
мокрая 3,218876 0,000503
мокрой 3,912023 0,000408
молдаване 1,714798 0,000089
молдавская 3,506558 0,000366
молдавской 3,506558 0,000548
молдова 2,525729 0,000132
молдовой 3,912023 0,000408
молдовы 2,995732 0,000625
молитвами 3,912023 0,000204
молога 2,120264 0,000111
молодежный 1,309333 0,000068
молодой 1,832581 0,000096
молодых 1,660731 0,000087
молочный 2,040221 0,000106
момент 0,597837 0,000156
момента 1,469676 0,000307
монархией 3,912023 0,000204
монархическим 3,912023 0,000204
монархов 3,912023 0,000204
монастыря 1,309333 0,000068
монгол 0,000000 0,000000
монголами 3,506558 0,000183
монголы 1,897120 0,000099
монгольских 2,995732 0,000312
монета 1,309333 0,000068
монеты 2,207275 0,000115
мониторинг 1,832581 0,000096
мониторинга 1,714798 0,000089
монолит 3,912023 0,000204
монополию 3,506558 0,000183
монополия 3,506558 0,000183
монумент 1,560648 0,000081
монументальное 3,506558 0,000366
монументальной 3,912023 0,000204
монументальные 2,995732 0,000312
монументальными 3,912023 0,000204
монументальных 3,218876 0,000168
моральном 3,912023 0,000204
мордва 1,309333 0,000068
море 1,049822 0,000164
морем 1,771957 0,000092
морская 2,525729 0,000132
моря 0,579818 0,000212
морям 2,995732 0,000156
морятник 3,912023 0,000408
москва 0,400478 0,000167
москва-астрахань 3,912023 0,000204
москваволгоград 3,912023 0,000204
москве 1,171183 0,000244
москвой 1,237874 0,000065
москвою 3,912023 0,000408
москву 1,139434 0,000178
московию 3,506558 0,000183
московским 1,832581 0,000096
московского 0,867501 0,000045
московское 1,347074 0,000211
московской 1,237874 0,000129
московском 2,120264 0,000111
мост 0,967584 0,000303
мостов 1,560648 0,000081
мосту 2,040221 0,000106
мосты 1,427116 0,000149
моторного 3,506558 0,000183
моторостроительный 3,218876 0,000839
мощное 3,218876 0,000168
мощь 3,506558 0,000183
мск 0,843970 0,000044
мтв 3,506558 0,000183
мтта 3,912023 0,000204
мужских 2,995732 0,000156
мужчин 1,609438 0,000084
мужчин-строителей 3,912023 0,000204
музеем 1,966113 0,000205
музеи 0,820981 0,000128
музей 0,776529 0,000607
музей-заповедник 1,832581 0,000191
музей-панорама 3,912023 0,000612
музей-парк 3,912023 0,000204
музейному 3,912023 0,000204
музейные 2,995732 0,000156
музейный 2,207275 0,000115
музея 1,021651 0,000160
музея-заповедника 2,525729 0,000263
музея-панорамы 3,912023 0,000204
музыка 1,347074 0,000140
музыкальная 2,207275 0,000230
музыкально-драматический 3,506558 0,000366
музыкального 2,525729 0,000132
музыкальное 2,207275 0,000230
музыкальной 1,832581 0,000096
музыкальные 1,966113 0,000308
музыкальный 1,469676 0,000230
музыкальным 2,813411 0,000147
музыкальных 1,832581 0,000096
муниципального 0,891598 0,000139
муниципальное 1,139434 0,000119
муниципальные 1,309333 0,000137
муниципальным 0,776529 0,000607
муниципальных 0,776529 0,000283
муниципий 3,912023 0,000204
муп 1,897120 0,000099
мурманск 2,207275 0,000115
мусульман-суннитов 3,912023 0,000204
мухиной 3,912023 0,000204
мыс 1,966113 0,000103
мыслило 3,912023 0,000204
мышей 2,995732 0,000156
мышкин 2,120264 0,000111
мышкова 3,912023 0,000204
мышь 3,912023 0,000204
мэра 1,347074 0,000070
мэрами 3,506558 0,000183
мэрии 1,966113 0,000103
мэрия 1,897120 0,000099
мэры 2,995732 0,000312
мясной 2,659260 0,000277
мятеж 2,302585 0,000120
мятежа 2,659260 0,000277
мятежей 3,912023 0,000204
мятежники 3,506558 0,000366
мятежников 3,218876 0,000671
мятежных 3,506558 0,000183
набега 3,218876 0,000168
набегах 3,912023 0,000204
набеги 2,525729 0,000395
набегов 2,120264 0,000332
набегу 3,912023 0,000204
набережная 1,139434 0,000356
набережной 1,272966 0,000332
набережную 2,407946 0,000126
набережные 2,040221 0,000532
набережных 2,525729 0,000132
набирались 3,506558 0,000183
наблюдается 1,021651 0,000053
наборе 3,506558 0,000183
набран 3,912023 0,000204
набратца 3,912023 0,000204
навигации -0,009950 -0,000001
навигацию 2,659260 0,000139
навигация -0,009950 -0,000001
навигацияволгоградсимволы 3,912023 0,000204
наволоки 2,120264 0,000111
наглядных 3,912023 0,000204
наград 2,525729 0,000132
награда 2,525729 0,000132
награды 0,867501 0,000181
награжден 1,514128 0,000079
награжденные 1,021651 0,000160
надежда 2,120264 0,000221
наделении 2,525729 0,000395
надписывалось 3,912023 0,000204
надпись 2,207275 0,000345
назад 1,108663 0,000116
назвал 1,660731 0,000087
назвали 1,609438 0,000084
названа 1,660731 0,000087
название 0,198451 0,000124
названием 0,820981 0,000128
названий 1,078810 0,000112
названию 1,966113 0,000205
названия 0,342490 0,000161
названные 1,771957 0,000185
названных 2,995732 0,000156
названо 2,995732 0,000156
названы 1,386294 0,000145
наземные 3,506558 0,000183
наземных 2,813411 0,000147
назначаемый 2,995732 0,000156
назначал 3,912023 0,000204
назначало 3,912023 0,000204
назначался 2,995732 0,000156
назначаться 3,912023 0,000204
назначен 1,386294 0,000072
назначению 2,995732 0,000312
назначения 1,427116 0,000074
назначил 2,813411 0,000147
называвшиеся 2,813411 0,000147
называемом 2,995732 0,000156
называемый 1,514128 0,000079
называется 0,916291 0,000048
называли 1,347074 0,000070
назывался 1,347074 0,000070
наиболее 0,139262 0,000044
наибольшего 2,995732 0,000156
наибольшем 3,912023 0,000204
наибольшими 3,912023 0,000204
наивысший 3,506558 0,000183
наименее 2,207275 0,000230
наименование 1,714798 0,000089
найдены 1,714798 0,000089
наладила 3,912023 0,000204
наладить 3,218876 0,000168
налаживаться 3,912023 0,000204
наличие 1,108663 0,000058
наличию 3,218876 0,000168
налоговые 2,995732 0,000156
налоговый 3,506558 0,000183
намекая 3,912023 0,000204
наместничество 2,302585 0,000240
наметав 3,912023 0,000204
нами -0,009950 -0,000001
нанес 2,995732 0,000156
нанесен 3,912023 0,000204
нанесенном 3,912023 0,000204
нанесла 3,506558 0,000183
нанесли 3,218876 0,000336
нанимались 3,912023 0,000204
наоборот 1,832581 0,000096
нападая 3,912023 0,000204
напечатано 3,912023 0,000204
написан 2,407946 0,000126
напитков 2,813411 0,000147
наполнили 3,912023 0,000204
наполовину 3,506558 0,000183
направление 1,203973 0,000377
направлением 2,120264 0,000111
направлении 1,108663 0,000289
направлений 1,108663 0,000058
направлению 2,040221 0,000106
направления 0,755023 0,000197
направлениям 1,660731 0,000087
направлены 2,659260 0,000139
направо 1,560648 0,000081
напрямую 1,660731 0,000087
нардек 3,912023 0,000204
нардека 3,912023 0,000204
нарекания 3,506558 0,000183
нариманов 2,120264 0,000221
народа 1,714798 0,000179
народная 0,713350 0,000037
народного 1,171183 0,000183
народное 0,798508 0,000125
народной 1,966113 0,000103
народным 3,506558 0,000183
народных 1,203973 0,000251
народов 0,798508 0,000125
народы 1,832581 0,000096
нарушавшую 3,912023 0,000204
нарушая 3,506558 0,000183
нарушение 2,813411 0,000147
нарушено 3,912023 0,000204
нарушил 3,506558 0,000183
насекомые 2,813411 0,000147
население 0,693147 0,000651
населением 0,776529 0,000283
населения 0,494296 0,002010
населениягод 0,000000 0,000000
населенные 0,673345 0,000211
населенный 1,609438 0,000252
населенным 1,897120 0,000099
населенных 0,693147 0,000434
насильственным 3,912023 0,000204
наследия 0,820981 0,000214
насмерть 3,912023 0,000612
настоятеля 3,506558 0,000183
настоящего 2,040221 0,000213
настоящее 0,328504 0,000120
настоящему 2,120264 0,000111
настроенные 3,912023 0,000204
наступает 0,916291 0,000048
наступательной 2,813411 0,000147
наступательные 3,506558 0,000366
наступательный 3,912023 0,000204
наступающей 3,912023 0,000204
наступающему 3,912023 0,000204
наступающим 3,912023 0,000204
наступление 2,120264 0,000774
наступлении 3,912023 0,000204
наступления 2,407946 0,000753
насыпи 3,506558 0,000183
насыпь 3,218876 0,000168
нати 3,912023 0,000204
наука 0,301105 0,000031
науки 0,820981 0,000128
научный 0,941609 0,000049
находились 1,714798 0,000089
находилось 1,771957 0,000277
находился 0,776529 0,000040
находится 0,328504 0,000206
находятся 0,527633 0,000055
находящиеся 2,525729 0,000132
нахождения 2,525729 0,000132
национализирован 3,506558 0,000183
национальная 1,108663 0,000058
национальной 1,272966 0,000133
национальности 0,867501 0,000181
национальность 1,237874 0,000129
национальный 0,597837 0,000156
начавшиеся 3,218876 0,000168
начал 0,798508 0,000291
начала 0,314711 0,000164
началась 0,967584 0,000252
начали 0,891598 0,000186
начало 0,415515 0,000238
началом 1,171183 0,000122
началось 0,616186 0,000225
начался 1,347074 0,000351
началу 1,171183 0,000061
начального 1,832581 0,000096
начато 1,469676 0,000077
начинавшееся 3,912023 0,000204
начинается 0,755023 0,000315
начинаются 1,897120 0,000099
начиная 0,733969 0,000077
начинен 3,912023 0,000204
наше 1,609438 0,000084
нашего 2,040221 0,000532
нашедший 3,506558 0,000183
нашей 1,386294 0,000072
нашествиями 3,506558 0,000183
наши 1,609438 0,000084
нашим 3,506558 0,000183
наших 1,469676 0,000230
нашли 2,120264 0,000111
нащокину 3,912023 0,000204
нгтрк 3,912023 0,000204
неавторитетном 2,525729 0,000132
неавторитетный 2,407946 0,000126
небесному 3,912023 0,000204
небесным 3,506558 0,000183
неблагонадежным 3,912023 0,000204
небольшая 1,897120 0,000099
небольшие 1,832581 0,000096
небольшим 2,040221 0,000213
небольшими 2,120264 0,000221
небольшое 2,040221 0,000106
небольшой 1,427116 0,000149
невинномысск 3,218876 0,000168
невозможно 1,832581 0,000287
невольничьих 3,912023 0,000204
невская 2,813411 0,000147
невский 2,813411 0,000293
невского 1,427116 0,000298
невскому 2,813411 0,000293
негосударственные 2,040221 0,000106
негосударственных 1,966113 0,000103
недвижимость 2,525729 0,000395
недели 2,120264 0,000221
неделю 2,407946 0,000251
недоедания 3,912023 0,000204
недолгую 3,912023 0,000204
недостаточно 2,207275 0,000115
недостроя 3,912023 0,000204
недоступная 0,527633 0,000220
недоступные 0,755023 0,000039
нежелании 3,912023 0,000204
незамужних 3,912023 0,000204
незаселенные 3,912023 0,000204
незастроенной 3,912023 0,000204
незахороненных 3,912023 0,000204
незначительно 2,407946 0,000126
незначительный 3,506558 0,000183
неизвестному 3,506558 0,000183
неизвестным 2,995732 0,000156
нейтрализованы 3,912023 0,000204
некачественного 3,912023 0,000204
некоммерческой -0,009950 -0,000001
некорректный 2,120264 0,000111
некоторые 0,301105 0,000110
некоторыми 2,120264 0,000111
некрасов 2,995732 0,000312
некрасова 2,525729 0,000263
некрасовское 2,120264 0,000111
некрасовцы 3,912023 0,000204
нелегальных 2,995732 0,000156
нелепые 3,912023 0,000204
нем 0,356675 0,000019
немецкая 1,966113 0,000205
немецкие 1,966113 0,000718
немецкий 1,427116 0,000223
немецким 2,659260 0,000139
немецкими 2,407946 0,000126
немецких 2,302585 0,000600
немецко-фашистских 2,525729 0,000263
немецкого 2,207275 0,000230
немецкой 1,897120 0,000593
немецком 2,813411 0,000147
немецкую 2,995732 0,000156
немного 1,714798 0,000089
нему 1,203973 0,000063
немцам 3,506558 0,000183
немцами 3,912023 0,000204
немцев 2,207275 0,001266
немцы 1,203973 0,000377
необходимо 1,237874 0,000065
необходимой 2,407946 0,000126
необходимости 1,660731 0,000087
необходимые 2,407946 0,000126
необходимых 2,407946 0,000251
необъятные 3,912023 0,000204
необычной 3,506558 0,000183
неоднократно 1,139434 0,000059
неоднородны 3,912023 0,000204
неоднородные 3,506558 0,000183
неожиданно 3,218876 0,000168
неожиданностью 3,912023 0,000408
неоновая 3,912023 0,000204
неосуществленные 3,912023 0,000204
неофициально 2,302585 0,000600
неофициальное 2,120264 0,000111
неофициальной 3,506558 0,000183
неофициальным 2,813411 0,000147
неофициальных 3,506558 0,000183
непосредственно 0,478036 0,000050
непрекращающимися 3,912023 0,000204
непрерывный 3,506558 0,000183
непризнанным 3,506558 0,000183
неразгромленных 3,912023 0,000204
неразорвавшимися 3,912023 0,000204
нередко 1,108663 0,000058
несбыточными 3,912023 0,000204
несколькими 1,660731 0,000087
несколько 0,150823 0,000071
несла 3,912023 0,000204
несмотря 0,755023 0,000079
неубранными 3,912023 0,000204
неудачная 3,218876 0,000168
неудачного 3,912023 0,000204
неудачной 3,218876 0,000168
неудачные 3,912023 0,000204
неуклонно 2,995732 0,000156
нефтебазу 3,912023 0,000408
нефтебазы 3,912023 0,000204
нефтеналивной 3,912023 0,000204
нефтеналивные 3,912023 0,000204
нефтеперерабатывающий 2,995732 0,000156
нефтепереработки 3,218876 0,000168
нефти 1,514128 0,000158
нефть 1,832581 0,000191
нефтяным 3,912023 0,000204
нехаевский 3,912023 0,000204
нехватки 2,659260 0,000139
нигерия 2,995732 0,000156
ниже 0,693147 0,000217
нижне-волжская 3,218876 0,000336
нижне-волжский 3,506558 0,000366
нижне-волжской 3,218876 0,000168
нижневолжский 3,912023 0,000612
нижневолжского 3,506558 0,000183
нижнего 1,514128 0,000316
нижнее 1,966113 0,000103
нижней 1,514128 0,000158
нижнем 1,660731 0,000173
нижнему 3,218876 0,000168
нижние 1,660731 0,000173
нижний 0,673345 0,000176
нижнюю 2,995732 0,000156
нижняя 1,203973 0,000063
низкая 1,660731 0,000173
низкие 2,040221 0,000106
низкопольные 3,218876 0,000336
низменная 3,218876 0,000168
низменности 1,897120 0,000099
низменность 2,813411 0,000293
никакие 3,506558 0,000183
никакого 2,525729 0,000132
никем 3,506558 0,000183
никитина 2,302585 0,000120
никиты-исповедника 3,912023 0,000204
никифор 3,218876 0,000168
николаев 2,407946 0,000126
николаевск 1,966113 0,000410
николаевский 2,525729 0,000132
николая 0,916291 0,000096
ними 1,049822 0,000164
нквд 2,813411 0,000147
нобелевский 2,995732 0,001093
нобелевского 3,912023 0,000204
нобелей 3,912023 0,000408
новая 0,634878 0,000066
новгород 0,867501 0,000090
новгороду 3,506558 0,000183
новоаненского 3,912023 0,000204
новоаннинский 3,912023 0,000612
нового 0,579818 0,000121
новогодним 3,912023 0,000204
новодевичье 2,120264 0,000111
новое 0,755023 0,000118
новой 0,653926 0,000170
новокузнецк 1,272966 0,000066
новокуйбышевск 2,120264 0,000111
новомосковск 1,203973 0,000063
новому 1,832581 0,000096
новониколаевский 3,506558 0,000366
новорожденным 3,912023 0,000204
новороссийск 1,966113 0,000205
новосибирск 0,916291 0,000096
новости 0,579818 0,000091
новостное 3,912023 0,000204
новоузенск 3,506558 0,000183
новоульяновск 2,120264 0,000111
новочебоксарск 2,120264 0,000111
новошахтинск 3,506558 0,000183
новую 1,171183 0,000061
новые 0,342490 0,000268
новый 0,446287 0,000116
новым 1,049822 0,000109
новых 0,430783 0,000157
ногаев 3,912023 0,000612
ногаи 3,912023 0,000204
ногайская 3,218876 0,000168
ногайский 2,995732 0,000156
ногайской 3,218876 0,000336
ногайскому 3,912023 0,000204
ногайцы 1,897120 0,000297
ногаям 3,912023 0,000204
номер 0,820981 0,000086
номерами 2,813411 0,000147
норвегию 3,912023 0,000204
норвежская 0,248461 0,000026
норма 0,798508 0,000042
нормалей 3,912023 0,000612
нормализовалась 3,506558 0,000183
нормативно-технической 3,218876 0,000168
носит 1,309333 0,000068
нохчийн 0,000000 0,000000
ночь 1,514128 0,000079
ночью 2,207275 0,000230
нояб 0,820981 0,000043
ноябрь 1,171183 0,000061
ноябрьского 3,912023 0,000204
ноября 0,127833 0,000327
нравился 3,912023 0,000204
нська 0,000000 0,000000
нуждавшийся 3,912023 0,000204
нужды 2,040221 0,000213
нужны 2,659260 0,000139
нулевая 2,995732 0,000156
нумизматике 2,207275 0,000115
ныне 0,653926 0,000102
нынешнего 1,771957 0,000185
нынешнее 2,659260 0,000139
нынешней 1,966113 0,000308
нынешний 2,040221 0,000213
нынешних 3,218876 0,000168
ньскъ 0,000000 0,000000
нэпом 3,912023 0,000204
нэт 3,912023 0,000408
оао 0,916291 0,000143
оба 1,386294 0,000145
обанкротившийся 3,912023 0,000204
обвод 3,912023 0,000204
обводов 3,912023 0,000204
обводы 3,912023 0,000408
обе 1,609438 0,000084
обедненными 3,912023 0,000204
обеих 2,207275 0,000345
обернулось 3,506558 0,000183
обескровят 3,912023 0,000204
обеспечивает 1,108663 0,000058
обеспечивая 2,813411 0,000147
обещание 3,218876 0,000168
обещания 3,218876 0,000168
обзор 1,171183 0,000122
обильным 3,912023 0,000204
обитания 2,120264 0,000111
обитают 2,040221 0,000106
обиходное 3,912023 0,000204
обиходы 3,912023 0,000204
обком 3,912023 0,000204
обкома 2,207275 0,000690
обл 1,714798 0,000089
области 0,223144 0,000384
областигорода 2,407946 0,000126
областная 1,309333 0,000273
областного 1,108663 0,000347
областное 2,302585 0,000120
областной 1,078810 0,000619
областные 1,771957 0,000185
областным 2,207275 0,000115
областными 2,813411 0,000147
областных 2,207275 0,000345
область 0,385662 0,000342
областьгорода 1,309333 0,000068
облик 1,272966 0,000133
облицовочного 3,912023 0,000204
обмен 1,832581 0,000191
обнаружены 1,771957 0,000092
обновить 3,218876 0,000168
обновлениявикипедия 1,771957 0,000092
обогнал 2,659260 0,000139
обогнув 3,912023 0,000204
обозначения 1,660731 0,000087
обойдя 3,218876 0,000168
оборона 2,120264 0,000774
обороне 2,207275 0,000575
оборонительной 2,525729 0,000132
оборонительную 3,912023 0,000204
оборонительные 2,525729 0,000263
оборонительными 3,912023 0,000204
оборонная 2,995732 0,000156
оборонное 3,218876 0,000336
оборонной 2,659260 0,000139
оборонные 2,995732 0,000156
оборонных 2,995732 0,000156
обороной 3,506558 0,000366
оборону 2,995732 0,000469
обороны 1,309333 0,000819
оборонявшую 3,912023 0,000204
оборонял 3,912023 0,000204
обороняла 3,506558 0,000183
обороняющейся 3,912023 0,000204
обороняющиеся 3,912023 0,000204
обороняющихся 3,506558 0,000183
оборудование 1,347074 0,000140
оборудования 1,049822 0,000164
обострения 3,912023 0,000204
обошлось 3,218876 0,000168
обрав 3,912023 0,000204
образовавшейся 3,506558 0,000183
образовала 3,218876 0,000168
образовали 2,813411 0,000147
образован 1,347074 0,000140
образована 1,427116 0,000149
образование 0,494296 0,000206
образованиевузыздравоохранениеучреждения 3,912023 0,000204
образовании 1,832581 0,000191
образований 1,386294 0,000072
образования 0,478036 0,000125
образованиям 0,776529 0,000607
образованного 2,995732 0,000156
образованный 2,525729 0,000395
образовано 1,609438 0,000084
образовать 3,218876 0,000168
образом 0,371064 0,000097
образует 0,994252 0,000104
образуют 1,771957 0,000092
образцового 3,912023 0,000204
образцу 3,506558 0,000183
обратно 1,714798 0,000089
обращения 0,030459 0,000276
обследовать 3,912023 0,000204
обслуживало 3,912023 0,000204
обслуживающий 3,218876 0,000168
обслуживая 3,912023 0,000204
обстоятельства 2,995732 0,000156
обстрела 3,912023 0,000204
обувная 2,995732 0,000156
обустройству 3,912023 0,000204
обучение 1,714798 0,000179
обучения 1,660731 0,000173
обход 1,832581 0,000096
общая 0,673345 0,000105
общей 0,597837 0,000062
общеобразовательных 1,203973 0,000063
общероссийском 2,995732 0,000156
общественная 2,040221 0,000106
общественно-развлекательных 3,912023 0,000204
общественного 0,916291 0,000096
общественное 1,966113 0,000103
общественном 1,897120 0,000099
общественностью 2,995732 0,000156
общественный 0,941609 0,000049
общественных 1,021651 0,000107
обществом 2,525729 0,000263
общие 0,673345 0,000035
общность 3,218876 0,000168
объединены 1,832581 0,000096
объездная 2,659260 0,000416
объездными 3,506558 0,000183
объект 1,386294 0,000072
объекта 1,203973 0,000063
объектами 1,897120 0,000198
объектов 0,527633 0,000110
объектом 1,560648 0,000163
объекты 0,478036 0,000174
объем 0,616186 0,000096
объехать 3,506558 0,000183
объявил 1,714798 0,000089
объявили 2,659260 0,000277
обычаев 3,912023 0,000204
обычная 3,218876 0,000336
обычного 2,525729 0,000263
обычную 3,912023 0,000204
обычный 2,813411 0,000147
обычным 2,659260 0,000139
обязательному 3,506558 0,000183
овощной 3,506558 0,000366
овражный 3,912023 0,000204
огласивший 3,912023 0,000204
огнем 2,813411 0,000147
огнеметами 3,912023 0,000204
огонь 1,771957 0,000092
ограничен 2,525729 0,000132
ограничение 2,995732 0,000156
огромен 3,912023 0,000204
огромная 2,995732 0,000156
огромное 1,966113 0,000308
огромную 2,207275 0,000230
огромные 2,302585 0,000240
огромный 2,207275 0,000460
огромными 3,506558 0,000183
одаль 3,912023 0,000204
одеждах 3,912023 0,000204
одесса 2,207275 0,000230
одетым 3,912023 0,000204
одинаковое 3,912023 0,000204
одичавшие 3,912023 0,000204
одна 0,527633 0,000083
однако 0,174353 0,000073
одним 0,494296 0,000180
одно 0,693147 0,000036
одновременно 0,776529 0,000040
одновременным 3,218876 0,000168
одного 0,544727 0,000085
одноименная 3,218876 0,000168
одноименные 3,506558 0,000366
одной 0,371064 0,000155
одном 1,139434 0,000119
односекционные 3,912023 0,000408
одобрен 3,218876 0,000168
одобрили 3,218876 0,000168
ожесточенно 3,912023 0,000204
оживленным 3,912023 0,000204
ожидают 1,897120 0,000099
озерных 2,995732 0,000156
озеру 2,995732 0,000156
озлоблении 3,912023 0,000204
ознаменовалось 2,813411 0,000147
означает 1,237874 0,000129
означенной 3,912023 0,000204
оказавшихся 3,506558 0,000183
оказала 3,218876 0,000168
оказали 2,407946 0,000126
оказались 1,514128 0,000395
оказалось 2,120264 0,000221
оказался 1,832581 0,000478
оказывал 3,218876 0,000168
оказываются 2,302585 0,000120
окато 0,820981 0,000086
окв 3,912023 0,000204
оккупации 2,659260 0,000139
окнам 3,912023 0,000204
окнами 3,218876 0,000336
около 0,000000 0,000000
оконечность 2,995732 0,000312
окончании 2,659260 0,000139
окончания 1,714798 0,000179
окончательно 1,203973 0,000628
окопаться 3,912023 0,000204
окопов 3,912023 0,000204
окраинам 2,813411 0,000147
окраину 3,506558 0,000183
окраины 2,302585 0,000240
окрестностей 1,714798 0,000089
окрестности 1,560648 0,000163
окрестностях 1,469676 0,000077
округ 0,673345 0,000316
округа 0,653926 0,000273
округов 0,776529 0,000324
округом 2,302585 0,000120
окружающей 1,049822 0,000055
окружена 3,506558 0,000183
окружение 2,659260 0,000555
окружении 2,659260 0,000139
окружения 3,218876 0,000671
окруженная 3,912023 0,000204
окруженной 2,813411 0,000147
окруженные 3,506558 0,000183
окруженных 3,506558 0,000548
окружены 3,506558 0,000183
окружить 3,912023 0,000408
окрыленный 3,912023 0,000204
оксидов 3,506558 0,000183
окт 0,798508 0,000042
октмо 0,843970 0,000044
октябре 0,967584 0,000050
октябрь 0,867501 0,000724
октябрьск 2,120264 0,000111
октябрьский 1,078810 0,000112
октябрьской 1,078810 0,000056
октября 0,083382 0,000322
олеария 2,813411 0,000147
олевано-романо 3,912023 0,000204
олимпиад 3,506558 0,000183
олимпийские 2,659260 0,000139
олимпия 2,813411 0,000440
олферьеву 3,912023 0,000204
олык 0,000000 0,000000
ольховка 3,506558 0,000183
ольховский 3,912023 0,000204
ольшанки 3,912023 0,000204
омск 1,021651 0,000107
онлайн 0,198451 0,000010
оно 0,000000 0,000000
оном 3,506558 0,000183
оных 3,506558 0,000183
оон 1,560648 0,000081
ооо 0,843970 0,000132
оопт 3,218876 0,000168
опалева 3,912023 0,000204
опасной 3,218876 0,000168
опасности 2,525729 0,000132
опасностях 3,912023 0,000204
опасным 2,525729 0,000132
опера 2,659260 0,000139
оператор 1,609438 0,000420
оператора 1,966113 0,000103
операторы 1,514128 0,000158
операции 1,139434 0,000297
операцию 3,218876 0,000336
операция 2,040221 0,000213
оперу 3,912023 0,000204
опирается 2,040221 0,000106
описание -0,009950 -0,000003
описания 1,832581 0,000096
описаны 2,659260 0,000139
оплату 2,995732 0,000156
оплот 3,506558 0,000183
ополчения 2,207275 0,000115
ополченская 3,912023 0,000204
опоясывался 3,912023 0,000204
определяться 3,506558 0,000183
определяющими 3,912023 0,000204
опрошенных 2,813411 0,000147
оптима 3,218876 0,000336
оптимизация 3,218876 0,000168
оптимизировать 2,995732 0,000156
опустыненной 3,912023 0,000204
оратора 3,912023 0,000204
орашул-сталин 3,506558 0,000183
орган 1,203973 0,000063
органа 1,966113 0,000103
организаторским 3,912023 0,000204
организаторскими 3,912023 0,000204
организации -0,009950 -0,000003
организация 0,891598 0,000279
организовавший 3,218876 0,000168
организован 1,660731 0,000173
организованная 2,407946 0,000126
организованно 3,912023 0,000204
организованные 3,218876 0,000168
организованный 2,525729 0,000132
организованы 2,040221 0,000213
органом 1,514128 0,000237
органы 0,891598 0,000139
орда 3,218876 0,000336
орден 1,966113 0,000205
орденом 1,021651 0,000213
орджоникидзе 2,040221 0,000106
орды 1,966113 0,000308
ордынских 3,506558 0,000183
ордынское 2,995732 0,000156
оренбург 1,966113 0,000103
оренбурга 3,218876 0,000168
оригинала 0,162519 0,000127
ориентировались 3,912023 0,000204
оркестр 1,660731 0,000087
оркестра 2,525729 0,000132
орландо 3,506558 0,000366
орск 1,272966 0,000066
ортопедии 3,218876 0,000503
ортопедической 3,912023 0,000612
ортса 0,000000 0,000000
орудий 2,525729 0,000132
орудийный 3,912023 0,000408
орудия 2,995732 0,000156
оружейные 3,506558 0,000183
оружия 1,560648 0,000081
осада 2,407946 0,000126
осаде 2,995732 0,000156
осадками 1,771957 0,000092
осадков 0,544727 0,000085
осадной 3,912023 0,000204
осаду 2,207275 0,000345
осваивалось 3,912023 0,000204
освещены 3,506558 0,000183
освобождении 2,813411 0,000147
освобождения 2,040221 0,000106
освобождены 3,912023 0,000204
освоение 1,966113 0,000103
освятили 3,506558 0,000183
осенью 1,309333 0,000137
осетины 1,771957 0,000092
осетра 3,218876 0,000168
оси 2,525729 0,000132
осипов 0,527633 0,000028
осиповичю 3,912023 0,000204
осколков 3,912023 0,000204
ослаблен 3,912023 0,000204
османской 2,813411 0,000147
оснащенный 3,912023 0,000204
основали 2,659260 0,000139
основам 3,912023 0,000204
основан 0,579818 0,000242
основана 1,272966 0,000265
основание 1,272966 0,000066
основания 0,713350 0,000260
основанную 3,218876 0,000168
основанные 0,776529 0,000081
основанными 2,525729 0,000132
основано 1,966113 0,000103
основаны 1,771957 0,000185
основатель 1,609438 0,000252
основателям 2,995732 0,000156
основе 0,494296 0,000026
основная 0,116534 0,000091
основной 0,653926 0,000239
основном 0,510826 0,000027
основную 1,832581 0,000191
основные 0,223144 0,000047
основным 0,616186 0,000064
основных 0,634878 0,000066
основой 1,237874 0,000065
особ 3,912023 0,000204
особенно 0,562119 0,000059
особенностей 1,832581 0,000096
особенности 0,994252 0,000052
особы 3,506558 0,000183
осознала 3,912023 0,000204
оспаривались 3,912023 0,000204
оставалась 2,302585 0,000120
оставались 2,302585 0,000120
оставалось 3,218876 0,000839
оставался 1,966113 0,000205
оставаться 2,207275 0,000115
оставили 2,525729 0,000132
оставило 3,506558 0,000183
оставлен 3,506558 0,000183
оставлении 3,912023 0,000204
оставлены 3,912023 0,000408
оставляя 3,506558 0,000183
оставшихся 2,659260 0,000277
оставя 3,912023 0,000204
остается 0,891598 0,000046
осталась 2,525729 0,000527
остались 1,714798 0,000358
осталось 2,040221 0,000106
остался 2,407946 0,000628
остальная 3,218876 0,000336
остальной 1,966113 0,000205
остальные 0,891598 0,000232
остальных 1,660731 0,000433
останавливают 3,912023 0,000204
останки 2,995732 0,000156
остановки 2,302585 0,000120
остановку 2,813411 0,000147
остатки 1,469676 0,000077
остен-сакен 3,912023 0,000204
острава 3,912023 0,000408
острие 3,506558 0,000183
остров 1,139434 0,000535
острова 1,078810 0,000619
острове 1,660731 0,000520
островная 3,506558 0,000183
островского 2,407946 0,000251
острову 3,506558 0,000183
острог 2,120264 0,000221
острога 2,302585 0,000120
осуществился 3,912023 0,000204
осуществляется 0,776529 0,000040
осуществлял 3,218876 0,000168
осуществлялась 2,407946 0,000126
осуществляли 2,659260 0,000139
осуществляло 3,506558 0,000183
осуществлялся 2,995732 0,000156
осуществляют 1,469676 0,000077
ось 3,506558 0,000183
отбила 3,912023 0,000204
отбиралось 3,912023 0,000204
отбирать 3,506558 0,000183
отбить 3,912023 0,000204
отбор 3,218876 0,000168
отбросить 3,912023 0,000408
отв 0,755023 0,000039
отваге 3,912023 0,000204
отвагой 3,912023 0,000204
отважный 3,912023 0,000204
ответственности -0,009950 -0,000001
ответы 1,514128 0,000079
отвечал 2,813411 0,000147
отвечающему 3,912023 0,000204
отд 2,525729 0,000132
отделение 1,139434 0,000119
отделению 3,912023 0,000204
отделены 3,506558 0,000183
отдельной 2,407946 0,000126
отдельную 1,832581 0,000191
отдельных -0,009950 -0,000003
отдых 2,207275 0,000115
отдыха 1,049822 0,000055
отдыхом 3,912023 0,000204
отечественная 1,832581 0,000096
отечественной 0,673345 0,000035
отечественную 2,813411 0,000147
отечественные 2,813411 0,000147
отказ -0,009950 -0,000001
отказа 2,813411 0,000440
отказалась 2,813411 0,000147
отказано 3,912023 0,000204
откладывать 3,912023 0,000204
открывал 3,912023 0,000204
открывшая 3,912023 0,000204
открыл 1,609438 0,000168
открылась 1,309333 0,000068
открыли 1,237874 0,000129
открылись 2,659260 0,000277
открылся 0,941609 0,000098
открыт 0,798508 0,000291
открыта 0,967584 0,000050
открытая 1,771957 0,000092
открытие 0,941609 0,000049
открытию 2,995732 0,000156
открыто 1,078810 0,000169
открытой 2,207275 0,000115
открытую 3,218876 0,000168
открыты 1,049822 0,000109
открытый 1,049822 0,000109
откуда 0,000000 0,000000
отличается 0,579818 0,000030
отличие 0,891598 0,000139
отменены 2,659260 0,000277
отменив 3,912023 0,000204
отмены 2,302585 0,000120
отменялись 3,912023 0,000204
отметкам 3,912023 0,000204
отмечает 2,040221 0,000106
отмечается 1,309333 0,000068
отмечен 1,966113 0,000103
относившихся 3,912023 0,000204
относились 2,813411 0,000147
относился 2,813411 0,000147
относительно 0,415515 0,000022
относятся 0,713350 0,000074
отношений 1,309333 0,000068
отношения 0,994252 0,000259
отослали 3,912023 0,000204
отошла 3,218876 0,000168
отошли 2,813411 0,000293
отправлено 2,302585 0,000120
отправлялись 2,525729 0,000132
отпущены 3,506558 0,000366
отработано 3,912023 0,000204
отравленного 3,912023 0,000204
отрада 2,995732 0,000625
отрадинская 3,912023 0,000204
отрады 3,912023 0,000204
отражающее 3,912023 0,000204
отражение 2,040221 0,000213
отразивший 3,912023 0,000204
отрасли 1,078810 0,000112
отредактирована -0,009950 -0,000001
отрезвление 3,912023 0,000204
отремонтированных 3,912023 0,000204
отреставрированы 2,813411 0,000147
отрицательно 2,995732 0,000156
отрицательные 3,506558 0,000183
отряд 2,120264 0,000663
отрядом 2,659260 0,000139
отряды 2,040221 0,000319
отсекли 3,912023 0,000204
отсечении 3,912023 0,000204
отставного 3,912023 0,000204
отставным 3,912023 0,000204
отстоял 3,912023 0,000204
отстраивать 2,995732 0,000156
отступивших 3,912023 0,000204
отступил 2,995732 0,000312
отступили 3,506558 0,000183
отступить 3,506558 0,000731
отступление 3,506558 0,000183
отсутствие 1,347074 0,000070
отсутствовали 2,813411 0,000147
оттенком 3,912023 0,000204
оттепелями 2,659260 0,000139
отходящих 2,995732 0,000156
отхожие 3,912023 0,000204
отца 2,995732 0,000156
отчаявшиеся 3,912023 0,000204
отчаянное 3,506558 0,000183
отчаянной 3,912023 0,000204
отчислен 3,912023 0,000204
офис 1,966113 0,000103
офисное 2,995732 0,000156
офицеров 1,771957 0,000092
официальной 1,469676 0,000077
официальном 2,120264 0,000111
официальные 1,469676 0,000230
официальный 0,510826 0,000213
офонасьевичю 3,912023 0,000204
оформить 3,218876 0,000168
охват 3,506558 0,000183
охваченные 2,525729 0,000132
охвачены 3,912023 0,000204
охране 1,609438 0,000084
охранное 3,912023 0,000204
охраны 1,427116 0,000074
оценка 0,693147 0,000072
оценке 1,560648 0,000081
очаги 3,912023 0,000204
очень 0,494296 0,000129
очередь 0,527633 0,000138
очерк 1,237874 0,000065
очерках 2,813411 0,000147
очистку 2,659260 0,000139
очистные 2,207275 0,000115
ошибкекак -0,009950 -0,000001
ошибкой 3,506558 0,000183
ошибочно 2,813411 0,000147
ошибочным 3,506558 0,000183
павел 1,469676 0,000077
павла 1,714798 0,000089
павлова 2,525729 0,000790
павловский 2,302585 0,000120
павших 2,813411 0,000293
падало 3,912023 0,000204
паек 3,912023 0,000204
паз 2,995732 0,000937
пакгаузы 3,506558 0,000183
пакистанцы 2,120264 0,000111
пала 2,995732 0,000156
палаты 2,302585 0,000120
палка 3,912023 0,000204
палласовка 3,912023 0,000408
палласовский 3,912023 0,000204
пальгунов 3,912023 0,000204
памяти 1,078810 0,000281
памятная 1,660731 0,000087
памятник 0,693147 0,000361
памятника 1,078810 0,000056
памятники 0,733969 0,000459
памятников 0,820981 0,000043
память 0,891598 0,000093
панелей 3,506558 0,000183
панике 3,912023 0,000204
панорама 1,386294 0,000217
панораму 3,218876 0,000168
панорамы 2,040221 0,000213
паншино 3,912023 0,000204
паншином 3,912023 0,000204
параллельно 1,237874 0,000065
параскевы 3,506558 0,000183
париже 2,659260 0,000139
парк 0,693147 0,000578
парка 1,021651 0,000107
парками 2,813411 0,000147
парки 1,272966 0,000332
парковым 3,506558 0,000183
парком 2,302585 0,000120
парнас 2,995732 0,000156
парнокопытные 3,912023 0,000204
паровозов 3,506558 0,000183
пародии 3,912023 0,000204
пароходов 3,506558 0,000183
пароходы 3,506558 0,000366
партии 1,966113 0,000205
партийным 2,525729 0,000132
партнерских 3,218876 0,000168
партсъезда 3,506558 0,000183
паруса 2,813411 0,000147
парчеву 3,912023 0,000204
пассажиропотока 3,506558 0,000183
пассажирские 1,427116 0,000149
пассажирский 1,514128 0,000079
пассажирского 1,609438 0,000084
пассажирское 2,525729 0,000132
пасти 3,506558 0,000183
патп 3,506558 0,000183
патриотического 3,912023 0,000204
пауки 3,912023 0,000204
паулюс 3,912023 0,000408
паулюса 3,912023 0,000612
паулюсу 3,912023 0,000408
пацаны 3,506558 0,000183
пачкалов 3,506558 0,000548
пво 2,813411 0,000147
педагогический 1,078810 0,000056
пеликанообразные 3,912023 0,000204
пенза 1,108663 0,000058
пенза-саратов-царицын 3,912023 0,000204
пензенская 2,207275 0,000115
пензенский 3,506558 0,000183
пензенского 3,506558 0,000183
пензенской 2,813411 0,000293
первая 0,430783 0,000247
первого 0,733969 0,000153
первое 0,544727 0,000256
первой 0,462035 0,000313
первомайск 3,506558 0,000183
первому 2,207275 0,000230
первоначальном 3,506558 0,000366
первоочередной 3,506558 0,000183
первую 0,867501 0,000090
первые 0,494296 0,000283
первый 0,385662 0,000322
первым 0,597837 0,000218
первыми 1,609438 0,000168
первых 0,653926 0,000068
перебазирована 3,912023 0,000204
перебрасывать 3,912023 0,000204
перебросить 3,506558 0,000183
переброской 3,912023 0,000204
переброшенными 3,912023 0,000204
перевалку 3,912023 0,000204
переведенное 3,912023 0,000204
переведено 3,218876 0,000168
переведены 2,207275 0,000345
переводились 3,912023 0,000204
перевозок 1,469676 0,000077
переволок 3,912023 0,000204
переволока 3,506558 0,000366
переволоке 3,912023 0,000816
переволоки 2,407946 0,000126
переволоку 3,506558 0,000548
перегруженного 3,506558 0,000183
перегруппировку 3,912023 0,000204
перегруппировывались 3,912023 0,000204
передан 2,040221 0,000106
переданы 2,302585 0,000120
передвигаться 3,912023 0,000204
переехать 3,912023 0,000204
переживает 2,659260 0,000139
переживший 3,912023 0,000204
пережил 3,218876 0,000503
пережила 3,218876 0,000168
пережили 3,218876 0,000336
переименован 1,347074 0,000492
переименована 1,771957 0,000092
переименовании 1,897120 0,000297
переименований 3,506558 0,000366
переименованию 3,506558 0,000183
переименовано 3,218876 0,000168
переименованы 3,218876 0,000168
переименовывается 3,506558 0,000183
перейти -0,009950 -0,000001
перекат 3,912023 0,000204
перекрещенные 3,912023 0,000204
перекрещенных 3,912023 0,000204
переливали 3,912023 0,000204
переломной 3,912023 0,000204
переломов 3,912023 0,000204
перемещаться 2,995732 0,000156
перемычка 3,912023 0,000204
перемычкой 3,912023 0,000204
перенаправляются 2,813411 0,000147
перенесен 2,040221 0,000213
перенести 2,207275 0,000115
перенесут 3,506558 0,000183
перенос 2,659260 0,000416
переноса 2,120264 0,000221
переносить 2,995732 0,000156
переносу 3,506558 0,000183
переоборудованы 3,912023 0,000408
переосмысленное 3,912023 0,000204
переоткрыто 3,912023 0,000204
перепада 3,912023 0,000204
перепады 2,995732 0,000156
перепелицын 3,912023 0,000204
переписи 0,755023 0,000354
переписных 1,897120 0,000099
перепись 0,820981 0,000342
переправе 3,218876 0,000168
переправилась 3,912023 0,000204
переправы 1,832581 0,000096
перерабатывающая 3,506558 0,000183
переработке 2,120264 0,000111
перерезать 3,912023 0,000204
перерос 3,912023 0,000204
перерывом 3,218876 0,000168
пересекает 2,302585 0,000360
пересекают 2,995732 0,000156
переселенцами 3,506558 0,000183
переселенцы 3,218876 0,000168
переселялись 2,995732 0,000156
пересечение 2,302585 0,000240
переставшего 3,912023 0,000204
перестала 2,995732 0,000156
перестраивались 3,218876 0,000168
перестроен 2,302585 0,000120
перестроена 3,506558 0,000366
перестроенной 3,506558 0,000183
перестроенном 3,912023 0,000204
перестройки 2,407946 0,000251
перетащив 3,912023 0,000408
переход 1,427116 0,000149
переходов 2,659260 0,000139
переходом 2,302585 0,000120
переходят 2,659260 0,000139
перешеек 2,995732 0,000156
периметра 3,506558 0,000183
перинатальный 2,207275 0,000115
период 0,342490 0,000661
периода 0,967584 0,000303
периодически 1,897120 0,000099
пермь 0,994252 0,000104
персидский 2,995732 0,000156
персией 3,218876 0,000168
персии 2,995732 0,000156
персию 3,912023 0,000204
персональные -0,009950 -0,000001
персы 1,966113 0,000103
песней 3,506558 0,000183
песню 2,525729 0,000132
песня 1,609438 0,000084
песчаная 2,995732 0,000625
песчанка 2,813411 0,000293
песчаных 3,218876 0,000168
петелина 3,912023 0,000204
петербургского 2,302585 0,000240
петр 1,108663 0,000231
петра 1,078810 0,000337
петров 2,207275 0,000345
петрова 2,302585 0,000600
петровским 3,912023 0,000204
петром 2,120264 0,000221
петропавловск 2,995732 0,000156
петру 1,771957 0,000185
пехотинцев 3,912023 0,000204
пехотные 3,912023 0,000204
пехоты 3,506558 0,000183
печати -0,009950 -0,000001
печать -0,009950 -0,000001
пеший 3,912023 0,000204
пеших 2,813411 0,000147
пешком 3,506558 0,000183
пивовар 3,912023 0,000408
пигалев 3,912023 0,000204
пика 3,218876 0,000168
пике 3,218876 0,000168
пионерка 3,912023 0,000204
пионерку 3,912023 0,000204
пионеров 1,966113 0,000103
пионерская 3,506558 0,000548
пирамид 2,659260 0,000139
писан 3,912023 0,000204
писанных 3,912023 0,000204
писатель 1,514128 0,000158
писать 2,407946 0,000251
писем 3,218876 0,000168
письме 2,813411 0,000147
питание 2,659260 0,000139
питания 1,272966 0,000066
питеравто 3,912023 0,000408
питомник 3,912023 0,000204
пишет 1,966113 0,000308
пищевая 1,560648 0,000244
плавучие 3,912023 0,000408
плакатом 3,912023 0,000204
план 0,755023 0,000079
планетариев 3,912023 0,000204
планетарий 1,832581 0,000191
планетария 2,995732 0,000625
планировка 1,771957 0,000092
планировку 2,302585 0,000120
планируемый 3,218876 0,000168
планируется 1,021651 0,000053
плану 1,386294 0,000072
планы 1,347074 0,000070
платный 3,218876 0,000168
платным 3,506558 0,000183
платообразную 3,912023 0,000204
платформы 1,272966 0,000066
платье 3,506558 0,000183
плафонах 3,912023 0,000204
плацдарм 3,218876 0,000168
плачевном 3,506558 0,000183
племяннику 3,912023 0,000204
плен 3,218876 0,000168
пленение 3,912023 0,000204
пленения 3,912023 0,000204
пленные 2,995732 0,000469
пленных 3,218876 0,000168
пленума 3,912023 0,000408
плес 1,966113 0,000103
плодородие 2,995732 0,000156
плоньск 3,912023 0,000408
плотине 2,407946 0,000126
плотиной 2,659260 0,000139
плотины 2,207275 0,000115
плотно 2,813411 0,000293
плотность 0,693147 0,000036
плохие 3,218876 0,000168
площадей 1,897120 0,000099
площади 0,510826 0,000160
площадки 1,714798 0,000179
площадку 2,525729 0,000132
площадь 0,478036 0,000224
площадькм 3,912023 0,000204
площадью 0,994252 0,000052
плюс 1,386294 0,000072
по-прежнему 1,966113 0,000103
по-разному 2,407946 0,000126
побед 2,813411 0,000147
победа 1,609438 0,000336
победившего 3,912023 0,000204
победил 2,302585 0,000120
победителем 2,207275 0,000115
победителям 3,912023 0,000204
победы 0,916291 0,000191
побежали 3,912023 0,000408
побережье 1,560648 0,000081
побили 3,912023 0,000408
побрали 3,912023 0,000204
побратимом 2,525729 0,000132
побратимские 2,302585 0,000120
побратимский 3,506558 0,000183
побратимских 2,120264 0,000111
поведения -0,009950 -0,000001
повел 3,912023 0,000204
повелел 2,995732 0,000156
повивального 3,912023 0,000204
повлекла 3,912023 0,000204
повода 3,912023 0,000204
поволжская 3,218876 0,000336
поволжские 3,912023 0,000408
поволжских 3,506558 0,000183
поволжье 1,832581 0,000287
поволжья 1,714798 0,000536
поворотом 3,912023 0,000204
повреждений 3,912023 0,000204
повреждениями 3,912023 0,000204
повторно 2,813411 0,000587
повторявшая 3,912023 0,000204
повторяя 3,912023 0,000204
повышать 3,912023 0,000204
повышенное 3,506558 0,000183
повышенной 2,813411 0,000147
погиб 2,525729 0,000132
погибла 3,912023 0,000204
погибли 1,832581 0,000096
погибло 2,040221 0,000106
погибшие 2,995732 0,000156
погибшим 1,832581 0,000096
погибших 1,714798 0,000179
поглотившие 3,912023 0,000204
погода 0,776529 0,000081
пограничной 2,995732 0,000156
пограничном 3,912023 0,000204
пограничным 2,995732 0,000156
пограничных 2,995732 0,000156
погром 2,995732 0,000312
подавления 2,659260 0,000416
подарено 3,506558 0,000183
подарив 3,912023 0,000204
подарком 3,506558 0,000183
подарок 3,218876 0,000168
подвел 3,218876 0,000168
подвели 3,912023 0,000204
подверглись 2,995732 0,000156
подвергся 2,813411 0,000147
подвиг 2,659260 0,000139
подводили 3,912023 0,000204
подготовка 1,771957 0,000092
подготовкой 2,995732 0,000156
подданных 2,995732 0,000156
подданство 2,813411 0,000147
поддерживались 3,912023 0,000204
поддерживать 2,995732 0,000156
поддержку 1,469676 0,000077
подземная 2,995732 0,000156
подземного 2,995732 0,000156
подземных 1,966113 0,000103
подкова 3,912023 0,000204
подлежали 3,912023 0,000204
подмогой 3,912023 0,000204
подножия 2,813411 0,000147
поднял 3,912023 0,000204
поднять 3,506558 0,000183
подобных 2,040221 0,000106
подозревал 3,912023 0,000204
подольск 1,272966 0,000066
подошедшей 3,912023 0,000204
подошедшие 3,912023 0,000204
подошла 3,506558 0,000183
подписал 2,040221 0,000106
подразделение 2,407946 0,000377
подразумевались 3,912023 0,000408
подробнее -0,009950 -0,000001
подставное 3,912023 0,000204
подстройка 3,912023 0,000204
подступах 3,506558 0,000183
подступил 3,912023 0,000204
подхода 2,407946 0,000126
подходит 2,207275 0,000230
подчинения 1,386294 0,000072
подчиненными 2,995732 0,000156
подчиненных 3,218876 0,000168
подчинены 1,897120 0,000099
подчинило 3,506558 0,000183
подчинялись 3,912023 0,000408
подчинялся 2,659260 0,000277
подъезд 2,659260 0,000416
подъехал 3,912023 0,000204
подьячего 3,912023 0,000204
подьячьими 3,912023 0,000204
поезда 1,272966 0,000066
пожалуйста 1,469676 0,000077
пожарище 3,912023 0,000204
пожарная 2,813411 0,000147
пожарной 2,407946 0,000126
пожаров 2,302585 0,000120
пожертвования 2,813411 0,000147
позволило 1,514128 0,000079
позволяет 0,755023 0,000039
позвоночные 3,506558 0,000183
позднее 0,798508 0,000042
позднесоветский 3,506558 0,000183
поздравительную 3,506558 0,000183
позже 0,733969 0,000115
позиции 1,832581 0,000191
позиций 2,659260 0,000139
поиск -0,009950 -0,000001
поиску -0,009950 -0,000001
пойм 3,506558 0,000183
пойма 2,207275 0,000115
поймали 3,912023 0,000204
пойме 2,207275 0,000690
пойменной 3,218876 0,000168
пойменными 3,218876 0,000168
пойму 2,813411 0,000293
поймы 2,659260 0,000277
показавшей 3,912023 0,000204
показал 1,832581 0,000096
показаны 2,407946 0,000126
показателей 1,203973 0,000126
показатели 0,994252 0,000052
показатель 0,713350 0,000074
показателям 2,302585 0,000120
показывают 2,207275 0,000115
покинут 3,912023 0,000204
покоев 3,912023 0,000204
покоряло 3,912023 0,000204
покров 1,469676 0,000077
покровителем 3,506558 0,000183
покровителю 3,912023 0,000408
покровителя 2,995732 0,000156
покупает 3,506558 0,000183
покупали 3,218876 0,000168
покупало 3,912023 0,000204
покупки 2,659260 0,000139
покупочка 3,912023 0,000204
полагалось 3,912023 0,000204
полвека 2,659260 0,000139
полдень 0,916291 0,000048
поле 0,798508 0,000250
полевая 2,813411 0,000293
полезные 2,407946 0,000126
поликлиниках 3,218876 0,000168
поликлиники 1,966113 0,000103
политехнического 2,207275 0,000230
политика -0,009950 -0,000001
политике 2,120264 0,000111
политики 1,237874 0,000065
политическая 0,843970 0,000044
политические 2,207275 0,000115
политическим 2,407946 0,000126
политических 1,660731 0,000087
политической 1,469676 0,000077
полицейские 3,506558 0,000183
полицейского 3,912023 0,000204
полицией 3,912023 0,000204
полицмейстер 3,912023 0,000204
полка 2,040221 0,000319
полками 3,912023 0,000204
полки 2,995732 0,000312
полковника 2,659260 0,000277
полковых 3,912023 0,000204
полной 1,832581 0,000191
полномочий 1,609438 0,000084
полностью 0,400478 0,000104
полноценно 3,506558 0,000183
полным 2,040221 0,000213
половине 0,634878 0,000066
половину 1,660731 0,000087
половины 0,994252 0,000467
пологих 3,218876 0,000168
положение 0,510826 0,000027
положении 2,040221 0,000106
положения 1,309333 0,000068
положил 2,813411 0,000147
положила 3,912023 0,000204
полоса 1,771957 0,000185
полосу 2,407946 0,000377
полосы 1,469676 0,000153
полотнище 1,609438 0,000084
полотно 2,813411 0,000147
полотном 3,912023 0,000204
полу 0,916291 0,000191
полудрагоценных 3,912023 0,000204
полужирным 1,966113 0,000103
полуострова 1,560648 0,000163
получали 2,813411 0,000440
получают 2,040221 0,000106
получения 1,469676 0,000077
получивших 2,813411 0,000293
получил 0,713350 0,000223
получила 0,653926 0,000068
получили 0,967584 0,000101
получить 1,427116 0,000074
полынно-дерновинно-злаковой 3,912023 0,000204
полысаево 3,218876 0,000168
пользовались 2,995732 0,000156
польский 2,120264 0,000111
польша 1,966113 0,000205
поля 1,427116 0,000074
поляки 1,469676 0,000077
поляков 0,916291 0,000048
полями 3,506558 0,000183
поляна 1,660731 0,000433
полярное 3,218876 0,000336
поменяло 3,912023 0,000204
помещен 2,995732 0,000156
помещение 2,525729 0,000132
помещений 2,120264 0,000221
помогла 3,912023 0,000204
помогли 3,506558 0,000366
помочь 1,560648 0,000163
помощи 0,843970 0,000132
помощию 3,912023 0,000204
помощь 1,714798 0,000536
помпеи 3,912023 0,000408
понес 3,218876 0,000168
понизовым 3,912023 0,000204
понизовыми 3,912023 0,000612
понимание 2,207275 0,000115
понятна 3,912023 0,000204
поодиночке 3,912023 0,000204
попадания 2,995732 0,000156
попасть 2,302585 0,000240
поперечных 2,995732 0,000156
популярного 3,912023 0,000204
попытка 2,120264 0,000111
попытке 2,995732 0,000156
попытки 1,660731 0,000173
попытку 2,813411 0,000293
пор 0,941609 0,000098
поражение 2,659260 0,000139
поражением 2,995732 0,000156
поражений 3,912023 0,000204
поражения 2,407946 0,000126
породила 3,912023 0,000204
порождение 3,506558 0,000183
порт 0,941609 0,000196
порт-саид 3,912023 0,000204
порта 1,309333 0,000068
портал 0,342490 0,000036
портом 2,302585 0,000120
портрет-панно 3,912023 0,000204
порту 2,207275 0,000115
португалии 3,506558 0,000183
портяновка 3,912023 0,000204
портянок 3,912023 0,000204
порубили 3,912023 0,000204
поручика 3,912023 0,000204
порыв 3,912023 0,000204
порядке 1,309333 0,000068
порядковые 1,714798 0,000089
пос 2,040221 0,000106
посад 1,660731 0,000087
посадили 3,506558 0,000183
посадки 2,302585 0,000120
посадочных 2,995732 0,000156
посвящен 2,207275 0,000115
посвящения 3,912023 0,000204
посвященные 1,966113 0,000103
посвященный 1,660731 0,000173
поселение 1,309333 0,000137
поселением 2,995732 0,000156
поселений 0,798508 0,000333
поселению 2,995732 0,000156
поселения 0,941609 0,000196
поселениям 0,967584 0,000050
поселились 3,218876 0,000168
поселка 1,309333 0,000205
поселкам 0,891598 0,000046
поселками 2,407946 0,000628
поселках 2,813411 0,000293
поселке 1,609438 0,000168
поселки 1,347074 0,000421
поселков 1,469676 0,000383
поселком 3,218876 0,000168
поселок 1,108663 0,000925
посетить 2,407946 0,000126
посещении 3,912023 0,000204
посещения 2,525729 0,000132
посланные 3,912023 0,000204
посланный 3,912023 0,000408
послевоенного 3,218876 0,000168
послевоенное 2,659260 0,000277
послевоенной 3,912023 0,000204
послевоенные 1,832581 0,000382
послевоенный 2,659260 0,000693
послевоенных 3,218876 0,000336
последнего 1,609438 0,000084
последнее 1,347074 0,000281
последней 1,714798 0,000179
последнем 2,525729 0,000132
последние 0,755023 0,000039
последний -0,009950 -0,000002
последним 2,040221 0,000106
последними 3,218876 0,000168
последних 1,347074 0,000070
последнюю 2,659260 0,000139
последняя 0,342490 0,000054
последовавшею 3,912023 0,000204
последствий 2,207275 0,000230
последствия 2,040221 0,000319
последующее 2,995732 0,000312
последующие 1,660731 0,000346
последующий 2,995732 0,000156
последующими 2,995732 0,000156
последующих 2,659260 0,000139
посмотреть 2,813411 0,000147
пособие 1,609438 0,000084
посольства 2,120264 0,000111
поспелов 1,021651 0,000107
поспелова 3,218876 0,000168
поставили 2,302585 0,000120
поставлена 2,407946 0,000126
поставлены 2,813411 0,000147
поставляли 3,912023 0,000204
постаментах 3,912023 0,000204
постановление 1,139434 0,000891
постановлением 1,469676 0,000077
постепенно 0,867501 0,000226
постов 3,506558 0,000183
посторонних 3,506558 0,000183
постоянного 0,693147 0,000253
постоянные 1,966113 0,000103
постоянных 2,302585 0,000120
пострадавшем 3,912023 0,000204
пострадавшие 3,912023 0,000204
пострадавших 2,995732 0,000156
пострадал 2,302585 0,000600
пострадать 3,912023 0,000204
построек 2,120264 0,000111
построен 0,798508 0,000458
построена 0,916291 0,000239
построенного 2,407946 0,000251
построенные 2,302585 0,000120
построенных 1,771957 0,000092
построено 0,867501 0,000045
построены 1,021651 0,000479
построившим 3,912023 0,000204
построил 2,407946 0,000126
построили 1,832581 0,000096
построить 1,427116 0,000074
постройка 2,525729 0,000132
постройки 1,139434 0,000059
постройку 2,525729 0,000132
постсоветские 3,506558 0,000183
постсоветский 2,207275 0,000345
постсоветских 2,995732 0,000156
постсоветское 2,407946 0,000251
посчастливилось 3,912023 0,000204
посылает 3,218876 0,000336
посылак 3,912023 0,000204
потаенная 3,912023 0,000204
потенциал 1,347074 0,000140
потери 1,966113 0,000205
потерь 2,813411 0,000147
потерял 2,120264 0,000221
потерян 3,912023 0,000204
потеряна 3,912023 0,000204
потопление 3,912023 0,000204
потребления 2,302585 0,000120
потребности 2,302585 0,000120
потрясений 2,813411 0,000293
поход 1,897120 0,000297
похода 1,897120 0,000198
походы 2,407946 0,000126
похожими 3,506558 0,000183
похоронены 2,659260 0,000139
почв 2,302585 0,000360
почвами 3,506558 0,000548
почвы 1,609438 0,000252
почетного 1,237874 0,000129
почетное 1,560648 0,000163
почетные 1,108663 0,000231
почетный 1,469676 0,000077
почетным 2,659260 0,000139
почетными 3,506558 0,000366
почта 1,609438 0,000084
почтовая 1,078810 0,000056
почтового 3,912023 0,000204
почтовые 1,469676 0,000153
почтовый 1,108663 0,000058
поэта 1,966113 0,000103
поэтому 0,616186 0,000353
поют 3,912023 0,000204
появилась 0,820981 0,000043
появились 0,579818 0,000030
появилось 1,171183 0,000061
появился 0,693147 0,000072
появляется 1,560648 0,000163
появляться 1,771957 0,000185
пояс 0,693147 0,000036
пояснительный 3,912023 0,000204
права 0,755023 0,000157
правда 0,891598 0,000186
правде 3,506558 0,000183
правдой 3,506558 0,000183
правдоподобно 3,506558 0,000183
правило 0,891598 0,000046
правильно 2,302585 0,000120
правильным 3,218876 0,000168
правителей 2,659260 0,000139
правитель 2,995732 0,000156
правительства 0,693147 0,000036
правительство 0,843970 0,000088
править -0,009950 -0,000050
правка 0,328504 0,000017
правкиновые -0,009950 -0,000001
правкипостоянная -0,009950 -0,000001
правление 2,040221 0,000106
право 1,469676 0,000153
правовой 1,469676 0,000077
правого 1,560648 0,000163
правом 1,171183 0,000122
православие 1,560648 0,000081
православия 2,813411 0,000147
православно-монархического 3,912023 0,000204
православный 2,120264 0,000221
православных 1,427116 0,000074
православных-никониан 3,912023 0,000204
правый 1,386294 0,000072
празднования 1,832581 0,000096
практикам 3,912023 0,000204
практически 0,755023 0,000118
превзошли 3,912023 0,000204
превосходила 3,912023 0,000204
превосходства 3,912023 0,000204
превосходящих 3,912023 0,000204
превративший 3,912023 0,000204
превращается 2,040221 0,000106
превращаться 2,525729 0,000132
превысил 2,525729 0,000132
превышало 2,813411 0,000147
превышают 2,207275 0,000115
превышений 3,912023 0,000204
преградами 3,912023 0,000204
преградила 3,912023 0,000204
преданно 3,912023 0,000204
предателями 3,912023 0,000204
предают 3,912023 0,000408
предводительством 1,966113 0,000205
предвоенный 3,912023 0,000408
предвоенных 3,912023 0,000408
пределах 0,510826 0,000053
пределы 1,966113 0,000103
предельно 2,302585 0,000120
предмостной 3,506558 0,000183
предопределило 2,995732 0,000156
предоставить 2,659260 0,000139
предотвращения 2,813411 0,000293
предположительно 1,966113 0,000103
предпринимателей 2,040221 0,000106
предпринимательства 1,714798 0,000089
предпринял 3,218876 0,000168
предприняла 3,506558 0,000183
предприняты 3,506558 0,000183
предприятие 1,237874 0,000258
предприятий 0,713350 0,000260
предприятия 0,713350 0,000372
предприятиями 1,660731 0,000173
предприятиях 1,832581 0,000096
председателигорисполкома 3,912023 0,000204
председатель 1,347074 0,000140
представились -0,009950 -0,000001
представителей 1,469676 0,000077
представительские 3,912023 0,000204
представить 2,302585 0,000120
представлена 1,171183 0,000061
представлением 2,995732 0,000156
представлении 2,995732 0,000156
представления 1,469676 0,000153
представлены 0,867501 0,000045
представляет 0,446287 0,000070
представлял 2,302585 0,000120
представляли 2,302585 0,000120
представляло 2,995732 0,000156
представлялось 3,506558 0,000183
представлялся 3,912023 0,000204
представлять 2,525729 0,000132
представляющей 3,506558 0,000183
предстоящем 3,218876 0,000168
предтечи 2,120264 0,000332
предшественники 3,912023 0,000204
предыстория 3,218876 0,000336
преемнике 3,912023 0,000204
преемником 2,995732 0,000156
прежде 1,049822 0,000274
прежнего 2,659260 0,000277
прежние 1,171183 0,000122
прежний 3,218876 0,000168
прежнюю 3,912023 0,000204
президент 1,386294 0,000072
президенте 1,832581 0,000096
президиума 1,272966 0,000332
преимущество 2,659260 0,000139
прекрасном 3,506558 0,000183
прекратившее 3,912023 0,000204
прекратил 1,660731 0,000173
прекратили 2,040221 0,000213
прекратило 2,813411 0,000147
прекратить 3,506558 0,000183
прекращении 2,813411 0,000147
прекращено 2,659260 0,000139
премилостивейшего 3,912023 0,000204
премьеру 3,912023 0,000204
преобладают 1,203973 0,000063
преображенская 3,218876 0,000168
преображенский 3,218876 0,000168
преобразована 2,120264 0,000111
преодоления 2,813411 0,000147
преодолеть 2,995732 0,000156
преподавания 3,506558 0,000183
преподавательский 3,912023 0,000204
прервав 3,506558 0,000183
прервался 3,912023 0,000204
прервана 3,506558 0,000183
пресечения 3,912023 0,000408
пресечены 3,912023 0,000204
преследовал 3,506558 0,000183
преследующей 3,912023 0,000204
пресмыкающиеся 3,218876 0,000168
пресс-релиз 2,813411 0,000147
прессы 2,040221 0,000106
престарелых 3,912023 0,000204
престижное 3,506558 0,000366
престижных 3,506558 0,000183
преступления 2,040221 0,000106
прибавляется 3,506558 0,000183
прибалтийская 3,218876 0,000168
приближением 3,218876 0,000168
приближения 3,506558 0,000183
приблизительно 1,514128 0,000079
прибрежная 2,659260 0,000139
прибрежной 2,207275 0,000115
прибыли 2,207275 0,000230
привел 2,040221 0,000106
привесть 3,912023 0,000204
привжд 3,912023 0,000204
прививочные 3,912023 0,000204
привлекли 3,506558 0,000183
привлечение 2,995732 0,000312
приводили 3,506558 0,000183
привокзальной 2,525729 0,000132
приволжская 3,506558 0,000548
приволжские 3,912023 0,000408
приволжский 1,897120 0,000099
приволжской 2,207275 0,000460
приглашению 3,912023 0,000204
пригодные 3,218876 0,000168
пригодятца 3,912023 0,000204
пригоже 3,218876 0,000168
пригородами 3,218876 0,000168
пригородных 1,609438 0,000084
приграничные 3,912023 0,000204
приднестровская 3,506558 0,000366
приднестровской 3,912023 0,000612
придонья 3,912023 0,000204
приезжали 2,995732 0,000312
приезжих 3,218876 0,000336
прижатую 3,912023 0,000204
призвана 3,218876 0,000168
признавалось 3,506558 0,000183
признавших 3,912023 0,000204
признал 2,207275 0,000230
признало 3,218876 0,000168
признан 1,427116 0,000074
признания 0,916291 0,000096
признанный 2,995732 0,000156
признанных 0,967584 0,000050
приказ 1,714798 0,000447
приказа 2,525729 0,000132
приказная 3,218876 0,000168
приказной 3,218876 0,000168
приказом 1,966113 0,000205
приказу 2,040221 0,000213
прикаспийской 3,218876 0,000336
прикладное 3,218876 0,000168
прикрывающая 3,912023 0,000204
прилегающая 3,218876 0,000168
прилегающей 2,813411 0,000587
прилегающие 2,040221 0,000106
прилегающих 2,040221 0,000425
прилегающую 3,912023 0,000408
прилежащие 3,912023 0,000204
приложение 1,309333 0,000068
применено 3,218876 0,000168
применяемого 0,843970 0,000044
применяемые 3,912023 0,000204
применяемым 0,941609 0,000049
пример 1,171183 0,000061
примере 1,771957 0,000092
примерно 0,634878 0,000099
примеров 2,120264 0,000332
примером 1,966113 0,000308
примечанием 3,912023 0,000204
примечания -0,009950 -0,000001
примыкать 3,912023 0,000204
принадлежало 2,525729 0,000132
принадлежащем 3,912023 0,000204
принадлежит 1,203973 0,000188
принадлежности 1,514128 0,000158
принадлежность 1,609438 0,000084
принеся 3,912023 0,000204
принимает 1,469676 0,000153
принуждены 3,912023 0,000204
принцип 1,832581 0,000096
принял 1,272966 0,000133
приняла 1,966113 0,000308
приняли 1,347074 0,000140
принят 1,427116 0,000149
принято 0,713350 0,000074
приобрел 2,040221 0,000106
приобрела 2,659260 0,000139
приоритете 3,506558 0,000183
приоритетном 3,912023 0,000204
приоритетом 2,813411 0,000293
приостановил 2,525729 0,000132
приостановке 3,506558 0,000183
приписью 3,912023 0,000204
приплывшего 3,912023 0,000204
прирастал 3,218876 0,000168
прирастать 3,912023 0,000204
природа 1,309333 0,000068
природных 1,108663 0,000116
природы 1,021651 0,000053
прирост 1,427116 0,000074
присвоением 3,218876 0,000168
присвоения 2,525729 0,000132
присвоено 1,078810 0,000112
прислал 3,912023 0,000204
присланных 3,912023 0,000204
присоединение 2,407946 0,000126
присоединения 1,897120 0,000099
присоединены 2,813411 0,000147
приставах 3,912023 0,000204
пристаней 3,506558 0,000183
пристани 2,040221 0,000106
пристройка 3,912023 0,000204
приступом 3,506558 0,000183
присяге 3,912023 0,000408
приумножен 3,912023 0,000204
приурочена 3,506558 0,000183
приходили 2,813411 0,000293
приходилось 1,660731 0,000173
приходится 0,776529 0,000040
приходят 2,813411 0,000147
причала 2,995732 0,000156
причалы 2,995732 0,000156
причальных 3,912023 0,000204
причем 0,994252 0,000052
причине 1,771957 0,000092
причиненные 3,912023 0,000204
причиненный 3,912023 0,000204
причиной 1,469676 0,000153
причины 1,771957 0,000092
пришедший 3,912023 0,000204
пришел 1,714798 0,000268
пришлась 3,506558 0,000183
пришли 1,771957 0,000092
пришло 2,207275 0,000230
пришлось 1,771957 0,000370
проб 2,525729 0,000132
пробил 3,912023 0,000204
пробить 3,912023 0,000204
проблем 0,798508 0,000083
проблемам 2,207275 0,000115
проблемах 3,506558 0,000183
проблемы 0,544727 0,000142
пробоина 3,912023 0,000204
пробыл 3,506558 0,000183
провал 2,995732 0,000469
проведена 1,832581 0,000191
проведением 2,995732 0,000156
проведения 0,843970 0,000088
проведя 3,506558 0,000183
провел 1,966113 0,000103
проверена 3,506558 0,000183
проверки 0,994252 0,000052
проводились 1,771957 0,000092
проводимый 2,995732 0,000156
проводится 1,108663 0,000058
проводниками 3,912023 0,000204
проводят 2,407946 0,000251
провозгласившие 3,912023 0,000204
проволочно-канатный 3,912023 0,000204
программа 0,994252 0,000052
программе 1,771957 0,000092
прогулочной 3,912023 0,000204
прогулочные 3,218876 0,000168
продавало 3,912023 0,000204
продает 3,506558 0,000183
продается 3,506558 0,000183
продажа 2,407946 0,000126
продажу 3,506558 0,000366
продержаться 3,912023 0,000204
продлена 3,506558 0,000183
продовольственные 2,407946 0,000126
продолжает 1,714798 0,000089
продолжалась 2,302585 0,000120
продолжали 2,407946 0,000126
продолжало 2,813411 0,000147
продолжение 1,832581 0,000382
продолжившегося 3,912023 0,000204
продолжилось 2,995732 0,000156
продольная 3,912023 0,001836
продольной 3,506558 0,000183
продольную 3,912023 0,000612
продольные 3,912023 0,001020
продразверстка 3,506558 0,000183
продуктов 1,237874 0,000065
продукты 1,832581 0,000096
продукции 1,021651 0,000053
продукцию 2,302585 0,000120
проект 0,400478 0,000021
проекта 0,616186 0,000032
проектах -0,009950 -0,000001
проектахзначения 1,237874 0,000065
проектировании 3,218876 0,000168
проекту 1,049822 0,000055
проекты 1,108663 0,000058
проектывикипедия 2,040221 0,000106
проекционным 3,912023 0,000204
проживали 1,660731 0,000087
прозвали 3,912023 0,000204
произведен 2,813411 0,000147
произведений 1,714798 0,000089
произведения 1,427116 0,000223
произведениях 2,302585 0,000240
произвела 3,912023 0,000408
производителем 2,813411 0,000293
производители 2,813411 0,000147
производства 0,616186 0,000032
производственным 3,506558 0,000183
производственных 2,407946 0,000126
производство 0,941609 0,000442
производящие 3,506558 0,000183
произвола 3,218876 0,000168
произошел 1,171183 0,000305
произошли 1,832581 0,000191
произошло 0,733969 0,000153
происходил 2,407946 0,000251
происходили 2,207275 0,000115
происходит 0,634878 0,000099
происхождении 1,514128 0,000079
происхождению 2,995732 0,000156
пройдя 3,506558 0,000183
пройти 1,897120 0,000099
прокопьевск 1,272966 0,000066
прокредитовано 3,912023 0,000204
прокурор 3,912023 0,000204
пролетариата 2,659260 0,000139
проложен 2,995732 0,000156
проложена 2,207275 0,000115
проложены 2,659260 0,000277
проложили 2,813411 0,000147
промзон 3,218876 0,000168
промыслы 2,659260 0,000277
промышленник 3,912023 0,000204
промышленно-городской 3,912023 0,000204
промышленного 1,171183 0,000244
промышленности 0,579818 0,000302
промышленность 0,693147 0,000506
промышленностью 2,525729 0,000132
промышленную 2,813411 0,000147
промышленные 1,171183 0,000366
промышленный 1,203973 0,000063
промышленными 1,897120 0,000297
промышленных 0,916291 0,000143
прообраз 3,218876 0,000168
пропавшие 3,912023 0,000204
прописи 3,912023 0,000204
проплывающих 3,912023 0,000204
проплыть 3,912023 0,000204
проповеди 3,218876 0,000168
проповедника 3,912023 0,000204
пропустил 3,912023 0,000204
пропустили 3,912023 0,000204
прорваться 3,912023 0,000204
прорыв 2,995732 0,000312
прорыва 3,506558 0,000731
прославлял 3,912023 0,000204
просмотры -0,009950 -0,000001
проспект 1,021651 0,000479
проспекта 1,347074 0,000140
проспектами 3,912023 0,000204
проспектов 2,995732 0,000156
проспекту 2,040221 0,000106
простил 3,912023 0,000204
просто 1,272966 0,000066
простого 3,218876 0,000168
просторные 3,218876 0,000168
просторными 3,912023 0,000204
пространства 1,049822 0,000055
пространствами 3,912023 0,000204
пространстве 1,897120 0,000099
пространство 1,203973 0,000063
простых 2,525729 0,000132
протекала 3,218876 0,000168
против 0,798508 0,000125
противники 3,218876 0,000168
противников 3,506558 0,000183
противотанковой 3,912023 0,000204
противотанковых 3,506558 0,000183
протогимназии 3,912023 0,000204
протоку 3,218876 0,000168
протяжению 3,912023 0,000204
протяженная 3,218876 0,000168
протяженности 2,659260 0,000416
протяженность 0,941609 0,000098
протяженностью 1,386294 0,000289
протянулись 3,912023 0,000204
профессиональная 2,302585 0,000240
профессиональным 3,218876 0,000168
профиля 1,966113 0,000103
профсоюзная 3,506558 0,000366
профсоюзов 2,525729 0,000132
проходил 1,660731 0,000087
проходило 2,407946 0,000126
проходит 0,693147 0,000036
проходящая 3,218876 0,000168
процентов 2,120264 0,000111
прочее 0,653926 0,000034
прочные 3,506558 0,000183
прошедшие 2,302585 0,000240
прошел 0,994252 0,000052
прошла 1,560648 0,000081
прощение 3,912023 0,000204
прямой 1,347074 0,000140
прямоугольнике 3,912023 0,000408
прямые 1,966113 0,000205
псевдодокументальную 3,912023 0,000204
психическими 3,912023 0,000204
птицами 3,912023 0,000204
птицы 2,207275 0,000230
птуха 3,912023 0,000204
публики 3,218876 0,000168
публичное 3,218876 0,000168
пугачев 2,813411 0,000440
пугачева 2,302585 0,000600
пугачевских 3,912023 0,000204
пугачевской 3,912023 0,000204
пугачевцами 3,912023 0,000204
пугачевым 3,506558 0,000183
пуль 3,912023 0,000204
пункт 1,203973 0,000251
пункта 1,514128 0,000079
пунктах 2,525729 0,000132
пунктов 0,653926 0,000341
пунктом 1,832581 0,000096
пункты 0,616186 0,000289
пунктыи 3,912023 0,000204
пустел 3,912023 0,000204
пустой 2,995732 0,000156
пустынно 3,912023 0,000204
пустынно-степных 3,912023 0,000204
пустынными 3,506558 0,000183
пустыри 3,912023 0,000204
пустырь 3,912023 0,000204
пустырями 3,506558 0,000183
путеводитель 0,713350 0,000037
путем 0,941609 0,000049
путепровод 3,218876 0,000168
путешественники 2,659260 0,000139
путешественников 2,813411 0,000147
путешествии 3,912023 0,000204
путешествия 2,525729 0,000132
пути 0,693147 0,000398
путь 0,820981 0,000214
путям 2,995732 0,000156
путями 2,407946 0,000126
пучеж 2,120264 0,000111
пушкарей 3,912023 0,000204
пушкаря 3,912023 0,000204
пушках 3,912023 0,000204
пушкина 1,139434 0,000119
пущен 2,120264 0,000111
пущин 3,912023 0,000204
пущих 3,912023 0,000204
пшеницы 2,995732 0,000156
пытается 2,813411 0,000147
пыталась 2,995732 0,000312
пытаться 3,912023 0,000204
пятаков 3,912023 0,000204
пяти 1,203973 0,000126
пятигорск 2,813411 0,000147
пятилетки 2,525729 0,000132
пятна 3,506558 0,000183
пятницы 3,218876 0,000168
пятьдесят 3,506558 0,000183
рабов 3,506558 0,000183
работ 0,941609 0,000049
работа 0,891598 0,000139
работает 0,755023 0,000039
работал 1,309333 0,000137
работали 1,469676 0,000077
работать 1,108663 0,000116
работах 2,120264 0,000111
работают 0,673345 0,000035
работник 2,525729 0,000132
работных 3,912023 0,000204
работой 1,897120 0,000099
работу 0,693147 0,000181
работы 0,314711 0,000049
рабоче-крестьянская 3,506558 0,000183
рабочего 1,897120 0,000099
рабочие 1,832581 0,000573
рабочий 1,427116 0,000521
рабочими 3,218876 0,000503
рабочих 1,108663 0,000462
рабочих-испытателей 3,912023 0,000204
рабство 2,995732 0,000625
рабыни 3,912023 0,000204
равнина 2,120264 0,000111
равномерному 3,912023 0,000204
радеж 3,912023 0,000408
радиацией 3,912023 0,000204
радио 0,891598 0,000186
радиостанции 1,347074 0,000070
разбивает 3,912023 0,000408
разбивают 3,912023 0,000204
разбились 3,912023 0,000204
разбирая 3,912023 0,000204
разбит 2,813411 0,000587
разбита 2,995732 0,000156
разбиты 2,525729 0,000132
разбитых 2,813411 0,000293
разбить 3,218876 0,000336
разбогатевший 3,912023 0,000204
разбойничьи 3,912023 0,000408
разбойничьих 3,912023 0,000408
разбомблена 3,912023 0,000204
разбоя 3,912023 0,000204
разбросаны 3,218876 0,000168
развалинам 3,912023 0,000408
развалинах 3,912023 0,000204
развалины 3,912023 0,000204
разведгруппа 3,912023 0,000204
развенчания 3,912023 0,000204
развернуты 2,995732 0,000469
развертывания 2,659260 0,000139
разветвляется 3,912023 0,000204
развивалась 1,966113 0,000205
развилке 3,912023 0,000204
развитая 2,040221 0,000213
развитие 0,314711 0,000049
развитием 1,171183 0,000061
развитии 1,078810 0,000112
развитию 0,843970 0,000088
развития 0,287682 0,000045
развитого 3,506558 0,000183
развиты 1,714798 0,000268
развить 3,506558 0,000183
развлекательные 2,525729 0,000132
развязка 2,302585 0,000120
разгадали 3,506558 0,000183
разграбил 3,912023 0,000204
разграблены 3,912023 0,000204
разгром 2,813411 0,000293
разгромлен 3,912023 0,000204
разгромлены 3,218876 0,000168
разгромом 3,506558 0,000183
раздел 0,891598 0,000093
разделен 1,171183 0,000366
разделена 2,040221 0,000319
разделенный 2,659260 0,000139
разделенными 3,218876 0,000168
разделив 3,506558 0,000183
разделил 2,525729 0,000132
разделили 3,218876 0,000168
разделяя 3,912023 0,000204
раздираемое 3,912023 0,000204
разин 2,813411 0,000733
разина 2,207275 0,001036
разинаскрытые 2,525729 0,000132
разину 3,912023 0,000408
разлагающихся 3,912023 0,000204
различаются 2,659260 0,000139
различна 3,506558 0,000183
размера 2,040221 0,000106
размещался 2,659260 0,000277
размещения 0,843970 0,000044
размещены 2,120264 0,000111
разминирования 3,912023 0,000204
разногласий 2,120264 0,000111
разнообразны 3,912023 0,000204
разнообразных 1,966113 0,000103
разные 1,139434 0,000059
разным 1,609438 0,000084
разных 0,510826 0,000053
разобрав 3,912023 0,000204
разобщены 3,912023 0,000204
разовых 3,912023 0,000204
разорван 3,912023 0,000204
разорваны 3,218876 0,000168
разорившийся 3,912023 0,000204
разработок 2,407946 0,000126
разработчики -0,009950 -0,000001
разрезав 3,912023 0,000204
разрешено 2,995732 0,000156
разрозненные 3,218876 0,000336
разрозненных 3,912023 0,000204
разросшийся 3,912023 0,000204
разрушался 3,912023 0,000204
разрушен 2,120264 0,000111
разрушена 2,525729 0,000263
разрушение 2,525729 0,000132
разрушений 3,218876 0,000168
разрушения 2,207275 0,000230
разрушенный 2,813411 0,000147
разрушенных 3,912023 0,000408
разрушено 2,525729 0,000263
разрушены 2,207275 0,000230
разрыва 3,506558 0,000183
разрыве 3,912023 0,000204
разрядная 3,912023 0,000204
разрядной 3,506558 0,000366
разрядным 3,912023 0,000204
разукрупнении 3,912023 0,000408
райкомов 3,912023 0,000204
район 0,597837 0,000779
района 0,673345 0,000632
районам 0,820981 0,000214
районами 1,347074 0,000070
районах 0,941609 0,000245
районе 0,527633 0,000495
районирование 2,525729 0,000132
районные 1,966113 0,000103
районным 3,218876 0,000168
районных 2,120264 0,000111
районов 0,562119 0,000733
районом 1,714798 0,000089
району 2,207275 0,000115
районы 0,653926 0,000409
райцентров 0,941609 0,000049
рамках 0,544727 0,000114
рамн 2,302585 0,000120
ран 0,776529 0,000040
ранее 0,430783 0,000135
ранены 3,218876 0,000168
раненых 2,813411 0,000147
расквартированного 3,912023 0,000204
распад 3,218876 0,000168
распада 1,714798 0,000268
распадаться 3,912023 0,000204
распалась 3,218876 0,000168
расписание 1,966113 0,000103
располагал 3,506558 0,000366
располагалась 2,040221 0,000106
располагались 1,966113 0,000103
располагался 1,660731 0,000087
располагаются 1,108663 0,000173
расположен 0,733969 0,000230
расположена 0,916291 0,000143
расположения 1,832581 0,000096
расположенный 1,203973 0,000251
расположенными 2,659260 0,000139
расположено 0,916291 0,000048
расположены 0,673345 0,000035
расположил 3,912023 0,000204
расположилось 3,218876 0,000168
расправу 3,912023 0,000204
распределению 2,995732 0,000156
распределены 1,771957 0,000092
распространенный 2,659260 0,000139
распространены 1,832581 0,000096
распускать 3,912023 0,000204
распустить 3,506558 0,000183
распутина 3,506558 0,000183
рассветом 3,912023 0,000204
расселения 1,966113 0,000103
рассечен 3,506558 0,000183
расставляя 3,912023 0,000204
расстояние 0,843970 0,000044
расстояний 1,469676 0,000077
расстоянию 3,912023 0,000204
расстояния 1,832581 0,000096
расстрела 3,506558 0,000183
расстреле 3,912023 0,000204
расстреляли 3,912023 0,000408
расстрелян 3,218876 0,000839
растаскивались 3,912023 0,000204
растет 1,660731 0,000087
растительная 3,506558 0,000183
растительность 1,427116 0,000149
расточительным 3,912023 0,000204
растущих 3,506558 0,000183
растянулся 3,506558 0,000183
растянуты 3,912023 0,000204
расформирован 3,218876 0,000168
расформирована 3,912023 0,000204
расформирования 3,506558 0,000183
расходовать 3,912023 0,000204
расходящимся 3,912023 0,000204
расчет 1,386294 0,000072
расшивам 3,912023 0,000204
расширение 0,527633 0,000028
расширении 2,659260 0,000139
расширения 1,514128 0,000158
расширены 2,813411 0,000147
рашин 3,912023 0,000204
рвов 2,995732 0,000156
реализации 0,994252 0,000052
реализован 1,660731 0,000087
реализовывать 2,813411 0,000147
реализовываться 3,506558 0,000183
реалии 3,218876 0,000336
реально 2,207275 0,000115
реального 2,120264 0,000111
реальному 3,506558 0,000183
реальную 3,912023 0,000204
реальные 2,407946 0,000126
реальный 1,897120 0,000099
реброва 3,912023 0,000204
ребят 3,506558 0,000183
революцией 2,525729 0,000132
революции 0,693147 0,000145
революционное 2,995732 0,000312
революционные 2,659260 0,000139
революцию 2,659260 0,000139
революция 1,427116 0,000074
регион 1,021651 0,000213
региона 0,776529 0,000202
регионального 1,108663 0,000116
региональное 1,660731 0,000087
региональной 1,966113 0,000103
региональных 1,203973 0,000126
регионе 1,049822 0,000109
регионов 0,941609 0,000049
регионоведение 3,912023 0,000204
регионы 1,049822 0,000055
регулярное 1,714798 0,000179
регулярные 1,514128 0,000079
ред 0,235722 0,000025
редактор 1,609438 0,000084
редких 2,407946 0,000126
реестр 1,469676 0,000077
резерва 1,714798 0,000179
резервы 2,995732 0,000469
резкие 2,302585 0,000120
резкий 2,813411 0,000147
результате 0,342490 0,000143
рейд 3,218876 0,000503
рейда 3,506558 0,000183
рейсах 3,912023 0,000204
рейсы 1,427116 0,000074
рек 0,820981 0,000043
река 0,733969 0,000191
реками 2,207275 0,000345
реке 0,713350 0,000112
реки 0,462035 0,000506
реклама 2,995732 0,000156
рекой 1,714798 0,000089
реконструированы 2,525729 0,000263
рекорд 1,771957 0,000092
рекордно 3,218876 0,000168
рекордным 3,506558 0,000183
рекрутовый 3,912023 0,000204
религией 3,218876 0,000168
религиозную 3,506558 0,000183
религия 0,843970 0,000044
реликвиями 3,912023 0,000204
рельеф 0,941609 0,000049
ремесленного 3,506558 0,000183
ремонт 1,714798 0,000089
ремонтнопригодные 3,912023 0,000204
ремонтные 3,506558 0,000183
реплика 3,912023 0,000204
репников 3,912023 0,000204
репрессиями 3,912023 0,000204
республика 0,843970 0,000220
республиканский 2,525729 0,000132
республике 1,714798 0,000089
республики 0,916291 0,000096
республикой 2,207275 0,000115
ресторана 2,995732 0,000156
ресурсах 2,995732 0,000156
ресурсов 0,798508 0,000125
ресурсы 0,020203 0,000003
реформам 3,912023 0,000204
реформе 2,813411 0,000147
реформу 3,218876 0,000168
реформы 1,609438 0,000336
речки 2,525729 0,000132
речкою 3,912023 0,000204
речку 2,813411 0,000147
речного 1,139434 0,000238
речное 2,120264 0,000111
речной 0,916291 0,000143
речном 3,506558 0,000183
речную 3,218876 0,000168
речным 2,040221 0,000106
речных 1,609438 0,000084
решаясь 3,912023 0,000204
решение 0,755023 0,000079
решения 0,967584 0,000151
решили 2,207275 0,000115
решт 3,506558 0,000183
ржанкообразные 3,912023 0,000204
ржев 1,771957 0,000092
риа 1,049822 0,000109
риго-орловская 3,912023 0,000204
рискованного 3,218876 0,000168
рихтер 3,912023 0,000408
ркка 1,966113 0,000103
ров 2,659260 0,000139
ровеньки 3,912023 0,000204
ровная 3,218876 0,000168
ровное 2,120264 0,000111
рогачик 3,912023 0,000204
родилось 2,302585 0,000120
родился 1,660731 0,000087
родимцева 3,506558 0,000183
родина-мать 3,506558 0,001280
родиной 2,207275 0,000115
родины 2,525729 0,000132
родники 2,659260 0,000139
родной 1,897120 0,000099
родос 3,506558 0,000183
родственных 0,755023 0,000039
рождаемости 2,120264 0,000111
рождаемость 2,302585 0,000120
рождения 1,514128 0,000079
роза 1,021651 0,000053
розлива 2,995732 0,000156
рокада 3,506558 0,000366
рокаду 3,912023 0,000204
рокады 3,912023 0,000408
рокоссовского 2,995732 0,000312
роланд 3,506558 0,000183
роль 0,579818 0,000091
роман 1,771957 0,000370
романе-эпопее 3,912023 0,000204
роману 3,506558 0,000183
рославльская 3,912023 0,000204
росло 2,995732 0,000156
росс 3,912023 0,000204
россией 1,427116 0,000149
россии 0,186330 0,000369
россиигорода 1,309333 0,000068
россиигородские 2,302585 0,000120
россииобластные 2,207275 0,000115
россиипоявились 3,218876 0,000168
российская 0,186330 0,000058
российские 0,994252 0,000052
российский 0,634878 0,000265
российских 0,733969 0,000230
российское 1,771957 0,000092
российской 0,385662 0,000543
россию 1,966113 0,000103
россия 0,371064 0,000213
россиянам 3,506558 0,000183
россошки 3,912023 0,000204
росспэн 0,994252 0,000052
росстат 0,776529 0,000162
рост 0,967584 0,000303
роста 1,386294 0,000145
ростов 2,120264 0,000111
ростов-на-дону 1,237874 0,000258
ростова 3,218876 0,000168
ростовско-донецкое 3,912023 0,000204
ростовское 3,506558 0,000183
ростову-на-дону 3,506558 0,000183
ростом 2,120264 0,000111
ротор 3,506558 0,000183
роты 3,506558 0,000183
рощи 2,659260 0,000139
рсфср 0,733969 0,000268
ртищево 3,218876 0,000168
рубежа 2,813411 0,000147
рубежах 3,218876 0,000168
рублей 0,755023 0,000197
рувим 3,912023 0,000204
ругаяся 3,912023 0,000204
руднева 3,506558 0,000183
рудня 3,912023 0,000204
руднянский 3,912023 0,000204
ружье 3,506558 0,000183
руин 3,506558 0,000366
руины 2,995732 0,000469
руководивший 3,506558 0,000183
руководители 2,302585 0,000240
руководства 1,897120 0,000099
руководством 0,941609 0,000098
руководящий 3,912023 0,000204
рукокрылые 3,912023 0,000204
румыния 2,120264 0,000111
румынским 3,912023 0,000204
румыны 1,897120 0,000198
рус 0,162519 0,000347
русгидро 2,813411 0,000147
русе 3,506558 0,000183
русии 3,506558 0,000183
русская 0,867501 0,000045
русские 0,544727 0,000142
русский -0,009950 -0,000004
русским 1,560648 0,000081
русскими 1,660731 0,000087
русских 0,843970 0,000220
русско-польская 3,912023 0,000204
русского 0,494296 0,000129
русское 0,755023 0,000118
русской 0,673345 0,000035
русском 1,049822 0,000055
русскоязычной 3,218876 0,000168
рутульцы 1,897120 0,000099
рушилось 3,912023 0,000204
рыбаками 3,912023 0,000204
рыбалка 3,506558 0,000183
рыбалко 3,218876 0,000336
рыбинск 1,203973 0,000063
рыбинского 2,040221 0,000106
рыбные 3,506558 0,000366
рыбовод 3,912023 0,000204
рыбу 3,218876 0,000168
рыбы 1,897120 0,000198
рывок 3,218876 0,000168
рыкова 3,912023 0,000408
рыковский 3,912023 0,000408
рынка 1,237874 0,000065
рынках 2,659260 0,000139
рыно 0,000000 0,000000
рынок 1,021651 0,000213
рытье 3,912023 0,000204
рюриковичей 3,506558 0,000183
ряд 0,385662 0,000080
рядом 0,733969 0,000038
ряду 1,832581 0,000191
ряжск 3,218876 0,000168
рязано-уральская 3,912023 0,000204
рязань 1,049822 0,000055
сад 1,108663 0,000173
сада 1,832581 0,000096
садах 2,995732 0,000156
саду 1,660731 0,000087
сады 1,660731 0,000260
сайт 0,371064 0,000232
сайте 0,967584 0,000151
сайты 0,478036 0,000025
салтычиха 3,912023 0,000204
сальск 3,506558 0,000183
сама 1,469676 0,000077
самара 0,891598 0,000186
самару 2,659260 0,000139
самая 0,798508 0,000375
сами 1,560648 0,000163
самого 0,891598 0,000186
самодержавия 2,813411 0,000147
самодеятельный 3,912023 0,000204
самое 0,994252 0,000104
самозванцу 3,912023 0,000204
самозванцы 3,912023 0,000204
самой 0,916291 0,000143
самолет 1,897120 0,000099
самолета 2,120264 0,000111
самолетов 2,120264 0,000111
самолетовылетов 3,912023 0,000204
самолеты 2,302585 0,000120
самом 1,108663 0,000058
самостоятельные 2,525729 0,000132
самоубийство 3,912023 0,000204
самоуправлением 3,912023 0,000204
самоуправления 0,994252 0,000052
самые 1,021651 0,000320
самый 0,579818 0,000242
самым 0,653926 0,000136
самых 0,544727 0,000142
сандански 3,912023 0,000204
санкт-петербург 0,776529 0,000121
санкт-петербургом 1,832581 0,000096
саперные 3,912023 0,000204
сараи 3,506558 0,000183
сарай-берке 3,912023 0,000408
саранск 2,302585 0,000120
саранчи 3,912023 0,000204
саратов 0,967584 0,000454
саратова 2,813411 0,000147
саратове 2,813411 0,000147
саратовская 2,525729 0,000263
саратовский 2,995732 0,000312
саратовского 2,995732 0,000312
саратовское 2,995732 0,000469
саратовской 2,659260 0,000416
сарая 3,506558 0,000183
сарепта 3,506558 0,002377
сарепта-на-волге 3,912023 0,000204
сарепта-помидорпром 3,912023 0,000204
сарепте 3,912023 0,000408
сарептинскую 3,912023 0,000204
сарептская 3,912023 0,000204
сарептский 3,912023 0,000204
сарепты 3,912023 0,000612
сарпино-даванской 3,912023 0,000204
сарпинский 3,506558 0,001280
сарпинско-даванская 3,912023 0,000204
сарпинско-даванской 3,912023 0,000204
сарпинском 3,912023 0,000204
сарпинскую 3,912023 0,000204
сары 3,506558 0,000183
сары-су 3,912023 0,000408
сары-чин 3,912023 0,000204
сатурн 2,659260 0,000555
саудовская 2,995732 0,000156
саха 2,813411 0,000147
саши 3,912023 0,000204
сбила 3,912023 0,000204
сближения 3,506558 0,000183
сбор 2,407946 0,000251
сбора 1,832581 0,000096
сборник 0,653926 0,000102
сборнике 3,218876 0,000168
сборных 2,813411 0,000147
сведены 3,912023 0,000204
свернута 3,912023 0,000204
сверху 1,347074 0,000070
светильников 3,218876 0,000168
светло-каштановые 3,912023 0,000408
светлое 3,912023 0,000204
светлоярский 3,912023 0,000204
светлый 1,832581 0,000191
светлых 3,912023 0,000204
световыми 3,912023 0,000204
свету 3,218876 0,000168
свиного 3,912023 0,000204
свияжск 2,120264 0,000221
свободе 3,506558 0,000183
свободной -0,009950 -0,000001
свободные 2,813411 0,000147
свод 2,407946 0,000126
свое 0,616186 0,000064
своевременном 3,912023 0,000204
своего 0,776529 0,000324
своей 0,776529 0,000243
своем 1,560648 0,000244
своему 2,120264 0,000442
свои 0,755023 0,000236
своим 0,967584 0,000101
своими 1,427116 0,000074
своих 0,776529 0,000243
свой 0,653926 0,000136
свойство 0,653926 0,000068
сволочь 3,912023 0,000204
сволочью 3,912023 0,000204
свыше 0,891598 0,000046
свяжитесь -0,009950 -0,000001
связан 1,171183 0,000061
связанного 2,659260 0,000277
связанные 1,021651 0,000053
связанных 1,171183 0,000061
связаны 1,237874 0,000065
связей 1,560648 0,000163
связи 0,235722 0,000123
связь 0,616186 0,000064
свято-духова 3,912023 0,000204
свято-троицкая 3,218876 0,000336
святого 1,078810 0,000112
святотроицкая 3,912023 0,000204
святым 2,659260 0,000139
священника 3,912023 0,000204
сгорел 2,659260 0,000139
сдавались 3,912023 0,000204
сдавшимся 3,912023 0,000204
сдалась 3,912023 0,000204
сдан 1,897120 0,000099
сдачи 2,995732 0,000156
сдачу 3,506558 0,000183
сделал 2,120264 0,000111
сделать 1,386294 0,000072
сдержать 3,506558 0,000183
сдерживались 3,912023 0,000204
севастополь 1,771957 0,000554
север 1,171183 0,000183
севера 0,941609 0,000344
севере 1,139434 0,000119
северная 1,078810 0,000169
севернее 1,966113 0,000205
северное 1,514128 0,000079
северной 0,693147 0,000181
северном 1,469676 0,000383
северную 2,302585 0,000480
северный 0,820981 0,000128
северными 2,813411 0,000147
северо-западе 1,966113 0,000103
северо-западную 2,995732 0,000156
северо-кавказским 3,506558 0,000183
северсталь-метиз 3,912023 0,000204
северу 1,832581 0,000096
сего 2,659260 0,000139
сегодня 0,616186 0,000129
сезонном 3,912023 0,000204
секретарь 2,525729 0,000132
сектор 1,714798 0,000089
секторе 1,771957 0,000185
сектором 3,218876 0,000168
села 1,203973 0,000377
селах 3,218876 0,000168
селенга 3,218876 0,000168
селижарово 2,120264 0,000111
село 1,469676 0,000307
сельские 2,407946 0,000251
сельских 0,776529 0,000445
сельское 1,427116 0,000074
сельскохозяйственный 2,040221 0,000106
семей 2,302585 0,000240
семейства 1,966113 0,000103
семен 1,966113 0,000205
семенное 3,912023 0,000204
семенов 2,207275 0,000230
семенович 2,407946 0,000126
семь 1,309333 0,000137
семьи 1,272966 0,000066
семьям 3,218876 0,000168
сенгилей 2,120264 0,000111
сент 0,843970 0,000044
сентябрь 1,309333 0,000137
сентябрьские 3,912023 0,000204
сентября 0,072571 0,000189
сепаратного 3,912023 0,000204
сераскир 3,912023 0,000204
серафимович 3,218876 0,000336
серафимовичский 3,912023 0,000204
серафимовичу 3,912023 0,000204
серая 2,813411 0,000147
сербия 2,525729 0,000132
сербы 1,897120 0,000099
сергей 0,967584 0,000252
сергея 1,469676 0,000077
серебрякова 3,218876 0,000168
серебряные 2,525729 0,000132
серебряных 2,525729 0,000132
середине 0,562119 0,000147
середины 0,967584 0,000151
сержантом 3,506558 0,000183
серий 2,995732 0,000156
серийное 3,218876 0,000168
серия 1,237874 0,000065
серьезные 2,207275 0,000230
сети 0,494296 0,000155
сетки 2,995732 0,000156
сеть 0,616186 0,000064
сжег 3,912023 0,000204
сибирский 1,469676 0,000077
сибирское 1,832581 0,000191
сибирь-горе 3,912023 0,000204
сизый 3,912023 0,000204
сил 1,771957 0,000277
сила 2,407946 0,000126
силой 2,407946 0,000251
силою 3,912023 0,000204
силу 1,021651 0,000107
силуэты 3,506558 0,000183
силы 1,427116 0,000223
сильная 2,995732 0,000156
сильнее 2,813411 0,000147
сильно 0,776529 0,000040
сильной 2,813411 0,000147
сильные 1,660731 0,000087
сильный 2,302585 0,000120
сильными 3,218876 0,000168
сильных 1,771957 0,000092
симбирской 2,813411 0,000293
симбирцевым 3,912023 0,000204
символ 1,203973 0,000063
символами 2,813411 0,000147
символизирующей 3,506558 0,000183
символов 1,560648 0,000081
символом 1,832581 0,000382
символы 1,386294 0,000289
симпатизировали 3,912023 0,000204
симфонический 1,897120 0,000099
синемапарк 3,912023 0,000204
синодом 3,912023 0,000204
синонимы 3,506558 0,000183
система 0,235722 0,000025
системами 1,832581 0,000096
системеобсуждениевкладсоздать -0,009950 -0,000001
системного 3,218876 0,000168
системы 0,342490 0,000071
сити-менеджер 3,218876 0,000168
ситуацию 1,771957 0,000185
ситуация 1,469676 0,000077
сих 1,078810 0,000056
сияние 2,302585 0,000240
сказывается 2,813411 0,000147
скатерть 3,912023 0,000204
скачать -0,009950 -0,000001
сквер 1,203973 0,000063
скверы 1,714798 0,000179
сквозь 2,659260 0,000277
складом 3,912023 0,000204
склады 2,659260 0,000139
складывалось 3,912023 0,000204
складываться 2,995732 0,000156
склонах 2,407946 0,000251
склоне 2,525729 0,000132
сколы 3,912023 0,000204
сколько 0,653926 0,000136
сконцентрировали 3,912023 0,000204
сконцентрировано 3,912023 0,000204
скопила 3,912023 0,000204
скорбящая 3,506558 0,000366
скорбященского 3,912023 0,000204
скорой 1,832581 0,000096
скоростного 1,897120 0,000495
скоростной 2,120264 0,000221
скорость 0,867501 0,000045
скот 3,506558 0,000183
скрытно 3,912023 0,000204
скульпторов 2,525729 0,000132
скульптур 2,407946 0,000126
скульптура 1,171183 0,000244
скульптурой 3,218876 0,000168
скульптуры 1,609438 0,000336
скученность 3,506558 0,000183
слабело 3,912023 0,000204
слабо 1,966113 0,000308
слабые 2,813411 0,000147
слабым 3,912023 0,000204
славы 1,078810 0,000056
славянский 2,302585 0,000120
слаженно 3,912023 0,000204
слева 1,108663 0,000058
след 2,302585 0,000120
следовало 2,995732 0,000156
следственная 3,506558 0,000183
следующая 2,525729 0,000132
следующие 0,544727 0,000142
следующий 1,560648 0,000081
следующим 1,386294 0,000072
следующую 3,912023 0,000204
следы 2,302585 0,000120
слепых 1,832581 0,000096
слесаренко 3,912023 0,000204
слились 3,912023 0,000204
слитыми 3,912023 0,000204
слободка 2,659260 0,000139
слободскую 3,912023 0,000204
слов 1,560648 0,000081
слова 0,562119 0,000059
словари 0,116534 0,000012
словарь 0,274437 0,000086
словарь-справочник 1,560648 0,000081
слово 0,673345 0,000070
словом 1,897120 0,000099
сложена 3,506558 0,000183
сложившегося 3,218876 0,000168
сложившуюся 2,813411 0,000147
сложилась 1,832581 0,000096
сложилось 2,995732 0,000312
сложном 2,813411 0,000147
сложность 2,040221 0,000213
сложным 0,867501 0,000045
служащим 3,506558 0,000183
служба 0,693147 0,000181
службы 0,798508 0,000125
служилых 2,813411 0,000147
служить 2,120264 0,000442
случае 0,843970 0,000132
случаев 1,469676 0,000077
случаи 1,714798 0,000089
случайностью 3,912023 0,000204
случался 3,912023 0,000204
случая 2,659260 0,000139
случаях -0,009950 -0,000001
слушаниях 3,506558 0,000366
слышали 3,912023 0,000204
смел 3,912023 0,000204
смела 3,912023 0,000204
смене 2,995732 0,000156
сменен 3,912023 0,000204
сменился 2,659260 0,000139
смену 1,966113 0,000205
смены 2,659260 0,000139
смерти 1,771957 0,000462
смертности 2,040221 0,000106
смертность 2,525729 0,000395
смесей 3,912023 0,000204
смешанных 2,207275 0,000115
смещение 0,798508 0,000083
сми 0,867501 0,000181
смог 2,302585 0,000240
смогла 2,813411 0,000587
смогли 2,040221 0,000425
смоделированы 3,912023 0,000204
смоленого 3,912023 0,000204
смоленск 2,040221 0,000106
смольницами-черноземовидными 3,912023 0,000204
смородин 3,912023 0,000204
смутного 2,813411 0,000440
смутное 2,995732 0,000156
смуты 2,995732 0,000156
смысла 2,813411 0,000147
снабжать 3,912023 0,000204
снабжения 2,659260 0,000555
снаряда 3,912023 0,000204
снарядами 3,912023 0,000204
снарядов 2,995732 0,000312
снаряжение 2,995732 0,000156
снег 1,832581 0,000096
снежное 3,912023 0,000204
снежной 3,506558 0,000183
снесен 2,040221 0,000106
снесены 2,302585 0,000360
снесли 3,912023 0,000408
снижают 3,506558 0,000183
снизил 3,218876 0,000168
снимавшие 3,912023 0,000204
снимались 3,218876 0,000168
снимок 2,040221 0,000106
снк 2,659260 0,000277
снова 1,386294 0,000145
сноп 3,912023 0,000204
сносил 3,912023 0,000204
сносились 3,912023 0,000204
сноске 1,897120 0,000099
сняли 2,995732 0,000156
снята 2,659260 0,000139
снятие 3,912023 0,000204
снятые 2,995732 0,000156
собакарь 3,912023 0,000204
собаки 3,506558 0,000183
собинов 3,912023 0,000204
собиравшего 3,912023 0,000204
собирал 3,506558 0,000183
собирали 3,506558 0,000183
собирались 2,995732 0,000156
собирая 3,506558 0,000183
собой 0,328504 0,000188
собор 0,755023 0,000236
собора 1,108663 0,000058
соборное 3,912023 0,000204
собран 2,995732 0,000156
собрании 2,302585 0,000120
собранные 2,995732 0,000312
собрать 3,506558 0,000183
собственного 1,427116 0,000074
собственной 1,660731 0,000087
собственности 1,514128 0,000079
событием 2,659260 0,000139
событий 1,386294 0,000217
события 1,108663 0,000116
событиям 2,525729 0,000132
событияпожертвовать -0,009950 -0,000001
совершать 3,218876 0,000168
совершенные 3,506558 0,000183
совершив 3,506558 0,000183
совета 0,798508 0,000333
советов 0,820981 0,000086
советская 0,371064 0,000135
советские 1,347074 0,000702
советский 0,755023 0,000394
советским 2,120264 0,000332
советскими 2,813411 0,000147
советских 1,386294 0,000940
советского 0,776529 0,000121
советское 0,994252 0,000363
советской 0,755023 0,000315
советском 2,120264 0,000221
советскую 2,659260 0,000555
совмещавшему 3,912023 0,000204
совообразные 3,912023 0,000204
совпоселком 3,912023 0,000204
совр 2,813411 0,000147
современная 1,108663 0,000058
современники 3,218876 0,000168
современного 0,653926 0,000170
современное 1,108663 0,000116
современной 0,579818 0,000212
современном 1,272966 0,000066
современную 2,525729 0,000132
современные 0,916291 0,000048
современный 0,967584 0,000202
современными 2,407946 0,000126
современных 0,713350 0,000112
согласно 0,301105 0,000126
содействии 2,813411 0,000293
содержание 0,010050 0,000002
содержания 1,386294 0,000072
содержится 1,966113 0,000205
соединение 2,302585 0,000360
соединений 2,120264 0,000111
соединения 1,897120 0,000198
соединенных 3,218876 0,000168
соединившая 3,218876 0,000168
соединила 2,813411 0,000147
соединили 3,912023 0,000204
соединяющих 2,813411 0,000147
сожгли 3,218876 0,000168
создавалась 2,813411 0,000147
создали 2,207275 0,000115
создан 0,693147 0,000181
созданию 1,609438 0,000084
создания 0,653926 0,000136
созданы 1,078810 0,000056
создать 1,171183 0,000061
соколов 1,966113 0,000205
соколообразные 3,912023 0,000204
сокольское 2,040221 0,000106
сократили 3,506558 0,000183
сокращения 1,714798 0,000089
солдат 2,120264 0,000553
соленая 3,506558 0,000183
солениковой 3,912023 0,000204
соленую 3,912023 0,000204
соленый 3,912023 0,000204
соли 2,302585 0,000120
солнечной 1,966113 0,000103
солнечный 0,843970 0,000044
соловцов 3,506558 0,000183
соловцову 3,912023 0,000204
солонцеватые 3,912023 0,000204
солонцоватых 3,912023 0,000204
солонцы 3,218876 0,000168
солончаки 2,813411 0,000147
солончаковатых 3,912023 0,000204
соль 2,813411 0,000293
соляной 2,995732 0,000156
солянский 3,912023 0,000204
соляных 3,912023 0,000204
сообщение 1,049822 0,000219
сообщения 0,820981 0,000043
сообществом 2,659260 0,000139
сообщить -0,009950 -0,000001
сооружений 1,078810 0,000056
сооружения 0,941609 0,000147
сооружениями 2,995732 0,000156
сооруженияразвитиеволгоградская 3,912023 0,000204
сооружениях 2,525729 0,000132
соответственно 1,021651 0,000053
соответствии 0,446287 0,000023
соответствующего 2,040221 0,000106
соответствующей 2,120264 0,000111
соответствующих 1,609438 0,000084
соприкосновение 3,912023 0,000204
сопровождался 3,912023 0,000204
сопротивление 2,407946 0,000126
сопротивления 2,995732 0,000156
сопутствующих 3,506558 0,000183
соратником 3,912023 0,000204
соседей 3,218876 0,000168
соседней 3,218876 0,000168
соседние 2,407946 0,000251
соседних 1,660731 0,000173
сост 0,597837 0,000062
состав 0,400478 0,000418
составе 0,616186 0,000032
составила 1,021651 0,000107
составило 1,272966 0,000066
составляет 0,314711 0,000098
составляли 1,660731 0,000087
составляют 0,798508 0,000125
составляющие 2,407946 0,000126
составляющих 2,813411 0,000147
составной 2,659260 0,000139
состоит 0,755023 0,000079
состояла 2,813411 0,000147
состояние 0,733969 0,000115
состоянием 2,302585 0,000120
состоянии 1,309333 0,000341
состоянию 0,544727 0,000085
состояния 1,203973 0,000126
состоящая 2,302585 0,000120
сотни 1,427116 0,000149
сотня 3,912023 0,000204
сотнями 3,506558 0,000183
сохранением -0,009950 -0,000001
сохранения 1,660731 0,000087
сохранившаяся 3,218876 0,000168
сохранившейся 2,659260 0,000139
сохранившихся 2,207275 0,000115
сохранилась 2,120264 0,000221
сохранились 1,609438 0,000084
сохранилось 1,714798 0,000268
сохранился 2,207275 0,000345
сохранить 2,302585 0,000120
соцгород 2,813411 0,000293
соцгородки 3,218876 0,000168
соцгородом 3,912023 0,000204
социалистический 3,218876 0,000336
социалистического 2,302585 0,000120
социалистическое 3,506558 0,000183
социально-гигеенический 3,912023 0,000204
социально-педагогический 2,995732 0,000156
социально-экономического 1,237874 0,000194
социальный 2,120264 0,000111
социальных 0,941609 0,000049
социокультурных 3,912023 0,000204
социологии 2,995732 0,000156
сочетание 2,659260 0,000139
сочетании 2,525729 0,000263
сочи 1,514128 0,000158
сочинения 2,120264 0,000111
сочтено 3,912023 0,000204
сошествия 3,506558 0,000183
союза 0,733969 0,000077
союзники 2,995732 0,000312
союзников 2,813411 0,000147
союзнику 3,912023 0,000204
спад 2,407946 0,000126
спаде 3,912023 0,000204
спартак 1,771957 0,000092
спартановка 3,912023 0,001020
спартановки 3,912023 0,001224
спасении 3,506558 0,000183
спасения 2,813411 0,000147
спб 0,385662 0,000040
специализация 3,506558 0,000366
специализироваться 3,912023 0,000204
специализирующийся 3,506558 0,000183
специалистами 1,966113 0,000103
специалисты 1,714798 0,000089
специальная 1,771957 0,000092
специальное 2,040221 0,000106
специальным 2,120264 0,000111
специй 3,912023 0,000204
специфика 2,995732 0,000156
спиртного 3,912023 0,000204
списка 1,469676 0,000077
списки 1,714798 0,000089
списку 2,995732 0,000156
список 0,248461 0,000130
сплошную 3,506558 0,000183
спорная 2,407946 0,000126
спорной 2,120264 0,000221
спорную 2,040221 0,000106
спорный 3,218876 0,000336
спорт 0,776529 0,000121
спорта 0,916291 0,000239
спортзалов 3,506558 0,000183
спортивная 2,040221 0,000319
спортивные 1,078810 0,000112
спортивных 1,108663 0,000058
спортом 2,995732 0,000156
спортсменов 2,302585 0,000120
спортспортивные 3,506558 0,000183
способностям 3,912023 0,000204
способностями 3,506558 0,000183
способны 2,207275 0,000115
способных 3,506558 0,000366
способствовали 2,659260 0,000416
способствовало 1,609438 0,000084
справка 1,272966 0,000265
справочник 0,916291 0,000143
спроектирован 3,912023 0,000204
спроектированный 3,912023 0,000204
спрос 2,813411 0,000147
спрятавшаяся 3,912023 0,000204
спрятавшиеся 3,912023 0,000408
сработала 3,912023 0,000204
сравнимы 3,506558 0,000183
сражение 3,218876 0,000168
сражении 3,506558 0,000366
сражений 2,659260 0,000139
сражения 2,813411 0,000587
сражениях 3,912023 0,000204
сразиться 3,912023 0,000204
сразу 0,994252 0,000104
срастание 3,912023 0,000204
среда 1,386294 0,000072
среди 0,198451 0,000145
среднеазиатского 3,506558 0,000183
среднеахтубинский 3,912023 0,000204
средневековой 2,040221 0,000213
средневековому 3,912023 0,000204
среднее 1,272966 0,000133
средней 0,867501 0,000045
среднем 0,693147 0,000108
средний 0,494296 0,000077
средним 1,832581 0,000096
среднюю 2,407946 0,000126
средняя 0,510826 0,000133
средства 0,415515 0,000087
среду 1,897120 0,000099
среды 0,755023 0,000039
сродницы 3,912023 0,000204
сроки 1,966113 0,000513
српски 0,000000 0,000000
српскохрватски 0,000000 0,000000
сср 0,820981 0,000086
ссср 0,314711 0,000509
сссргорода 2,813411 0,000147
ссуды 3,506558 0,000183
ссылка 0,274437 0,000129
ссылками 0,186330 0,000049
ссылкасведения -0,009950 -0,000001
ссылки -0,009950 -0,000004
ссылкойстатьи 2,302585 0,000120
стабилизировать 3,912023 0,000204
стабильная 0,994252 0,000052
став 1,771957 0,000092
ставит 2,302585 0,000360
ставкой 3,506558 0,000366
ставрополь 2,207275 0,000115
ставшее 3,218876 0,000503
ставшей 3,218876 0,000336
ставшие 2,302585 0,000120
ставшим 3,506558 0,000183
ставших 3,218876 0,000168
стадион 1,108663 0,000636
стадиона 1,832581 0,000191
стадионов 1,660731 0,000087
стал 0,314711 0,000656
стала 0,462035 0,000458
сталепроволочно-канатный 3,912023 0,000204
стали 0,430783 0,000606
сталианс 3,912023 0,000204
сталин 2,525729 0,000658
сталина 2,040221 0,001702
сталинабад 3,506558 0,000183
сталинагорода-миллионеры 3,912023 0,000204
сталинварош 3,506558 0,000183
сталингра 0,000000 0,000000
сталинград 2,995732 0,004998
сталинграда 2,813411 0,006307
сталинграде 3,912023 0,001836
сталинградом 3,218876 0,001175
сталинградская 3,506558 0,004205
сталинградские 3,912023 0,000408
сталинградский 3,506558 0,002011
сталинградских 3,912023 0,000408
сталинградского 3,506558 0,002011
сталинградское 3,912023 0,000612
сталинградской 3,218876 0,004196
сталинградском 3,912023 0,000816
сталинградскую 3,912023 0,001224
сталинграду 3,506558 0,001645
сталинградцам 3,912023 0,000204
сталинири 3,506558 0,000183
сталиниси 3,506558 0,000183
сталинки 3,506558 0,000183
сталиногорск 3,218876 0,000168
сталиногруд 3,506558 0,000183
сталинск 3,506558 0,000183
сталинский 2,302585 0,000600
сталинского 2,525729 0,000263
сталинской 3,218876 0,000336
сталину 2,995732 0,000312
сталинштадт 3,506558 0,000183
сталиным 3,506558 0,000183
сталкеры 3,912023 0,000204
стало 0,494296 0,000335
стандартам 2,207275 0,000115
стандартным 3,218876 0,000168
стандарты 1,966113 0,000103
станет 1,309333 0,000068
станиц 3,218876 0,000168
станицы 2,659260 0,000416
становились 2,525729 0,000395
становилось 3,506558 0,000183
становится 0,527633 0,000083
становление 1,966113 0,000205
станции 0,693147 0,000506
станций 1,309333 0,000205
станцию 1,897120 0,000099
станция 0,798508 0,000125
стараниями 3,506558 0,000183
стараться 3,912023 0,000204
старая 0,430783 0,000112
старейшая 1,897120 0,000198
старейшее 2,525729 0,000263
старейшие 2,813411 0,000293
старейший 1,609438 0,000252
стариков 3,912023 0,000204
старинных 2,302585 0,000120
старица 2,040221 0,000106
староватых 3,912023 0,000204
старого 1,347074 0,000070
старообрядчестве 3,912023 0,000204
старополтавский 3,912023 0,000204
старые 1,771957 0,000185
старый 1,049822 0,000055
старым 2,525729 0,000132
статистика -0,009950 -0,000001
статистике 0,916291 0,000048
статистики 0,713350 0,000335
статистический 0,755023 0,000472
статистических 2,040221 0,000106
статистическое 0,994252 0,000052
статус 0,510826 0,000160
статуса 1,309333 0,000341
статусом 1,171183 0,000244
статусу 2,659260 0,000139
статуя 3,506558 0,000548
статуями 3,912023 0,000204
стать 1,203973 0,000063
статьевикипедия 1,660731 0,000087
статьи 0,072571 0,000026
статьислучайная -0,009950 -0,000001
статьисообществофорумсправкасвежие -0,009950 -0,000001
статья 0,105361 0,000099
статьяобсуждение -0,009950 -0,000001
статьятекущие -0,009950 -0,000001
стаханов 3,912023 0,000204
стелу 2,995732 0,000156
стен 1,771957 0,000462
стенам 3,912023 0,000204
стенах 2,407946 0,000126
стене 2,813411 0,000147
стенок 3,506558 0,000183
стены 1,771957 0,000277
стеньки 3,506558 0,000183
степан 2,407946 0,000251
степана 1,966113 0,000308
степени 0,843970 0,000044
степень 1,714798 0,000089
степи 1,966113 0,000923
степная 2,659260 0,000277
степного 2,995732 0,000156
степные 2,995732 0,000156
степными 2,813411 0,000147
степных 2,813411 0,000147
степь 2,525729 0,000658
степями 3,912023 0,000204
стереотип 1,514128 0,000079
стерляди 3,912023 0,000408
стеценко 3,912023 0,000204
стз 3,912023 0,000612
стиле 0,994252 0,000467
стиль 1,714798 0,000447
стиля 1,714798 0,000089
стихийно 2,995732 0,000156
стихотворение 2,525729 0,000132
стихотворении 3,912023 0,000204
сто 1,966113 0,000103
стоит 1,237874 0,000065
стойкое 3,912023 0,000204
столица 0,967584 0,000050
столице 2,120264 0,000111
столицей 1,171183 0,000061
столицы 1,049822 0,000109
столкновениях 3,912023 0,000204
столовых 3,912023 0,000204
столыпиным 3,912023 0,000204
столько 1,832581 0,000096
сторожах 3,912023 0,000204
сторожевая 3,506558 0,000366
сторожевой 2,302585 0,000480
сторон 1,660731 0,000346
сторона 2,040221 0,000213
стороне 1,139434 0,000178
сторону 1,171183 0,000122
стороны 0,430783 0,000135
сточные 3,218876 0,000168
сточных 1,714798 0,000089
стоявшего 3,912023 0,000204
стоянка 2,525729 0,000132
стоят 2,302585 0,000240
стоять 2,659260 0,000416
стр 1,309333 0,000273
стран 0,597837 0,000031
страна 0,462035 0,000048
странах 1,560648 0,000081
стране 0,867501 0,000045
страница -0,009950 -0,000002
страницасодержаниеизбранные -0,009950 -0,000001
страницах 2,659260 0,000139
страницецитировать -0,009950 -0,000001
страницуполучить -0,009950 -0,000001
страницы -0,009950 -0,000003
страницыслужебные -0,009950 -0,000001
страну 2,207275 0,000115
страны 0,634878 0,000265
стратегическую 3,506558 0,000183
стрежень 3,218876 0,000168
стрелковая 2,407946 0,000251
стрелковой 2,995732 0,000312
стрельбицкого 3,912023 0,000204
стрельцов 2,659260 0,000832
стрельцы 3,506558 0,000183
стремительно 2,302585 0,000120
стремительном 3,912023 0,000204
стремительный 3,506558 0,000183
стремительным 3,912023 0,000204
стремительных 3,912023 0,000204
строение 1,966113 0,000103
строения 1,832581 0,000096
строил 3,218876 0,000168
строили 2,659260 0,000139
строились 2,040221 0,000425
строит 3,506558 0,000366
строителей 2,040221 0,000106
строительная 2,813411 0,000293
строительно-архитектурный 3,912023 0,000204
строительного 2,525729 0,000132
строительной 2,120264 0,000111
строительные 1,966113 0,000103
строительный 1,897120 0,000396
строительных 1,427116 0,000074
строительства 0,673345 0,000386
строительстве 1,078810 0,000225
строительство 0,510826 0,000266
строительством 1,714798 0,000089
строится 1,272966 0,000066
строить 1,832581 0,000191
строиться 2,525729 0,000263
стройки 3,218876 0,000168
стройматериалы 3,218876 0,000168
строке 1,609438 0,000084
строкой 3,506558 0,000183
строятся 1,714798 0,000179
строящемся 3,506558 0,000183
струги 3,506558 0,000183
структуры 1,171183 0,000061
студенческих 2,995732 0,000156
стянул 3,912023 0,000204
субъект 0,820981 0,000043
субъектов 0,755023 0,000157
субъекты 1,897120 0,000099
суворов 2,302585 0,000120
суворова 2,659260 0,000139
суд 1,469676 0,000153
суда 1,078810 0,000112
судебные 2,659260 0,000139
судов 1,237874 0,000323
судоверфи 3,506558 0,000183
судоверфь 3,218876 0,000503
судостроительный 2,302585 0,000480
судоходного 3,912023 0,000204
судоходный 3,218876 0,000168
суды 2,407946 0,000251
судьба 1,966113 0,000410
судьбу 2,995732 0,000156
судьбы 2,659260 0,000416
сукин 3,218876 0,000168
сукно 3,506558 0,000183
сумел 3,218876 0,000168
суммарных 3,912023 0,000204
суровикино 3,912023 0,001224
суровикинский 3,912023 0,000204
сутки 1,771957 0,000092
суточный 0,820981 0,000086
сухая 1,966113 0,000615
сухой 1,966113 0,000205
сухопутной 3,506558 0,000183
сухопутную 3,218876 0,000168
сухпайки 3,912023 0,000204
сушки 3,912023 0,000204
существовавшее 2,813411 0,000147
существовавшие 2,813411 0,000147
существовавшим 3,506558 0,000366
существовала 1,386294 0,000072
существовали 1,309333 0,000137
существовало 1,427116 0,000223
существование 1,049822 0,000274
существуют 0,162519 0,000017
существующая 2,995732 0,000156
существующее 3,912023 0,000204
существующей 2,302585 0,000240
существующие 2,040221 0,000213
существующим 2,813411 0,000147
существующих 1,714798 0,000089
сферах 2,120264 0,000111
сферы 1,309333 0,000273
сформировавшееся 3,912023 0,000204
сформировалось 2,813411 0,000147
схем 2,407946 0,000126
схема 1,386294 0,000145
схеме 2,120264 0,000111
схему 2,407946 0,000126
сходству 3,912023 0,000204
сцену 2,995732 0,000156
счастья 2,659260 0,000139
счет 0,673345 0,000070
считается 0,693147 0,000108
считали 2,302585 0,000120
считать 0,994252 0,000104
считая 2,207275 0,000115
сша 0,562119 0,000088
съезды 3,218876 0,000168
съехать 3,912023 0,000204
сызрань 1,237874 0,000194
сына 2,995732 0,000156
сыпного 3,912023 0,000204
сырой 2,995732 0,000156
сырье 2,995732 0,000156
сырья 2,120264 0,000111
сюда 1,108663 0,000116
сюдасвязанные -0,009950 -0,000001
табака 2,995732 0,000156
табасараны 1,832581 0,000096
табл 0,867501 0,000045
таблица 0,653926 0,000170
табличной 1,309333 0,000068
тагил 1,272966 0,000066
таджики 1,347074 0,000070
тайши 3,912023 0,000204
также 0,000000 0,000000
такие 0,261365 0,000027
таким 0,527633 0,000138
таких 0,510826 0,000080
таковыми 2,813411 0,000147
такого 1,237874 0,000065
такое 1,108663 0,000116
таком 1,660731 0,000087
такси 1,021651 0,000053
тактика 3,506558 0,000183
тактике 3,912023 0,000204
тактической 3,912023 0,000204
таланта 3,912023 0,000204
таланту 3,912023 0,000204
талыши 1,897120 0,000099
таможенное 3,506558 0,000183
таможне 3,506558 0,000183
танаиса 3,912023 0,000204
танасчишина 3,912023 0,000204
танк 2,407946 0,000251
танка 3,506558 0,000366
танками 3,912023 0,000204
танках 3,912023 0,000204
танкер 3,218876 0,000168
танкеров 3,218876 0,000168
танки 3,218876 0,000839
танкистами 3,912023 0,000204
танковая 3,218876 0,000336
танкового 2,995732 0,000469
танковое 3,218876 0,000168
танковый 3,506558 0,000183
танковых 3,218876 0,000168
танком 3,912023 0,000204
танкостроения 3,912023 0,000204
тарашкев 0,000000 0,000000
таскать 3,912023 0,000204
татар 1,469676 0,000230
татарские 3,218876 0,000503
татарский 1,771957 0,000092
татарским 3,506558 0,000183
татарской 2,407946 0,000126
татарча 0,000000 0,000000
татары 0,798508 0,000208
татищевым 3,218876 0,000168
татьяна 1,609438 0,000084
татьянка 3,912023 0,000408
тацинской 3,912023 0,000204
тверь 1,514128 0,000079
твоим 3,506558 0,000183
твой 2,407946 0,000126
творчестве 2,302585 0,000120
тдн 3,912023 0,000204
театр 0,713350 0,000484
театра 1,021651 0,000320
театральное 2,302585 0,000120
театров 1,203973 0,000126
театром 2,120264 0,000221
театру 2,995732 0,000156
театры 0,941609 0,000196
текст -0,009950 -0,000001
тексты 2,120264 0,000111
текущем 0,544727 0,000028
текущим 1,771957 0,000092
тел 2,995732 0,000156
тела 1,897120 0,000099
телевещание 1,966113 0,000205
телевидение 0,967584 0,000101
телевизоры 3,506558 0,000366
телеграмму 3,218876 0,000168
телефон 2,302585 0,000120
телефонная 2,120264 0,000111
телефонный 0,776529 0,000040
телецентра 2,302585 0,000120
тема 1,897120 0,000099
тематические 0,510826 0,000027
темах 2,040221 0,000106
темахнаселенные 3,912023 0,000204
теме 2,407946 0,000126
темно 3,912023 0,000204
темноцветные 3,912023 0,000204
темноцветными 3,912023 0,000204
темноцветных 3,912023 0,000408
темп 2,302585 0,000120
температура 0,562119 0,000029
температурами 3,218876 0,000168
температурный 2,207275 0,000230
температуры 1,139434 0,000119
темпы 2,525729 0,000263
тенор-любитель 3,912023 0,000204
тепла 1,832581 0,000096
терем 3,912023 0,000204
термина 0,400478 0,000021
терминах 3,506558 0,000183
терминов 2,207275 0,000115
терминологии 3,218876 0,000168
термины 2,407946 0,000251
терпевшим 3,506558 0,000183
терпящие 3,912023 0,000204
террасы 2,525729 0,000263
территориальная 2,995732 0,000312
территориальной 2,813411 0,000147
территориальную 3,912023 0,000204
территориальный 1,660731 0,000087
территориальных 0,776529 0,000243
территорией 1,469676 0,000077
территории 0,400478 0,000438
территорий 1,049822 0,000164
территорию 0,941609 0,000147
территория 0,755023 0,000276
террора 2,525729 0,000263
террористические 3,912023 0,000204
террористических 2,995732 0,000156
терял 3,506558 0,000183
теснить 3,912023 0,000204
тетюши 2,120264 0,000111
тех 0,798508 0,000208
техники 0,867501 0,000498
технику 2,525729 0,000132
технические 1,897120 0,000099
технический 1,021651 0,000053
технического 1,514128 0,000237
технологии 0,798508 0,000167
технологий 0,653926 0,000034
течение 0,527633 0,000055
течении 1,660731 0,000087
течения 1,897120 0,000099
тил 3,912023 0,000204
тимофеевич 3,218876 0,000168
тимофей 3,506558 0,000366
тип 0,356675 0,000019
типа 0,462035 0,000024
типельскирх 3,912023 0,000204
типично 3,912023 0,000204
типичную 3,912023 0,000204
типового 3,506558 0,000183
типовой 2,813411 0,000147
типовые 3,912023 0,000408
типовыми 3,912023 0,000204
типовых 2,525729 0,000132
тиражной 3,218876 0,000168
тирасполь 2,995732 0,000156
титан 3,506558 0,000366
титанические 3,912023 0,000204
титулам 3,912023 0,000204
тифа 3,506558 0,000183
тифом 3,506558 0,000366
тихо 3,218876 0,000168
тихорецк 2,813411 0,000293
тихорецкая 3,912023 0,000204
тихорецкого 3,912023 0,000204
тихорецкому 3,912023 0,000204
ткани 2,525729 0,000132
тов 3,506558 0,000183
товарища 3,506558 0,000183
товарный -0,009950 -0,000001
товаров 1,049822 0,000055
той 1,049822 0,000109
толпою 3,912023 0,000204
толстого 1,714798 0,000089
тольятти 1,514128 0,000079
томск 1,108663 0,000058
топливная 3,218876 0,000168
топографии 2,995732 0,000156
топографическая 3,218876 0,000168
топографическим 3,912023 0,000204
топонимах 3,218876 0,000168
топонимии 2,659260 0,000139
топонимический 0,798508 0,000042
топонимы 2,659260 0,000139
тора 3,912023 0,000204
торговли 0,867501 0,000181
торговлю 2,525729 0,000132
торговля 1,021651 0,000107
торгово-развлекательных 2,659260 0,000139
торгового 1,832581 0,000096
торговом 2,407946 0,000126
торговые 1,203973 0,000126
торговый 1,237874 0,000129
торговым 2,207275 0,000230
торез 3,912023 0,000204
торце 3,912023 0,000204
точка 1,309333 0,000068
точке 2,407946 0,000126
точки 1,049822 0,000109
точное 2,207275 0,000115
травянистая 3,218876 0,000168
трагедией 3,912023 0,000204
трагедии 2,995732 0,000156
трагической 3,506558 0,000183
традицию 2,813411 0,000147
традиция 2,207275 0,000115
тракт 2,040221 0,000106
тракта 2,407946 0,000126
трактозаводского 3,912023 0,000204
трактор 2,995732 0,000469
трактора 3,218876 0,000671
тракторами 3,912023 0,000204
тракторная-пассажирская 3,912023 0,000204
тракторно-танковый 3,912023 0,000204
тракторного 3,506558 0,001463
тракторном 3,912023 0,000408
тракторный 2,995732 0,001874
тракторных 3,912023 0,000816
тракторов 2,813411 0,000293
тракторозаводский 3,506558 0,001097
тракторозаводского 3,912023 0,000408
тракторозаводском 3,912023 0,000408
тракторозаводскому 3,912023 0,000204
трактором 3,912023 0,000204
тракторостроитель 3,912023 0,000204
трактрозаводский 3,912023 0,000204
трамваи 1,897120 0,000396
трамвай 0,967584 0,000252
трамвай-памятник 3,912023 0,000204
трамвайная 2,120264 0,000111
трамвайной 2,120264 0,000221
трамвайные 1,966113 0,000103
трамвайный 2,525729 0,000132
трамвайным 3,506558 0,000183
трамвайными 3,506558 0,000183
трамваю 3,506558 0,000183
трамвая 1,347074 0,000492
транзитного 1,897120 0,000099
транзитной 2,659260 0,000139
транспорт 0,693147 0,000325
транспорта 0,776529 0,000243
транспортаэропорт 3,912023 0,000204
транспорте 1,514128 0,000079
транспортировки 2,813411 0,000147
транспортная 1,237874 0,000323
транспортного 1,660731 0,000260
транспортное 2,040221 0,000106
транспортной 1,108663 0,000231
транспортные 1,609438 0,000336
транспортным 1,714798 0,000179
транспортных 0,891598 0,000046
трансформация 2,995732 0,000156
трасса 1,427116 0,000149
трассы 1,609438 0,000084
трассы-дублеры 3,912023 0,000204
трафик 3,506558 0,000183
траханиотов 3,912023 0,000204
требует 1,427116 0,000074
требуются 2,813411 0,000147
тренировочные 3,912023 0,000204
трест 3,218876 0,000168
трети 1,897120 0,000198
третий 1,203973 0,000126
третьем 2,302585 0,000120
третьим 2,120264 0,000111
третья 1,609438 0,000084
трех 0,713350 0,000074
трехмерном 3,912023 0,000204
трехрублевая 3,912023 0,000204
трехсекционные 3,912023 0,000204
тридцать 2,659260 0,000139
трижды 2,120264 0,000111
тролза 2,659260 0,000277
троллейбуса 1,897120 0,000198
троллейбусной 2,813411 0,000147
троллейбусные 2,407946 0,000251
троллейбусный 2,302585 0,000120
троллейбусов 1,832581 0,000096
трость 3,912023 0,000204
трофейного 3,506558 0,000183
труда 1,139434 0,000059
трудом 2,995732 0,000156
трудящихся 2,120264 0,000111
трупов 3,506558 0,000366
труфанов 3,912023 0,000408
трц 1,660731 0,000087
туапсе 1,897120 0,000099
тула 1,897120 0,000099
тулака 3,912023 0,000408
тунис 2,995732 0,000156
тургенев 3,218876 0,000168
тургеньев 3,912023 0,000408
турецкая 2,813411 0,000147
турецкую 3,912023 0,000204
туризм 1,347074 0,000140
турин 3,506558 0,000183
туристические 2,120264 0,000221
туристический 1,897120 0,000099
туристов 1,560648 0,000081
турки 1,832581 0,000096
туркмены 1,966113 0,000103
турнира 2,525729 0,000132
турция 2,207275 0,000230
турчанинов 3,912023 0,000204
турченин 3,912023 0,000204
турченина 3,912023 0,000408
тутаев 2,040221 0,000106
тутошних 3,912023 0,000408
тыл 3,912023 0,000204
тыла 1,897120 0,000099
тылам 3,912023 0,000204
тылу 3,506558 0,000548
тыс 0,430783 0,000112
тысяч 0,415515 0,000347
тысячами 2,813411 0,000147
тысячи 0,597837 0,000031
тысячная 3,912023 0,000204
тэц 1,272966 0,000664
тюз 2,813411 0,000587
тюмень 1,171183 0,000061
тюрин 3,218876 0,000168
тюрков 3,218876 0,000168
тюркским 2,659260 0,000139
тюркского 2,407946 0,000251
тюркском 2,995732 0,000156
тяжелая 2,659260 0,000277
тяжелого 2,302585 0,000120
тяжелой 2,407946 0,000126
тяжелый 3,218876 0,000168
тяжелых 2,302585 0,000120
тяжпромэлектропроект 3,506558 0,000366
убивают 3,218876 0,000168
убили 3,912023 0,000204
убиты 2,995732 0,000312
убитые 3,912023 0,000204
убор 3,506558 0,000183
уварова 3,506558 0,000183
уведены 3,912023 0,000204
уведомления 3,912023 0,000204
увековечивание 3,912023 0,000204
увеличение 1,347074 0,000070
увеличившегося 3,506558 0,000183
увеличили 3,506558 0,000183
увеличилось 1,309333 0,000068
увенчан 2,040221 0,000106
уверенно 3,506558 0,000183
увлечение 3,912023 0,000204
уводить 3,912023 0,000204
увязнуть 3,912023 0,000204
углерода 1,897120 0,000297
углич 2,040221 0,000106
углом 3,912023 0,000204
углубленным 2,302585 0,000120
угнано 3,218876 0,000168
угол 1,966113 0,000103
уголовные 3,506558 0,000183
уголь 2,207275 0,000115
угона 3,912023 0,000204
угоном 3,912023 0,000204
угроза 2,120264 0,000111
угрозой 2,407946 0,000126
угрозы 2,525729 0,000132
удалении 2,813411 0,000147
удаленный 2,525729 0,000132
удалось 1,237874 0,000581
удар 2,995732 0,001250
удара 3,912023 0,000408
ударе 3,912023 0,000204
ударив 3,912023 0,000204
ударил 3,912023 0,000204
ударили 3,912023 0,000408
ударило 3,912023 0,000204
ударить 3,912023 0,000204
ударнике 3,912023 0,000204
ударов 3,218876 0,000168
ударом 3,912023 0,000816
удару 3,912023 0,000408
удача 3,506558 0,000183
удачливости 3,912023 0,000204
удачливым 3,912023 0,000204
удачной 3,912023 0,000408
удачный 2,995732 0,000156
удержать 3,912023 0,000204
удины 2,525729 0,000132
удмуртский 3,506558 0,000183
удмуртукра 0,000000 0,000000
удмурты 1,660731 0,000087
удобного 3,912023 0,000204
удовлетворяет 2,813411 0,000147
уезд 1,897120 0,000297
уезда 1,469676 0,000230
уезде 3,218876 0,000168
уездного 2,525729 0,000527
уездное 2,659260 0,000139
уездный 2,525729 0,000263
уездным 2,407946 0,000251
уездов 2,659260 0,000139
уезду 3,912023 0,000204
уезды 3,218876 0,000336
ужас 3,912023 0,000204
узбеки 1,386294 0,000072
узел 0,891598 0,000046
узкую 3,218876 0,000168
узла 1,966113 0,000205
узлом 1,609438 0,000084
уилльяму 3,912023 0,000204
уинстон 3,218876 0,000168
уйдя 3,912023 0,000204
указ 0,941609 0,000147
указавшие 1,771957 0,000092
указавших 2,302585 0,000120
указан 0,139262 0,000007
указана 1,427116 0,000074
указанием -0,009950 -0,000001
указания 1,714798 0,000089
указанного 1,078810 0,000056
указанный 2,995732 0,000156
указано 0,733969 0,000077
указом 0,941609 0,000098
указу 1,714798 0,000089
уклад 3,506558 0,000366
уклада 3,218876 0,000168
укладом 3,506558 0,000183
укладу 3,912023 0,000204
уклонами 3,506558 0,000183
украина 1,560648 0,000163
украиной 1,966113 0,000103
украинский 2,120264 0,000111
украину 1,897120 0,000198
украинцы 0,891598 0,000139
украины 0,616186 0,000064
украшают 2,659260 0,000139
украшений 3,506558 0,000183
украшены 3,506558 0,000183
укрепленная 2,659260 0,000139
улиц 0,891598 0,000232
улица 0,994252 0,000570
улицам 1,832581 0,000096
улицами 1,897120 0,000396
улицах 1,660731 0,000173
улице 0,916291 0,000334
улицы 0,843970 0,000220
уличные 2,813411 0,000147
уличных 2,813411 0,000440
уложение 3,506558 0,000183
улочка 3,912023 0,000204
улочки 3,912023 0,000408
улуса 3,506558 0,000366
улучшения 1,966113 0,000103
ультиматумы 3,912023 0,000204
ульяна 3,912023 0,000204
ульяновск 1,078810 0,000112
уменьшена 3,912023 0,000204
умеренно 1,021651 0,000053
умеренно-континентальный 2,659260 0,000139
умерло 2,995732 0,000312
умершего 3,218876 0,000168
умершие 3,218876 0,000168
умерших 1,832581 0,000096
умуча 3,912023 0,000204
универсальная 0,891598 0,000046
университет 0,562119 0,000264
университета 0,446287 0,000140
университетский 2,525729 0,000132
университету 2,525729 0,000132
университеты 1,966113 0,000103
уникальным 2,407946 0,000126
уничтожались 3,912023 0,000204
уничтожат 3,506558 0,000183
уничтожают 2,995732 0,000156
уничтожая 3,912023 0,000204
уничтожена 3,218876 0,000168
уничтожено 2,813411 0,000147
уничтожены 2,302585 0,000240
ункновский 3,912023 0,000612
ункновского 3,912023 0,000204
упал 2,813411 0,000147
упало 2,995732 0,000156
упоминаемый 3,912023 0,000204
упоминание 1,237874 0,000452
упоминания 1,966113 0,000103
упорная 3,912023 0,000204
управе 3,912023 0,000204
управление 0,527633 0,000138
управления 0,415515 0,000043
управленияглавы 3,912023 0,000204
управлялся 3,912023 0,000204
управлять 2,040221 0,000106
управы 2,040221 0,000106
упразднением 3,912023 0,000204
упразднившие 3,912023 0,000204
упуская 3,912023 0,000204
урал 1,560648 0,000081
урал-волга 3,912023 0,000204
уральск 2,302585 0,000120
уральский 2,302585 0,000120
уральско-волжским 3,912023 0,000204
уран 3,218876 0,000168
урбах 3,912023 0,000204
урез 3,506558 0,000366
уровень 0,579818 0,000091
уровнем 0,798508 0,000167
уровня 0,634878 0,000066
урожай 3,912023 0,000408
уроженцы 2,995732 0,000625
урус-бий 3,912023 0,000204
урюпинск 3,912023 0,000816
урюпинский 3,912023 0,000204
усиление 2,120264 0,000111
усиления 3,506558 0,000183
усиленные 3,912023 0,000204
усилено 3,912023 0,000204
усиливавшийся 3,912023 0,000204
усилий 2,525729 0,000132
усилили 3,218876 0,000168
ускоренного 3,218876 0,000168
ускоренные 3,912023 0,000204
условий -0,009950 -0,000001
условия -0,009950 -0,000001
условиях 1,049822 0,000274
условно 2,040221 0,000106
условные 2,659260 0,000139
успевшими 3,912023 0,000204
успела 3,912023 0,000204
успели 2,995732 0,000156
успенская 2,407946 0,000251
успех 2,407946 0,000251
успехом 2,120264 0,000111
успешнее 3,912023 0,000204
успешной 2,995732 0,000156
успешным 2,659260 0,000277
уста 3,912023 0,000204
устав 0,941609 0,000245
уставе 2,525729 0,000132
уставу 2,302585 0,000240
установить 2,207275 0,000115
установлена 1,237874 0,000065
установлении 1,771957 0,000277
установлены 1,560648 0,000244
устранении 3,506558 0,000183
устройства 1,309333 0,000205
устройстве 1,171183 0,000122
устройство 1,021651 0,000107
устройству 2,120264 0,000111
усть-каменогорск 2,995732 0,000156
усть-лабинск 3,218876 0,000168
устье 0,994252 0,000156
устью 1,078810 0,000056
устья 1,171183 0,000122
усугубляет 3,506558 0,000183
усугублялись 3,912023 0,000204
утверждался 3,506558 0,000183
утвержден 1,171183 0,000061
утверждению 2,525729 0,000132
утверждениями 0,713350 0,000037
утвержденный 2,040221 0,000106
утрат 3,912023 0,000204
утратила 2,995732 0,000156
утрачен 3,218876 0,000168
утрачена 3,506558 0,000183
утраченная 3,912023 0,000204
уфа 0,967584 0,000101
ухода 2,813411 0,000147
уходила 3,912023 0,000204
уходит 2,207275 0,000345
уходя 3,506558 0,000183
уходят 2,407946 0,000126
уцелевшие 3,218876 0,000168
уцелевшими 3,912023 0,000204
уцелел 3,912023 0,000204
участвуют 2,207275 0,000115
участие -0,009950 -0,000002
участка 1,609438 0,000084
участками 3,506558 0,000183
участки 1,514128 0,000316
участков 1,897120 0,000099
участники 1,771957 0,000092
участников 1,272966 0,000066
участок 1,203973 0,000251
учебные 1,108663 0,000289
учебных 1,049822 0,000219
ученицы 3,912023 0,000204
ученый 1,714798 0,000089
учетную -0,009950 -0,000001
учетом 0,755023 0,000079
учету 3,218876 0,000168
училища 1,514128 0,000316
училище 1,021651 0,000320
учительница 3,912023 0,000204
учла 3,912023 0,000204
ушедшие 3,506558 0,000183
ушедшим 3,506558 0,000183
ущерб 2,040221 0,000319
фабрика 1,272966 0,000199
фабрикой-кухней 3,912023 0,000204
фазе 3,912023 0,000204
факт 1,514128 0,000079
факта 2,302585 0,000120
фактически 0,916291 0,000096
факторы 2,207275 0,000115
факты 1,108663 0,000058
фалеристика 3,506558 0,000183
фамилии 3,218876 0,000336
фан-зона 3,218876 0,000168
фасадами 3,912023 0,000204
фауна 1,272966 0,000465
фации 3,912023 0,000204
февр 0,820981 0,000043
февраль 1,272966 0,000066
февральская 3,218876 0,000168
февраля 0,051293 0,000078
февронии 2,525729 0,000263
федеральная 0,713350 0,000223
федерального 0,673345 0,000070
федеральной 0,891598 0,000046
федеральный 0,653926 0,000068
федеральных 0,776529 0,000162
федеративному 2,525729 0,000132
федерации 0,544727 0,000710
федор 1,560648 0,000163
федора 1,771957 0,000462
федоровича 2,813411 0,000147
федором 3,218876 0,000168
фельдмаршала 3,506558 0,000183
фенола 3,218876 0,000168
фестивали 1,427116 0,000074
фестиваль 1,139434 0,000119
фзу 3,912023 0,000204
фигнер 3,912023 0,000204
физико-географическая 0,843970 0,000088
физической 1,514128 0,000316
физкультурная 3,506558 0,000183
филателии 1,609438 0,000084
филиал 0,798508 0,000125
филиалы 1,347074 0,000281
филиппова 3,912023 0,000204
фильм 1,386294 0,000072
фильме 2,525729 0,000132
финансово-экономический 2,659260 0,000139
финансово-юридической 3,506558 0,000183
финансовых 1,560648 0,000081
финансы 0,798508 0,000042
финляндия 1,832581 0,000096
фиолетовым 3,912023 0,000204
фирмой 2,659260 0,000139
фирмы 2,120264 0,000221
флаг 0,673345 0,000176
флаги 2,995732 0,000156
флангов 3,912023 0,000204
флора 1,171183 0,000122
флот 1,832581 0,000191
флотилию 3,912023 0,000204
фойе 3,912023 0,000204
фома 2,659260 0,000277
фон 2,120264 0,000111
фонд -0,009950 -0,000003
фонда 1,309333 0,000410
фоне 1,560648 0,000081
фонтан 1,609438 0,000252
фонтана 2,813411 0,000147
форм 1,347074 0,000070
формальдегида 2,813411 0,000147
форманта 3,506558 0,000183
форме 0,941609 0,000049
формирования 1,108663 0,000058
форму 1,714798 0,000179
формы 0,941609 0,000098
форпост 3,218876 0,000168
форпостом 3,506558 0,000183
форсировав 3,912023 0,000408
форштадт 3,218876 0,000503
форштадты 3,912023 0,000204
фосфатов 3,506558 0,000183
фотографии 1,203973 0,000188
фотографиям 3,912023 0,000204
франсуа 3,218876 0,000168
франции 1,609438 0,000084
франция 1,560648 0,000081
французский 2,040221 0,000106
французским 3,506558 0,000183
фролово 3,912023 0,000612
фроловский 3,912023 0,000204
фронт 1,714798 0,000179
фронта 1,514128 0,000789
фронте 3,506558 0,000548
фронтов 3,218876 0,000168
фронту 2,995732 0,000156
фронты 3,912023 0,000204
фторидов 3,912023 0,000204
фундамент 2,813411 0,000147
функции 1,049822 0,000109
функций 1,660731 0,000087
функционалом 3,506558 0,000183
функциональном 3,506558 0,000183
функционировать 2,995732 0,000156
функцию 2,407946 0,000251
функция 1,832581 0,000096
функциями 2,659260 0,000139
функциях 3,506558 0,000183
фурманов 3,912023 0,000204
футбола 2,120264 0,000111
футболистов 3,506558 0,000366
футболом 3,506558 0,000183
футболу 1,560648 0,000488
футбольного 2,659260 0,000139
футбольное 2,813411 0,000147
футбольный 1,203973 0,000126
футбольных 3,506558 0,000183
хан 2,659260 0,000277
ханов 2,995732 0,000156
ханства 2,207275 0,000345
ханствами 3,506558 0,000183
ханство 2,207275 0,000345
харабали 3,506558 0,000183
характер 0,994252 0,000104
характеризуется 0,941609 0,000049
характеризуются 2,813411 0,000147
характеристика 0,713350 0,000149
характерные 2,120264 0,000111
харьков 2,120264 0,000111
харьковского 3,218876 0,000168
харьковской 2,995732 0,000156
хасавюрт 3,506558 0,000183
хашури 3,506558 0,000183
хвалынск 2,120264 0,000111
хватало 3,506558 0,000183
хемниц 3,506558 0,000183
херианов 3,912023 0,000204
химическая 1,714798 0,000358
химический 2,120264 0,000111
химическое 2,207275 0,000115
химической 1,560648 0,000081
химпром 3,506558 0,000548
химпрома 3,912023 0,000204
хиросима 3,912023 0,000612
хиросимы 3,912023 0,000204
хитрости 3,912023 0,000204
хищники 3,506558 0,000183
хищные 3,506558 0,000183
хлеб 2,207275 0,000230
хлебных 3,912023 0,000204
хлебозавод 2,659260 0,000139
хо-урлюка 3,912023 0,000204
ход 2,040221 0,000106
ходе 0,562119 0,000088
ходили 2,995732 0,000156
ходить 2,813411 0,000147
ходу 3,218876 0,000336
ходят 1,966113 0,000103
хозяевами 3,506558 0,000183
хозяйства 0,755023 0,000079
хозяйственной 2,120264 0,000111
хозяйственные 2,525729 0,000395
хозяйственными 3,218876 0,000168
хозяйство 0,713350 0,000149
хозяйству 2,525729 0,000132
холерой 3,912023 0,000204
холлидт 3,912023 0,000408
холмов 3,218876 0,000168
холодная 2,040221 0,000106
холодное 2,407946 0,000126
холоп 3,912023 0,000204
холостых 3,912023 0,000204
хользунову 3,912023 0,000204
хопер-инвест 3,912023 0,000204
хорасана 3,912023 0,000612
хорватская 1,897120 0,000099
хорваты 2,995732 0,000156
хоровода 3,912023 0,000204
хорошего 3,506558 0,000183
хороший 2,813411 0,000147
хотя 0,653926 0,000102
хохлача 3,912023 0,000204
храм 0,843970 0,000044
храма 1,272966 0,000066
храмов 1,386294 0,000072
храмы 1,049822 0,000055
христианка 3,912023 0,000204
христово 3,506558 0,000183
христосовалась 3,912023 0,000204
христофора 3,912023 0,000204
христофором 3,912023 0,000204
хроника 2,207275 0,000115
хронику 3,506558 0,000183
хрущева 3,218876 0,000168
хрущевки 2,995732 0,000156
хрущевок 3,218876 0,000336
хрущевский 3,912023 0,000204
хтк 3,912023 0,000204
художественной 1,469676 0,000077
художественные 2,120264 0,000111
художественный 1,171183 0,000061
художников 1,609438 0,000084
хутор 2,525729 0,000263
хутора 2,813411 0,000293
хуторов 3,912023 0,000408
царев 3,506558 0,000183
царем 2,813411 0,000147
цари 3,912023 0,000204
царица 2,995732 0,001718
царицей 3,912023 0,000204
царицинскому 3,912023 0,000204
царицу 3,912023 0,000408
царицы 3,218876 0,001343
царицын 3,218876 0,012419
царицына 3,506558 0,010604
царицына-волгограда 3,912023 0,002040
царицына-сталинграда 3,912023 0,000204
царицындо 3,912023 0,000204
царицыне 3,506558 0,004022
царицыном 3,506558 0,000183
царицынская 3,912023 0,001632
царицынские 3,912023 0,000408
царицынский 3,912023 0,003671
царицынским 3,912023 0,000204
царицынских 3,912023 0,000816
царицынского 3,912023 0,002040
царицынское 3,912023 0,000204
царицынской 3,506558 0,001463
царицынском 3,506558 0,000183
царицынскому 3,912023 0,000204
царицыну 3,912023 0,001632
царицыным 3,912023 0,000204
царские 2,813411 0,000293
царский 2,525729 0,000132
царским 2,995732 0,000156
царских 3,218876 0,000336
царского 2,995732 0,000156
царское 2,995732 0,000156
царской 2,120264 0,001216
царском 3,218876 0,000168
царства 1,469676 0,000153
царство 2,040221 0,000319
царствования 2,659260 0,000139
царь 1,966113 0,000308
царю 2,040221 0,000106
царя 1,469676 0,000536
цахуры 2,040221 0,000106
цаца 3,912023 0,000204
цвета 1,171183 0,000061
цветами 3,218876 0,000168
цветники 3,912023 0,000204
цветных 2,525729 0,000395
цгада 3,912023 0,000204
цедельман 3,912023 0,000204
целовальниках 3,912023 0,000408
целом 0,755023 0,000039
целует 3,912023 0,000204
целью 0,733969 0,000230
цена 2,120264 0,000221
ценности 2,525729 0,000132
ценой 2,659260 0,000139
ценою 3,912023 0,000204
центр 0,400478 0,000376
центра 0,562119 0,000234
централизации 2,813411 0,000147
центральная 0,755023 0,000276
центрального 0,967584 0,000454
центральное 1,966113 0,000103
центральной 0,843970 0,000264
центральном 1,714798 0,000536
центральную 1,832581 0,000287
центральный 0,673345 0,000421
центральным 2,040221 0,000213
центральных 1,427116 0,000074
центрам 3,218876 0,000168
центрами 1,469676 0,000077
центрах 2,407946 0,000251
центре 0,673345 0,000140
центров 0,776529 0,000121
центром 0,713350 0,000223
центру 1,966113 0,000103
центры 0,713350 0,000112
цепи 2,813411 0,000147
цепь 2,525729 0,000395
цепью 3,506558 0,000183
церкви 0,916291 0,000287
церквях 3,506558 0,000183
церковно-приходская 3,912023 0,000408
церковно-приходские 3,506558 0,000183
церковно-приходской 3,912023 0,000204
церковь 0,843970 0,000440
цеха 2,659260 0,000139
цеху 3,912023 0,000204
цзилинь 3,912023 0,000204
цивилизация 2,995732 0,000156
цик 2,207275 0,000115
цимлянской 3,912023 0,000204
цинка 2,813411 0,000147
циолковского 2,525729 0,000132
цирк 1,078810 0,000169
цирка 1,832581 0,000096
цирковым 3,912023 0,000204
цирком 3,218876 0,000168
цистерны 3,912023 0,000204
цитату 3,912023 0,000204
цифирный 3,912023 0,000204
цифрах 1,966113 0,000103
цифровые 0,673345 0,000035
цифры 1,714798 0,000089
цицара 3,912023 0,000204
цицера 3,912023 0,000204
цпкио 2,659260 0,000416
цхинвал 2,995732 0,000156
цыгане 1,714798 0,000089
цын 0,000000 0,000000
цыплетев 3,912023 0,000408
цыплятев 3,912023 0,000204
чапаева 2,813411 0,000147
чапаевск 3,218876 0,000168
чапурниковская 3,912023 0,000204
часовой 0,755023 0,000118
частей 1,139434 0,000238
части 0,198451 0,000217
частицы 3,218876 0,000168
частично 0,653926 0,000170
частная 2,120264 0,000111
частном 2,813411 0,000440
частную 2,995732 0,000156
частный 1,832581 0,000096
частным 2,525729 0,000132
частными 2,120264 0,000111
часто 0,415515 0,000108
часты 3,218876 0,000168
частыми 2,525729 0,000263
частых 2,995732 0,000156
часть 0,105361 0,000148
частью 0,755023 0,000197
частями 1,714798 0,000089
частях 1,609438 0,000084
часы 2,302585 0,000120
чаще 1,171183 0,000061
чебоксары 1,171183 0,000061
чекистов 3,218876 0,000168
чел 0,713350 0,000409
человек 0,400478 0,000668
человека 0,579818 0,000091
человеко-дня 3,912023 0,000204
человеку 2,302585 0,000240
человечества 1,897120 0,000099
челябинск 0,994252 0,000104
челябинского 2,995732 0,000156
чемпионат 1,237874 0,000129
чемпионата 1,309333 0,000273
чемпионату 2,659260 0,000416
чемпионов 1,966113 0,000103
чемпионы 2,995732 0,000156
чему 1,897120 0,000198
ченнаи 3,912023 0,000204
череду 3,506558 0,000548
чередуется 3,912023 0,000204
чередуются 2,995732 0,000312
череды 3,506558 0,000183
черемисов 3,912023 0,000204
череповецкая 3,912023 0,000204
череповецкая-маршала 3,912023 0,000204
черешневая 3,912023 0,000204
черкасовское 3,912023 0,000204
черкасска 3,912023 0,000204
черкасский 3,506558 0,000183
черкесов 2,995732 0,000156
черкесы 1,832581 0,000191
черная 1,714798 0,000089
чернобыльской 3,218876 0,000336
черное 2,040221 0,000213
черной 2,120264 0,000111
черному 3,218876 0,000336
черноярском 3,912023 0,000204
черным 1,966113 0,000103
чернышковский 3,912023 0,000408
черте 1,272966 0,000465
чертежа 3,506558 0,000183
черту 1,714798 0,000268
черты 1,203973 0,000126
черчилль 3,506558 0,000183
честь 0,562119 0,000293
четыре 0,713350 0,000037
четырех 1,203973 0,000063
чехардой 3,912023 0,000204
чехия 2,525729 0,000132
чехов 2,407946 0,000377
чеченцы 1,714798 0,000089
чешский 3,506558 0,000183
чиновники 2,525729 0,000132
чиновников 2,302585 0,000240
чир 3,218876 0,000336
числа 0,891598 0,000046
числе 0,248461 0,000130
численности 0,653926 0,000307
численность 0,653926 0,001500
численностью 1,049822 0,000055
числился 3,912023 0,000204
число 0,478036 0,000199
числом 2,525729 0,000132
числу 1,514128 0,000079
чистого 2,659260 0,000139
читальный 3,218876 0,000168
читатели 3,912023 0,000204
читать 2,302585 0,000120
читатьтекущая 1,237874 0,000065
чкаловск 2,040221 0,000106
членов 1,272966 0,000066
чрезвычайно 2,120264 0,000111
чрезмерно 3,912023 0,000204
чуваши 1,237874 0,000065
чувство 2,995732 0,000156
чувствуют 3,506558 0,000183
чуйков 3,506558 0,000366
чуйкова 3,506558 0,000366
чумаками 3,506558 0,000183
чумой 3,912023 0,000204
чунаков 3,912023 0,000408
чуянов 3,912023 0,000204
чьи 2,302585 0,000120
чэнду 3,912023 0,000204
шаблонов 2,302585 0,000120
шагу 3,218876 0,000168
шаляпин 2,813411 0,000147
шанс 3,912023 0,000204
шапуров 3,912023 0,000204
швейная 2,525729 0,000132
швейцарская 3,506558 0,000183
швеции 2,207275 0,000115
шедевры 3,218876 0,000168
шелка 3,912023 0,000204
шелудяком 3,506558 0,000183
шенбруннские 3,912023 0,000204
шереметев 3,912023 0,000204
шереметьев 3,912023 0,000204
шерть 3,912023 0,000204
шестерня 3,912023 0,000204
шести 1,966113 0,000103
шестидесяти 3,218876 0,000168
шестнадцатый 3,506558 0,000183
шестом 3,912023 0,000204
шикарные 3,912023 0,000204
ширина 1,469676 0,000077
шириной 1,966113 0,000513
ширину 2,207275 0,000115
шишов 3,506558 0,000183
школ 0,994252 0,000311
школ-интернатов 2,813411 0,000147
школа 0,891598 0,000372
школами 2,813411 0,000147
школе 2,040221 0,000106
школой 2,813411 0,000147
школы 0,673345 0,000316
школы-интернаты 3,912023 0,000204
школьное 3,506558 0,000366
шла 2,659260 0,000139
шли 2,120264 0,000111
шло 3,218876 0,000168
шлыков 3,506558 0,000366
шлях 3,912023 0,000204
шляху 3,912023 0,000204
шрифтом 2,040221 0,000106
штаб 1,897120 0,000099
штандарт 3,912023 0,000204
штекера 3,912023 0,000204
штрекер 3,912023 0,000204
штурм 2,659260 0,000555
штурма 2,813411 0,000293
штурмовать 3,912023 0,000204
штурмовые 3,912023 0,000204
штурмом 2,995732 0,000312
шуйским 3,912023 0,000204
шульгинка 3,912023 0,000204
шумилова 3,912023 0,000204
щадил 3,912023 0,000204
щит 1,609438 0,000252
ываном 3,912023 0,000204
эвакуация 2,659260 0,000139
эвакуирована 3,912023 0,000204
эвакуированных 2,525729 0,000132
эдуард 2,525729 0,000132
экз 0,415515 0,000108
экзотических 3,218876 0,000168
экипажами 3,506558 0,000183
экологи 2,813411 0,000147
экологические 1,560648 0,000081
экологическим 2,525729 0,000132
экология 0,693147 0,000217
экономика 0,510826 0,000133
экономики 0,713350 0,000112
экономических 1,560648 0,000081
экономическое 2,207275 0,000115
экономической 1,237874 0,000065
экономическом 2,302585 0,000120
экономическому 2,995732 0,000156
экономного 3,912023 0,000204
экране 2,813411 0,000147
эксмо 2,525729 0,000132
экспансия 2,995732 0,000156
экспедиция 2,207275 0,000115
экспериментальный 2,995732 0,000156
экспериментальным 3,506558 0,000183
эксплуатацию 0,994252 0,000207
эксплуатируется 2,813411 0,000147
экспозиции 1,714798 0,000179
экспозицию 2,995732 0,000156
экспонат 2,995732 0,000312
экспонатами 2,813411 0,000147
экспонаты 2,813411 0,000733
экспорт -0,009950 -0,000001
экстремизма 3,912023 0,000204
экстренно 3,912023 0,000204
элеватора 3,506558 0,000183
электрическая 3,218876 0,000168
электричество 3,218876 0,000168
электричка 2,207275 0,000460
электрички 2,302585 0,000120
электробус 2,995732 0,000312
электробусный 3,506558 0,000183
электролесовская 3,912023 0,000204
электронный 1,469676 0,000077
электропоездов 2,407946 0,000126
электротранспорт 2,813411 0,000147
электротранспорта 2,659260 0,000277
электроэнергии 1,660731 0,000087
электроэнергия 3,912023 0,000204
элементах 3,506558 0,000183
элементы 0,891598 0,000093
элиста 2,813411 0,000440
элисте 3,912023 0,000408
элисту 3,218876 0,000168
эльтон 3,506558 0,000183
эльтона 3,506558 0,000183
эмблему 3,506558 0,000183
энгельс 1,832581 0,000191
энергетика 1,660731 0,000173
энергетические 3,506558 0,000183
энергетический 2,525729 0,000132
энциклопедии -0,009950 -0,000001
энциклопедический 0,733969 0,000115
энциклопедия 0,210721 0,000055
эолового 3,506558 0,000183
эпидемии 2,995732 0,000469
эпидемий 3,218876 0,000168
эпицентре 3,506558 0,000183
эпохи 1,139434 0,000356
эрзянь 0,000000 0,000000
эриха 3,912023 0,000204
эстакады 3,912023 0,000204
эстонцы 1,771957 0,000092
эта 0,000000 0,000000
этажная 3,506558 0,000183
этажный 2,659260 0,000139
этап 1,427116 0,000149
этапом 2,659260 0,000139
этим 0,693147 0,000072
этимология 0,616186 0,000064
этих 0,400478 0,000188
этнографа-беллетриста 3,912023 0,000204
это 0,000000 0,000000
этому 0,755023 0,000118
эффективно 2,813411 0,000147
эффективное 2,995732 0,000156
эффективности 1,609438 0,000084
эффектных 3,912023 0,000204
эшелон 3,506558 0,000183
юбилейный 0,820981 0,000086
юбилею 1,966113 0,000103
юга 1,171183 0,000183
юге 1,078810 0,000281
юго-востоке 1,771957 0,000092
юго-восточный 2,659260 0,000139
югу 1,609438 0,000252
южная 0,941609 0,000098
южнее 1,832581 0,000191
южного 1,139434 0,000238
южное 1,832581 0,000287
южной 0,733969 0,000191
южном 1,237874 0,000129
южную 1,832581 0,000191
южные 1,560648 0,000163
южный 0,755023 0,000197
юрга 2,813411 0,000147
юридический 1,714798 0,000089
юрием 2,302585 0,000120
юрий 1,203973 0,000251
юрино 2,120264 0,000111
юрия 1,660731 0,000087
юрьевец 2,120264 0,000111
юфо 3,218876 0,000336
явились 3,218876 0,000168
является 0,094311 0,000064
являлась 2,040221 0,000106
являлись 1,897120 0,000198
являлся 1,347074 0,000140
являются 0,248461 0,000039
ядра 2,407946 0,000126
ядро 1,660731 0,000087
ядром 1,832581 0,000096
язык 0,116534 0,000024
языками 1,386294 0,000072
языках -0,009950 -0,000001
языке 0,867501 0,000136
языков 1,203973 0,000188
языковой 2,207275 0,000230
яицкий 3,506558 0,000183
яицкого 3,506558 0,000183
яков 2,040221 0,000106
яковлевым 3,506558 0,000183
якуты 1,714798 0,000089
янв 0,820981 0,000043
январь 0,941609 0,000049
января 0,116534 0,000310
яндекс 1,714798 0,000089
япония 1,897120 0,000297
ярмарки 2,302585 0,000120
ярославль 1,078810 0,000112
ярославцевым 3,912023 0,000204
яростный 3,912023 0,000204
яру 2,995732 0,000156
яуза 3,218876 0,000168
