абазины 2,207275 0,000187
абдашев 3,912023 0,000332
абинск 3,506558 0,000594
абинский 3,506558 0,000297
абсолютный 0,798508 0,000135
абхазии 2,407946 0,000204
абхазия 2,040221 0,000346
абхазская 2,525729 0,000214
абхазы 1,832581 0,000155
авангардистские 3,912023 0,000332
авар 3,912023 0,000332
аварцы 1,771957 0,000150
авг 0,820981 0,000070
августа 0,072571 0,000209
авиакомпании 2,525729 0,000214
авиакомпаний 2,995732 0,000254
авиации 1,347074 0,000114
авиационное 3,506558 0,000297
авиационный 1,771957 0,000150
аврора 2,302585 0,000585
авроры 3,506558 0,000297
австрия 2,659260 0,000225
автобус 1,021651 0,000087
автобусами 1,469676 0,000125
автобусе 3,506558 0,000297
автобусное 2,040221 0,000173
автобусный 2,120264 0,000180
автобусных 1,609438 0,000136
автобусов 1,469676 0,000125
автобусы 1,386294 0,000117
автовокзала 1,660731 0,000141
автовокзалов 2,813411 0,000238
автодор 3,506558 0,000297
автодорога 1,427116 0,000121
автодорогам 1,078810 0,000091
автодороги 1,609438 0,000136
автодорожного 2,995732 0,000254
автомагистрали 2,120264 0,000359
автомобилей 1,272966 0,000539
автомобилизированные 3,218876 0,000273
автомобильная 1,897120 0,000965
автомобильного 1,771957 0,000150
автомобильные 1,347074 0,000114
автомобильный 1,049822 0,000267
автомобильным 2,302585 0,000195
автомобильных 1,386294 0,000117
автомобилям 3,218876 0,000273
автомобилями 3,218876 0,000273
автономная 1,469676 0,000249
автономной 1,832581 0,000311
автопарка 3,218876 0,000273
автоподтвержденных 2,120264 0,000180
автор 0,994252 0,000169
авторитетные 0,941609 0,000080
авторитетных 2,207275 0,000561
авторства -0,009950 -0,000001
автору 2,813411 0,000238
авторы 1,660731 0,000141
автоссылка 0,000000 0,000000
автотранспортник 3,912023 0,000332
автотрассы 2,995732 0,000254
агафонов 3,506558 0,000297
агеева 1,469676 0,000125
агентства 1,714798 0,000145
агентство 1,049822 0,000267
агломерации 0,916291 0,000466
агломераций 2,040221 0,000173
агломерационный 3,912023 0,000332
агломерация 0,867501 0,000662
агпи 3,912023 0,000332
аграрного 2,120264 0,000180
аграрный 1,386294 0,000117
агропромышленный 3,218876 0,000273
агулы 1,832581 0,000155
адлер 2,659260 0,000225
административно 1,966113 0,000167
административно-территориального 1,660731 0,000141
административно-территориальное 0,820981 0,000139
административно-территориальных 2,207275 0,000187
административное 0,843970 0,000358
административному 1,897120 0,000161
административный 0,843970 0,000143
административным 1,514128 0,000257
административных 1,309333 0,000111
администрацией 1,771957 0,000150
администрации 0,843970 0,000715
администрация 0,941609 0,000239
адрес 1,609438 0,000136
адыг 3,506558 0,000297
адыгабзэ 0,000000 0,000000
адыге-хабль 3,912023 0,000332
адыгее 3,912023 0,000332
адыгеей 3,912023 0,000332
адыгеи 3,912023 0,001658
адыгейск 3,912023 0,000332
адыгейская 3,912023 0,000332
адыгейский 3,218876 0,000273
адыгейской 3,912023 0,000663
адыгейцы 1,897120 0,000322
адыгея 2,995732 0,000762
адыгского 3,912023 0,000332
адыгэбзэ 0,000000 0,000000
аза 3,912023 0,000332
азербайджанцы 1,139434 0,000097
азимут 3,218876 0,000273
азово-черноморского 3,218876 0,000273
азово-черноморскому 3,218876 0,000273
азовским 2,407946 0,000204
азовского 2,040221 0,000173
азота 1,832581 0,000311
аиф 2,407946 0,000204
академии 0,693147 0,000294
академик 1,660731 0,000282
академический 1,171183 0,000099
академия 0,798508 0,000135
аквапарк 2,407946 0,001224
аквапарка 3,506558 0,000297
акробатике 3,506558 0,000297
акт 2,407946 0,000204
актер 2,659260 0,000225
актерские 3,912023 0,000332
актеры 2,407946 0,000204
активно 0,755023 0,000128
активности 1,560648 0,000132
активностью 3,506558 0,000297
актуальность 2,659260 0,000225
акутин 3,912023 0,000332
акций 2,120264 0,000180
албанию 3,912023 0,000332
алг 3,912023 0,000332
александр 0,693147 0,000646
александра 0,820981 0,000139
александро-невский 2,207275 0,000187
александрович 1,609438 0,001091
александровская 2,302585 0,000390
алексеевич 2,040221 0,001383
алексеенко 3,912023 0,000332
алексей 1,049822 0,000267
алла 2,995732 0,000254
аллея 1,832581 0,000155
алтай 2,407946 0,000204
алтайцы 1,966113 0,000167
алфавитувикипедия 0,776529 0,000066
алфавитунаселенные 0,867501 0,000074
альбом 2,120264 0,000359
альбома 3,218876 0,000273
американцы 1,966113 0,000167
амплитуда 2,407946 0,000204
амфитеатр 3,506558 0,000297
анализ 1,237874 0,000105
аналитике 3,912023 0,000332
аналитического 3,912023 0,000332
аналогичным 2,813411 0,000238
аналоговое 2,407946 0,000408
аналоговых 2,995732 0,000254
анапа 1,966113 0,000333
анапский 3,506558 0,000297
анастасия 2,813411 0,000238
анатолий 1,714798 0,000581
анатольевич 2,407946 0,000204
ангел 2,525729 0,000428
ангела 3,218876 0,000273
англ 0,174353 0,000074
англичан 3,912023 0,000332
андреевич 2,040221 0,000346
андрей 0,967584 0,000082
андрея 1,832581 0,000155
анпоо 3,912023 0,000332
антонович 3,506558 0,000297
антоновна 3,912023 0,000332
антропогенную 3,912023 0,000332
антропогенных 2,525729 0,000214
анушеванович 3,912023 0,000332
анфимов 3,506558 0,000297
аполлонов 3,912023 0,000332
апр 0,798508 0,000068
апреле 0,994252 0,000169
апреля 0,174353 0,000458
апшеронск 3,506558 0,000297
апшеронский 3,218876 0,000273
арабы 1,832581 0,000155
арарата 3,912023 0,000332
аргументы 1,203973 0,000102
арена 1,427116 0,000484
арка 2,207275 0,000561
аркой 3,506558 0,000297
арку 3,506558 0,000297
армавир 3,218876 0,000546
армения 2,040221 0,000173
армией 2,302585 0,000195
армии 1,049822 0,000712
армию 2,813411 0,000238
армян 2,659260 0,000225
армяне 1,021651 0,000173
армянский 2,302585 0,000195
аронович 3,912023 0,000332
арт-союз 3,912023 0,000332
арташес 3,912023 0,000332
артист 2,525729 0,000856
артистка 2,659260 0,000902
артюшков 3,912023 0,000332
арх 0,544727 0,000092
археолог 3,218876 0,000273
археологической 3,912023 0,000332
архив 0,462035 0,000078
архивировано 0,020203 0,000341
архивная 0,400478 0,000068
архивной 0,713350 0,000060
архитектор 1,427116 0,000242
архитекторы 1,469676 0,000125
архитектура 0,755023 0,000128
архитектурно-парковый 3,912023 0,000332
архитектурно-строительный 2,407946 0,000408
архитектурного 2,302585 0,000195
архитектурный 1,660731 0,000141
архитектурным 2,813411 0,000238
архитектуры 0,755023 0,000192
аскбука 3,912023 0,000332
ассирийцы 1,832581 0,000155
ассоциация 2,407946 0,000204
аст 0,820981 0,000070
астрель 1,049822 0,000089
асфальтобетонным 3,912023 0,000332
атаман 2,659260 0,000225
ате 2,407946 0,000408
атмосферного 1,771957 0,000150
атмосферы 1,469676 0,000125
атон 3,912023 0,000332
аттракционы 2,995732 0,000254
аудио 2,120264 0,000180
аул 2,995732 0,000254
афганцы 2,120264 0,000180
афипсип 3,912023 0,000332
афипсипское 3,912023 0,000332
африки 2,120264 0,000180
ахтанизовское 3,912023 0,000332
ашан 2,120264 0,000180
аэровокзала 3,218876 0,000273
аэровокзального 3,912023 0,000332
аэродрома 1,832581 0,000155
аэропорт 0,843970 0,000715
аэропорта 1,049822 0,000356
аэропортов 2,302585 0,000195
аэропорту 1,609438 0,000136
аэропорты 1,714798 0,000145
аэроэкспрессов 3,912023 0,000332
бабешко 3,912023 0,000332
бабушкина 3,218876 0,000273
базе 0,776529 0,000066
базировку 3,912023 0,000332
базируется 2,407946 0,000204
базируются 1,966113 0,000167
базовый 2,207275 0,000187
базовых 2,659260 0,000225
базэл 3,912023 0,000332
бакалдин 3,912023 0,000332
бакалдина 3,912023 0,000332
балахоновское 3,912023 0,000332
балета 1,560648 0,000265
балкарцы 2,040221 0,000173
балла 2,995732 0,000254
баллов 2,302585 0,000195
бандурко 3,912023 0,000332
барабанов 3,506558 0,000297
бардадым 3,912023 0,000332
бардадыма 3,912023 0,000332
барсуковская 3,912023 0,000332
барченко 3,912023 0,000332
баскет-холл 3,506558 0,000594
баскетбольная 3,912023 0,000332
баскетбольный 1,832581 0,000155
баскетбольным 3,506558 0,000297
бассейна 1,386294 0,000117
бассейны 1,660731 0,000141
батуринское 3,912023 0,000332
батуте 3,506558 0,001189
батыр-гирея 3,912023 0,000332
батырбий 3,912023 0,000332
бахыт 3,912023 0,000332
бахыт-компот 3,912023 0,000332
баш 3,506558 0,000297
башкиры 1,347074 0,000114
башни 1,771957 0,000150
башня 1,469676 0,000249
башнями 2,302585 0,000195
бегунья 3,912023 0,000332
беларуси 2,207275 0,000187
беларуская 0,000000 0,000000
беларускаябългарски 0,000000 0,000000
беларусь 1,237874 0,000105
беликов 3,506558 0,000297
белинского 2,659260 0,000225
белки 2,813411 0,000238
белоглинский 3,218876 0,000273
белого 1,609438 0,000409
белозерный 3,912023 0,000995
беломечетская 3,912023 0,000332
белореченск 2,995732 0,000254
белореченский 3,218876 0,000273
белорусы 1,203973 0,000102
берег 1,021651 0,000173
берегоукрепительных 3,506558 0,000297
берегу 0,616186 0,000209
березанское 3,912023 0,000332
березовский 2,659260 0,000676
березовый 3,218876 0,000818
бершанская 3,912023 0,000332
бесермяне 3,506558 0,000297
бескровный 3,912023 0,000332
бесплатен 3,912023 0,000332
беспорядки 3,912023 0,000332
беспроводной 2,995732 0,000508
бжедугская 3,912023 0,000332
бжедугский 3,912023 0,000332
бжъэдыгъу 3,912023 0,000663
биб-ка 3,912023 0,000663
библиографических 0,094311 0,000008
библиотека 0,462035 0,001214
библиотеки 0,843970 0,000286
бизнес 1,514128 0,000257
бизнес-отель 2,995732 0,000254
бизнеса 0,967584 0,000574
бизнесмена 3,506558 0,000297
бикельмейер 3,912023 0,000332
билайн 1,272966 0,000108
биография 2,525729 0,000214
бирюков 3,912023 0,000332
благодаря 0,527633 0,000089
благоустраивать 3,912023 0,000332
благоустройство 2,040221 0,000173
благоустройству 2,525729 0,000214
ближайшие 2,040221 0,000173
ближнего 2,525729 0,000214
ближний 2,407946 0,000204
близ 1,237874 0,000105
блоков 2,120264 0,000359
бобовые 3,912023 0,000332
бог 2,525729 0,000214
боевых 1,966113 0,000167
божией 1,609438 0,000136
бойцовская 3,912023 0,000332
болгария 1,386294 0,000117
болгары 1,897120 0,000161
больницы 1,347074 0,000114
большая 0,072571 0,000068
большей 1,078810 0,000091
большие 0,891598 0,000151
большим 1,560648 0,000132
большинства 1,609438 0,000136
большинство 0,597837 0,000101
большого 0,967584 0,000082
большое 0,544727 0,000185
большой 0,328504 0,000111
большом 1,714798 0,000145
большую 0,891598 0,000151
бомбардировочного 3,912023 0,000332
бондарев 3,912023 0,000332
борис 1,660731 0,000282
борисович 2,407946 0,000204
босния 2,995732 0,000254
боспорского 3,506558 0,000297
ботанические 3,912023 0,000332
ботанический 1,609438 0,000273
ботанического 2,813411 0,000238
ботаническом 3,506558 0,000297
боя 2,302585 0,000195
боярский 3,218876 0,000273
брагина 3,912023 0,000332
брамский 2,995732 0,000508
братусь 3,912023 0,000332
братьев 1,832581 0,000155
бренда 3,218876 0,000273
бреус 3,912023 0,000332
бригадир 3,218876 0,000546
британский 2,995732 0,000254
британцы 2,120264 0,000180
бродячих 3,506558 0,000297
брокгауза 0,328504 0,000111
брюховецкий 3,506558 0,000594
брюховецкое 3,912023 0,000332
бумаге 2,040221 0,000173
бумаги 2,525729 0,000214
бумажных 2,659260 0,000225
бунт 2,659260 0,000225
бургас 2,525729 0,000214
бургомистр 3,912023 0,000332
буряад 0,000000 0,000000
буряты 1,714798 0,000145
бывшая 1,660731 0,000282
бывшего 1,021651 0,000260
бывшие 1,771957 0,000300
бывший 1,108663 0,000376
быстровозводимых 3,912023 0,000332
быстрорастущих 3,912023 0,000663
быстрым 2,659260 0,000676
бюро 1,427116 0,000121
вадим 2,407946 0,000204
валентина 2,302585 0,000195
валерий 1,714798 0,000145
валовой 2,120264 0,000180
валовому 3,912023 0,000332
варавва 3,912023 0,000332
вараввы 3,912023 0,000332
варениковская 3,912023 0,000332
василий 1,386294 0,000117
васильевич 1,609438 0,000546
васхнил 3,912023 0,000332
васюков 3,912023 0,000332
васюринская 3,912023 0,000332
васюринское 3,912023 0,000663
вахрин 3,912023 0,000332
вашла 0,000000 0,000000
вблизи 1,139434 0,000097
введение 1,609438 0,000136
введено 1,771957 0,000300
ввели 2,525729 0,000214
вверху 2,659260 0,000225
ввода 2,207275 0,000374
вводимого 3,912023 0,000332
вводу 3,218876 0,000546
ввп 2,659260 0,000225
вгп 2,995732 0,000508
вдоль 0,755023 0,000064
вега 3,218876 0,000273
ведения 1,832581 0,000155
ведется 0,994252 0,000084
ведмидивское 3,912023 0,000332
ведомости 1,049822 0,000089
ведущий 2,120264 0,000180
ведущих 1,386294 0,000117
века 0,248461 0,000126
векецентры 3,506558 0,000297
веклич 2,995732 0,000254
веклича 2,995732 0,001016
вели 2,659260 0,000225
великобританию 3,506558 0,000297
великой 0,653926 0,001053
великорусский 3,506558 0,000297
величавый 3,912023 0,000332
величковское 3,912023 0,000332
вельс 3,912023 0,000332
венгры 1,966113 0,000167
вензель 3,912023 0,000332
вениамин 2,525729 0,000428
венчает 3,506558 0,000297
вепсы 2,525729 0,000214
вера 1,560648 0,000132
веревочный 3,912023 0,000332
вермахта 2,813411 0,000238
версии 0,446287 0,000303
версия -0,009950 -0,000003
верстах 2,813411 0,000238
вертолетов 2,525729 0,000214
верхнебаканский 3,912023 0,000332
верхнее 2,040221 0,000173
вершина 2,525729 0,000214
вершине 2,525729 0,000214
вес 1,966113 0,000167
весенних 3,506558 0,000297
весна 1,469676 0,000125
весной 1,049822 0,000178
вести 0,843970 0,000072
ветеран 2,659260 0,002705
ветрах 3,912023 0,000332
ветров 0,843970 0,000072
вечерний 1,966113 0,000167
вечное 3,506558 0,000297
вещание 1,203973 0,000102
веществ 1,171183 0,000298
взлетно-посадочные 3,218876 0,000273
взорвали 3,218876 0,000273
взрослых 1,897120 0,000322
взрыв 2,120264 0,000180
взрывные 3,912023 0,000332
взрывов 3,912023 0,000332
взят 1,897120 0,000161
вид 0,494296 0,000084
вида 1,386294 0,000117
видами 1,469676 0,000125
виде 0,235722 0,000020
видео 1,049822 0,000089
видеокамер 3,912023 0,000332
видеокамеры 3,912023 0,000332
видеонаблюдения 3,218876 0,000273
видов 0,616186 0,000157
виду 1,966113 0,000333
виды 0,798508 0,000068
вики-разметкой 1,309333 0,000111
викигидвикипедия 1,427116 0,000121
викигиде 0,776529 0,000197
викиданные 0,776529 0,000066
викиданных -0,009950 -0,000001
викиданныхвикипедия 0,891598 0,000076
викимедиа -0,009950 -0,000001
викиновостейвикипедия 3,218876 0,000273
викиновостях 3,218876 0,000273
википедии -0,009950 -0,000002
википедия -0,009950 -0,000008
викискладвикиновостивикигидэлемент 1,609438 0,000136
викискладе 0,174353 0,000015
викискладепутеводитель 0,713350 0,000060
викискладстатьи 0,891598 0,000076
виктор 1,386294 0,000822
виктора 2,207275 0,000187
вина 2,995732 0,000254
виталий 1,966113 0,000667
витте 2,995732 0,000254
вице-губернатор 3,218876 0,000273
включает 0,462035 0,000117
включающей 2,207275 0,000187
включающим 3,912023 0,000332
включающих 2,813411 0,000238
включая 0,527633 0,000045
включены 1,560648 0,000265
вконтакте 1,966113 0,000333
владелец 2,813411 0,000477
владение 1,427116 0,000242
владимир 0,733969 0,000995
владимира 1,309333 0,000444
владимирович 1,771957 0,000300
власти 0,634878 0,000323
власть 0,733969 0,000124
влево 2,995732 0,000254
вместе 0,510826 0,000173
вместимостью 2,407946 0,001020
вмещает 2,659260 0,000225
внедряются 2,995732 0,000254
внесли 2,120264 0,000180
внешнего 2,302585 0,000195
внешнеэкономических 3,218876 0,000273
внешние 0,051293 0,000004
вниз 1,171183 0,000099
внизу 2,302585 0,000195
внуково 2,813411 0,000238
внутреннее 0,733969 0,000062
внутренних 1,237874 0,000210
внутригородские 2,407946 0,000204
внутригородским 0,967584 0,000082
внутригородских 1,514128 0,000257
воде 1,966113 0,000167
водные 1,386294 0,000235
водный 1,237874 0,000105
водоема 2,120264 0,000180
водоемов 1,966113 0,000167
водонапорная 2,813411 0,000238
водоотведении 3,506558 0,000297
водоснабжении 3,218876 0,000273
водохранилища 1,272966 0,000324
водохранилище 1,609438 0,000546
водрузил 3,506558 0,000297
водрузят 3,912023 0,000332
воды 0,653926 0,000277
воениздат 2,813411 0,000238
военная 1,108663 0,000094
военного 1,309333 0,000111
военное 1,609438 0,000273
военной 1,347074 0,000228
военный 1,272966 0,000216
возведение 2,040221 0,000173
возводили 3,912023 0,000332
возводились 2,995732 0,000254
возводимое 3,912023 0,000332
возвращены 3,218876 0,000273
возглавлял 2,040221 0,000173
воздействие 1,514128 0,000128
воздуха 0,733969 0,000249
воздухе 2,302585 0,000390
воздушное 2,995732 0,000254
воздушный 1,514128 0,000385
воздушными 2,813411 0,000238
возле 1,386294 0,000117
возможность 0,616186 0,000157
возможных 2,040221 0,000173
возобновлен 3,506558 0,000297
возросло 2,407946 0,000204
воинах 3,912023 0,000332
войн 1,897120 0,000161
войне 1,049822 0,000089
войны 0,478036 0,000932
войска 1,237874 0,000210
войсками 1,386294 0,000117
войско 2,040221 0,000173
войсковая 3,506558 0,000297
войскового 3,506558 0,000297
войсковой 3,506558 0,000892
войску 3,912023 0,000663
вокзал 0,820981 0,000278
вокзала 0,967584 0,000164
вокруг 0,693147 0,000059
волгоград 1,139434 0,000097
волгодонск 3,218876 0,000273
волейбольный 1,966113 0,000333
волкорез 3,912023 0,000332
волны 2,040221 0,000173
володи 3,912023 0,000332
волошин 3,218876 0,000273
волшебные 0,040822 0,000003
волынский 3,912023 0,000332
вопросы 1,049822 0,000089
воробьев 2,995732 0,000254
воронеж 1,203973 0,000102
воронежская 2,995732 0,000254
воронцовым 3,912023 0,000332
воротами 1,832581 0,000155
воски 3,912023 0,000332
воспитаны 3,912023 0,000332
воспоминания 2,659260 0,000451
воссозданная 3,506558 0,000297
восстановлен 1,771957 0,000451
восстановления 1,897120 0,000161
восстановленный 2,813411 0,000238
восток 1,021651 0,000087
востока 1,078810 0,000183
востоке 1,108663 0,000094
восточная 1,309333 0,000111
восточно-европейской 1,832581 0,000311
восточно-кругликовском 3,912023 0,000332
восточное 2,040221 0,000346
восточной 0,693147 0,000117
восточный 1,021651 0,000173
восточных 1,897120 0,000161
восьмая 3,912023 0,000332
вошедшая 3,506558 0,000297
вошел 1,237874 0,000315
впервые 0,385662 0,000098
вплотную 2,040221 0,000173
впоследствии 0,653926 0,000111
впп 2,995732 0,000254
впускают 3,912023 0,000332
вратарь 2,995732 0,000254
врач 2,120264 0,000359
вредители 3,912023 0,000332
вредных 2,120264 0,000180
врезками 3,218876 0,000273
времен 0,941609 0,000080
временем 0,616186 0,000052
времени 0,186330 0,000063
временно 1,309333 0,000111
время 0,030459 0,000034
врп 3,218876 0,000818
всадник 3,218876 0,000273
всему 1,272966 0,000108
всероссийская 0,843970 0,000215
всероссийского 1,347074 0,000114
всероссийской 0,713350 0,000423
всесоюзная 0,843970 0,000429
всеукраинская 2,995732 0,000254
всецарица 3,912023 0,000332
вскоре 1,309333 0,000111
вследствие 1,203973 0,000204
вставкой 1,309333 0,000111
вступительная 3,506558 0,000297
всюр 3,218876 0,000273
вся 0,994252 0,000169
вторжения 1,771957 0,000150
второго 1,139434 0,000097
второй 0,274437 0,000070
втором 1,660731 0,000141
вторым 1,832581 0,000155
вход 1,897120 0,000161
входил 2,207275 0,000561
входит 0,653926 0,000111
входом 0,994252 0,000084
входящих 1,771957 0,000150
вцик 1,832581 0,000155
выбором 3,912023 0,000332
выгодное 2,659260 0,000225
выдана 3,218876 0,000273
выделят 3,912023 0,000332
выделять 2,813411 0,000238
вызванный 3,506558 0,000297
вынос 3,506558 0,000297
выпить 3,912023 0,000332
выполнена 2,302585 0,000195
выполнения 1,560648 0,000132
выполненных 2,040221 0,000173
выполнено 2,120264 0,000180
выполняются 1,660731 0,000141
выпуск 0,916291 0,000155
выпуски 3,218876 0,000273
выпущенного 3,506558 0,000297
вырос 1,560648 0,000132
выросло 1,609438 0,000136
высажено 3,506558 0,000594
выселковский 3,506558 0,000297
высокий 1,347074 0,000457
высоким 1,514128 0,000128
высокого 1,514128 0,000128
высоком 2,040221 0,000173
высокую 1,832581 0,000155
высота 0,562119 0,000143
высоте 1,514128 0,000128
высотное 2,995732 0,000254
высотой 1,108663 0,000094
высоцкого 3,218876 0,000273
выставки 1,660731 0,000282
выставочные 1,966113 0,000167
выставочный 1,514128 0,000257
выступали 1,966113 0,000167
высшая 1,386294 0,000117
высшего 1,427116 0,000121
высшее 1,021651 0,000173
высшей 1,272966 0,000108
высшем 2,813411 0,000238
высшие 1,386294 0,000235
высший 2,525729 0,000214
выходит 1,427116 0,000121
выходящими 3,912023 0,000332
выше 0,616186 0,000104
вышестеблиевское 3,912023 0,000332
вышли 2,040221 0,000173
вьетнамцы 2,040221 0,000173
вячеслав 1,897120 0,000161
габриак 3,912023 0,000332
гаврилова 2,995732 0,000254
гаврилович 3,218876 0,000273
гагаузы 1,966113 0,000167
гаден 3,912023 0,000332
гадендар 3,912023 0,000332
газа 1,309333 0,000111
газет 1,660731 0,000282
газета 0,616186 0,000366
газета-юг 3,912023 0,000332
газеты 0,994252 0,000253
газовой 3,218876 0,000273
газом 3,218876 0,000546
газоочистного 3,912023 0,000332
гайдара 2,525729 0,000214
галактика 3,506558 0,000297
галереи 1,771957 0,000300
галерея 1,203973 0,000306
галицкий 3,912023 0,000332
галицкого 3,506558 0,004161
галлюцинации 3,912023 0,000663
гандбольный 2,407946 0,000612
гатов 3,912023 0,000332
гатова 3,912023 0,000332
гбпоу 3,912023 0,000663
гбук 3,218876 0,000546
гвардейского 2,995732 0,000254
гектара 2,659260 0,000225
гектаров 1,771957 0,000451
геленджик 2,407946 0,000408
гельцер 3,912023 0,000332
генерал 2,659260 0,000451
генерал-губернатором 2,813411 0,000238
генерал-майор 2,659260 0,000676
генерал-фельдмаршалом 3,912023 0,000332
генерала 1,832581 0,000466
генеральное 2,407946 0,000612
генеральный 0,967584 0,000246
генеральных 2,995732 0,000254
геннадий 2,302585 0,000976
генплан 2,120264 0,000359
генплана 2,407946 0,000204
генпланом 2,995732 0,000254
географические 0,713350 0,000121
географических 1,139434 0,000193
географической 0,798508 0,000068
география 0,462035 0,000157
геоморфологически 3,912023 0,000332
георгиевич 2,525729 0,000214
герб 0,820981 0,000487
германии 1,427116 0,000121
германия 1,203973 0,000102
германович 3,218876 0,000273
героическое 3,912023 0,000332
герой 1,560648 0,002513
героя 1,832581 0,000155
герцеговина 2,995732 0,000254
герцена 2,302585 0,000195
гетманов 3,912023 0,000332
гиацинтов 3,912023 0,000332
гибридных 3,912023 0,000332
гивц 3,912023 0,000332
гидрография 1,427116 0,000242
гидрометеоиздат 1,897120 0,000322
гидростроителей 3,912023 0,000663
гимн 0,820981 0,000348
гимназий 1,966113 0,000167
гимне 3,218876 0,000273
гинекологическим 3,912023 0,000332
гипермаркетов 3,506558 0,000297
гирей 3,912023 0,000332
гкгн 0,994252 0,000084
гкгнпро 0,916291 0,000078
глава 0,673345 0,000399
главная 1,078810 0,000183
главнокомандующий 3,506558 0,000297
главный 0,916291 0,000233
главными 1,832581 0,000155
главных 1,078810 0,000091
главы 0,967584 0,000082
глобального 2,407946 0,000204
глонасс 3,218876 0,000273
глубина 1,609438 0,000136
глюк 3,912023 0,000332
гоголя 2,407946 0,000408
год 0,235722 0,000619
года -0,009950 -0,000258
годавикипедия 0,616186 0,000261
годах 0,385662 0,000360
годов 0,356675 0,000060
годовой 1,897120 0,000161
годом 0,941609 0,000080
году 0,072571 0,000406
годучерноморские 3,912023 0,000332
годы 0,356675 0,000212
головатого 3,912023 0,000663
гончарова 2,659260 0,000451
горбатко 3,912023 0,000332
горзелентрест 3,912023 0,000332
горизонтальных 2,995732 0,000254
горкого 3,912023 0,000332
горлова 3,912023 0,000332
город 0,544727 0,001939
город-миллионник 3,506558 0,000297
города 0,430783 0,003213
города-миллионера 2,659260 0,000902
города-миллионеры 1,714798 0,000145
города-партнеры 1,771957 0,000451
города-побратима 2,995732 0,000254
города-побратимы 0,891598 0,000227
городам 0,798508 0,000068
городами 0,916291 0,000233
городах 1,272966 0,000216
городе 0,693147 0,001645
городища 2,120264 0,000180
городище 1,609438 0,000136
городка 2,120264 0,000180
городкраснодар 3,912023 0,000332
городничим 3,912023 0,000663
городов 0,579818 0,002015
городов-миллионеров 2,813411 0,000238
городов-миллионнеров 3,912023 0,000332
городов-миллионников 2,813411 0,000954
городов-побратимов 1,660731 0,000141
городом 0,798508 0,000406
городом-миллионером 2,407946 0,000204
городпро 0,867501 0,000074
городская 0,843970 0,000358
городские 0,941609 0,000160
городским 0,798508 0,000068
городских 0,713350 0,001209
городского 0,693147 0,000529
городской 0,755023 0,001728
городском 1,427116 0,000484
городскому 2,302585 0,000195
городу 0,798508 0,000203
горожан 1,309333 0,000111
горох 3,912023 0,000332
горького 1,139434 0,000579
горячий 2,525729 0,000214
госкомстат 0,891598 0,000151
господин 3,912023 0,000332
госпожа 3,912023 0,000332
гостевые 3,506558 0,000297
гостей 1,966113 0,000333
гостеприимство 3,506558 0,000297
гостиниц 1,427116 0,000605
гостиницей 2,813411 0,000238
гостиницы 1,347074 0,000799
гостинично-туристского 3,912023 0,000332
государственно-управленческое 3,912023 0,000332
государственного 0,616186 0,000418
государственное 0,776529 0,000066
государственной 0,616186 0,000366
государственные 1,514128 0,000128
государственный 0,430783 0,000511
государство 1,347074 0,000114
готовых 2,207275 0,000187
гоу 2,659260 0,000225
гравийным 3,912023 0,000332
града 2,525729 0,000214
градоначальники 1,771957 0,000150
градостроительства 1,966113 0,000167
граждан 1,309333 0,000111
граждане 1,108663 0,000376
гражданской 0,967584 0,000328
грамота 1,966113 0,000333
гранд 2,995732 0,000508
границ 0,916291 0,000155
границах 1,078810 0,000183
границе 1,347074 0,000114
границу 2,120264 0,000180
границы 0,867501 0,000074
граничит 2,040221 0,000173
график 2,813411 0,000238
греки 1,660731 0,000141
греческий 2,813411 0,000238
гривенская 3,912023 0,000332
григорий 1,832581 0,000155
григория 2,407946 0,000612
григорополисская 3,912023 0,000332
григорьева 2,813411 0,000238
григорьевич 2,207275 0,000561
григорьевича 3,218876 0,000273
григорьевна 3,912023 0,000332
гродно 3,218876 0,000546
гроз 3,506558 0,000297
грозовой 3,912023 0,000663
грозы 2,525729 0,000428
громов 3,218876 0,000273
груди 3,506558 0,000297
грузии 1,771957 0,000150
грузины 1,609438 0,000136
грузию 3,506558 0,000297
грузия 1,966113 0,000167
грузовой 1,514128 0,000257
грузоперевозки 2,813411 0,000238
грунтовых 2,659260 0,000225
групп 1,514128 0,000128
группа 0,693147 0,000294
группы 0,634878 0,000108
гтрк 1,049822 0,000267
губернатор 1,272966 0,000108
губернатора 1,237874 0,000105
гулькевичи 3,506558 0,000297
гулькевичский 3,506558 0,000297
гуманитарно-технологический 3,912023 0,000332
гуманитарной 2,207275 0,000187
гуманитарных 2,302585 0,000195
давыдович 3,218876 0,000273
давыдовна 3,912023 0,000332
дал 1,714798 0,000145
далее 0,693147 0,000059
дальнего 1,514128 0,000128
даниил 2,659260 0,000225
данила 3,912023 0,000332
данилович 3,506558 0,000297
данная 2,207275 0,000187
данному 1,966113 0,000333
данную 2,659260 0,000225
данные 0,510826 0,000130
данный 0,713350 0,000181
данным 0,415515 0,000423
дар 2,525729 0,000642
даргинцы 1,832581 0,000155
дарованы 3,912023 0,000332
дата 0,030459 0,000460
датская 0,342490 0,000029
двадненко 3,912023 0,000332
дважды 1,272966 0,000324
две 0,527633 0,000224
движение 0,820981 0,000070
движения 0,733969 0,000124
дворец 0,967584 0,000410
дворов 1,897120 0,000161
дворянских 3,506558 0,000297
двуглавый 3,218876 0,000273
двумя 1,021651 0,000173
двуоксида 3,912023 0,000332
двух 0,462035 0,000235
двухметровая 3,912023 0,000332
де-факто 2,302585 0,000195
девятым 3,506558 0,000297
действительный 2,995732 0,000254
действовал 1,660731 0,000141
действовала 1,832581 0,000155
действовать -0,009950 -0,000001
действует 0,634878 0,000269
действуют 0,867501 0,000074
дек 0,820981 0,000070
декабре 0,798508 0,000068
декабря 0,105361 0,000232
декады 3,506558 0,000297
дел 1,469676 0,000249
делали 3,218876 0,000273
деление 0,673345 0,000399
делению 1,832581 0,000155
деловая 2,813411 0,000477
деловой 1,560648 0,000132
делокьян 3,912023 0,000332
дельта 2,040221 0,000173
дельфинарий 3,218876 0,000273
демографией 3,912023 0,000332
демонстрировало 3,912023 0,000332
демонтаж 3,218876 0,000273
демонтирован 2,525729 0,000214
демоскоп 0,820981 0,000278
дендрарий 2,813411 0,000715
денег 1,560648 0,000132
деникин 3,912023 0,000332
деникина 3,218876 0,000273
деникинской 3,912023 0,000332
денис 2,040221 0,000173
день 0,562119 0,000095
деньги 1,771957 0,000150
департамент 1,771957 0,000601
департамента 1,832581 0,000311
депо 1,771957 0,000150
депутатов 0,891598 0,000076
дергачева 3,218876 0,000273
дерев 3,912023 0,000332
дерева 2,302585 0,000195
деревне 2,525729 0,000214
деревообрабатывающий 3,506558 0,000297
деревьев 1,469676 0,000374
деревянковское 3,912023 0,000332
десятилетий 2,407946 0,000204
десятков 1,660731 0,000141
десятый 3,506558 0,000297
детей 0,941609 0,000160
детская 0,916291 0,000544
детские 1,660731 0,000282
детский 1,171183 0,000099
деятель 1,966113 0,000833
деятельности 0,446287 0,000227
деятельность 0,653926 0,000111
джерелиевское 3,912023 0,000332
джиджи-хабльскоес 3,912023 0,000332
джубга 2,995732 0,000254
дзержинского 1,660731 0,000141
дзюба 3,218876 0,000273
дивизион 2,207275 0,000187
дивизионе 2,525729 0,000214
дизайна 2,302585 0,000195
динамикой 3,506558 0,000297
динамику 2,995732 0,000254
динамично 2,659260 0,000451
динамо 1,171183 0,000397
динское 3,912023 0,000663
динской 3,506558 0,000594
дипломатические 2,525729 0,000214
директор 1,832581 0,000311
директора 1,897120 0,000161
дистанции 3,912023 0,000332
длина 1,171183 0,000099
длинный 2,525729 0,000214
дмитриева 2,995732 0,000254
дмитрий 0,967584 0,000082
дмитрию 2,813411 0,000238
дневнику 3,912023 0,000332
дней 0,446287 0,000076
дню 2,040221 0,000173
дня 0,478036 0,000122
добавив 0,941609 0,000080
добавили 3,506558 0,000297
добавьте 2,813411 0,000238
добровольческой 2,995732 0,000762
добролюбова 2,995732 0,000254
добрый 2,659260 0,000451
добывали 3,506558 0,000297
добыча 1,966113 0,000167
договорились 2,995732 0,000254
дождливую 3,912023 0,000332
доктор 1,714798 0,001017
документа 2,407946 0,000204
документов 0,653926 0,000055
долганы 2,813411 0,000238
долгое 1,386294 0,000117
долготой 0,941609 0,000080
долготы 1,832581 0,000155
должен 1,078810 0,000091
должна 0,544727 0,000046
долине 2,120264 0,000180
долларов 1,832581 0,000466
долю 1,427116 0,000363
доля 0,733969 0,000249
дом 0,562119 0,000238
дома 0,798508 0,000338
домашний 1,660731 0,000422
домов 1,078810 0,000366
домодедово 2,813411 0,000238
домом 2,302585 0,000195
домостроения 3,218876 0,000273
дон 1,966113 0,000333
дона 2,407946 0,000408
донскова 3,912023 0,000332
доп 0,597837 0,000101
дополнительная 3,218876 0,000273
дополнительного 1,609438 0,000136
дополнительные -0,009950 -0,000001
допустимой 3,218876 0,000273
допустимые 2,813411 0,000238
доризо 3,912023 0,000332
дорог 0,891598 0,000378
дорога 0,798508 0,000406
дороге 1,427116 0,000121
дороги 0,713350 0,000363
дорогих 2,995732 0,000254
дорожка 3,218876 0,000273
дорожно-мостового 3,912023 0,000332
дорожный 2,813411 0,000477
доротея 3,912023 0,000332
дословно 2,659260 0,000225
достиг 1,469676 0,000125
достигала 2,995732 0,000254
достигают 2,525729 0,000214
достижения 1,514128 0,000128
достопримечательности 1,049822 0,000267
доступ 1,203973 0,000102
доступен -0,009950 -0,000001
доступности 1,714798 0,000145
доступные 2,995732 0,000254
доступных 2,407946 0,000408
доцент 3,218876 0,000273
драматический 1,203973 0,000102
драмы 1,560648 0,000132
древесины 2,525729 0,000214
древесно-кустарниковых 3,912023 0,000332
древний 1,660731 0,000141
древняя 1,832581 0,000311
дроздова 3,912023 0,000332
другие 0,030459 0,000021
другими 0,616186 0,000104
других -0,009950 -0,000005
другое 1,049822 0,000089
дружелюбный 3,506558 0,000594
дск 3,218876 0,000273
дубко 3,912023 0,000663
дударенко 3,506558 0,000297
думы 1,078810 0,000366
дунгане 2,659260 0,000225
дураки 3,912023 0,000332
духовная 1,386294 0,000117
душевнобольной 3,912023 0,000332
душевой 3,912023 0,000332
душевые 3,912023 0,000332
душегубок 3,912023 0,000332
душу 2,302585 0,000390
дылудмурт 0,000000 0,000000
дядькивское 3,912023 0,000332
евангельский 3,912023 0,000332
евгений 1,347074 0,000799
евдокия 3,218876 0,000273
евланов 3,912023 0,000663
евразийский 2,813411 0,000238
евреи 1,203973 0,000102
еврейская 0,843970 0,000072
еврейский 1,832581 0,000155
евро 2,813411 0,000238
европа 0,941609 0,000239
европейского 1,966113 0,000167
европейской 0,891598 0,000076
европы 0,673345 0,000057
египет 3,218876 0,000273
егоров 2,813411 0,000238
единиц 0,673345 0,000342
единой 1,771957 0,000150
единственным 1,347074 0,000114
единый 1,469676 0,000125
ежегодник 0,820981 0,000974
еженедельниками 3,912023 0,000332
еженедельному 2,525729 0,000214
езиды 1,771957 0,000150
ейск 2,659260 0,000676
ейский 3,218876 0,000273
ейского 3,912023 0,000332
екатеринбург 0,843970 0,000072
екатеринбурга 2,525729 0,000214
екатеринбургского 2,995732 0,000254
екатерине 2,995732 0,000508
екатеринода 0,000000 0,000000
екатеринодар 3,912023 0,005968
екатеринодара 3,912023 0,001989
екатеринодара-краснодара 3,912023 0,000332
екатеринодаре 3,912023 0,000995
екатеринодарская 3,912023 0,000332
екатеринодарский 3,912023 0,000663
екатеринодарской 3,912023 0,000332
екатеринодару 3,912023 0,000663
екатериной 1,897120 0,000482
екатерину 3,912023 0,000332
екатерины 1,514128 0,000385
елена 1,560648 0,000265
елизавета 2,813411 0,000238
елизаветинская 3,506558 0,000594
елизаветинский 3,506558 0,001189
елизаветинской 3,912023 0,000332
елисеев 3,218876 0,000273
емкостью 2,995732 0,000254
епархии 1,108663 0,000094
ереван 2,120264 0,000180
естественного 2,207275 0,000187
естествознания 2,525729 0,000214
ефремов 2,525729 0,000214
ефрона 0,328504 0,000111
жалованная 3,912023 0,000663
жанре 3,506558 0,000297
жегулиным 3,912023 0,000332
железа 2,407946 0,000204
железнодорожников 2,120264 0,000180
железнодорожного 0,967584 0,000164
железнодорожные 1,272966 0,000108
железнодорожный 0,755023 0,000448
железнодорожных 1,469676 0,000125
железной 0,755023 0,000128
железные 1,771957 0,000150
железных 1,832581 0,000155
желтого 3,218876 0,000546
желтой 3,506558 0,000297
желтыми 3,912023 0,000332
женский 1,309333 0,000444
жертв 2,120264 0,000180
жертвам 2,207275 0,000187
живая 2,525729 0,000428
живоначальной 3,218876 0,000273
животное 2,302585 0,000195
живут 1,771957 0,000150
живущим 3,912023 0,000332
жизни 0,562119 0,000572
жизнь 0,693147 0,000117
жилища 3,912023 0,000332
жилищного 2,207275 0,000187
жилищный 2,995732 0,000254
жилые 1,347074 0,000228
жилых 1,237874 0,000210
жилье 2,120264 0,000359
жилья 1,514128 0,001027
жиромская 1,021651 0,000087
жиры 3,912023 0,000332
жителей 0,673345 0,000571
житель 1,714798 0,000145
жителя 1,771957 0,000451
жкх 2,120264 0,000180
жуган 3,912023 0,000332
журнал 0,510826 0,000216
журнала 1,427116 0,000242
забора 2,813411 0,000238
заведения 1,108663 0,000188
заведующий 3,218876 0,000273
завершена 2,302585 0,000195
завершения 2,120264 0,000180
завод 0,798508 0,000406
завода 0,941609 0,000160
заводом 1,771957 0,000150
заводскому 3,912023 0,000332
заводы 1,237874 0,000315
завоевавшим 3,912023 0,000332
заглавная -0,009950 -0,000001
загрязнений 2,302585 0,000195
загрязнения 1,203973 0,000306
задворках 3,912023 0,000332
закон 0,616186 0,000052
закрываясь 3,912023 0,000332
закрыли 2,813411 0,000238
закрылся 2,995732 0,000254
закрыт 1,386294 0,000117
закрытии 2,995732 0,000254
закрыто 2,040221 0,000173
закрытых 2,525729 0,000214
зал 1,021651 0,000433
залов 1,771957 0,000300
заложен 1,832581 0,000155
залы 1,469676 0,000249
заменить 0,562119 0,000095
заметка 3,506558 0,000297
заметно 1,832581 0,000155
замучено 3,912023 0,000332
занимаемая 3,912023 0,000332
занимает 0,616186 0,000522
занимается 1,386294 0,000235
занимал 1,469676 0,000498
занимали 2,302585 0,000195
занял 1,139434 0,000290
заняла 1,771957 0,000150
занялись 3,506558 0,000297
занят 2,659260 0,000225
занятые 3,218876 0,000546
занятых 2,407946 0,000204
зао 1,514128 0,000128
запад 1,427116 0,000121
западная 1,560648 0,000132
западно-кавказской 3,912023 0,000332
западный 1,560648 0,000265
западныйокруг 3,912023 0,000332
западных 1,771957 0,000150
записьвойти -0,009950 -0,000001
запланировано 2,207275 0,000187
заполнение 2,995732 0,000254
заполненными 1,966113 0,000167
запомнился 3,506558 0,000297
запорожская 2,659260 0,000225
запорожские 3,506558 0,000594
запорожскиекуренные 3,912023 0,000332
запорожцах 3,912023 0,000332
запорожцы 3,912023 0,000663
запрос 1,514128 0,000128
запуска 1,832581 0,000155
запущен 1,386294 0,000117
зарегистрирован 1,771957 0,000300
зарегистрированный -0,009950 -0,000001
зарегистрированных 1,771957 0,000150
зарегистрировано 1,309333 0,000111
зарегистрированы 1,771957 0,000150
зарегулировало 3,912023 0,000332
зарубежья 2,525729 0,000214
засаживать 3,912023 0,000332
заседании 1,771957 0,000150
заслуженная 3,506558 0,000297
заслуженный 2,040221 0,002940
застраиваться 2,659260 0,000225
застройка 1,272966 0,000108
затем 0,527633 0,000268
заторов 3,218876 0,000273
зафиксировано 2,207275 0,000187
зафиксирует 3,912023 0,000332
захаренко 3,912023 0,000332
захарченко 3,912023 0,000663
захвачен 2,525729 0,000214
зачастую 1,771957 0,000150
защита 1,469676 0,000125
защитникам 2,995732 0,000254
защиту 1,897120 0,000161
защищена 2,040221 0,000173
заявил 1,771957 0,000300
заявление -0,009950 -0,000002
заявления 3,912023 0,000332
заявлениям 3,912023 0,000332
збекча 0,000000 0,000000
звезда 1,237874 0,000210
звездочный 3,218876 0,000546
звезды 1,897120 0,000322
зверинец 3,912023 0,000332
здание 0,776529 0,000461
зданием 1,660731 0,000141
здании 1,171183 0,000099
зданий 1,049822 0,000089
здания 0,867501 0,000074
зданиями 1,771957 0,000150
здравоохранение 0,941609 0,000080
здравоохранения 1,203973 0,000204
зеленой 2,040221 0,000173
зеленопольский 3,912023 0,000663
зеленых 1,347074 0,000114
земель 1,272966 0,000108
земельный 2,407946 0,000204
землемер 3,912023 0,000332
землетрясений 2,995732 0,000254
землетрясения 2,302585 0,000390
земли 0,634878 0,000108
земля 1,139434 0,000097
землянки 3,912023 0,000332
земского 2,995732 0,000254
зеркального 3,506558 0,000297
зеркальный 3,912023 0,000332
зерно 2,813411 0,000238
зерноуборочных 3,506558 0,000297
зима 1,021651 0,000087
зимнего 1,966113 0,000167
зимой 0,713350 0,000060
зиу 2,525729 0,000214
змия 3,506558 0,000297
знак -0,009950 -0,000001
знамени 1,832581 0,000932
знаменитые 2,302585 0,000195
знаменский 2,525729 0,000428
знаменского 3,506558 0,000297
знамя 2,040221 0,000173
значение 0,314711 0,000027
значения 0,105361 0,000098
значительная 1,609438 0,000136
значительно 0,510826 0,000087
значительного 2,207275 0,000187
значительный 1,347074 0,000114
золотой 0,843970 0,000072
зон 1,309333 0,000111
зоне 0,527633 0,000089
зоной 2,302585 0,000195
зоны 0,755023 0,000064
зоопарк 1,771957 0,000150
зоопарки 2,995732 0,000508
зрителей 1,714798 0,000872
зрителям 3,218876 0,000273
зубаревич 2,995732 0,000254
зульевич 3,912023 0,000332
зырянов 3,218876 0,000273
иван 0,843970 0,000215
иванович 1,560648 0,000926
ивановна 2,813411 0,000954
ивановское 3,506558 0,000297
ивановской 2,659260 0,000225
игнатенко 3,506558 0,000297
игнатов 3,912023 0,000332
игнатович 3,912023 0,000332
игнатовых 3,912023 0,000332
игнатьевич 3,506558 0,000297
игорь 1,714798 0,000581
играть 2,525729 0,000214
идентификаторы 0,693147 0,000059
идея 1,609438 0,000136
из-за 0,415515 0,000106
избежать 2,207275 0,000187
известен 1,203973 0,000102
известия 1,021651 0,000433
известны 1,309333 0,000111
известный 0,941609 0,000160
извилистостью 3,912023 0,000332
изготовлением 3,506558 0,000297
изд 0,314711 0,000080
изданий 1,469676 0,000249
издания 1,049822 0,000089
издательский 1,514128 0,000128
издательским 3,506558 0,000297
издательство 0,510826 0,000087
изделий 1,309333 0,001221
изменился 2,120264 0,000180
измерительных 2,995732 0,000254
изобильный 3,506558 0,000297
изображающий 3,912023 0,000332
изображении 1,272966 0,000108
изобразительных 1,771957 0,000150
изучает 2,120264 0,000180
изучения 1,272966 0,000108
иконы 1,347074 0,000114
ильи 2,525729 0,000214
ильинична 3,912023 0,000332
ильич 2,525729 0,000428
имеет 0,235722 0,000140
имеется 0,653926 0,000055
имела 1,832581 0,000155
имели 1,386294 0,000117
именах 3,506558 0,000297
имени 0,462035 0,000822
именным 3,912023 0,000332
именуется 2,659260 0,000225
имеются 0,843970 0,000072
имеющих 1,272966 0,000108
императора 1,514128 0,000128
императорскими 3,912023 0,000332
императрицей 2,525729 0,000428
императрицы 1,832581 0,000155
имсит 3,912023 0,000332
имя 0,891598 0,000076
иначе 0,733969 0,000062
инвестировать 3,506558 0,000297
инвестиции 1,714798 0,000436
ингуши 1,897120 0,000161
индекс 0,941609 0,000080
индекса 2,813411 0,000238
индексе 2,995732 0,000254
индексу 2,659260 0,000225
индексы 1,514128 0,000128
индивидуальный 3,218876 0,000273
индийцы 2,120264 0,000180
индию 3,218876 0,000273
индустриальный 1,966113 0,000500
индустрии 1,771957 0,000150
инженера 2,207275 0,000187
инженерного 3,912023 0,000332
инженеров 1,714798 0,000145
инициативе 1,427116 0,000242
инициативной 3,506558 0,000297
иностранных 1,203973 0,000102
институт 0,478036 0,000689
института 0,755023 0,000192
инструкцию 3,506558 0,000297
инструмент 2,407946 0,000204
инструменты -0,009950 -0,000002
интегральном 3,506558 0,000297
интегральный 3,218876 0,000273
интенсивное 2,120264 0,000180
интенсивностью 2,813411 0,000238
интервью 1,660731 0,000282
интереса 2,525729 0,000214
интернет 0,916291 0,000155
интернет-портал 1,897120 0,000322
интернет-портале 3,506558 0,000297
интернет-соединением 3,912023 0,000332
интернета 1,771957 0,000451
интернетом 2,995732 0,000762
интродукции 3,912023 0,000332
интурист 3,506558 0,000297
инулин 3,912023 0,000332
информации 0,446287 0,000189
информационно-аналитический 2,659260 0,000225
информационное 1,469676 0,000125
информационной 2,207275 0,000187
информацию 1,237874 0,000105
информация 0,446287 0,000227
информзащиты 3,912023 0,000332
инфраструктуры 1,272966 0,000108
иосиф 2,407946 0,000204
ипподром 2,040221 0,000173
ирина 1,660731 0,000282
ирклиевское 3,912023 0,000332
ирон 0,000000 0,000000
исидор 3,912023 0,000332
исключающее 3,912023 0,000332
ископаемых 1,714798 0,000145
искусств 0,916291 0,000155
искусства 0,733969 0,000187
искусстве 1,609438 0,000273
искусственного 2,120264 0,000180
искусственный 2,207275 0,000187
искусственным 2,120264 0,000180
испанцы 2,120264 0,000180
исполнение 1,966113 0,000167
исполнения 1,469676 0,000125
исполнилась 3,912023 0,000332
исполнительному 3,912023 0,000332
исполнительный 2,040221 0,000173
использовались 1,660731 0,000141
использования -0,009950 -0,000002
используется 0,616186 0,000052
использующие 0,040822 0,000007
испытывают 2,813411 0,000238
исследование 1,427116 0,000121
исследований 0,941609 0,000080
исследованию 2,040221 0,000692
исследования 0,733969 0,000187
исследовательской 2,659260 0,000225
исследователями 2,995732 0,000254
истока 1,021651 0,000087
истории 0,248461 0,000147
историк-краевед 3,912023 0,000332
историко-археологический 3,912023 0,000332
историко-географического 3,912023 0,000332
исторические 0,941609 0,000080
исторических 1,139434 0,000290
исторического 1,049822 0,000089
историю 0,843970 0,000072
история 0,051293 0,000091
источник -0,009950 -0,000002
источниками 0,776529 0,000066
источниках 1,386294 0,000470
источниквикипедия 2,525729 0,000214
источники 0,415515 0,000176
источников 0,371064 0,000094
источниковстатьи 3,912023 0,000332
исчезающих 3,506558 0,000297
исчислении 0,843970 0,000072
италия 1,609438 0,000273
итальянская 1,609438 0,000136
итальянской 2,813411 0,000238
итальянцы 1,771957 0,000150
ительмены 2,995732 0,000254
итогам 1,139434 0,000483
итоги 0,713350 0,000423
итого 1,609438 0,000273
итогов 0,891598 0,000378
итрк 3,506558 0,000297
июле 0,967584 0,000082
июль 0,579818 0,000049
июля 0,116534 0,000257
июнь 0,544727 0,000046
июня 0,116534 0,000217
йемен 3,218876 0,000273
кабардинка 2,995732 0,000254
кабардинцы 1,832581 0,000155
кабельные 2,525729 0,000428
кавалер 2,659260 0,001352
кавказ 1,771957 0,000451
кавказа 1,660731 0,000282
кавказе 2,207275 0,000187
кавказская 2,659260 0,000225
кавказский 2,659260 0,000225
кадочников 3,506558 0,000297
кадочникова 3,912023 0,000332
каждый 0,733969 0,000124
казаджиев 3,912023 0,000332
казак 3,218876 0,000273
казакам 2,813411 0,000477
казаками 2,207275 0,000374
казаки 2,040221 0,000173
казаков 1,660731 0,000282
казани 1,771957 0,000150
казанская 2,120264 0,000180
казанцев 2,995732 0,000254
казань 0,891598 0,000076
казахи 1,514128 0,000128
казачества 2,407946 0,000408
казачье 2,407946 0,000204
казачьего 1,966113 0,000333
казачьему 3,912023 0,000332
каймой 3,506558 0,000297
каким 2,207275 0,000187
калинина 2,207275 0,000187
калинино 3,912023 0,000332
калининский 2,207275 0,000748
калмыки 1,897120 0,000161
калниболотское 3,912023 0,000332
камвольно-суконный 3,912023 0,000332
камер 3,506558 0,000297
камерной 2,813411 0,000238
канал 0,843970 0,000358
канала 1,771957 0,000150
каналов 1,427116 0,000121
канатного 3,912023 0,000663
канатных 3,506558 0,000297
кандидат 2,659260 0,000676
каневское 3,912023 0,000332
каневской 3,218876 0,000273
кантер 3,912023 0,000332
канцелярии 2,407946 0,000204
капитальный 2,659260 0,000225
караваева 3,912023 0,000332
каракалпаки 2,120264 0,000180
карасун 3,912023 0,001989
карасуна 3,912023 0,000332
карасунский 3,912023 0,001658
карасунскому 3,912023 0,000663
карателями 3,912023 0,000332
карачаевск 3,912023 0,000332
карачаевцы 1,966113 0,000167
карачай 3,912023 0,000332
карелы 2,040221 0,000173
карете 3,506558 0,000297
карлсруэ 3,912023 0,000995
каро 2,813411 0,000238
карпович 3,506558 0,000594
карта 0,776529 0,000132
картами 0,562119 0,000048
картину 2,659260 0,000225
картографические 3,506558 0,000297
карточкевикипедия 1,469676 0,000125
карточкивикипедия 1,309333 0,000111
карту 2,302585 0,000195
карусели 3,506558 0,000297
карусель 1,832581 0,000155
каскад 2,407946 0,000204
каталанская 0,527633 0,000045
каталог 1,609438 0,000273
каталогах 0,094311 0,000008
категории -0,009950 -0,000002
категория 0,916291 0,000155
катерининское 3,912023 0,000332
кафе 1,609438 0,000409
кафедральный 1,021651 0,000173
кафедры 2,407946 0,000204
качества 1,078810 0,000731
качестве 0,478036 0,000081
качество 1,309333 0,000111
качеством 2,659260 0,000225
качеству 2,407946 0,000204
квадратных 1,832581 0,000155
кгафк 3,912023 0,000332
кгуки 3,912023 0,000332
кей 2,302585 0,000195
кеппена 2,813411 0,000238
керчь 1,966113 0,000167
кескинов 3,912023 0,000332
кеты 3,218876 0,000273
киев 1,560648 0,000529
кино 0,994252 0,000084
киноклуб 2,995732 0,000254
кинотеатр 1,108663 0,000094
кинотеатра 1,771957 0,000150
кинотеатры 1,078810 0,000183
киноцентр 3,912023 0,000332
кипр 2,813411 0,000477
киргизы 1,560648 0,000132
кириченко 3,912023 0,000332
кирпича 2,302585 0,000390
кисляковское 3,912023 0,000332
китай 0,867501 0,000074
китайская 0,776529 0,000066
китайцы 1,660731 0,000141
ккб 3,912023 0,000332
ккбс 3,912023 0,000332
клаас 3,912023 0,000663
класса 1,203973 0,000204
классификации 1,832581 0,000311
классификацию 2,995732 0,000508
классифицированные 3,912023 0,000332
классицизма 1,832581 0,000155
клейковину 3,912023 0,000332
климат 0,494296 0,000461
климата 0,733969 0,000124
климату 2,659260 0,000451
клуб 0,916291 0,001476
клуба 1,660731 0,000141
клубами 3,218876 0,000273
клубника 3,912023 0,000332
клубом 2,813411 0,000477
клубы 1,108663 0,000376
клумбами 3,506558 0,000297
клумбы 3,506558 0,000297
ключ 1,660731 0,000141
кмр 3,912023 0,000332
книга 0,843970 0,000072
книгами 3,506558 0,000297
книжный 2,207275 0,000187
книисх 3,912023 0,000663
кнопка 2,525729 0,000428
князем 1,714798 0,000145
кобзон 3,218876 0,000273
коваленко 3,218876 0,000546
код -0,009950 -0,000002
кодаистория 2,040221 0,000173
кодекс -0,009950 -0,000001
кожевенная 3,506558 0,000297
кожевенной 3,912023 0,000332
кожи 2,995732 0,000508
козет-скоес 3,912023 0,000332
козлов 2,659260 0,000451
кокса 3,218876 0,000273
колебаний 2,040221 0,000173
колеблется 2,040221 0,000173
колено 3,912023 0,000332
количество 0,328504 0,000111
количеством 1,514128 0,000128
количеству 1,309333 0,000555
колледж 1,386294 0,001057
коллектива 2,813411 0,000238
коллекции 1,560648 0,000132
колонны 2,813411 0,000238
колос 3,218876 0,000273
колос-д 0,000000 0,000000
колосистый 3,912023 0,000663
кольцово 2,995732 0,000254
командир 2,813411 0,000238
командированный 3,912023 0,000332
командованием 1,771957 0,000150
комбайнов 3,506558 0,000297
комбинаты 2,659260 0,000225
коми 1,514128 0,000128
коми-пермяки 2,040221 0,000173
комикъарачай-малкъар 0,000000 0,000000
комикыргызча 0,000000 0,000000
комитет 0,755023 0,000192
комитета 1,203973 0,000102
комитету 2,813411 0,000477
коммерсант 2,207275 0,000187
коммерсантъ 1,139434 0,000966
коммунальное 2,813411 0,000238
комнат 3,506558 0,000297
компактную 3,912023 0,000332
компании 0,579818 0,000049
компаний 0,967584 0,000246
компания 0,653926 0,000277
комплекс 0,653926 0,000222
комплекса 1,272966 0,000216
комплексе 2,207275 0,000187
комплексного 2,120264 0,000359
комплексов 1,386294 0,000117
композитор 1,966113 0,000167
композиции 2,302585 0,000195
композиция 2,040221 0,000173
компот 3,912023 0,000332
компрессорное 3,506558 0,000297
компрессорный 3,218876 0,000273
компрессоры 3,506558 0,000297
компьютеров 1,897120 0,000161
комсомолец 1,560648 0,000132
комсомольская 1,171183 0,000199
комсомольский 1,714798 0,000145
комсомольской 1,897120 0,000322
комфортнее 3,506558 0,000297
комфортного 3,506558 0,000297
комфортные 3,506558 0,000297
комфортных 3,506558 0,001486
конверт 3,506558 0,000297
конго 2,659260 0,000451
конденсаторами 3,912023 0,000332
кондитер 3,506558 0,000594
кондитерских 3,506558 0,000297
кондиционированием 3,912023 0,000332
кондиционировании 3,912023 0,000332
кондратенко 3,506558 0,000297
коне 3,218876 0,000273
конеловское 3,912023 0,000332
конец 0,798508 0,000135
коноково 3,912023 0,000332
консалтинговая 3,218876 0,000273
консалтинговой 3,218876 0,000273
консерватория 2,302585 0,000195
константин 1,560648 0,000132
константинович 3,218876 0,000546
конструкций 2,207275 0,000187
конструкция 2,813411 0,000238
консульские 2,525729 0,000214
консульство 1,966113 0,000833
контексте 1,560648 0,000132
континентального 1,832581 0,000311
контроля 1,560648 0,000132
конференц-залов 3,912023 0,000332
конфиденциальности -0,009950 -0,000001
конфликта 2,120264 0,000180
конца 0,562119 0,000095
концах 3,506558 0,000297
концентрацией 2,525729 0,000214
концентрации 2,040221 0,000173
концепции 1,347074 0,000114
концерна 2,813411 0,000477
концертная 3,218876 0,000273
концертные 2,040221 0,000346
концертный 1,660731 0,000422
концертных 2,407946 0,000204
кооперативный 2,659260 0,000225
кооперации 2,120264 0,000180
координаты 1,469676 0,000125
координировавший 3,912023 0,000332
копанская 3,912023 0,000332
копанской 3,912023 0,000663
копии 0,653926 0,000055
копирование 3,506558 0,000297
копия 0,328504 0,000056
копыльская 3,912023 0,000332
копьем 3,506558 0,000297
корейцы 1,609438 0,000136
кореновск 3,506558 0,000297
кореновский 3,506558 0,000297
кореновское 3,912023 0,000663
корнилова 3,506558 0,000297
коронавируса 3,506558 0,000297
коронами 3,506558 0,000297
коронованный 3,506558 0,000594
короткая 3,218876 0,000273
короткий -0,009950 -0,000001
корпорации 2,120264 0,000180
корректно 2,659260 0,000225
корсакова 3,506558 0,000297
корсунское 3,912023 0,000332
коряки 3,218876 0,000273
косенко 3,506558 0,000892
космический 2,813411 0,000238
космонавт 2,407946 0,000204
коссовская 3,912023 0,000332
коста 3,912023 0,000332
которая 0,287682 0,000024
которого 0,301105 0,000051
которое 0,478036 0,000081
которой 0,174353 0,000044
котором 0,301105 0,000026
которому 0,843970 0,000072
которую 0,867501 0,000147
которые 0,162519 0,000041
который 0,105361 0,000054
которым 0,798508 0,000068
которых 0,094311 0,000056
коцур 3,912023 0,000332
кочин 3,912023 0,000332
кочубеевское 3,912023 0,000332
кошелек 3,218876 0,000273
кошельку 3,912023 0,000332
кравец 1,386294 0,000117
крае 1,514128 0,000257
краев 2,302585 0,000195
краевая 2,525729 0,001070
краевед 2,207275 0,000187
краевед-общественник 3,912023 0,000332
краевого 2,120264 0,000539
краевой 2,120264 0,001617
краевом 3,218876 0,000273
краевые 2,995732 0,000508
краевых 2,659260 0,000225
край 0,891598 0,000982
крайгорода 2,525729 0,000214
красная 1,108663 0,000564
красненко 3,912023 0,000332
красно 3,506558 0,000297
красно-гвардейскийрайон 3,912023 0,000332
красноармейский 2,040221 0,000173
красноармейскийрайон 3,912023 0,000332
красного 1,272966 0,000647
красногорская 3,912023 0,000332
краснода 0,000000 0,000000
краснодар 1,386294 0,016919
краснодар-армавир 3,912023 0,000332
краснодар-сортировочный 3,912023 0,000663
краснодара 2,995732 0,025136
краснодаравнутригородские 3,912023 0,000332
краснодарагородской 3,912023 0,000332
краснодаргоргаз 3,912023 0,000332
краснодаре 3,218876 0,018278
краснодареавтобусы 3,912023 0,000332
краснодаром 3,218876 0,001091
краснодарпереименованные 3,912023 0,000332
краснодарсельмаш 3,912023 0,000332
краснодарская 3,506558 0,003566
краснодарские 3,912023 0,001989
краснодарский 2,302585 0,010148
краснодарского 2,407946 0,004898
краснодарское 3,218876 0,002182
краснодарской 3,912023 0,002321
краснодарском 3,218876 0,000546
краснодарскому 3,506558 0,000297
краснодарстатистика 0,000000 0,000000
краснодару 3,218876 0,001091
краснодарцам 3,912023 0,000332
краснодарцы 3,912023 0,000332
краснодарэкспо 3,912023 0,000995
красной 0,967584 0,000656
краснолит 3,912023 0,000663
красном 2,207275 0,000187
красноярск 0,967584 0,000082
красноярского 2,302585 0,000390
красноярском 2,525729 0,000214
красный 0,941609 0,000080
красных 2,120264 0,000359
крат 3,218876 0,000273
краткая 0,967584 0,000082
крахмал 3,912023 0,000332
краю 1,966113 0,000333
края 0,713350 0,001511
кредитные 2,659260 0,000451
крепости 1,203973 0,000102
крепостная 3,218876 0,000273
крепостными 3,218876 0,000273
крепость 1,078810 0,000457
крестьянских 2,040221 0,000173
крещение 2,995732 0,000508
криворотов 3,912023 0,000332
кризисного 3,912023 0,000332
кризисный 3,912023 0,000332
кристалл 2,407946 0,000204
критериям 2,302585 0,000195
крк 2,995732 0,000254
кроме 0,235722 0,000060
кронид 3,912023 0,000332
кропоткин 2,659260 0,000676
кругах 2,659260 0,000225
круглого 3,506558 0,000297
крупная 1,514128 0,000128
крупнейшие 0,776529 0,000066
крупнейший 0,755023 0,000128
крупнейшим 1,203973 0,000204
крупнейших 0,634878 0,000484
крупного 1,560648 0,000132
крупное 1,897120 0,000161
крупные 0,579818 0,000049
крупный 0,798508 0,000338
крупным 1,021651 0,000346
крупными 1,309333 0,000222
крупных 0,494296 0,000209
крупской 2,207275 0,000187
крупы 3,218876 0,000273
крутой 2,813411 0,000238
крылатого 3,506558 0,000297
крыловский 3,506558 0,000297
крыловское 3,912023 0,000332
крымск 3,506558 0,000297
крымские 1,771957 0,000150
крымский 2,659260 0,000225
крымчаки 2,659260 0,000225
крытый 2,207275 0,000187
кряшены 2,813411 0,000238
ксв 2,302585 0,000195
кубани 2,995732 0,009902
кубанигорода 3,912023 0,000332
кубано-приазовской 3,912023 0,000663
кубано-черноморская 3,912023 0,000332
кубаночка 3,912023 0,000332
кубанская 2,995732 0,000254
кубанские 3,912023 0,000332
кубанский 3,218876 0,003547
кубанских 3,506558 0,000594
кубанского 2,813411 0,002623
кубанское 3,912023 0,000332
кубанской 3,506558 0,001783
кубанскому 3,912023 0,000663
кубанцу 3,912023 0,000332
кубань 2,659260 0,009691
кубаньгрузсервис 3,912023 0,000332
кубанькино 3,912023 0,000332
кубанью 3,506558 0,000594
кубгма 3,912023 0,000332
кубгму 3,912023 0,000332
кубгту 3,912023 0,000332
кубинцы 2,207275 0,000187
кузнецов 1,714798 0,000145
кузнецова 2,040221 0,000173
кузьмич 3,506558 0,000297
куки -0,009950 -0,000001
кукол 0,916291 0,000155
кукурузу 3,912023 0,000332
куликовский 3,506558 0,000297
кульминацией 3,506558 0,000297
культура 0,653926 0,000222
культуре 1,427116 0,000121
культуризма 3,912023 0,000332
культурная 1,897120 0,000161
культурно-историческом 3,912023 0,000332
культурного 0,916291 0,000155
культурный 1,108663 0,000188
культурных 1,347074 0,000114
культуры 0,462035 0,000470
кумыки 1,832581 0,000155
кумыш 3,912023 0,000332
купца 1,560648 0,000132
купцы 1,832581 0,000155
курганинск 3,506558 0,000297
курганинский 3,506558 0,000297
курды 2,040221 0,000173
курени-казармы 3,912023 0,000332
куренные 3,912023 0,000995
курортов 3,218876 0,000546
курсировали 3,912023 0,000332
курьеръ 3,912023 0,000332
кустарников 2,207275 0,000374
кут 3,506558 0,000297
кущевский 3,506558 0,000297
кущевское 3,912023 0,000332
къал 3,912023 0,000663
кыргызстан 2,120264 0,000180
кырык 1,771957 0,000150
лабинск 3,506558 0,000297
лабинский 3,506558 0,000297
лабиринт 3,506558 0,000297
лабиринта 3,506558 0,000297
лабиринты 3,912023 0,000332
лабы 3,912023 0,000332
лаврентьевич 3,912023 0,000332
лавриненко 3,506558 0,000297
лавров 3,218876 0,000273
лаврова 3,218876 0,000273
лагерь 2,120264 0,000180
ладожская 3,506558 0,000297
лазаревич 2,995732 0,000254
лазурный 2,407946 0,000408
лаккулезги 0,000000 0,000000
лакцы 1,832581 0,000155
лапами 3,218876 0,000273
ларина 2,525729 0,000214
ларнака 3,506558 0,000297
ларусса 1,078810 0,000091
латыши 1,897120 0,000161
лауданский 3,912023 0,000332
лауреат 2,040221 0,000173
лауреатом 2,659260 0,000225
левый 1,309333 0,000111
легендах 3,218876 0,000273
легковых 2,407946 0,000204
легкой 1,771957 0,000150
ледовый 1,560648 0,000132
лезгины 1,771957 0,000150
лейтенант 3,506558 0,000297
лекарственных 2,813411 0,000238
ленина 0,867501 0,000368
ленинград 2,120264 0,000180
ленинградский 2,207275 0,000187
ленину 1,272966 0,000108
лента 1,560648 0,000132
леонард 3,506558 0,000297
леонарда 3,218876 0,000273
лермонтова 2,525729 0,000214
леруа 2,659260 0,000225
леса 1,021651 0,000087
лет 0,223144 0,000132
летием 2,407946 0,000204
летия 1,108663 0,000564
летнее 1,966113 0,000167
летний 1,108663 0,000188
летняя 2,302585 0,000195
лето 0,891598 0,000076
летом 0,597837 0,000051
летчик 3,218876 0,000273
летчик-ас 3,912023 0,000332
летчик-космонавт 3,506558 0,000297
летчик-штурмовик 3,912023 0,000332
летчиков 2,525729 0,000214
леушковское 3,912023 0,000332
лига 1,897120 0,000322
лидерами 2,302585 0,000195
лидеров 1,966113 0,000167
лидером 2,207275 0,000561
лидерства 3,912023 0,000332
лидеры 2,302585 0,000195
ликвидации 1,609438 0,000136
лиманский 3,506558 0,000297
линейным 3,218876 0,000273
линией 2,407946 0,000204
линии 0,755023 0,000064
линий 1,309333 0,000111
лирико-эпическое 3,912023 0,000332
листах 2,040221 0,000173
литвин 3,912023 0,000332
литер 3,912023 0,000332
литература 0,061875 0,000021
литературный 1,427116 0,000121
литературным 3,912023 0,000332
литературы 1,078810 0,000091
литовцы 1,966113 0,000167
лихоносов 3,912023 0,000332
лихоносова 3,912023 0,000332
лица 1,272966 0,000108
лицеев 1,771957 0,000300
лицензии -0,009950 -0,000001
логистических 3,506558 0,000297
локаций 3,912023 0,000332
локомотив-кубань 3,912023 0,000663
ломоносову 3,506558 0,000297
лорис 3,912023 0,000663
лоукостеры 3,912023 0,000332
лошадьми 3,506558 0,000297
лучевую 3,912023 0,000332
лучшие 1,560648 0,000132
лучшим 1,514128 0,000642
лучших 1,049822 0,000712
львовскоесельскоепоселение 3,912023 0,000332
льших 0,000000 0,000000
людей 0,693147 0,000059
людейскрытые 3,218876 0,000273
людмила 2,207275 0,000187
людьми 1,609438 0,000136
магистрали 1,078810 0,000091
магистральная 3,506558 0,000297
магнит 1,714798 0,000145
мае 0,867501 0,000074
май 0,597837 0,000051
майкоп 3,218876 0,000818
майченко 3,912023 0,000332
макаревич 3,912023 0,000332
макаренко 3,218876 0,000273
македонски 0,000000 0,000000
македонцы 2,813411 0,000238
максимальные 2,407946 0,000204
максимум 0,733969 0,000124
маленький 2,813411 0,000238
малова 3,912023 0,000332
малого 1,427116 0,000242
малозначимую 3,506558 0,000297
малорусский 3,506558 0,000297
малоэтажный 3,506558 0,000297
малый 0,371064 0,000031
манси 2,813411 0,000238
мантуров 3,912023 0,000332
марий 2,525729 0,000214
марийцы 1,714798 0,000145
мария 1,832581 0,000155
маркетинга 3,506558 0,000297
маркой 3,506558 0,000297
март 0,616186 0,000104
марта 0,139262 0,000366
марте 0,967584 0,000164
маршака 3,506558 0,000297
маршрут 1,272966 0,000108
маршрута 1,469676 0,000249
маршрутные 2,302585 0,000195
маршрутов 0,967584 0,000164
мары 0,000000 0,000000
марьинское 3,912023 0,000332
марьянская 3,912023 0,000332
марьянское 3,912023 0,000332
маски 3,506558 0,000297
маслиев 3,912023 0,000332
масло 2,995732 0,000508
массовая 2,120264 0,000180
массового 1,966113 0,000167
массовой 0,916291 0,000311
массовые 2,207275 0,000187
мастер 2,040221 0,000346
масштабная 2,813411 0,000238
матвеев 2,040221 0,000346
матери 1,347074 0,000114
материал -0,009950 -0,000001
материалов 0,755023 0,000192
матч 1,347074 0,000228
мачуги 3,912023 0,000332
машин 1,139434 0,000290
машиностроения 1,469676 0,000125
машиностроительный 1,897120 0,000161
мая 0,139262 0,000649
маяк 1,108663 0,000188
маяковский 2,995732 0,000762
маяковского 2,040221 0,000173
мбит 3,506558 0,000594
мгц 1,897120 0,000804
мебели 2,813411 0,000477
мебельный 3,218876 0,000273
мега-адыгея 3,912023 0,000332
мега-адыгея-кубань 3,912023 0,000332
мегаполис 2,302585 0,000195
мегаполисов 2,813411 0,000238
мегафон 1,237874 0,000105
мегацентр 3,912023 0,000332
меди 2,207275 0,000187
медиа 1,966113 0,000167
медиаплаза 3,912023 0,000332
медиафайлы 0,301105 0,000026
медицинский 0,891598 0,000453
медицинских 1,427116 0,000484
междугородное 2,407946 0,000204
международного 0,733969 0,000124
международном 1,832581 0,000155
международные 0,941609 0,000239
международный 0,713350 0,000423
международных 0,967584 0,000246
межрегиональной 2,995732 0,000254
межрегиональный 2,525729 0,000428
мелиоративных 3,912023 0,000332
менеджмента 2,302585 0,000390
менее 0,314711 0,000080
менское 3,912023 0,000332
меотского 3,912023 0,000332
меотское 3,912023 0,000332
мера 2,995732 0,000254
меретуков 3,218876 0,000273
меридиан 2,525729 0,000214
мерлен 2,659260 0,000225
мероприятий 1,514128 0,000257
мессенджере 3,912023 0,000332
места 0,579818 0,000147
местами 1,427116 0,000121
месте 0,544727 0,000369
местного 0,941609 0,000160
местное 1,427116 0,000121
местные 1,049822 0,000178
местный 2,207275 0,000187
место 0,371064 0,001195
месяцев 1,171183 0,000199
месяцевикипедия 0,776529 0,000066
металлических 1,966113 0,000167
металлообрабатывающий 3,506558 0,000297
металлургическое 2,207275 0,000187
метр 2,659260 0,000225
метро 1,272966 0,000432
метров 0,776529 0,000461
метрополитена 1,660731 0,000282
мехпромстрой 3,912023 0,000332
миграционными 3,912023 0,000332
микрорайон 1,660731 0,000282
микрорайонами 3,912023 0,000332
микрорайонах 2,813411 0,000238
милиции 2,207275 0,000187
миллиарда 1,966113 0,000500
миллион 2,207275 0,000935
миллиона 1,386294 0,000352
миллионам 3,506558 0,000297
миллионных 3,506558 0,000297
миллионов 1,078810 0,000091
мимолетности 3,912023 0,000332
минеральных 1,609438 0,000136
мини-гостиницы 3,912023 0,000332
минимум 0,693147 0,000117
министерства 0,891598 0,000227
министерство 1,108663 0,000094
министерством 1,609438 0,000136
минкультуры 3,506558 0,000297
минпромторг 3,506558 0,000297
минпромторга 3,912023 0,000332
минское 3,506558 0,000297
минстроя 3,912023 0,000332
минут 1,386294 0,000117
мир 0,342490 0,000058
мира 0,415515 0,000211
мире 0,494296 0,000084
мирового 1,609438 0,000136
мирошникова 3,912023 0,000332
миру 1,560648 0,000132
митрополит 2,207275 0,000187
михаил 0,916291 0,000233
михайлович 1,386294 0,000117
михееву 3,912023 0,000332
мичуринскоесельскоепоселение 3,912023 0,000332
младший 3,506558 0,000297
млн 0,462035 0,000274
млрд 0,820981 0,000696
мнение 1,427116 0,000121
мнению 0,967584 0,000082
многие 0,356675 0,000060
многим 1,897120 0,000161
многоквартирные 2,995732 0,000254
многоквартирных 2,302585 0,000195
многонаселенный 3,912023 0,000332
многофункциональный 2,813411 0,000477
многоцелевых 3,912023 0,000332
мобильная -0,009950 -0,000003
мобильного 2,207275 0,000374
мобильный 2,813411 0,000238
мобильным 3,506558 0,000594
могут -0,009950 -0,000003
модель 1,469676 0,000125
модерна 2,207275 0,000187
модернизируется 3,506558 0,000297
модулем 1,021651 0,000087
модуль 0,941609 0,000080
можете 0,653926 0,000166
мокшень 0,000000 0,000000
молдаване 1,714798 0,000145
молдову 3,506558 0,000297
молл 2,525729 0,000214
молодежный 1,309333 0,000111
момент 0,597837 0,000051
монастырь 1,139434 0,000290
монгол 0,000000 0,000000
монголы 1,897120 0,000161
монитор 2,407946 0,000816
мониторинг 1,832581 0,000155
монорельса 3,506558 0,000297
монтажников 3,506558 0,000297
монтажный 3,218876 0,000273
монтажом 3,912023 0,000332
монтажу 3,912023 0,000332
мордва 1,309333 0,000111
море 1,049822 0,000089
морей 1,832581 0,000155
морем 1,771957 0,000150
мороженое 3,912023 0,000332
моря 0,579818 0,000098
москаленко 3,506558 0,000594
москва 0,400478 0,000305
москвакраснодар 3,912023 0,000332
москве 1,171183 0,000099
москвитин 3,912023 0,000332
москвой 1,237874 0,000105
москвы 0,653926 0,000333
московский 0,891598 0,000076
московских 2,040221 0,000173
московского 0,867501 0,000221
московское 1,347074 0,000114
мост 0,967584 0,000082
моста 1,139434 0,000193
мостовский 3,506558 0,000297
моу 3,506558 0,000297
мск 0,843970 0,000072
мсп 3,506558 0,000297
мтрк 3,912023 0,000663
мтс 1,237874 0,000105
мужской 1,560648 0,000265
муз-тв 1,966113 0,000167
музеев 1,309333 0,000111
музеи 0,820981 0,000209
музей 0,776529 0,000921
музей-заповедник 1,832581 0,000155
музыка 1,347074 0,000228
музыкальный 1,469676 0,000498
музыки 1,469676 0,000125
мультиплекса 1,897120 0,000161
муниципального 0,891598 0,000831
муниципальное 1,139434 0,000097
муниципальный 1,386294 0,000587
муниципальным 0,776529 0,001119
муниципальных 0,776529 0,000329
мусороперерабатывающего 3,912023 0,000332
мышастовское 3,912023 0,000332
мэр 1,347074 0,000457
мэра 1,347074 0,000228
мюзик-холл 3,912023 0,000663
мягкая 2,995732 0,000254
набережной 1,272966 0,000108
наблюдается 1,021651 0,000087
наблюдались 2,659260 0,000225
наблюдений 1,386294 0,000117
набор 1,469676 0,000125
наведено 3,912023 0,000332
навигации -0,009950 -0,000002
навигация -0,009950 -0,000002
нагайбаки 2,813411 0,000238
нагапетович 3,912023 0,000332
награды 0,867501 0,000074
награжден 1,514128 0,000128
нагрузку 2,659260 0,000225
наделении 2,525729 0,000214
надменному 3,912023 0,000332
надпойменной 3,912023 0,000332
назаренко 3,912023 0,000332
назвал 1,660731 0,000282
назвали 1,609438 0,000546
название 0,198451 0,000118
названием 0,820981 0,000139
названий 1,078810 0,000183
названия 0,342490 0,000116
названиях 1,897120 0,000161
назло 3,912023 0,000332
назначения 1,427116 0,000121
называемый 1,514128 0,000128
называется 0,916291 0,000078
назывались 1,897120 0,000161
называют 0,916291 0,000078
наиболее 0,139262 0,000047
наибольший 1,966113 0,000167
наибольшую 2,813411 0,000238
наименований 1,832581 0,000155
наказаний 2,659260 0,000225
нам 0,000000 0,000000
намерены 2,525729 0,000214
наместником 3,218876 0,000273
намечается 3,912023 0,000332
нами -0,009950 -0,000001
нанайцы 2,407946 0,000204
нано 3,506558 0,000297
нанси 3,912023 0,000332
написал 1,897120 0,000161
написала 2,995732 0,000508
написания 1,897120 0,000161
напитки 2,207275 0,000187
наполненные 3,912023 0,000332
направили 3,912023 0,000332
направление 1,203973 0,000102
направления 0,755023 0,000320
направо 1,560648 0,000132
напряженная 3,506558 0,000297
наркомата 3,218876 0,000273
народная 0,713350 0,000242
народное 0,798508 0,000203
народной 1,966113 0,000167
народный 1,469676 0,000498
народов 0,798508 0,000068
наряду 1,078810 0,000091
население 0,693147 0,000764
населением 0,776529 0,000197
населения 0,494296 0,002765
населениягод 0,000000 0,000000
населенные 0,673345 0,000228
населенными 1,966113 0,000667
населенных 0,693147 0,000470
наследия 0,820981 0,000139
настоящее 0,328504 0,000056
настоящей 3,218876 0,000273
наступает 0,916291 0,000078
насчитывал 2,995732 0,000254
насчитывалось 1,347074 0,000114
наталья 1,660731 0,000282
наук 0,693147 0,000646
наука 0,301105 0,000026
науки 0,820981 0,000139
наумов 2,525729 0,000642
научная 0,798508 0,000203
научно-исследовательский 1,237874 0,000210
научно-прикладной 3,506558 0,000297
научное 0,891598 0,000151
находились 1,714798 0,000145
находился 0,776529 0,000066
находит 2,207275 0,000187
находится 0,328504 0,000223
находящаяся 3,218876 0,000273
национальная 1,108663 0,000094
национальной 1,272966 0,000216
национальности 0,867501 0,000221
национальность 1,237874 0,000105
национальную 2,040221 0,000173
национальный 0,597837 0,000203
начал 0,798508 0,000203
начала 0,314711 0,000080
начале 0,314711 0,000053
начали 0,891598 0,000076
начало 0,415515 0,000141
началось 0,616186 0,000104
начальства 3,506558 0,000297
начата 2,659260 0,000225
начатая 3,912023 0,000332
начинает 1,771957 0,000150
начинают 1,771957 0,000150
начнется 2,995732 0,000254
наш 1,609438 0,000136
нашей 1,386294 0,000117
небольшой 1,427116 0,000121
небом 2,040221 0,000173
неверный 2,407946 0,000204
невинномысск 3,218876 0,000273
невского 1,427116 0,000121
негосударственные 2,040221 0,000173
негосударственных 1,966113 0,000333
недавно 2,207275 0,000187
недалеко 1,469676 0,000125
недостатков 0,653926 0,000055
недоступная 0,527633 0,000179
недоступные 0,755023 0,000064
независимых 2,302585 0,000195
незаймановское 3,912023 0,000332
незаконно 3,506558 0,000297
незаконных 3,218876 0,000273
неисправности 3,506558 0,000297
нейтральных 3,218876 0,000818
некоммерческой -0,009950 -0,000001
некорректно 1,897120 0,000161
некоторые 0,301105 0,000051
некоторых 0,494296 0,000042
некрасова 2,525729 0,000214
нем 0,356675 0,000151
немаловажную 3,506558 0,000297
немецкие 1,966113 0,000167
немецкий 1,427116 0,000121
немецким 2,659260 0,000225
немецких 2,302585 0,000195
немком 3,912023 0,000332
нему 1,203973 0,000102
немцы 1,203973 0,000102
ненаписанные 3,912023 0,000332
ненцы 2,120264 0,000180
необычных 3,506558 0,000594
неоднократно 1,139434 0,000097
неофициально 2,302585 0,000195
неофициальные 2,040221 0,000173
непосредственно 0,478036 0,000041
неправильно 2,040221 0,000173
неправильной 3,912023 0,000332
непрерывного 2,525729 0,000214
нередко 1,108663 0,000094
нескольких 0,755023 0,000128
несколько 0,150823 0,000064
несносные 3,912023 0,000332
нестабильные 3,506558 0,000297
нефтеперерабатывающей 3,218876 0,000273
нефтепереработка 3,506558 0,000297
нефтепродуктов 1,966113 0,000167
нефтехимической 2,813411 0,000238
нефти 1,514128 0,000128
нефтяных 2,525729 0,000214
неэнциклопедическим 2,995732 0,000508
ниагара 3,912023 0,000995
нивхи 2,813411 0,000238
ниже 0,693147 0,000059
нижестеблиевское 3,912023 0,000332
нижнеалбашское 3,912023 0,000332
нижнего 1,514128 0,000128
нижний 0,673345 0,000057
низкий 2,040221 0,000173
низкой 1,771957 0,000150
низменности 1,897120 0,000322
нии 1,237874 0,000105
никанорович 3,912023 0,000332
никита 2,302585 0,000195
никитович 3,218876 0,000546
николаевич 1,309333 0,000666
николаевка 2,659260 0,000225
николаевская 2,813411 0,000238
николай 0,867501 0,000662
нитратов 3,218876 0,000273
нова 3,506558 0,000297
новая 0,634878 0,000054
новгород 0,867501 0,000074
новгорода 2,040221 0,000173
ново-мышастовскоесельскоепоселение 3,912023 0,000332
новоалександровск 3,506558 0,000297
нововеличковское 3,912023 0,000332
нововеличковскоесельскоепоселение 3,912023 0,000332
нового 0,579818 0,000049
новогодний 3,912023 0,000332
новодеревянковское 3,912023 0,000332
новоджерелиевское 3,912023 0,000332
новое 0,755023 0,000128
новокорсунское 3,912023 0,000332
новокубанск 3,506558 0,000594
новокубанский 3,506558 0,000297
новом 1,386294 0,000352
новоминское 3,912023 0,000332
новопокровский 3,506558 0,000297
новороссийск 1,966113 0,001166
новосибирск 0,916291 0,000078
новосибирска 3,218876 0,000273
новосибирского 2,659260 0,000225
новоспасское 2,659260 0,000225
новостей 1,771957 0,000150
новости 0,579818 0,000049
новостного 3,218876 0,000273
новостройки 3,218876 0,000273
новотитаровское 3,912023 0,000332
новоукраинское 3,912023 0,000332
новощербиновское 3,912023 0,000332
новые 0,342490 0,000145
новый 0,446287 0,000340
новым 1,049822 0,000178
новых 0,430783 0,000073
ногайцы 1,897120 0,000161
номер 0,820981 0,000070
номинации 2,207275 0,000187
норвежская 0,248461 0,000021
норма 0,798508 0,000068
нормы 1,514128 0,000128
носаленко 3,912023 0,000332
носителей 2,659260 0,000225
ноттингем 3,912023 0,000332
нохчийн 0,000000 0,000000
ночного 3,506558 0,000297
нояб 0,820981 0,000070
ноября 0,127833 0,000878
нська 0,000000 0,000000
нтв 1,427116 0,000121
нтк 3,912023 0,000332
нужно 1,049822 0,000178
ныне 0,653926 0,000055
нынешнего 1,771957 0,000150
нынешней 1,966113 0,000167
нынешний 2,040221 0,000173
нынешних 3,218876 0,000273
ньскъ 0,000000 0,000000
нью-йорк 2,995732 0,000254
ньюс 3,506558 0,000297
оао 0,916291 0,000078
оба 1,386294 0,000117
обелиск 2,525729 0,000642
обер-бургомистр 3,912023 0,000332
обернувшегося 3,912023 0,000332
обеспечением 2,659260 0,000225
обеспечении 2,525729 0,000214
обеспечения 0,867501 0,000147
обеспеченности 2,302585 0,000390
обеспеченность 2,120264 0,000180
обеспечивают 1,514128 0,000257
обеспечившее 3,912023 0,000332
обещает 3,506558 0,000297
обладателем 2,995732 0,000254
облаков 2,813411 0,000238
области 0,223144 0,000113
областному 3,506558 0,000297
область 0,385662 0,000131
облик 1,272966 0,000324
облика 2,659260 0,000225
обнаружено 2,207275 0,000187
обновив 1,832581 0,000311
обновления 1,514128 0,000257
обновлениявикипедия 1,771957 0,000150
обойщиков 3,912023 0,000332
обойщикова 3,912023 0,000332
оборот 1,309333 0,000777
оборота 1,966113 0,000500
оборудование 1,347074 0,000343
оборудования 1,049822 0,000356
обособленных 3,506558 0,000297
обрабатывающие 2,120264 0,000180
обрабатывающих 2,302585 0,000390
обработка 2,120264 0,000180
образа 2,302585 0,000195
образована 1,427116 0,000121
образование 0,494296 0,000168
образования 0,478036 0,000729
образованиям 0,776529 0,001119
образованной 2,525729 0,000214
образовано 1,609438 0,000136
образовательный 2,120264 0,000359
образовывало 3,912023 0,000332
образует 0,994252 0,000169
обратно 1,714798 0,000291
обращения 0,030459 0,000462
обращенного 3,912023 0,000332
обращенный 3,912023 0,000332
обрывистый 3,506558 0,000297
обслуживает 1,771957 0,000150
обслуживается 3,218876 0,000273
обслуживания 1,469676 0,000125
обслуживают 2,659260 0,000225
обслужил 2,813411 0,000238
обстановка 1,966113 0,000167
обстановки 2,407946 0,000204
обстановкой 2,659260 0,000225
обсуждалась 3,506558 0,000297
обсуждают 3,218876 0,000273
обустройтвом 3,912023 0,000332
общая 0,673345 0,000228
общего 0,713350 0,000242
общедоступный 2,525729 0,000428
общеобразовательных 1,203973 0,000102
общероссийском 2,995732 0,000508
общества 0,776529 0,000066
общественно-политических 2,525729 0,000214
общественного 0,916291 0,000233
общественное 1,966113 0,000167
общественный 0,941609 0,000479
общество 0,713350 0,000060
общие 0,673345 0,000057
общим 1,427116 0,000121
общую 2,207275 0,000187
объединение 1,171183 0,000099
объединяет 1,771957 0,000150
объект 1,386294 0,000352
объектов 0,527633 0,000179
объекты 0,478036 0,000203
объем 0,616186 0,000157
объемам 3,506558 0,000297
объемно-блочного 3,912023 0,000332
объемных 3,506558 0,000594
объему 1,771957 0,000451
объявил 1,714798 0,000291
объявили 2,659260 0,000225
объявлено 1,832581 0,000155
объясняется 1,771957 0,000150
обязательный 2,813411 0,000477
огибая 3,506558 0,000297
ограничен 2,525729 0,000214
ограниченная 3,218876 0,000273
ограниченной 2,813411 0,000238
огромные 2,302585 0,000195
одежды 2,659260 0,000225
однако 0,174353 0,000059
одним 0,494296 0,000042
одно 0,693147 0,000059
одновременно 0,776529 0,000132
одновременным 3,218876 0,000273
одного 0,544727 0,000046
одноименную 2,995732 0,000254
одной 0,371064 0,000063
одноклассники 2,525729 0,000214
одну 1,237874 0,000105
озеленение 2,407946 0,000204
озера 0,967584 0,000082
озеро 1,049822 0,000623
означает 1,237874 0,000105
оказались 1,514128 0,000128
оказался 1,832581 0,000155
окато 0,820981 0,000139
океанариум 2,525729 0,000428
оккупантов 3,218876 0,000273
оккупации 2,659260 0,000225
около 0,000000 0,000000
окончательно 1,203973 0,000102
окраинам 2,813411 0,000238
окраинах 2,407946 0,000204
окрестностях 1,469676 0,000125
округ 0,673345 0,000342
округа 0,653926 0,000554
округами 2,659260 0,000451
округе 1,309333 0,000333
округов 0,776529 0,000527
округу 1,714798 0,000581
оксида 2,659260 0,000676
окт 0,798508 0,000068
октмо 0,843970 0,000072
октябрь 0,867501 0,000074
октябрьский 1,078810 0,000183
октябрьского 2,207275 0,000187
октябрьской 1,078810 0,000091
октября 0,083382 0,000410
олимп 2,407946 0,000204
олимпиады 3,218876 0,000273
олимпийский 2,120264 0,000359
олык 0,000000 0,000000
омск 1,021651 0,000087
онлайн 0,198451 0,000017
оноприев 3,912023 0,000332
ооо 0,843970 0,000286
оператор 1,609438 0,000273
операторы 1,514128 0,000128
оперетты 2,995732 0,000254
опирается 2,040221 0,000173
описание -0,009950 -0,000002
опорных 2,659260 0,000225
определяется 1,609438 0,000136
опровергли 3,912023 0,000332
опросу 3,218876 0,000273
оптических 3,506558 0,000297
оптовой 2,407946 0,000204
опубликован 2,120264 0,000180
опубликована 2,407946 0,000204
опубликованные 3,218876 0,000273
опустился 3,218876 0,000546
опх 3,912023 0,000663
опыт 1,714798 0,000145
опытный 3,506558 0,000297
оранжерейной 3,912023 0,000332
орбита 2,995732 0,000254
органа 1,966113 0,000167
организацией 1,966113 0,000167
организации -0,009950 -0,000002
организаций 0,776529 0,000132
организация 0,891598 0,000076
организован 1,660731 0,000282
органной 2,813411 0,000238
органы 0,891598 0,000076
ордена 1,714798 0,000727
орденов 2,813411 0,000477
орел 1,609438 0,000136
оригинала 0,162519 0,000661
оригинальную 3,506558 0,000297
ортса 0,000000 0,000000
оружием 2,525729 0,000214
осадков 0,544727 0,000046
осаду 2,207275 0,000187
освобожден 2,659260 0,000225
освобождение 2,525729 0,000214
освобождению 2,995732 0,000254
осень 1,469676 0,000125
осенью 1,309333 0,000111
осетины 1,771957 0,000150
осипов 0,527633 0,000089
оснастят 3,912023 0,000332
оснащенные 3,218876 0,000273
основан 0,579818 0,000147
основана 1,272966 0,000108
основания 0,713350 0,000060
основанного 2,207275 0,000187
основанные 0,776529 0,000132
основе 0,494296 0,000084
основная 0,116534 0,000079
основном 0,510826 0,000087
основные 0,223144 0,000038
основным 0,616186 0,000052
основывается 2,207275 0,000187
особо 1,237874 0,000105
особую 2,120264 0,000180
оспорить 3,218876 0,000546
оставлен 3,506558 0,000297
остальные 0,891598 0,000076
остановили 3,506558 0,000297
остановками 3,506558 0,000297
остановках 2,995732 0,000254
остановок 2,659260 0,000225
остров 1,139434 0,000386
островом 3,218876 0,000273
островского 2,407946 0,000204
осуществляется 0,776529 0,000066
отв 0,755023 0,000128
отважных 3,912023 0,000332
отвести 3,912023 0,000332
ответственности -0,009950 -0,000001
ответственностью 3,506558 0,000297
ответы 1,514128 0,000128
отгружено 2,813411 0,000238
отд 2,525729 0,000856
отделен 3,912023 0,000332
отделением 2,525729 0,000428
отделения 1,021651 0,000346
отдельную 1,832581 0,000311
отдельные 1,078810 0,000183
отдельных -0,009950 -0,000001
отдых 2,207275 0,000374
отдыха 1,049822 0,000534
отель 1,966113 0,000667
отеля 2,813411 0,000238
отечественной 0,673345 0,001027
отзывы 3,218876 0,000546
отказ -0,009950 -0,000001
отключено 2,995732 0,000254
открыли 1,237874 0,000210
открылся 0,941609 0,000319
открыт 0,798508 0,000338
открыта 0,967584 0,000164
открытие 0,941609 0,000319
открытия 0,916291 0,000078
открытый 1,049822 0,000089
открытым 1,309333 0,000111
отличается 0,579818 0,000049
отличие 0,891598 0,000076
отличился 3,506558 0,000297
отложили 3,912023 0,000332
отмечают 2,120264 0,000359
отмечен 1,966113 0,000167
относительно 0,415515 0,000035
относятся 0,713350 0,000060
отношений 1,309333 0,000222
отношения 0,994252 0,000253
отозван 3,506558 0,000297
отошел 2,995732 0,000254
отошли 2,813411 0,000238
отправленная 3,912023 0,000332
отр 1,832581 0,000155
отрадненский 3,506558 0,000297
отражающем 3,506558 0,000297
отраслевого 3,912023 0,000332
отраслей 1,771957 0,000150
отрасли 1,078810 0,000274
отраслях 2,659260 0,000225
отредактирована -0,009950 -0,000001
отредактировать 0,967584 0,000082
отрицательную 3,506558 0,000297
отходов 1,966113 0,000167
отчет 1,660731 0,000141
официальная 1,609438 0,000136
официальном 2,120264 0,000180
официальному 3,912023 0,000332
официальный 0,510826 0,000260
официальным 1,272966 0,000108
оформитель 3,912023 0,000332
оформленными 2,302585 0,000195
охватом 3,912023 0,000332
охраны 1,427116 0,000121
охраняемыми 3,912023 0,000332
оценил 2,995732 0,000254
оценила 3,506558 0,000892
оценили 2,995732 0,000254
оценка 0,693147 0,000117
оценке 1,560648 0,000265
оценку 2,207275 0,000187
очаповского 3,912023 0,000332
очень 0,494296 0,000042
очередная 3,506558 0,000297
очередь 0,527633 0,000089
ошибка 1,832581 0,000155
ошибками 2,207275 0,000187
ошибкекак -0,009950 -0,000001
павлин 3,912023 0,000332
павлович 2,302585 0,000585
павловский 2,302585 0,000195
павловское 3,912023 0,000332
паводках 3,912023 0,000332
паводков 2,995732 0,000254
падалка 3,912023 0,000332
пакет 1,714798 0,000436
пакистан 3,218876 0,000273
пакистанцы 2,120264 0,000180
палаты 2,302585 0,000195
пальто 3,912023 0,000332
памирцы 2,525729 0,000214
памятник 0,693147 0,000705
памятниками 2,040221 0,000173
памятники 0,733969 0,000124
памятников 0,820981 0,000278
памятником 1,714798 0,000291
память 0,891598 0,000076
пандемии 3,506558 0,000297
панельных 3,506558 0,000297
пантелеймонович 3,912023 0,000332
параметрамивикипедия 2,207275 0,000187
париж 2,302585 0,000195
парк 0,693147 0,001234
парк-экстрим 3,912023 0,000332
парка 1,021651 0,000693
парке 1,171183 0,001191
парки 1,272966 0,000216
парковки 2,407946 0,000204
парковок 2,525729 0,000214
парковом 3,912023 0,000332
парком 2,302585 0,000585
паром 2,813411 0,000715
паромных 3,506558 0,000297
партизан 2,813411 0,000477
партийно-хозяйственные 3,912023 0,000332
партийный 3,506558 0,000297
партнерские 2,407946 0,000204
пассажиров 1,309333 0,000222
пассажиропоток 1,966113 0,000167
пассажиропотоку 2,659260 0,000225
пашковский 3,912023 0,003647
пашковское 3,912023 0,000332
пашковской 3,912023 0,000332
пащевский 3,912023 0,000332
пгт 2,302585 0,000195
певец 2,407946 0,000204
певческого 3,912023 0,000332
педагогический 1,078810 0,000091
педагогических 2,995732 0,000254
педагогического 1,897120 0,000322
пенза 1,108663 0,000094
пенсии 3,506558 0,000594
первая 0,430783 0,000037
первого 0,733969 0,000124
первое 0,544727 0,000231
первой 0,462035 0,000117
первоначально 1,203973 0,000306
первореченскоесельскоепоселение 3,912023 0,000332
первую 0,867501 0,000074
первые 0,494296 0,000126
первый 0,385662 0,000131
первым 0,597837 0,000203
первых 0,653926 0,000111
переговорных 3,912023 0,000332
передавалась 3,506558 0,000297
передать 2,120264 0,000180
передающий 3,506558 0,000297
переименовали 2,302585 0,000195
переименован 1,347074 0,000228
переименование 2,525729 0,000214
перейти -0,009950 -0,000002
перекресток 1,714798 0,000145
перекусить 3,912023 0,000332
переливного 3,912023 0,000332
перем 0,000000 0,000000
перенаправляется 1,771957 0,000150
переписи 0,755023 0,000832
переписных 1,897120 0,000161
перепись 0,820981 0,000696
переписью 3,218876 0,000273
переправ 2,995732 0,000254
переправы 1,832581 0,000155
перерабатывающая 3,506558 0,000297
переработки 2,525729 0,000214
пересекают 2,995732 0,000254
пересечении 1,427116 0,000363
перехода 1,514128 0,000128
переходный 2,407946 0,000408
перечень 1,469676 0,000374
перечнев 3,506558 0,000297
перешла 1,660731 0,000141
переясловское 3,912023 0,000332
период 0,342490 0,000319
периодом 1,897120 0,000161
периоды 1,560648 0,000132
пермь 0,994252 0,000084
перов 3,912023 0,000332
персонала 2,525729 0,000214
персональные -0,009950 -0,000001
перспективного 3,912023 0,000332
перспективных 2,407946 0,000204
перспективы 1,347074 0,000114
персы 1,966113 0,000167
песен 2,120264 0,000180
песню 2,525729 0,000214
песня 1,609438 0,000273
петель 3,506558 0,000297
петербурга 2,407946 0,000204
петербургом 2,659260 0,000225
петербургского 2,302585 0,000195
петр 1,108663 0,000282
петрик 3,912023 0,000332
петрович 1,897120 0,000322
петровна 3,218876 0,000273
петровская 2,659260 0,000225
петровское 2,813411 0,000238
печати -0,009950 -0,000001
печатных 1,609438 0,000409
печать -0,009950 -0,000001
печи 3,218876 0,000273
пешеходных 2,302585 0,000195
пиво 2,995732 0,000254
пименов 3,912023 0,000332
писателей 1,714798 0,000436
писатель 1,514128 0,000385
письмо 2,302585 0,000195
питомника 3,912023 0,000332
пишут 2,659260 0,000225
пищевая 1,560648 0,000132
пищевой 1,514128 0,000385
план 0,755023 0,000128
планирования 1,714798 0,000291
планирует 2,120264 0,000180
планируется 1,021651 0,000346
плану 1,386294 0,000235
планы 1,347074 0,000228
пластмассовых 2,995732 0,000508
пластуновское 3,912023 0,000332
платнировское 3,912023 0,000332
платной 2,813411 0,000238
платонов 2,813411 0,000238
плейс 3,912023 0,000332
племзавода 3,912023 0,000332
плетения 3,912023 0,000332
плеханова 2,302585 0,000195
плодородный 3,912023 0,000663
плотина 2,407946 0,000204
плотность 0,693147 0,000059
площади 0,510826 0,000173
площадка 1,514128 0,000128
площадках 2,525729 0,000214
площадке 2,207275 0,000187
площадки 1,714798 0,000145
площадь 0,478036 0,000527
площадью 0,994252 0,000253
площадями 2,813411 0,000238
победа 1,609438 0,000136
победив 3,506558 0,000297
победитель 2,207275 0,000374
победу 1,897120 0,000161
победы 0,916291 0,000233
побратимами 2,813411 0,000238
побратимских 2,120264 0,000180
поведения -0,009950 -0,000001
поверх 2,407946 0,000204
поводом 3,506558 0,000297
повышен 2,659260 0,000451
погиб 2,525729 0,000214
погибли 1,832581 0,000155
погибло 2,040221 0,000173
погода 0,776529 0,000066
погоду 2,302585 0,000195
подавляющего 3,912023 0,000332
подавляющее 2,207275 0,000187
поддерживают 2,525729 0,000214
подземного 2,995732 0,000254
подожгли 3,506558 0,000297
подписью 3,506558 0,000297
подполье 3,912023 0,000332
подпольный 3,912023 0,000332
подпольных 3,218876 0,000273
подразделением 3,912023 0,000332
подразделения 2,302585 0,000195
подробнее -0,009950 -0,000001
подряд 2,525729 0,000428
подсветку 3,506558 0,000594
подсолнечное 3,912023 0,000332
подтверждается 2,302585 0,000195
подтверждался 2,813411 0,000238
подтвержден 3,506558 0,000297
подтверждением 3,218876 0,000273
подцентров 3,912023 0,000332
подчинения 1,386294 0,000117
подчиненные 2,995732 0,000508
подчиненными 2,995732 0,001016
подчинены 1,897120 0,000322
поезд 1,560648 0,000132
поезда 1,272966 0,000216
пожалуйста 1,469676 0,000125
пожарной 2,407946 0,000204
позволившее 3,912023 0,000332
позволило 1,514128 0,000128
позволяет 0,755023 0,000064
позднее 0,798508 0,000068
поздняков 3,218876 0,000273
позже 0,733969 0,000124
позолоченная 3,912023 0,000332
поиск -0,009950 -0,000001
поиску -0,009950 -0,000002
пойме 2,207275 0,000187
пойменные 2,995732 0,000254
показали 2,040221 0,000173
показаны 2,407946 0,000204
показателей 1,203973 0,000102
показатели 0,994252 0,000084
показатель 0,713350 0,000121
показателю 1,897120 0,000161
покататься 3,218876 0,000273
покормить 3,506558 0,000297
покрова 1,203973 0,000102
покровский 1,771957 0,000150
покровское 2,813411 0,000238
покрытием 2,040221 0,000346
покрышкин 3,506558 0,000297
полдень 0,916291 0,000078
полезных 1,660731 0,000141
полеты 2,525729 0,000214
полиграф-юг 3,912023 0,000332
полиграфии 3,912023 0,000663
полиграфическая 2,659260 0,000225
полиграфия 3,218876 0,000273
политиздат 3,218876 0,000273
политика -0,009950 -0,000001
политики 1,237874 0,000105
политическая 0,843970 0,000072
политический 2,120264 0,000359
политологии 3,912023 0,000332
полицентрическую 3,506558 0,000297
полиции 2,407946 0,000408
полка 2,040221 0,000173
полковник 2,302585 0,000390
полный 1,272966 0,000108
половодьях 3,912023 0,000332
пологий 2,995732 0,000254
положение 0,510826 0,000043
положительной 3,506558 0,000297
полос 2,407946 0,000204
полосу 2,407946 0,000204
полосы 1,469676 0,000249
полотна 2,302585 0,000195
полотнище 1,609438 0,000136
полотно 2,813411 0,000238
полтавское 3,912023 0,000332
полу 0,916291 0,000311
полутора 2,525729 0,000214
получил 0,713350 0,000302
получили 0,967584 0,000082
получило 1,832581 0,000155
получит 2,525729 0,000214
полуяна 3,912023 0,000332
пользователей 1,714798 0,000291
польский 2,120264 0,000180
полюса 2,813411 0,000238
поляки 1,469676 0,000125
поляков 0,916291 0,000078
поместили 3,218876 0,000273
помещена 3,506558 0,000297
помещение 2,525729 0,000214
помещений 2,120264 0,000359
помимо 0,562119 0,000095
помочь 1,560648 0,000265
помощи 0,843970 0,000143
помощью 0,634878 0,000054
пони 3,506558 0,000297
пономаренко 3,218876 0,001637
попал 1,897120 0,000322
попов 1,966113 0,000167
поповическое 3,912023 0,000332
пополнением 3,912023 0,000332
популярный 2,525729 0,000214
поражающий 3,506558 0,000297
порога 3,218876 0,000273
пород 1,897120 0,000322
порт 0,941609 0,000160
порта 1,309333 0,000111
портал 0,342490 0,000058
портала 2,995732 0,000762
порханов 3,912023 0,000332
порядковые 1,714798 0,000145
пос 2,040221 0,000346
посвятила 3,912023 0,000332
посвящена 2,407946 0,000204
посвященный 1,660731 0,000141
посвященных 1,966113 0,000167
поселение 1,309333 0,000555
поселений 0,798508 0,000541
поселения 0,941609 0,000080
поселениям 0,967584 0,000082
поселкам 0,891598 0,000076
поселки 1,347074 0,000114
поселком 3,218876 0,000273
посетителей 1,966113 0,000167
посетители 3,506558 0,000297
посещал 2,995732 0,000254
посещений 2,659260 0,000225
послевоенное 2,659260 0,000225
послевоенные 1,832581 0,000155
последнего 1,609438 0,000136
последний -0,009950 -0,000002
последним 2,040221 0,000173
последняя 0,342490 0,000029
последовали 3,506558 0,000297
послужила 2,659260 0,000225
посмотреть 2,813411 0,000238
пособниками 3,912023 0,000332
поспелов 1,021651 0,000173
постамента 3,218876 0,000273
постановлением 1,469676 0,000249
постановления 2,302585 0,000195
постиндустриальная 3,912023 0,000332
постовой 3,506558 0,000297
постоянного 0,693147 0,000587
постоянным 2,302585 0,000195
построен 0,798508 0,000068
построена 0,916291 0,000078
построенная 1,897120 0,000161
построено 0,867501 0,000221
построены 1,021651 0,000087
построить 1,427116 0,000242
поступлением 3,218876 0,000273
посуда 3,912023 0,000332
посудацентр 3,912023 0,000332
потенциал 1,347074 0,000114
поток 1,660731 0,000141
потоками 2,813411 0,000238
потребительском 2,995732 0,000254
потрясений 2,813411 0,000238
потянуло 3,912023 0,000332
поход 1,897120 0,000161
похода 1,897120 0,000322
почве 2,813411 0,000238
почему 0,000000 0,000000
почетное 1,560648 0,000397
почетные 1,108663 0,000376
почетный 1,469676 0,000249
почтовой 2,040221 0,000173
почтовые 1,469676 0,000125
почтовый 1,108663 0,000094
поэт 1,897120 0,000804
поэтапная 3,506558 0,000297
появились 0,579818 0,000049
появился 0,693147 0,000117
появится 1,832581 0,000311
появления 1,514128 0,000128
появляется 1,560648 0,000132
пояс 0,693147 0,000176
поясов 2,813411 0,000238
ппонежукайское 3,912023 0,000332
права 0,755023 0,000128
правда 0,891598 0,000151
правде 3,506558 0,000297
правды 2,302585 0,000195
правилами 1,771957 0,000150
правильно 2,302585 0,000195
правительстве 1,966113 0,000667
править -0,009950 -0,000002
правка 0,328504 0,000028
правкиновые -0,009950 -0,000001
правкипостоянная -0,009950 -0,000001
правокубанский 3,912023 0,000332
правом 1,171183 0,000199
православный 2,120264 0,000359
правосудия 2,407946 0,000204
правый 1,386294 0,000117
празднования 1,832581 0,000311
практически 0,755023 0,000192
превратился 2,407946 0,000204
превысила 2,207275 0,000187
превысило 1,966113 0,000167
превышает 0,967584 0,000164
превышение 2,040221 0,000346
превышенные 3,912023 0,000332
предварительная 3,218876 0,000273
предварительные 2,659260 0,000225
пределами 1,714798 0,000145
пределах 0,510826 0,000087
предкубчероблревкома 3,912023 0,000332
предложили 2,207275 0,000187
предметом 1,560648 0,000132
предмету 2,995732 0,000254
предоставлять 2,813411 0,000238
предоставляют 1,427116 0,000121
предоставляющая 2,995732 0,000254
предписывало 3,912023 0,000332
предполагает 1,832581 0,000155
предполагала 3,912023 0,000332
предпринимателей 2,040221 0,000173
предприниматель 2,302585 0,000195
предпринимательства 1,714798 0,000145
предприятие 1,237874 0,000210
предприятии 2,813411 0,000238
предприятий 0,713350 0,000544
предприятия 0,713350 0,000484
предприятиям 2,302585 0,000195
предприятиями 1,660731 0,000282
председ 1,203973 0,000102
председатель 1,347074 0,000114
представил 2,995732 0,000254
представились -0,009950 -0,000001
представительства 1,386294 0,000117
представлен 0,891598 0,000076
представлена 1,171183 0,000199
представленной 3,218876 0,000273
представленным 3,506558 0,000297
представляет 0,446287 0,000076
представляющая 2,995732 0,000254
предусматривает 2,120264 0,000180
предыдущим 2,302585 0,000195
прежнее 2,120264 0,000180
прежние 1,171183 0,000199
президент 1,386294 0,000235
преимущества 2,525729 0,000214
прекращении 2,813411 0,000238
премии 1,714798 0,000145
премию 1,966113 0,000167
премьер 2,407946 0,000204
премьер-лига 3,218876 0,000273
премьера 2,995732 0,000762
преобладают 1,203973 0,000102
преобладающих 2,525729 0,000214
преобразилась 3,912023 0,000332
пресса 2,120264 0,000180
прессе 2,995732 0,000254
прессы 2,040221 0,000173
преступления 2,040221 0,000346
приближается 2,995732 0,000254
приборов 2,120264 0,000180
приборостроения 2,525729 0,000428
прибрежных 2,302585 0,000195
прибыльное 3,912023 0,000332
привалова 3,912023 0,000332
привлекает 2,813411 0,000238
пригородное 1,966113 0,000167
пригородные 1,469676 0,000125
пригородный 2,407946 0,000408
пригородных 1,609438 0,000273
приезда 3,912023 0,000332
признавался 3,912023 0,000332
признан 1,427116 0,000121
признана 2,040221 0,000173
признанное 2,407946 0,000204
прикладные 2,040221 0,000173
прикладных 2,120264 0,000359
прикубанский 3,912023 0,000995
прикубанской 3,912023 0,000332
прикубанском 3,912023 0,000332
прикубанскому 3,912023 0,000663
прилегающими 2,407946 0,000204
прилегающих 2,040221 0,000173
приложение 1,309333 0,000111
примененного 3,506558 0,000297
применяемого 0,843970 0,000072
применяемым 0,941609 0,000080
применяемых 2,995732 0,000254
пример 1,171183 0,000298
примерно 0,634878 0,000108
примерное 3,506558 0,000297
примеров 2,120264 0,000719
примером 1,966113 0,000167
приметы 3,506558 0,000297
примечания -0,009950 -0,000002
примечанияхвикипедия 2,407946 0,000204
приморско-ахтарск 2,659260 0,000225
приморско-ахтарский 3,218876 0,000273
принадлежит 1,203973 0,000204
принадлежности 1,514128 0,000257
принадлежность 1,609438 0,000136
принимает 1,469676 0,000249
принял 1,272966 0,000108
принят 1,427116 0,000242
принятия 2,120264 0,000180
принято 0,713350 0,000060
приостановке 3,506558 0,000297
природно-исторический 3,912023 0,000332
природными 2,659260 0,000225
природных 1,108663 0,000188
природы 1,021651 0,000173
присвоено 1,078810 0,000091
присоединил 3,218876 0,000273
приходилось 1,660731 0,000141
приходится 0,776529 0,000132
приходящаяся 3,506558 0,000297
причиной 1,469676 0,000125
пришел 1,714798 0,000145
пробках 3,218876 0,000273
пробки 2,659260 0,000225
проблем 0,798508 0,000068
проблема 1,237874 0,000105
проблемный 3,912023 0,000332
проблемой 1,660731 0,000141
проблемы 0,544727 0,000046
пробок 3,218876 0,000273
проведена 1,832581 0,000155
проведение 1,660731 0,000282
проведением 2,995732 0,000254
проведения 0,843970 0,000072
проведенного 2,302585 0,000195
проведенной 2,525729 0,000214
проверенная 1,049822 0,000089
проверьте 3,506558 0,000297
проверяема 0,967584 0,000082
провиантского 3,912023 0,000332
провинция 2,120264 0,000180
прогноза 3,506558 0,000297
программа 0,994252 0,000084
программе 1,771957 0,000150
программы 0,713350 0,000060
продаваемых 3,506558 0,000297
продолжал 2,525729 0,000214
продолжают 2,040221 0,000173
продолжительность 1,171183 0,000099
продольно-фрезерных 3,912023 0,000332
продукт 1,660731 0,000141
продуктов 1,237874 0,000210
продукту 3,912023 0,000332
продукция 2,120264 0,000180
проездных 3,912023 0,000332
проект 0,400478 0,000102
проекта 0,616186 0,000104
проектах -0,009950 -0,000001
проектахмедиафайлы 2,525729 0,000214
проектирование 2,120264 0,000180
проектированием 3,506558 0,000297
проектированию 3,218876 0,000273
проектирования 2,525729 0,000214
проектный 2,813411 0,000238
проекту 1,049822 0,000267
проекты 1,108663 0,000094
проживает 1,771957 0,000150
проживали 1,660731 0,000141
проживало 1,514128 0,000257
прозаик 3,506558 0,000297
произвел 2,813411 0,000238
производителей 1,897120 0,000161
производителя 2,995732 0,000254
производств 1,832581 0,000155
производства 0,616186 0,000470
производстве 2,302585 0,000390
производственно-хозяйственной 3,912023 0,000332
производственные 2,407946 0,000204
производственных 2,407946 0,000612
производство 0,941609 0,001516
производству 1,427116 0,000242
производящих 3,218876 0,000273
произвольный 3,218876 0,000273
произошел 1,171183 0,000099
произошли 1,832581 0,000155
произошло 0,733969 0,000062
происшествия 2,995732 0,000254
прокофьевич 3,218876 0,000273
прокуратуры 2,813411 0,000238
промышленного 1,171183 0,000099
промышленное 1,660731 0,000141
промышленной 1,309333 0,000111
промышленном 2,207275 0,000187
промышленности 0,579818 0,000246
промышленность 0,693147 0,000352
промышленные 1,171183 0,000099
промышленный 1,203973 0,000204
промышленным 1,660731 0,000141
промышленными 1,897120 0,000161
промышленных 0,916291 0,000233
прорывала 3,912023 0,000332
просмотры -0,009950 -0,000001
пространство 1,203973 0,000102
протекает 1,609438 0,000136
противном 2,813411 0,000238
протока 2,525729 0,000214
протокола 2,120264 0,000180
протяженность 0,941609 0,000399
протянулся 2,407946 0,000204
проф 1,771957 0,000300
профессиональная 2,302585 0,000195
профессионального 1,427116 0,000363
профессиональные 1,832581 0,000311
профессора 1,660731 0,000141
проходят 0,941609 0,000080
проходящие 2,813411 0,000238
процесс 1,108663 0,000094
процессами 2,302585 0,000195
процессе 1,309333 0,000222
прочее 0,653926 0,000055
прочноокопская 3,912023 0,000332
прошедшие 2,302585 0,000195
прошедших 2,813411 0,000238
прошлым 3,218876 0,000273
прыгун 3,912023 0,000332
прыжкам 2,525729 0,000214
прыжки 2,995732 0,000254
прыжков 3,912023 0,000332
прямо 1,714798 0,000145
прямой 1,347074 0,000114
прямоугольное 1,771957 0,000150
псов 3,912023 0,000332
псхк 3,912023 0,000332
псыж 3,912023 0,000332
публиковались 3,506558 0,000297
публикуемые 3,506558 0,000297
пулково 2,995732 0,000254
пунктами 1,897120 0,000643
пунктов 0,653926 0,000443
пункты 0,616186 0,000313
пустили 3,218876 0,000273
путать 1,771957 0,000150
путеводитель 0,713350 0,000121
путевому 3,912023 0,000332
путей 0,916291 0,000078
пути 0,693147 0,000117
пушкина 1,139434 0,000193
пушкинская 2,659260 0,000225
пшеничную 3,912023 0,000332
пылеулавливающего 3,912023 0,000332
пятерку 2,302585 0,000195
пятерочка 1,832581 0,000155
пяти 1,203973 0,000102
пятница 1,771957 0,000150
пятое 2,207275 0,000187
пятый 1,427116 0,000121
работ 0,941609 0,000239
работа 0,891598 0,000076
работает 0,755023 0,000064
работали 1,469676 0,000249
работать 1,108663 0,000094
работают 0,673345 0,000285
работник 2,525729 0,001927
работников 1,469676 0,000125
работы 0,314711 0,000080
рабочие 1,832581 0,000155
рабочих 1,108663 0,000094
равен 2,120264 0,000180
равнины 1,309333 0,000333
равновеликих 2,995732 0,000254
равномерным 3,912023 0,000332
рагозина 3,912023 0,000332
радио 0,891598 0,000378
радиовещание 1,771957 0,000150
радиовещательная 2,207275 0,000187
радиоизмерительных 3,912023 0,000332
радиоканал 2,302585 0,000195
радиостанции 1,347074 0,000228
радиостанций 1,771957 0,000150
радиотелевизионный 3,506558 0,000297
раза 0,867501 0,000588
разбивку 3,912023 0,000332
разбита 2,995732 0,000254
развернута 2,813411 0,000238
развивать 2,659260 0,000225
развиваться 1,469676 0,000125
развивающееся 3,912023 0,000332
развивающихся 2,407946 0,000204
развитие 0,314711 0,000160
развитием 1,171183 0,000099
развитии 1,078810 0,000274
развития 0,287682 0,000414
развиты 1,714798 0,000145
развлекательном 3,506558 0,000297
развлекательным 3,506558 0,000297
развлечений 2,659260 0,001127
раздела 1,514128 0,000128
разделами 0,891598 0,000076
разделах 2,995732 0,000254
разделе 0,776529 0,000132
разделен 1,171183 0,000199
разделении 2,525729 0,000214
разделенный 2,659260 0,000225
различной 2,040221 0,000173
различных 0,385662 0,000033
размежевание 3,912023 0,000332
разместился 3,218876 0,000273
размещен 2,302585 0,000195
размещения 0,843970 0,000215
разного 2,407946 0,000204
разные 1,139434 0,000097
разных 0,510826 0,000087
разорвал 2,525729 0,000214
разработан 1,347074 0,000114
разработка 1,347074 0,000114
разработку 1,897120 0,000322
разработчики -0,009950 -0,000001
разрешения 2,659260 0,000225
разрушен 2,120264 0,000180
разрушенный 2,813411 0,000238
разрушительной 3,912023 0,000332
разъезд 2,995732 0,000508
раиса 3,912023 0,000332
райисполкома 3,218876 0,000546
район 0,597837 0,000253
района 0,673345 0,000057
районам 0,820981 0,000139
районах 0,941609 0,000319
районе 0,527633 0,000358
районных 2,120264 0,000180
районов 0,562119 0,000476
районы 0,653926 0,000111
райцентров 0,941609 0,000080
ракета 2,525729 0,000214
рамках 0,544727 0,000046
ранее 0,430783 0,000146
ранения 2,995732 0,000254
раппа 3,912023 0,000663
располагается 0,994252 0,000337
располагался 1,660731 0,000141
расположен 0,733969 0,000498
расположена 0,916291 0,000311
расположенный 1,203973 0,000102
расположенными 2,659260 0,000225
расположенных 1,427116 0,000242
расположены 0,673345 0,000228
распоряжение 1,609438 0,000136
распоряжения 2,813411 0,000238
распределение 1,560648 0,000132
распределения 2,659260 0,000225
распределенные 1,514128 0,000128
распределены 1,771957 0,000150
рассадники 3,912023 0,000332
рассмотрения 2,525729 0,000214
расстояние 0,843970 0,000143
расстояний 1,469676 0,000125
рассчитана 3,506558 0,000297
рассчитывали 3,506558 0,000297
растений 1,386294 0,000352
расти 2,040221 0,000173
растительное 3,218876 0,000273
растительностью 2,525729 0,000214
растущей 3,912023 0,000332
расчет 1,386294 0,000117
расчете 2,302585 0,000195
расширена 2,407946 0,000204
расширение 0,527633 0,000045
расширено 3,912023 0,000332
расшифровка 3,506558 0,000297
рашпилевской 3,912023 0,000332
рбк 1,386294 0,001057
рбк-рейтинг 3,912023 0,000332
реализации 0,994252 0,000169
реализацию 2,525729 0,000428
реализует 2,659260 0,000225
реалии 3,218876 0,000273
революции 0,693147 0,000059
революционное 2,995732 0,000254
революционному 3,912023 0,000332
регби 2,302585 0,000195
регбийный 2,995732 0,000254
регион 1,021651 0,000087
региона 0,776529 0,000263
регионального 1,108663 0,000282
региональные 1,171183 0,000099
региональный 1,347074 0,000228
региональных 1,203973 0,000204
регионами 2,302585 0,000195
регионах 1,771957 0,000300
регионе 1,049822 0,000089
регионов 0,941609 0,000399
регулирования 2,813411 0,000238
регулировать 3,506558 0,000297
регулярные 1,514128 0,000385
ред 0,235722 0,000080
редактирования 1,897120 0,000161
редких 2,407946 0,000204
реестр 1,469676 0,000249
режим 1,108663 0,000094
резиденция 2,207275 0,000187
резиновых 2,995732 0,000508
резкий 2,813411 0,000238
резко 0,967584 0,000082
резонансные 3,506558 0,000594
результатам 1,049822 0,000178
результатами 2,813411 0,000238
результатах 2,525729 0,000214
результате 0,342490 0,000058
рейсовом 3,912023 0,000332
рейсы 1,427116 0,000121
рейтинг 1,272966 0,000755
рейтинга 1,832581 0,000311
рейтинге 1,203973 0,001939
рейтинги 2,302585 0,000781
рейтинговое 2,407946 0,000204
рейтинговую 2,995732 0,000254
рейтингу 2,407946 0,000408
река 0,733969 0,000435
реке 0,713350 0,000121
реки 0,462035 0,000117
рекой 1,714798 0,000291
рекомендации 0,843970 0,000143
реконструированным 3,218876 0,000273
реконструкции 0,967584 0,000082
реконструкцию 2,040221 0,000692
реконструкция 1,203973 0,000408
рекреационные 2,659260 0,000225
ректор 2,659260 0,000902
реку 1,171183 0,000298
религия 0,843970 0,000072
рельеф 0,941609 0,000080
рельефа 1,514128 0,000128
ремесел 2,995732 0,000508
ремонт 1,714798 0,000145
рен 1,660731 0,000141
репина 2,813411 0,000238
репортер 2,120264 0,000180
республика 0,843970 0,000286
республике 1,714798 0,000145
республики 0,916291 0,000621
реставрации 2,525729 0,000214
ресторан 2,302585 0,000195
ресурсов 0,798508 0,000203
ресурсы 0,020203 0,000003
рец 3,506558 0,000297
речного 1,139434 0,000097
речной 0,916291 0,000544
решение 0,755023 0,000192
решением 1,078810 0,000091
решения 0,967584 0,000082
решено 2,120264 0,000180
решетняк 3,912023 0,000332
риа 1,049822 0,000089
римар 3,912023 0,000332
римского 3,218876 0,000273
рис-сырец 3,912023 0,000332
рка 0,000000 0,000000
ркка 1,966113 0,000167
ровный 3,912023 0,000663
рогивское 3,912023 0,000332
роговское 3,912023 0,000332
родной 1,897120 0,000161
родственных 0,755023 0,000064
рождения 1,514128 0,000128
роза 1,021651 0,000087
розничной 1,514128 0,001027
роккель 3,912023 0,000332
рокс-регион 3,912023 0,000332
роль 0,579818 0,000049
роскосмос 3,912023 0,000332
росреестр 2,813411 0,000238
россии 0,186330 0,001405
россиигорода 1,309333 0,000222
россиигорода-миллионеры 2,813411 0,000238
российская 0,186330 0,000111
российские 0,994252 0,000169
российский 0,634878 0,001722
российских 0,733969 0,000684
российского 0,634878 0,000269
российской 0,385662 0,000915
россия 0,371064 0,000189
росспэн 0,994252 0,000084
росстат 0,776529 0,000461
росстата 2,207275 0,000374
росстатом 3,506558 0,000594
рост 0,967584 0,000246
роста 1,386294 0,000235
ростов 2,120264 0,000180
ростов-на-дону 1,237874 0,000420
ростове-на-дону 3,506558 0,000594
ростовом-на-дону 3,218876 0,000546
ростовского 2,995732 0,000254
ростовскую 3,506558 0,000594
ростовчан 3,506558 0,000297
роща 1,514128 0,000385
рощи 2,659260 0,000225
рпл 3,912023 0,000332
рсфср 0,733969 0,000622
ртрс 1,514128 0,000513
руб 1,171183 0,000199
рубеж 2,525729 0,000214
рубежанского 3,912023 0,000332
рубили 3,912023 0,000332
рублей 0,755023 0,000704
ружье 3,506558 0,000297
рук 2,040221 0,000173
рукав 3,506558 0,000297
руководил 2,407946 0,000204
руководители 2,302585 0,000195
руководитель 1,966113 0,000333
руководством 0,941609 0,000080
рукопашного 3,912023 0,000332
рулежная 3,912023 0,000332
румыны 1,897120 0,000161
рус 0,162519 0,001157
русины 2,302585 0,000195
русиньскыйсаха 0,000000 0,000000
русла 2,302585 0,000585
русло 1,897120 0,000161
русские 0,544727 0,000139
русский -0,009950 -0,000004
русско-турецкой 2,659260 0,000225
рутульцы 1,897120 0,000161
ручкина 3,912023 0,000332
рцы 0,000000 0,000000
рыжков 3,506558 0,000297
рынка 1,237874 0,000105
рынке 1,609438 0,000136
рынок 1,021651 0,000173
ряд 0,385662 0,000033
рядом 0,733969 0,000187
с-в 0,000000 0,000000
с-з 0,000000 0,000000
савинович 3,912023 0,000332
сад 1,108663 0,001222
сад-питомник 3,912023 0,000332
сада 1,832581 0,000777
садовод 3,912023 0,000332
саду 1,660731 0,000704
сады 1,660731 0,000141
сайт 0,371064 0,000252
сайте 0,967584 0,000082
сайту 3,218876 0,000273
сайты 0,478036 0,000041
салон 2,813411 0,000238
сама 1,469676 0,000125
самара 0,891598 0,000076
самары 2,659260 0,000225
самая 0,798508 0,000068
самир 3,912023 0,000332
самого 0,891598 0,000076
самое 0,994252 0,000084
самой 0,916291 0,000078
самойленко 3,912023 0,000332
самолетов 2,120264 0,000180
самонин 3,912023 0,000332
самостроя 3,912023 0,000332
самоуправления 0,994252 0,000084
самсон 3,912023 0,000663
самые 1,021651 0,000260
самый 0,579818 0,000295
самым 0,653926 0,000111
самыми 1,832581 0,000155
самых 0,544727 0,000554
санкт-петербург 0,776529 0,000132
санкт-петербурга 1,514128 0,000257
санкт-петербурге 1,771957 0,000150
санкт-петербургского 2,207275 0,000187
сантал 3,912023 0,000332
санторини 3,912023 0,000332
сараево 2,995732 0,000508
сары-тюз 3,912023 0,000332
сатурн 2,659260 0,000225
сафари-парк 3,912023 0,000663
сахаристых 3,912023 0,000332
сбернпф 3,912023 0,000332
сбора 1,832581 0,000155
сборник 0,653926 0,000111
сброса 2,407946 0,000204
сбс 3,912023 0,000663
сбс-мегамолл 3,912023 0,000332
сведения 0,867501 0,000147
сверху 1,347074 0,000228
светильников 3,218876 0,000546
светомузыкальных 3,912023 0,000332
светофор 2,995732 0,000254
свидание 3,218876 0,000273
свобода 1,771957 0,000150
свободной -0,009950 -0,000001
свое 0,616186 0,000104
своего 0,776529 0,000066
своей 0,776529 0,000066
свойство 0,653926 0,000055
сворачивая 3,912023 0,000332
свх 3,912023 0,000332
свыше 0,891598 0,000378
свяжитесь -0,009950 -0,000001
связанных 1,171183 0,000099
связано 1,078810 0,000091
связей 1,560648 0,000265
связи 0,235722 0,000140
связь 0,616186 0,000104
свято-екатерининский 3,912023 0,000663
свято-троицкий 2,407946 0,000204
север-скийрайон 3,912023 0,000332
севера 0,941609 0,000080
северная 1,078810 0,000091
севернее 1,966113 0,000167
северного 1,021651 0,000087
северной 0,693147 0,000117
северном 1,469676 0,000125
северо-восточных 3,506558 0,000297
северо-западу 3,218876 0,000273
северо-кавказский 2,659260 0,000451
северо-кавказского 2,813411 0,000477
северский 3,218876 0,000273
сегодня 0,616186 0,000052
седина 3,912023 0,000663
седьмую 3,506558 0,000297
сезон 1,347074 0,000114
сезоне 2,813411 0,000238
сезонных 2,525729 0,000214
сезоны 2,407946 0,000204
сей 1,660731 0,000141
сейсмические 3,218876 0,000273
сейсмической 3,506558 0,000297
секторе 1,771957 0,000150
сектору 3,506558 0,000297
селения 2,525729 0,000642
селенияизначально 3,912023 0,000332
селениякраснодарнаселенные 3,912023 0,000332
селиться 2,525729 0,000214
село 1,469676 0,000125
сельские 2,407946 0,000204
сельским 3,218876 0,000273
сельскими 2,813411 0,001192
сельских 0,776529 0,000790
сельского 1,347074 0,000228
сельское 1,427116 0,000605
сельскохозяйственный 2,040221 0,000346
сельхозтехника 2,995732 0,000254
сельхозтехники 3,218876 0,000273
семанов 3,912023 0,000332
семен 1,966113 0,000167
семенко 3,912023 0,000332
семенович 2,407946 0,000204
семеновичем 3,912023 0,000332
семеном 2,995732 0,000254
семинария 1,469676 0,000125
семье 2,525729 0,000214
сенегал 3,218876 0,000273
сент 0,843970 0,000072
сентябре 0,994252 0,000169
сентябрь 1,309333 0,000111
сентября 0,072571 0,000431
сепарационное 3,912023 0,000332
сербы 1,897120 0,000161
сергей 0,967584 0,000082
сергея 1,469676 0,000125
сергиевское 3,218876 0,000273
сердцевой 3,912023 0,000332
сердюков 3,506558 0,000297
середине 0,562119 0,000095
середины 0,967584 0,000164
серий 2,995732 0,000254
серова 2,659260 0,000225
сертифицирован 3,912023 0,000332
сестринского 3,912023 0,000332
сетей 1,272966 0,000108
сети 0,494296 0,000126
сеть 0,616186 0,000209
сетях 1,139434 0,000097
сечь 3,912023 0,000663
силой 2,407946 0,000204
сильных 1,771957 0,000150
символика 1,272966 0,000216
символики 2,659260 0,000225
символическое 3,912023 0,000332
симферополя 2,995732 0,000254
сириус 2,995732 0,000254
систем 0,798508 0,000068
система 0,235722 0,000020
системе 0,733969 0,000124
системеобсуждениевкладсоздать -0,009950 -0,000001
системой 1,309333 0,000111
системы 0,342490 0,000058
сити-центр 3,506558 0,000297
ситуацию 1,771957 0,000150
ситуация 1,469676 0,000249
скалодром 3,506558 0,000297
скартел 2,995732 0,000254
скачать -0,009950 -0,000001
сквер 1,203973 0,000102
скейт-парк 3,912023 0,000332
скжд 3,912023 0,000332
скзниисив 3,912023 0,001658
скиф 3,218876 0,000273
склада 3,506558 0,000297
сколько 0,653926 0,000055
скорости 1,897120 0,000643
скоростного 1,897120 0,000322
скоростной 2,120264 0,000180
скульптор 1,427116 0,000121
скульптура 1,171183 0,000099
скульптурная 2,407946 0,000204
скульптуру 3,506558 0,000297
скульптуры 1,609438 0,000136
слабо 1,966113 0,000167
славься 3,912023 0,000663
славянск-на-кубани 3,506558 0,001189
славянский 2,302585 0,000195
слева 1,108663 0,000094
следило 3,912023 0,000332
следом 3,218876 0,000273
следствие 1,832581 0,000311
следствием 2,995732 0,000254
следует 0,755023 0,000064
следующие 0,544727 0,000139
следующих 1,386294 0,000235
слепых 1,832581 0,000155
слесарей 3,912023 0,000332
слов 1,560648 0,000132
слова 0,562119 0,000048
словари 0,116534 0,000020
словарь 0,274437 0,000093
словаря 2,407946 0,000204
сложным 0,867501 0,000074
слоном 3,912023 0,000332
служба 0,693147 0,000352
службы 0,798508 0,000068
служившим 3,912023 0,000332
случае 0,843970 0,000072
случайности 3,506558 0,000297
случаются 2,302585 0,000195
случаях -0,009950 -0,000001
сменивший 3,218876 0,000273
смещение 0,798508 0,000068
сми 0,867501 0,000294
смотровые 3,912023 0,000332
смысловые 3,912023 0,000663
снежного 1,966113 0,000167
снесарев 3,912023 0,000332
снимок 2,040221 0,000173
сноскамистраницы 2,995732 0,000254
сносках 2,302585 0,000195
сноске 1,897120 0,000161
сносок 0,843970 0,000143
снять 2,813411 0,000238
собачкина 3,912023 0,000995
собачкиной 3,912023 0,000332
собой 0,328504 0,000084
собор 0,755023 0,000384
собраний 3,218876 0,000273
собрано 3,218876 0,000273
собственного 1,427116 0,000121
собственной 1,660731 0,000141
собственные 1,469676 0,000125
событияпожертвовать -0,009950 -0,000001
совета 0,798508 0,000068
советник 2,525729 0,000214
советов 0,820981 0,000070
советская 0,371064 0,000094
советский 0,755023 0,001088
советских 1,386294 0,000117
советского 0,776529 0,000724
советской 0,755023 0,000064
совмещать 3,506558 0,000297
совокупному 2,407946 0,000204
современного 0,653926 0,000166
современной 0,579818 0,000098
современность 1,609438 0,000136
современные 0,916291 0,000078
современный 0,967584 0,000328
современных 0,713350 0,000060
совхоза 2,813411 0,000238
согласно 0,301105 0,000383
содержание 0,010050 0,000003
содержанием 2,407946 0,000204
содержаниемвикипедия 2,995732 0,000254
содержанию 2,995732 0,000254
соединений 2,120264 0,000180
соединяющее 3,912023 0,000332
соединяющей 3,506558 0,000297
соединяющий 2,525729 0,000214
создай 3,912023 0,000332
создан 0,693147 0,000059
создание 0,733969 0,000187
созданием 2,120264 0,000180
создании 1,203973 0,000102
созданное 2,407946 0,000204
создано 1,347074 0,000114
созданы 1,078810 0,000091
создателя 3,218876 0,000273
создать 1,171183 0,000099
соколова 2,525729 0,000214
солдатам 2,995732 0,000254
солнечный 0,843970 0,000358
солнце 1,714798 0,000145
солнцем 2,407946 0,000204
соловьев 2,040221 0,000173
солод 3,912023 0,000332
соломки 3,912023 0,000332
сообщение 1,049822 0,000089
сообщения 0,820981 0,000070
сообщениям 3,912023 0,000332
сообщить -0,009950 -0,000001
сооружения 0,941609 0,000239
сооруженный 3,912023 0,000332
соответственно 1,021651 0,000087
соответствие 2,302585 0,000195
соответствии 0,446287 0,000076
сопоставимой 3,912023 0,000332
сорок 2,407946 0,000204
сост 0,597837 0,000051
состав 0,400478 0,000339
составе 0,616186 0,000104
составил 0,916291 0,000311
составили 1,660731 0,000141
составило 1,272966 0,000108
составлен 1,771957 0,000150
составленный 2,407946 0,000204
составляет 0,314711 0,000213
составят 2,813411 0,000238
состоит 0,755023 0,000064
состоялось 1,171183 0,000199
состоялся 1,237874 0,000105
состоянию 0,544727 0,000231
состоящее 2,659260 0,000225
состоящие 2,813411 0,000238
состоящими 3,912023 0,000332
сотовая 2,525729 0,000214
сотовой 1,469676 0,000498
соул 3,912023 0,000332
сохранением -0,009950 -0,000002
сохранности 3,218876 0,000273
социалистического 2,302585 0,000585
социально-информационных 3,912023 0,000332
социально-экономического 1,237874 0,000420
социального 1,966113 0,000167
социальной 1,386294 0,000352
социальных 0,941609 0,000160
социоэкономики 3,912023 0,000332
сочи 1,514128 0,000642
союз 1,203973 0,000102
союза 0,733969 0,000871
спальными 3,912023 0,000332
спартак 1,771957 0,000150
спас 1,897120 0,000161
спб 0,385662 0,000033
специализированных 1,514128 0,000128
специалист-психолог 3,912023 0,000332
специальная 1,771957 0,000150
специальное 2,040221 0,000173
списка 1,469676 0,000125
списками 2,525729 0,000428
списке 1,966113 0,000333
список 0,248461 0,000168
спо 3,506558 0,001486
спокойный 3,912023 0,000332
спорной 2,120264 0,000180
спорную 2,040221 0,000346
споров 3,218876 0,000546
спорт 0,776529 0,000197
спорта 0,916291 0,000621
спортивные 1,078810 0,000274
спортивный 1,514128 0,000128
спортивных 1,108663 0,000094
спорткомплекс 2,525729 0,000856
способа 2,659260 0,000225
справочник 0,916291 0,000311
справочнике 3,218876 0,000273
спроса 2,995732 0,000508
спрямляя 3,912023 0,000332
спутник 2,207275 0,000187
спутниковой 2,995732 0,000254
спутниковый 2,813411 0,000238
сработали 3,912023 0,000332
сравнению 1,078810 0,000274
сравнения 1,966113 0,000167
сравни 3,506558 0,000892
среди 0,198451 0,000252
среднего 1,049822 0,000089
среднегодовая 1,078810 0,000091
средней 0,867501 0,000147
среднем 0,693147 0,000117
средние 0,941609 0,000160
средний 0,494296 0,000126
средним 1,832581 0,000311
средними 2,659260 0,000451
средняя 0,510826 0,000087
средств 0,597837 0,000152
средства 0,415515 0,000176
среды 0,755023 0,000256
срок 1,237874 0,000105
српски 0,000000 0,000000
српскохрватски 0,000000 0,000000
сср 0,820981 0,000070
ссср 0,314711 0,000400
ссылка 0,274437 0,000093
ссылками 0,186330 0,000032
ссылкасведения -0,009950 -0,000001
ссылки -0,009950 -0,000008
ссылок 0,693147 0,000117
стабильная 0,994252 0,000084
стабильно 2,407946 0,000204
ставрополь 2,207275 0,000374
ставропольская 2,995732 0,000254
ставший 1,832581 0,000155
ставшим 3,506558 0,000297
стадион 1,108663 0,000564
стадиона 1,832581 0,000155
стал 0,314711 0,000347
стала 0,462035 0,000039
стали 0,430783 0,000183
стало 0,494296 0,000042
стандарта 2,120264 0,000180
стандартом 2,302585 0,000195
стандарты 1,966113 0,000167
станица 2,813411 0,000238
станицаелизаветинская 3,912023 0,000332
станицы 2,659260 0,000451
станков 2,995732 0,000254
станкостроения 3,506558 0,000594
станкостроительный 2,659260 0,000451
станкостроительных 3,912023 0,000332
становится 0,527633 0,000045
становления 1,609438 0,000136
станции 0,693147 0,000176
старая 0,430783 0,000219
старейший 1,609438 0,000136
старицы 3,218876 0,000546
старо-бжегокай-скоес 3,912023 0,000332
старобжегокай 3,912023 0,000332
старокорсунская 3,912023 0,001326
старокорсунский 3,912023 0,000995
староминский 3,506558 0,000297
старшина 3,506558 0,000297
статей 0,967584 0,000082
статистика -0,009950 -0,000002
статистике 0,916291 0,000078
статистики 0,713350 0,000302
статистические 2,407946 0,000204
статистический 0,755023 0,000960
статистических 2,040221 0,000173
статистическое 0,994252 0,000084
статус 0,510826 0,000216
статуса 1,309333 0,000111
статусе 1,560648 0,000265
статусом 1,171183 0,000099
стать 1,203973 0,000102
статье 0,941609 0,000239
статьи 0,072571 0,000129
статьислучайная -0,009950 -0,000001
статьисообществофорумсправкасвежие -0,009950 -0,000001
статью 0,616186 0,000157
статья 0,105361 0,000080
статьяобсуждение -0,009950 -0,000001
статьятекущие -0,009950 -0,000001
стена 2,407946 0,000204
стены 1,771957 0,000150
степан 2,407946 0,000204
степанович 2,525729 0,000214
степанцов 3,912023 0,000332
степени 0,843970 0,000072
стереотип 1,514128 0,000128
стиле 0,994252 0,000169
стиль 1,714798 0,000145
стихотворение 2,525729 0,000214
стихотворений 3,506558 0,000297
стихотворения 2,995732 0,000254
стоимость 1,237874 0,000105
стоимостью 2,207275 0,000187
сток 2,120264 0,000180
стока 1,897120 0,000161
столиками 3,912023 0,000332
столиц 2,120264 0,000359
столица 0,967584 0,000656
столице 2,120264 0,000180
столицей 1,171183 0,000496
столицы 1,049822 0,000089
столичные 2,659260 0,000225
столичный 3,218876 0,000546
столплит 3,506558 0,000297
сторонам 2,302585 0,000195
стоят 2,302585 0,000195
стр 1,309333 0,000111
страдает 2,995732 0,000254
стран 0,597837 0,000051
стран-сателлитов 3,912023 0,000332
страна 0,462035 0,000157
странах 1,560648 0,000132
страница -0,009950 -0,000003
страницасодержаниеизбранные -0,009950 -0,000001
страницецитировать -0,009950 -0,000001
страницуполучить -0,009950 -0,000001
страницы -0,009950 -0,000005
страницыслужебные -0,009950 -0,000001
страны 0,634878 0,000161
стратегии 2,040221 0,000173
строек 3,506558 0,000297
строитель 1,897120 0,000482
строительной 2,120264 0,000180
строительных 1,427116 0,000242
строительства 0,673345 0,000342
строительство 0,510826 0,000433
строительством 1,714798 0,000291
строить 1,832581 0,000311
строке 1,609438 0,000136
стронский 3,912023 0,000332
строятся 1,714798 0,000145
струй 3,506558 0,000297
структуре 1,272966 0,000216
структурные 2,995732 0,000254
стс 1,714798 0,000145
суббота 2,120264 0,000180
субтропических 2,813411 0,000238
субтропическому 3,218876 0,000546
субъект 0,820981 0,000070
субъектам 2,813411 0,000477
субъектов 0,755023 0,000192
судебный 3,218876 0,000273
султану 3,218876 0,000273
суммарной 2,120264 0,000180
сумму 2,207275 0,000187
суперлига 2,120264 0,000719
сургут 2,407946 0,000204
суслов 2,995732 0,000254
сути 2,120264 0,000180
суточный 0,820981 0,000139
сухому 3,506558 0,000297
сухум 2,659260 0,000225
сушеный 3,912023 0,000332
существовавшее 2,813411 0,000238
существовал 1,469676 0,000125
существуют 0,162519 0,000014
сфере 0,967584 0,000164
сферы 1,309333 0,000111
сформированные 3,218876 0,000273
схем 2,407946 0,000204
схема 1,386294 0,000235
схож 3,506558 0,000297
счет 0,673345 0,000114
сша 0,562119 0,000048
съесть 3,912023 0,000332
сытина 1,560648 0,000265
сюда 1,108663 0,000094
сюдасвязанные -0,009950 -0,000001
табасараны 1,832581 0,000155
табачных 3,912023 0,000332
табл 0,867501 0,000074
таблица 0,653926 0,000277
табличной 1,309333 0,000111
табрис 3,912023 0,000332
таврическим 3,912023 0,000332
таджики 1,347074 0,000114
таджикистан 2,407946 0,000204
также 0,000000 0,000000
такие 0,261365 0,000044
такими 1,660731 0,000141
таких 0,510826 0,000043
такого 1,237874 0,000105
такое 1,108663 0,000094
такси 1,021651 0,000087
талыши 1,897120 0,000161
тамань 2,813411 0,000238
танзанию 3,912023 0,000332
тара 3,218876 0,000273
тарасу 3,912023 0,000332
тарашкев 0,000000 0,000000
татарча 0,000000 0,000000
татары 0,798508 0,000135
татьяна 1,609438 0,000136
тахтамукайский 3,912023 0,000332
тахтамукайское 3,912023 0,000332
тахтамукайском 3,912023 0,000332
тбилисская 3,912023 0,000332
тбилисский 3,506558 0,000297
твердый 3,506558 0,000297
твк 2,040221 0,000173
творческое 2,995732 0,000254
твц 2,525729 0,000214
театр 0,713350 0,000786
театра 1,021651 0,000173
театрального 2,207275 0,000187
театральной 1,832581 0,000311
театры 0,941609 0,000239
тег 1,966113 0,000167
текла 3,912023 0,000332
текст -0,009950 -0,000002
текстильной 3,912023 0,000332
текстильных 3,912023 0,000332
текущей 2,407946 0,000204
текущем 0,544727 0,000046
текущим 1,771957 0,000150
теле 2,207275 0,000187
телевидение 0,967584 0,000574
телевизионная 1,714798 0,000145
телевизионный 2,040221 0,000346
телегида 3,912023 0,000332
телеграмма 3,506558 0,000297
телеканал 1,309333 0,000333
телеканала 2,407946 0,000204
телеканалов 1,386294 0,000235
телеканалы 1,966113 0,000333
телесемь 2,813411 0,000238
телеуты 2,995732 0,000254
телефона 2,659260 0,000451
телефонный 0,776529 0,000066
тема 1,897120 0,000161
тематические 0,510826 0,000043
тематических 2,995732 0,000254
темах 2,040221 0,000173
темижбекская 3,912023 0,000332
темноте 3,912023 0,000332
темп 2,302585 0,000195
темпам 2,659260 0,000451
температура 0,562119 0,000048
температурный 2,207275 0,000187
темрюк 2,525729 0,001070
темрюкский 3,218876 0,000273
тему 1,771957 0,000150
тензометрических 3,912023 0,000332
теплых 2,813411 0,000238
теракт 3,218876 0,000273
термина 0,400478 0,000136
терра 2,659260 0,000225
террасе 3,506558 0,000297
территориально 2,525729 0,000428
территориального 2,207275 0,000374
территориальных 0,776529 0,000263
территорией 1,469676 0,000125
территории 0,400478 0,000373
территорий 1,049822 0,000089
территорию 0,941609 0,000319
территория 0,755023 0,000192
территориями 1,897120 0,000161
террора 2,525729 0,000214
террористический 3,506558 0,000297
теучежский 3,912023 0,000332
тех 0,798508 0,000068
техника 1,660731 0,000141
техники 0,867501 0,000074
техникум 1,714798 0,000291
техническая 1,714798 0,000145
технический 1,021651 0,000087
технических 1,771957 0,000150
технического 1,514128 0,000128
техническое 2,659260 0,000451
технологии 0,798508 0,000203
технологий 0,653926 0,000111
технологический 1,966113 0,000167
течение 0,527633 0,000045
течением 1,771957 0,000150
тил 3,912023 0,000332
тимашевск 3,506558 0,000297
тимашевский 3,506558 0,000297
тимашевского 3,912023 0,000332
тимашевское 3,912023 0,000332
тимофеев 2,995732 0,000254
тимофеевич 3,218876 0,001091
тимофеевна 3,912023 0,000332
тип 0,356675 0,000030
типа 0,462035 0,000078
типам 1,609438 0,000136
типов 1,386294 0,000235
типового 3,506558 0,000297
типовых 2,525729 0,000214
типография 1,203973 0,000102
тираж 2,525729 0,000214
тиражными 3,912023 0,000332
тиражу 2,525729 0,000214
титаровское 3,912023 0,000332
титов 3,506558 0,000297
титул 2,302585 0,000195
тихого 2,120264 0,000180
тихомиров 2,813411 0,000238
тихорецк 2,813411 0,000477
тихорецкий 3,506558 0,000297
ткачев 3,506558 0,000594
тлюстен-хабльскоег 3,912023 0,000332
тлюстенхабль 3,912023 0,000332
тнт 1,714798 0,000145
товарный -0,009950 -0,000001
товаров 1,049822 0,000178
товарооборот 2,995732 0,000254
товаропроизводителями 3,912023 0,000332
товары 1,966113 0,000167
токарно-карусельных 3,912023 0,000332
толмачево 2,995732 0,000254
толстого 1,714798 0,000145
топ 1,347074 0,000799
топливной 3,912023 0,000332
топонимический 0,798508 0,000203
топонимического 3,506558 0,000297
торговли 0,867501 0,000882
торговля 1,021651 0,000260
торгово-промышленная 3,218876 0,000273
торгово-промышленный 3,506558 0,000297
торгово-развлекательный 2,407946 0,000204
торговые 1,203973 0,000102
торговыми 1,897120 0,000322
торговых 1,108663 0,000282
торжественно 1,660731 0,000141
торжественное 2,040221 0,000173
торжественных 2,659260 0,000225
традиционном 3,218876 0,000273
тракторов 2,813411 0,000238
трамвай 0,967584 0,000328
трамвайный 2,525729 0,000214
трамвая 1,347074 0,000228
трамваями 2,207275 0,000187
транзит 2,813411 0,000238
транзитный 2,813411 0,000238
транспорт 0,693147 0,001175
транспорта 0,776529 0,000263
транспортированию 3,912023 0,000332
транспортная 1,237874 0,000105
транспортного 1,660731 0,000141
транспортной 1,108663 0,000094
транспортный 1,171183 0,000199
транспортными 2,659260 0,000225
транспортных 0,891598 0,000076
транспортом 1,469676 0,000125
трансформация 2,995732 0,000254
трапецеидальную 3,912023 0,000332
трассы 1,609438 0,000546
трек 3,912023 0,000663
тремя 1,609438 0,000136
тренер 2,659260 0,000225
треста 3,506558 0,000297
трети 1,897120 0,000161
третий 1,203973 0,000102
треть 2,207275 0,000374
третье 1,560648 0,000132
трех 0,713350 0,000181
трехкратный 2,813411 0,000238
трижды 2,120264 0,000359
тринадцати 3,506558 0,000297
триумфальная 2,302585 0,000585
трк 1,771957 0,000150
трлн 2,207275 0,000187
троицкая 2,120264 0,000180
троицы 2,040221 0,000173
тройки 3,912023 0,000332
тролза 2,659260 0,000225
троллейбус 0,994252 0,000169
троллейбусами 1,897120 0,000161
троллейбусные 2,407946 0,000408
троллейбусный 2,302585 0,000195
троп 2,995732 0,000254
тропических 2,995732 0,000254
трубилин 3,912023 0,000332
труд 1,660731 0,000141
труда 1,139434 0,001062
трудового 1,966113 0,000833
трудоспособного 1,771957 0,000150
трц 1,660731 0,000563
туалеты 3,506558 0,000297
туапсе 1,897120 0,000322
туапсинский 3,218876 0,000273
тувинцы 2,120264 0,000180
тургенева 3,218876 0,000546
тургеневский 3,912023 0,000332
турецкой 2,995732 0,000254
турецкому 3,506558 0,000297
туризма 1,609438 0,000546
туризму 3,912023 0,000332
турист 2,995732 0,000254
туристические 2,120264 0,000180
туристический 1,897120 0,000161
туристов 1,560648 0,000132
турки 1,832581 0,000155
турки-месхетинцы 2,525729 0,000214
туркмены 1,966113 0,000167
тутаришев 3,912023 0,000332
тхоржевский 3,912023 0,000332
тыва 2,995732 0,000254
тыла 1,897120 0,000161
тылу 3,506558 0,000297
тыс 0,430783 0,000256
тысяч 0,415515 0,000176
тысячам 2,995732 0,000508
тысячи 0,597837 0,000101
тэц 1,272966 0,000216
тюмень 1,171183 0,000099
тяжелого 2,302585 0,000195
тяжести 2,407946 0,000204
убеженская 3,912023 0,000332
убрав 2,040221 0,000346
увеличен 3,218876 0,000273
увеличение 1,347074 0,000114
увеличения 1,771957 0,000150
увеличивается 1,832581 0,000155
увеличил 2,995732 0,000254
увеличились 3,218876 0,000273
увеличится 2,995732 0,000508
увеличить 1,966113 0,000167
углеводородов 2,525729 0,000428
углерода 1,897120 0,000322
угол 1,966113 0,000167
удален 2,813411 0,000238
удалена 0,941609 0,000080
удаленный 2,525729 0,000214
удалось 1,237874 0,000105
удельный 2,120264 0,000180
удины 2,525729 0,000214
удмурты 1,660731 0,000141
удобрений 3,218876 0,000273
удэгейцы 2,995732 0,000254
узбеки 1,386294 0,000117
узел 0,891598 0,000151
уйгуры 2,040221 0,000173
уйльта 2,995732 0,000254
указавшие 1,771957 0,000150
указан 0,139262 0,000024
указана 1,427116 0,000121
указанием -0,009950 -0,000001
указано 0,733969 0,000062
указывается 2,120264 0,000180
указывала 3,912023 0,000332
уклон 2,813411 0,000238
уклона 3,912023 0,000332
укр 2,040221 0,001037
укра 0,000000 0,000000
украинский 2,120264 0,000180
украину 1,897120 0,000161
украинцы 0,891598 0,000151
украины 0,616186 0,000157
укреплениями 3,506558 0,000297
улиц 0,891598 0,000378
улица 0,994252 0,000084
улицам 1,832581 0,000155
улице 0,916291 0,000155
улицы 0,843970 0,000072
улучшением 2,813411 0,000238
улучшите 1,897120 0,000161
ультрафильтрации 3,912023 0,000332
уманское 3,912023 0,000332
умеренно 1,021651 0,000173
умеренных 2,207275 0,000187
умные 3,218876 0,000273
умных 2,813411 0,000238
универсальная 0,891598 0,000076
университет 0,562119 0,000381
университета 0,446287 0,000530
унидом 3,912023 0,000332
унитарного 3,218876 0,000273
уничтожения 2,659260 0,000225
употребления 2,995732 0,000762
управление 0,527633 0,000134
управлять 2,040221 0,000173
упразднена 2,040221 0,000173
упраздненного 3,218876 0,000273
урбаника 2,995732 0,000762
урбанисты 3,506558 0,000297
уровень 0,579818 0,000147
уровне 0,916291 0,000233
уровнем 0,798508 0,000068
уровню 1,897120 0,000322
уровня 0,634878 0,000161
усадьба 2,040221 0,000173
условий -0,009950 -0,000001
условия -0,009950 -0,000002
условной 3,912023 0,000332
услуг 0,967584 0,000328
услуги 0,994252 0,000084
успенский 1,514128 0,000128
успенское 3,506558 0,000297
устав 0,941609 0,000080
установки 1,897120 0,000161
установлен 0,941609 0,000080
установлении 1,771957 0,000150
установленная 2,995732 0,000254
установленной 2,995732 0,000254
установленный 2,407946 0,000204
установлено 1,714798 0,000145
установят 3,218876 0,000273
устаревшее 3,506558 0,000297
устарела 2,040221 0,000346
устойчивого 2,525729 0,000214
устроить 3,912023 0,000332
устройства 1,309333 0,000222
устройство 1,021651 0,000087
усть-джегута 3,912023 0,000332
усть-лабинск 3,218876 0,000546
усть-лабинский 3,506558 0,000297
устью 1,078810 0,000091
устья 1,171183 0,000099
утвердили 2,813411 0,000238
утвержден 1,171183 0,000199
утвержденному 3,912023 0,000332
утилизации 2,813411 0,000238
утра 2,813411 0,000238
уфа 0,967584 0,000082
уходя 3,506558 0,000297
участие -0,009950 -0,000001
участник 1,609438 0,000818
участок 1,203973 0,000102
учебно-опытного 3,912023 0,000332
учебно-тренировочных 3,912023 0,000332
учебные 1,108663 0,000188
учебный 2,407946 0,000204
ученого 2,207275 0,000187
ученые 1,427116 0,000121
ученый 1,714798 0,000291
ученых 1,203973 0,000204
учета 1,560648 0,000397
учетную -0,009950 -0,000001
учетом 0,755023 0,000192
училище 1,021651 0,000173
учитель 2,407946 0,000612
учреждение 1,237874 0,000105
учреждения 0,843970 0,000072
учрежденной 2,995732 0,000254
учтено 3,912023 0,000332
ушаков 2,659260 0,000225
уют 3,218876 0,000273
фабрики 1,832581 0,000155
фактически 0,916291 0,000078
фактов 1,386294 0,000117
факторов 2,040221 0,000173
факты 1,108663 0,000094
фашистского 3,912023 0,000332
фашистской 3,218876 0,000273
фгоу 3,506558 0,001486
фгу 2,525729 0,000428
фгуп 1,771957 0,000150
фгуспо 3,912023 0,000332
февр 0,820981 0,000070
феврале 1,203973 0,000102
февраля 0,051293 0,000187
федеральная 0,713350 0,000423
федерального 0,673345 0,000399
федеральное 1,832581 0,000155
федеральной 0,891598 0,000076
федеральные 1,272966 0,000108
федеральный 0,653926 0,000166
федеральных 0,776529 0,000395
федерации 0,544727 0,001293
федор 1,560648 0,000265
федорович 1,771957 0,000751
федоровская 3,912023 0,000332
фейком 3,912023 0,000332
фелицына 3,912023 0,000332
фенрих 3,912023 0,000663
феррара 3,912023 0,000332
фестивальный 2,995732 0,000254
фестиваля 1,714798 0,000145
фигура 2,525729 0,000214
физико-математических 2,995732 0,000254
физической 1,514128 0,000513
физкультуры 2,659260 0,000225
фиксируется 2,813411 0,000238
фиксируются 2,813411 0,000238
филадельфия 3,218876 0,000273
филармонии 1,469676 0,000374
филармония 1,237874 0,000210
филателии 1,609438 0,000136
филиал 0,798508 0,000338
филиалы 1,347074 0,000114
филипповича 3,506558 0,000297
филлипович 3,218876 0,000273
философских 2,525729 0,000428
финансового 1,897120 0,000804
финансы 0,798508 0,000068
финны 2,040221 0,000173
флаг 0,673345 0,000399
флага 1,832581 0,000155
фнл 2,995732 0,000508
фольклорист 3,912023 0,000332
фонд -0,009950 -0,000002
фонда 1,309333 0,000222
фоне 1,560648 0,000132
фонова 3,912023 0,000332
фонтан 1,609438 0,000136
фонтана 2,813411 0,000715
фонтанов 2,659260 0,000225
фонтаном 2,995732 0,000508
фонтаны 2,407946 0,000408
форбс 2,813411 0,000238
формами 2,659260 0,000225
формат 1,714798 0,000145
форму 1,714798 0,000145
формула 2,525729 0,000214
формы 0,941609 0,000080
форсунок 3,912023 0,000332
форум 1,609438 0,000818
фото 1,203973 0,000510
фотогалерея 3,218876 0,000818
фоторепортаж 2,659260 0,000225
франция 1,560648 0,000132
французы 2,040221 0,000173
фундаментальные 2,040221 0,000173
функционировали 3,506558 0,000297
функционируют 1,427116 0,000121
футболу 1,560648 0,000132
футбольного 2,659260 0,000225
футбольном 2,995732 0,000254
футбольный 1,203973 0,001327
футбольным 3,218876 0,000273
хаджимукова 3,912023 0,000332
хаджинов 3,912023 0,000332
хадыженск 3,506558 0,000297
хайнц 3,912023 0,000663
хакасы 2,040221 0,000173
хальмг 0,000000 0,000000
хамидович 3,912023 0,000332
хамышея 3,912023 0,000332
ханты 2,207275 0,000187
характера 1,771957 0,000150
характеризовались 3,506558 0,000297
характеризуется 0,941609 0,000160
харбин 2,813411 0,000238
хат 3,912023 0,000332
хатукай 3,912023 0,000332
хбк 3,506558 0,000297
хватает 0,843970 0,000072
хетагурова 3,506558 0,000297
химических 2,120264 0,000359
химическое 2,207275 0,000187
хлопчато-бумажный 3,912023 0,000332
ходе 0,562119 0,000238
хозяйства 0,755023 0,000320
хозяйство 0,713350 0,000242
хозяйствующим 3,912023 0,000332
хоккейный 1,660731 0,000141
хора 3,218876 0,000273
хорового 3,506558 0,000297
хотко 3,912023 0,000332
хохлов 3,218876 0,000273
храм 0,843970 0,000215
храмы 1,049822 0,000267
христианский 2,995732 0,000254
хропов 3,912023 0,000332
художественные 2,120264 0,000359
художественный 1,171183 0,000397
художник 1,660731 0,000141
хутор 2,525729 0,000214
хутора 2,813411 0,000238
царства 1,469676 0,000125
цахуры 2,040221 0,000173
цвета 1,171183 0,000099
цветов 1,966113 0,000333
цветочного 3,506558 0,000297
цветочными 3,912023 0,000332
цветущая 3,506558 0,000297
целевая 3,506558 0,000297
целом 0,755023 0,000064
целью 0,733969 0,000062
целях 1,171183 0,000298
центр 0,400478 0,000543
центра 0,562119 0,000191
централь 3,912023 0,000332
центральная 0,755023 0,000192
центральной 0,843970 0,000143
центральную 1,832581 0,000155
центральный 0,673345 0,000228
центральныйокруг 3,912023 0,000332
центрами 1,469676 0,000125
центре 0,673345 0,000342
центров 0,776529 0,000395
центром 0,713350 0,000665
центры 0,713350 0,000060
цены 2,040221 0,000519
церковь 0,843970 0,000072
цикл 2,207275 0,000374
цирк 1,078810 0,000183
цирка 1,832581 0,000155
цифровое 1,514128 0,000257
цифровые 0,673345 0,000057
цума 2,995732 0,000254
цыгане 1,714798 0,000145
чапаевское 3,912023 0,000332
чартерные 2,995732 0,000254
часовой 0,755023 0,000256
части 0,198451 0,000151
частичная 1,897120 0,000161
частично 0,653926 0,000055
частности 0,462035 0,000039
частные 1,514128 0,000128
частный 1,832581 0,000311
частота 1,660731 0,000422
часть 0,105361 0,000054
частью 0,755023 0,000064
частями 1,714798 0,000436
чаще 1,171183 0,000099
чел 0,713350 0,000363
человек 0,400478 0,000543
человека 0,579818 0,000049
челябинск 0,994252 0,000084
чемпион 1,660731 0,000422
чемпиона 3,218876 0,000273
чемпионы 2,995732 0,000254
черемушки 2,302585 0,000195
черкесии 3,506558 0,000297
черкесск 3,218876 0,000273
черкесская 3,506558 0,000297
черкесской 3,912023 0,000332
черкесы 1,832581 0,000155
черников 3,506558 0,000594
черного 1,609438 0,000273
черноерковская 3,912023 0,000332
черном 2,659260 0,000225
черноморские 3,218876 0,000546
черноморским 3,506558 0,000297
черноморскими 3,218876 0,000546
черноморское 2,120264 0,000180
черноморскому 3,506558 0,000297
черноморцев 3,912023 0,000332
черный 1,386294 0,000352
чернышевского 2,659260 0,000225
черте 1,272966 0,000216
черты 1,203973 0,000102
черубина 3,912023 0,000332
честь 0,562119 0,000143
четверку 3,506558 0,000297
четыре 0,713350 0,000121
чехи 2,040221 0,000173
чехова 2,207275 0,000374
чеховъ 3,912023 0,000332
чеченцы 1,714798 0,000145
чиновники 2,525729 0,000214
числа 0,891598 0,000076
числе 0,248461 0,000232
численности 0,653926 0,000277
численность 0,653926 0,001940
численностью 1,049822 0,000178
число 0,478036 0,000162
числу 1,514128 0,000128
чистоте 3,912023 0,000332
чистяковская 3,912023 0,000995
читатьпросмотр 2,040221 0,000173
член 2,120264 0,000719
чуваши 1,237874 0,000105
чугунолитейный 3,218876 0,000273
чуковского 3,218876 0,000273
чукуриди 3,912023 0,000332
чукчи 2,207275 0,000187
шаблон 1,660731 0,000282
шаблонами 0,634878 0,000054
шаблоном 1,897120 0,000322
шагнул 3,912023 0,000332
шалфей 3,912023 0,000332
шаляпин 2,813411 0,000238
шапсуги 2,995732 0,000254
шапсугскоеводохранилище 3,912023 0,000332
швейная 2,525729 0,000214
швейцарская 3,506558 0,000594
шевченко 2,302585 0,000390
шейки 3,912023 0,000332
шереметьево 2,813411 0,000238
шести 1,966113 0,000167
шесть 1,272966 0,000108
шехтель 3,506558 0,000297
ширванской 3,912023 0,000332
ширина 1,469676 0,000125
широким 2,302585 0,000195
широко 0,673345 0,000057
широкое 1,660731 0,000141
широкую 2,525729 0,000214
широт 2,525729 0,000214
широты 1,832581 0,000155
школ 0,994252 0,000253
школой 2,813411 0,000238
школы 0,673345 0,000114
шкорина 3,912023 0,000332
шкребец 3,912023 0,000332
шкуринское 3,912023 0,000332
шлыков 3,506558 0,000297
шорцы 2,525729 0,000214
шрамко 3,912023 0,000332
штеменко 3,912023 0,000332
штурм 2,659260 0,000225
штурма 2,813411 0,000477
шульженко 3,912023 0,000332
шухова 3,506558 0,000297
шуховская 3,912023 0,000332
шушина 3,912023 0,000332
щербиновский 3,218876 0,000273
щербиновское 3,912023 0,000332
щите 2,207275 0,000187
щиток 3,506558 0,000297
эвенки 2,120264 0,000180
эвены 2,407946 0,000204
эйлера 3,506558 0,000297
экватор 3,218876 0,000546
экз 0,415515 0,000176
экобус 3,912023 0,000332
экобусы 3,912023 0,000332
экологии 1,203973 0,000204
экологическая 1,560648 0,000132
экологического 1,771957 0,000150
экологической 1,560648 0,000132
экология 0,693147 0,000176
экономика 0,510826 0,000216
экономике 1,714798 0,000145
экономики 0,713350 0,000302
экономико-географическое 3,218876 0,000273
экономикой 3,218876 0,000273
экономист 3,218876 0,000273
экономических 1,560648 0,000265
экономического 1,386294 0,000117
экономическую 2,120264 0,000180
экспедиции 1,771957 0,000150
экспедишн 3,912023 0,000332
экспериментального 3,506558 0,000594
эксперт 1,714798 0,000291
экспертов 2,407946 0,000204
эксперты 2,040221 0,000346
эксплуатации 1,771957 0,000150
эксплуатацию 0,994252 0,000169
экспорт -0,009950 -0,000001
экспорте 3,506558 0,000297
экспортируют 3,912023 0,000332
экспортируются 3,912023 0,000332
электрического 2,525729 0,000214
электрической 1,966113 0,000333
электробусами 2,995732 0,000254
электробусы 3,506558 0,000297
электронная 1,237874 0,000210
электронного 1,897120 0,000161
электронную 2,995732 0,000254
электронных 1,897120 0,000482
электротранспорт 2,813411 0,000238
электрохимическими 3,912023 0,000332
электроэнергетики 3,506558 0,000297
электроэнергии 1,660731 0,000141
элемент 1,897120 0,000161
элементы 0,891598 0,000076
эльбрусский 3,912023 0,000332
энемское 3,912023 0,000332
энергией 2,813411 0,000477
энергии 1,514128 0,000128
энциклопедии -0,009950 -0,000003
энциклопедический 0,733969 0,000062
энциклопедичности 3,506558 0,000297
энциклопедия 0,210721 0,000143
эологическая 3,912023 0,000332
эпицентр 2,813411 0,000238
эрзянь 0,000000 0,000000
эркен-шахар 3,912023 0,000332
эркен-юрт 3,912023 0,000332
эры 1,560648 0,000132
эскимосы 2,813411 0,000238
эстакадной 3,912023 0,000332
эстонцы 1,771957 0,000300
эстрадный 3,218876 0,000273
эта 0,000000 0,000000
этажей 2,995732 0,000254
этапа 1,966113 0,000167
этимология 0,616186 0,000104
этих 0,400478 0,000034
это 0,000000 0,000000
этому 0,755023 0,000128
эфирное 1,714798 0,000291
эфирных 2,813411 0,000238
эффективное 2,995732 0,000254
эффекты 3,506558 0,000297
ю-в 0,000000 0,000000
ю-з 0,000000 0,000000
юбилей 2,207275 0,000187
юбилейный 0,820981 0,000278
юга 1,171183 0,001787
югагро 3,912023 0,000332
юге 1,078810 0,000457
юго-востоке 1,771957 0,000150
юго-восточной 1,660731 0,000282
юго-запада 2,302585 0,000195
юго-западу 2,659260 0,000225
югополис 3,506558 0,003566
югу 1,609438 0,000136
южная 0,941609 0,000239
южно-кубанскоес 3,912023 0,000332
южно-российский 3,218876 0,000273
южного 1,139434 0,000097
южной 0,733969 0,000373
южный 0,755023 0,000448
южных 1,897120 0,000161
юзтс 3,912023 0,000332
юкагиры 2,995732 0,000254
юннатов 3,506558 0,000297
юношеская 2,120264 0,000180
юрий 1,203973 0,000204
юрьевна 2,813411 0,000238
ютэйр 3,506558 0,000297
юфо 3,218876 0,000818
яблоновский 3,912023 0,000663
яблоновскоег 3,912023 0,000332
являвшимся 3,912023 0,000332
является 0,094311 0,000104
являются 0,248461 0,000042
являющейся 1,897120 0,000161
являясь 1,771957 0,000150
ядром 1,832581 0,000155
язык 0,116534 0,000030
языками 1,386294 0,000117
языках -0,009950 -0,000001
языковой 2,207275 0,000374
языком 1,514128 0,000128
якобашвили 3,912023 0,000332
яков 2,040221 0,000173
яксаргин 3,912023 0,000332
якуты 1,714798 0,000145
янв 0,820981 0,000070
январе-декабре 3,912023 0,000332
январь 0,941609 0,000160
января 0,116534 0,000553
японии 2,302585 0,000195
японский 2,525729 0,000642
японского 2,659260 0,000225
японском 3,218876 0,000273
японцы 2,120264 0,000180
ясно 2,659260 0,000225
яунзем 3,912023 0,000332
