абонентов 2,407946 0,000229
абсолютизма 3,506558 0,000333
абсолютный 0,798508 0,000152
авангард 1,832581 0,000174
аварии 2,120264 0,000201
аварийном 2,813411 0,000267
авг 0,820981 0,000078
августа 0,072571 0,000269
авдеевка 3,912023 0,000372
авиаприбор 3,912023 0,000372
авиационный 1,771957 0,000505
автобусная 3,218876 0,000306
автобусные 1,966113 0,000187
автобусный 2,120264 0,000201
автобусов 1,469676 0,000140
автобусы 1,386294 0,000132
автовокзала 1,660731 0,000158
автодор 3,506558 0,000666
автодорогам 1,078810 0,000103
автодороги 1,609438 0,000306
автодорожный 3,218876 0,000306
автоклавного 3,912023 0,000372
автомобильного 1,771957 0,000337
автомобильный 1,049822 0,000200
автомобильных 1,386294 0,000132
автономной 1,832581 0,000348
автор 0,994252 0,000283
авторитетные 0,941609 0,000089
авторских 2,659260 0,000253
авторства -0,009950 -0,000001
авторы 1,660731 0,000158
агентств 2,525729 0,000240
агентство 1,049822 0,001197
агломерации 0,916291 0,000174
агломерацию 2,302585 0,000219
агломерация 0,867501 0,000082
аграрный 1,386294 0,000132
аграрных 3,912023 0,000744
агрегата 3,912023 0,000372
агрегатный 3,218876 0,000306
агророс 3,912023 0,000372
адм 2,525729 0,000240
административно-территориального 1,660731 0,000158
административно-территориальное 0,820981 0,000234
административно-территориальном 1,309333 0,000249
административно-территориальному 2,659260 0,000253
административное 0,843970 0,000401
административные 1,514128 0,000288
административный 0,843970 0,000481
административным 1,514128 0,000144
администрации 0,843970 0,001363
администрация 0,941609 0,000358
адреса 1,897120 0,000180
аза 3,912023 0,000372
азербайджанцы 1,139434 0,000108
азии 0,916291 0,000087
акад 2,040221 0,000194
академии 0,693147 0,000132
академик 1,660731 0,000158
академическая 2,120264 0,000201
академический 1,171183 0,000668
академическим 2,995732 0,000285
академического 2,525729 0,000240
академия 0,798508 0,000076
аквапарк 2,407946 0,000229
аккомпанемент 3,912023 0,000372
актеры 2,407946 0,000229
активность 2,302585 0,000219
актуализированным 3,912023 0,000372
акты 2,659260 0,000253
акционера 3,912023 0,000372
акционировано 3,506558 0,000333
алая 3,912023 0,000372
алг 3,912023 0,000372
алдан 1,309333 0,000124
александр 0,693147 0,000329
александра 0,820981 0,000156
александро-невский 2,207275 0,000210
александрович 1,609438 0,001071
александровка 2,813411 0,000267
александрово-гайский 3,912023 0,000372
александровская 2,302585 0,000219
александровского 2,813411 0,000267
алексеева 2,407946 0,000229
алексеевский 2,659260 0,000253
алексей 1,049822 0,000100
алексея 1,514128 0,000288
алла 2,995732 0,000285
аллей 3,912023 0,000372
алмаз 2,995732 0,000569
алмаз-фазотрон 3,912023 0,000372
алтынной 3,912023 0,000372
алфавитувикипедия 0,776529 0,000074
алфавитунаселенные 0,867501 0,000082
альфа-банк 2,659260 0,000253
аналогичный 2,659260 0,000253
аналоговом 2,407946 0,000229
анатольевич 2,407946 0,000915
андреевича 2,995732 0,000285
андрей 0,967584 0,000460
анисовки 3,912023 0,000372
аннексия 0,994252 0,000094
ансамблей 2,407946 0,000229
ансамбль 1,203973 0,001030
ансамбля 2,207275 0,000420
апельсин 3,506558 0,000666
апостолов 2,525729 0,000240
апостольской 2,407946 0,000229
аппаратуру 3,218876 0,000306
аппаратуры 2,407946 0,000229
апр 0,798508 0,000076
апреле 0,994252 0,000378
апрель 1,469676 0,000140
апреля 0,174353 0,000596
арбат 2,995732 0,000285
арена 1,427116 0,000949
аркадак 3,912023 0,000372
аркадакский 3,912023 0,000372
аркадий 2,302585 0,000219
аркадьевичу 3,912023 0,000372
арматурный 3,506558 0,000333
армейский 3,506558 0,000333
армия 2,120264 0,000201
армяне 1,021651 0,000097
армянская 1,771957 0,000168
армянской 2,302585 0,000438
артель 3,218876 0,000612
артем 2,302585 0,000219
артиллерийское 2,659260 0,000253
артисевич 3,912023 0,000372
артистами 3,912023 0,000372
артистов 2,995732 0,000285
артхаусных 3,912023 0,000372
арх 0,544727 0,000104
архив 0,462035 0,000044
архивировано 0,020203 0,000311
архивная 0,400478 0,000837
архивной 0,713350 0,000068
архитектор 1,427116 0,000271
архитектора 1,469676 0,000419
архитектурно-строительный 2,407946 0,000229
архитектуры 0,755023 0,000143
аст 0,820981 0,000078
астория 3,218876 0,000306
астраханская 2,302585 0,000219
астраханской 2,525729 0,000720
астрахань 0,967584 0,000552
атав 3,912023 0,000372
атамановка 3,912023 0,000372
атау 3,912023 0,000744
аткарск 3,506558 0,000333
аткарский 3,912023 0,000372
аткарской 3,912023 0,000372
атлетика 3,218876 0,000306
атов 3,912023 0,000372
ахалгорским 3,912023 0,000372
ашан 2,120264 0,000201
аэропорт 0,843970 0,000321
аэропорта 1,049822 0,000599
бабановка 3,912023 0,000372
багаевка 3,912023 0,000744
багаевское 3,912023 0,000372
баз 1,771957 0,000168
база 0,916291 0,000087
базальт 3,912023 0,000372
базарно-карабулакский 3,912023 0,000372
базе 0,776529 0,000074
базовой 2,813411 0,000267
базовый 2,207275 0,000420
байдарках 3,912023 0,000372
балаган 3,912023 0,000744
балаганчик 3,912023 0,000372
балаково 2,120264 0,000604
балаковский 3,912023 0,000372
балахна 2,120264 0,000201
балашов 3,506558 0,000333
балашовский 3,912023 0,000372
балета 1,560648 0,000593
балками 3,218876 0,000306
балтайский 3,912023 0,000372
балтийского 1,897120 0,000180
бальнеологическая 3,912023 0,000372
банк 1,078810 0,000103
банка 0,941609 0,000089
банки 1,560648 0,000593
банков 1,272966 0,000242
банковских 2,207275 0,000210
банковской 2,525729 0,000240
барнаул 1,203973 0,000114
барокко 1,560648 0,000148
баррикады 2,040221 0,000194
бартоломеевский 3,912023 0,000372
баскетбол 1,897120 0,000180
баскетбольный 1,832581 0,000348
бассейн 1,078810 0,000308
батуев 3,912023 0,000372
бахтин 3,218876 0,000306
баш 3,506558 0,000333
бежит 3,912023 0,000372
безнаказанность 3,912023 0,000372
безопасности 1,139434 0,000108
безчинский 2,995732 0,000569
безымянный 2,813411 0,000267
беларуская 0,000000 0,000000
беларускаябългарски 0,000000 0,000000
беленький 3,506558 0,000333
белоглинская 3,912023 0,000372
белоглинский 3,218876 0,000306
белорусы 1,203973 0,000114
беляев 2,407946 0,000229
беляева 2,659260 0,000253
берег 1,021651 0,000097
берегоукрепительных 3,506558 0,000333
берегу 0,616186 0,000234
березина 2,995732 0,000285
березиной 3,912023 0,000372
березинореченское 3,912023 0,000372
бесплатным 2,813411 0,000267
бессменно 3,912023 0,000372
бестужевой 3,912023 0,000372
библиографических 0,094311 0,000009
библиотека 0,462035 0,000132
библиотеками 3,218876 0,000306
библиотеки 0,843970 0,000321
библиотечная 2,302585 0,000219
бизнес 1,514128 0,000288
бизнес-вектор 3,912023 0,000744
бизнес-отель 2,995732 0,000285
бизнеса 0,967584 0,000552
билайн 1,272966 0,000121
билан 3,506558 0,000333
бинбанк 3,218876 0,000306
биографии 2,813411 0,000267
биотехнологии 3,506558 0,000333
биохимии 3,506558 0,000333
биржа 2,407946 0,000229
биржевым 3,912023 0,000372
биржи 2,302585 0,000656
благосостояние 3,506558 0,000333
благоустроенных 2,995732 0,000285
близ 1,237874 0,000118
близлежащие 3,218876 0,000306
богатая 2,659260 0,000253
богатей 3,912023 0,000372
богатству 3,912023 0,000372
богатыми 2,995732 0,000285
богатырь-м 0,000000 0,000000
богемия 3,912023 0,002602
боголюбова 3,506558 0,000333
богоматери 3,506558 0,000666
богородицы 1,272966 0,000121
боевая 2,995732 0,000285
боевое 3,218876 0,000306
боевой 1,832581 0,000522
боевыми 2,995732 0,000285
боеприпасы 3,912023 0,000372
бой 2,659260 0,000253
бойцам 3,506558 0,000333
боковка 3,912023 0,000372
бокс 2,813411 0,000267
болгар 1,966113 0,000187
болгария 1,386294 0,000132
бологое 1,347074 0,000128
больниц 1,966113 0,000374
больница 1,469676 0,000140
больницы 1,347074 0,000128
большая 0,072571 0,000069
большевиками 2,407946 0,000229
большей 1,078810 0,000205
большинство 0,597837 0,000057
большого 0,967584 0,000276
большое 0,544727 0,000155
большой 0,328504 0,000031
бор 1,427116 0,000136
борель 3,912023 0,000372
борисова-мусатова 3,506558 0,000333
боровичи 1,347074 0,000128
борцам 2,407946 0,000915
боте 3,218876 0,000306
боя 2,302585 0,000219
боярином 3,912023 0,000372
бранденбургской 3,912023 0,000372
брандмейстер 3,912023 0,000744
братислава 3,218876 0,000306
братьев 1,832581 0,001045
братья 2,407946 0,000458
братьям 3,218876 0,000612
братьями 3,218876 0,000306
бренд-лидер 3,912023 0,000372
брокгауза 0,328504 0,000094
будут 1,203973 0,000114
будучи 1,714798 0,000163
будущем 1,966113 0,000187
буерак 3,506558 0,001333
буквально 2,995732 0,000285
булавина 3,506558 0,000666
булычев 3,506558 0,001333
бум 2,040221 0,000194
бунин 2,995732 0,000569
бунт 2,659260 0,000253
бурки 3,912023 0,000372
буркин 3,912023 0,000372
бурное 2,659260 0,000505
буряад 0,000000 0,000000
бывают 1,897120 0,000180
бывшая 1,660731 0,000158
бывшего 1,021651 0,000194
бывшей 1,514128 0,000144
бывшем 2,040221 0,000194
бывших 1,897120 0,000180
быковка 3,912023 0,000372
быстрый 2,525729 0,000240
бюджета 1,309333 0,000124
вавилов 3,506558 0,000333
вавилова 2,995732 0,001708
вавилову 3,912023 0,001115
вагонное 3,218876 0,000306
важную 1,771957 0,000168
важный 1,514128 0,000144
важным 1,386294 0,000263
вакуровский 3,912023 0,000372
валдай 3,218876 0,000306
валерий 1,714798 0,000163
валерьевич 2,659260 0,000253
валидаторами 3,218876 0,000306
ванцетти 3,506558 0,000666
варьируется 2,995732 0,000285
василий 1,386294 0,000132
василию 2,525729 0,000240
васильевича 2,813411 0,000267
васильевичу 3,912023 0,000372
васильево 2,120264 0,000201
васильсурск 2,120264 0,000201
вашла 0,000000 0,000000
вблизи 1,139434 0,000108
введен 1,427116 0,000136
введено 1,771957 0,000168
вдвое 2,120264 0,000201
вдоль 0,755023 0,000072
ведет 1,203973 0,000114
ведется 0,994252 0,000094
ведомственные 2,813411 0,000267
ведутся 1,966113 0,000187
ведущая 3,218876 0,000306
ведущих 1,386294 0,000132
везли 2,995732 0,000285
век 0,733969 0,000139
века 0,248461 0,000401
веке 0,597837 0,000114
векерайонные 3,218876 0,000306
веков 0,713350 0,000136
вел 2,813411 0,000267
великий 1,469676 0,000140
великой 0,653926 0,000249
великому 2,525729 0,000240
версии 0,446287 0,000127
версия -0,009950 -0,000008
версия-саратов 3,912023 0,000372
верхневолжье 3,218876 0,000306
верхнего 1,609438 0,000153
верхний 1,427116 0,000136
верхняя 1,108663 0,000105
весной 1,049822 0,000100
весны 1,966113 0,000187
вести 0,843970 0,000241
весь 0,755023 0,000215
весьма 1,514128 0,000144
ветров 0,843970 0,000080
вечерняя 2,407946 0,000229
вечером 2,525729 0,000240
вещает 2,120264 0,000403
вещание 1,203973 0,000343
взвоза 3,912023 0,000372
взгляд 1,514128 0,000144
взгляд-инфо 3,912023 0,005948
взрослых 1,897120 0,000180
взяла 3,506558 0,000333
взятые 2,407946 0,000229
виват-волжанка 3,912023 0,000372
виде 0,235722 0,000022
виден 3,506558 0,000333
видео 1,049822 0,000100
видов 0,616186 0,000059
виды 0,798508 0,000076
викигиде 0,776529 0,000148
викигидепортал 1,469676 0,000140
викигидстатьи 2,120264 0,000201
викиданных -0,009950 -0,000001
викимапия 3,912023 0,000372
викимедиа -0,009950 -0,000001
википедии -0,009950 -0,000002
википедия -0,009950 -0,000009
викискладвикиновостивикигидэлемент 1,609438 0,000153
викискладе 0,174353 0,000017
викискладепутеводитель 0,713350 0,000068
викискладстатьи 0,891598 0,000085
викисловаремедиафайлы 2,120264 0,000201
викисловарьстатьи 1,347074 0,000128
виктория 2,659260 0,000253
виктория-саратов 3,912023 0,000372
вкладки 3,506558 0,000333
вклады 3,506558 0,000333
включает 0,462035 0,000044
включать 1,897120 0,000180
включающего 3,506558 0,000333
включена 1,514128 0,000144
включены 1,560648 0,000148
владимир 0,733969 0,000349
владимира 1,309333 0,000373
владимирович 1,771957 0,000337
власовский 3,506558 0,000666
власти 0,634878 0,000181
власть 0,733969 0,000139
вложат 3,912023 0,000372
влюбленным 3,912023 0,000744
вместе 0,510826 0,000146
вмещает 2,659260 0,000253
внесение 2,659260 0,000505
внесении 1,966113 0,000374
внесла 2,813411 0,000267
внешние 0,051293 0,000005
внешний 2,207275 0,000210
вновь 0,755023 0,000287
внутреннее 0,733969 0,000070
внутренние 2,040221 0,000194
внутри 0,000000 0,000000
внутригородским 0,967584 0,000092
внутригородских 1,514128 0,000144
вод 1,078810 0,000103
водник 3,218876 0,000306
водного 1,171183 0,000111
водный 1,237874 0,000118
водных 1,347074 0,000256
водосток 3,218876 0,000306
водостока 3,218876 0,000918
водохранилища 1,272966 0,000484
воду 1,386294 0,000132
воды 0,653926 0,000062
водяных 2,995732 0,000285
воеводами 3,506558 0,000333
военное 1,609438 0,000153
военной 1,347074 0,000128
военные 1,237874 0,000235
военный 1,272966 0,000121
военных 1,272966 0,000121
возведен 2,040221 0,000194
возводилось 3,912023 0,000744
возводятся 2,813411 0,000267
возвышенности 1,714798 0,000163
воздушный 1,514128 0,000288
воззвание 3,506558 0,000333
возле 1,386294 0,000263
возможность 0,616186 0,000059
возобновились 2,995732 0,000285
возобновлено 3,218876 0,000306
возобновляет 3,506558 0,000333
возрастных 3,218876 0,000306
возрождаться 3,912023 0,000372
возрождение 2,813411 0,000535
возчиками 3,912023 0,000372
воинам-саратовцам 3,912023 0,000372
воины-саратовцы 3,912023 0,000372
война 1,171183 0,000111
войны 0,478036 0,000273
войс 3,912023 0,000372
войск 1,347074 0,000384
войском 2,302585 0,000219
вокальная 3,912023 0,000372
вокзал 0,820981 0,000078
вокзала 0,967584 0,000184
вокзалом 2,407946 0,000458
вокруг 0,693147 0,000066
волга 1,660731 0,002209
волга-бэнд 3,912023 0,000744
волге 1,771957 0,002021
волгегорода 2,525729 0,000240
волги 1,771957 0,001684
волговерховье 2,120264 0,000403
волгоград 1,139434 0,000650
волгограда 2,995732 0,000285
волгоградского 3,506558 0,000666
волгой 2,407946 0,000229
волгореченск 2,120264 0,000201
волгу 1,966113 0,000187
волейбольный 1,966113 0,000374
волжанка 3,506558 0,000333
волжск 2,120264 0,000201
волжский 2,120264 0,001410
волжской 2,120264 0,000806
волна 1,427116 0,000136
вологда 1,203973 0,000114
володин 3,506558 0,000333
волшебные 0,040822 0,000004
вольная 2,659260 0,000253
вольновка 3,912023 0,000372
вольновского 3,912023 0,000372
вольск 2,120264 0,000403
вольская 3,912023 0,000372
вольский 3,912023 0,000372
вольской 3,912023 0,000372
вопрос 0,967584 0,000092
воркута 1,237874 0,000118
воровских 3,506558 0,000333
вороне 3,912023 0,000372
воронеж 1,203973 0,000114
воскресенский 2,207275 0,000210
воскресенским 3,506558 0,000333
воскресенское 3,218876 0,000306
воскресенской 3,218876 0,000306
воскресенье 1,771957 0,000168
воскресную 3,912023 0,000372
воспитание 2,995732 0,000285
воспоминания 2,659260 0,000505
восстанием 2,407946 0,000229
восстания 1,660731 0,000158
восстановлен 1,771957 0,000168
восстановление 1,609438 0,000153
восстановлены 2,407946 0,000229
восточно-европейский 3,506558 0,000333
восхищение 3,912023 0,000372
воткинск 1,309333 0,000124
вошел 1,237874 0,000235
впервые 0,385662 0,000110
вписаны 3,506558 0,000333
вплоть 1,108663 0,000105
времен 0,941609 0,000268
времена 1,108663 0,000211
временем 0,616186 0,000176
времени 0,186330 0,000071
временного 1,897120 0,000180
время 0,030459 0,000038
всей 0,693147 0,000263
всем 0,891598 0,000085
всеми 1,386294 0,000132
всемирная 1,714798 0,000163
всемирные 2,995732 0,000285
всему 1,272966 0,000242
всероссийская 0,843970 0,000160
всероссийский 1,469676 0,000140
всероссийских 2,407946 0,000229
всероссийского 1,347074 0,000384
всероссийской 0,713350 0,000271
всесоюзная 0,843970 0,000481
вследствие 1,203973 0,000114
вспыхнула 2,813411 0,000267
вступ 3,506558 0,000333
втб 1,714798 0,000163
вторичном 3,506558 0,000333
второе 1,272966 0,000121
второй 0,274437 0,000078
втором 1,660731 0,000158
вторые 3,218876 0,000306
вузов 0,891598 0,000169
вузовская 3,912023 0,000372
входа 1,832581 0,000522
входил 2,207275 0,000210
входит 0,653926 0,000559
входом 0,994252 0,000094
входят 0,713350 0,000271
входящих 1,771957 0,000168
вхождения 2,995732 0,000285
въезде 2,120264 0,000201
выбрали 2,659260 0,000253
выводу 2,525729 0,000240
выгорал 3,506558 0,000333
выдал 3,506558 0,000333
выдающимися 3,218876 0,000306
выделение 2,813411 0,000267
выделено 2,525729 0,000240
выделены 1,560648 0,000593
выделили 3,506558 0,000333
выживания 3,506558 0,000333
вызвало 2,525729 0,000240
вызывает 1,427116 0,000136
вып 0,798508 0,000152
выпадают 2,659260 0,000253
выполненные 2,525729 0,000240
выполняет 1,832581 0,000174
выполняли 2,995732 0,000285
выпускавшее 3,218876 0,000306
выпускают 2,813411 0,000267
выпустили 3,506558 0,000333
выпущено 2,659260 0,000253
вырабатывали 3,912023 0,000372
выравнивали 3,912023 0,000372
выразились 3,912023 0,000372
вырос 1,560648 0,000148
выросла 2,040221 0,000194
высокая 1,237874 0,000118
высококачественную 3,912023 0,000372
высота 0,562119 0,000107
выставка 1,966113 0,000374
выставляются 3,912023 0,000372
выставочный 1,514128 0,000144
выступает 1,347074 0,000256
выступали 1,966113 0,000187
выступлений 3,218876 0,000306
высшее 1,021651 0,000194
высшие 1,386294 0,000395
высшими 3,912023 0,000372
выходила 2,659260 0,000505
выходит 1,427116 0,000407
выходят 2,040221 0,000194
вышеперечисленные 3,218876 0,000306
вышеприведенные 3,912023 0,000372
вязовка 3,506558 0,000666
вязовые 2,120264 0,000201
вячеслав 1,897120 0,000541
гагарин 2,659260 0,000505
гагарина 1,427116 0,000814
гагаринский 2,813411 0,000802
гагаринским 3,912023 0,000372
гагаринского 3,912023 0,000372
гагарину 2,995732 0,000854
гадюкино 3,912023 0,000372
газа 1,309333 0,000124
газета 0,616186 0,000703
газнефтьбанк 3,912023 0,000372
газобетона 3,912023 0,000372
газовую 3,912023 0,000372
газпромбанк 2,407946 0,000229
галерее 3,912023 0,000372
галерей 3,218876 0,000306
галерея 1,203973 0,000114
гандбольный 2,407946 0,000229
гармоней 3,912023 0,000744
гармони 3,506558 0,001666
гармоник 3,912023 0,000372
гармоника 3,912023 0,001115
гармоники 3,912023 0,001487
гармонная 3,506558 0,000333
гармонь 3,912023 0,000372
гармошка 3,506558 0,000333
гармошке 3,912023 0,001487
гармошки 3,506558 0,000333
гастролях 3,506558 0,000333
гвардии 2,407946 0,000229
генерального 1,514128 0,000144
генеральном 2,995732 0,000285
генеральный 0,967584 0,000368
генетики 2,659260 0,000253
геннадьевичем 3,912023 0,000372
геноцида 3,506558 0,000333
генплан 2,120264 0,000201
генрици 3,912023 0,000372
географические 0,713350 0,000068
географических 1,139434 0,000108
географической 0,798508 0,000076
география 0,462035 0,000132
геологии 2,407946 0,000229
геологический 2,120264 0,000201
геометрической 3,506558 0,000333
георгий 1,560648 0,000148
геофизики 2,813411 0,000267
герб 0,820981 0,000156
героям 2,040221 0,000388
гидронима 2,207275 0,000210
гидротехнических 3,506558 0,000333
гимн 0,820981 0,000078
гимназий 1,966113 0,000187
гимназия 1,469676 0,000419
гипермаркет 2,659260 0,000253
гипермаркеты 1,966113 0,000187
гипотез 2,302585 0,000219
гипотезы 2,302585 0,000219
гкал 2,995732 0,001423
глава 0,673345 0,000576
главная 1,078810 0,000103
главную 2,659260 0,000253
главные 1,660731 0,000158
главным 0,967584 0,000092
главных 1,078810 0,000103
главы 0,967584 0,000184
глас 3,912023 0,000372
гласности 3,912023 0,000372
глебучев 3,912023 0,000372
глонасс 3,218876 0,000612
глубина 1,609438 0,000153
говорит 2,040221 0,000194
год 0,235722 0,000538
года -0,009950 -0,000253
годавикипедия 0,616186 0,000176
годах 0,385662 0,000183
годов 0,356675 0,000271
году 0,072571 0,000490
годугорода 1,714798 0,000163
годы 0,356675 0,000203
голова 2,302585 0,000438
голоса 3,506558 0,000666
гора 1,139434 0,000217
горами 2,207275 0,000210
горах 1,714798 0,000163
гордумы 2,813411 0,000267
горе 1,771957 0,000842
горийским 3,912023 0,000372
горловка 1,309333 0,000124
город 0,544727 0,002899
город-миллионер 2,659260 0,000253
города 0,430783 0,003029
города-партнеры 1,771957 0,000337
города-побратимы 0,891598 0,000169
городам 0,798508 0,000152
городами 0,916291 0,000087
городами-побратимами 1,714798 0,000163
городе 0,693147 0,001449
городец 2,120264 0,000201
городища 2,120264 0,000201
городов 0,579818 0,000827
городовому 3,912023 0,000744
городом 0,798508 0,000379
городом-миллионером 2,407946 0,000229
городом-спутником 3,912023 0,000372
городпро 0,867501 0,000082
городсаратов 3,912023 0,000372
городская 0,843970 0,000241
городские 0,941609 0,000358
городским 0,798508 0,000152
городских 0,713350 0,001491
городского 0,693147 0,000527
городское 1,203973 0,000114
городской 0,755023 0,001507
городскому 2,302585 0,000656
городскую 1,609438 0,000306
городу 0,798508 0,000152
горожанам 2,995732 0,000285
горчичного 3,912023 0,000372
горы 1,108663 0,000211
горького 1,139434 0,000108
горючка 3,912023 0,000372
горячко 1,609438 0,000153
госкомстат 0,891598 0,000169
госкопрорации 3,912023 0,000372
госкорпорации 3,506558 0,001666
гостевой 3,506558 0,000333
гостиница 1,386294 0,000527
гостиницы 1,347074 0,000384
гостиный 2,407946 0,000229
гостит 3,912023 0,000372
гостья 3,912023 0,000372
государства 0,843970 0,000160
государственная 0,941609 0,000358
государственного 0,616186 0,000176
государственное 0,776529 0,000074
государственной 0,616186 0,000468
государственном 1,714798 0,000326
государственные 1,514128 0,000288
государственный 0,430783 0,000573
государство 1,347074 0,000128
готовицкий 3,912023 0,000372
готовы 2,525729 0,000240
гош 3,506558 0,000333
гоэлро 3,912023 0,000372
гпз 2,995732 0,000285
грабежей 3,218876 0,000306
грабежу 3,912023 0,000372
градостроительного 2,525729 0,000480
градостроительство 2,525729 0,000240
граждан 1,309333 0,000124
гражданам 2,995732 0,000285
гражданские 2,407946 0,000229
гражданскими 3,506558 0,000333
гражданского 2,207275 0,000210
грамоту 3,218876 0,000306
гран-при 2,207275 0,000210
грани 2,302585 0,000219
границ 0,916291 0,000087
граница 1,139434 0,000217
границу 2,120264 0,000201
грас-саратов 3,912023 0,000372
гребля 3,506558 0,000666
греции 1,560648 0,000148
грива 3,218876 0,000306
григорием 2,207275 0,000210
гришину 3,912023 0,000372
гроздь 3,912023 0,000372
грозного 1,966113 0,000187
грузии 1,771957 0,000168
грузия 1,966113 0,000187
грузового 2,813411 0,000802
грузовой 1,514128 0,000144
грузовые 1,771957 0,000674
грузы 2,407946 0,000229
группа 0,693147 0,000198
группу 1,897120 0,000180
группы 0,634878 0,000060
грэс 2,525729 0,000240
гтрк 1,049822 0,000698
губернатора 1,237874 0,000235
губернаторов 2,995732 0,000285
губернатору 2,995732 0,000285
губернии 0,994252 0,000756
губерний 1,714798 0,000163
губернию 2,120264 0,000201
губерниягорода 3,912023 0,000372
губернского 1,714798 0,000489
губернской 2,525729 0,000240
гувернеров 3,912023 0,000372
гудок 3,218876 0,000306
гужевой 3,912023 0,000372
гузы 3,912023 0,000372
гуманитарных 2,302585 0,000219
гуселки 3,912023 0,000372
гуселкой 3,912023 0,000372
дает 1,203973 0,000114
дали 2,120264 0,000403
дало 1,966113 0,000374
дальнейшем 1,309333 0,000124
дальнейший 2,813411 0,000267
данилов 3,218876 0,000306
даниловская 3,912023 0,000372
данного 1,714798 0,000163
данный 0,713350 0,000271
данным 0,415515 0,000118
данных 0,616186 0,000117
дата 0,030459 0,000457
датами 3,506558 0,000333
датская 0,342490 0,000033
дачная 3,506558 0,001666
дачной 3,912023 0,000372
дважды 1,272966 0,000121
две 0,527633 0,000100
движением 2,525729 0,000240
движении 2,040221 0,000194
движения 0,733969 0,000139
двор 1,771957 0,000168
дворец 0,967584 0,000276
дворов 1,897120 0,000180
дворца 1,660731 0,000158
дворянское 2,813411 0,000267
двух 0,462035 0,000220
девять 1,714798 0,000163
дегтярная 3,912023 0,000372
дегтярный 3,912023 0,000372
действовал 1,660731 0,000158
действовала 1,832581 0,000174
действовали 1,966113 0,000187
действовать -0,009950 -0,000001
действует 0,634878 0,000060
действуют 0,867501 0,000330
действующие 2,040221 0,000194
действующими 3,218876 0,000306
действующих 1,514128 0,000144
дек 0,820981 0,000078
декабря 0,105361 0,000601
делает 1,771957 0,000168
делались 3,506558 0,000333
делать 1,832581 0,000174
деление 0,673345 0,000448
делению 1,832581 0,000174
дело 1,078810 0,000103
дельта 2,040221 0,000194
дельфийские 2,659260 0,000505
дельфин 2,813411 0,000267
демонстраций 3,912023 0,000744
демоскоп 0,820981 0,000312
день 0,562119 0,000374
департамент 1,771957 0,000337
депо 1,771957 0,000168
депутатами 2,040221 0,000194
депутатов 0,891598 0,000254
депутаты 1,347074 0,000128
дергачевский 3,912023 0,000372
дерева 2,302585 0,000219
деревня 1,609438 0,000612
деревообрабатывающий 3,506558 0,000333
десятилетие 2,040221 0,000194
десятилетий 2,407946 0,000229
десятин 3,506558 0,000333
десятка 2,525729 0,000240
десятков 1,660731 0,000316
десять 1,514128 0,000144
детей 0,941609 0,000268
детская 0,916291 0,000087
детские 1,660731 0,000158
детский 1,171183 0,000445
детских 1,272966 0,000242
детского 1,832581 0,000174
детском 2,813411 0,000267
дешевую 3,912023 0,000372
деятельности 0,446287 0,000170
джавским 3,912023 0,000372
дзержинск 1,347074 0,000128
дизайна 2,302585 0,000219
дима 3,506558 0,000333
динамика 1,427116 0,000136
динамо 1,171183 0,000445
динамо-русь 3,912023 0,000372
динес 3,506558 0,000666
дипломанты 3,912023 0,001115
дисциплинам 2,813411 0,000267
длилось 3,218876 0,000306
длина 1,171183 0,000111
длиной 1,272966 0,000121
длительная 2,813411 0,000267
длится 2,040221 0,000194
дмитрий 0,967584 0,000092
дней 0,446287 0,000042
дни 1,237874 0,000235
дня 0,478036 0,000091
добавив 0,941609 0,000089
доблести 1,347074 0,000768
доблестисаратовгорода 3,912023 0,000372
добрич 3,506558 0,000333
добродея 3,506558 0,000333
добродомов 3,912023 0,000372
добыто 3,912023 0,000372
документальной 3,506558 0,000666
документов 0,653926 0,000062
долгий 2,813411 0,000267
долгого 2,525729 0,000240
долгое 1,386294 0,000132
долгожданный 3,912023 0,000372
долготой 0,941609 0,000089
должна 0,544727 0,000052
должности 1,771957 0,000337
должность 1,203973 0,000114
должны 1,021651 0,000097
доли 1,832581 0,000174
доля 0,733969 0,000209
дом 0,562119 0,000588
дом-музей 1,660731 0,000631
домашние 2,813411 0,000267
домашний 1,660731 0,000158
домашняя 2,813411 0,001604
доме 1,427116 0,000407
домов 1,078810 0,000308
доном 2,813411 0,000267
дополнительные -0,009950 -0,000001
допускалось 3,912023 0,000372
дореволюционных 2,659260 0,000253
дорог 0,891598 0,000085
дорога 0,798508 0,000228
дороге 1,427116 0,000271
дороги 0,713350 0,000407
дорогой 1,832581 0,000174
дорожный 2,813411 0,000267
доставлялось 3,912023 0,000372
достигло 1,966113 0,000187
достичь 2,302585 0,000219
достоверность 2,659260 0,001264
достопримечательности 1,049822 0,000200
достроить 3,506558 0,000333
доступен -0,009950 -0,000001
доступность 2,407946 0,000229
доступные 2,995732 0,000285
доступных 2,407946 0,000458
дошел 3,506558 0,000333
драматический 1,203973 0,000114
драмы 1,560648 0,000445
древлеправославной 2,659260 0,000253
древнейших 1,609438 0,000153
другие 0,030459 0,000043
другими 0,616186 0,000059
других -0,009950 -0,000007
дск 3,218876 0,000306
дубки 2,995732 0,000285
дубковского 3,912023 0,000372
дубна 2,120264 0,000201
дубовая 3,912023 0,000372
дубовка 2,040221 0,000194
дудаковский 3,912023 0,000372
дума 1,108663 0,000211
думе 2,120264 0,000201
думу 2,040221 0,000194
думы 1,078810 0,000923
духа 2,302585 0,000219
духовная 1,386294 0,000263
духовницкий 3,912023 0,000372
духовницкое 2,120264 0,000201
духовное 2,040221 0,000194
духовых 3,506558 0,000666
душанбе 2,659260 0,000253
евреи 1,203973 0,000114
еврейская 0,843970 0,000160
еврейский 1,832581 0,000174
еврейское 2,995732 0,000569
европе 0,916291 0,000087
европейской 0,891598 0,000169
европы 0,673345 0,000192
единиц 0,673345 0,000320
единицы 1,386294 0,000132
единоборство 3,912023 0,000372
единое 2,302585 0,000219
единой 1,771957 0,000168
единственный 1,171183 0,000223
единый 1,469676 0,000140
ежегодник 0,820981 0,001092
ежегодно 0,916291 0,000435
ежедневная 3,506558 0,000333
ежемесячно 2,813411 0,000267
еженедельная 2,995732 0,000285
еженедельник 2,302585 0,000656
еженедельно 2,995732 0,000285
екатеринбург 0,843970 0,000160
екатериновский 3,912023 0,000372
екатерины 1,514128 0,000288
елшанкой 3,912023 0,000372
елшанское 3,912023 0,000372
емельян 3,218876 0,000306
епархией 3,506558 0,000333
епархии 1,108663 0,000316
еремеевка 3,912023 0,000372
ершов 2,813411 0,000267
ершовский 3,506558 0,000333
есеевка 3,912023 0,000372
естественных 1,771957 0,000168
ефрона 0,328504 0,000094
жаркое 1,897120 0,000180
жасминная 3,912023 0,000372
жбк 3,506558 0,000333
железная 1,171183 0,000111
железнодорожная 1,309333 0,000124
железнодорожного 0,967584 0,000552
железнодорожной 1,347074 0,000512
железнодорожном 2,407946 0,000229
железнодорожный 0,755023 0,000359
железнодорожных 1,469676 0,000140
железной 0,755023 0,000430
железные 1,771957 0,000337
желтая 2,995732 0,000285
желтобрюхих 3,912023 0,000372
желтый 2,525729 0,000240
жемчужина 2,407946 0,000229
женский 1,309333 0,000373
жертв 2,120264 0,000201
жертвы 2,813411 0,000267
живописи 1,771957 0,000168
живописцы-символисты 3,912023 0,000372
жигулевск 1,832581 0,000174
жизни 0,562119 0,000107
жизнь 0,693147 0,000132
жили 1,832581 0,000174
жилью 3,218876 0,000612
жилья 1,514128 0,000576
жиромская 1,021651 0,000097
жителей 0,673345 0,000256
жкх 2,120264 0,000806
журавли 2,813411 0,000267
журавлиного 3,912023 0,000372
журн 3,506558 0,000666
журнал 0,510826 0,000049
журналиста 3,218876 0,000612
журналистики 3,218876 0,000612
журналы 1,609438 0,000153
заведения 1,108663 0,000421
заведениями 3,912023 0,000372
завод 0,798508 0,001290
завода 0,941609 0,000089
заводов 1,203973 0,000229
заводская 2,659260 0,000253
заводской 2,995732 0,001423
заводы 1,237874 0,000235
заволжск 2,120264 0,000201
заволжье 2,040221 0,000388
заглавная -0,009950 -0,000001
загреб 3,506558 0,000333
заказные 3,912023 0,000372
заказы 3,218876 0,000306
заката 3,912023 0,000372
закладка 2,813411 0,000267
закладывался 3,506558 0,000333
заключаемому 3,506558 0,000333
закон 0,616186 0,000293
законность 3,506558 0,000333
законодательные 2,525729 0,000240
закрыли 2,813411 0,000267
закрылся 2,995732 0,000285
закрыт 1,386294 0,000395
закрытым 2,207275 0,000210
закрытых 2,525729 0,000240
залами 3,912023 0,000372
залетаевский 3,912023 0,000372
залов 1,771957 0,000168
заложил 2,407946 0,000229
залы 1,469676 0,000140
зальный 3,506558 0,001666
заменены 2,525729 0,000240
заменить 0,562119 0,000053
замещение 3,506558 0,000333
замок 2,659260 0,000253
заморская 3,912023 0,000372
занимает 0,616186 0,000117
занимал 1,469676 0,000559
занимали 2,302585 0,000219
занимательных 2,995732 0,000854
занимать 2,813411 0,000267
заниматься 2,302585 0,000219
занял 1,139434 0,000108
занята 2,659260 0,000253
запада 1,021651 0,000097
западе 1,347074 0,000128
западного 1,560648 0,000593
западной 0,994252 0,000189
записьвойти -0,009950 -0,000001
запланировано 2,207275 0,000210
запущен 1,386294 0,000263
зарегистрированный -0,009950 -0,000001
зарегистрировано 1,309333 0,000124
зарубежных 1,469676 0,000279
зарю 3,912023 0,000372
заря 1,560648 0,000297
заседание 2,302585 0,000219
заседании 1,771957 0,000337
засекиным 3,506558 0,000333
заселения 2,659260 0,000253
заселив 3,912023 0,000372
заселить 3,912023 0,000372
заслуженного 3,218876 0,000306
заслуженный 2,040221 0,000194
застройка 1,272966 0,000363
застройки 1,021651 0,000097
засушливое 3,218876 0,000306
затон 1,560648 0,000148
затонская 3,912023 0,000744
заторах 3,912023 0,000372
захоронений 2,407946 0,000229
защиты 0,941609 0,000268
заявили 2,525729 0,000240
заявление -0,009950 -0,000001
збекча 0,000000 0,000000
звание 1,049822 0,000100
звания 1,203973 0,000114
звезда 1,237874 0,000118
звездный 2,302585 0,000438
звенигово 2,120264 0,000201
звуками 3,912023 0,000372
звучания 3,218876 0,000306
здание 0,776529 0,000738
зданием 1,660731 0,000158
здании 1,171183 0,000334
зданий 1,049822 0,000100
зданию 3,912023 0,000372
здания 0,867501 0,000412
здравоохранение 0,941609 0,000179
здравоохранения 1,203973 0,000686
зейферта 3,912023 0,000372
зеленодольск 1,237874 0,000235
зеленый 1,347074 0,000128
земель 1,272966 0,000121
земледельческое 3,912023 0,000372
земли 0,634878 0,000241
землю 1,771957 0,000168
землях 2,407946 0,000229
зенит-саратов 3,912023 0,000372
зерном 3,218876 0,000612
зима 1,021651 0,000194
зимой 0,713350 0,000475
зиму 2,302585 0,000219
златоуст 1,347074 0,000128
злобовка 3,912023 0,000372
злободневными 3,912023 0,000372
змеиного 3,912023 0,000372
знак -0,009950 -0,000001
знаменитую 3,506558 0,000333
знаменитых 2,995732 0,000285
значение 0,314711 0,000030
значении 1,714798 0,000163
значения 0,105361 0,000060
значительной 1,469676 0,000140
золотой 0,843970 0,000160
золотоордынского 2,995732 0,000285
золотые 2,040221 0,000194
золотых 2,407946 0,000229
зон 1,309333 0,000124
зона 0,891598 0,000085
зональная 2,995732 0,000285
зонального 3,912023 0,000372
зоне 0,527633 0,000050
зоны 0,755023 0,000072
зоринский 3,912023 0,000744
зрителей 1,714798 0,000163
зрителя 1,427116 0,000542
зсо 3,912023 0,000744
зубцов 2,040221 0,000194
иван 0,843970 0,000080
ивана 1,078810 0,000103
ивановича 2,040221 0,000194
ивановичу 3,506558 0,000333
иваново 1,139434 0,000108
ивановский 3,218876 0,000306
ивантеевский 3,912023 0,000372
иваньковского 2,120264 0,000201
игорь 1,714798 0,000163
игр 1,609438 0,000153
играл 2,302585 0,000219
игры 1,203973 0,000343
идентификаторы 0,693147 0,000066
идиш 3,912023 0,000372
идущими 3,912023 0,000372
ижевск 1,139434 0,000108
из-за 0,415515 0,000039
избирается 2,120264 0,000201
известия 1,021651 0,000194
известна 1,897120 0,000180
известного 1,609438 0,000153
известны 1,309333 0,000124
известные 0,891598 0,000085
известными 2,120264 0,000201
известных 1,171183 0,000334
изготовление 2,995732 0,000285
изд-во 1,049822 0,000200
издания 1,049822 0,000100
изданиях 2,525729 0,000240
издательский 1,514128 0,000288
издательство 0,510826 0,000243
издаются 2,995732 0,000285
изделия 2,120264 0,000403
изложенных 3,218876 0,000306
изменений 1,272966 0,000484
изменения 0,562119 0,000053
изменились 2,813411 0,000267
изменялся 3,506558 0,000333
измерительной 3,912023 0,000372
износ 2,659260 0,000505
изобразительного 2,995732 0,000285
иллюзионисты 3,912023 0,000372
иллюзионных 3,912023 0,000372
иллюминатор 3,912023 0,000372
иль 3,218876 0,000306
имеется 0,653926 0,000373
имел 1,469676 0,000140
имела 1,832581 0,000174
имени 0,462035 0,002108
именно 0,544727 0,000052
именовался 2,407946 0,000229
имеют 0,371064 0,000035
имеются 0,843970 0,000321
имеющих 1,272966 0,000121
империей 2,659260 0,000253
имя 0,891598 0,000169
иначе 0,733969 0,000070
инвентарной 3,912023 0,000372
индекс 0,941609 0,000089
индустриализации 2,120264 0,000201
индустриальным 3,506558 0,000333
инженера 2,207275 0,000210
инженерии 2,995732 0,000285
инженерное 2,659260 0,000253
инженеров 1,714798 0,000163
инициативе 1,427116 0,000136
инновационная 2,813411 0,000267
иностранных 1,203973 0,000114
иностранцами 2,525729 0,000240
иностранцы 2,995732 0,000285
инспекторских 3,912023 0,000372
инспекционный 3,912023 0,000372
институт 0,478036 0,000636
институте 1,832581 0,000348
институты 1,660731 0,000158
институциональными 3,912023 0,000372
инструмент 2,407946 0,000229
инструментов 1,771957 0,001010
инструменты -0,009950 -0,000003
интерактивный 2,813411 0,000267
интервалы 3,218876 0,000306
интернет-провайдеров 2,659260 0,000253
интернет-телевидения 3,912023 0,000372
инфо 2,659260 0,000253
информатики 1,714798 0,000326
информационное 1,469676 0,001676
информационный 1,427116 0,000136
информационными 3,506558 0,000333
информационных 1,139434 0,000433
информация 0,446287 0,000127
инфраструктура 1,347074 0,000128
ипотека 3,912023 0,000372
ирбис 3,506558 0,000333
иркутск 1,171183 0,000111
ирон 0,000000 0,000000
исаев 2,995732 0,000285
искусств 0,916291 0,000261
искусства 0,733969 0,000070
искусственное 3,912023 0,001487
искусство 0,994252 0,000094
исполнилось 2,813411 0,000267
исполнителей 2,525729 0,000240
исполнительно-распорядительный 2,302585 0,000219
исполняет 2,407946 0,000229
использовали 2,525729 0,000240
использования -0,009950 -0,000001
используется 0,616186 0,000059
использующие 0,040822 0,000008
исток 1,469676 0,000140
истока 1,021651 0,000097
историей 2,207275 0,000210
истории 0,248461 0,000047
историческая 1,237874 0,000118
исторически 1,078810 0,000103
исторический 0,653926 0,000249
исторического 1,049822 0,000100
исторической 1,171183 0,000111
историческом 1,771957 0,000168
историю 0,843970 0,000080
история 0,051293 0,000088
источник -0,009950 -0,000001
источники 0,415515 0,000118
источников 0,371064 0,000106
исчезновение 3,912023 0,000744
исчислении 0,843970 0,000080
итоге 1,427116 0,000271
итоги 0,713350 0,000136
итого 1,609438 0,000153
итогов 0,891598 0,000085
ишимбай 1,309333 0,000124
июле 0,967584 0,000092
июль 0,579818 0,000110
июля 0,116534 0,000399
июне 0,967584 0,000092
июнь 0,544727 0,000052
июня 0,116534 0,000288
кабельных 2,525729 0,000240
кабинет-музей 3,912023 0,000744
каждый 0,733969 0,000070
казаков 1,660731 0,000158
казани 1,771957 0,000168
казанская 2,120264 0,000201
казанской 1,469676 0,000279
казань 0,891598 0,000339
казармы 2,659260 0,000253
казахи 1,514128 0,000144
казахстан 1,469676 0,000140
казахстанские 3,912023 0,000372
казачества 2,407946 0,000229
казачий 2,120264 0,000201
каланчами 3,912023 0,000372
калашников 2,659260 0,000253
калининск 3,912023 0,000372
калининский 2,207275 0,000210
калмыков 2,659260 0,000253
калязин 2,040221 0,000194
каменного 1,966113 0,000187
каменск-уральский 1,347074 0,000128
камня 2,040221 0,000388
камское 1,966113 0,000187
камышин 2,120264 0,000201
канал 0,843970 0,000401
канализация 2,813411 0,000267
канатный 3,912023 0,000372
каноэ 3,912023 0,000372
канцелярии 2,407946 0,000229
канцелярия 2,407946 0,000229
капитального 2,659260 0,000253
капитальные 3,506558 0,000333
карат 3,912023 0,000372
карелиным 3,912023 0,000372
карельским 3,912023 0,000372
каррборо 3,912023 0,000372
карт 1,514128 0,000144
картами 0,562119 0,000053
картины 2,120264 0,000201
карусель 1,832581 0,000348
каскад 2,407946 0,000229
каспий 2,407946 0,000229
каспийск 1,272966 0,000121
каспийского 1,897120 0,000180
каспия 2,995732 0,000285
каталогах 0,094311 0,000009
катания 2,813411 0,000267
категории -0,009950 -0,000002
катки 3,218876 0,000306
каток 3,218876 0,001224
кафедральный 1,021651 0,000194
качества 1,078810 0,000103
качестве 0,478036 0,000045
качественные 3,218876 0,000306
кают-компания 3,912023 0,000372
квадратного 3,218876 0,000306
квартале 2,407946 0,000229
кварталы 1,514128 0,000288
кей 2,302585 0,000219
кемерово 1,237874 0,000118
керамика 2,995732 0,000285
кибальникова 3,912023 0,000744
кимры 2,120264 0,000201
кинешма 2,120264 0,000201
кино 0,994252 0,000378
киноклубные 3,912023 0,000372
кинооборудованием 3,506558 0,000333
кинопрокат 3,912023 0,000372
кинопроката 3,506558 0,000333
кинотеатр 1,108663 0,000737
кинотеатра 1,771957 0,000505
кинотеатрах 3,218876 0,000306
кинотеатре 2,813411 0,000267
кинотеатров 1,237874 0,000118
кинотеатры 1,078810 0,000205
кинофестивали 2,995732 0,000285
кириллу 3,506558 0,001000
кирин 3,912023 0,000372
киров 1,309333 0,000124
кирова 1,386294 0,000790
кировский 1,237874 0,000588
кирпичный 3,218876 0,000306
киселева 2,813411 0,000802
киселеву 3,912023 0,000744
китай 0,867501 0,000247
киц 3,912023 0,000372
кладбищ 1,966113 0,000187
кладбища 1,560648 0,000593
кладбище 1,347074 0,000384
кладбищенский 3,218876 0,000306
клещевка 3,912023 0,000372
климат 0,494296 0,000282
климата 0,733969 0,000070
климента 2,813411 0,000267
клиники 2,659260 0,000253
клоун 3,218876 0,000306
клуб 0,916291 0,001132
клубов 2,040221 0,000194
клубы 1,108663 0,000105
клыков 2,995732 0,000285
ключ 1,660731 0,000158
кмказань 2,040221 0,000194
кмкраснодар 3,218876 0,000306
кммосква 1,832581 0,000174
кмнижний 2,525729 0,000240
кмсочи 2,120264 0,000201
кмтольятти 3,912023 0,000372
книг 1,660731 0,000473
книга 0,843970 0,000160
книгах 2,659260 0,000505
книги 0,916291 0,000174
книжного 3,218876 0,000306
книжное 1,078810 0,000205
княже-владимирский 3,912023 0,000372
князевка 3,912023 0,000372
князевского 3,912023 0,000372
князем 1,714798 0,000163
ковалева 2,302585 0,000219
кого 2,207275 0,000210
код -0,009950 -0,000047
кодекс -0,009950 -0,000001
кодекса 2,659260 0,000505
кодистория 0,116534 0,000011
кожевенный 2,995732 0,000285
козино 2,120264 0,000201
козлаковка 3,912023 0,000372
козловка 2,120264 0,000403
козьмодемьянск 2,120264 0,000201
кокурино 3,912023 0,001115
количество 0,328504 0,000125
колледж 1,386294 0,002503
колледжа 3,218876 0,000306
коллектив 2,407946 0,000229
коллективов 2,207275 0,000420
коллективы 2,120264 0,000201
коллекции 1,560648 0,000445
коллекция 1,714798 0,000815
колокольный 3,506558 0,000333
колокольных 3,912023 0,000372
колокольчиков 3,912023 0,000372
коломна 1,272966 0,000121
колонистами 3,506558 0,000333
колония 2,302585 0,000219
колотов 3,912023 0,000372
команда 1,272966 0,000121
командное 2,525729 0,000480
комарова 2,302585 0,000219
комаровых 3,912023 0,000372
комбикормовый 3,506558 0,000333
комедии 2,040221 0,000194
коми 1,514128 0,000144
комиссара 3,218876 0,000306
комиссариат 3,218876 0,000306
комитет 0,755023 0,000143
комитета 1,203973 0,000114
комитетом 3,218876 0,000306
комитету 2,813411 0,000267
комм 2,995732 0,000285
коммерсантъ 1,139434 0,000217
коммунальное 2,813411 0,000535
коммунальные 3,506558 0,000333
коммунальных 2,659260 0,000505
компании 0,579818 0,000276
компанию 2,302585 0,000219
компания 0,653926 0,000062
комплекс 0,653926 0,000373
комплекса 1,272966 0,000121
комплексов 1,386294 0,000132
композитор 1,966113 0,000187
композиторов 2,995732 0,000569
комсомолец 1,560648 0,000297
комсомольск-на-амуре 1,203973 0,000114
комсомольская 1,171183 0,000223
комсомольский 1,714798 0,000163
конаково 2,120264 0,000201
кондитерские 2,995732 0,000285
кондиционерами 3,912023 0,000372
кондратия 3,506558 0,000333
конец 0,798508 0,000076
конкурса 1,660731 0,000947
конкурсов 2,407946 0,000458
конно-железная 3,506558 0,000333
консерватории 3,218876 0,001529
консерватория 2,302585 0,001532
константиновка 3,506558 0,000333
константиновский 1,966113 0,000187
контакт 3,506558 0,000333
контактная 3,506558 0,000333
континентальный 0,776529 0,000148
контора 2,525729 0,000240
контракту 2,813411 0,000267
контроль 1,427116 0,000136
контрольно-счетная 2,207275 0,000420
контрольно-счетный 2,813411 0,000267
конфессии 1,237874 0,000118
конфиденциальности -0,009950 -0,000001
конца 0,562119 0,000267
конце 0,430783 0,000205
концертах 3,912023 0,000372
концертные 2,040221 0,000194
концертный 1,660731 0,000316
кооперативный 2,659260 0,000253
копии 0,653926 0,000124
копия 0,328504 0,000687
короткий -0,009950 -0,000001
короткометражные 3,506558 0,000333
корпорации 2,120264 0,000201
корпус 1,272966 0,000242
корпусом 2,995732 0,000285
коррективы 3,912023 0,000372
корчева 2,040221 0,000194
космической 2,120264 0,000201
космонавтов 2,040221 0,000776
кострома 1,171183 0,000223
кот 2,525729 0,000240
котельникова 3,506558 0,000333
котловине 2,659260 0,000505
котлякова 2,659260 0,000253
которая 0,287682 0,000082
которого 0,301105 0,000086
которое 0,478036 0,000091
которой 0,174353 0,000083
котором 0,301105 0,000057
которому 0,843970 0,000160
которую 0,867501 0,000165
которые 0,162519 0,000015
который 0,105361 0,000020
которым 0,798508 0,000076
которых 0,094311 0,000063
кравец 1,386294 0,000132
краеведения 2,659260 0,000253
краеведческий 1,237874 0,000118
краеведческом 2,995732 0,000285
красивости 3,912023 0,000372
красивый 2,525729 0,000240
красноармейск 3,506558 0,000333
красноармейский 2,040221 0,000194
краснодона 3,912023 0,000372
красное-на-волге 2,120264 0,000201
краснокутский 3,912023 0,000372
краснооктябрьского 3,506558 0,000333
краснопартизанский 3,912023 0,000372
краснослободск 2,120264 0,000201
красноярск 0,967584 0,000092
красные 1,660731 0,000158
красный 0,941609 0,000447
краткая 0,967584 0,000092
кратчайшего 3,506558 0,000333
края 0,713350 0,000407
кредит 3,506558 0,000333
крепости 1,203973 0,000229
крепость 1,078810 0,000103
кристалл 2,407946 0,000915
кристалл-балалайка 3,912023 0,000372
кроме 0,235722 0,000112
кросфит 3,912023 0,000372
круглый 2,659260 0,000253
круизных 2,813411 0,000267
крупнейшей 1,560648 0,000148
крупнейший 0,755023 0,000143
крупнейшим 1,203973 0,000343
крупнейшими 1,771957 0,000168
крупнейших 0,634878 0,000241
крупномасштабных 2,995732 0,000285
крупные 0,579818 0,000220
крупный 0,798508 0,000152
крупным 1,021651 0,000388
крупных 0,494296 0,000094
крупчатое 3,912023 0,000372
крутец 3,912023 0,000372
крыловъ 3,912023 0,000372
крыльях 2,995732 0,000569
крыма 0,843970 0,000080
крытого 3,912023 0,000744
крытые 3,506558 0,000666
кстово 2,040221 0,000194
кубанских 3,506558 0,000333
кузнецка 2,995732 0,000285
кузнецова 2,040221 0,000388
кузнечной 3,912023 0,000372
кузьмин 2,525729 0,000240
куйбышевский 1,771957 0,000168
куки -0,009950 -0,000001
кукол 0,916291 0,000087
кулинарных 3,506558 0,000333
культур 1,309333 0,000124
культура 0,653926 0,000435
культурного 0,916291 0,000348
культурный 1,108663 0,000105
культурными 3,506558 0,000333
культуру 2,120264 0,000201
культуры 0,462035 0,000351
кумаков 3,912023 0,001115
кумысной 3,912023 0,000744
купеческий 2,995732 0,000285
купеческое 3,912023 0,000372
купца 1,560648 0,000297
курган 1,237874 0,000118
курдюм 3,912023 0,000744
курсирующему 3,912023 0,000372
кустарей-гармошечников 3,912023 0,000372
кут 3,506558 0,000333
кушнерев 2,995732 0,000569
кыргызча 0,000000 0,000000
лавриненко 3,506558 0,000333
лазерный 3,912023 0,000372
лазурный 2,407946 0,000229
ламп 3,912023 0,000372
лаптев 3,506558 0,000333
лауреат 2,040221 0,000969
лауреатов 2,995732 0,000285
лауреаты 3,218876 0,000306
левицкий 3,506558 0,000333
левобережной 2,207275 0,000210
левом 1,309333 0,000124
легендарный 2,813411 0,000267
легенды 2,207275 0,000210
легкая 1,897120 0,000180
ледовый 1,560648 0,000148
лекционных 3,912023 0,000744
ленина 0,867501 0,000082
ленинск-кузнецкий 1,347074 0,000128
ленинский 1,078810 0,000923
ленину 1,272966 0,000242
лента 1,560648 0,000148
лентах 3,912023 0,000372
леопольдов 3,912023 0,000372
лесом 2,302585 0,000438
лесостепь 2,659260 0,000253
лет 0,223144 0,000233
летию 1,078810 0,000410
летия 1,108663 0,000105
летняя 2,302585 0,000219
лето 0,891598 0,000169
летопись 1,832581 0,000348
лечебница 3,912023 0,000372
лечебные 2,659260 0,000253
лиаз 2,659260 0,000253
либо 0,000000 0,000000
лидия 2,995732 0,000285
ликвидирован 2,120264 0,000201
ликеро-водочный 3,218876 0,000306
лиманской 3,912023 0,000744
лимкор 3,912023 0,000372
линии 0,755023 0,000072
линий 1,309333 0,000249
липки 3,506558 0,000666
липовка 3,506558 0,000333
липовский 3,912023 0,000372
лира 3,912023 0,000372
литература 0,061875 0,000012
литературной 2,525729 0,000240
литературные 2,525729 0,000240
литературный 1,427116 0,000407
литий-элемент 3,912023 0,000372
лица 1,272966 0,000121
лицах 2,659260 0,000253
лицеев 1,771957 0,000168
лицей 2,207275 0,001888
лицей-интернат 3,218876 0,000306
лицензии -0,009950 -0,000002
лицензия 2,040221 0,000194
лицо 1,771957 0,000168
лишь 0,478036 0,000091
лодзь 3,218876 0,000306
локомотив 1,771957 0,000505
локомотивное 3,218876 0,000306
ломоносова 2,040221 0,000194
лопатиной 3,912023 0,000372
луганск 1,203973 0,000114
луговой 3,218876 0,000306
лукойл 2,995732 0,000285
лучшие 1,560648 0,000148
лучший 2,040221 0,000194
лучших 1,049822 0,000299
лыжероллерная 3,506558 0,000666
лыжный 2,659260 0,000253
лыжных 2,659260 0,000253
лыжня 3,506558 0,000333
лысково 2,040221 0,000194
лысогорский 3,912023 0,000372
лысой 3,912023 0,000744
лысьва 1,347074 0,000128
любители 3,218876 0,000306
людей 0,693147 0,000132
люди 0,755023 0,000072
людьми 1,609438 0,000153
люкс 2,995732 0,000285
люкшина 3,912023 0,001115
магадан 1,237874 0,000118
магазин 1,897120 0,000180
магазины 2,207275 0,000210
магии 3,912023 0,001115
магистрали 1,078810 0,000205
магистраль 1,427116 0,000136
магистральных 2,813411 0,000267
магнит 1,714798 0,000163
магнитогорск 1,272966 0,000121
мадонне 3,912023 0,000372
май 0,597837 0,000114
майна 2,040221 0,000194
майорова 3,506558 0,000333
макарьево 2,120264 0,000201
максим 1,560648 0,000148
максима 2,120264 0,000201
максимов 3,506558 0,001333
максимум 0,733969 0,000139
малая 1,469676 0,000279
малинин 3,506558 0,000333
малоэтажная 3,506558 0,000333
малый 0,371064 0,000035
малыми 2,302585 0,000219
маме 3,506558 0,000666
манифесту 3,912023 0,000372
марии 2,040221 0,000388
мариинский 1,897120 0,000180
мариймакедонскимонгол 0,000000 0,000000
марины 3,218876 0,000306
мария 1,832581 0,000174
марка 0,867501 0,000082
маркиза 3,912023 0,000744
маркс 1,897120 0,000361
марксовский 3,912023 0,000372
март 0,616186 0,000117
марта 0,139262 0,000265
маршрут 1,272966 0,000605
маршрутам 2,525729 0,000480
маршрутного 3,218876 0,000306
маршрутные 2,302585 0,000219
маршрутов 0,967584 0,000184
маршруту 1,832581 0,000174
маршруты 1,272966 0,000121
масла 3,218876 0,000306
маслобойная 3,912023 0,000372
маслозавод 3,912023 0,000372
массового 1,966113 0,000374
массовых 1,832581 0,000174
мастеров 1,897120 0,000180
мастерская 2,525729 0,000240
мастерские 2,120264 0,000201
мастерских 2,525729 0,000240
масштаба 2,207275 0,000420
математики 1,660731 0,000316
материал -0,009950 -0,000001
материалов 0,755023 0,000072
матроскин 3,912023 0,000372
матч 1,347074 0,000128
маханный 3,912023 0,000372
махино 3,912023 0,000372
машин 1,139434 0,000108
машиностроение 1,560648 0,000148
машиностроения 1,469676 0,000559
машиностроительные 2,995732 0,000285
мая 0,139262 0,000622
маяк 1,108663 0,000211
мвд 1,309333 0,000124
мвт 2,525729 0,001200
мебель 2,995732 0,000285
мебельная 2,659260 0,000253
мебельные 3,912023 0,000372
мегафон 1,237874 0,000118
мегафону 3,506558 0,000333
мед 2,813411 0,000267
медвежьем 3,912023 0,000372
медиафайлы 0,301105 0,000029
медико-биологический 3,912023 0,000372
медицинские 1,897120 0,000361
медицинский 0,891598 0,000339
медцентры 3,912023 0,000372
межвузовский 2,659260 0,000253
междугородние 3,218876 0,000306
международно 1,139434 0,000108
международного 0,733969 0,000418
международном 1,832581 0,000174
международные 0,941609 0,000179
международный 0,713350 0,000203
международных 0,967584 0,000092
межмуниципальных 3,912023 0,000372
мезенцева 3,912023 0,000744
мелодрамы 3,912023 0,000744
мельниц 3,218876 0,000306
мельница 2,525729 0,000720
мельницах 3,912023 0,000372
мельницы 2,813411 0,000535
мемориальный 1,469676 0,000279
менее 0,314711 0,000030
меньше 0,755023 0,000072
меньшее 2,995732 0,000285
менякин 3,912023 0,000372
менякина 3,912023 0,000372
мергичевка 3,912023 0,000372
мероприятий 1,514128 0,000144
мероприятия 1,272966 0,000242
меры 2,207275 0,000210
мест 0,713350 0,000339
места 0,579818 0,000110
месте 0,544727 0,000207
местного 0,941609 0,000358
местной 1,832581 0,000174
местных 1,108663 0,000316
место 0,371064 0,000388
местом 1,049822 0,000100
месторождения 1,966113 0,000187
месяца 1,347074 0,000128
месяцев 1,171183 0,000111
месяцевикипедия 0,776529 0,000074
месяцы 1,966113 0,000187
металла 2,302585 0,000219
металлообрабатывающая 3,912023 0,000372
металлообработку 3,912023 0,000372
метеор 2,659260 0,000253
метра 1,560648 0,000148
метро 1,272966 0,000363
метров 0,776529 0,000074
метрополитена 1,660731 0,000158
метрополитенов 2,813411 0,000267
мефодию 3,506558 0,001000
механизированных 3,506558 0,000333
механики 2,525729 0,000240
механических 2,659260 0,000253
мечеть 1,078810 0,000103
мечта 2,813411 0,000267
мещанин 3,912023 0,000372
миасс 1,309333 0,000124
миграционная 3,218876 0,000306
микроб 3,912023 0,000372
микроорганизмов 2,525729 0,000240
микрорайоны 1,609438 0,000153
милиции 2,207275 0,000210
миллиона 1,386294 0,000132
мин 2,525729 0,000240
мини-отель 3,912023 0,000372
мини-футбольный 2,207275 0,000420
минимальны 3,218876 0,000306
минимум 0,693147 0,000132
министерства 0,891598 0,000169
министерству 2,995732 0,000285
министр 2,120264 0,000201
минтрансе 3,506558 0,000333
мир 0,342490 0,000065
мира 0,415515 0,000118
мираж 3,218876 0,000306
мириада 3,912023 0,000372
михаил 0,916291 0,000174
михайлович 1,386294 0,000132
михайловича 2,525729 0,000480
михайловка 3,506558 0,000333
михайловский 2,407946 0,000229
михайловского 3,912023 0,000372
михельсона 3,912023 0,000372
млн 0,462035 0,000088
млрд 0,820981 0,000234
мма 3,912023 0,000372
мнение 1,427116 0,000271
многие 0,356675 0,000169
многих 0,494296 0,000188
многоконфессиональный 2,995732 0,000285
многонациональном 3,506558 0,000333
многофункциональный 2,813411 0,000267
многочисленными 1,966113 0,000187
многочисленных 1,560648 0,000148
многоэтажные 2,813411 0,000267
множество 0,597837 0,000114
мною 3,912023 0,000372
мобильная -0,009950 -0,000001
могло 2,120264 0,000201
могут -0,009950 -0,000001
модуль 0,941609 0,000089
мое 2,813411 0,000267
можете 0,653926 0,000124
мокшень 0,000000 0,000000
молл 2,525729 0,000720
молога 2,120264 0,000201
молодежи 1,469676 0,000698
молодежный 1,309333 0,000124
молодежных 2,302585 0,000219
молодежь 2,659260 0,000253
молодость 2,995732 0,000285
молот 2,813411 0,000267
молчаливая 3,912023 0,000372
молчанов 3,218876 0,000306
момент 0,597837 0,000057
монастырь 1,139434 0,000108
монета 1,309333 0,000124
мониторинга 1,714798 0,000163
мончегорск 1,347074 0,000128
мордва 1,309333 0,000124
морозы 2,207275 0,000210
моря 0,579818 0,000110
москва 0,400478 0,000381
москвасаратов 3,912023 0,000372
москве 1,171183 0,000111
москвой 1,237874 0,000118
москву 1,139434 0,000217
москвы 0,653926 0,000062
московский 0,891598 0,000169
московского 0,867501 0,000247
московской 1,237874 0,000118
мост 0,967584 0,000184
моста 1,139434 0,000108
мостов 1,560648 0,000148
мощность 2,207275 0,001888
мрамора 2,995732 0,000285
мск 0,843970 0,000080
мтс 1,237874 0,000118
мужская 2,302585 0,000219
муз 2,659260 0,000253
музее 1,771957 0,000505
музеев 1,309333 0,000124
музеи 0,820981 0,000312
музей 0,776529 0,002878
музей-усадьба 2,525729 0,000240
музейное 2,995732 0,000285
музейной 3,218876 0,001224
музея 1,021651 0,000388
музы 3,912023 0,000372
музыка 1,347074 0,000384
музыкальные 1,966113 0,000374
музыкальных 1,832581 0,000174
музыкант 2,995732 0,000285
музыки 1,469676 0,000698
мука 2,995732 0,000285
муки 2,995732 0,000569
мукомольное 3,506558 0,000333
мукомольной 3,506558 0,000333
мультимедийного 3,912023 0,000372
мультиплекса 1,897120 0,000180
мулявина 3,912023 0,000372
муниципалитетами 3,912023 0,000372
муниципального 0,891598 0,001949
муниципальное 1,139434 0,000108
муниципальные 1,309333 0,000124
муниципальный 1,386294 0,000132
муниципальным 0,776529 0,000959
муниципальных 0,776529 0,000443
муп 1,897120 0,000180
мупп 3,912023 0,000372
мусульман 1,660731 0,000158
мутный 3,912023 0,000372
мфк 2,995732 0,000285
мчс 2,120264 0,000201
мышкин 2,120264 0,000201
мэрия 1,897120 0,000180
мясницкий 3,912023 0,000372
мясницкой 3,912023 0,000372
мясом 3,506558 0,000333
мячом 1,771957 0,000168
набережная 1,139434 0,000217
набережной 1,272966 0,000484
набережную 2,407946 0,000229
наблюдений 1,386294 0,000132
навигации -0,009950 -0,000002
навигация -0,009950 -0,000002
наводится 3,912023 0,000372
наволоки 2,120264 0,000201
навсегда 2,813411 0,000267
нагорной 2,995732 0,000285
награды 0,867501 0,000082
надписью 2,659260 0,000253
назад 1,108663 0,000105
назаровка 3,912023 0,000372
название 0,198451 0,000094
названий 1,078810 0,000103
названию 1,966113 0,000187
названия 0,342490 0,000065
названы 1,386294 0,000132
назначался 2,995732 0,000285
назовут 2,995732 0,000285
называемая 2,120264 0,000201
называется 0,916291 0,000087
называться 1,660731 0,000158
наиболее 0,139262 0,000040
наименованием 3,506558 0,000666
наличием 2,525729 0,000240
наместничества 1,660731 0,000158
намечен 3,912023 0,000372
нами -0,009950 -0,000002
нападать 3,912023 0,000372
направлениях 1,832581 0,000174
напротив 1,237874 0,001176
наратбанк 3,912023 0,000372
нариманов 2,120264 0,000201
народа 1,714798 0,000163
народная 0,713350 0,000068
народное 0,798508 0,000304
народной 1,966113 0,000374
народные 1,832581 0,000348
народный 1,469676 0,000279
народных 1,203973 0,000343
народов 0,798508 0,000304
наряду 1,078810 0,000205
насаждении 3,506558 0,000333
население 0,693147 0,000593
населением 0,776529 0,000148
населения 0,494296 0,002208
населениягод 0,000000 0,000000
населенного 2,525729 0,000480
населенные 0,673345 0,000384
населенный 1,609438 0,000153
населенными 1,966113 0,000374
населенных 0,693147 0,000659
наследия 0,820981 0,000312
настоящее 0,328504 0,000156
наступает 0,916291 0,000087
насчитывает 1,347074 0,000128
наталии 3,912023 0,000372
наук 0,693147 0,000395
наука 0,301105 0,000057
науч 1,714798 0,000163
научная 0,798508 0,000152
научно-исследовательские 2,040221 0,000194
научно-исследовательский 1,237874 0,000235
научно-производственные 3,912023 0,000372
научное 0,891598 0,000085
научный 0,941609 0,000089
научным 1,771957 0,000168
научных 0,776529 0,000074
находился 0,776529 0,000148
находится 0,328504 0,000343
находка 1,171183 0,000111
находят 2,813411 0,000267
находятся 0,527633 0,000100
находящихся 2,207275 0,000210
национальная 1,108663 0,000105
национальной 1,272966 0,000242
национальности 0,867501 0,000165
национальность 1,237874 0,000235
национальные 2,120264 0,000201
национальный 0,597837 0,000114
начал 0,798508 0,000228
начала 0,314711 0,000209
начале 0,314711 0,000120
начало 0,415515 0,000039
начался 1,347074 0,000128
началу 1,171183 0,000111
начальство 3,218876 0,000306
начата 2,659260 0,000253
начато 1,469676 0,000140
начаться 3,912023 0,000372
начинается 0,755023 0,000072
начиная 0,733969 0,000209
наш 1,609438 0,000153
наши 1,609438 0,000306
наших 1,469676 0,000140
нвк-банк 3,912023 0,000372
нвкбанк 3,912023 0,000372
небанковская 3,506558 0,000333
небольших 1,660731 0,000158
небольшое 2,040221 0,000194
небом 2,040221 0,000194
невилль-де-пуату 3,912023 0,000372
невского 1,427116 0,000271
невысокими 3,218876 0,000306
негосударственный 2,813411 0,000267
недели 2,120264 0,000201
недостатков 0,653926 0,000062
недоступная 0,527633 0,000401
недоступные 0,755023 0,000072
недофинансирования 3,912023 0,000372
независимая 1,966113 0,000187
неизвестно 2,659260 0,000253
некоммерческой -0,009950 -0,000001
некорректный 2,120264 0,000201
некоторые 0,301105 0,000086
некоторых 0,494296 0,000047
некрасовское 2,120264 0,000201
нем 0,356675 0,000034
немецкая 1,966113 0,000187
немецкий 1,427116 0,000136
немецкими 2,407946 0,000229
немецкой 1,897120 0,000180
немцев 2,207275 0,000210
немцевсаратовская 3,912023 0,000372
необходим 3,218876 0,000306
необходимо 1,237874 0,000118
необходимое 2,525729 0,000240
неофициально 2,302585 0,000219
нерабочими 1,021651 0,000097
неразгаданный 3,912023 0,000372
нередки 2,813411 0,000267
нередко 1,108663 0,000105
нескольких 0,755023 0,000143
несколько 0,150823 0,000100
несопоставимы 3,912023 0,000372
нефтегазовых 3,218876 0,000306
нефтехимического 3,912023 0,000372
нефтяная 2,659260 0,000758
нефтяной 2,407946 0,000229
нефтяными 3,506558 0,000333
ниже 0,693147 0,000066
нижне-волжский 3,506558 0,000333
нижневолжского 3,506558 0,000333
нижнего 1,514128 0,000144
нижней 1,514128 0,000144
нижние 1,660731 0,000158
нижний 0,673345 0,000320
низкая 1,660731 0,000158
низкие 2,040221 0,000194
низменный 2,995732 0,000285
низовьев 3,218876 0,000306
нии 1,237874 0,000471
никитина 2,302585 0,000219
никитиным 3,506558 0,000666
никитиными 3,912023 0,000372
никитиных 3,506558 0,001666
николаевич 1,309333 0,000124
николаевск 1,966113 0,000187
николаем 2,302585 0,000219
николай 0,867501 0,000247
николая 0,916291 0,000174
никольской 3,218876 0,000306
ними 1,049822 0,000100
нити 3,506558 0,000333
нобелевской 2,659260 0,000253
новая 0,634878 0,000181
новгород 0,867501 0,000412
новгорода 2,040221 0,000194
новинках 3,912023 0,000372
ново-нахичеванской 3,912023 0,000372
новоалександровка 3,912023 0,000372
новобурасский 3,912023 0,000372
нового 0,579818 0,000165
новогусельский 3,912023 0,000372
новодевичье 2,120264 0,000201
новое 0,755023 0,000502
новой 0,653926 0,000062
новокузнецк 1,272966 0,000121
новокуйбышевск 2,120264 0,000201
новом 1,386294 0,000263
новомосковск 1,203973 0,000114
новороссии 3,506558 0,000333
новосибирск 0,916291 0,000087
новости 0,579818 0,000386
новоузенск 3,506558 0,000333
новоузенский 3,912023 0,000372
новоульяновск 2,120264 0,000201
новочебоксарск 2,120264 0,000201
новые 0,342490 0,000098
новый 0,446287 0,000297
новым 1,049822 0,000100
новыми 1,560648 0,000148
новых 0,430783 0,000082
номинации 2,207275 0,000210
норвежская 0,248461 0,000024
норильск 1,203973 0,000114
норма 0,798508 0,000076
нохчийн 0,000000 0,000000
нояб 0,820981 0,000078
ноябрь 1,171183 0,000111
ноября 0,127833 0,000267
нпз 2,659260 0,000253
нпо 2,207275 0,000210
нпп 3,218876 0,000612
нпц 2,813411 0,000267
нпцап 3,912023 0,000372
нська 0,000000 0,000000
нтв 1,427116 0,000136
нумерация 2,525729 0,000240
нумизматическая 3,912023 0,000372
нынешней 1,966113 0,000187
ньскъ 0,000000 0,000000
нэск 3,912023 0,000744
оазис 3,506558 0,000333
оао 0,916291 0,000087
обеих 2,207275 0,000210
обеспечивали 2,995732 0,000285
обеспечивают 1,514128 0,000144
обзор 1,171183 0,000223
обладатель 1,832581 0,000174
области 0,223144 0,000785
областиобластные 2,407946 0,000229
областная 1,309333 0,000747
областного 1,108663 0,000316
областной 1,078810 0,002665
область 0,385662 0,000110
областьгорода 1,309333 0,000124
облик 1,272966 0,000121
обновив 1,832581 0,000174
обновления 1,514128 0,000144
обновлениявикипедия 1,771957 0,000168
обогатился 3,506558 0,000333
оборонно-промышленный 3,506558 0,000333
оборонного 3,218876 0,000306
оборонной 2,659260 0,000253
оборонявшие 3,912023 0,000372
оборудован 2,995732 0,000285
оборудование 1,347074 0,000128
оборудованные 3,912023 0,000372
оборудованы 2,995732 0,000854
образован 1,347074 0,000128
образование 0,494296 0,000188
образованием 1,966113 0,000187
образований 1,386294 0,000263
образованию 2,040221 0,000194
образования 0,478036 0,001181
образованиям 0,776529 0,000959
образовательные 1,714798 0,000489
образовательный 2,120264 0,000201
образовательными 3,218876 0,000306
образом 0,371064 0,000071
образует 0,994252 0,000094
обращения 0,030459 0,000457
обрел 3,912023 0,000372
обсудили 3,218876 0,000612
обход 1,832581 0,000348
обхода 2,207275 0,001049
общего 0,713350 0,000136
общедоступный 2,525729 0,000240
общей 0,597837 0,000114
общеобразовательных 1,203973 0,000114
общества 0,776529 0,000148
общественного 0,916291 0,000261
общественное 1,966113 0,000187
общественный 0,941609 0,000179
общественным 2,302585 0,000219
общественных 1,021651 0,000097
общие 0,673345 0,000064
объединений 2,040221 0,000194
объединению 2,525729 0,000240
объединены 1,832581 0,000348
объединили 3,912023 0,000372
объединяет 1,771957 0,000168
объезд 3,912023 0,000744
объездная 2,659260 0,000253
объект 1,386294 0,000132
объектов 0,527633 0,000150
объекты 0,478036 0,000045
объемные 3,912023 0,000372
объявлено 1,832581 0,000174
объявлены 2,995732 0,000285
обыкновенные 2,995732 0,000285
обязан 2,407946 0,000229
обязанности 1,427116 0,000136
оврагами 2,207275 0,000210
овраги 2,525729 0,000240
огней 3,506558 0,000333
огнестрельного 3,218876 0,000306
ограничен 2,525729 0,000240
ограничений 1,832581 0,000174
одежды 2,659260 0,000253
одна 0,527633 0,000100
однако 0,174353 0,000083
одни 1,714798 0,000163
одним 0,494296 0,000282
одно 0,693147 0,000066
одновременно 0,776529 0,000074
одного 0,544727 0,000052
одноименный 2,407946 0,000229
одной 0,371064 0,000071
одноклассникам 3,912023 0,001115
озинский 3,912023 0,000372
оказывает 1,427116 0,000136
окато 0,820981 0,000078
около 0,000000 0,000000
окончание 2,659260 0,000253
окрась 3,912023 0,000372
окрестности 1,560648 0,000148
округ 0,673345 0,000192
округа 0,653926 0,000311
округов 0,776529 0,000517
округом 2,302585 0,000219
округу 1,714798 0,000489
окруженной 2,813411 0,000267
окружила 3,912023 0,000372
окт 0,798508 0,000076
октмо 0,843970 0,000080
октябрь 0,867501 0,000165
октябрьск 2,120264 0,000201
октябрьская 1,897120 0,000180
октябрьский 1,078810 0,000615
октября 0,083382 0,000357
олег 1,427116 0,000271
олега 1,966113 0,000187
олегу 3,912023 0,001487
олимпийских 1,897120 0,000180
олимпия 2,813411 0,000267
олык 0,000000 0,000000
ольга 1,427116 0,000271
омск 1,021651 0,000097
онлайн 0,198451 0,000019
оно 0,000000 0,000000
онским 3,912023 0,000372
ооо 0,843970 0,000401
опасные 2,813411 0,000267
опекунства 3,912023 0,000372
операторов 1,347074 0,000256
операций 1,771957 0,000168
оперетты 2,995732 0,000285
оперные 3,506558 0,000333
оперы 1,660731 0,000631
описание -0,009950 -0,000002
определяющий 3,506558 0,000333
орган 1,203973 0,000572
организации -0,009950 -0,000004
организацию 2,207275 0,000210
организация 0,891598 0,000085
организован 1,660731 0,000158
органов 0,994252 0,000094
органы 0,891598 0,000339
орденами 2,813411 0,000267
орджоникидзе 2,040221 0,000388
оригинала 0,162519 0,000525
оригинальные 3,506558 0,000333
оркестр 1,660731 0,000473
оркестров 3,218876 0,000306
оркестровых 3,912023 0,000372
орск 1,272966 0,000121
ортпц 2,407946 0,000229
ортса 0,000000 0,000000
оружие 2,120264 0,000201
оружием 2,525729 0,000240
оружия 1,560648 0,000148
осаде 2,995732 0,000285
осадки 1,832581 0,000348
осадков 0,544727 0,000104
освещает 3,912023 0,000372
оседлое 3,912023 0,000372
осетия 2,659260 0,000505
осипов 0,527633 0,000050
оснащению 3,912023 0,000372
основа 1,832581 0,000174
основан 0,579818 0,000276
основания 0,713350 0,000068
основанные 0,776529 0,000148
основанный 1,386294 0,000132
основе 0,494296 0,000047
основная 0,116534 0,000066
основном 0,510826 0,000097
основные 0,223144 0,000021
основным 0,616186 0,000059
основных 0,634878 0,000121
основой 1,237874 0,000118
основывается 2,207275 0,000210
особенно 0,562119 0,000053
особняк 2,302585 0,000219
особо 1,237874 0,000118
особое 1,832581 0,000174
оставался 1,966113 0,000187
оставило 3,506558 0,000333
оставшиеся 2,659260 0,000253
оставшихся 2,659260 0,000253
остается 0,891598 0,000085
остались 1,714798 0,000163
остальной 1,966113 0,000187
остановок 2,659260 0,000253
остановочные 2,659260 0,000253
остановочный 3,506558 0,000333
остров 1,139434 0,000433
острова 1,078810 0,000103
острове 1,660731 0,000158
осуществление 2,302585 0,000219
осуществляет 1,203973 0,000229
осуществляется 0,776529 0,000074
осуществлялись 2,813411 0,000267
осуществляются 1,714798 0,000163
осьмая 3,912023 0,000372
отв 0,755023 0,000072
ответ 1,560648 0,000148
ответвлениями 3,912023 0,000372
ответственности -0,009950 -0,000001
отвода 3,506558 0,000333
отводе 3,506558 0,000333
отводились 3,506558 0,000333
отделение 1,139434 0,000108
отдельными 2,407946 0,000229
отдельных -0,009950 -0,000001
отдых 2,207275 0,000210
отдыха 1,049822 0,000200
отечественная 1,832581 0,000174
отечественной 0,673345 0,000256
отечественных 2,813411 0,000267
отзыв 3,506558 0,000333
отзывалось 3,912023 0,000372
отзывам 3,912023 0,000372
отказ -0,009950 -0,000001
открывается 1,660731 0,000158
открыл 1,609438 0,000306
открыли 1,237874 0,000941
открылось 1,966113 0,000374
открылся 0,941609 0,001342
открыт 0,798508 0,001442
открыта 0,967584 0,000552
открытие 0,941609 0,000537
открытия 0,916291 0,000174
открыто 1,078810 0,000205
открытом 2,407946 0,000229
открыты 1,049822 0,000200
открытым 1,309333 0,000124
откуда 0,000000 0,000000
отличавшаяся 3,912023 0,000372
отменен 2,407946 0,000229
отмеченная 2,995732 0,000285
отмечены 2,207275 0,000210
отнесен 2,525729 0,000240
относительно 0,415515 0,000039
относятся 0,713350 0,000136
отношения 0,994252 0,000094
отозвана 3,912023 0,000372
отошел 2,995732 0,000285
отпечаток 3,506558 0,000333
отправлено 2,302585 0,000219
отправлялись 2,525729 0,000240
отправляются 1,771957 0,000168
отр 1,832581 0,000174
отраслевые 2,813411 0,000267
отраслевых 2,813411 0,000267
отрасли 1,078810 0,000205
отраслью 3,506558 0,000333
отредактирована -0,009950 -0,000001
отредактировать 0,967584 0,000092
отруби 3,912023 0,000372
отряды 2,040221 0,000194
отсутствует 1,272966 0,000121
офицеров-артиллеристов 3,912023 0,000372
официально 0,693147 0,000066
официальное 1,771957 0,000168
официальный 0,510826 0,000728
официальным 1,272966 0,000121
оха 1,347074 0,000128
охваченные 2,525729 0,000240
охраны 1,427116 0,000136
оценен 3,218876 0,000306
оценка 0,693147 0,000066
очень 0,494296 0,000047
очередь 0,527633 0,000050
очерк 1,237874 0,000118
очерках 2,813411 0,000267
очищены 3,506558 0,000333
ошибкекак -0,009950 -0,000001
ощутимый 3,218876 0,000306
павильоны 2,813411 0,000267
павла 1,714798 0,000326
павлинов 1,771957 0,000168
павловича 2,813411 0,000267
павловичу 3,506558 0,000333
пакет 1,714798 0,000163
палата 1,660731 0,000316
пальмин 3,912023 0,001487
памяти 1,078810 0,000103
памятная 1,660731 0,000158
памятник 0,693147 0,003359
памятника 1,078810 0,000103
памятниками 2,040221 0,000194
памятники 0,733969 0,000139
памятников 0,820981 0,000156
памятные 1,832581 0,000174
память 0,891598 0,000085
паницкий 3,912023 0,000372
панкратион 3,912023 0,000372
панов 2,659260 0,000253
панорама 1,386294 0,000263
пао 1,427116 0,001627
параметры 2,120264 0,000201
парафраз 3,912023 0,000744
парк 0,693147 0,000856
парк-отель 3,506558 0,000666
парка 1,021651 0,000097
парка-музея 3,912023 0,000372
парке 1,171183 0,000111
парком 2,302585 0,000219
парламентаризма 3,912023 0,001115
паровые 3,218876 0,000612
паровых 3,506558 0,000333
пароход 2,525729 0,000480
пароходства 2,207275 0,000420
пассажиров 1,309333 0,000124
пассажирская 2,407946 0,000229
пассажирские 1,427116 0,000136
пачков 3,912023 0,000372
пашкина 3,912023 0,000372
пгт 2,302585 0,000219
пдс 3,912023 0,000372
певцы 2,813411 0,000267
певческих 3,912023 0,000372
педагогической 3,506558 0,001000
пенза 1,108663 0,000316
первая 0,430783 0,000164
первого 0,733969 0,000209
первое 0,544727 0,000207
первой 0,462035 0,000220
первом 1,237874 0,000118
первомайской 3,912023 0,000372
первому 2,207275 0,000210
первоначальной 2,813411 0,000267
первые 0,494296 0,000094
первый 0,385662 0,000257
первым 0,597837 0,000057
первых 0,653926 0,000186
перевалочным 3,218876 0,000612
перевозках 2,813411 0,000267
перевозки 1,203973 0,000801
перевозящего 3,912023 0,000372
переданная 3,506558 0,000333
передач 3,218876 0,000306
передача-игра 3,912023 0,000372
передачи 1,560648 0,000148
передающей 3,912023 0,000372
переживает 2,659260 0,000253
переживал 3,218876 0,000306
пережили 3,218876 0,000306
пережитых 3,912023 0,000372
переименована 1,771957 0,000337
переименованного 3,506558 0,000666
перейти -0,009950 -0,000002
перекресток 1,714798 0,000163
переложения 3,912023 0,000372
перелюбский 3,912023 0,000372
перемен 3,912023 0,000372
перенесен 2,040221 0,000194
переноса 2,120264 0,000201
переносном 3,912023 0,000372
переписи 0,755023 0,000287
перепись 0,820981 0,000702
переподчинены 3,912023 0,000744
перепрофилированы 3,506558 0,000333
перерабатывала 3,912023 0,000372
переработан 3,912023 0,000372
перерыва 3,218876 0,000306
переселялись 2,995732 0,000285
пересечение 2,302585 0,000438
пересечении 1,427116 0,000542
перестававших 3,912023 0,000372
переходе 2,659260 0,000253
перешел 1,832581 0,000174
перинатальный 2,207275 0,000420
период 0,342490 0,000065
периода 0,967584 0,000092
пермь 0,994252 0,000094
персон 3,218876 0,000306
персональные -0,009950 -0,000001
пески 2,040221 0,000194
песне 3,506558 0,000333
песни 1,514128 0,000288
песчаный 3,218876 0,000612
петербург 1,897120 0,000361
петербургом 2,659260 0,000253
петр 1,108663 0,000316
петра 1,078810 0,000308
петровичу 3,218876 0,000306
петровск 3,506558 0,000333
петровский 2,302585 0,000219
петру 1,771957 0,000337
печали 3,506558 0,000666
печати -0,009950 -0,000001
печатные 1,514128 0,000144
печать -0,009950 -0,000001
пик 1,966113 0,000187
пионер 2,407946 0,000915
писателей 1,714798 0,000652
письменности 2,659260 0,000505
питерский 3,506558 0,000333
пичугин 3,912023 0,000372
пичугино 3,912023 0,000372
пичугинское 3,912023 0,000372
пищевого 3,218876 0,000306
план 0,755023 0,000430
плана 1,272966 0,000121
планам 2,995732 0,000285
планировались 3,506558 0,000333
планировалось 1,832581 0,000348
планируется 1,021651 0,000097
планируют 2,302585 0,000219
плану 1,386294 0,000132
планы 1,347074 0,000256
пленных 3,218876 0,000306
плес 1,966113 0,000187
плотины 2,207275 0,000210
плотность 0,693147 0,000066
площади 0,510826 0,000534
площадке 2,207275 0,000210
площадкой 2,207275 0,000420
площадок 1,714798 0,000163
площадь 0,478036 0,000227
площадью 0,994252 0,000189
плюс 1,386294 0,000132
пляжный 2,995732 0,000285
по-прежнему 1,966113 0,000187
победа 1,609438 0,000459
победа-плаза 3,912023 0,000372
победе 2,813411 0,000267
победитель 2,207275 0,000420
победы 0,916291 0,000435
побратимские 2,302585 0,000219
побратимских 2,120264 0,000201
поведения -0,009950 -0,000001
поволжский 2,659260 0,000758
поволжье 1,832581 0,000348
поволжья 1,714798 0,001630
погибшим 1,832581 0,000174
поглощает 3,218876 0,000306
подборки 3,912023 0,000372
подверг 3,506558 0,000333
подвергались 3,218876 0,000306
подводами 3,912023 0,000372
подводных 2,407946 0,000458
подворье 2,995732 0,000285
подготавливает 3,912023 0,000372
подготовительные 3,506558 0,000333
подготовку 1,897120 0,000180
подданство 2,813411 0,000267
подключены 2,813411 0,000267
поднялся 2,207275 0,000210
подольск 1,272966 0,000121
подписано 2,040221 0,000194
подразделения 2,302585 0,000219
подробнее -0,009950 -0,000001
подсолнечного 3,506558 0,000333
подстанции 3,218876 0,000306
подтверждение 2,407946 0,000229
подчинения 1,386294 0,000132
подчиняются 2,813411 0,000535
подшипниковой 3,912023 0,000372
подшипниковый 3,912023 0,000744
подъездным 3,912023 0,000372
подъезды 3,506558 0,000333
поездопотока 3,912023 0,000372
пожаловал 3,912023 0,000372
пожара 1,966113 0,000187
пожарная 2,813411 0,000267
пожарными 3,912023 0,000372
пожертвовал 3,506558 0,000333
позвони 3,912023 0,000744
позднего 2,207275 0,000210
поздно 3,218876 0,000306
позже 0,733969 0,000070
познавательная 3,912023 0,000372
поиск -0,009950 -0,000001
поиску -0,009950 -0,000002
пока 0,843970 0,000080
показа 2,813411 0,000535
показателей 1,203973 0,000114
показатели 0,994252 0,000189
показатель 0,713350 0,000068
показы 3,218876 0,000306
показывает 2,207275 0,000420
поколений 1,897120 0,000180
покрова 1,203973 0,000114
покровская 2,302585 0,000656
покровские 3,912023 0,000372
покрытие 2,813411 0,000267
покрыты 2,120264 0,000201
полдень 0,916291 0,000087
поле 0,798508 0,000228
полевой 2,813411 0,000267
полету 3,912023 0,000372
поликлиник 2,207275 0,000210
поликлиники 1,966113 0,000374
политика -0,009950 -0,000001
политики 1,237874 0,000118
политическая 0,843970 0,000080
полицейских 3,218876 0,000306
полковник 2,302585 0,000219
полмиллиарда 3,912023 0,000372
полномочий 1,609438 0,000153
полностью 0,400478 0,000038
половине 0,634878 0,000121
половины 0,994252 0,000094
полоза 3,912023 0,000372
полозов 3,912023 0,000372
полотно 2,813411 0,000267
полпути 3,912023 0,000372
полу 0,916291 0,000348
полужирным 1,966113 0,000187
получил 0,713350 0,000271
получила 0,653926 0,000249
получили 0,967584 0,000184
получило 1,832581 0,000174
польский 2,120264 0,000201
польской 3,218876 0,000306
польша 1,966113 0,000187
поляков 0,916291 0,000087
поляне 3,218876 0,000306
поляны 2,407946 0,000229
помещение 2,525729 0,000240
помещении 3,912023 0,000372
помимо 0,562119 0,000214
помочь 1,560648 0,000148
попадал 3,506558 0,000333
попал 1,897120 0,000180
попов 1,966113 0,000187
поповка 3,506558 0,000333
попову 3,218876 0,000306
поправкам 3,912023 0,000744
популярным 2,120264 0,000201
пор 0,941609 0,000268
порт 0,941609 0,000089
портал 0,342490 0,000033
порталвикипедия 2,120264 0,000201
портами 2,813411 0,000267
портом 2,302585 0,000219
порядка 1,139434 0,000108
порядок 1,966113 0,000374
пос 2,040221 0,000582
посад 1,660731 0,000158
посвященный 1,660731 0,000789
поселений 0,798508 0,000607
поселения 0,941609 0,000179
поселениям 0,967584 0,000092
поселкам 0,891598 0,000085
поселки 1,347074 0,000128
поселок 1,108663 0,000632
поселок-зато 3,912023 0,000372
посетил 1,897120 0,000180
посещение 2,525729 0,000240
последнее 1,347074 0,000256
последний -0,009950 -0,000002
последним 2,040221 0,000194
последних 1,347074 0,000128
последняя 0,342490 0,000033
последствия 2,040221 0,000194
поспелов 1,021651 0,000097
посредником 3,506558 0,000333
поставили 2,302585 0,000219
поставлена 2,407946 0,000229
постановление 1,139434 0,000108
постоянно 1,108663 0,000105
постоянного 0,693147 0,000395
постоянной 1,897120 0,000180
построен 0,798508 0,000076
построенный 1,237874 0,000118
построенных 1,771957 0,000337
построено 0,867501 0,000165
построены 1,021651 0,000194
постройки 1,139434 0,000108
постройку 2,525729 0,000240
построят 2,407946 0,000229
постсоветский 2,207275 0,000210
потенциал 1,347074 0,000128
потеряла 2,525729 0,000240
потрачено 2,813411 0,000267
потребностей 2,659260 0,000253
потребности 2,302585 0,000219
похоронены 2,659260 0,000253
почвы 1,609438 0,000153
почетного 1,237874 0,000118
почт 3,506558 0,000333
почтовая 1,078810 0,000103
почтовый 1,108663 0,000105
поэтов 2,813411 0,000267
поэтому 0,616186 0,000059
появилась 0,820981 0,000078
появились 0,579818 0,000055
появился 0,693147 0,000066
появится 1,832581 0,000348
появлению 2,207275 0,000210
появляются 1,560648 0,000148
пояс 0,693147 0,000198
пояснений 3,506558 0,000333
правда 0,891598 0,000169
правильные 3,218876 0,000306
правительства 0,693147 0,000395
правительственных 2,813411 0,000267
правительство 0,843970 0,000080
править -0,009950 -0,000095
правка 0,328504 0,000031
правкиновые -0,009950 -0,000001
правкипостоянная -0,009950 -0,000001
правобережья 2,813411 0,000267
правовой 1,469676 0,000140
правого 1,560648 0,000148
правом 1,171183 0,000223
православная 1,272966 0,000121
православной 1,203973 0,000114
православные 1,347074 0,000128
правый 1,386294 0,000132
праздник 1,714798 0,000163
празднование 2,525729 0,000240
практической 2,525729 0,000240
превратившаяся 3,912023 0,000372
превратилась 2,040221 0,000194
превышает 0,967584 0,000092
предводительством 1,966113 0,000187
предлагалось 2,659260 0,000253
предложения 2,659260 0,000253
предложено 2,813411 0,000267
предметов 1,660731 0,000158
предположение 2,659260 0,000505
предприятие 1,237874 0,000471
предприятий 0,713350 0,000407
предприятия 0,713350 0,000339
председ 1,203973 0,000114
представились -0,009950 -0,000001
представительный 1,771957 0,000168
представительства 1,386294 0,000132
представлена 1,171183 0,000334
представлений 2,207275 0,000210
представления 1,469676 0,000140
представляет 0,446287 0,000085
предусмотренные 2,995732 0,000569
президента 0,916291 0,000174
президенте 1,832581 0,000174
преимущественно 0,776529 0,000074
прекратил 1,660731 0,000316
прекращение 2,813411 0,000267
прекращено 2,659260 0,000253
премии 1,714798 0,000489
премьеры 3,506558 0,000333
преобладает 2,120264 0,000201
преобразован 2,207275 0,000210
преобразовании 2,813411 0,000535
преобразованиями 3,912023 0,000372
преобразованного 3,506558 0,000333
пресвятой 1,272966 0,000121
преследование 3,506558 0,000333
приборов 2,120264 0,000403
приборостроения 2,525729 0,000240
приборостроительные 3,218876 0,000306
приведены 2,040221 0,000194
привлекала 3,506558 0,000333
привлекательности 2,040221 0,000388
привокзальная 2,659260 0,000253
приволжский 1,897120 0,000180
приволжского 1,832581 0,000174
приволжское 3,506558 0,000333
приволжской 2,207275 0,000839
приглашались 3,912023 0,000372
приглашены 3,506558 0,000333
пригородные 1,469676 0,000140
пригородным 2,995732 0,000285
пригородных 1,609438 0,000153
приемно-усилительных 3,912023 0,000372
признал 2,207275 0,000210
признали 2,407946 0,000229
признания 0,916291 0,000087
признанное 2,407946 0,000229
признанных 0,967584 0,000092
призывом 3,912023 0,000372
приказом 1,966113 0,000187
прикладных 2,120264 0,000201
приложение 1,309333 0,000124
применяемого 0,843970 0,000080
применяемым 0,941609 0,000089
примерно 0,634878 0,000060
примечания -0,009950 -0,000002
примыкание 3,506558 0,000666
примыкающая 3,506558 0,000333
принадлежит 1,203973 0,000114
принадлежности 1,514128 0,000144
принимают 1,771957 0,000168
принял 1,272966 0,000121
приняли 1,347074 0,000128
принята 1,714798 0,000163
принятия 2,120264 0,000201
приостановлена 3,218876 0,000306
приостановлено 2,302585 0,000219
природно-экологический 3,912023 0,000372
присвоении 1,386294 0,000132
присвоено 1,078810 0,000205
присоединении 2,813411 0,000267
присоединенных 3,218876 0,000306
пристанного 3,912023 0,000372
пристанное 3,912023 0,000372
присутственных 2,813411 0,000535
притоками 2,659260 0,000253
притоком 2,120264 0,000201
причалов 2,995732 0,000569
пришлось 1,771957 0,000168
проблем 0,798508 0,000228
проблемами 2,302585 0,000219
проблемой 1,660731 0,000158
проблемы 0,544727 0,000155
проведение 1,660731 0,000158
проверенная 1,049822 0,000100
проверить 2,207275 0,000210
проверки 0,994252 0,000189
проверкивикипедия 3,506558 0,000333
проверяема 0,967584 0,000092
провинциальных 3,506558 0,000333
проводимого 3,912023 0,000372
проводится 1,108663 0,000632
проводятся 1,203973 0,000229
программе 1,771957 0,000337
программы 0,713350 0,000203
продается 3,506558 0,000333
продолжавшаяся 3,912023 0,000372
продолжалась 2,302585 0,000219
продолжение 1,832581 0,000174
продолжения 3,218876 0,000306
продуктами 3,218876 0,000306
продукты 1,832581 0,000174
продукции 1,021651 0,000291
продукцию 2,302585 0,000219
проезда 1,560648 0,000148
проезжали 3,912023 0,000372
проект 0,400478 0,000152
проекта 0,616186 0,000234
проектах -0,009950 -0,000001
проектно-изыскательских 3,912023 0,000372
проектов 1,469676 0,000140
проекту 1,049822 0,000299
проекты 1,108663 0,000105
проехать 3,912023 0,000372
проживания 1,832581 0,000174
произведений 1,714798 0,000326
производивший 3,912023 0,000372
производителей 1,897120 0,000180
производства 0,616186 0,000293
производстве 2,302585 0,000219
производственным 3,506558 0,000333
производственных 2,407946 0,000686
производству 1,427116 0,000678
производят 1,966113 0,000187
произошли 1,832581 0,000174
произошло 0,733969 0,000070
пройдет 2,120264 0,000201
проката 2,659260 0,000253
прокопьевск 1,272966 0,000121
промерзания 2,995732 0,000285
промсельхоз 3,218876 0,000306
промыслы 2,659260 0,000505
промышленной 1,309333 0,000373
промышленном 2,207275 0,000210
промышленности 0,579818 0,000441
промышленность 0,693147 0,000263
промышленные 1,171183 0,000111
промышленный 1,203973 0,000229
промышленным 1,660731 0,000158
промышленными 1,897120 0,000180
промышленных 0,916291 0,000261
просвещенного 3,506558 0,000333
просмотры -0,009950 -0,000001
проспекте 1,427116 0,000542
пространство 1,203973 0,000114
протекает 1,609438 0,000153
против 0,798508 0,000076
противоположном 2,659260 0,000253
противостояние 2,813411 0,000267
противочумная 3,506558 0,000333
противочумный 3,218876 0,000306
протон 3,218876 0,000306
протянулся 2,407946 0,000229
проф 1,771957 0,000168
профессионально-педагогический 2,995732 0,000285
профессионального 1,427116 0,000271
профессиональный 1,897120 0,000180
профессиональных 1,771957 0,000168
профилирующим 3,912023 0,000372
профиля 1,966113 0,000187
проходившем 3,506558 0,000333
проходили 1,427116 0,000136
проходило 2,407946 0,000229
проходит 0,693147 0,000066
проходят 0,941609 0,000089
процентов 2,120264 0,000403
процессе 1,309333 0,000124
прочее 0,653926 0,000124
прочие 1,203973 0,000114
прошла 1,560648 0,000148
прошло 2,040221 0,000388
прошлом 1,108663 0,000105
прыжки 2,995732 0,000285
прямая 3,218876 0,000306
пугачев 2,813411 0,000535
пугачева 2,302585 0,000219
пугачевагорода 3,218876 0,000306
пугачевский 3,912023 0,000372
пугачевцев 3,506558 0,000333
пудов 3,218876 0,000306
пудовкино 3,912023 0,000372
пункт 1,203973 0,000229
пункта 1,514128 0,000288
пунктами 1,897120 0,000541
пунктов 0,653926 0,000621
пунктом 1,832581 0,000348
пункты 0,616186 0,000410
пуском 3,506558 0,000333
путать 1,771957 0,000168
путеводитель 0,713350 0,000203
путей 0,916291 0,000087
путем 0,941609 0,000089
путешествие 1,897120 0,000180
пути 0,693147 0,000066
путь 0,820981 0,000078
пучеж 2,120264 0,000201
пушкин 2,407946 0,000229
пушкина 1,139434 0,000108
пфк 3,912023 0,000372
пытался 2,302585 0,000219
пытаются 2,995732 0,000285
пышма 1,309333 0,000124
пятам 3,912023 0,000372
пятерочка 1,832581 0,000174
пяти 1,203973 0,000114
пятилеток 2,659260 0,000253
пятница 1,771957 0,000168
пятый 1,427116 0,000136
пять 1,108663 0,000105
работ 0,941609 0,000268
работа 0,891598 0,000254
работает 0,755023 0,000072
работали 1,469676 0,000140
работало 1,660731 0,000158
работать 1,108663 0,000105
работах 2,120264 0,000201
работают 0,673345 0,000192
работник 2,525729 0,000240
работника 3,218876 0,000306
работнику 3,506558 0,001000
работы 0,314711 0,000120
рабочих 1,108663 0,000211
равномерно 3,218876 0,000306
радаев 3,912023 0,000372
радио 0,891598 0,000254
радиовещательная 2,207275 0,000210
радиовещательных 2,995732 0,000285
радиоканалы 2,995732 0,000285
радиоклуб 3,912023 0,000372
радиоприборный 3,912023 0,000372
радиоприемников 3,912023 0,000372
радиостанции 1,347074 0,000128
радиостанций 1,771957 0,000168
радиотехники 3,506558 0,000333
радиотехнический 2,813411 0,000535
радиоэлектроники 2,995732 0,000285
радиоэлектронные 3,912023 0,000372
радищева 2,995732 0,001708
радищевского 3,912023 0,000372
раза 0,867501 0,000082
разбоев 3,506558 0,000333
разбойщиной 3,912023 0,000372
развертывании 3,506558 0,000333
развитая 2,040221 0,000194
развитие 0,314711 0,000150
развитию 0,843970 0,000241
развития 0,287682 0,000164
развиты 1,714798 0,000163
развяжет 3,912023 0,000372
раздел 0,891598 0,000085
раздела 1,514128 0,000144
разделами 0,891598 0,000085
разделах 2,995732 0,000285
разделе 0,776529 0,000148
разделен 1,171183 0,000111
разделена 2,040221 0,000194
разин 2,813411 0,000267
разинаскрытые 2,525729 0,000240
различные 0,693147 0,000066
размаха 3,912023 0,000372
размеры 2,040221 0,000388
размещения 0,843970 0,000080
разнонаправленных 3,912023 0,000372
разнотравная 3,912023 0,000372
разных 0,510826 0,000049
разорениям 3,912023 0,000372
разработан 1,347074 0,000128
разработчики -0,009950 -0,000001
разразились 3,912023 0,000372
разрешение 1,966113 0,000187
разумовского 3,506558 0,000666
разъезд 2,995732 0,000285
район 0,597837 0,002557
района 0,673345 0,000512
районам 0,820981 0,000156
районе 0,527633 0,000050
районов 0,562119 0,000641
районом 1,714798 0,000163
районы 0,653926 0,000186
райффайзенбанк 2,813411 0,000267
райцентров 0,941609 0,000089
ракета 2,525729 0,000240
рамках 0,544727 0,000155
ран 0,776529 0,000148
ранее 0,430783 0,000082
раненых 2,813411 0,000267
ранхигс 2,302585 0,000219
расково 3,912023 0,000372
расковой 3,506558 0,000333
расковского 3,912023 0,000372
расловка 3,912023 0,000744
располагались 1,966113 0,000187
располагающаяся 3,506558 0,000333
расположен 0,733969 0,000209
расположение 1,139434 0,000108
расположенного 1,832581 0,000174
расположенных 1,427116 0,000136
расположены 0,673345 0,000256
расположившийся 3,912023 0,000372
распоряжению 2,207275 0,000210
распространение 1,237874 0,000235
распространенная 3,506558 0,000333
рассвета 3,912023 0,000372
рассказы 2,302585 0,000438
рассказывающий 3,912023 0,000372
рассматриваться 2,659260 0,000253
расстояние 0,843970 0,000160
расстояния 1,832581 0,000174
растений 1,386294 0,000132
растительная 3,506558 0,000333
растровом 3,912023 0,000372
расчетная 2,995732 0,000285
расчленена 3,912023 0,000372
расширение 0,527633 0,000050
расширенного 3,506558 0,000333
расширенном 2,995732 0,000285
расширилась 2,995732 0,000285
реализации 0,994252 0,000189
реализация 1,560648 0,000148
революции 0,693147 0,000263
революционер-демократ 3,912023 0,000372
регби-клубы 3,912023 0,000372
регион 1,021651 0,000291
региона 0,776529 0,000148
регионального 1,108663 0,000421
региональном 2,813411 0,000267
региональные 1,171183 0,000223
региональный 1,347074 0,000256
регионе 1,049822 0,000299
регионы 1,049822 0,000100
регулировщице 3,912023 0,000372
регулярная 2,995732 0,000285
регулярное 1,714798 0,000163
ред 0,235722 0,000045
редакцией 1,832581 0,000174
редких 2,407946 0,000229
резко 0,967584 0,000092
резолюция 3,506558 0,000333
результатам 1,049822 0,000100
результате 0,342490 0,000065
рейнеке 3,506558 0,001000
рейник 3,912023 0,000372
рейсы 1,427116 0,000136
рейтинг 1,272966 0,000363
рейтингах 2,995732 0,000569
рейтинге 1,203973 0,000114
река 0,733969 0,000070
реками 2,207275 0,000210
реке 0,713350 0,000068
реки 0,462035 0,000220
рекой 1,714798 0,000163
рекомендации 0,843970 0,000080
реконструкцию 2,040221 0,000194
религия 0,843970 0,000160
рельеф 0,941609 0,000089
рельсовое 3,912023 0,000372
ремесла 2,525729 0,000240
ремесленные 2,995732 0,000285
ремонта 1,897120 0,000361
ремонтировать 3,506558 0,000333
ремонтируются 3,912023 0,000372
ремонтных 3,506558 0,000333
рен 1,660731 0,000158
репертуара 3,912023 0,000744
репин 2,525729 0,000240
репортер 2,120264 0,000806
республика 0,843970 0,000080
реставрации 2,525729 0,000240
ресурсы 0,020203 0,000002
ретроспективные 3,912023 0,000372
рефлектор 3,912023 0,000372
реформе 2,813411 0,000267
реформы 1,609438 0,000153
речка 2,207275 0,000210
речного 1,139434 0,000217
речное 2,120264 0,000403
речной 0,916291 0,000348
речным 2,040221 0,000194
речпорт 3,912023 0,000372
ржев 1,771957 0,000168
рив 3,506558 0,000333
ривьера 3,218876 0,000306
римско-католической 2,813411 0,000267
ровенский 3,912023 0,000372
ровное 2,120264 0,000201
родились 3,218876 0,000306
родился 1,660731 0,000158
родина 1,560648 0,000148
родиной 2,207275 0,000210
родной 1,897120 0,000361
рождества 1,714798 0,000163
рожников 3,912023 0,000372
роза 1,021651 0,000194
розничная 2,302585 0,000438
рокотовский 3,912023 0,000372
роль 0,579818 0,000055
романовский 2,995732 0,000285
росбанк 3,218876 0,000306
роскультура 3,912023 0,000372
росло 2,995732 0,000285
роснефть 3,218876 0,000306
россельхозакадемии 3,218876 0,000306
россельхозбанк 2,659260 0,000253
россии 0,186330 0,000584
россииместа 3,912023 0,000372
российская 0,186330 0,000089
российские 0,994252 0,000094
российский 0,634878 0,000784
российским 1,514128 0,000144
российских 0,733969 0,000070
российско-украинской 1,108663 0,000105
российского 0,634878 0,000121
российской 0,385662 0,000990
россия 0,371064 0,000529
росспэн 0,994252 0,000094
росстат 0,776529 0,000074
рост 0,967584 0,000184
ростех 3,506558 0,001999
ростов-на-дону 1,237874 0,000118
росэлектроника 3,912023 0,001487
рсфср 0,733969 0,000279
ртищево 3,218876 0,000306
ртищевский 3,912023 0,000372
ртрс 1,514128 0,000719
руб 1,171183 0,000111
рубежа 2,813411 0,000267
рубеже 1,560648 0,000148
рубежей 2,813411 0,000267
рублей 0,755023 0,000287
рубль 2,302585 0,000219
рубцовск 1,347074 0,000128
руках 2,120264 0,000201
руководитель 1,966113 0,000374
рукопашный 3,912023 0,000372
рукописных 3,506558 0,000333
румыния 2,120264 0,000201
рус 0,162519 0,000664
русиньскый 0,000000 0,000000
русланова 3,506558 0,000333
русские 0,544727 0,000155
русский -0,009950 -0,000003
русским 1,560648 0,000148
русскими 1,660731 0,000158
русских 0,843970 0,000241
русского 0,494296 0,000047
русское 0,755023 0,000072
русской 0,673345 0,000192
рыбинск 1,203973 0,000229
рыбинского 2,040221 0,000194
рыбка 3,912023 0,000372
рыбой 2,659260 0,000758
рыбушанское 3,912023 0,000372
рыбушка 3,912023 0,000372
рыбы 1,897120 0,000361
рынка 1,237874 0,000353
рынке 1,609438 0,000153
ряд 0,385662 0,000147
ряда 0,994252 0,000094
рядом 0,733969 0,000279
рязано-уральской 3,912023 0,000372
рязань 1,049822 0,000100
с-в 0,000000 0,000000
с-з 0,000000 0,000000
сабуровка 3,912023 0,000744
сабуровке 3,912023 0,001115
савин 3,912023 0,000372
садов 2,040221 0,000194
садовая 2,813411 0,000267
сады 1,660731 0,000158
сажали 3,912023 0,000372
сайт 0,371064 0,000564
сайте 0,967584 0,000736
сайты 0,478036 0,000045
сакко 3,218876 0,000612
салехард 1,347074 0,000128
салют 2,659260 0,000505
самара 0,891598 0,000424
самарканд 2,813411 0,000535
самарой 2,813411 0,000267
самары 2,659260 0,000505
самая 0,798508 0,000152
самих 2,659260 0,000505
самодержец 3,912023 0,000372
самозванца 2,995732 0,000285
самойловский 3,912023 0,000372
самокат 3,912023 0,000744
самолетъ 3,912023 0,000372
самолеты 2,302585 0,000438
самоуправления 0,994252 0,000472
самые 1,021651 0,000097
самый 0,579818 0,000055
самыми 1,832581 0,000348
самых 0,544727 0,000104
санитарный 3,506558 0,000333
санитарными 3,912023 0,000372
санкт 3,506558 0,000333
санкт-петербургом 1,832581 0,000174
сапожные 3,506558 0,000333
сар 3,912023 0,000372
сара 3,912023 0,000744
саранск 2,302585 0,000219
сарат 3,912023 0,000372
саратов 0,967584 0,012137
саратов-порт 3,912023 0,000744
саратова 2,813411 0,021121
саратовбизнесконсалтинг 3,912023 0,000744
саратовгорэлектротранс 3,912023 0,000372
саратовдизельаппарат 3,912023 0,000372
саратове 2,813411 0,020587
саратовец 3,912023 0,000372
саратовка 3,912023 0,000372
саратовки 3,912023 0,000372
саратовом 3,506558 0,000333
саратоворгсинтез 3,912023 0,000372
саратоврезинотехника 3,912023 0,000372
саратовская 2,525729 0,008881
саратовские 3,912023 0,001859
саратовский 2,995732 0,020782
саратовским 3,912023 0,001859
саратовских 3,912023 0,002231
саратовского 2,995732 0,007117
саратовское 2,995732 0,002277
саратовской 2,659260 0,018195
саратовском 3,912023 0,002231
саратовскому 3,912023 0,000372
саратовскую 3,912023 0,000372
саратовстат 3,912023 0,000372
саратовстатистика 0,000000 0,000000
саратовстекло 3,912023 0,000372
саратовстройстекло 3,912023 0,000372
саратовтелефильм 3,912023 0,000372
саратову 3,912023 0,001487
саратовцы 3,912023 0,000744
саратовчане 3,912023 0,000372
саратовчанка 3,912023 0,000372
сарбк 3,912023 0,000372
саргрэс 3,912023 0,000372
сарепта 3,506558 0,000333
саринформ 3,912023 0,001859
сароблньюс 3,912023 0,000372
сарпинку 3,912023 0,000372
сары 3,506558 0,001333
сарык 3,912023 0,000372
сачхерским 3,912023 0,000372
сбербанк 1,966113 0,000187
сборник 0,653926 0,000373
сбродовка 3,912023 0,000372
сбывалась 3,912023 0,000372
свв 3,912023 0,000372
сведений 1,609438 0,000153
сведения 0,867501 0,000165
светлый 1,832581 0,000348
свечников 3,912023 0,000372
свинцовка 3,912023 0,000372
свияжск 2,120264 0,000201
свободной -0,009950 -0,000001
свободные 2,813411 0,000535
свободными 3,506558 0,000666
свободных 2,040221 0,000194
свод 2,407946 0,000229
свое 0,616186 0,000293
своеобразным 2,995732 0,000285
свои 0,755023 0,000143
свой 0,653926 0,000186
свяжитесь -0,009950 -0,000001
связанная 2,302585 0,000219
связанных 1,171183 0,000111
связей 1,560648 0,000148
связи 0,235722 0,000112
связь 0,616186 0,000234
свято-алексиевский 3,912023 0,000372
свято-троицкий 2,407946 0,000229
святого 1,078810 0,000205
святой 1,272966 0,000242
святым 2,659260 0,000253
святых 1,427116 0,000136
сгау 3,506558 0,000333
сгау-саратов 3,912023 0,000372
сгму 3,506558 0,000333
сгорел 2,659260 0,000253
сгту 3,912023 0,001859
сгу 3,506558 0,000666
сдались 3,912023 0,000372
сдана 2,659260 0,000253
сделала 2,659260 0,000253
сделался 3,912023 0,000372
сдюсшор 2,659260 0,000253
севере 1,139434 0,000217
северной 0,693147 0,000066
северный 0,820981 0,000078
северо-запад 2,813411 0,000267
северодвинск 1,171183 0,000111
северу 1,832581 0,000174
сегодня 0,616186 0,000117
сегодняшний 1,660731 0,000631
сезонного 3,506558 0,000333
секрет 2,659260 0,000253
сел 2,407946 0,000458
села 1,203973 0,000229
селижарово 2,120264 0,000201
селиться 2,525729 0,000240
сельские 2,407946 0,000229
сельских 0,776529 0,000517
сельского 1,347074 0,000128
сельскохозяйственном 3,506558 0,000333
сельскохозяйственные 2,207275 0,000210
сельхозтехника 2,995732 0,000285
семейства 1,966113 0,000187
семенов 2,207275 0,000629
семинария 1,469676 0,000279
семнадцатый 3,912023 0,000372
сен-жан-де-люз 2,813411 0,000267
сенгилей 2,120264 0,000201
сенного 3,912023 0,000372
сент 0,843970 0,000080
сентября 0,072571 0,000214
сервиса 1,514128 0,000288
сергеевич 2,302585 0,000219
сергей 0,967584 0,000276
сергиевский 2,995732 0,000285
середине 0,562119 0,000053
середины 0,967584 0,000276
серия 1,237874 0,000353
серп 3,506558 0,000333
серьезным 2,813411 0,000267
сетевые 1,832581 0,000174
сетей 1,272966 0,000484
сети 0,494296 0,000047
сеть 0,616186 0,000059
сетью 1,714798 0,000163
сетях 1,139434 0,000108
сеча 3,912023 0,000372
силой 2,407946 0,000229
сильнейший 3,506558 0,000333
сильно 0,776529 0,000074
сильный 2,302585 0,000219
символизм 3,218876 0,000306
симпозиуме 3,912023 0,000372
симфонический 1,897120 0,000361
синема 1,771957 0,000505
синема-парк 3,912023 0,000744
синенькие 3,912023 0,000372
синеньское 3,912023 0,000372
синергия 3,912023 0,000372
синтеза 2,995732 0,000285
систем 0,798508 0,000076
система 0,235722 0,000045
системами 1,832581 0,000174
системе 0,733969 0,000209
системеобсуждениевкладсоздать -0,009950 -0,000001
системой 1,309333 0,000124
системы 0,342490 0,000065
сити 2,120264 0,000201
сити-отель 3,912023 0,000372
ситилинк 3,506558 0,000333
ситуацией 3,506558 0,000333
сих 1,078810 0,000205
скатовка 3,912023 0,000372
скачать -0,009950 -0,000001
сквере 1,560648 0,000297
скифско-иранского 3,912023 0,000372
складские 3,506558 0,000333
сколько 0,653926 0,000062
скоро 2,525729 0,000240
скоростного 1,897120 0,000180
скоростной 2,120264 0,000201
скорость 0,867501 0,000082
скульптор 1,427116 0,001492
скульптора 2,407946 0,000229
скульпторы 2,995732 0,000285
скульптуры 1,609438 0,000153
славы 1,078810 0,000615
славянской 2,302585 0,000438
слева 1,108663 0,000105
следующие 0,544727 0,000052
слепыш 3,912023 0,000372
слобода 1,660731 0,000158
слободы 2,040221 0,000194
слов 1,560648 0,000297
словакия 2,659260 0,000758
словари 0,116534 0,000011
словарь 0,274437 0,000052
сложным 0,867501 0,000082
слонова 3,912023 0,000744
служба 0,693147 0,000461
службе 2,525729 0,000480
службы 0,798508 0,000076
случаях -0,009950 -0,000001
сместилась 3,506558 0,000333
смешанное 3,506558 0,000333
смещение 0,798508 0,000076
сми 0,867501 0,000495
смоленск 2,040221 0,000194
смотрах 3,912023 0,000372
смотреть 2,659260 0,000253
сначала 1,386294 0,000132
снега 1,771957 0,000337
снесен 2,040221 0,000388
снесены 2,302585 0,000219
сниим 3,912023 0,000372
снова 1,386294 0,000132
сносок 0,843970 0,000080
собинова 3,506558 0,001999
собиновский 3,912023 0,000372
собой 0,328504 0,000031
собор 0,755023 0,000646
соборная 1,272966 0,000363
соборы 2,659260 0,000253
собрание 0,941609 0,000089
собрании 2,302585 0,000219
собрания 1,139434 0,000108
собраться 3,912023 0,000372
собственно 1,386294 0,000132
собственность 3,218876 0,000306
события 1,108663 0,000105
событиями 2,659260 0,000253
событияпожертвовать -0,009950 -0,000001
событиях 2,207275 0,000420
совершил 2,659260 0,000253
совета 0,798508 0,000152
советов 0,820981 0,000078
советские 1,347074 0,000256
советский 0,755023 0,000143
советское 0,994252 0,000094
советской 0,755023 0,000143
совету 2,995732 0,000285
совкомбанк 3,218876 0,000306
совокупная 3,506558 0,000333
современная 1,108663 0,000105
современников 2,407946 0,000229
современного 0,653926 0,000062
современные 0,916291 0,000087
современным 1,832581 0,000348
современных 0,713350 0,000203
совхоза 2,813411 0,000267
согласие 2,659260 0,000253
согласно 0,301105 0,000114
согласована 3,912023 0,000372
соглашение 1,139434 0,000108
содержание 0,010050 0,000001
соединенных 3,218876 0,000306
соединившей 3,912023 0,000372
соединился 3,506558 0,000333
соединяющий 2,525729 0,000240
создал 1,897120 0,000180
создали 2,207275 0,000210
сокол 2,302585 0,001094
соколовая 3,912023 0,001115
соколовогорское 3,912023 0,000372
соколовой 3,506558 0,002333
соколовского 3,912023 0,000372
соколовый 3,912023 0,000372
сокольское 2,040221 0,000194
сокращены 3,912023 0,000372
сокур 3,506558 0,000333
солдат 2,120264 0,000201
солдатских 2,207275 0,000210
соли 2,302585 0,000219
солистов 3,506558 0,000666
солнечный 0,843970 0,000401
солнце 1,714798 0,000163
солью 2,995732 0,000854
соляного 3,912023 0,000372
сомнение 2,407946 0,000229
сомов 3,506558 0,000333
соната 3,506558 0,000666
сообщает 2,207275 0,000210
сообщения 0,820981 0,000234
сообщить -0,009950 -0,000001
сооружение 1,469676 0,000140
сооружений 1,078810 0,000103
сооружения 0,941609 0,000179
соответствии 0,446287 0,000042
соответствуют 2,302585 0,000219
соотечественники 3,912023 0,000372
соперничали 3,912023 0,000372
соревнований 1,771957 0,000168
сорта 2,995732 0,000569
сосновка 2,525729 0,000480
сост 0,597837 0,000170
состав 0,400478 0,000609
составе 0,616186 0,000117
составила 1,021651 0,000194
составлен 1,771957 0,000337
составленном 2,207275 0,000210
составленный 2,407946 0,000229
составляет 0,314711 0,000179
составляли 1,660731 0,000158
составляло 1,347074 0,000128
составляют 0,798508 0,000152
состоялась 1,609438 0,000306
состоялось 1,171183 0,000223
состоялся 1,237874 0,000118
состоянии 1,309333 0,000249
состоянию 0,544727 0,000104
сотовой 1,469676 0,000140
сохранение 1,609438 0,000153
сохранением -0,009950 -0,000001
социалистической 1,897120 0,000180
социально-педагогический 2,995732 0,000285
социально-экономический 2,995732 0,000569
социально-экономическое 2,302585 0,000219
социальной 1,386294 0,000132
сочинение 2,995732 0,000285
сочинения 2,120264 0,000201
сошествия 3,506558 0,000333
союза 0,733969 0,000209
союзом 2,120264 0,000201
спартак 1,771957 0,000337
спас 1,897120 0,000180
спасо-преображенский 1,966113 0,000187
спасти 3,912023 0,000372
спгэс 3,912023 0,001115
специализируется 2,659260 0,000253
специализируются 3,218876 0,000306
список 0,248461 0,000071
спокойствия 3,506558 0,000333
спорная 2,407946 0,000229
спорной 2,120264 0,000201
спорную 2,040221 0,000194
спорт 0,776529 0,000148
спорта 0,916291 0,000348
спортивно-культурный 3,912023 0,000372
спортивно-массовые 3,912023 0,000372
спортивно-массовых 3,912023 0,000372
спортивного 2,659260 0,000253
спортивные 1,078810 0,000308
спортивный 1,514128 0,000288
спортивных 1,108663 0,000211
спорткомплекс 2,525729 0,000240
спортмастер 2,302585 0,000219
спортсмены 2,302585 0,000438
справа 1,714798 0,000163
справка 1,272966 0,000121
справочник 0,916291 0,000174
спустя 1,609438 0,000153
спутниковой 2,995732 0,000285
сравнения 1,966113 0,000187
среди 0,198451 0,000132
среднего 1,049822 0,000200
среднегодовая 1,078810 0,000103
среднегодовое 1,897120 0,000180
средней 0,867501 0,000082
средние 0,941609 0,000179
средний 0,494296 0,000141
средняя 0,510826 0,000146
средств 0,597837 0,000057
средства 0,415515 0,000079
среды 0,755023 0,000072
срок 1,237874 0,000118
српски 0,000000 0,000000
сср 0,820981 0,000234
ссср 0,314711 0,000209
ссылали 3,912023 0,000372
ссылка 0,274437 0,000209
ссылками 0,186330 0,000071
ссылкамивикипедия 1,609438 0,000153
ссылкасведения -0,009950 -0,000001
ссылки -0,009950 -0,000008
ссылок 0,693147 0,000132
стабильная 0,994252 0,000094
стадион 1,108663 0,000421
стадиона 1,832581 0,000174
стадионов 1,660731 0,000158
стадионы 1,714798 0,000652
стал 0,314711 0,000269
стала 0,462035 0,000088
стали 0,430783 0,000123
стало 0,494296 0,000047
стандартов 2,525729 0,000240
станица 2,813411 0,000267
станицы 2,659260 0,000253
станичной 3,912023 0,000744
станкостроительный 2,659260 0,000253
становится 0,527633 0,000050
становления 1,609438 0,000153
станцией 2,207275 0,000420
станции 0,693147 0,000198
станций 1,309333 0,000373
станция 0,798508 0,000228
старая 0,430783 0,000082
старейшая 1,897120 0,000180
старейших 1,309333 0,000124
старинной 3,506558 0,000666
старица 2,040221 0,000194
старого 1,347074 0,000128
староелшанское 3,912023 0,000372
старой 1,514128 0,000144
старообрядцев 2,120264 0,000201
старообрядческое 3,912023 0,000372
старопечатных 3,912023 0,000372
старте 3,912023 0,000372
стартует 2,813411 0,000267
старый 1,049822 0,000100
статей 0,967584 0,000460
статистика -0,009950 -0,000002
статистике 0,916291 0,000087
статистики 0,713350 0,000339
статистический 0,755023 0,001076
статистических 2,040221 0,000194
статистическое 0,994252 0,000094
статус 0,510826 0,000097
статусом 1,171183 0,000111
статье 0,941609 0,000179
статьи 0,072571 0,000083
статьислучайная -0,009950 -0,000001
статьисообществофорумсправкасвежие -0,009950 -0,000001
статью 0,616186 0,000117
статья 0,105361 0,000060
статьяобсуждение -0,009950 -0,000001
статьятекущие -0,009950 -0,000001
стационарным 3,506558 0,000333
стекла 2,995732 0,000285
степан 2,407946 0,000229
степана 1,966113 0,000187
степановна 3,506558 0,000333
степи 1,966113 0,000374
стимулировало 3,912023 0,000372
сто 1,966113 0,000374
стоимость 1,237874 0,000118
стоимостью 2,207275 0,000210
стол 3,218876 0,000306
столица 0,967584 0,000092
столицей 1,171183 0,000111
столыпина 3,218876 0,001224
столыпину 3,218876 0,001224
сторожевая 3,506558 0,000333
сторожевой 2,302585 0,000875
сторожевского 3,912023 0,000744
сторожевское 3,912023 0,000372
сторон 1,660731 0,000316
стороне 1,139434 0,000108
сточных 1,714798 0,000163
стоявшие 3,912023 0,000372
стоянок 3,218876 0,000306
страдания 3,912023 0,000744
страна 0,462035 0,000132
стране 0,867501 0,000247
страница -0,009950 -0,000002
страницасодержаниеизбранные -0,009950 -0,000001
страницецитировать -0,009950 -0,000001
страницуполучить -0,009950 -0,000001
страницы -0,009950 -0,000006
страницыслужебные -0,009950 -0,000001
страны 0,634878 0,000241
стрелки 2,302585 0,000219
строений 1,660731 0,000158
строили 2,659260 0,000253
строительных 1,427116 0,000136
строительства 0,673345 0,000512
строительстве 1,078810 0,000103
строительство 0,510826 0,000680
строительству 1,469676 0,000140
строится 1,272966 0,000121
стройландия 2,995732 0,000569
строят 2,525729 0,000240
структурные 2,995732 0,000285
структуру 1,514128 0,000288
стс 1,714798 0,000163
студенческой 2,995732 0,000285
студией 3,218876 0,000306
студии 2,525729 0,000240
студия 1,966113 0,000374
ступино 1,347074 0,000128
стыке 1,966113 0,000187
суббота 2,120264 0,000201
субъект 0,820981 0,000078
субъектов 0,755023 0,000287
сувенир 3,506558 0,000333
судах 2,659260 0,000758
судов 1,237874 0,000118
сумела 3,912023 0,000372
супер 3,506558 0,000333
суперкинотеатр 3,912023 0,000372
супотницкого 3,912023 0,000372
суранов 3,912023 0,000372
суточный 0,820981 0,000156
сухопутного 3,912023 0,000372
существование 1,049822 0,000200
существует 0,446287 0,000170
существуют 0,162519 0,000046
сферы 1,309333 0,000124
схема 1,386294 0,000132
схи 3,506558 0,000333
сценах 3,218876 0,000306
счет 0,673345 0,000064
считается 0,693147 0,000066
сша 0,562119 0,000053
сызрань 1,237874 0,000353
сэпо-зэм 3,912023 0,000372
сюда 1,108663 0,000316
сюдасвязанные -0,009950 -0,000001
сюи 3,912023 0,000372
т-во 0,000000 0,000000
табакова 3,912023 0,000372
табакову 3,912023 0,000744
табачная 2,995732 0,000569
табачные 2,995732 0,000285
табл 0,867501 0,000082
таблица 0,653926 0,000311
табло 3,506558 0,000333
тагил 1,272966 0,000121
таджикистан 2,407946 0,000229
тайюань 3,912023 0,000372
также 0,000000 0,000000
такие 0,261365 0,000025
таким 0,527633 0,000050
таких 0,510826 0,000097
такси 1,021651 0,000291
тамбов 2,302585 0,000219
тарашкев 0,000000 0,000000
тарханы 3,912023 0,000372
татар 1,469676 0,000140
татарский 1,771957 0,000168
татарское 2,995732 0,000285
татарча 0,000000 0,000000
татары 0,798508 0,000076
татищево 3,912023 0,000372
татищевский 3,912023 0,000372
татищевского 3,912023 0,000372
тау 3,912023 0,001487
тверской 2,995732 0,000285
тверь 1,514128 0,000144
твк 2,040221 0,000969
творческий 2,659260 0,000253
творческое 2,995732 0,000285
творческой 2,207275 0,000210
творчества 1,514128 0,000144
творчество 1,966113 0,000187
тгк 2,302585 0,000438
театр 0,713350 0,001152
театра 1,021651 0,000291
театральной 1,832581 0,000348
театральный 1,660731 0,000316
театров 1,203973 0,000458
театром 2,120264 0,000201
театры 0,941609 0,000268
текст -0,009950 -0,000001
текстильщик 3,912023 0,000744
текущем 0,544727 0,000052
телеведущие 3,912023 0,000372
телевидение 0,967584 0,000368
телевидении 2,659260 0,000253
телевизионного 2,659260 0,000253
телевизионное 2,302585 0,000219
телевизионной 2,813411 0,000267
телеграфов 3,912023 0,000372
телеканал 1,309333 0,000249
телеканала 2,407946 0,000458
телеканалах 2,995732 0,000285
телекинофестиваль 3,912023 0,000372
телекинофестиваля 3,912023 0,000372
телепередача 2,995732 0,000285
телефонной 1,714798 0,000326
телефонный 0,776529 0,000074
телефонов 2,525729 0,000240
телефоны 2,813411 0,000267
телецентр 2,207275 0,000210
телецентра 2,302585 0,000219
телецентром 3,912023 0,000372
тематические 0,510826 0,000049
тематических 2,995732 0,000285
тембром 3,506558 0,000333
темп 2,302585 0,001313
температура 0,562119 0,000214
теннисный 2,407946 0,000229
тепличный 3,912023 0,000372
тепловая 2,813411 0,001337
тепловой 2,207275 0,000210
теплоходах 2,813411 0,000267
теплоходы 2,120264 0,000201
теплый 1,609438 0,000153
теремок 3,218876 0,000306
терешки 3,912023 0,000372
термина 0,400478 0,000038
территориальные 1,897120 0,000180
территориальных 0,776529 0,000295
территории 0,400478 0,000266
территорий 1,049822 0,000200
территорию 0,941609 0,000179
территория 0,755023 0,000215
территориях 0,916291 0,000087
тетюши 2,120264 0,000201
тех 0,798508 0,000076
техника 1,660731 0,000158
техники 0,867501 0,000082
техникум 1,714798 0,000652
технический 1,021651 0,000097
техническом 3,506558 0,000333
технологией 2,659260 0,000253
технологии 0,798508 0,000076
технологий 0,653926 0,000373
техстекло 3,912023 0,000372
течение 0,527633 0,000100
тилеорманским 3,912023 0,000372
тип 0,356675 0,000102
типа 0,462035 0,000044
типографий 3,506558 0,000333
типография 1,203973 0,000114
тихомиров 2,813411 0,000267
ткань 3,912023 0,000372
ткацкие 3,912023 0,000372
тнт 1,714798 0,000163
тов 3,506558 0,000666
товарный -0,009950 -0,000001
токмаковский 3,912023 0,000372
толчок 2,813411 0,000535
тольятти 1,514128 0,000144
томск 1,108663 0,000105
тонн 1,108663 0,000211
топонима 1,386294 0,000132
топонимический 0,798508 0,000076
топуридзе 3,218876 0,000306
топчиева 3,912023 0,000372
торговле 2,207275 0,000210
торговли 0,867501 0,000495
торговля 1,021651 0,000194
торгово-промышленного 3,506558 0,000333
торговые 1,203973 0,000229
торговый 1,237874 0,000118
торжественная 2,525729 0,000240
торжественно 1,660731 0,000631
торжественное 2,040221 0,000194
торпедо 2,995732 0,000569
точечная 2,995732 0,000285
точное 2,207275 0,000210
точной 2,813411 0,000267
точность 2,659260 0,000253
точный 3,506558 0,000333
традиционно 1,347074 0,000128
традициями 2,813411 0,000267
трамваи 1,897120 0,000180
трамвай 0,967584 0,000092
трамвайная 2,120264 0,000604
транзитного 1,897120 0,000180
транзитные 2,813411 0,000267
транслируется 3,912023 0,000372
трансляцию 2,659260 0,000253
трансляция 2,525729 0,000240
транспорт 0,693147 0,000988
транспорта 0,776529 0,000738
транспорте 1,514128 0,000144
транспортная 1,237874 0,000118
транспортное 2,040221 0,000582
транспортную 2,525729 0,000240
трасса 1,427116 0,000271
требованиям 2,525729 0,000240
требует 1,427116 0,000542
трети 1,897120 0,000180
третью 2,659260 0,000253
трех 0,713350 0,000068
трехдневному 3,912023 0,000372
трещиха 3,912023 0,000372
триал-спорт 2,995732 0,000285
трибуна 3,218876 0,000306
тридевять 3,912023 0,000372
трикотаж 3,912023 0,000372
трио 3,506558 0,000666
триумф 2,995732 0,000569
трк 1,771957 0,000674
трое 2,813411 0,000535
троицкий 1,560648 0,000593
троллейбус 0,994252 0,000094
троллейбусная 2,995732 0,000854
троллейбусного 2,207275 0,000210
троллейбусный 2,302585 0,000219
трофимовский 3,912023 0,001115
трудовой 1,237874 0,001059
трц 1,660731 0,000473
туризм 1,347074 0,000128
турковский 3,912023 0,000372
туровым 3,912023 0,000372
тутаев 2,040221 0,000194
тыла 1,897120 0,000180
тыс 0,430783 0,000123
тысяч 0,415515 0,000158
тысячи 0,597837 0,000057
тэц 1,272966 0,000363
тюза 3,912023 0,000744
тюзом 3,912023 0,000372
тюмень 1,171183 0,000111
тюремный 2,995732 0,000285
тюркскому 3,506558 0,000333
тяге 3,218876 0,000306
тяговые 3,912023 0,000372
у-фактория 0,000000 0,000000
уборки 3,218876 0,000306
убрав 2,040221 0,000194
уварова 3,506558 0,000333
увек 3,912023 0,000372
увекское 3,912023 0,000372
увеличена 3,506558 0,000333
увеличением 2,120264 0,000201
увеличилась 1,427116 0,000136
увеличить 1,966113 0,000187
угла 2,302585 0,000219
углич 2,040221 0,000194
удалена 0,941609 0,000089
ударных 3,506558 0,000333
удмуртукра 0,000000 0,000000
узбекистан 2,302585 0,000219
узел 0,891598 0,000085
узла 1,966113 0,000187
указ 0,941609 0,000089
указавшихнациональность 3,912023 0,000372
указан 0,139262 0,000013
указана 1,427116 0,000136
указанием -0,009950 -0,000001
указанной 2,813411 0,000267
указанных 2,659260 0,000253
указом 0,941609 0,000089
указу 1,714798 0,000163
укека 3,912023 0,000372
украине 2,407946 0,000229
украинский 2,120264 0,000201
украинцы 0,891598 0,000085
украины 0,616186 0,000059
украсил 3,506558 0,000333
украшением 3,912023 0,000372
укреплению 3,506558 0,000333
укрепляется 3,912023 0,000372
улан-удэ 1,237874 0,000118
улиц 0,891598 0,000339
улица 0,994252 0,000378
улице 0,916291 0,000522
улицы 0,843970 0,000401
ульяновск 1,078810 0,000205
умеренно 1,021651 0,000291
умет 2,659260 0,000505
унесла 3,506558 0,000333
универсал 3,506558 0,000666
универсальная 0,891598 0,000085
университет 0,562119 0,000427
университета 0,446287 0,000212
университете 1,560648 0,000297
университетов 1,660731 0,000158
университетской 3,506558 0,000333
университеты 1,966113 0,000187
уникальных 2,040221 0,000194
упоминаниями 3,912023 0,000372
управление 0,527633 0,000150
управлением 1,427116 0,000136
управления 0,415515 0,000237
урал 1,560648 0,000148
уральск 2,302585 0,000438
урегулировать 3,912023 0,000372
уровень 0,579818 0,000055
уровней 2,659260 0,000253
уровнем 0,798508 0,000076
уровню 1,897120 0,000180
усадьба 2,040221 0,000388
усилилось 3,506558 0,000333
условий -0,009950 -0,000001
условия -0,009950 -0,000003
условиями 2,407946 0,000229
услуги 0,994252 0,000094
успех 2,407946 0,000229
успеха 2,525729 0,000240
устав 0,941609 0,000089
устава 1,897120 0,000180
установки 1,897120 0,000180
установлен 0,941609 0,001521
установлении 1,771957 0,000168
установленных 2,659260 0,000253
устарела 2,040221 0,000194
устройства 1,309333 0,000124
устройстве 1,171183 0,000223
устройство 1,021651 0,000194
устройству 2,120264 0,000201
усть-курдюм 3,912023 0,000372
усть-курдюмского 3,912023 0,000372
устье 0,994252 0,000283
устью 1,078810 0,000103
устья 1,171183 0,000111
утвержден 1,171183 0,000111
утвержденный 2,040221 0,000194
утоли 3,506558 0,000666
утром 2,813411 0,000267
уфа 0,967584 0,000092
ухань 3,506558 0,000333
участвует 2,302585 0,000219
участвующие 3,506558 0,000333
участие -0,009950 -0,000002
участием 1,469676 0,000140
учебные 1,108663 0,000316
учебными 3,506558 0,000333
ученого-генетика 3,912023 0,000372
учетную -0,009950 -0,000001
учетом 0,755023 0,000143
училищ 1,966113 0,000187
училище 1,021651 0,000485
учился 2,995732 0,000285
учителей 2,040221 0,000194
учительнице 2,995732 0,000569
учитывались 3,218876 0,000306
учреждают 3,912023 0,000372
учреждение 1,237874 0,000118
учреждений 0,891598 0,000085
учреждения 0,843970 0,000802
учреждениями 2,407946 0,000229
учрежденная 3,912023 0,000372
фабрика 1,272966 0,000484
фабрики 1,832581 0,000174
фабричная 3,912023 0,000372
фазотрон-ниир 3,912023 0,000372
фактах 2,995732 0,000285
фактически 0,916291 0,000087
фактическое 2,813411 0,000267
фактов 1,386294 0,000132
факты 1,108663 0,000105
фасадов 3,218876 0,000306
фатеева 3,912023 0,000372
фгис 3,912023 0,001115
фгуп 1,771957 0,000337
февр 0,820981 0,000078
феврале 1,203973 0,000114
февраль 1,272966 0,000121
февраля 0,051293 0,000122
федеральная 0,713350 0,000407
федерального 0,673345 0,000192
федеральной 0,891598 0,000169
федеральные 1,272966 0,000363
федеральный 0,653926 0,000062
федеральных 0,776529 0,000517
федерации 0,544727 0,001398
федина 3,506558 0,001000
федора 1,771957 0,000168
федоровский 3,506558 0,000333
федором 3,218876 0,000306
ферма 2,813411 0,000267
фестиваль 1,139434 0,000325
фестиваля 1,714798 0,000489
фестиваля-конкурса 3,912023 0,000372
фехтование 3,506558 0,000333
физико-географическая 0,843970 0,000160
физико-технический 3,506558 0,000333
физиологии 3,218876 0,000306
физических 2,207275 0,000420
физкультурные 3,912023 0,000372
физкультурных 3,506558 0,000333
фиксированной 2,040221 0,000194
филармонии 1,469676 0,002374
филармонических 3,912023 0,000372
филармония 1,237874 0,000353
филиал 0,798508 0,000379
филиалы 1,347074 0,000128
филипповне 3,912023 0,000744
филологии 3,218876 0,000306
фильмов 1,660731 0,000316
финалисты 3,912023 0,000372
финансирования 2,120264 0,000201
финансов 1,897120 0,000180
финансово-технологический 3,912023 0,000372
финансово-экономический 2,659260 0,000253
финансы 0,798508 0,000076
фирмы 2,120264 0,000201
флаг 0,673345 0,000128
флота 1,560648 0,000148
фок 3,218876 0,002141
фокусники 3,912023 0,000372
фокусов 3,912023 0,001115
фолк-рок 3,912023 0,000372
фольклорных 3,912023 0,000372
фонд -0,009950 -0,000002
фонтаном 2,995732 0,000285
формате 1,427116 0,000407
формирования 1,108663 0,000105
формироваться 2,302585 0,000219
формосово 3,912023 0,000372
формы 0,941609 0,000089
фотографии 1,203973 0,000114
франция 1,560648 0,000148
французов 3,218876 0,000306
французской 2,407946 0,000229
фронт 1,714798 0,000163
фронта 1,514128 0,000288
фрунзенский 2,659260 0,001011
функции 1,049822 0,000100
функциональные 2,813411 0,000267
функционирует 1,203973 0,000114
функционируют 1,427116 0,000678
футбол 1,714798 0,000163
футбольный 1,203973 0,000343
хальмг 0,000000 0,000000
ханты-мансийск 1,347074 0,000128
характеристика 0,713350 0,000136
характерна 1,966113 0,000187
характерно 1,609438 0,000153
хачкар 3,912023 0,000372
хвалынск 2,120264 0,000403
хвалынске 3,912023 0,000372
хвалынский 3,912023 0,000372
хватает 0,843970 0,000080
хеппи-молл 3,912023 0,000372
химии 1,832581 0,000174
химическая 1,714798 0,000163
химической 1,560648 0,000148
хлеб 2,207275 0,000629
хмелевка 3,506558 0,000333
хмелевский 3,912023 0,000372
ходе 0,562119 0,000107
хозяйства 0,755023 0,000072
хозяйство 0,713350 0,000339
хоккей 1,660731 0,000158
хоккейный 1,660731 0,000158
хоккею 1,347074 0,000128
холдинговой 3,912023 0,001487
холдинговую 3,506558 0,000333
холерная 3,912023 0,000372
холерных 3,912023 0,000372
холеры 3,506558 0,000666
холмы 2,525729 0,000240
холодильники 3,912023 0,000372
холодная 2,040221 0,000194
холодного 1,966113 0,000187
холодные 2,525729 0,000240
хор 2,407946 0,000686
хоровой 2,995732 0,000285
хорошем 3,912023 0,000372
храбрость 3,218876 0,000306
храм 0,843970 0,000321
храмового 3,506558 0,000333
храмовый 3,506558 0,000333
хранящейся 3,912023 0,000372
христова 1,966113 0,000187
художественное 2,040221 0,000194
художественный 1,171183 0,000445
художников 1,609438 0,000153
худяков 3,912023 0,000372
царицыном 3,506558 0,000333
царицынской 3,506558 0,000333
царскому 3,218876 0,000306
царствование 3,218876 0,000612
царя 1,469676 0,000279
целое 2,407946 0,000229
целью 0,733969 0,000070
ценных 2,407946 0,000229
центр 0,400478 0,000647
центра 0,562119 0,000214
центральная 0,755023 0,000143
центральное 1,966113 0,000187
центральной 0,843970 0,000160
центральном 1,714798 0,000326
центральный 0,673345 0,000128
центре 0,673345 0,000448
центров 0,776529 0,000148
центром 0,713350 0,000610
центры 0,713350 0,000271
церемонию 3,912023 0,000372
церемония 2,207275 0,000210
церквей 1,560648 0,000148
церкви 0,916291 0,000435
церковь 0,843970 0,000481
цех 3,506558 0,000333
цирк 1,078810 0,000718
цирке 2,995732 0,000285
цирковыми 3,912023 0,000372
цирком 3,218876 0,000612
цифровом 2,120264 0,000201
цифровые 0,673345 0,000064
цниииа 3,912023 0,000372
цхинвал 2,995732 0,000285
цхинвальский 3,912023 0,000372
цыганской 3,912023 0,000372
чапаева 2,813411 0,000535
чардымский 3,912023 0,000372
час 1,714798 0,000163
часовой 0,755023 0,000359
частей 1,139434 0,000108
части 0,198451 0,000170
частично 0,653926 0,000062
частности 0,462035 0,000044
частные 1,514128 0,000144
часто 0,415515 0,000079
частота 1,660731 0,000158
часть 0,105361 0,000030
частью 0,755023 0,000072
чебоксары 1,171183 0,000334
чел 0,713350 0,000339
человек 0,400478 0,000266
челябинск 0,994252 0,000094
чемпионами 2,813411 0,000267
чернихой 3,912023 0,000372
черноземы 2,813411 0,000267
чернышевский 3,218876 0,000306
чернышевского 2,659260 0,002527
чернышевскому 3,912023 0,000744
чертой 2,813411 0,000267
черту 1,714798 0,000652
черты 1,203973 0,000114
честь 0,562119 0,000214
четвертая 2,302585 0,000219
четыре 0,713350 0,000271
четырех 1,203973 0,000229
числа 0,891598 0,000169
числе 0,248461 0,000094
численности 0,653926 0,000373
численность 0,653926 0,001802
численностью 1,049822 0,000299
число 0,478036 0,000136
чистота 3,506558 0,000333
чита 1,237874 0,000118
читатьправитьправить 0,494296 0,000047
чкаловск 2,040221 0,000194
чуваши 1,237874 0,000118
чугунолитейная 3,912023 0,000372
чугунолитейных 3,912023 0,000744
чумаками 3,506558 0,000333
шаблон 1,660731 0,000158
шаблонами 0,634878 0,000060
шаблонестатьи 3,912023 0,000372
шаек 3,912023 0,000372
шаоян 3,912023 0,000372
швейные 3,912023 0,000372
шевыревка 3,912023 0,000372
шель 3,912023 0,000372
шерстью 3,506558 0,000333
шестизначная 2,995732 0,000285
шехтель 3,506558 0,000333
ширина 1,469676 0,000140
широкий 1,966113 0,000187
широко 0,673345 0,000064
широкое 1,660731 0,000316
шиханы 3,912023 0,000744
школ 0,994252 0,000094
школ-интернатов 2,813411 0,000267
школа 0,891598 0,000169
школу 2,525729 0,000240
школы 0,673345 0,000256
шли 2,120264 0,000201
шлягер 3,912023 0,000372
шмидт 2,659260 0,000758
шмидта 2,407946 0,000458
шнитке 3,506558 0,005332
шпаги 3,912023 0,000372
шрифтом 2,040221 0,000194
штафа 3,912023 0,000372
шумейка 3,912023 0,000372
шумилина 3,912023 0,000372
щербаков 3,218876 0,001224
щербаковы 3,912023 0,000372
щукин 3,506558 0,000333
щукины 3,912023 0,000372
ъ-саратов 0,000000 0,000000
эвакогоспиталей 3,218876 0,000306
эвакуированы 2,040221 0,000194
эйнштейна 2,995732 0,000854
экз 0,415515 0,000118
экономбанк 3,912023 0,000372
экономика 0,510826 0,000194
экономики 0,713350 0,000136
экономический 1,139434 0,000108
экономической 1,237874 0,000118
эксплуатацию 0,994252 0,000283
экспозицией 3,506558 0,000333
экспозиция 2,040221 0,000194
экспонатов 2,302585 0,000438
экспорт -0,009950 -0,000001
электрическая 3,218876 0,001529
электрические 2,659260 0,000253
электрических 2,995732 0,000285
электрической 1,966113 0,000374
электричка 2,207275 0,000210
электрички 2,302585 0,000219
электроники 2,407946 0,000229
электронного 1,897120 0,000180
электропоездов 2,407946 0,000458
электроприборостроительный 3,912023 0,000372
электросетевая 3,912023 0,000372
эльдорадо 1,966113 0,000187
эльтона 3,506558 0,000333
энгельс 1,832581 0,001045
энгельса 2,302585 0,000438
энгельсе 3,912023 0,000372
энгельсом 3,912023 0,001115
энгельсский 3,912023 0,000372
энгельсского 3,912023 0,000372
энергетик 2,995732 0,000285
энергетика 1,660731 0,000473
энергетического 3,506558 0,000333
энергии 1,514128 0,000144
энергообъекта 3,912023 0,000372
энергосбытовые 3,912023 0,000744
энергоузла 3,912023 0,000372
энтомологическая 3,912023 0,000372
энциклопедии -0,009950 -0,000002
энциклопедия 0,210721 0,000180
эпидемии 2,995732 0,000285
эпидемия 2,995732 0,000854
эпидемиях 3,912023 0,000372
эпохи 1,139434 0,000108
эпоху 1,386294 0,000132
эрзянь 0,000000 0,000000
эстраде 3,912023 0,000372
эстрадная 3,912023 0,000372
эстрадные 3,912023 0,000372
эстрады 2,659260 0,000253
эта 0,000000 0,000000
этаже 3,218876 0,000306
этими 1,560648 0,000148
этимологии 2,407946 0,000229
этимология 0,616186 0,000117
этнографическая 3,912023 0,000372
этнографический 2,813411 0,000267
это 0,000000 0,000000
этому 0,755023 0,000072
этуаль 2,995732 0,000285
эфир 1,897120 0,000180
эфирных 2,813411 0,000267
ю-в 0,000000 0,000000
ю-з 0,000000 0,000000
юбилейный 0,820981 0,000390
юге 1,078810 0,000205
юго-востока 2,207275 0,000210
юго-востоке 1,771957 0,000337
юго-востоку 2,040221 0,000194
юго-осетинской 3,912023 0,000372
югу 1,609438 0,000153
южная 0,941609 0,000268
южные 1,560648 0,000148
южный 0,755023 0,000072
южных 1,897120 0,000180
юлмарт 3,506558 0,000333
юного 1,560648 0,000593
юность 1,771957 0,000337
юношества 2,302585 0,000219
юридическая 3,912023 0,000372
юридический 1,714798 0,000326
юрий 1,203973 0,000114
юрино 2,120264 0,000201
юрию 2,813411 0,000535
юрия 1,660731 0,000158
юрловка 3,912023 0,000372
юрьевец 2,120264 0,000201
юрьевка 3,506558 0,000333
юстиции 2,207275 0,000210
яблочкова 3,506558 0,000333
является 0,094311 0,000072
являются 0,248461 0,000071
являющейся 1,897120 0,000180
язык 0,116534 0,000033
языках -0,009950 -0,000001
языковой 2,207275 0,000420
языком 1,514128 0,000144
якутск 1,203973 0,000114
янв 0,820981 0,000078
январь 0,941609 0,000089
января 0,116534 0,000753
янклович 3,912023 0,000372
янковского 3,506558 0,000666
янковскому 3,912023 0,001115
яркие 2,813411 0,000267
ярославль 1,078810 0,000205
ястребиный 3,912023 0,000372
ястребы 3,218876 0,000306
ячеистого 3,912023 0,000372
