абазинский 3,912023 0,000153
абазины 2,207275 0,000086
абашевская 3,506558 0,000137
аббревиатура 3,912023 0,000153
абелевской 3,912023 0,000153
абонентов 2,407946 0,000282
абрикосов 3,912023 0,000153
абсолютизма 3,506558 0,000137
абсолютные 2,525729 0,000099
абсолютный 0,798508 0,000062
абхазию 3,506558 0,000137
абхазия 2,040221 0,000398
абхазы 1,832581 0,000071
авангарда 2,995732 0,000117
авангардное 3,912023 0,000153
авангардные 3,912023 0,000153
авар 3,912023 0,000153
аварий 2,813411 0,000110
аварцы 1,771957 0,000138
аввакума 3,912023 0,000153
авг 0,820981 0,000032
августа 0,072571 0,000153
августе 0,994252 0,000078
августовский 3,218876 0,000126
авен 3,912023 0,000153
аверинцев 3,506558 0,000137
авиакомпании 2,525729 0,000197
авиакомпаний 2,995732 0,000234
авиакомпания 2,302585 0,000090
авиаперевозки 2,995732 0,000117
авиапредприятия 3,912023 0,000153
авиасообщение 2,813411 0,000110
авиатранспортом 3,912023 0,000153
авиации 1,347074 0,000053
авиационная 3,506558 0,000137
авиационную 3,912023 0,000153
авиационный 1,771957 0,000069
австралия 2,040221 0,000159
австрии 2,659260 0,000104
австрия 2,659260 0,000104
авт 1,469676 0,000115
автобусный 2,120264 0,000083
автобусов 1,469676 0,000057
автоматически 2,120264 0,000083
автомобилей 1,272966 0,000149
автомобилизации 2,995732 0,000234
автомобиль 2,207275 0,000086
автомобильная 1,897120 0,000074
автомобильное 2,995732 0,000117
автомобильные 1,347074 0,000158
автомобильный 1,049822 0,000123
автомобильных 1,386294 0,000216
автономии 3,218876 0,000126
автономная 1,469676 0,000287
автономного 2,659260 0,000207
автономной 1,832581 0,000071
автономном 2,995732 0,000117
автономные 2,525729 0,000197
автономный 2,302585 0,000090
автономных 2,813411 0,000329
автопатрулируемых 3,912023 0,000153
авторами 2,525729 0,000099
автореферат 2,659260 0,001037
авторитарной 3,912023 0,000153
авторитарную 3,912023 0,000153
авторитарный 3,912023 0,000153
авторская 2,995732 0,000117
авторский 3,506558 0,000137
авторской 3,218876 0,000126
авторскую 3,912023 0,000153
авторства -0,009950 -0,000000
автоспорт 3,506558 0,000137
автостат 3,506558 0,000137
автотранспортных 2,813411 0,000110
агата 3,912023 0,000153
агафошин 3,912023 0,000153
агеева 1,469676 0,000057
агентства 1,714798 0,000067
агентство 1,049822 0,000164
агломерации 0,916291 0,000036
агоштон 3,912023 0,000153
агранович 3,912023 0,000153
аграрного 2,120264 0,000083
агрессивность 3,912023 0,000153
агрессии 3,912023 0,000458
агрессию 3,912023 0,000458
агулы 1,832581 0,000071
административно-командной 3,912023 0,000153
административно-территориальное 0,820981 0,000032
административно-территориальными 3,218876 0,000126
административной 2,659260 0,000207
административным 1,514128 0,000059
административных 1,309333 0,000051
администрация 0,941609 0,000037
адрес 1,609438 0,000126
адресов 2,407946 0,000094
адыгабзэ 0,000000 0,000000
адыгейцы 1,897120 0,000074
адыгэбзэ 0,000000 0,000000
аза 3,912023 0,000153
азад-кашмир 3,912023 0,000153
азаров 3,506558 0,000137
азербайджан 2,659260 0,000933
азербайджаном 3,218876 0,000126
азербайджанцы 1,139434 0,000089
азиатская 3,218876 0,000126
азиатской 2,407946 0,000188
азиатскую 3,506558 0,000137
азией 2,407946 0,000188
азии 0,916291 0,000286
азиипризнанные 3,912023 0,000153
азия 1,897120 0,000074
азовским 2,407946 0,000094
айвазовский 2,659260 0,000207
айдинова 3,912023 0,000153
акад 2,040221 0,000080
академии 0,693147 0,000081
академик 1,660731 0,000065
академика 1,714798 0,000067
академиком 3,218876 0,000126
академического 2,525729 0,000099
академическое 3,218876 0,000126
академия 0,798508 0,000093
аквариум 2,813411 0,000110
акватории 1,660731 0,000065
акиры 3,912023 0,000153
аккаунтов 3,506558 0,000137
акрамя 3,912023 0,000153
акротири 3,506558 0,000274
акт 2,407946 0,000094
актах 3,218876 0,000126
актеры 2,407946 0,000094
активами 3,218876 0,000126
активизировались 3,506558 0,000274
активизировалось 2,995732 0,000117
активизм 3,912023 0,000153
активная 2,207275 0,000172
активно 0,755023 0,000029
активного 2,040221 0,000239
активной 2,813411 0,000110
активные 2,813411 0,000110
активный 2,659260 0,000311
активов 2,525729 0,000099
активы 2,813411 0,000219
актинидия 3,912023 0,000153
актов 1,897120 0,000074
актом 2,995732 0,000117
акторов 3,912023 0,000153
актуальные 2,302585 0,000090
акустическую 3,912023 0,000153
акцентом 2,813411 0,000110
акций 2,120264 0,000165
акционерного 2,407946 0,000094
акционерное 2,813411 0,000219
аландские 3,506558 0,000137
албания 3,218876 0,000377
алг 3,912023 0,000153
александр 0,693147 0,000297
александра 0,820981 0,000064
александринский 3,506558 0,000137
алексей 1,049822 0,000123
алексея 1,514128 0,000118
алеуты 3,218876 0,000126
алжир 3,218876 0,000377
алипий 3,912023 0,000153
алиса 2,995732 0,000117
алла 2,995732 0,000117
алма-атинская 3,912023 0,000153
алмазов 3,218876 0,000251
алмазоносной 3,912023 0,000153
алмазы 3,912023 0,000153
алтае-саянская 3,506558 0,000137
алтай 2,407946 0,000376
алтайской 2,995732 0,000117
алтайцы 1,966113 0,000077
алтарь 3,912023 0,000153
алтая 2,659260 0,000207
алфавитов 3,912023 0,000153
алфавитувикипедия 0,776529 0,000030
алфавитугосударства 3,912023 0,000153
алфавиты 3,912023 0,000153
алфеевский 3,912023 0,000153
алферов 3,506558 0,000137
альпина 2,407946 0,000188
альпинизм 2,813411 0,000110
альфред 2,813411 0,000110
алябьев 3,912023 0,000305
амбицией 3,912023 0,000153
америка 2,040221 0,000080
американская 2,407946 0,000188
американских 2,302585 0,000090
американского 2,207275 0,000086
американской 2,207275 0,000086
американскому 2,995732 0,000117
американцы 1,966113 0,000077
америки 1,966113 0,000153
америку 3,912023 0,000153
амур 2,813411 0,000219
амура 2,995732 0,000117
амурский 2,407946 0,000188
анадырь 2,813411 0,000110
анализ 1,237874 0,000097
аналитическая 2,525729 0,000099
аналитический 2,525729 0,000887
аналитической 2,813411 0,000110
аналоговое 2,407946 0,000094
аналогом 2,813411 0,000110
ананд 3,912023 0,000153
анань 0,000000 0,000000
анархисты 3,506558 0,000137
анатолием 3,912023 0,000153
анатолий 1,714798 0,000067
англ 0,174353 0,000537
английский 1,897120 0,000074
английского 2,659260 0,000104
андийцы 2,995732 0,000117
андома-гора 3,912023 0,000153
андорра 3,506558 0,000137
андре 0,000000 0,000000
андреев 2,040221 0,000080
андрей 0,967584 0,000189
анисимов 3,506558 0,000274
анна 1,714798 0,000134
аннексией 3,506558 0,000274
аннексии 2,995732 0,000234
аннексировав 3,912023 0,000153
аннексировала 3,506558 0,000137
аннексированную 3,912023 0,000153
аннексированные 3,912023 0,000458
аннексированный 3,912023 0,000305
аннексированным 3,912023 0,000153
аннексированными 3,912023 0,000153
аннексированных 3,912023 0,000153
аннексированы 3,506558 0,000137
аннексию 3,506558 0,000137
аннексия 0,994252 0,000233
анненский 3,912023 0,000153
аносов 3,912023 0,000153
анофриев 3,506558 0,000137
анри 2,659260 0,000104
ансамбль 1,203973 0,000047
антибольшевистскими 3,506558 0,000137
антигитлеровская 3,912023 0,000153
антикоррупционные 3,912023 0,000153
антипутинскую 3,912023 0,000153
антитеррористический 3,912023 0,000153
антон 1,832581 0,000143
антонов 2,995732 0,000117
анюй 3,218876 0,000126
аомынь 3,912023 0,000153
апатитов 3,912023 0,000153
аппаратов 2,407946 0,000094
аппаратом 3,506558 0,000137
аппараты 2,813411 0,000110
апр 0,798508 0,000031
апреле 0,994252 0,000078
апреля 0,174353 0,000850
априлиа 3,912023 0,000153
апурва 3,912023 0,000153
арабские 2,813411 0,000110
арабских 2,302585 0,000090
арабы 1,832581 0,000071
аравия 2,995732 0,000584
аралия 3,506558 0,000137
арбитражные 3,218876 0,000126
аргентина 2,995732 0,000234
аргументами 2,659260 0,000104
аргументы 1,203973 0,000094
арендт 3,912023 0,000153
ареной 2,120264 0,000083
аресте 3,912023 0,000153
аристократию 3,912023 0,000153
ария 3,912023 0,000153
арктики 2,407946 0,000094
арктическая 2,659260 0,000311
арктические 3,218876 0,000251
арктический 2,813411 0,000110
арктических 2,813411 0,000329
арктическое 3,506558 0,000137
арктической 2,995732 0,000117
арктическом 3,506558 0,000274
арктотундра 3,912023 0,000153
армении 2,302585 0,000090
армению 3,912023 0,000153
армения 2,040221 0,000716
армии 1,049822 0,000164
армию 2,813411 0,000110
армия 2,120264 0,000331
армяне 1,021651 0,000080
артамонов 3,218876 0,000126
арх 0,544727 0,000446
архангельск 1,771957 0,000069
архангельская 2,813411 0,000110
архангельской 2,659260 0,000104
археолог 3,218876 0,000251
археология 2,120264 0,000083
архив 0,462035 0,000072
архивами 3,912023 0,000153
архивировано 0,020203 0,000258
архивная 0,400478 0,000703
архивной 0,713350 0,000056
архивном 3,506558 0,000137
архивные 2,813411 0,000110
архивов 2,813411 0,000110
архивы 2,407946 0,000376
архипелага 3,218876 0,000126
архитекторы 1,469676 0,000057
архитектура 0,755023 0,000324
архитектуры 0,755023 0,000147
асадов 3,912023 0,000153
асеан 3,506558 0,000137
аспект 2,407946 0,000188
аспекта 3,912023 0,000153
ассамблее 3,912023 0,000153
ассамблея 2,995732 0,000117
ассирийцы 1,832581 0,000071
ассоциированное 3,912023 0,000153
ассошиэйтед 3,912023 0,000153
асср 1,966113 0,000153
аст 0,820981 0,000032
астана 2,813411 0,000439
астафьев 3,912023 0,000153
астраханские 2,995732 0,000117
астраханское 2,995732 0,000234
астрахань 0,967584 0,000038
астровых 3,912023 0,000153
асфальтированные 3,912023 0,000153
атаку 3,506558 0,000137
атеизм 3,506558 0,000137
атлантического 2,207275 0,000086
атлас 1,272966 0,000199
атлетика 3,218876 0,000251
атлетике 2,995732 0,000117
атмосферной 2,995732 0,000117
атомных 3,218876 0,000126
атэс 3,506558 0,000137
аудитории 2,813411 0,000219
аудиторию 3,218876 0,000377
аудитория 3,506558 0,000410
аудиторской 3,912023 0,000153
аукционы 3,912023 0,000153
аутсайдеров 3,506558 0,000137
афганистан 3,506558 0,000684
афганцы 2,120264 0,000083
африканский 3,506558 0,000137
африканского 3,912023 0,000153
африке 2,659260 0,000104
африки 2,120264 0,000083
ахмадулина 3,912023 0,000153
ахматова 3,912023 0,000153
аэродинамика 3,912023 0,000153
аэродром 1,514128 0,000059
аэропорт 0,843970 0,000263
аэропорта 1,049822 0,000246
аэропортов 2,302585 0,000180
аэропортов-миллионников 3,912023 0,000153
аэропорту 1,609438 0,000063
аэропорты 1,714798 0,000268
бабель 3,912023 0,000153
багрицкий 3,912023 0,000153
багрянородного 3,912023 0,000153
багульник 3,506558 0,000137
бадахшан 3,912023 0,000153
баз 1,771957 0,000069
базардюзю 3,912023 0,000153
базе 0,776529 0,000061
базовое 3,912023 0,000305
байкал 2,525729 0,000296
байкальской 3,218876 0,000251
байрачные 3,912023 0,000153
бакалавриат 3,506558 0,000137
бакалавриата 3,506558 0,000137
бакунин 3,506558 0,000137
бакшаев 3,912023 0,000305
баланчин 3,912023 0,000153
балет 2,995732 0,000584
балета 1,560648 0,000122
балетному 3,912023 0,000153
балету 3,912023 0,000153
балкарцы 2,040221 0,000080
балл 3,912023 0,000153
баллов 2,302585 0,000359
баллы 3,506558 0,000274
балтийский 2,813411 0,000219
балтийским 2,407946 0,000094
балтийского 1,897120 0,000148
балтийской 2,995732 0,000117
балтийском 2,995732 0,000117
балтийскому 3,506558 0,000137
балтских 3,506558 0,000137
бальмонт 3,912023 0,000153
бангладеш 3,506558 0,000274
банк 1,078810 0,000463
банка 0,941609 0,000220
банках 2,995732 0,000234
банки 1,560648 0,000122
банков 1,272966 0,000199
банковская 2,813411 0,000329
банковский 2,659260 0,000207
банковских 2,207275 0,000086
банком 2,302585 0,000090
баран 3,506558 0,000137
баратынский 3,912023 0,000153
бардов 3,912023 0,000153
баренцев 3,912023 0,000153
баренцева 2,659260 0,000104
барнаул 1,203973 0,000141
барокко 1,560648 0,000061
барометр 3,912023 0,000153
барсенков 3,912023 0,000153
барсук 3,506558 0,000137
барсуков 3,912023 0,000153
бартеризацией 3,912023 0,000153
барханный 3,912023 0,000153
бархат 3,218876 0,000126
баскетбол 1,897120 0,000074
басмачи 3,912023 0,000153
басов 3,506558 0,000137
бассейн 1,078810 0,000126
бассейна 1,386294 0,000108
бассейне 1,897120 0,000074
бассейнов 1,660731 0,000065
баста 3,912023 0,000153
батальонно-тактическая 3,912023 0,000153
батыя 3,506558 0,000274
батюшков 3,506558 0,000137
бахметьев 3,912023 0,000153
бахмут 3,912023 0,000153
бахрейн 3,506558 0,000274
бахтин 3,218876 0,000126
бахчисарайский 3,912023 0,000153
баш 3,506558 0,000137
башкирская 2,407946 0,000094
башкирский 2,995732 0,000117
башкиры 1,347074 0,000105
башкортостана 3,218876 0,000126
башкортостане 3,506558 0,000274
башмет 3,912023 0,000153
ббс 3,912023 0,000153
беднее 2,995732 0,000117
бедности 3,506558 0,000547
бедными 3,912023 0,000153
бедных 3,218876 0,000377
безвизовых 3,912023 0,000153
безвозвратных 3,506558 0,000274
безоговорочной 3,912023 0,000153
безопасности 1,139434 0,000711
безопасностискрытые 3,912023 0,000153
безработица 2,995732 0,000234
безработицей 3,912023 0,000153
безработицы 2,040221 0,000398
безработных 2,407946 0,000094
безраздельное 3,912023 0,000153
бел 3,912023 0,000153
беларуси 2,207275 0,000603
беларуская 0,000000 0,000000
беларусь 1,237874 0,000483
беларусью 3,506558 0,000274
белка 2,813411 0,000110
беловежские 3,912023 0,000305
белого 1,609438 0,000188
белое 1,714798 0,000134
белой 1,660731 0,000065
беломорско-балтийскому 3,506558 0,000137
белоозеро 3,912023 0,000153
белоруссию 3,912023 0,000153
белорусская 3,506558 0,000137
белорусским 3,912023 0,000153
белорусских 3,912023 0,000153
белорусы 1,203973 0,000094
белый 1,514128 0,000177
белым 2,207275 0,000086
бельгия 2,525729 0,000197
беляев 2,407946 0,000094
беляева 2,659260 0,000104
бенин 3,218876 0,000126
бердяев 3,506558 0,000274
берега 0,916291 0,000036
береговой 2,040221 0,000080
берегу 0,616186 0,000024
береза 2,207275 0,000086
березин 3,912023 0,000305
березово-осиновые 3,506558 0,000137
бересклета 3,912023 0,000153
беринга 3,506558 0,000137
беринговом 3,506558 0,000137
бесермяне 3,506558 0,000137
беспилотных 3,912023 0,000153
бесплатных 3,506558 0,000137
беспошлинный 3,912023 0,000153
беспрецедентным 3,912023 0,000153
бессарабию 3,912023 0,000153
бесстыковые 3,912023 0,000153
бесчеловечном 3,912023 0,000153
бетонированные 3,912023 0,000153
бехтерев 3,912023 0,000153
би-би-си 2,995732 0,000351
биатлон 2,813411 0,000110
биатлоне 3,912023 0,000153
библиографии 3,506558 0,000137
библиографические 3,912023 0,000153
библиографический 3,506558 0,000137
библиографических 0,094311 0,000004
библиотек 0,967584 0,000113
библиотека 0,462035 0,000036
библиотеки 0,843970 0,000099
библиотечного 2,995732 0,000117
бизнес 1,514128 0,000059
бизнес-джет 3,912023 0,000153
бизнеса 0,967584 0,000113
билан 3,506558 0,000137
билатерализм 3,912023 0,000153
биогеохимия 3,912023 0,000153
биологии 2,207275 0,000086
биологические 2,407946 0,000094
биоразнообразия 3,912023 0,000153
битв 3,912023 0,000153
битва 2,207275 0,000344
битвы 2,120264 0,000083
бишкек 3,218876 0,000502
блаватская 3,912023 0,000153
благодаря 0,527633 0,000123
благодати 3,912023 0,000153
благоприятное 3,218876 0,000126
благородный 3,218876 0,000126
благосостояния 3,506558 0,000137
блаженного 3,218876 0,000126
блануца 3,912023 0,000153
блатная 3,912023 0,000153
блатной 3,912023 0,000153
блатную 3,912023 0,000153
блеск 3,506558 0,000137
ближнее 3,218876 0,000126
ближнемагистральный 3,912023 0,000153
ближний 2,407946 0,000094
близких 2,525729 0,000099
близости 1,897120 0,000074
блок 1,832581 0,000071
блоков 2,120264 0,000083
бобков 3,912023 0,000610
бобовых 3,912023 0,000153
бобры 3,218876 0,000126
бог 2,525729 0,000099
богата 2,659260 0,000104
богатое 3,218876 0,000126
богатую 3,218876 0,000126
богаты 2,659260 0,000104
богатые 2,407946 0,000094
богатый 2,659260 0,000104
богатыми 2,995732 0,000117
богатыри 3,506558 0,000137
богатых 2,525729 0,000197
богдан 3,506558 0,000137
богданов 2,995732 0,000234
богомолова 3,912023 0,000153
богородская 3,218876 0,000126
боевой 1,832581 0,000071
боевых 1,966113 0,000153
боеголовок 3,912023 0,000305
боеспособных 3,912023 0,000153
бои 2,207275 0,000086
бокс 2,813411 0,000110
боксе 3,912023 0,000153
болгарию 3,912023 0,000153
болгария 1,386294 0,000054
болгары 1,897120 0,000074
болезни 2,407946 0,000094
болезнью 3,912023 0,000153
боливия 3,506558 0,000137
болонский 3,912023 0,000153
болонского 3,912023 0,000153
болот 3,218876 0,000126
больна 3,912023 0,000153
больниц 1,966113 0,000230
больничных 2,407946 0,000188
большая 0,072571 0,000136
большевикам 2,995732 0,000117
большевиками 2,407946 0,000094
большевики 2,207275 0,000430
большевиков 1,966113 0,000077
большей 1,078810 0,000042
большие 0,891598 0,000070
большим 1,560648 0,000243
большинстве 1,386294 0,000054
большинство 0,597837 0,000163
большого 0,967584 0,000038
большое 0,544727 0,000064
большой 0,328504 0,000154
большую 0,891598 0,000104
бонапарта 3,912023 0,000153
бондарчука 3,912023 0,000153
бордачев 3,912023 0,000153
бордюжа 3,912023 0,000153
бореальные 3,912023 0,000153
борец 2,813411 0,000110
борис 1,660731 0,000194
бориса 1,832581 0,000071
борисе 3,912023 0,000153
борисова 2,995732 0,000117
боровиковский 3,912023 0,000153
бородин 2,995732 0,000467
боролась 3,912023 0,000153
борцов 2,659260 0,000104
борьба 1,897120 0,000222
борьбе 1,469676 0,000172
борьбу 2,302585 0,000090
борьбы 1,386294 0,000054
боснийцы 3,506558 0,000137
босния 2,995732 0,000234
боффа 3,912023 0,000153
боханов 3,912023 0,000153
боях 2,407946 0,000094
браговский 3,912023 0,000153
бразилиа 3,912023 0,000305
бразилии 2,659260 0,000104
бразилия 2,525729 0,001182
братья 2,407946 0,000094
бревенчатую 3,912023 0,000153
бредовые 3,912023 0,000153
брежнев 3,218876 0,000126
брестский 3,912023 0,000305
бригада 2,659260 0,000207
брикс 2,995732 0,000701
бриксгосударства 3,912023 0,000153
бриксучастники 3,912023 0,000153
британская 2,659260 0,000104
британской 2,813411 0,000219
британцы 2,120264 0,000083
бродский 3,218876 0,000377
брокгауза 0,328504 0,000051
броненосец 3,218876 0,000126
брумфилд 3,912023 0,000153
брумфилда 3,912023 0,000153
бруней 3,218876 0,000377
бруни 3,912023 0,000153
брэ 2,040221 0,000159
брюллов 3,506558 0,000137
брюсов 3,912023 0,000153
брюхоненко 3,912023 0,000153
брянск 2,207275 0,000086
брянской 3,506558 0,000137
бсср 3,912023 0,000153
буддизм 2,525729 0,000197
буддисты 3,218876 0,000126
будут 1,203973 0,000047
будучи 1,714798 0,000067
бузины 3,912023 0,000153
бук 3,218876 0,000126
буквами 2,813411 0,000110
буковину 3,912023 0,000153
булат 3,506558 0,000137
булахов 3,912023 0,000153
булгаков 3,506558 0,000410
бунин 2,995732 0,000234
буран 3,218876 0,000126
буркина-фасо 3,506558 0,000137
бурлаки 3,218876 0,000126
бурозубка 3,912023 0,000153
бурундук 3,218876 0,000126
бурый 2,659260 0,000207
бурыми 3,218876 0,000126
буряад 0,000000 0,000000
буряты 1,714798 0,000134
бутан 3,506558 0,000137
бутаном 3,912023 0,000153
бутлеров 3,506558 0,000137
буторина 3,218876 0,000126
буферная 3,912023 0,000153
бухгалтеров 3,912023 0,000153
буш 3,506558 0,000137
бушнев 3,912023 0,000153
български 0,000000 0,000000
бывшего 1,021651 0,000159
бывшие 1,771957 0,000484
бывшими 3,506558 0,000137
бывших 1,897120 0,000074
былин 3,912023 0,000153
былины 3,506558 0,000137
быстро 1,139434 0,000133
быстрыми 2,813411 0,000110
быт 3,506558 0,000137
бытом 3,912023 0,000153
бычкова 3,912023 0,000153
бюджет 1,771957 0,000069
бюджета 1,309333 0,000204
бюджете 3,218876 0,000126
бюджетных 2,813411 0,000110
бюллетень 2,659260 0,000104
бюро 1,427116 0,000056
вавилония 3,506558 0,000137
вагнер 2,995732 0,000234
вагнера 3,218876 0,000126
вагонов 2,120264 0,000083
вада 3,912023 0,000153
важнейшими 3,218876 0,000126
важнейших 1,832581 0,000143
важность 2,995732 0,000117
важные 2,120264 0,000165
важным 1,386294 0,000108
вакуленко 3,912023 0,000305
вал 2,207275 0,000086
валахией 3,912023 0,000153
валдайская 3,506558 0,000137
валентина 2,302585 0,000180
валентины 2,995732 0,000117
валерий 1,714798 0,000268
валовая 3,912023 0,000153
валового 2,995732 0,000117
валовой 2,120264 0,000331
валовом 3,506558 0,000137
валовый 3,912023 0,000153
валюта 2,659260 0,000207
валютных 3,506558 0,000137
вариантов 1,771957 0,000138
варламов 3,218876 0,000126
варшавским 3,912023 0,000153
варшавского 3,912023 0,000305
варяг 2,659260 0,000104
варяги 3,912023 0,000305
варягов 3,912023 0,000458
варяжских 3,912023 0,000153
варяжское 3,506558 0,000137
василий 1,386294 0,000162
василия 1,771957 0,000138
васильев 2,302585 0,000180
васильева 2,207275 0,000086
васильевича 2,813411 0,000110
васильевиче 3,218876 0,000126
васнецов 3,912023 0,000458
ватикан 2,995732 0,000117
ваучерной 3,912023 0,000153
вахрушева 3,912023 0,000153
вацлав 3,912023 0,000153
вашла 0,000000 0,000000
ващук 3,912023 0,000153
введен 1,427116 0,000167
введение 1,609438 0,000063
введению 3,506558 0,000137
введения 2,659260 0,000207
введено 1,771957 0,000069
введены 1,897120 0,000074
ввели 2,525729 0,000099
вверх 1,832581 0,000071
ввод 1,897120 0,000148
ввода 2,207275 0,000172
вводиться 3,218876 0,000126
ввп 2,659260 0,002489
вглубь 2,407946 0,000094
вгтрк 2,525729 0,000296
вдвое 2,120264 0,000165
вдовин 3,912023 0,000153
вдоль 0,755023 0,000029
вдохновляли 3,912023 0,000153
вдс 3,912023 0,000153
ведение 2,813411 0,000110
ведения 1,832581 0,000071
ведется 0,994252 0,000194
ведомости 1,049822 0,000205
ведомств 2,995732 0,000234
ведомственные 2,813411 0,000110
ведутся 1,966113 0,000153
ведущей 3,506558 0,000137
ведущие 2,040221 0,000080
ведущих 1,386294 0,000108
вейгела 3,912023 0,000153
век 0,733969 0,000143
века 0,248461 0,000426
векам 2,995732 0,000117
веках 1,021651 0,000159
веке 0,597837 0,000163
веков 0,713350 0,000139
веку 2,659260 0,000104
вел 2,813411 0,000110
вели 2,659260 0,000311
великая 1,514128 0,000413
великие 2,207275 0,000172
великий 1,469676 0,000459
великим 2,120264 0,000083
великих 1,832581 0,000143
великобритании 1,897120 0,000074
великобританию 3,506558 0,000137
великобритания 2,120264 0,000413
великого 1,203973 0,000047
великое 2,813411 0,000549
великой 0,653926 0,000077
великокняжеской 3,912023 0,000153
великом 3,218876 0,000126
великосветским 3,912023 0,000153
велись 2,302585 0,000269
величины 2,659260 0,000207
венгрию 3,912023 0,000153
венгрия 2,120264 0,000083
венгры 1,966113 0,000077
венера 2,995732 0,000117
венере 3,912023 0,000153
венеры 3,506558 0,000137
венецианов 3,506558 0,000137
венчанию 3,912023 0,000153
венчания 3,912023 0,000153
вепсы 2,525729 0,000099
верейский 3,912023 0,000153
верещагин 2,995732 0,000117
верит 3,912023 0,000153
вермахт 3,506558 0,000547
вермахта 2,813411 0,000219
вернадский 3,218876 0,000377
вернуть 2,407946 0,000188
вероисповедании 3,912023 0,000153
вероисповедания 2,995732 0,000117
версии 0,446287 0,000035
версий 1,347074 0,000053
версия -0,009950 -0,000002
вертикали 2,995732 0,000117
вертикаль 3,506558 0,000137
вертикальной 2,995732 0,000117
вертодромов 3,912023 0,000153
верхнего 1,609438 0,000063
верхней 1,272966 0,000149
верховного 1,272966 0,000248
верховный 2,207275 0,000086
верховным 3,218876 0,000628
верховских 3,912023 0,000153
верховых 3,912023 0,000153
верхояно-чукотской 3,912023 0,000153
верхоянский 3,506558 0,000137
вершина 2,525729 0,000099
веры 1,560648 0,000061
вес 1,966113 0,000230
весне 3,506558 0,000137
весной 1,049822 0,000041
весны 1,966113 0,000077
вестерботтен 3,912023 0,000153
вестник 1,049822 0,000246
весь 0,755023 0,000118
весьма 1,514128 0,000059
вето 3,506558 0,000410
ветровые 3,912023 0,000153
вечем 3,912023 0,000153
вечная 2,659260 0,000104
вечной 2,659260 0,000104
вещает 2,120264 0,000083
вещание 1,203973 0,000235
вещанием 2,995732 0,000117
вещания 2,040221 0,000080
вещательная 3,912023 0,000153
веществ 1,171183 0,000046
взаимности 3,912023 0,000153
взаимодействия 1,660731 0,000065
взаимоотношений 3,506558 0,000137
взамен 1,832581 0,000071
взвешенного 3,912023 0,000153
взвешенности 3,218876 0,000377
взвинтили 3,912023 0,000153
взгляд 1,514128 0,000059
взлетно-посадочные 3,218876 0,000126
взоры 3,912023 0,000153
взрослого 2,995732 0,000234
взрывным 3,912023 0,000153
взял 2,659260 0,000104
взятки 3,506558 0,000137
взятые 2,407946 0,000094
взятых 2,813411 0,000110
взять 2,813411 0,000110
вид 0,494296 0,000019
вида 1,386294 0,000054
видам 1,560648 0,000304
видами 1,469676 0,000057
видах 2,525729 0,000197
видов 0,616186 0,000433
виды 0,798508 0,000093
византии 2,995732 0,000234
византийский 3,218876 0,000126
византийских 3,506558 0,000137
византийского 3,506558 0,000137
византийское 3,912023 0,000153
византийской 3,218876 0,000251
византию 3,218876 0,000126
визбор 3,912023 0,000305
визовый 2,525729 0,000099
визу 3,218876 0,000251
визы 3,506558 0,000137
викигидепортал 1,469676 0,000057
викигидстатьи 2,120264 0,000083
викиданных -0,009950 -0,000000
викиданныхвикипедия 0,891598 0,000035
викимедиа -0,009950 -0,000000
википедии -0,009950 -0,000001
википедия -0,009950 -0,000002
викисклад 1,897120 0,000074
викискладвикиновостивикицитатниквикигидэлемент 1,272966 0,000050
викискладе 0,174353 0,000007
викискладепутеводитель 0,713350 0,000028
викискладстатьи 0,891598 0,000035
викисловарецитаты 1,108663 0,000043
викисловарьстатьи 1,347074 0,000053
викитеке 3,218876 0,000126
викитекемедиафайлы 1,272966 0,000050
викитеку 1,347074 0,000053
викицитатниквикипедия 2,407946 0,000094
викицитатникетексты 1,427116 0,000056
виктор 1,386294 0,000054
вильне 3,912023 0,000153
вилюй 3,506558 0,000137
виноваты 3,912023 0,000153
виноград 3,912023 0,000305
виноградов 2,407946 0,000094
виртуозными 3,912023 0,000153
виталий 1,966113 0,000077
витекс 3,912023 0,000153
витуса 3,912023 0,000153
вич 3,506558 0,000547
вишни 3,506558 0,000137
вклад 1,108663 0,000346
включает 0,462035 0,000108
включало 2,995732 0,000117
включают 1,609438 0,000063
включающей 2,207275 0,000172
включая 0,527633 0,000206
включен 1,560648 0,000061
включением 2,659260 0,000207
включены 1,560648 0,000061
вконтакте 1,966113 0,000077
влад 3,506558 0,000137
владели 3,218876 0,000126
владение 1,427116 0,000056
владеют 3,912023 0,000458
владивосток 1,897120 0,000148
владивостокгорода 3,912023 0,000153
владимир 0,733969 0,000286
владимира 1,309333 0,000204
владимире 3,506558 0,000410
владимиро-суздальское 3,912023 0,000305
владимирович 1,771957 0,000138
владимировича 3,506558 0,000137
владимирский 2,995732 0,000117
владимирское 3,506558 0,000410
владимиру 2,407946 0,000094
владос 3,912023 0,000153
власова 3,912023 0,000153
властей 1,714798 0,000134
власти 0,634878 0,000371
властную 3,912023 0,000153
власть 0,733969 0,000429
властью 2,207275 0,000086
влияет 1,832581 0,000071
влияние 0,776529 0,000212
влиянием 1,897120 0,000148
влияния 1,609438 0,000063
влиятельных 3,218876 0,000126
влияют 2,659260 0,000104
вместе 0,510826 0,000120
вместимостью 2,407946 0,000094
вместо 0,798508 0,000062
вначале 2,813411 0,000110
вне 1,560648 0,000061
внезапным 3,912023 0,000153
внесли 2,120264 0,000083
внесудебными 3,912023 0,000153
внесших 3,506558 0,000137
внеся 3,912023 0,000153
внешкольного 3,912023 0,000153
внешкольное 3,912023 0,000153
внешнего 2,302585 0,000090
внешней 2,207275 0,000603
внешнеэкономической 3,218876 0,000126
внешние 0,051293 0,000002
внешний 2,207275 0,000172
внешняя 3,218876 0,000879
вновь 0,755023 0,000029
вносит 2,659260 0,000104
внуково 2,813411 0,000219
внутреннего 2,120264 0,000165
внутренней 2,040221 0,000159
внутреннем 3,218876 0,000126
внутренние 2,040221 0,000159
внутренний 2,302585 0,000269
внутренних 1,237874 0,000290
внутренняя 2,813411 0,000219
внутри 0,000000 0,000000
внутрипартийная 3,912023 0,000153
вовлеченных 3,912023 0,000153
вод 1,078810 0,000042
водами 1,897120 0,000074
водной 2,120264 0,000165
водный 1,237874 0,000097
водных 1,347074 0,000053
водообеспеченных 3,912023 0,000153
водоотведение 3,218876 0,000126
водопользования 3,218876 0,000126
водоросли 2,659260 0,000104
водоснабжение 2,207275 0,000086
воды 0,653926 0,000204
водь 3,506558 0,000137
водятся 2,302585 0,000180
воеводский 3,912023 0,000153
воениздат 2,813411 0,000110
военная 1,108663 0,000216
военно-морской 2,995732 0,000234
военно-полевая 3,912023 0,000153
военно-промышленный 3,506558 0,000137
военно-стратегического 3,912023 0,000153
военно-техническую 3,912023 0,000153
военного 1,309333 0,000051
военное 1,609438 0,000126
военной 1,347074 0,000315
военнослужащих 2,813411 0,000110
военную 2,813411 0,000768
военные 1,237874 0,000241
военных 1,272966 0,000496
возбуждении 3,912023 0,000153
возведено 2,813411 0,000110
возвращение 2,407946 0,000094
возвышению 3,506558 0,000137
возвышенностей 2,995732 0,000117
возглавляемые 3,912023 0,000153
возглавляет 2,120264 0,000165
возглавляют 3,506558 0,000137
воздуха 0,733969 0,000057
воздушно-десантные 3,506558 0,000274
воздушно-космические 3,912023 0,000305
воздушного 2,040221 0,000080
воздушные 1,771957 0,000069
воздушный 1,514128 0,000295
воздушных 1,347074 0,000053
возможно 0,867501 0,000034
возможности 0,891598 0,000070
возможных 2,040221 0,000080
вознесенский 2,659260 0,000104
возник 1,469676 0,000057
возникают 1,714798 0,000067
возникла 2,040221 0,000080
возникли 1,714798 0,000067
возникновение 1,897120 0,000074
возникшей 3,218876 0,000126
возобновившийся 3,912023 0,000153
возраст 1,897120 0,000296
возраста 1,560648 0,000183
возрастает 2,120264 0,000083
возрастала 3,912023 0,000153
возрасте 1,714798 0,000268
возрастная 3,506558 0,000547
возрастной 2,813411 0,000219
возрастных 3,218876 0,000126
возродилось 3,912023 0,000153
возрос 3,506558 0,000137
возросла 2,407946 0,000094
возросло 2,407946 0,000094
воинские 3,218876 0,000126
воинской 1,660731 0,000259
войн 1,897120 0,000074
война 1,171183 0,001051
войне 1,049822 0,000491
войнович 3,912023 0,000153
войной 2,207275 0,000086
войну 1,966113 0,000383
войны 0,478036 0,000447
войск 1,347074 0,000525
войска 1,237874 0,000628
войскам 2,813411 0,000219
войсками 1,386294 0,000054
войсках 3,912023 0,000153
вокзале 2,525729 0,000099
вокруг 0,693147 0,000054
волга 1,660731 0,000194
волге 1,771957 0,000207
волги 1,771957 0,000138
волго-балтийскому 3,218876 0,000126
волго-вятский 3,218876 0,000251
волго-донскому 3,506558 0,000137
волго-камский 3,912023 0,000153
волго-окского 3,912023 0,000305
волгоград 1,139434 0,000267
волгу 1,966113 0,000153
волейбол 2,040221 0,000080
воли 2,525729 0,000099
волк 2,995732 0,000234
волн 2,120264 0,000165
волна 1,427116 0,000056
волнующих 3,912023 0,000153
волны 2,040221 0,000080
вологда 1,203973 0,000047
володин 3,506558 0,000137
волошин 3,218876 0,000126
волшебные 0,040822 0,000002
волынское 3,912023 0,000153
вольной 2,813411 0,000110
вольфрама 3,912023 0,000153
вооружение 3,506558 0,000137
вооружений 2,659260 0,000207
вооруженной 3,506558 0,000137
вооруженные 2,525729 0,000985
вооруженныесилы 3,912023 0,000153
вооруженными 2,995732 0,000234
вооруженных 2,525729 0,000690
воплотилось 3,912023 0,000153
вопрос 0,967584 0,000075
вопроса 2,302585 0,000090
вопросы 1,049822 0,000123
воркута 1,237874 0,000048
воронеж 1,203973 0,000188
воронец 3,912023 0,000153
ворот 2,659260 0,000104
ворота 1,347074 0,000053
воскресение 3,912023 0,000153
воспитания 2,813411 0,000110
воспитательно-образовательное 3,912023 0,000153
восприятия 3,218876 0,000377
воспроизводству 3,506558 0,000137
воссоздать 3,912023 0,000153
восстановить 2,120264 0,000083
восстановленная 3,912023 0,000153
восток 1,021651 0,000359
востока 1,078810 0,000252
востоке 1,108663 0,000173
востоку 1,514128 0,000236
восточная 1,309333 0,000357
восточнее 2,407946 0,000094
восточно-европейской 1,832581 0,000286
восточно-европейскую 3,506558 0,000137
восточно-сибирский 3,218876 0,000126
восточноазиатская 3,506558 0,000137
восточноазиатский 3,912023 0,000153
восточноевропейская 3,912023 0,000153
восточной 0,693147 0,000378
восточном 1,897120 0,000222
восточнославянским 3,912023 0,000153
восточнославянскими 3,912023 0,000153
восточнославянских 3,912023 0,000153
восточную 1,897120 0,000296
восточный 1,021651 0,000159
восточных 1,897120 0,000296
восходит 2,040221 0,000080
восходят 3,218876 0,000126
восшествием 3,912023 0,000153
восьмерку 3,912023 0,000153
восьми 2,407946 0,000094
восьмые 2,995732 0,000117
вошедших 3,218876 0,000126
вошел 1,237874 0,000048
вошла 1,609438 0,000188
вошли 1,347074 0,000210
впадина 2,995732 0,000117
впадиной 3,912023 0,000153
впадины 2,995732 0,000117
впервые 0,385662 0,000165
вплоть 1,108663 0,000043
впоследствии 0,653926 0,000026
вправе 3,506558 0,000137
врага 3,218876 0,000126
вразрез 3,912023 0,000153
врачей 1,897120 0,000148
вред 3,218876 0,000377
времен 0,941609 0,000331
временем 0,616186 0,000024
времени 0,186330 0,000065
временник 3,506558 0,000137
временного 1,897120 0,000074
временному 3,218876 0,000126
временных 2,302585 0,000269
время 0,030459 0,000033
врубель 3,912023 0,000153
вручался 3,912023 0,000153
всадник 3,218876 0,000126
всей 0,693147 0,000135
всем 0,891598 0,000070
всемерной 3,912023 0,000153
всеми 1,386294 0,000108
всемирная 1,714798 0,000067
всемирного 1,966113 0,000307
всемирной 1,897120 0,000148
всемирный 1,966113 0,000307
всенар 3,912023 0,000153
всенародного 3,912023 0,000153
всеобщего 2,407946 0,000094
всеобщих 2,995732 0,000117
всепогодных 3,912023 0,000153
всепрощения 3,912023 0,000153
всероссийская 0,843970 0,000066
всероссийским 3,218876 0,000251
всероссийскими 3,912023 0,000153
всероссийского 1,347074 0,000053
всероссийское 3,218876 0,000126
всероссийской 0,713350 0,000278
всесоюзная 0,843970 0,000230
всесоюзной 2,813411 0,000110
всесоюзным 3,506558 0,000274
всея 2,207275 0,000172
вскоре 1,309333 0,000051
вспыхнула 2,813411 0,000110
вспышкам 3,912023 0,000153
встреча 2,813411 0,000110
встречается 1,203973 0,000141
встречаться 2,813411 0,000110
встречаются 1,272966 0,000348
встрече 2,813411 0,000110
вступает 2,813411 0,000219
вступали 3,912023 0,000153
вступил 2,302585 0,000359
вступила 2,525729 0,000197
вступили 2,302585 0,000090
вступительным 3,912023 0,000153
вступление 2,659260 0,000104
вступления 2,525729 0,000197
всу 2,995732 0,000234
вся 0,994252 0,000039
втб 1,714798 0,000201
вто 3,912023 0,000305
вторая 0,994252 0,000233
вторжение 2,995732 0,000234
вторжением 3,912023 0,000305
вторжения 1,771957 0,000484
второго 1,139434 0,000044
второе 1,272966 0,000050
второй 0,274437 0,000161
втором 1,660731 0,000065
второму 2,813411 0,000110
вторым 1,832581 0,000071
вторых 3,218876 0,000126
втрое 3,506558 0,000137
вузов 0,891598 0,000139
вузовского 3,912023 0,000153
вузы 1,514128 0,000059
вулкан 3,218876 0,000126
вулканизмом 3,912023 0,000153
вулканов 3,506558 0,000410
вулканогенно-осадочными 3,912023 0,000153
вулканогенными 3,912023 0,000153
входила 2,207275 0,000172
входит 0,653926 0,000051
входить 3,218876 0,000126
входят 0,713350 0,000278
входящего 3,506558 0,000137
входящие 2,302585 0,000090
вциом 2,813411 0,000439
вцис 3,912023 0,000153
вшэ 2,407946 0,000282
въездную 3,912023 0,000153
въехать 3,912023 0,000153
выбирать 2,995732 0,000117
выбиты 3,912023 0,000153
выбора 2,407946 0,000094
выборам 3,218876 0,000126
выборах 1,514128 0,000768
выборгом 3,912023 0,000153
выборов 1,897120 0,000296
выборы 1,347074 0,000315
выведший 3,912023 0,000153
вывод 2,407946 0,000094
вывода 2,302585 0,000090
выглядело 3,506558 0,000137
выгод 3,912023 0,000153
выдающиеся 2,207275 0,000172
выдвигаться 3,912023 0,000153
выдвижения 3,912023 0,000153
выдвиженчество 3,912023 0,000153
выделены 1,560648 0,000061
выделил 3,218876 0,000126
выделяется 1,832581 0,000071
выделяют 1,609438 0,000063
выделяются 1,386294 0,000108
выдра 3,218876 0,000126
выдумал 3,506558 0,000137
вызвавший 3,912023 0,000153
вызвала 2,207275 0,000258
вызвало 2,525729 0,000099
вызвано 3,506558 0,000137
вызовах 3,218876 0,000126
вызываемые 3,506558 0,000137
вызывает 1,427116 0,000056
вызывают 3,218876 0,000126
выиграл 2,995732 0,000117
выиграли 3,912023 0,000153
выиграны 3,912023 0,000153
выигрывала 3,506558 0,000137
вым 0,000000 0,000000
вынудили 3,506558 0,000137
вынуждает 2,995732 0,000117
вынуждены 2,659260 0,000104
вып 0,798508 0,000062
выполнению 2,995732 0,000117
выполнения 1,560648 0,000122
выполненные 2,525729 0,000099
выполненный 2,995732 0,000117
выполненных 2,040221 0,000080
выполнять 2,813411 0,000110
выполняют 2,120264 0,000083
выпуск 0,916291 0,000107
выпуска 1,714798 0,000134
выпускает 2,525729 0,000099
выпускается 2,302585 0,000090
выпуске 2,995732 0,000117
выпускников 2,813411 0,000110
выпускным 3,912023 0,000153
выпущено 2,659260 0,000104
вырабатываемой 3,912023 0,000153
вырабатывается 3,506558 0,000137
выработки 2,813411 0,000110
выражена 3,218876 0,000126
выражение 2,407946 0,000094
выразили 2,995732 0,000117
выразительными 3,506558 0,000137
выразительных 3,506558 0,000137
вырастет 3,218876 0,000126
вырос 1,560648 0,000243
выросла 2,040221 0,000159
выросли 2,407946 0,000376
выросло 1,609438 0,000314
выручка 2,995732 0,000117
высадившимся 3,912023 0,000153
высокая 1,237874 0,000193
высокие 1,560648 0,000122
высокий 1,347074 0,000105
высоким 1,514128 0,000177
высоких 1,237874 0,000145
высокое 1,660731 0,000065
высокой 1,272966 0,000099
высокообеспеченных 3,912023 0,000153
высокооплачиваемых 3,912023 0,000153
высокую 1,832581 0,000071
высота 0,562119 0,000022
высотная 2,525729 0,000099
высоцкий 2,813411 0,000219
выстраивали 3,506558 0,000137
выстраивать 3,912023 0,000153
выступает 1,347074 0,000105
выступал 2,525729 0,000099
выступать 2,407946 0,000188
выступил 2,302585 0,000090
выступили 2,302585 0,000090
выступление 2,120264 0,000083
выступления 1,897120 0,000148
высшая 1,386294 0,000378
высшего 1,427116 0,000501
высшее 1,021651 0,000319
высшей 1,272966 0,000199
высшие 1,386294 0,000054
высший 2,525729 0,000197
высшим 1,609438 0,000188
высших 1,078810 0,000084
высшую 3,218876 0,000126
вытегры 3,912023 0,000153
вытекающими 3,506558 0,000137
вытянутая 3,912023 0,000153
выход 1,832581 0,000143
выхода 1,771957 0,000069
выходит 1,427116 0,000111
выходными 3,912023 0,000153
выходят 2,040221 0,000080
вычетом 3,506558 0,000274
выше 0,616186 0,000048
вышел 1,469676 0,000115
вышла 1,897120 0,000074
выявленных 2,995732 0,000117
выявляется 3,506558 0,000137
вьетнам 2,813411 0,000329
вьетнамцы 2,040221 0,000080
вэд 3,912023 0,000153
вяза 3,912023 0,000153
вячеслав 1,897120 0,000074
габон 3,506558 0,000274
гагариным 3,218876 0,000126
гагаузия 3,912023 0,000153
гагаузы 1,966113 0,000077
гадюка 3,218876 0,000126
газ 1,660731 0,000130
газа 1,309333 0,000613
газет 1,660731 0,000065
газета 0,616186 0,000312
газетами 2,813411 0,000110
газете 2,659260 0,000104
газеты 0,994252 0,000078
газом 3,218876 0,000126
газоперерабатывающий 3,218876 0,000126
газохимический 3,912023 0,000153
газпром 1,714798 0,000067
газпромбанк 2,407946 0,000094
гайана 3,506558 0,000274
гайда 3,506558 0,000137
гайдара 2,525729 0,000296
галерея 1,203973 0,000047
галина 2,207275 0,000086
галицко-волынское 3,912023 0,000153
галич 3,506558 0,000274
галонифонтибус 3,912023 0,000153
галяминой 3,912023 0,000153
гамбия 3,506558 0,000137
гамзатов 3,506558 0,000137
гамма 3,506558 0,000137
гана 3,506558 0,000137
гандбол 2,659260 0,000104
гарантирует 2,813411 0,000110
гарантом 3,912023 0,000153
гарин 3,218876 0,000126
гармоническая 3,912023 0,000153
гарри 3,912023 0,000153
гартман 3,912023 0,000153
гарф 3,912023 0,000153
гастингс 3,912023 0,000153
гвардейская 3,218876 0,000126
гвардии 2,407946 0,000094
гвинея 3,506558 0,000137
гвинея-бисау 3,506558 0,000137
гвоздичных 3,912023 0,000153
гданьского 3,912023 0,000153
гектаров 1,771957 0,000069
гелиобиология 3,912023 0,000153
генезис 2,995732 0,000117
генеральная 3,218876 0,000251
генеральные 2,659260 0,000207
генетики 2,659260 0,000104
геноцида 3,506558 0,000137
географическая 2,407946 0,000094
географический 1,832581 0,000071
географическим 2,040221 0,000080
географических 1,139434 0,000044
географическое 0,693147 0,000054
география 0,462035 0,000072
геологический 2,120264 0,000083
геологическое 3,218876 0,000251
геология 1,966113 0,000153
геометрия 2,659260 0,000104
георгиев 3,912023 0,000153
георгиева 3,912023 0,000458
георгий 1,560648 0,000061
геосинклинальным 3,912023 0,000153
геохимия 3,912023 0,000153
геральдический 1,897120 0,000074
герасимов 3,218876 0,000126
герб 0,820981 0,000192
гергиев 3,912023 0,000153
германией 2,302585 0,000180
германии 1,427116 0,000334
германия 1,203973 0,000188
германская 3,506558 0,000274
германским 3,506558 0,000137
гернси 3,506558 0,000137
геронтология 3,912023 0,000153
герцеговина 2,995732 0,000234
герцен 2,995732 0,000117
герцинской 3,218876 0,000126
гжель 3,912023 0,000305
гибралтар 3,218876 0,000126
гидроэлектростанции 2,995732 0,000117
гидроэлектростанций 3,218876 0,000126
гиена 3,912023 0,000153
гималайский 3,912023 0,000153
гимн 0,820981 0,000096
гимназий 1,966113 0,000077
гимназия 1,469676 0,000172
гимнастика 2,813411 0,000110
гимнастике 2,813411 0,000110
гинзбург 3,218876 0,000126
гинухцы 3,912023 0,000153
гиперинфляция 3,912023 0,000153
гитару 3,912023 0,000153
глав 1,897120 0,000222
глава 0,673345 0,000289
главам 3,912023 0,000153
главе 1,237874 0,000097
главная 1,078810 0,000042
главнейшим 3,912023 0,000153
главное 1,469676 0,000057
главной 0,941609 0,000073
главнокомандующим 3,506558 0,000274
главные 1,660731 0,000065
главный 0,916291 0,000143
главным 0,967584 0,000189
главными 1,832581 0,000071
главных 1,078810 0,000084
главой 1,309333 0,000102
главы 0,967584 0,000189
глазами 2,525729 0,000099
глазунов 3,912023 0,000153
гласность 3,912023 0,000305
глебе 3,912023 0,000153
глеево-таежно-мерзлотные 3,912023 0,000153
глеевые 3,912023 0,000153
глинка 3,218876 0,000377
глобальное 2,525729 0,000099
глубин 2,407946 0,000094
глубина 1,609438 0,000063
глубоким 3,506558 0,000137
глубоководная 3,912023 0,000153
глубоководный 3,218876 0,000126
глухарь 3,506558 0,000137
глушко 3,506558 0,000137
гнездятся 2,995732 0,000117
гоа 3,506558 0,000137
говорят 2,040221 0,000080
гоголь 2,659260 0,000207
год 0,235722 0,001057
года -0,009950 -0,000224
годавикипедия 0,616186 0,000048
годам 2,302585 0,000180
годами 2,302585 0,000090
годах 0,385662 0,000526
годов 0,356675 0,000292
годом 0,941609 0,000073
году 0,072571 0,000645
годы 0,356675 0,000223
гознак 3,912023 0,000153
голландской 3,912023 0,000305
головнина 3,912023 0,000305
голос 2,659260 0,000104
голосов 1,966113 0,000383
голосованием 2,207275 0,000172
голосовании 2,813411 0,000110
голосования 2,207275 0,000086
гольдшмидт 3,912023 0,000153
гонках 3,912023 0,000153
гонки 3,218876 0,000377
гонконг 2,995732 0,000117
гонку 3,506558 0,000137
гончаров 2,813411 0,000110
гончарова 2,659260 0,000104
горал 3,912023 0,000153
горами 2,207275 0,000172
горах 1,714798 0,000067
горбачев 3,506558 0,000274
горизонтальных 2,995732 0,000117
горизонтом 3,506558 0,000137
гористые 3,218876 0,000126
горная 2,120264 0,000083
горнолыжные 2,995732 0,000117
горностай 2,813411 0,000110
горные 1,832581 0,000143
горными 2,995732 0,000234
горных 1,966113 0,000077
город 0,544727 0,000234
города 0,430783 0,000286
городах 1,272966 0,000199
городецкая 1,660731 0,000065
городнаселение 3,506558 0,000137
городницкий 3,912023 0,000153
городов 0,579818 0,000113
городов-садов 3,912023 0,000153
городских 0,713350 0,000278
городского 0,693147 0,000027
городское 1,203973 0,000094
горожане 2,659260 0,000104
горохов 3,506558 0,000137
горские 2,995732 0,000117
горский 3,218876 0,000126
гортензия 3,912023 0,000153
горшков 3,912023 0,000153
горы 1,108663 0,000130
горький 2,525729 0,000099
горячкина 3,912023 0,000153
гос 1,609438 0,000126
госбезопасности 3,912023 0,000153
госдума 3,218876 0,000126
госдуму 3,912023 0,000153
госпереворота 3,912023 0,000153
господство 3,218876 0,000126
госпрограммы 3,912023 0,000153
гостелерадио 3,912023 0,000153
гости 1,966113 0,000077
гостиницах 3,506558 0,000137
государем 3,912023 0,000458
государств 1,203973 0,000517
государств-участников 2,995732 0,000117
государства 0,843970 0,001547
государства-наблюдатели 3,912023 0,000610
государства-правопреемника 3,912023 0,000153
государства-продолжателя 3,912023 0,000305
государства-участники 3,912023 0,000153
государства-члены 3,912023 0,000153
государствагосударства 3,912023 0,000153
государствами 2,995732 0,000701
государствах 3,218876 0,000377
государствгосударства 3,912023 0,000153
государственная 0,941609 0,000367
государственного 0,616186 0,000288
государственное 0,776529 0,000091
государственной 0,616186 0,001009
государственном 1,714798 0,000067
государственности 2,995732 0,000701
государственность 3,912023 0,000305
государственную 1,714798 0,000201
государственные 1,514128 0,000591
государственный 0,430783 0,000353
государственным 1,897120 0,000148
государственными 2,659260 0,000104
государственных 0,994252 0,000310
государство 1,347074 0,001681
государство-правопреемник 3,912023 0,000153
государством 2,040221 0,000637
государством-правопреемником 3,912023 0,000153
государству 2,207275 0,000086
готовы 2,525729 0,000099
готовых 2,207275 0,000172
гофмановского 3,912023 0,000153
гохберг 3,912023 0,000153
граба 3,506558 0,000137
грабарь 3,506558 0,000137
грабенов 3,912023 0,000153
грабеном 3,912023 0,000153
граждан 1,309333 0,000715
граждане 1,108663 0,000173
гражданин 1,309333 0,000102
гражданская 1,514128 0,000354
гражданский 2,302585 0,000090
гражданско-правовой 3,912023 0,000153
гражданского 2,207275 0,000086
гражданское 2,659260 0,000104
гражданской 0,967584 0,000226
грамота 1,966113 0,000077
грамотам 3,912023 0,000153
грамоте 2,659260 0,000104
грамотности 3,506558 0,000274
грани 2,302585 0,000090
гранит-гнейсовый 3,912023 0,000153
гранитными 3,912023 0,000153
границ 0,916291 0,000071
граница 1,139434 0,000044
границах 1,078810 0,000210
границе 1,347074 0,000053
границу 2,120264 0,000083
границы 0,867501 0,000541
граничит 2,040221 0,000318
график 2,813411 0,000110
графические 2,995732 0,000117
графической 3,506558 0,000274
грачев 3,506558 0,000137
гребешев 3,912023 0,000153
грегори 3,912023 0,000153
грека 3,912023 0,000153
греки 1,660731 0,000065
греко-византийского 3,912023 0,000153
гренландия 2,995732 0,000117
греция 2,302585 0,000090
греч 1,427116 0,000167
греческом 3,218876 0,000126
гречишных 3,912023 0,000153
грибоедов 3,506558 0,000137
григорий 1,832581 0,000071
григорович 3,912023 0,000153
григорьева 2,813411 0,000329
грищенко 3,912023 0,000153
грозит 2,995732 0,000117
грозного 1,966113 0,000077
грозном 3,218876 0,000126
грозный 1,771957 0,000138
громов 3,218876 0,000126
груди 3,506558 0,000137
груз 3,218876 0,000126
грузией 2,813411 0,000110
грузии 1,771957 0,000207
грузинские 3,218876 0,000126
грузины 1,609438 0,000063
грузию 3,506558 0,000137
грузия 1,966113 0,000460
грузов 1,560648 0,000243
грузовиков 3,506558 0,000137
грузовой 1,514128 0,000059
грузовых 2,207275 0,000258
грузооборот 2,525729 0,000394
грузооборота 3,506558 0,000137
грузообороте 3,912023 0,000153
грузооборотом 3,506558 0,000137
грузы 2,407946 0,000094
грунтовые 2,813411 0,000219
групп 1,514128 0,000295
группа 0,693147 0,000081
группам 2,995732 0,000234
группами 2,995732 0,000117
группах 2,995732 0,000117
группе 1,832581 0,000214
группировок 3,218876 0,000126
группы 0,634878 0,000124
груши 3,912023 0,000153
грызуны 2,813411 0,000110
гряд 3,912023 0,000153
гуам 3,506558 0,000137
губайдулина 3,912023 0,000153
губернатор 1,272966 0,000050
губернаторы 2,995732 0,000117
губерний 1,714798 0,000067
гулюгина 3,912023 0,000610
гуманит 3,912023 0,000153
гуманитарные 2,302585 0,000539
гумилев 3,218876 0,000126
гумуса 3,506558 0,000137
гумусным 3,912023 0,000153
гурджиев 3,912023 0,000153
гурий 3,506558 0,000137
гурилев 3,912023 0,000153
гюйс 3,912023 0,000153
давалась 3,912023 0,000153
давали 2,207275 0,000086
давать 2,525729 0,000099
давление 2,302585 0,000180
давлением 2,525729 0,000197
давшие 2,995732 0,000117
дагестана 2,813411 0,000110
дагестане 2,995732 0,000234
дает 1,203973 0,000047
дала 2,525729 0,000099
далее 0,693147 0,000027
далеко 1,966113 0,000077
дали 2,120264 0,000165
дальнаука 3,506558 0,000137
дальневосточный 2,813411 0,000110
дальнего 1,514128 0,000354
дальнейшем 1,309333 0,000051
дальнем 2,040221 0,000080
дальний 1,966113 0,000230
дани 2,995732 0,000117
даниил 2,659260 0,000104
даниила 3,506558 0,000137
данилевский 3,506558 0,000137
данилевський 3,912023 0,000153
дания 2,407946 0,000188
данниками 3,912023 0,000153
данной 1,609438 0,000063
данном 2,040221 0,000080
данные 0,510826 0,000179
данный 0,713350 0,000167
данным 0,415515 0,000681
данных 0,616186 0,000048
дань 2,659260 0,000104
даргинцы 1,832581 0,000143
даргомыжский 3,912023 0,000153
дат 1,966113 0,000077
дата 0,030459 0,000286
датам 3,506558 0,000137
датах 3,218876 0,000126
датировано 3,218876 0,000126
датировки 2,659260 0,000104
датская 0,342490 0,000013
даты 1,427116 0,000167
двадцатка 3,912023 0,000153
двадцатки 3,912023 0,000305
двадцатью 3,912023 0,000153
дважды 1,272966 0,000050
двенадцатому 3,912023 0,000153
движение 0,820981 0,000160
движением 2,525729 0,000099
движений 2,995732 0,000117
движения 0,733969 0,000086
двина 3,506558 0,000137
дворик 3,506558 0,000137
дворцово-парковый 3,912023 0,000153
дворцовых 3,506558 0,000137
дворяне 3,218876 0,000126
дворянства 2,995732 0,000117
двуглавый 3,218876 0,000126
двуглавым 3,912023 0,000153
двум 2,207275 0,000086
двумя 1,021651 0,000279
двух 0,462035 0,000072
двухуровневую 3,912023 0,000305
ддт 3,218876 0,000126
де-факто 2,302585 0,000269
де-юре 3,506558 0,000137
девальвацией 3,912023 0,000153
девятое 3,912023 0,000153
девятый 3,218876 0,000126
дежнева 3,506558 0,000137
дейнека 3,912023 0,000305
действие 1,897120 0,000296
действий 1,560648 0,000122
действительности 2,407946 0,000094
действия 1,427116 0,000167
действовали 1,966113 0,000077
действовать -0,009950 -0,000001
действует 0,634878 0,000124
действуют 0,867501 0,000034
действующего 2,995732 0,000117
действующие 2,040221 0,000159
действующих 1,514128 0,000177
дек 0,820981 0,000064
декабре 0,798508 0,000093
декабря 0,105361 0,000316
декелия 3,506558 0,000274
декларацию 3,912023 0,000153
декларация 3,506558 0,000274
декларировалось 3,912023 0,000153
декоративно-прикладное 3,506558 0,000274
декоративное 3,912023 0,000153
декоративные 2,995732 0,000117
дел 1,469676 0,000344
дела 1,469676 0,000115
делает 1,771957 0,000138
делами 2,120264 0,000083
делах 3,218876 0,000126
деление 0,673345 0,000026
деления 2,120264 0,000083
делится 1,427116 0,000167
дело 1,078810 0,000042
деловые 2,995732 0,000117
демихов 3,912023 0,000153
демографическая 2,995732 0,000117
демографический 2,813411 0,000110
демографической 2,995732 0,000234
демография 2,407946 0,000470
демократизацию 3,912023 0,000153
демократии 2,995732 0,000351
демократическим 3,506558 0,000137
демократического 3,506558 0,000137
демократическое 3,506558 0,000137
демонстрациям 3,912023 0,000153
демоскоп 0,820981 0,000032
денацифицировать 3,912023 0,000153
денег 1,560648 0,000183
денежная 3,506558 0,000274
денежную 3,506558 0,000137
денежные 2,525729 0,000394
денежными 3,218876 0,000126
денежных 2,525729 0,000099
денисов 3,218876 0,000126
день 0,562119 0,000219
департамента 1,832581 0,000071
депутат 2,040221 0,000080
депутатам 3,506558 0,000137
депутатов 0,891598 0,000313
дербент 2,525729 0,000099
дербенте 3,912023 0,000153
дерева 2,302585 0,000090
дерево 2,120264 0,000083
деревянного 2,207275 0,000086
деревянное 3,506558 0,000137
держав 3,218876 0,000377
держава 2,995732 0,000234
державин 3,218876 0,000126
державой 3,506558 0,000137
державы 2,407946 0,000188
держались 3,912023 0,000153
держится 2,525729 0,000099
дерново-подзолистые 3,912023 0,000153
дерпте 3,912023 0,000153
дерсу 3,912023 0,000153
дестабилизировать 3,912023 0,000153
десятилетия 2,120264 0,000165
десяткам 3,912023 0,000305
десятке 3,506558 0,000137
десятки 1,347074 0,000105
десятку 2,120264 0,000083
десятую 3,912023 0,000153
десять 1,514128 0,000059
детей 0,941609 0,000073
детородного 3,912023 0,000153
детский 1,171183 0,000046
детских 1,272966 0,000050
детьми 3,218876 0,000126
дефицита 2,813411 0,000110
дефицитными 3,912023 0,000153
дефицитом 2,995732 0,000117
дефолте 3,912023 0,000153
деятелей 2,040221 0,000080
деятели 2,302585 0,000090
деятельности 0,446287 0,000122
деятельность 0,653926 0,000153
джейран 3,912023 0,000153
джерси 3,506558 0,000137
джибути 3,506558 0,000137
джиган 3,912023 0,000153
джим 3,912023 0,000153
джордж 2,995732 0,000234
джунгаро-тяньшаньская 3,912023 0,000153
дзельква 3,912023 0,000153
дзюдо 2,995732 0,000117
диагноз 3,218876 0,000251
диалектах 3,912023 0,000153
диалогичность 3,912023 0,000153
диалогу 3,912023 0,000305
диапазоне 2,302585 0,000090
диаспора 3,506558 0,000137
дивизий 2,995732 0,000117
диких 2,525729 0,000099
дикого 3,506558 0,000137
диктатуру 3,506558 0,000137
диктатуры 3,506558 0,000137
дима 3,506558 0,000137
динамика 1,427116 0,000445
динамики 2,813411 0,000110
династии 2,207275 0,000172
дионисий 3,912023 0,000153
дипломатические 2,525729 0,000197
дипломатических 3,506558 0,000410
директор 1,832581 0,000071
дискурс 3,506558 0,000137
дискуссии 2,525729 0,000099
дискуссионный 3,912023 0,000153
дискуссия 2,813411 0,000110
диссертации 2,525729 0,000985
диссертаций 3,506558 0,000137
дисциплин 2,407946 0,000094
дитковский 3,912023 0,000153
длина 1,171183 0,000228
длине 1,660731 0,000130
длинной 2,995732 0,000117
длины 2,040221 0,000080
дмитриев 2,525729 0,000099
дмитрием 2,995732 0,000117
дмитрий 0,967584 0,000113
дмитрия 1,560648 0,000061
дней 0,446287 0,000070
дни 1,237874 0,000145
днр 3,218876 0,000377
днями 3,506558 0,000410
днях 3,506558 0,000137
добавленная 3,912023 0,000153
добавленной 3,912023 0,000458
добавляются 3,218876 0,000251
добровольного 3,506558 0,000137
добужинский 3,912023 0,000153
добывающие 3,912023 0,000153
добыча 1,966113 0,000613
добыче 2,659260 0,000104
добычей 2,995732 0,000234
добычи 2,040221 0,000159
добычина 3,912023 0,000153
доверительного 3,912023 0,000153
доверия 2,995732 0,000117
довлатов 3,912023 0,000153
довоенный 3,506558 0,000137
довольно 0,891598 0,000035
договор 1,771957 0,000276
договора 2,207275 0,000517
договорам 3,912023 0,000153
договорами 3,506558 0,000137
договорах 3,506558 0,000274
договорным 3,912023 0,000153
договоры 2,659260 0,000104
докембрия 3,912023 0,000153
доклад 1,514128 0,000354
докладе 2,813411 0,000219
докладом 3,506558 0,000137
докладу 3,218876 0,000377
доклады 2,995732 0,000234
докт 3,912023 0,000153
доктора 2,407946 0,000094
докторской 3,218876 0,000628
доктрина 3,912023 0,000153
доктрине 3,506558 0,000137
документальные 2,813411 0,000110
документации 2,207275 0,000258
докучаев 3,912023 0,000153
долг 3,218876 0,000251
долга 2,659260 0,000104
долганы 2,813411 0,000110
долгий 2,813411 0,000110
долголетней 3,912023 0,000153
долгосрочная 3,506558 0,000137
доле 3,218876 0,000126
должно 1,714798 0,000067
должности 1,771957 0,000415
должностного 3,506558 0,000137
должностным 1,966113 0,000077
должностных 3,506558 0,000137
должность 1,203973 0,000282
должны 1,021651 0,000120
доли 1,832581 0,000286
долл 3,218876 0,001004
доллар 3,506558 0,000137
доллара 3,218876 0,000126
долларов 1,832581 0,001215
дольский 3,912023 0,000153
дольше 3,218876 0,000126
долю 1,427116 0,000278
доля 0,733969 0,000315
дом 0,562119 0,000066
дома 0,798508 0,000062
домашнее 3,912023 0,000153
домашних 2,813411 0,000110
домен 2,995732 0,000117
доменам 3,506558 0,000137
домены 2,995732 0,000117
доминирование 3,218876 0,000251
доминирования 3,912023 0,000153
доминирующее 3,218876 0,000126
доминирующей 3,506558 0,000137
доминирующим 3,506558 0,000137
домов 1,078810 0,000042
домов-коммун 3,506558 0,000137
домодедово 2,813411 0,000110
донбасс 3,218876 0,000126
донбассе 3,506558 0,000684
донесли 3,912023 0,000153
донецкой 3,506558 0,000547
донецкую 3,912023 0,000153
донского 2,207275 0,000086
доп 0,597837 0,000093
допинга 3,912023 0,000153
дополнения 2,813411 0,000110
дополнительное 2,207275 0,000172
дополнительные -0,009950 -0,000000
дополнительным 2,813411 0,000110
допускаются 3,506558 0,000137
допустимости 3,506558 0,000137
дореформенного 3,912023 0,000153
дорифейские 3,912023 0,000153
дорог 0,891598 0,000487
дорогам 2,995732 0,000234
дорогами 2,120264 0,000083
дорогах 2,302585 0,000359
дороги 0,713350 0,000278
дорогой 1,832581 0,000071
дорожно-транспортных 3,218876 0,000126
доставки 2,407946 0,000094
достаточно 0,820981 0,000128
достаточного 2,995732 0,000117
достиг 1,469676 0,000057
достигали 3,218876 0,000126
достигла 1,771957 0,000207
достигли 2,525729 0,000099
достигнув 3,218876 0,000377
достигнуто 3,218876 0,000126
достигшими 3,912023 0,000153
достижений 2,407946 0,000094
достижения 1,514128 0,000236
достичь 2,302585 0,000180
достоевский 3,218876 0,000377
доступ 1,203973 0,000235
доступен -0,009950 -0,000001
доступности 1,714798 0,000067
доступность 2,407946 0,000188
дохода 2,813411 0,000219
доходами 3,912023 0,000610
доходов 2,040221 0,000398
доходы 1,966113 0,000537
дошкольного 2,407946 0,000094
дошкольное 2,207275 0,000172
дошло 2,813411 0,000110
дракона 2,995732 0,000117
драматурги 3,912023 0,000305
древесина 2,995732 0,000117
древней 1,560648 0,000183
древнейших 1,609438 0,000251
древнерусская 3,218876 0,000251
древнерусские 2,813411 0,000219
древнерусским 3,218876 0,000126
древнерусского 2,207275 0,000430
древнерусское 3,506558 0,000274
древнерусской 2,407946 0,000470
древние 1,560648 0,000183
древних 1,469676 0,000057
древняя 1,832581 0,000143
древогубец 3,912023 0,000153
дрейф 2,995732 0,000117
дрессировщики 3,912023 0,000153
дринфельд 3,912023 0,000153
дрофа 3,218876 0,000251
другие 0,030459 0,000042
другиенациональности 3,506558 0,000137
другим 0,733969 0,000086
другими 0,616186 0,000120
других -0,009950 -0,000008
другое 1,049822 0,000082
дружбе 3,218876 0,000126
дружины 2,995732 0,000117
друнина 3,912023 0,000153
дтп 2,995732 0,000117
дуба 2,995732 0,000117
дуга 2,995732 0,000234
дума 1,108663 0,000173
думе 2,120264 0,000248
думой 1,897120 0,000222
думу 2,040221 0,000159
думы 1,078810 0,000295
дунайского 3,912023 0,000153
дунгане 2,659260 0,000104
дурбан 3,912023 0,000153
духе 2,995732 0,000117
душанбе 2,659260 0,000311
душу 2,302585 0,000449
дшб 3,912023 0,000153
дылудмурт 0,000000 0,000000
дымковская 3,506558 0,000274
дымовой 3,506558 0,000137
дягилева 3,218876 0,000126
дятел 3,912023 0,000153
еаэс 3,912023 0,000915
евгения 2,207275 0,000172
евгеньевич 2,659260 0,000104
евлалия 3,912023 0,000153
евразии 1,609438 0,000126
евразийская 3,218876 0,000377
евразийский 2,813411 0,000439
евразийского 3,218876 0,000251
евразийское 3,506558 0,000410
евразия 2,120264 0,000083
евразэс 3,912023 0,000305
евреи 1,203973 0,000188
еврейская 0,843970 0,000066
евро-арктический 3,506558 0,000137
еврокубках 3,218876 0,000126
евромайдан 3,912023 0,000153
европа 0,941609 0,000110
европе 0,916291 0,000429
европейская 2,407946 0,000188
европейские 2,525729 0,000099
европейский 2,120264 0,000165
европейским 2,995732 0,000117
европейских 1,771957 0,000346
европейской 0,891598 0,000383
европейскую 2,813411 0,000219
европой 2,525729 0,000197
европу 1,714798 0,000067
европы 0,673345 0,000420
европымеждународно 3,912023 0,000153
евросоюза 2,995732 0,000234
евросоюзе 3,912023 0,000153
евтушенко 3,912023 0,000153
египет 3,218876 0,001507
егор 2,659260 0,000104
егорова 2,659260 0,000104
единая 1,469676 0,000229
единиц 0,673345 0,000184
единица 1,609438 0,000188
единицами 2,813411 0,000110
единоборств 2,525729 0,000099
единого 1,714798 0,000067
единое 2,302585 0,000269
единой 1,771957 0,000207
единства 2,207275 0,000172
единственное 2,302585 0,000090
единственный 1,171183 0,000046
единственным 1,347074 0,000053
единственными 3,218876 0,000126
единство 2,995732 0,000117
единый 1,469676 0,000115
ежегодник 0,820981 0,000064
ежегоднике 3,912023 0,000153
ежегодно 0,916291 0,000143
ежегодный 1,609438 0,000063
ежегодных 3,218876 0,000251
ежемесячно 2,813411 0,000110
ежик 3,912023 0,000153
езиды 1,771957 0,000069
екатерина 1,514128 0,000059
екатеринбург 0,843970 0,000329
екатеринбурге 2,659260 0,000104
екатерины 1,514128 0,000059
ели 2,525729 0,000099
елизаветы 2,813411 0,000110
ель 2,407946 0,000094
ельцин 3,506558 0,000410
ельцина 2,659260 0,000311
емельяново 3,506558 0,000137
емисс 3,912023 0,000153
енисей 2,659260 0,000311
енисей-саяно-байкальская 3,912023 0,000153
енисея 2,302585 0,000359
енот-полоскун 3,912023 0,000153
есенин 3,506558 0,000137
еспч 3,912023 0,000610
естественное 2,525729 0,000099
естественность 3,912023 0,000153
естественных 1,771957 0,000069
ефрона 0,328504 0,000051
еэп 3,912023 0,000153
еэс 3,218876 0,000126
жалоб 3,912023 0,000305
жанр 3,218876 0,000251
жанра 2,995732 0,000467
жанре 3,506558 0,000137
жанром 3,506558 0,000137
жанры 2,995732 0,000117
жаргон 3,912023 0,000153
железнодорожная 1,309333 0,000204
железнодорожного 0,967584 0,000113
железнодорожной 1,347074 0,000053
железнодорожном 2,407946 0,000094
железнодорожные 1,272966 0,000050
железнодорожный 0,755023 0,000177
железнодорожных 1,469676 0,000115
железной 0,755023 0,000029
железные 1,771957 0,000553
железным 3,218876 0,000251
железными 2,813411 0,000110
железных 1,832581 0,000429
железо 2,813411 0,000110
железом 3,218876 0,000126
желоб 2,995732 0,000117
жемесячные 0,000000 0,000000
женский 1,309333 0,000051
женской 2,040221 0,000159
женщин 1,386294 0,000324
женщину 3,912023 0,000153
женщины 1,714798 0,000401
женщины-космонавта 3,912023 0,000153
жертвы 2,813411 0,000219
живой 2,207275 0,000086
живописи 1,771957 0,000415
живописцев 2,995732 0,000117
живопись 2,525729 0,000197
живорождений 3,912023 0,000153
животноводство 2,813411 0,000219
животные 1,714798 0,000067
животный 1,714798 0,000334
животных 1,203973 0,000094
живут 1,771957 0,000207
живые 2,995732 0,000117
жизни 0,562119 0,000482
жизнь 0,693147 0,000054
жизнью 3,506558 0,000137
жилинский 3,506558 0,000137
жилище 3,506558 0,000137
жилищном 3,218876 0,000126
жилкомбинатов 3,912023 0,000153
жилых 1,237874 0,000097
жилью 3,218876 0,000126
жилья 1,514128 0,000354
жимолости 3,912023 0,000153
жимолость 3,218876 0,000126
жителей 0,673345 0,000236
жителя 1,771957 0,000069
житие 3,912023 0,000305
житии 3,506558 0,000137
житомирской 3,912023 0,000153
жить 2,407946 0,000094
жорес 3,912023 0,000153
жуковский 2,995732 0,000234
жупикова 3,912023 0,000153
журавлев 3,218876 0,000126
журавли 2,813411 0,000110
журнал 0,510826 0,000219
журнала 1,427116 0,000111
журналистики 3,218876 0,000126
журналистов 2,525729 0,000197
журналистский 3,912023 0,000153
журналов 1,714798 0,000268
забайкалье 2,813411 0,000110
забайкальская 3,912023 0,000153
заблаговременно 3,912023 0,000153
заблуждением 3,506558 0,000137
заболоцкий 3,912023 0,000153
заболочены 3,506558 0,000137
завалили 3,912023 0,000153
заведений 1,203973 0,000047
заведения 1,108663 0,000043
заведениях 2,207275 0,000172
завершена 2,302585 0,000090
завершении 3,218876 0,000126
завершению 3,218876 0,000126
завершившийся 3,506558 0,000137
завершилась 2,659260 0,000104
завершилось 2,302585 0,000090
завесой 3,506558 0,000137
зависимости 0,798508 0,000062
зависимость 2,659260 0,000207
зависимостью 3,912023 0,000153
зависимые 3,506558 0,000274
зависит 1,560648 0,000061
завод 0,798508 0,000031
заводов 1,203973 0,000094
заводской 2,995732 0,000117
завоевание 2,995732 0,000117
завоевания 2,813411 0,000110
завоеваны 3,912023 0,000153
заг 3,912023 0,000153
загибами 3,912023 0,000153
заглавием 3,912023 0,000153
заглавная -0,009950 -0,000000
заговор 3,912023 0,000153
заголовки 2,995732 0,000117
заголовок 2,659260 0,000311
заготовка 3,912023 0,000305
заграничным 3,912023 0,000153
загрязнений 2,302585 0,000090
задач 1,386294 0,000054
задержании 3,506558 0,000137
задонщина 3,912023 0,000153
задорнов 3,912023 0,000153
зажиточных 3,912023 0,000153
закавказских 3,218876 0,000126
заключен 2,659260 0,000104
заключений 3,912023 0,000153
заключения 2,525729 0,000099
заключенным 3,506558 0,000137
заключены 2,813411 0,000110
заключил 3,218876 0,000126
закон 0,616186 0,000264
закона 1,966113 0,000307
законам 3,218876 0,000126
законами 2,659260 0,000207
законе 3,912023 0,000153
законным 3,506558 0,000137
законов 1,660731 0,000194
законодательная 3,218876 0,000251
законодательно 3,218876 0,000126
законодательного 2,120264 0,000083
законодательное 2,207275 0,000086
законодательную 2,659260 0,000104
законодательные 2,525729 0,000099
законодательный 3,912023 0,000153
законодательных 3,506558 0,000137
законодательства 2,407946 0,000282
законодательству 3,218876 0,000126
законом 2,407946 0,000282
законопроект 2,995732 0,000117
закончена 3,218876 0,000126
закончившаяся 3,506558 0,000137
закончилась 2,659260 0,000207
законы 2,120264 0,000331
закрепившая 3,912023 0,000153
закрепилось 2,525729 0,000197
закреплен 2,659260 0,000104
закругленными 3,912023 0,000153
закрываются 3,218876 0,000126
закрыт 1,386294 0,000054
закрытой 2,995732 0,000117
закрыты 1,966113 0,000077
залегают 3,912023 0,000153
залежи 2,659260 0,000415
залива 2,040221 0,000080
залов 1,771957 0,000069
залоговые 3,506558 0,000137
зам 3,912023 0,000305
заменяющие 3,912023 0,000153
замерзающие 3,912023 0,000153
заместителей 3,506558 0,000137
заместители 3,506558 0,000137
заместительной 3,912023 0,000153
замещать 3,912023 0,000153
замолчать 3,912023 0,000153
занимает 0,616186 0,000457
занимала 2,813411 0,000439
занимали 2,302585 0,000090
занимались 2,407946 0,000094
занимать 2,813411 0,000219
занимают 1,347074 0,000263
занимающий 3,506558 0,000137
занимающихся 2,813411 0,000219
занимая 2,040221 0,000080
заняв 3,506558 0,000547
занял 1,139434 0,000044
заняла 1,771957 0,000415
заняли 2,207275 0,000086
занята 2,659260 0,000207
занято 2,040221 0,000239
занятости 2,302585 0,000449
занятость 3,506558 0,000274
заняты 2,207275 0,000086
занятых 2,407946 0,000188
зао 1,514128 0,000059
заостренный 3,912023 0,000153
запад 1,427116 0,000223
запада 1,021651 0,000040
западе 1,347074 0,000105
западная 1,560648 0,000183
западно-камчатская 3,912023 0,000153
западно-сибирский 2,525729 0,000296
западно-сибирской 2,120264 0,000083
западно-сибирскую 2,995732 0,000117
западного 1,560648 0,000061
западноевропейской 3,218876 0,000126
западной 0,994252 0,000233
западном 1,714798 0,000067
западносибирская 3,912023 0,000153
западную 2,040221 0,000159
западные 2,207275 0,000172
западный 1,560648 0,000122
западных 1,771957 0,000138
западу 1,771957 0,000138
запасами 3,912023 0,000153
запасов 2,207275 0,000086
запасы 1,832581 0,000143
записана 3,506558 0,000137
записи 1,560648 0,000061
записка 2,207275 0,000086
записки 1,560648 0,000061
записывая 3,912023 0,000153
записьвойти -0,009950 -0,000000
записям 3,218876 0,000126
запланированные 3,912023 0,000153
заповедника 2,525729 0,000099
запоздалый 3,912023 0,000153
заполненный 3,912023 0,000153
заполненными 1,966113 0,000077
заполярный 3,912023 0,000153
запорожская 2,659260 0,000104
запорожской 3,218876 0,000377
запорожскую 3,912023 0,000153
запрета 3,218876 0,000126
запретам 3,912023 0,000153
запретили 3,218876 0,000126
запретов 3,912023 0,000153
запретом 3,218876 0,000126
запрещено 2,040221 0,000080
запросы 1,897120 0,000074
запуск 2,120264 0,000083
запущен 1,386294 0,000054
заработная 2,040221 0,000239
заработной 2,995732 0,000117
зарегистрирована 2,040221 0,000159
зарегистрированный -0,009950 -0,000000
зарегистрированных 1,771957 0,000276
зарегистрировано 1,309333 0,000255
зарплат 3,218876 0,000251
зарплата 2,525729 0,000099
зарплатами 3,912023 0,000153
зарплатах 3,912023 0,000153
зарплаты 2,659260 0,000104
зарубежные 2,120264 0,000165
зарубежных 1,469676 0,000115
зарубежье 3,912023 0,000305
застоя 3,218876 0,000126
застройка 1,272966 0,000050
застройки 1,021651 0,000040
зась 3,912023 0,000153
затем 0,527633 0,000062
заточника 3,912023 0,000153
затруднения 3,218876 0,000126
затяжной 2,995732 0,000117
зауралье 3,218876 0,000126
зафиксирована 2,120264 0,000165
зафиксированная 3,218876 0,000126
зафиксированы 2,302585 0,000090
захват 2,995732 0,000117
захвата 2,659260 0,000104
захватив 2,995732 0,000117
захватил 2,659260 0,000104
захватила 3,218876 0,000126
захватили 2,525729 0,000099
захватом 2,995732 0,000117
захваченные 3,506558 0,000137
захваченный 3,912023 0,000153
захваченным 3,912023 0,000153
зачете 3,506558 0,000274
защита 1,469676 0,000057
защите 1,897120 0,000074
защитника 3,506558 0,000137
защиты 0,941609 0,000184
защищена 2,040221 0,000080
заявил 1,771957 0,000276
заявила 2,813411 0,000110
заявление -0,009950 -0,000001
заявлений 3,506558 0,000137
заявлениях 3,912023 0,000153
заявленных 3,912023 0,000153
заявляли 3,218876 0,000251
заявлялось 3,912023 0,000153
заявок 2,995732 0,000234
заяц-беляк 3,506558 0,000274
збекча 0,000000 0,000000
звездина 3,912023 0,000305
звуки 2,995732 0,000117
здание 0,776529 0,000030
зданий 1,049822 0,000123
здоровье 1,609438 0,000063
здоровью 2,813411 0,000329
здоровья 1,771957 0,000484
здравниц 3,912023 0,000153
здравоохранение 0,941609 0,000367
здравоохранении 3,218876 0,000126
здравоохранения 1,203973 0,000564
зеландия 3,218876 0,000126
зелинский 3,506558 0,000137
зельманов 3,912023 0,000153
земель 1,272966 0,000695
земельная 3,218876 0,000126
земле 0,994252 0,000039
земледелие 2,995732 0,000117
земледелия 2,525729 0,000099
земли 0,634878 0,000173
земля 1,139434 0,000178
землями 2,525729 0,000197
земляничное 3,912023 0,000153
земский 2,813411 0,000110
зеньковский 3,506558 0,000137
зерна 2,995732 0,000234
зерно 2,813411 0,000110
зерновые 3,912023 0,000153
зерновых 2,995732 0,000117
зимней 2,659260 0,000104
зимние 2,207275 0,000086
зимних 1,897120 0,000074
зимнюю 2,995732 0,000117
зимой 0,713350 0,000028
зиновьев 3,218876 0,000126
злаков 2,995732 0,000117
знак -0,009950 -0,000000
знаменное 3,912023 0,000153
знаменовал 3,912023 0,000153
знамя 2,040221 0,000080
знание 2,120264 0,000083
значение 0,314711 0,000074
значении 1,714798 0,000134
значения 0,105361 0,000078
значимой 3,218876 0,000126
значимые 2,525729 0,000099
значительная 1,609438 0,000063
значительно 0,510826 0,000179
значительного 2,207275 0,000086
значительное 1,309333 0,000051
значительной 1,469676 0,000057
значительную 1,309333 0,000153
значительные 1,514128 0,000236
значительный 1,347074 0,000053
значительным 2,040221 0,000159
значительных 1,771957 0,000069
зодчества 1,966113 0,000153
зодчество 2,995732 0,000234
золота 2,302585 0,000449
золотая 1,560648 0,000061
золото 2,407946 0,000094
золотовалютные 3,912023 0,000305
золотое 2,207275 0,000086
золотой 0,843970 0,000198
золотым 2,407946 0,000094
зон 1,309333 0,000204
зона 0,891598 0,000452
зонально 3,912023 0,000153
зональность 3,506558 0,000410
зональных 3,506558 0,000137
зоне 0,527633 0,000082
зонирование 3,912023 0,000305
зоны 0,755023 0,000412
зоопарки 2,995732 0,000117
зорина 3,912023 0,000153
зорькин 3,912023 0,000153
зрения 1,272966 0,000099
зст 3,912023 0,000153
зсфср 3,912023 0,000153
зубов 2,995732 0,000117
зубр 3,506558 0,000137
зуева 3,912023 0,000153
зыкина 3,912023 0,000153
зырянской 3,912023 0,000153
зюганов 3,506558 0,000137
зюганова 3,912023 0,000153
ива 2,995732 0,000117
иван 0,843970 0,000198
ивана 1,078810 0,000084
иване 2,995732 0,000234
иванов 1,560648 0,000122
иванова 1,966113 0,000077
ивановна 2,813411 0,000110
иваси 3,912023 0,000153
ивашина 3,912023 0,000305
иващенко 3,912023 0,000153
ивуар 3,506558 0,000137
иго 3,912023 0,000763
игореве 2,813411 0,000110
игорный 3,506558 0,000137
игорь 1,714798 0,000067
игр 1,609438 0,000188
играет 1,386294 0,000108
играх 2,302585 0,000180
игрушка 3,218876 0,000628
игры 1,203973 0,000141
идеалистическая 3,912023 0,000153
идей 2,407946 0,000094
идентичности 2,995732 0,000117
идентичность 3,912023 0,000153
идеологии 3,218876 0,000126
идеологический 3,912023 0,000305
идеологического 3,912023 0,000153
идет 1,078810 0,000126
идиот 3,912023 0,000153
ижевск 1,139434 0,000044
ижорцы 3,506558 0,000137
из-за 0,415515 0,000097
избираемые 3,506558 0,000137
избираемых 1,897120 0,000074
избирается 2,120264 0,000083
избирался 2,407946 0,000094
избирателей 3,506558 0,000274
избирательной 3,218876 0,000126
избирательному 2,659260 0,000104
избирательным 2,407946 0,000094
избираются 2,407946 0,000188
избранием 3,506558 0,000137
избраны 3,218876 0,000126
избу 3,506558 0,000137
избыточная 3,506558 0,000137
избыточной 3,912023 0,000153
избыточных 3,912023 0,000153
известен 1,203973 0,000094
известить 3,912023 0,000153
известия 1,021651 0,000279
известная 2,302585 0,000090
известного 1,609438 0,000063
известное 2,407946 0,000188
известность 2,302585 0,000090
известны 1,309333 0,000153
известные 0,891598 0,000348
известный 0,941609 0,000037
известными 2,120264 0,000083
известных 1,171183 0,000091
изд 0,314711 0,000061
изд-во 1,049822 0,000041
издается 2,120264 0,000083
издание 0,776529 0,000061
изданий 1,469676 0,000057
изданию 2,525729 0,000099
издания 1,049822 0,000123
издательская 2,813411 0,000110
издательский 1,514128 0,000059
издательство 0,510826 0,000060
изделий 1,309333 0,000153
излагалось 3,912023 0,000153
изложения 2,995732 0,000351
изложениястатьи 3,912023 0,000153
изм 3,506558 0,000137
измене 3,912023 0,000153
изменение 1,560648 0,000061
изменении 2,302585 0,000180
изменения 0,562119 0,000088
изменениям 2,407946 0,000094
изменившие 3,506558 0,000137
изменили 3,218876 0,000251
изменилось 2,525729 0,000099
изменится 2,407946 0,000094
изменить 2,207275 0,000172
измениться 3,506558 0,000137
изменчивый 3,912023 0,000153
измерена 3,912023 0,000153
измерение 2,659260 0,000104
измерения 2,207275 0,000086
измеряющий 3,912023 0,000153
изначально 1,309333 0,000153
изобразительное 2,813411 0,000329
изобразительных 1,771957 0,000138
изобретателей 3,218876 0,000126
изобретения 2,995732 0,000117
изолированно 3,912023 0,000153
изолированными 3,506558 0,000137
израиль 2,525729 0,000099
изучения 1,272966 0,000050
икона 2,995732 0,000117
иконах 3,912023 0,000153
иконописец 3,912023 0,000153
иконописи 2,813411 0,000439
иконопись 3,506558 0,000274
иконы 1,347074 0,000105
иллюстрировали 3,912023 0,000153
иллюстрированная 2,995732 0,000117
ильенков 3,506558 0,000137
ильин 2,525729 0,000197
ильмень 3,506558 0,000137
илья 2,040221 0,000239
имангали 3,912023 0,000153
имевшая 3,912023 0,000153
имеет 0,235722 0,000110
имеется 0,653926 0,000153
имели 1,386294 0,000216
имелись 2,525729 0,000099
имело 2,302585 0,000090
имени 0,462035 0,000054
именовался 2,407946 0,000094
именоваться 3,218876 0,000377
именует 3,506558 0,000274
иметь 1,272966 0,000149
имеют 0,371064 0,000188
имеются 0,843970 0,000099
имеющие 1,714798 0,000134
имеющий 1,897120 0,000074
ими 1,272966 0,000050
иммиграция 3,912023 0,000153
иммунитета 3,912023 0,000153
император 1,771957 0,000415
императора 1,514128 0,000177
императором 2,813411 0,000110
императорской 2,659260 0,000104
императрица 2,207275 0,000086
императрицы 1,832581 0,000071
империализм 3,912023 0,000153
империей 2,659260 0,000622
империи 0,733969 0,000200
империя 2,040221 0,000637
импорта 2,995732 0,000234
импортируются 3,912023 0,000153
импрессионизму 3,912023 0,000153
имуществом 2,407946 0,000094
имя 0,891598 0,000070
инвестировалось 3,912023 0,000153
инвестировано 3,912023 0,000153
инвестиции 1,714798 0,000201
инвестиций 1,560648 0,000243
инвестициях 3,218876 0,000126
инвесторами 3,506558 0,000137
инвесторов 2,813411 0,000110
ингерманландии 3,506558 0,000137
ингору 3,912023 0,000153
ингуши 1,897120 0,000148
индекс 0,941609 0,000147
индекса 2,813411 0,000329
индексе 2,995732 0,000234
индексу 2,659260 0,000104
индексы 1,514128 0,000118
индивидуально 3,506558 0,000137
индии 2,040221 0,000080
индийском 3,218876 0,000126
индийцы 2,120264 0,000083
индия 2,120264 0,001323
индоевропейской 3,506558 0,000137
индонезия 2,813411 0,001536
индуизм 3,506558 0,000137
индустриализацию 3,506558 0,000137
индустриальному 3,506558 0,000137
индустрии 1,771957 0,000138
инженерное 2,659260 0,000104
инжир 3,912023 0,000153
инициативы 3,218876 0,000126
инициаторов 3,912023 0,000153
инициировали 3,506558 0,000137
инклюзивную 3,912023 0,000153
иного 2,525729 0,000099
иной 1,714798 0,000067
иносми 2,995732 0,000117
иностранного 3,506558 0,000137
иностранном 3,912023 0,000153
иностранные 1,660731 0,000065
иностранных 1,203973 0,000470
иностранцам 3,912023 0,000153
институт 0,478036 0,000056
института 0,755023 0,000059
институтам 3,912023 0,000153
инструментом 2,995732 0,000117
инструменты -0,009950 -0,000002
инсульте 3,912023 0,000153
интеграционного 3,912023 0,000153
интеграционные 3,912023 0,000153
интенсивное 2,120264 0,000083
интервал 2,995732 0,000234
интервале 3,506558 0,000137
интервалы 3,218876 0,000126
интервентов 2,995732 0,000117
интервью 1,660731 0,000130
интерес 1,714798 0,000067
интересах 2,813411 0,000110
интересов 2,407946 0,000094
интернационал 3,506558 0,000137
интернет 0,916291 0,000179
интернет-домены 3,912023 0,000153
интернет-журнал 3,506558 0,000137
интернет-пользователей 3,218876 0,000377
интернет-портале 3,506558 0,000137
интернет-провайдеров 2,659260 0,000104
интернет-хостов 3,912023 0,000305
интернета 1,771957 0,000276
интернете 1,771957 0,000207
интернешнл 3,912023 0,000153
интерфакс 1,832581 0,000429
интрузиями 3,912023 0,000305
интуитивизм 3,912023 0,000153
инфаркте 3,912023 0,000153
инфографика 2,813411 0,000110
информации 0,446287 0,000226
информационно 3,218876 0,000126
информационно-аналитический 2,659260 0,000207
информационно-аналитическое 2,995732 0,000117
информационно-коммуникационных 3,912023 0,000153
информационно-статистическая 3,912023 0,000153
информационного 2,302585 0,000090
информационное 1,469676 0,000057
информационном 3,218876 0,000126
информационные 1,203973 0,000047
информационных 1,139434 0,000044
информация 0,446287 0,000052
инфра-м 0,000000 0,000000
инфраструктурных 2,995732 0,000117
иные 1,714798 0,000134
иных 1,469676 0,000172
иоанн 2,995732 0,000117
иоанна 1,469676 0,000172
иогансен 3,912023 0,000153
иогансон 3,912023 0,000153
иордан 3,912023 0,000153
иордания 3,506558 0,000274
иосиф 2,407946 0,000188
ипээ 3,912023 0,000305
ирак 3,506558 0,000274
иран 2,207275 0,000947
ираника 2,995732 0,000117
ирано-туранская 3,912023 0,000153
ираноязычных 3,912023 0,000153
ири 3,912023 0,000153
ирина 1,660731 0,000130
иркутск 1,171183 0,000183
ирландия 3,506558 0,000274
ирон 0,000000 0,000000
иртыш 3,218876 0,000126
исаченко 3,218876 0,000377
искандер 3,912023 0,000153
исключая 2,995732 0,000117
исключением 1,347074 0,000315
исключительно 1,272966 0,000099
ископаемые 2,659260 0,000415
ископаемыми 3,506558 0,000137
ископаемых 1,714798 0,000201
искусств 0,916291 0,000071
искусства 0,733969 0,000029
искусственного 2,120264 0,000083
искусственный 2,207275 0,000172
искусство 0,994252 0,000427
искусству 2,995732 0,000117
ислам 1,427116 0,000223
исламская 3,218876 0,000126
исламского 3,912023 0,000153
исландии 3,506558 0,000137
исландия 2,407946 0,000188
испания 2,207275 0,000172
испанский 3,912023 0,000153
испанцы 2,120264 0,000083
исповедовать 3,912023 0,000305
исповедует 3,218876 0,000126
исповедуют 3,912023 0,000153
исповедующих 3,506558 0,000274
исповедь 3,912023 0,000153
исполком 2,995732 0,000117
исполнен 3,506558 0,000137
исполнении 1,560648 0,000061
исполнения 1,469676 0,000172
исполнители 2,813411 0,000549
исполнительная 2,995732 0,000234
исполнительного 2,407946 0,000094
исполнительной 2,407946 0,000094
исполнительный 2,040221 0,000239
исполнителями 3,912023 0,000153
исполняемой 3,912023 0,000305
исполняющим 2,040221 0,000080
использование 0,891598 0,000035
использованием 1,347074 0,000105
использования -0,009950 -0,000000
использоваться 1,714798 0,000067
использует 1,514128 0,000118
используется 0,616186 0,000048
используют 1,309333 0,000051
используются 0,916291 0,000071
использующие 0,040822 0,000005
испр 1,832581 0,000071
исправления 2,813411 0,000110
исслед 3,912023 0,000305
исследование 1,427116 0,000223
исследовании 2,659260 0,000104
исследований 0,941609 0,000147
исследованию 2,040221 0,000239
исследования 0,733969 0,000115
исследованиями 2,407946 0,000094
исследованиях 2,207275 0,000086
исследованных 3,912023 0,000153
исследователей 1,966113 0,000307
исследователи 1,469676 0,000057
исследовательский 1,771957 0,000069
ист 2,659260 0,000104
истоки 2,040221 0,000080
истории 0,248461 0,000097
историк 2,302585 0,000090
историки 2,407946 0,000188
историко-археологическое 3,912023 0,000153
историко-культурной 3,506558 0,000137
историко-методологический 3,912023 0,000153
историографа 3,912023 0,000153
историографии 2,813411 0,000110
историографические 3,912023 0,000305
историография 3,218876 0,000126
историческая 1,237874 0,000145
исторически 1,078810 0,000042
исторические 0,941609 0,000037
исторический 0,653926 0,000230
исторического 1,049822 0,000041
исторической 1,171183 0,000137
историческом 1,771957 0,000069
историю 0,843970 0,000132
история 0,051293 0,000068
источник -0,009950 -0,000002
источниками 0,776529 0,000030
источники 0,415515 0,000032
источников 0,371064 0,000014
источниковвикипедия 1,966113 0,000077
истребитель 3,506558 0,000137
исход 3,506558 0,000137
исчезновения 2,407946 0,000188
исчерпали 3,506558 0,000137
италии 1,966113 0,000077
италия 1,609438 0,000251
итальянская 1,609438 0,000063
итальянцы 1,771957 0,000069
ительмены 2,995732 0,000117
итогам 1,139434 0,000356
итогами 3,912023 0,000153
итогах 2,207275 0,000086
итоги 0,713350 0,000250
итого 1,609438 0,000188
итогов 0,891598 0,000104
итоговые 3,506558 0,000137
итогом 2,995732 0,000117
иудаизм 1,966113 0,000153
иудеи 2,659260 0,000104
ичастично 3,912023 0,000153
ичр 3,912023 0,000153
ишим 2,995732 0,000117
июль 0,579818 0,000023
июля 0,116534 0,000255
июнь 0,544727 0,000042
июня 0,116534 0,000291
йемен 3,218876 0,000251
йоханнесбург 3,912023 0,000305
йская 0,000000 0,000000
ка-центр 0,000000 0,000000
кабан 3,218876 0,000126
кабарга 2,995732 0,000117
кабардинцы 1,832581 0,000143
кавасила 3,506558 0,000137
кавказ 1,771957 0,000484
кавказа 1,660731 0,000259
кавказе 2,207275 0,000172
кавказская 2,659260 0,000104
кавказские 3,218876 0,000251
кавказской 2,659260 0,000104
кавказском 3,218876 0,000126
кадастра 2,995732 0,000117
кадров 1,771957 0,000069
кадрового 3,912023 0,000153
кадровой 3,506558 0,000137
каждого 1,427116 0,000111
каждодневные 3,912023 0,000153
каждом 1,660731 0,000130
каждому 1,966113 0,000077
каждый 0,733969 0,000057
казани 1,771957 0,000276
казанский 1,897120 0,000074
казанское 2,659260 0,000207
казань 0,891598 0,000209
казанью 2,407946 0,000094
казахи 1,514128 0,000118
казахской 3,506558 0,000137
казахстан 1,469676 0,000631
казахстана 1,966113 0,000077
казахстане 3,218876 0,000126
казахстаном 3,218876 0,000126
кайнозойская 3,912023 0,000153
кайнозойской 3,506558 0,000137
кайнуу 3,912023 0,000153
какие 1,897120 0,000074
каким-либо 3,218876 0,000126
каких 2,120264 0,000083
какого-то 3,218876 0,000126
калашникова 3,506558 0,000137
каледонской 3,912023 0,000153
калийных 3,218876 0,000251
калининград 2,407946 0,000282
калининградская 2,995732 0,000234
калининградский 3,506558 0,000137
калининградской 3,218876 0,000251
калины 3,912023 0,000153
калмыки 1,897120 0,000074
калмыкии 3,912023 0,000153
калмыкия 2,659260 0,000207
калопанакс 3,506558 0,000137
калужской 3,218876 0,000126
камбоджа 3,218876 0,000377
каменного 1,966113 0,000307
каменное 2,120264 0,000083
каменный 1,714798 0,000067
каменных 1,832581 0,000071
камерность 3,912023 0,000153
камерун 3,506558 0,000137
камилл 3,912023 0,000153
кампанией 3,506558 0,000137
кампании 2,659260 0,000207
кампания 2,407946 0,000094
камчадалы 3,218876 0,000126
камчатка 3,218876 0,000126
камчатки 2,995732 0,000234
канада 2,207275 0,000430
канаде 3,506558 0,000137
канаду 3,506558 0,000137
канал 0,843970 0,000132
канала 1,771957 0,000207
каналам 3,218876 0,000126
канале 2,659260 0,000207
каналов 1,427116 0,000056
каналу 2,995732 0,000117
каналы 2,120264 0,000083
кандидатов 1,897120 0,000074
кандидатуры 3,912023 0,000153
кандидаты 2,525729 0,000099
кандинский 3,506558 0,000137
каникулы 3,912023 0,000153
каноны 3,912023 0,000153
кантемир 3,912023 0,000153
канторович 3,912023 0,000153
канц 3,912023 0,000153
капитал 1,966113 0,000153
капитала 2,120264 0,000496
капитализма 2,995732 0,000234
капиталистической 3,912023 0,000153
капитуляции 3,506558 0,000137
капица 3,912023 0,000305
карагаши 3,912023 0,000153
караимы 2,995732 0,000117
каракалпаки 2,120264 0,000083
карамзин 2,995732 0,000234
карате 3,218876 0,000126
карачаево-черкесской 3,912023 0,000153
карачаевский 3,506558 0,000137
карачаевцы 1,966113 0,000077
карго 3,912023 0,000153
кардинально 2,813411 0,000110
карелии 3,218876 0,000251
карелия 2,525729 0,000099
карелы 2,040221 0,000080
карельского 3,218876 0,000126
карликовая 3,912023 0,000153
карнеги 3,506558 0,000137
карсавина 3,912023 0,000153
карт 1,514128 0,000118
карта 0,776529 0,000030
картами 0,562119 0,000022
картографии 2,813411 0,000110
картофель 3,912023 0,000153
каспарова 3,912023 0,000153
каспийская 2,995732 0,000117
каспийское 1,897120 0,000074
касьянова 3,912023 0,000305
каталанская 0,527633 0,000021
каталогах 0,094311 0,000004
катание 3,218876 0,000126
катании 3,912023 0,000153
катар 3,218876 0,000377
катастрофическим 3,218876 0,000126
катастрофической 3,912023 0,000153
категории -0,009950 -0,000002
категория 0,916291 0,000179
категориям 3,506558 0,000137
католицизм 2,207275 0,000086
качества 1,078810 0,000084
качествами 3,912023 0,000153
качестве 0,478036 0,000112
качественная 3,506558 0,000137
качественному 3,506558 0,000137
каштан 2,995732 0,000117
квадрат 2,995732 0,000117
квадратных 1,832581 0,000071
квази-империю 3,912023 0,000153
квалификации 2,407946 0,000094
квантовый 3,506558 0,000137
квартал 1,660731 0,000065
квартале 2,407946 0,000094
квартир 2,813411 0,000110
квартиры 2,525729 0,000197
квт 2,659260 0,000207
квятковский 3,912023 0,000153
кгб 3,912023 0,000153
кедр 3,506558 0,000137
кедровка 2,813411 0,000110
кейн 3,912023 0,000153
кемеровского 2,995732 0,000117
кения 3,506558 0,000137
кереки 3,506558 0,000137
кеты 3,218876 0,000126
киев 1,560648 0,000426
киеве 2,813411 0,000219
киевская 3,506558 0,000957
киевские 3,912023 0,000153
киевским 3,912023 0,000153
киевских 3,912023 0,000153
киевского 3,218876 0,000126
киевской 2,525729 0,000296
киевскую 3,506558 0,000137
кижах 3,912023 0,000153
кижский 3,912023 0,000153
километров 1,078810 0,000084
ким 2,525729 0,000099
кимберлитовой 3,912023 0,000153
кинематограф 2,525729 0,000394
кинематографические 3,218876 0,000251
кинематографических 3,506558 0,000137
кино 0,994252 0,000116
кинокритик 3,912023 0,000153
кинокритиков 3,912023 0,000153
кинопоказы 3,912023 0,000153
кинотеатр 1,108663 0,000043
кинотеатров 1,237874 0,000048
кинотеатры 1,078810 0,000042
кинофестиваль 2,207275 0,000086
кипелов 3,912023 0,000153
кипр 2,813411 0,000219
кипра 3,506558 0,000410
кипре 3,506558 0,000137
кипренский 3,912023 0,000153
киприана 3,912023 0,000153
киприаном 3,912023 0,000305
киргизия 3,912023 0,000153
киргизской 3,506558 0,000137
киргизы 1,560648 0,000061
киреевский 3,218876 0,000126
кирилла 1,966113 0,000077
кириллицей 3,912023 0,000153
кириллицы 3,912023 0,000305
кириллический 3,912023 0,000153
кириллической 3,912023 0,000153
киркоров 3,912023 0,000153
кислые 3,506558 0,000137
китае 2,040221 0,000080
китаем 2,813411 0,000110
китай 0,867501 0,000609
китайская 0,776529 0,000061
китайский 2,407946 0,000094
китайского 2,659260 0,000104
китайцы 1,660731 0,000065
китая 1,897120 0,000222
кишинев 2,995732 0,000117
кларк 3,912023 0,000153
класс 1,514128 0,000059
класса 1,203973 0,000094
классиками 3,912023 0,000153
классифицирована 3,912023 0,000153
классицизм 2,207275 0,000258
классических 1,897120 0,000074
классической 1,609438 0,000063
классы 2,207275 0,000258
клекачка 3,912023 0,000153
клена 3,912023 0,000153
климат 0,494296 0,000174
климата 0,733969 0,000115
климатических 1,966113 0,000077
климента 2,813411 0,000110
клиник 2,813411 0,000110
клосс 3,912023 0,000305
клуб 0,916291 0,000036
клубам 3,912023 0,000153
клубы 1,108663 0,000043
ключевая 3,506558 0,000137
ключевская 3,506558 0,000274
ключевую 2,995732 0,000117
ключевые 2,302585 0,000090
ключевых 2,207275 0,000086
кндр 2,813411 0,000439
книг 1,660731 0,000130
книга 0,843970 0,000033
книги 0,916291 0,000071
книгы 3,912023 0,000153
книжная 3,506558 0,000137
книжной 2,813411 0,000110
книжные 3,506558 0,000137
княгини 2,813411 0,000110
княжение 3,912023 0,000458
княжеств 2,813411 0,000329
княжества 2,120264 0,000662
княжествами 3,912023 0,000153
княжество 2,120264 0,000744
княжеством 2,995732 0,000117
князе 3,218876 0,000126
князей 2,525729 0,000099
князь 1,771957 0,000484
князья 2,813411 0,000439
князьям 3,218876 0,000251
князю 2,207275 0,000086
князя 1,139434 0,000089
коалиция 3,218876 0,000126
кобаком 3,912023 0,000153
кобзон 3,218876 0,000126
ковалева 2,302585 0,000180
когда-либо 2,995732 0,000117
кого 2,207275 0,000086
код -0,009950 -0,000002
кодаистория 2,040221 0,000080
кодекс -0,009950 -0,000003
коек 2,040221 0,000239
коечного 3,912023 0,000153
кожевников 3,912023 0,000153
кокс 3,218876 0,000126
кокса 3,218876 0,000126
кол 3,912023 0,000458
колебания 1,714798 0,000067
колеблются 2,813411 0,000110
колеи 2,813411 0,000110
количества 0,941609 0,000147
количественный 3,218876 0,000126
количество 0,328504 0,000333
количеством 1,514128 0,000059
количеству 1,309333 0,000306
колледж 1,386294 0,000054
коллективизацию 3,912023 0,000153
коллективной 3,506558 0,000547
коллективные 3,218876 0,000251
колонизации 2,813411 0,000219
колонизация 2,525729 0,000099
колонок 3,506558 0,000137
колхидский 3,912023 0,000153
кольцевой 2,120264 0,000083
кольцо 1,514128 0,000059
кольцов 2,995732 0,000117
кольцово 2,995732 0,000234
командам 3,912023 0,000153
командир 2,813411 0,000110
командных 3,218876 0,000126
командование 2,813411 0,000110
командующих 3,912023 0,000153
комбинат 1,171183 0,000046
комбинированный 3,912023 0,000153
коми 1,514128 0,000236
коми-пермяки 2,040221 0,000080
комикъарачай-малкъар 0,000000 0,000000
комиссии 1,309333 0,000102
комиссия 1,609438 0,000188
комитет 0,755023 0,000147
комитетами 3,912023 0,000153
комментарии 1,386294 0,000108
комментарий 3,218876 0,000251
коммерсант 2,207275 0,000172
коммерсантъ 1,139434 0,000222
коммерческим 3,912023 0,000153
коммерческое 2,407946 0,000188
коммерческой 2,207275 0,000086
коммуникаций 2,207275 0,000344
коммунистическая 3,506558 0,000137
коммунистические 3,506558 0,000137
коморы 3,506558 0,000137
компании 0,579818 0,000113
компании-работодатели 3,912023 0,000153
компаний 0,967584 0,000189
компания 0,653926 0,000051
компаниями 2,302585 0,000090
компартия 3,912023 0,000153
комплаенса 3,912023 0,000153
комплекс 0,653926 0,000153
комплексным 3,912023 0,000153
комплексных 2,659260 0,000104
комплексов 1,386294 0,000054
комплексом 1,966113 0,000077
комплектование 3,912023 0,000153
композиторов 2,995732 0,000234
композиторы 2,813411 0,000219
компоненты 1,609438 0,000126
компьютером 3,506558 0,000137
комсомолец 1,560648 0,000061
комсомольск-на-амуре 1,203973 0,000047
комсомольская 1,171183 0,000046
кому 2,207275 0,000086
конвенции 2,995732 0,000117
конвенция 2,525729 0,000197
кондиционирование 3,912023 0,000153
коне 3,218876 0,000126
конем 3,912023 0,000153
конец 0,798508 0,000343
конникова 3,912023 0,000153
конный 2,659260 0,000104
консалтинговая 3,218876 0,000126
консалтинговой 3,218876 0,000126
консерватизма 3,912023 0,000153
консервации 3,912023 0,000153
консолидации 3,912023 0,000153
консолидировалась 3,912023 0,000153
консолидированного 3,506558 0,000137
константин 1,560648 0,000122
константина 2,659260 0,000207
константинополь 3,218876 0,000126
константину 3,506558 0,000137
констатировал 3,912023 0,000305
конституцией 3,506558 0,000137
конституции 2,120264 0,001323
конституционного 3,506558 0,000410
конституционное 3,912023 0,000153
конституционные 3,912023 0,000305
конституционный 2,995732 0,000467
конституционным 3,912023 0,000153
конституцию 3,218876 0,000126
конституция 2,813411 0,001207
конструктивизм 2,813411 0,000110
конструктивизма 1,966113 0,000077
контексте 1,560648 0,000061
континента 3,218876 0,000126
континентального 1,832581 0,000071
континентальном 3,506558 0,000137
континентальностью 3,912023 0,000153
континентальным 2,525729 0,000099
контракта 3,218876 0,000377
контракту 2,813411 0,000110
контрнаступление 3,506558 0,000274
контрнаступления 3,506558 0,000137
контролируемого 3,912023 0,000153
контролируемой 3,218876 0,000126
контролирует 3,218876 0,000126
контролируются 3,912023 0,000153
контроль 1,427116 0,000334
контроля 1,560648 0,000061
контртеррористической 3,506558 0,000137
конфедераций 2,995732 0,000117
конференции 1,139434 0,000044
конфессий 2,207275 0,000086
конфиденциальности -0,009950 -0,000000
конфликт 2,525729 0,000099
конфликта 2,120264 0,000083
конфликтов 2,813411 0,000219
конца 0,562119 0,000110
конце 0,430783 0,000118
концевич 3,912023 0,000305
концентрации 2,040221 0,000080
концу 0,994252 0,000116
кончаловский 3,912023 0,000153
конъюнктуры 3,218876 0,000126
конюхова 3,912023 0,000153
координационно-консультативный 3,912023 0,000153
копейка 3,218876 0,000126
копии 0,653926 0,000051
копия 0,328504 0,000564
копьем 3,506558 0,000137
корейской 2,040221 0,000080
корейцы 1,609438 0,000063
корелин 3,912023 0,000153
корея 1,897120 0,000296
корж 3,912023 0,000153
королев 2,407946 0,000094
королева 2,207275 0,000086
королевством 3,912023 0,000153
короленко 3,218876 0,000126
король 3,218876 0,000126
коронами 3,506558 0,000137
коронации 2,995732 0,000117
короной 2,207275 0,000086
короткий -0,009950 -0,000001
короткими 3,912023 0,000153
короткого 3,912023 0,000153
корпоративных 3,506558 0,000137
корпорация 2,040221 0,000080
коррекционное 3,218876 0,000126
коррелирует 3,912023 0,000153
коррупцией 3,506558 0,000274
коррупции 3,218876 0,001381
коррупционные 3,912023 0,000153
коррупционными 3,912023 0,000153
коррупционных 3,218876 0,000251
коррупцию 3,506558 0,000137
коррупция 3,506558 0,000410
корчажкина 3,912023 0,000305
коряки 3,218876 0,000126
коряков 3,912023 0,000153
косе 3,218876 0,000126
космизм 3,506558 0,000137
космическая 2,525729 0,000099
космическим 3,506558 0,000137
космических 2,995732 0,000351
космического 2,813411 0,000219
космической 2,120264 0,000413
космическую 3,506558 0,000137
космодром 3,912023 0,000153
космонавта 2,813411 0,000110
космонавтика 3,218876 0,000251
космонавтики 2,207275 0,000172
космонавтов 2,040221 0,000080
космос 1,897120 0,000296
космоса 1,966113 0,000153
косово 3,506558 0,000137
косуля 3,218876 0,000126
кот 2,525729 0,000197
кот-д 0,000000 0,000000
которая 0,287682 0,000090
которого 0,301105 0,000070
которое 0,478036 0,000075
которой 0,174353 0,000061
которому 0,843970 0,000066
которую 0,867501 0,000034
которые 0,162519 0,000095
который 0,105361 0,000029
которым 0,798508 0,000093
которыми 1,469676 0,000115
которых 0,094311 0,000096
кох 3,912023 0,000153
кошкин 3,506558 0,000137
коэффициент 2,120264 0,000165
кпрф 2,207275 0,000172
кпсс 1,832581 0,000429
крае 1,514128 0,000177
краев 2,302585 0,000180
краевого 2,120264 0,000083
краевой 2,120264 0,000083
краевых 2,659260 0,000104
край 0,891598 0,000070
крайне 1,832581 0,000071
крайнего 3,218876 0,000126
крайней 2,525729 0,000197
крайнем 3,218876 0,000251
крайняя 2,659260 0,000519
крамник 3,506558 0,000274
крамской 3,912023 0,000153
красная 1,108663 0,000086
краснов 3,218876 0,000126
красного 1,272966 0,000050
краснодар 1,386294 0,000216
краснодарский 2,302585 0,000090
краснодарского 2,407946 0,000094
краснодарском 3,218876 0,000126
красной 0,967584 0,000113
красном 2,207275 0,000086
красноярск 0,967584 0,000302
красноярский 2,207275 0,000086
красноярском 2,525729 0,000197
красный 0,941609 0,000037
краткая 0,967584 0,000075
краткий 1,560648 0,000061
кратчайшие 2,813411 0,000110
края 0,713350 0,000111
краям 2,995732 0,000234
кредитно-финансовая 3,506558 0,000137
кремли 3,506558 0,000137
кремль 1,714798 0,000268
крепостное 3,912023 0,000153
крепость 1,078810 0,000084
крестьян 2,302585 0,000180
крестьяне 3,218876 0,000126
крестьянин 2,995732 0,000117
крестьяноведение 3,912023 0,000153
крецул 3,912023 0,000153
крещение 2,995732 0,000234
кривичей 3,912023 0,000305
кривичи 3,506558 0,000137
кривякина 3,912023 0,000153
крид 3,912023 0,000153
кризис 1,897120 0,000296
кризиса 2,040221 0,000318
кризисные 3,506558 0,000137
кризисом 2,995732 0,000117
криминализацией 3,912023 0,000153
криминальной 2,995732 0,000117
криобиология 3,912023 0,000153
кристи 3,912023 0,000153
критериев 3,506558 0,000137
критерию 2,813411 0,000110
критериям 2,302585 0,000359
критика 2,120264 0,000083
критиками 3,506558 0,000137
критики 2,407946 0,000188
критику 3,218876 0,000126
критических 3,218876 0,000126
критического 2,813411 0,000219
критической 3,506558 0,000137
кровлей 3,912023 0,000153
кроме 0,235722 0,000092
кропоткин 2,659260 0,000104
крот 3,218876 0,000126
крошки 3,912023 0,000153
круг 2,207275 0,000086
кругах 2,659260 0,000104
круги 3,506558 0,000137
кругом 2,040221 0,000080
кругосвет 1,560648 0,000122
кругу 2,525729 0,000099
крупина 3,912023 0,000153
крупная 1,514128 0,000059
крупнейшее 2,040221 0,000159
крупнейшей 1,560648 0,000122
крупнейшие 0,776529 0,000485
крупнейший 0,755023 0,000177
крупнейшим 1,203973 0,000188
крупнейшими 1,771957 0,000138
крупнейших 0,634878 0,000272
крупные 0,579818 0,000023
крупными 1,309333 0,000051
крупных 0,494296 0,000116
крылья 2,525729 0,000099
крым 1,660731 0,000972
крыма 0,843970 0,000329
крыме 3,912023 0,000153
крымов 3,912023 0,000153
крымом 2,995732 0,000117
крымские 1,771957 0,000069
крымскими 3,506558 0,000137
крымских 2,302585 0,000090
крымско-новороссийская 3,912023 0,000153
крымского 1,832581 0,000071
крымское 2,813411 0,000110
крымской 2,813411 0,000219
крымчаки 2,659260 0,000104
кряшены 2,813411 0,000110
куба 2,659260 0,000207
кубинцы 2,207275 0,000086
кубок 1,832581 0,000143
кувалдин 3,912023 0,000153
кувейт 3,506558 0,000410
кудрина 3,912023 0,000305
кузнецком 3,218876 0,000126
куинджи 2,995732 0,000117
куки -0,009950 -0,000000
куклу 3,912023 0,000153
куликов 3,218876 0,000126
культ 3,218876 0,000251
культа 3,506558 0,000137
культом 3,912023 0,000153
культура 0,653926 0,000306
культуре 1,427116 0,000056
культурного 0,916291 0,000071
культурное 2,207275 0,000086
культурных 1,347074 0,000053
культуры 0,462035 0,000252
кульчицький 3,912023 0,000153
кумандинцы 3,506558 0,000137
кумо-манычская 3,912023 0,000153
кумыки 1,832581 0,000143
кунсткамера 3,506558 0,000274
купечества 2,525729 0,000099
купечеству 3,218876 0,000126
куприн 3,912023 0,000153
куприна 3,218876 0,000126
купца 1,560648 0,000061
курды 2,040221 0,000080
курильская 3,506558 0,000137
курильские 3,506558 0,000137
куриная 3,912023 0,000153
курируют 3,912023 0,000305
курорты 2,302585 0,000090
куросавы 3,912023 0,000153
курс 1,347074 0,000158
курсивом 2,995732 0,000117
курской 2,995732 0,000234
курском 3,506558 0,000137
курумоч 3,218876 0,000126
курчатова 3,218876 0,000126
курятины 3,912023 0,000153
кухня 3,218876 0,000126
кучереной 3,912023 0,000153
кучкин 2,995732 0,000117
кшесинская 3,912023 0,000153
кыевскым 3,912023 0,000153
кыевскымъ 3,912023 0,000153
кыргызстан 2,120264 0,000744
кыргызча 0,000000 0,000000
кырык 1,771957 0,000069
лавровишня 3,912023 0,000153
ладанник 3,912023 0,000153
ладога 3,506558 0,000274
ладогу 3,506558 0,000137
ладожское 3,506558 0,000137
лазарева 2,302585 0,000090
лаккулезги 0,000000 0,000000
лакцы 1,832581 0,000071
ландау 3,506558 0,000137
ландшафтные 3,506558 0,000274
ландшафтов 2,995732 0,000701
ландшафтоведение 3,912023 0,000305
ландшафты 2,302585 0,000269
лаос 3,218876 0,000377
лапе 3,506558 0,000137
лапина 3,506558 0,000137
лаппи 3,912023 0,000153
ларусса 1,078810 0,000042
лас-тунас 3,218876 0,000126
латвии 2,813411 0,000110
латвия 2,302585 0,000269
латыши 1,897120 0,000074
лауреатов 2,995732 0,000117
лдпр 2,525729 0,000099
лев 1,832581 0,000143
левада-центра 3,912023 0,000153
левацкими 3,912023 0,000153
левитан 3,218876 0,000126
левицкий 3,506558 0,000137
левой 2,525729 0,000099
легкая 1,897120 0,000074
легковых 2,407946 0,000282
легкой 1,771957 0,000276
легкости 3,506558 0,000137
ледник 3,506558 0,000137
ледниковая 3,506558 0,000137
ледовитого 1,832581 0,000143
ледовое 3,912023 0,000153
ледовом 3,506558 0,000137
лежащая 3,506558 0,000137
лежит 1,560648 0,000122
лезгины 1,771957 0,000138
лемминг 3,218876 0,000126
лемминги 3,506558 0,000137
лен 3,506558 0,000410
лена 2,659260 0,000207
ленин 2,207275 0,000172
ленина 0,867501 0,000068
ленинградский 2,207275 0,000086
ленинградской 2,525729 0,000197
ленинградском 3,218876 0,000126
лентой 2,659260 0,000104
ленты 2,525729 0,000099
лены 2,659260 0,000104
леонова 2,995732 0,000117
леонтьев 3,912023 0,000153
леопард 2,995732 0,000117
лермонтов 3,218876 0,000251
лес 1,514128 0,000118
леса 1,021651 0,000398
лесах 2,302585 0,000180
лесистость 3,912023 0,000153
лесная 1,660731 0,000194
лесное 2,525729 0,000099
лесной 1,272966 0,000099
лесном 2,995732 0,000117
лесные 1,560648 0,000304
лесов 1,469676 0,000287
лесолуговая 3,912023 0,000153
лесом 2,302585 0,000090
лесостепей 3,506558 0,000137
лесостепи 2,407946 0,000188
лесостепная 3,506558 0,000137
лесостепной 1,966113 0,000077
лесостепь 2,659260 0,000104
лесотундра 2,813411 0,000110
лесотундровой 3,912023 0,000153
лесотундры 3,912023 0,000305
лествице 3,912023 0,000153
лествицы 3,912023 0,000153
лесу 2,302585 0,000090
лет 0,223144 0,000383
летие 1,309333 0,000051
летней 2,120264 0,000083
летние 1,714798 0,000067
летних 2,120264 0,000083
летняя 2,302585 0,000180
лето 0,891598 0,000035
летом 0,597837 0,000023
летописи 1,609438 0,000126
летописные 3,912023 0,000153
летописца 3,506558 0,000137
летопись 1,832581 0,000071
летописям 2,995732 0,000117
летяга 3,506558 0,000137
лечение 3,218876 0,000251
лечения 2,659260 0,000207
лещенко 3,912023 0,000153
лещины 3,912023 0,000153
либерализация 3,912023 0,000153
либерально-демократическая 3,912023 0,000153
либерального 3,912023 0,000153
либо 0,000000 0,000000
либрис 3,912023 0,000305
ливан 3,218876 0,000251
ливия 2,995732 0,000117
ливонских 3,912023 0,000153
ливонской 3,506558 0,000137
лига 1,897120 0,000074
лиги 1,386294 0,000108
лидера 3,506558 0,000137
лидерами 2,302585 0,000090
лидеров 1,966113 0,000153
лидером 2,207275 0,000430
лидерстве 3,912023 0,000153
лидерство 3,912023 0,000305
лидеры 2,302585 0,000090
лидирует 2,995732 0,000234
лидирующие 2,659260 0,000104
лидирующих 2,995732 0,000117
лидия 2,995732 0,000117
лиепа 3,912023 0,000153
ликвидацией 3,912023 0,000153
ликвидации 1,609438 0,000126
ликвидация 3,506558 0,000137
лимонник 3,912023 0,000153
лимонова 3,912023 0,000153
линией 2,407946 0,000094
линии 0,755023 0,000088
линий 1,309333 0,000102
линию 2,407946 0,000094
линиях 2,659260 0,000104
липы 3,506558 0,000137
лисиц 3,912023 0,000153
лисица 2,813411 0,000110
лисовский 3,218876 0,000126
лиственница 2,813411 0,000110
литва 2,407946 0,000282
литвой 2,995732 0,000117
литвы 3,218876 0,000126
литература 0,061875 0,000019
литературе 1,514128 0,000236
литературы 1,078810 0,000168
литовская 1,309333 0,000051
литовским 3,912023 0,000153
литовское 3,506558 0,000137
литовцы 1,966113 0,000077
лифляндии 3,912023 0,000153
лифт 3,912023 0,000153
лихтенштейн 3,506558 0,000137
лиц 1,427116 0,000334
лица 1,272966 0,000199
лицам 2,995732 0,000117
лицеев 1,771957 0,000069
лицей 2,207275 0,000344
лицензии -0,009950 -0,000000
лично 2,302585 0,000090
личности 2,207275 0,000086
личные 1,966113 0,000077
лишайники 2,995732 0,000117
лишились 2,813411 0,000110
лишь 0,478036 0,000131
лнр 3,506558 0,000410
лобачевский 2,995732 0,000117
ловлей 3,506558 0,000137
ловля 3,218876 0,000126
локальные 2,207275 0,000086
локальных 2,207275 0,000086
локомотивов 3,912023 0,000153
ломонос 3,218876 0,000251
ломоносов 2,120264 0,000248
ломоносова 2,040221 0,000080
лондоне 2,995732 0,000117
лосев 3,218876 0,000126
лосский 3,506558 0,000137
лосского 3,912023 0,000153
лось 3,218876 0,000126
луганской 3,912023 0,000458
луганскую 3,912023 0,000153
лугово-восточные 3,218876 0,000126
лукин 3,912023 0,000153
луковичные 3,912023 0,000153
луна 2,995732 0,000117
луноход 3,912023 0,000153
луну 3,218876 0,000126
луны 3,218876 0,000126
лучший 2,040221 0,000080
лучшим 1,514128 0,000059
лучших 1,049822 0,000082
лыжный 2,659260 0,000104
лыжных 2,659260 0,000104
лысенко 3,912023 0,000153
льгот 3,218876 0,000126
льшая 0,000000 0,000000
любви 2,407946 0,000094
любую 2,525729 0,000099
любые 2,207275 0,000086
людей 0,693147 0,000135
люди 0,755023 0,000088
людмила 2,207275 0,000086
люксембург 2,659260 0,000104
лютеранство 3,218876 0,000126
лютики 3,912023 0,000153
маакия 3,506558 0,000137
мавритания 3,506558 0,000137
магадан 1,237874 0,000048
магдолна 3,912023 0,000153
магистраль 1,427116 0,000111
магистральных 2,813411 0,000219
магистратура 3,506558 0,000137
магматические 3,912023 0,000153
магнолия 3,912023 0,000153
магомаев 3,912023 0,000153
мае 0,867501 0,000102
май 0,597837 0,000023
майя 2,995732 0,000117
мак 3,506558 0,000274
макао 2,995732 0,000117
макаров 2,207275 0,000172
македония 2,813411 0,000110
македонски 0,000000 0,000000
македонцы 2,813411 0,000110
маки 3,506558 0,000137
макс 2,120264 0,000248
максима 2,120264 0,000083
максимальная 1,560648 0,000061
максимально 2,525729 0,000099
максимальные 2,407946 0,000094
максимум 0,733969 0,000029
малайзия 2,995732 0,000467
малевич 3,912023 0,000305
маленькая 3,506558 0,000137
мали 3,506558 0,000137
малиновским 3,912023 0,000153
мало 1,427116 0,000056
малозначимые 3,912023 0,000153
малой 1,514128 0,000059
маломощные 3,506558 0,000137
малороссийских 3,912023 0,000153
малый 0,371064 0,000014
малыми 2,302585 0,000090
малыхин 3,912023 0,000153
мальдивы 3,506558 0,000410
мальта 2,995732 0,000234
мальтийском 3,912023 0,000153
мальчишник 3,912023 0,000153
мандельштам 3,506558 0,000137
манси 2,813411 0,000110
маньчжурская 3,912023 0,000153
маргулис 3,912023 0,000305
марий 2,525729 0,000099
марийского 3,506558 0,000137
марийцы 1,714798 0,000268
марис 3,912023 0,000153
марки 2,040221 0,000080
марокко 3,218876 0,000126
марс 3,912023 0,000153
марсе 3,912023 0,000153
март 0,616186 0,000048
марта 0,139262 0,000402
марте 0,967584 0,000113
маршалла 3,506558 0,000137
маршрутов 0,967584 0,000038
мары 0,000000 0,000000
масадыков 3,912023 0,000153
массивами 2,995732 0,000117
массивы 1,560648 0,000122
массино 3,912023 0,000153
массового 1,966113 0,000077
массовой 0,916291 0,000214
массовом 3,218876 0,000126
массовому 3,218876 0,000126
массовые 2,207275 0,000430
массовый 1,832581 0,000071
массовым 2,813411 0,000219
массовыми 2,813411 0,000110
массовых 1,832581 0,000286
мастеров 1,897120 0,000074
масштабной 3,218876 0,000126
масштабные 1,897120 0,000074
масштабным 3,506558 0,000137
масштабных 2,525729 0,000099
масштабов 3,218876 0,000126
масштабы 2,813411 0,000110
матвиенко 3,912023 0,000153
математик 2,659260 0,000207
математике 2,659260 0,000207
математики 1,660731 0,000324
математиков 2,995732 0,000117
математической 2,525729 0,000099
материал -0,009950 -0,000000
материала 2,302585 0,000090
материалах 2,813411 0,000110
материалы 0,843970 0,000066
материально-технического 3,506558 0,000137
материка 2,659260 0,000104
материковая 3,506558 0,000274
материнский 3,912023 0,000153
материнского 3,912023 0,000763
матильда 3,912023 0,000153
матисс 3,912023 0,000153
матрешка 3,912023 0,000153
матрин 3,912023 0,000153
матчей 2,407946 0,000094
матях 3,912023 0,000153
махачкала 2,813411 0,000110
машин 1,139434 0,000089
машина 2,040221 0,000080
машинами 2,995732 0,000117
машинист 3,912023 0,000153
машиностроением 3,218876 0,000126
машины 1,514128 0,000059
мая 0,139262 0,000250
маяк 1,108663 0,000086
маяковский 2,995732 0,000117
мвд 1,309333 0,000153
мвф 3,912023 0,000610
мгб 3,912023 0,000153
мгс 3,912023 0,000153
мгу 2,120264 0,000248
медальном 3,912023 0,000305
медведев 2,525729 0,000394
медведева 2,659260 0,000311
медведь 2,207275 0,000344
медиа-холдинги 3,912023 0,000153
медиафайлы 0,301105 0,000012
медицина 1,897120 0,000148
медицине 3,506558 0,000137
медицинская 2,040221 0,000080
медицинские 1,897120 0,000148
медицинских 1,427116 0,000167
медицинского 1,714798 0,000334
медицинской 1,514128 0,000118
медицины 1,514128 0,000177
медленными 3,912023 0,000153
медно-никелевые 3,912023 0,000153
медпомощи 3,912023 0,000153
медуза 3,506558 0,000547
медянка 3,912023 0,000153
межведомственная 3,912023 0,000153
междисциплинарный 3,506558 0,000274
междоусобные 3,912023 0,000153
междукняжеская 3,912023 0,000153
международная 1,309333 0,000102
международно 1,139434 0,000311
международно-правовых 3,912023 0,000153
международно-признанных 3,218876 0,000126
международного 0,733969 0,000172
международное 1,714798 0,000201
международной 1,203973 0,000423
международном 1,832581 0,000143
международную 2,659260 0,000104
международные 0,941609 0,000257
международныеорганизации 3,912023 0,000153
международный 0,713350 0,000083
международным 1,966113 0,000077
международными 2,813411 0,000110
международных 0,967584 0,000453
междуречья 3,506558 0,000274
межкультурному 3,912023 0,000153
межпарламентская 3,506558 0,000137
мезозойской 3,912023 0,000153
мексика 2,813411 0,000329
мела 3,912023 0,000153
мелких 1,897120 0,000148
меловыми 3,506558 0,000137
мелодичность 3,912023 0,000153
мелодия 2,995732 0,000117
мельникова 3,218876 0,000251
мельтюхов 3,912023 0,000153
менглигирею 3,912023 0,000153
менделеев 3,912023 0,000305
менеджеров 3,912023 0,000153
менее 0,314711 0,000098
менко 0,000000 0,000000
меньше 0,755023 0,000177
меньшей 2,207275 0,000086
меньшова 3,912023 0,000153
меньшую 2,525729 0,000099
менялись 2,659260 0,000207
мер 2,040221 0,000159
мерах 2,813411 0,000110
мережковский 3,912023 0,000153
мерзлота 2,995732 0,000117
мерзлотой 3,506558 0,000137
меридионально 3,506558 0,000137
мероприятий 1,514128 0,000059
мероприятия 1,272966 0,000099
мертвый 2,995732 0,000117
меры 2,207275 0,000172
меря 3,506558 0,000137
мессенджерах 3,912023 0,000153
мест 0,713350 0,000278
места 0,579818 0,000136
местами 1,427116 0,000056
местах 1,049822 0,000082
месте 0,544727 0,000191
местности 1,427116 0,000056
местность 1,660731 0,000065
местные 1,049822 0,000123
местными 2,040221 0,000239
местных 1,108663 0,000086
место 0,371064 0,000695
местом 1,049822 0,000041
месторождений 2,040221 0,000159
месторождения 1,966113 0,000230
месторождениями 3,912023 0,000153
месяц 1,272966 0,000050
месяца 1,347074 0,000053
месяцев 1,171183 0,000046
месячная 2,995732 0,000117
металлические 2,813411 0,000110
металлических 1,966113 0,000230
металлов 1,771957 0,000069
металлография 3,912023 0,000153
металлолом 3,506558 0,000137
металлургическое 2,207275 0,000086
металлургической 2,525729 0,000099
металлургия 2,120264 0,000165
металлы 2,407946 0,000094
метаморфические 3,912023 0,000153
метафизики 3,506558 0,000137
метафизичность 3,912023 0,000153
метеор 2,659260 0,000104
метеостанции 2,995732 0,000117
методологии 2,525729 0,000197
метро 1,272966 0,000149
метров 0,776529 0,000061
метрополитен 1,966113 0,000230
метрополитена 1,660731 0,000130
мефодия 1,966113 0,000077
механизмов 2,995732 0,000117
меховых 3,912023 0,000153
мечеть 1,078810 0,000042
мечников 3,506558 0,000410
мешают 3,912023 0,000153
мешков 3,218876 0,000126
миграции 1,660731 0,000065
миграционных 3,218876 0,000126
миграция 2,120264 0,000083
мигунова 3,912023 0,000153
мид 2,207275 0,000430
микронезией 3,912023 0,000153
миллиарда 1,966113 0,000077
миллион 2,207275 0,000172
миллиона 1,386294 0,000216
миллионов 1,078810 0,000210
миндаль 3,912023 0,000153
минерально-сырьевой 3,912023 0,000153
минеральные 1,966113 0,000383
мини-футболе 3,912023 0,000153
миниатюра 3,912023 0,000305
миниатюры 3,506558 0,000137
минимальные 2,995732 0,000117
минимальный 3,218876 0,000377
минимальным 3,506558 0,000137
минимизацию 3,912023 0,000153
минимум 0,693147 0,000054
минимума 2,407946 0,000376
минимуме 0,000000 0,000000
минимумов 3,912023 0,000153
министерской 3,912023 0,000153
министерств 3,506558 0,000137
министерства 0,891598 0,000070
министерство 1,108663 0,000389
министерством 1,609438 0,000063
министерству 2,995732 0,000117
министр 2,120264 0,000083
министрам 3,912023 0,000153
министров 1,660731 0,000453
министры 3,912023 0,000153
минкульт 3,912023 0,000305
минкультуры 3,506558 0,000137
минобрнауки 3,218876 0,000126
минпросвещения 3,912023 0,000153
минфин 3,506558 0,000274
минэкономразвития 3,506558 0,000410
миоцена 3,218876 0,000126
мир 0,342490 0,000227
мира 0,415515 0,000681
мире 0,494296 0,001022
мирный 2,207275 0,000086
мирных 2,659260 0,000207
мировая 1,897120 0,000074
мирового 1,609438 0,000251
мировое 2,995732 0,000467
мировоззрение 2,813411 0,000110
мировой 0,733969 0,000429
мировом 2,659260 0,000207
мировую 2,302585 0,000090
мировые 2,407946 0,000094
мировым 2,659260 0,000311
мировыми 3,506558 0,000137
мировых 1,560648 0,000365
миронов 2,995732 0,000117
миротворческая 3,912023 0,000458
миротворческие 3,912023 0,000153
миру 1,560648 0,000122
миссия 2,525729 0,000099
митрополита 2,525729 0,000099
митрополитом 3,218876 0,000377
митяев 3,912023 0,000153
мифы 2,302585 0,000090
михаил 0,916291 0,000393
михаила 1,171183 0,000137
михайлова 2,659260 0,000104
михайлович 1,386294 0,000054
михалкова 3,506558 0,000137
мишустин 3,218876 0,000377
младенческая 3,912023 0,000305
младенческой 3,218876 0,000251
младше 3,506558 0,000137
млекопитающих 1,966113 0,000077
млн 0,462035 0,001442
млрд 0,820981 0,001185
мнение 1,427116 0,000223
мнению 0,967584 0,000340
мнения 2,120264 0,000083
многие 0,356675 0,000083
многим 1,897120 0,000074
многих 0,494296 0,000096
многоглавость 3,912023 0,000153
многодетных 3,218876 0,000126
многократный 2,525729 0,000099
многомодульная 3,912023 0,000153
многонациональная 3,912023 0,000153
многонационального 3,506558 0,000137
многонациональное 3,912023 0,000153
многообразие 3,912023 0,000153
многообразием 3,506558 0,000137
многообразия 2,995732 0,000117
многочисленные 1,139434 0,000089
многочисленным 2,813411 0,000110
многочисленных 1,560648 0,000061
множество 0,597837 0,000023
мобилизации 3,912023 0,000153
мобилизацию 3,912023 0,000153
мобилизованной 3,912023 0,000153
мобильная -0,009950 -0,000000
мобильности 2,995732 0,000117
мобильную 3,912023 0,000153
мов 0,000000 0,000000
мог 1,609438 0,000063
могут -0,009950 -0,000002
могущественной 3,912023 0,000153
могущественными 3,506558 0,000137
модели 1,171183 0,000046
модель 1,469676 0,000287
модернизировать 3,218876 0,000126
модерну 2,995732 0,000117
модест 3,506558 0,000137
модным 2,995732 0,000117
модулем 1,021651 0,000040
можете 0,653926 0,000026
можжевельник 2,995732 0,000117
мозамбик 3,506558 0,000274
мозгов 3,912023 0,000153
моисеенко 3,506558 0,000137
мок 3,912023 0,000458
мокшень 0,000000 0,000000
молассах 3,912023 0,000153
молдаване 1,714798 0,000067
молдова 2,525729 0,000493
моление 3,912023 0,000153
молниеносного 3,912023 0,000153
молодой 1,832581 0,000071
молодым 3,506558 0,000137
молодых 1,660731 0,000194
молока 3,506558 0,000137
момент 0,597837 0,000047
момента 1,469676 0,000057
монако 3,218876 0,000126
монгол 0,000000 0,000000
монголия 2,525729 0,000493
монголо-татарское 3,506558 0,000547
монголы 1,897120 0,000074
монгольского 2,407946 0,000094
монетарного 3,912023 0,000153
монетизация 3,912023 0,000153
мониторинг 1,832581 0,000214
монографии 2,995732 0,000234
мономаха 2,813411 0,000110
моравского 3,912023 0,000153
моргенштерн 3,506558 0,000137
мордва 1,309333 0,000102
мордовского 3,506558 0,000137
море 1,049822 0,000082
морей 1,832581 0,000071
морепродуктов 3,218876 0,000126
моржи 3,506558 0,000137
мормонизм 3,912023 0,000153
моро 3,912023 0,000153
морские 1,609438 0,000251
морским 2,659260 0,000207
морских 1,832581 0,000286
морской 1,309333 0,000204
морскую 3,912023 0,000153
морю 1,966113 0,000153
моря 0,579818 0,000158
морями 2,040221 0,000080
морястраны 3,912023 0,000305
морятрансконтинентальные 3,912023 0,000153
москва 0,400478 0,000515
москве 1,171183 0,000594
москвой 1,237874 0,000097
москву 1,139434 0,000089
москвы 0,653926 0,000102
московская 1,609438 0,000251
московские 2,407946 0,000094
московский 0,891598 0,000417
московского 0,867501 0,000169
московское 1,347074 0,000158
московской 1,237874 0,000145
московском 2,120264 0,000083
московскому 2,207275 0,000086
мот 3,912023 0,000153
мотивированным 3,912023 0,000153
мотивы 2,659260 0,000207
мотоциклов 3,506558 0,000137
мохообразные 3,912023 0,000153
мощностей 2,995732 0,000117
мощным 2,995732 0,000117
мпа 3,506558 0,000274
мрот 0,000000 0,000000
мстислава 3,912023 0,000153
мто 3,912023 0,000153
мудром 3,912023 0,000153
мудрость 3,218876 0,000126
мужественный 3,912023 0,000153
мужского 2,302585 0,000180
мужской 1,560648 0,000122
мужчин 1,609438 0,000314
мужчины 1,832581 0,000500
музеев 1,309333 0,000255
музеи 0,820981 0,000224
музей 0,776529 0,000242
музейных 2,995732 0,000117
музыка 1,347074 0,000368
музыкальная 2,207275 0,000172
музыкального 2,525729 0,000099
музыкальное 2,207275 0,000172
музыкальной 1,832581 0,000143
музыкальный 1,469676 0,000115
музыкальными 3,218876 0,000126
музыкантами 3,218876 0,000126
музыканты 2,813411 0,000219
музыки 1,469676 0,000115
музыку 2,302585 0,000090
мультипликаторов 3,912023 0,000153
мультипликация 3,506558 0,000137
мультфильм 3,912023 0,000153
мультфильмом 3,912023 0,000153
муниципальные 1,309333 0,000051
муниципальным 0,776529 0,000303
муниципальных 0,776529 0,000121
муравьев 3,218876 0,000126
мурманск 2,207275 0,000258
мурманская 2,813411 0,000110
муслим 3,912023 0,000153
мусоргский 3,506558 0,000410
мусульмане 1,714798 0,000067
мусульманские 2,813411 0,000110
мухаметов 3,912023 0,000153
мухоловка 3,912023 0,000153
мхи 2,813411 0,000110
мчс 2,120264 0,000083
мыльников 3,912023 0,000153
мыс 1,966113 0,000230
мьянма 2,995732 0,000351
мэн 3,506558 0,000137
мягков 3,912023 0,000153
мягкую 3,912023 0,000153
мяса 2,995732 0,000234
мясковский 3,912023 0,000153
мясников 3,506558 0,000137
мясо 2,995732 0,000117
мясо-молочное 3,912023 0,000153
мясо-шерстное 3,912023 0,000153
мятеж 2,302585 0,000090
мятежа 2,659260 0,000104
мячом 1,771957 0,000138
набирает 3,218876 0,000126
набирала 3,218876 0,000126
наблюдавшегося 3,912023 0,000153
наблюдается 1,021651 0,000080
наблюдались 2,659260 0,000104
наблюдалось 2,525729 0,000099
наблюдался 2,302585 0,000180
наблюдатели 3,506558 0,000821
наблюдатель 3,506558 0,000137
наблюдателями 3,506558 0,000137
наблюдению 3,912023 0,000153
набоков 3,912023 0,000153
набрав 3,912023 0,000153
набрал 3,218876 0,000126
навального 3,912023 0,000305
навзничь 3,912023 0,000153
навигации -0,009950 -0,000000
навигационного 3,506558 0,000137
навигационных 2,995732 0,000117
навигация -0,009950 -0,000001
нагайбаки 2,813411 0,000110
нагорье 2,995732 0,000117
наградой 2,813411 0,000219
награду 2,995732 0,000117
награды 0,867501 0,000034
награждены 2,813411 0,000439
нагрузка 2,995732 0,000117
надежда 2,120264 0,000083
надзору 2,207275 0,000086
надпись 2,207275 0,000086
надуровнем 3,912023 0,000153
наемные 3,912023 0,000153
нажили 3,912023 0,000153
назаров 2,813411 0,000110
назвал 1,660731 0,000065
назвали 1,609438 0,000063
назван 1,078810 0,000042
название 0,198451 0,000054
названии 1,771957 0,000069
названия 0,342490 0,000147
названы 1,386294 0,000108
наземного 2,525729 0,000099
назначаемые 3,218876 0,000251
назначает 3,506558 0,000410
назначается 2,525729 0,000099
назначение 2,525729 0,000197
назначения 1,427116 0,000111
назначенной 3,912023 0,000153
назначены 3,912023 0,000153
назначив 3,912023 0,000153
называемые 1,660731 0,000130
называемых 2,040221 0,000080
называет 2,659260 0,000104
называлась 2,525729 0,000099
называть 1,966113 0,000077
называются 1,832581 0,000071
наиболее 0,139262 0,000174
наибольшая 1,832581 0,000071
наибольшее 1,386294 0,000108
наибольшей 2,120264 0,000165
наибольших 3,506558 0,000137
наибольшую 2,813411 0,000110
наив 3,912023 0,000153
наилучшее 3,912023 0,000153
наименованием 3,506558 0,000137
наименований 1,832581 0,000214
наименования 2,207275 0,000344
наименьшая 2,813411 0,000110
наихудшее 3,912023 0,000153
накопления 2,407946 0,000094
накопленных 3,506558 0,000274
налажено 3,218876 0,000251
наличие 1,108663 0,000086
наличии 2,040221 0,000159
наличия 2,525729 0,000099
наличного 2,995732 0,000351
наличное 3,912023 0,000153
наличными 3,218876 0,000126
налоги 2,995732 0,000117
налоговая 3,912023 0,000153
налоговой 2,995732 0,000117
наложенные 3,912023 0,000153
наложенным 3,506558 0,000137
наложился 3,912023 0,000153
намерениях 2,995732 0,000117
нами -0,009950 -0,000000
нанайцы 2,407946 0,000094
нанес 2,995732 0,000234
нанесшего 3,912023 0,000153
нанонаука 3,506558 0,000137
наос 3,912023 0,000153
нападением 3,912023 0,000153
нападении 3,506558 0,000137
напевность 3,912023 0,000153
написание 2,207275 0,000258
написания 1,897120 0,000074
наполеона 3,506558 0,000137
наполнены 3,912023 0,000153
направление 1,203973 0,000094
направлением 2,120264 0,000083
направлении 1,108663 0,000086
направлений 1,108663 0,000173
направления 0,755023 0,000088
направлениям 1,660731 0,000065
направлениями 2,525729 0,000099
направлениях 1,832581 0,000071
направленная 3,218876 0,000126
направленной 3,506558 0,000137
направленности 2,207275 0,000086
направленность 3,506558 0,000274
направленные 2,525729 0,000099
направленных 2,995732 0,000117
направлялись 3,506558 0,000137
например 0,328504 0,000115
напряженности 2,995732 0,000117
наравне 2,813411 0,000110
нарастает 3,506558 0,000137
нарастания 3,912023 0,000153
нарастающий 3,912023 0,000153
нариси 3,912023 0,000153
наркозависимых 3,912023 0,000153
народ 2,120264 0,000165
народа 1,714798 0,000067
народная 0,713350 0,000083
народного 1,171183 0,000091
народное 0,798508 0,000031
народности 2,813411 0,000219
народность 2,995732 0,000117
народную 3,218876 0,000377
народные 1,832581 0,000071
народных 1,203973 0,000235
народов 0,798508 0,000343
народу 2,813411 0,000110
народы 1,832581 0,000071
нарушает 2,525729 0,000099
нарушением 2,302585 0,000180
нарушении 3,218876 0,000126
нарушений 3,506558 0,000274
нарушения 2,813411 0,000110
нарушениями 2,995732 0,000117
нарын-кала 3,912023 0,000305
наряду 1,078810 0,000084
насекомых 2,525729 0,000099
население 0,693147 0,000406
населением 0,776529 0,000273
населению 1,832581 0,000071
населения 0,494296 0,002583
населениягод 0,000000 0,000000
населенной 3,912023 0,000153
населенные 0,673345 0,000026
населенных 0,693147 0,000189
населяющих 3,506558 0,000137
насилие 3,912023 0,000153
насилия 3,506558 0,000137
наследие 1,347074 0,000158
наследия 0,820981 0,000096
наследницей 3,912023 0,000153
наследственных 3,912023 0,000153
наследство 3,218876 0,000126
настольный 2,407946 0,000188
настоящего 2,040221 0,000080
настоящее 0,328504 0,000077
настоящий 1,609438 0,000063
настроение 3,506558 0,000137
наступательные 3,506558 0,000137
наступление 2,120264 0,000083
наступления 2,407946 0,000282
насчитывает 1,347074 0,000053
насчитывается 1,427116 0,000390
насчитывалось 1,347074 0,000158
нато 3,506558 0,000410
наук 0,693147 0,000243
наука 0,301105 0,000129
науке 1,897120 0,000222
науки 0,820981 0,000480
науч 1,714798 0,000067
научная 0,798508 0,000031
научно-аналитический 3,912023 0,000153
научно-образовательный 0,967584 0,000075
научно-технической 2,407946 0,000094
научного 1,309333 0,000051
научной 1,108663 0,000173
научный 0,941609 0,000184
научным 1,771957 0,000069
научными 2,120264 0,000083
научных 0,776529 0,000303
находилась 1,514128 0,000177
находился 0,776529 0,000030
находится 0,328504 0,000282
находятся 0,527633 0,000062
находящимися 3,218876 0,000126
нац 2,995732 0,000234
нацизмом 3,506558 0,000137
нации 3,506558 0,000274
наций 3,218876 0,000126
нацийпостоянные 3,912023 0,000153
национализм 3,506558 0,000137
национализма 3,912023 0,000153
национальная 1,108663 0,000086
национальнаяпринадлежностьне 3,912023 0,000153
национально-освободительный 3,912023 0,000153
национального 1,469676 0,000172
национальной 1,272966 0,000199
национальнойпринадлежности 3,912023 0,000153
национальному 3,506558 0,000137
национальностей 2,120264 0,000165
национальности 0,867501 0,000068
национальность 1,237874 0,000097
национальную 2,040221 0,000080
национальные 2,120264 0,000083
национальный 0,597837 0,000210
национальным 2,659260 0,000104
национальных 1,832581 0,000286
нацистской 3,218876 0,000502
нация 3,912023 0,000458
начал 0,798508 0,000062
начала 0,314711 0,000160
началась 0,967584 0,000226
начале 0,314711 0,000098
начали 0,891598 0,000035
начались 1,660731 0,000194
начало 0,415515 0,000113
началом 1,171183 0,000137
началось 0,616186 0,000096
начался 1,347074 0,000315
началу 1,171183 0,000046
начальники 3,912023 0,000153
начальное 2,813411 0,000219
начальных 2,659260 0,000104
начатой 3,912023 0,000153
начинается 0,755023 0,000059
начинаются 1,897120 0,000074
начиная 0,733969 0,000229
начисленная 2,302585 0,000180
начисленной 3,218876 0,000126
наша 2,302585 0,000180
нашего 2,040221 0,000159
нашей 1,386294 0,000054
нашествию 3,912023 0,000153
наших 1,469676 0,000229
нганасаны 3,506558 0,000137
неблагоприятное 3,506558 0,000137
небольшая 1,897120 0,000074
небольшой 1,427116 0,000056
небольшую 2,659260 0,000104
нева 2,813411 0,000110
неверен 3,912023 0,000153
неверующими 3,912023 0,000153
невоевать 3,912023 0,000153
невозможно 1,832581 0,000071
невская 2,813411 0,000110
невский 2,813411 0,000329
невского 1,427116 0,000056
невском 3,506558 0,000137
невы 2,995732 0,000117
невыплатами 3,912023 0,000153
невысокими 3,218876 0,000126
негативная 3,506558 0,000137
негидальцы 3,218876 0,000126
неговский 3,912023 0,000153
недвижимость 2,525729 0,000099
недвижимым 3,218876 0,000126
неделю 2,407946 0,000282
недозволенного 3,912023 0,000153
недостатке 3,912023 0,000153
недостатков 0,653926 0,000026
недостаточно 2,207275 0,000086
недостаточное 2,813411 0,000110
недостаточной 3,506558 0,000137
недоступная 0,527633 0,000268
недоступные 0,755023 0,000029
недругов 3,912023 0,000153
неевклидова 3,506558 0,000137
независим 3,912023 0,000153
независимая 1,966113 0,000077
независимого 3,506558 0,000137
независимой 2,813411 0,000110
независимости 2,813411 0,000219
независимость 2,207275 0,000258
независимые 2,302585 0,000090
независимым 3,218876 0,000126
независимыми 2,659260 0,000104
независимых 2,302585 0,000359
незаконной 3,218876 0,000126
незамедлительно 3,506558 0,000137
незначительно 2,407946 0,000094
незначительное 2,995732 0,000117
неизвестная 3,912023 0,000153
неизвестно 2,659260 0,000104
неизменным 3,506558 0,000137
нейтральном 3,912023 0,000153
нейтральным 3,912023 0,000153
некачественной 3,912023 0,000153
некипелов 3,506558 0,000274
некоммерческой -0,009950 -0,000000
некорректно 1,897120 0,000074
некоторое 1,771957 0,000069
некоторые 0,301105 0,000047
некоторый 2,525729 0,000099
некоторыми 2,120264 0,000083
некоторых 0,494296 0,000174
некрасов 2,995732 0,000117
нелояльных 3,912023 0,000153
нем 0,356675 0,000042
немецкие 1,966113 0,000077
немецкий 1,427116 0,000056
немецких 2,302585 0,000090
немецкого 2,207275 0,000086
немецкую 2,995732 0,000117
немонопольных 3,912023 0,000153
нему 1,203973 0,000047
немцев 2,207275 0,000086
немцов 3,218876 0,000126
немцова 2,995732 0,000117
немцы 1,203973 0,000047
ненападении 3,912023 0,000153
ненецкий 2,813411 0,000110
ненцы 2,120264 0,000083
необдуманные 3,912023 0,000153
необоснованном 3,912023 0,000153
необходимо 1,237874 0,000097
необходимое 2,525729 0,000099
необходимости 1,660731 0,000130
необходимость 1,714798 0,000067
необходимостью 3,218876 0,000126
необходимых 2,407946 0,000094
необщего 3,912023 0,000153
необъективными 3,912023 0,000153
неоднозначные 3,506558 0,000274
неоднократно 1,139434 0,000044
неоклассическому 3,912023 0,000153
неолит 3,506558 0,000137
неорусский 3,912023 0,000153
неотложные 3,912023 0,000153
неотъемлемой 2,813411 0,000219
неофициально 2,302585 0,000090
неофициальным 2,813411 0,000110
неоценимый 3,912023 0,000153
непал 3,506558 0,000274
неподотчетен 3,912023 0,000153
неполной 3,912023 0,000153
неполную 3,912023 0,000153
неполным 3,912023 0,000153
непосильным 3,912023 0,000153
непосредственно 0,478036 0,000037
непосредственное 2,813411 0,000110
непосредственной 1,966113 0,000077
непостоянные 3,912023 0,000610
неправительственная 3,912023 0,000153
неправительственные 3,912023 0,000153
непрерывно 2,120264 0,000083
непризнанные 3,506558 0,000274
неприкосновенности 3,912023 0,000153
неприменения 3,912023 0,000153
неприсоединения 3,912023 0,000153
неприятный 3,912023 0,000153
непродуманный 3,912023 0,000153
нерабочие 3,912023 0,000153
нерабочими 1,021651 0,000080
неравенства 3,912023 0,000458
неравномерно 2,659260 0,000207
нераспространении 3,912023 0,000153
нерациональный 3,912023 0,000153
нередко 1,108663 0,000043
нерли 3,912023 0,000153
несамоходных 3,912023 0,000153
несвободное 3,912023 0,000153
несвободной 3,912023 0,000305
несвободных 3,912023 0,000458
нескольких 0,755023 0,000059
несколько 0,150823 0,000059
несмотря 0,755023 0,000118
несомненный 3,912023 0,000153
нестеров 2,659260 0,000104
нестерова 3,506558 0,000137
неугодные 3,912023 0,000153
неудавшийся 3,912023 0,000153
неудач 3,912023 0,000153
неудачи 3,218876 0,000126
неуклонно 2,995732 0,000117
неформально 2,995732 0,000117
неформальное 3,506558 0,000137
нефтегазовой 3,218876 0,000126
нефтегазоносный 3,912023 0,000153
нефтепродуктов 1,966113 0,000077
нефтепродукты 2,525729 0,000197
нефтехимический 3,506558 0,000137
нефтехимия 2,995732 0,000117
нефти 1,514128 0,000650
нефть 1,832581 0,000429
нефтяная 2,659260 0,000104
нефтяными 3,506558 0,000137
нефтяных 2,525729 0,000296
нечаев 3,506558 0,000137
нечисловыми 2,659260 0,000104
неэффективном 3,912023 0,000153
нивхи 2,813411 0,000110
нигер 3,506558 0,000137
нигерии 3,912023 0,000153
нигерийской 3,912023 0,000153
нигерия 2,995732 0,000234
нидерланды 2,525729 0,000197
ниже 0,693147 0,000324
нижегородская 2,302585 0,000090
нижинский 3,912023 0,000153
нижневартовск 2,659260 0,000104
нижнего 1,514128 0,000059
нижней 1,514128 0,000236
нижнем 1,660731 0,000065
нижнемеловых 3,912023 0,000153
нижний 0,673345 0,000079
нижнийновгород 3,506558 0,000137
нижников 3,912023 0,000153
нижними 3,912023 0,000153
нижняя 1,203973 0,000094
низкая 1,660731 0,000130
низкими 2,995732 0,000351
низких 2,407946 0,000094
низкого 2,995732 0,000117
низкой 1,771957 0,000069
низкообеспеченных 3,912023 0,000153
низменностей 3,218876 0,000126
низменности 1,897120 0,000074
низменность 2,813411 0,000219
низменностями 3,912023 0,000153
никакой 2,659260 0,000104
никеля 2,659260 0,000104
никитин 2,302585 0,000090
никитины 3,912023 0,000153
никиты 2,813411 0,000110
николаенко 3,912023 0,000153
николай 0,867501 0,000203
николая 0,916291 0,000071
нил 3,506558 0,000137
ними 1,049822 0,000123
нин 0,000000 0,000000
ниу 2,407946 0,000282
нищета 3,912023 0,000153
нка 0,000000 0,000000
нкр 3,912023 0,000153
нобелевские 3,912023 0,000153
нобелевских 3,912023 0,000153
нобелевской 2,659260 0,000415
нобелевскую 3,506558 0,000137
новая 0,634878 0,000198
новгород 0,867501 0,000237
новгорода 2,040221 0,000239
новгороде 2,659260 0,000207
новгородская 2,813411 0,000110
новгородские 3,506558 0,000137
новгородский 3,506558 0,000137
новгородским 3,218876 0,000126
новейшее 2,813411 0,000110
новейшей 2,525729 0,000099
новиков 2,995732 0,000117
нового 0,579818 0,000068
новогодние 3,912023 0,000153
новое 0,755023 0,000029
новой 0,653926 0,000051
новом 1,386294 0,000054
новоогаревский 3,912023 0,000153
новороссии 3,506558 0,000137
новороссийск 1,966113 0,000077
новороссийских 3,912023 0,000153
новоселов 3,218876 0,000126
новосельцева 3,912023 0,000153
новосибирск 0,916291 0,000179
новосибирская 2,659260 0,000104
новосибирске 2,659260 0,000104
новосибирского 2,659260 0,000104
новосибирском 2,813411 0,000110
новости 0,579818 0,000271
новостроек 3,218876 0,000126
новостройках 3,912023 0,000153
новую 1,171183 0,000091
новые 0,342490 0,000067
новый 0,446287 0,000104
новыми 1,560648 0,000061
новых 0,430783 0,000101
ногайский 2,995732 0,000117
ногайцы 1,897120 0,000074
номенклатура 3,218876 0,000126
номера 1,609438 0,000063
номерной 3,218876 0,000126
номеров 1,832581 0,000071
номинал 2,995732 0,000117
номинальная 2,302585 0,000269
номинального 3,912023 0,000153
номинальному 3,912023 0,000153
номинальный 3,912023 0,000153
нон-фикшн 2,995732 0,000117
норвегии 2,659260 0,000104
норвегия 2,659260 0,000415
норвежская 0,248461 0,000010
норильск 1,203973 0,000094
норильска 3,912023 0,000153
норка 2,995732 0,000117
нормативно 3,912023 0,000153
нормативно-правовых 3,506558 0,000137
нормы 1,514128 0,000059
норрботтен 3,912023 0,000153
норштейна 3,912023 0,000153
нос 2,813411 0,000110
носила 2,407946 0,000094
носителей 2,659260 0,000519
ноту 3,912023 0,000153
ноты 3,218876 0,000126
нохчийн 0,000000 0,000000
нояб 0,820981 0,000032
ноябре 0,994252 0,000039
ноябрь 1,171183 0,000046
ноября 0,127833 0,000309
нравственной 3,912023 0,000153
нравы 3,506558 0,000137
нститут 0,000000 0,000000
нська 0,000000 0,000000
нтв 1,427116 0,000111
нужд 1,660731 0,000065
нужды 2,040221 0,000080
нужно 1,049822 0,000041
нужный 3,218876 0,000126
нуреев 3,912023 0,000153
нурланн 3,912023 0,000153
ныне 0,653926 0,000051
ньскъ 0,000000 0,000000
нью-дели 3,912023 0,000458
оао 0,916291 0,000071
оаэ 3,218876 0,001507
обвал 3,506558 0,000137
обвинения 3,912023 0,000153
обвинил 3,912023 0,000153
обвинили 3,506558 0,000137
обвойник 3,912023 0,000153
обе 1,609438 0,000063
обеих 2,207275 0,000172
обеспечение 1,237874 0,000097
обеспечением 2,659260 0,000104
обеспечения 0,867501 0,000169
обеспеченных 3,506558 0,000274
обеспечено 3,218876 0,000126
обеспечивала 3,506558 0,000137
обеспечили 2,995732 0,000117
обеспечить 2,120264 0,000083
обесцениванием 3,912023 0,000153
обжитых 3,912023 0,000305
обзор 1,171183 0,000091
обиделись 3,912023 0,000153
обитает 2,207275 0,000086
обитают 2,040221 0,000080
обители 3,506558 0,000137
обл 1,714798 0,000067
обладает 1,171183 0,000365
обладают 2,040221 0,000080
обладая 3,506558 0,000137
областей 1,049822 0,000328
области 0,223144 0,000313
областного 1,108663 0,000043
областной 1,078810 0,000042
область 0,385662 0,000211
областям 2,813411 0,000439
областях 1,560648 0,000122
облепиха 3,912023 0,000153
облик 1,272966 0,000050
обнародовал 3,912023 0,000153
обнищанием 3,912023 0,000153
обновив 1,832581 0,000071
обновления 1,514128 0,000177
обновлениявикипедия 1,771957 0,000069
обнуление 3,912023 0,000153
обнуления 3,912023 0,000305
обобществленным 3,912023 0,000153
обозначение 2,995732 0,000117
обозначения 1,660731 0,000065
обозначены 3,218876 0,000126
оборона 2,120264 0,000248
обороне 2,207275 0,000086
оборонительного 2,813411 0,000110
оборонная 2,995732 0,000117
оборонно-промышленный 3,506558 0,000137
обороны 1,309333 0,000255
оборот 1,309333 0,000051
обороты 2,995732 0,000117
оборудования 1,049822 0,000205
обострилась 3,912023 0,000153
обошла 3,506558 0,000137
обрабатывающей 2,659260 0,000311
обрабатывающие 2,120264 0,000248
обрабатывающих 2,302585 0,000090
образе 3,218876 0,000126
образовали 2,813411 0,000110
образование 0,494296 0,000559
образованием 1,966113 0,000153
образовании 1,832581 0,000071
образований 1,386294 0,000054
образованию 2,040221 0,000080
образования 0,478036 0,000447
образованиям 0,776529 0,000303
образованиями 1,966113 0,000077
образованная 2,995732 0,000117
образованы 2,040221 0,000080
образовательный 2,120264 0,000083
образовательных 1,427116 0,000111
образом 0,371064 0,000087
образу 2,995732 0,000117
образцова 3,912023 0,000153
образцы 2,207275 0,000086
обрамляет 3,912023 0,000153
обратили 3,218876 0,000126
обращении 2,995732 0,000117
обращения 0,030459 0,000289
обречено 3,912023 0,000153
обручевым 3,912023 0,000153
обрушила 3,912023 0,000153
обсе 3,506558 0,000410
обслужено 3,506558 0,000137
обслуживания 1,469676 0,000057
обслужил 2,813411 0,000110
обсуждалось 3,912023 0,000153
обсуждения 2,525729 0,000099
обусловило 3,218876 0,000126
обучалось 2,525729 0,000197
обучаются 2,407946 0,000094
обучение 1,714798 0,000067
обучения 1,660731 0,000065
обходя 3,912023 0,000153
обширной 2,659260 0,000104
обширность 3,912023 0,000153
обширные 2,207275 0,000086
обширных 2,659260 0,000104
общ 1,966113 0,000307
общая 0,673345 0,000131
общего 0,713350 0,000501
общедоступными 3,912023 0,000153
общее 1,237874 0,000531
общей 0,597837 0,000187
общем 1,514128 0,000177
общемировой 3,506558 0,000410
общемировым 3,912023 0,000153
общему 2,525729 0,000197
общенациональной 3,912023 0,000153
общения 2,813411 0,000219
общеобразовательных 1,203973 0,000094
общероссийская 3,506558 0,000274
общерусских 3,912023 0,000153
общерусского 3,506558 0,000137
общества 0,776529 0,000121
общественная 2,040221 0,000159
общественно-политического 3,506558 0,000274
общественно-политической 2,995732 0,000117
общественного 0,916291 0,000036
общественное 1,966113 0,000153
общественной 1,832581 0,000071
общественные 1,609438 0,000126
общественный 0,941609 0,000037
общественных 1,021651 0,000080
общество 0,713350 0,000083
обществом 2,525729 0,000099
общие 0,673345 0,000079
общий 0,916291 0,000179
общими 3,506558 0,000274
общинах 3,506558 0,000137
общины 1,514128 0,000059
общих 1,771957 0,000138
общностей 3,506558 0,000137
общность 3,218876 0,000251
общую 2,207275 0,000086
объединена 2,995732 0,000117
объединение 1,171183 0,000274
объединении 2,659260 0,000104
объединения 1,203973 0,000094
объединенная 3,218876 0,000126
объединенного 3,506558 0,000137
объединенное 3,506558 0,000137
объединенные 2,302585 0,000180
объединенных 2,120264 0,000248
объединившись 3,912023 0,000153
объединяет 1,771957 0,000069
объекта 1,203973 0,000047
объектов 0,527633 0,000041
объем 0,616186 0,000433
объема 1,237874 0,000145
объемов 2,407946 0,000094
объемом 2,407946 0,000094
объему 1,771957 0,000484
объемы 1,897120 0,000074
объявил 1,714798 0,000134
объявили 2,659260 0,000104
объявило 3,912023 0,000305
объявить 2,995732 0,000117
объявлена 3,506558 0,000410
объявленные 3,506558 0,000137
объясняться 3,506558 0,000137
обычно 0,693147 0,000081
обычных 2,995732 0,000117
обь 2,302585 0,000180
обязались 3,912023 0,000153
обязан 2,407946 0,000094
обязанностей 2,525729 0,000099
обязанности 1,427116 0,000111
обязаны 2,659260 0,000104
обязательного 2,995732 0,000117
обязательным 2,407946 0,000094
обязательных 2,659260 0,000104
обязательств 2,995732 0,000234
обязательства 2,995732 0,000117
овцебык 3,506558 0,000137
оглеенные 3,912023 0,000153
огня 2,525729 0,000197
ограниченным 2,659260 0,000104
ограничивающие 3,912023 0,000153
ограничить 3,218876 0,000126
огромной 2,525729 0,000099
огромные 2,302585 0,000180
огромный 2,207275 0,000086
одержали 3,506558 0,000137
одержаны 3,912023 0,000153
одесским 3,912023 0,000153
одинцова 3,912023 0,000305
одкб 3,912023 0,001068
одна 0,527633 0,000123
однако 0,174353 0,000109
одни 1,714798 0,000067
одним 0,494296 0,000212
одними 2,207275 0,000086
одних 2,207275 0,000086
одно 0,693147 0,000054
одновременно 0,776529 0,000091
одного 0,544727 0,000106
одного-двух 3,912023 0,000153
одной 0,371064 0,000159
одном 1,139434 0,000044
одномандатным 2,120264 0,000083
одноуровневая 3,506558 0,000137
одобрения 3,912023 0,000153
одобрить 0,000000 0,000000
ожерелье 3,912023 0,000153
ожидаемая 3,218876 0,000377
ожидаемой 3,912023 0,000153
озера 0,967584 0,000226
озерных 2,995732 0,000117
озеро 1,049822 0,000246
озерова 3,506558 0,000137
озером 2,407946 0,000094
ознаменовалось 2,813411 0,000110
оймяконе 3,506558 0,000137
ойстрах 3,912023 0,000153
оказал 2,659260 0,000104
оказалась 1,771957 0,000207
оказался 1,832581 0,000071
оказания 2,659260 0,000207
оказанных 3,218876 0,000126
оказано 2,813411 0,000110
оказывавшие 3,912023 0,000153
оказывает 1,427116 0,000056
окас 3,912023 0,000153
океана 1,272966 0,000199
океане 2,659260 0,000104
океании 3,218876 0,000126
океанов 2,040221 0,000080
оккупированную 3,912023 0,000153
оккупированных 3,218876 0,000377
оккупированы 3,506558 0,000274
около 0,000000 0,000000
оконечности 2,302585 0,000090
окончание 2,659260 0,000104
окончании 2,659260 0,000104
окончания 1,714798 0,000067
окончательно 1,203973 0,000188
окраины 2,302585 0,000090
окрестностей 1,714798 0,000067
округ 0,673345 0,000053
округа 0,653926 0,000102
округам 1,660731 0,000065
округе 1,309333 0,000102
округов 0,776529 0,000394
округу 1,714798 0,000067
окружного 2,659260 0,000104
оксфордская 3,912023 0,000153
окт 0,798508 0,000031
октябре 0,967584 0,000038
октябрь 0,867501 0,000068
октябрьская 1,897120 0,000074
октябрьской 1,078810 0,000042
октября 0,083382 0,000195
окуджава 3,912023 0,000305
окуньков 3,912023 0,000153
олег 1,427116 0,000167
олега 1,966113 0,000077
олень 2,995732 0,000351
олигархами 3,912023 0,000153
олиготрофных 3,912023 0,000153
олимпиадах 3,506558 0,000137
олимпиаде 3,218876 0,000126
олимпиады 3,218876 0,000251
олимпийские 2,659260 0,000207
олимпийских 1,897120 0,000370
олимпийское 3,912023 0,000153
олма-пресс 3,912023 0,000153
олова 3,912023 0,000153
олык 0,000000 0,000000
ольга 1,427116 0,000111
ольги 2,659260 0,000104
ольха 3,506558 0,000137
оман 3,218876 0,000251
омбудсмен 3,912023 0,000153
омск 1,021651 0,000199
омская 2,407946 0,000094
омском 2,995732 0,000117
омывается 2,995732 0,000117
онега 2,995732 0,000117
онежского 3,218876 0,000126
онежское 3,506558 0,000137
онлайн 0,198451 0,000008
онлайн-ресурсами 3,912023 0,000153
оно 0,000000 0,000000
оному 3,912023 0,000153
онтологизм 3,912023 0,000153
оон 1,560648 0,001157
оонгосударства 3,912023 0,000153
опасностью 3,506558 0,000137
опера 2,659260 0,000104
оперативного 3,506558 0,000274
операторов 1,347074 0,000053
операцией 3,506558 0,000137
операции 1,139434 0,000133
операций 1,771957 0,000069
операция 2,040221 0,000239
операциям 2,995732 0,000117
опередил 3,912023 0,000153
опережали 3,506558 0,000137
опережающим 3,912023 0,000153
опережая 2,995732 0,000234
описание -0,009950 -0,000000
описанию 2,659260 0,000104
описывая 2,813411 0,000110
опк 3,912023 0,000153
оплате 2,659260 0,000104
оплаты 1,966113 0,000230
ополчения 2,207275 0,000086
опосредованные 3,912023 0,000153
оппозиции 3,506558 0,000137
оппозиционеров 3,912023 0,000153
оппозицию 3,506558 0,000274
оппонента 3,912023 0,000153
определение 1,660731 0,000130
определения 1,560648 0,000122
определенных 2,040221 0,000080
определяется 1,609438 0,000126
определяют 2,120264 0,000083
определяются 2,302585 0,000090
опричнины 3,912023 0,000153
опрокинутого 3,912023 0,000153
опроса 2,995732 0,000117
опросу 3,218876 0,000126
опросы 3,218876 0,000126
опрошенных 2,813411 0,000219
оптические 2,995732 0,000117
оптического 2,407946 0,000188
оптовая 2,813411 0,000110
опубликовали 2,813411 0,000110
опубликован 2,120264 0,000165
опубликования 3,506558 0,000137
опубликованном 3,912023 0,000153
опубликованному 2,995732 0,000117
опускались 3,912023 0,000153
опустилась 3,218876 0,000126
опыт 1,714798 0,000201
орбитальная 3,912023 0,000305
орбитальные 3,912023 0,000153
орган 1,203973 0,000141
органам 2,813411 0,000110
органами 2,120264 0,000413
органах 2,659260 0,000104
организации -0,009950 -0,000007
организаций 0,776529 0,000333
организационно 3,912023 0,000153
организационный 3,506558 0,000137
организация 0,891598 0,000522
организациях 1,832581 0,000143
организовали 2,813411 0,000110
органическая 3,506558 0,000137
органов 0,994252 0,000271
органы 0,891598 0,000139
орде 3,218876 0,000251
орды 1,966113 0,000307
ордынское 2,995732 0,000117
орел 1,609438 0,000126
оренбургский 2,813411 0,000110
орех 3,506558 0,000274
орехи 3,912023 0,000153
орешников 3,912023 0,000153
оригинала 0,162519 0,000279
орла 2,995732 0,000234
орлик 3,218876 0,000251
орлов 2,995732 0,000117
орлова 2,995732 0,000117
орловского 3,506558 0,000137
орлом 3,506558 0,000137
орочи 3,506558 0,000137
ортса 0,000000 0,000000
оружейная 3,506558 0,000137
оружие 2,120264 0,000248
оружия 1,560648 0,000183
осадков 0,544727 0,000021
осадчая 3,506558 0,000137
освещать 3,912023 0,000153
освещаются 3,912023 0,000153
освободили 3,218876 0,000251
освобождает 3,912023 0,000305
освоению 2,995732 0,000117
освоенные 3,912023 0,000153
оседлого 3,912023 0,000153
осени 1,966113 0,000077
осень 1,469676 0,000057
осетинская 3,912023 0,000153
осетины 1,771957 0,000138
осетины-дигорцы 3,912023 0,000153
осетины-иронцы 3,912023 0,000153
осетию 3,506558 0,000137
осетия 2,659260 0,000415
оси 2,525729 0,000099
осипов 0,527633 0,000350
оскар 2,659260 0,000207
ослабление 3,506558 0,000137
ослаблению 3,218876 0,000126
османской 2,813411 0,000110
оснащение 2,995732 0,000234
основ 2,659260 0,000207
основан 0,579818 0,000068
основана 1,272966 0,000248
основании 1,427116 0,000111
основано 1,966113 0,000230
основаны 1,771957 0,000138
основателей 2,659260 0,000519
основатели 2,995732 0,000117
основателями 3,506558 0,000137
основе 0,494296 0,000212
основная 0,116534 0,000236
основного 1,897120 0,000222
основное 1,347074 0,000158
основной 0,653926 0,000051
основном 0,510826 0,000120
основную 1,832581 0,000214
основные 0,223144 0,000226
основным 0,616186 0,000120
основными 1,203973 0,000235
основных 0,634878 0,000074
основополагающих 2,995732 0,000117
основу 1,203973 0,000047
основы 1,560648 0,000365
особая 2,525729 0,000197
особенно 0,562119 0,000110
особенностей 1,832581 0,000071
особенности 0,994252 0,000194
особо 1,237874 0,000145
особое 1,832581 0,000071
особые 2,120264 0,000083
оспаривается 3,218876 0,000126
оссовский 3,912023 0,000153
оставался 1,966113 0,000153
оставаться 2,207275 0,000258
оставаясь 3,218876 0,000126
оставляет 3,506558 0,000137
остается 0,891598 0,000139
осталась 2,525729 0,000099
осталось 2,040221 0,000080
остался 2,407946 0,000094
остальной 1,966113 0,000077
остальные 0,891598 0,000070
остальным 3,506558 0,000137
остальных 1,660731 0,000065
останется 2,207275 0,000086
останкино 3,506558 0,000410
остановить 2,995732 0,000117
остров 1,139434 0,000089
острова 1,078810 0,000168
островами 2,302585 0,000090
островах 2,302585 0,000180
острове 1,660731 0,000130
островная 3,506558 0,000137
островский 3,218876 0,000251
острым 3,506558 0,000137
осуждение 3,912023 0,000153
осуществивший 3,912023 0,000153
осуществил 2,813411 0,000219
осуществлен 2,659260 0,000311
осуществлении 2,995732 0,000117
осуществления 1,832581 0,000071
осуществляет 1,203973 0,000141
осуществляется 0,776529 0,000121
осуществлялись 2,813411 0,000110
осуществляло 3,506558 0,000137
осуществлялось 2,302585 0,000090
осуществлять 2,120264 0,000165
осуществляют 1,469676 0,000057
осуществляющих 2,813411 0,000110
отв 0,755023 0,000236
ответ 1,560648 0,000122
ответный 3,912023 0,000153
ответственности -0,009950 -0,000001
ответственность 2,995732 0,000117
ответы 1,514128 0,000059
отвечает 2,302585 0,000090
отвечают 3,218876 0,000126
отгруженной 2,040221 0,000080
отгруженных 2,040221 0,000080
отдала 3,912023 0,000153
отдельная 2,813411 0,000110
отдельно 2,120264 0,000083
отдельные 1,078810 0,000042
отдельными 2,407946 0,000094
отдельных -0,009950 -0,000001
отечества 2,207275 0,000086
отечественная 1,832581 0,000429
отечественной 0,673345 0,000105
отечество 3,218876 0,000126
отказ -0,009950 -0,000000
отказалась 2,813411 0,000110
отказался 2,659260 0,000104
отказом 3,912023 0,000153
отключено 2,995732 0,000117
открываются 2,659260 0,000104
открыл 1,609438 0,000063
открылся 0,941609 0,000073
открыт 0,798508 0,000062
открыта 0,967584 0,000038
открытием 2,302585 0,000090
открытия 0,916291 0,000036
открыто 1,078810 0,000042
открытое 1,714798 0,000134
открытый 1,049822 0,000082
откуду 3,912023 0,000153
отличает 2,407946 0,000094
отличается 0,579818 0,000023
отличие 0,891598 0,000070
отличительными 3,506558 0,000137
отмене 2,659260 0,000104
отменен 2,407946 0,000094
отменено 2,525729 0,000099
отменили 2,995732 0,000117
отменить 2,659260 0,000104
отменяется 3,506558 0,000137
отметила 2,813411 0,000110
отметку 2,995732 0,000117
отмечались 3,912023 0,000153
отмечают 2,120264 0,000083
отмечена 2,525729 0,000197
отмечено 1,966113 0,000077
отнесен 2,525729 0,000099
отнесены 2,659260 0,000104
относит 2,995732 0,000117
относительно 0,415515 0,000016
относится 0,733969 0,000172
относятся 0,713350 0,000083
отношение 1,609438 0,000063
отношении 1,203973 0,000188
отношений 1,309333 0,000051
отношению 1,966113 0,000153
отношения 0,994252 0,000078
отношениях 2,120264 0,000165
отображена 3,912023 0,000153
отодвинув 3,912023 0,000153
отправлена 3,912023 0,000153
отправлено 2,302585 0,000090
отправлять 2,813411 0,000110
отражения 3,218876 0,000126
отразить 3,218876 0,000126
отраслевая 3,218876 0,000126
отраслевой 2,525729 0,000394
отраслей 1,771957 0,000138
отрасли 1,078810 0,000084
отрасль 1,897120 0,000148
отраслям 2,659260 0,000207
отредактирована -0,009950 -0,000000
отрезали 3,912023 0,000153
отрезок 2,995732 0,000117
отрекается 3,912023 0,000153
отрешен 3,506558 0,000137
отрицают 2,995732 0,000117
отрядам 3,506558 0,000137
отстававший 3,912023 0,000153
отставал 3,912023 0,000153
отставка 3,218876 0,000126
отставке 2,659260 0,000207
отставки 3,218876 0,000126
отстаивают 3,506558 0,000137
отсталости 3,506558 0,000137
отстранении 3,506558 0,000137
отстранения 3,506558 0,000137
отстранил 3,912023 0,000153
отстранили 3,912023 0,000153
отступает 3,912023 0,000153
отступить 3,506558 0,000137
отсутствие 1,347074 0,000053
отсутствии 3,218876 0,000126
отсутствия 1,714798 0,000067
отсутствует 1,272966 0,000099
отсчета 3,218876 0,000126
оттепель 2,813411 0,000110
отходов 1,966113 0,000077
отцу 3,506558 0,000137
отчете 3,506558 0,000137
отчетной 3,912023 0,000153
отчету 3,218876 0,000126
отчиталась 3,912023 0,000153
отчитался 0,000000 0,000000
офицеры 2,995732 0,000117
официальная 1,609438 0,000126
официально 0,693147 0,000270
официального 2,040221 0,000080
официальной 1,469676 0,000057
официальном 2,120264 0,000165
официальные 1,469676 0,000287
официальный 0,510826 0,000139
официальным 1,272966 0,000099
официальных 2,207275 0,000172
охвата 3,506558 0,000137
охватывают 2,813411 0,000110
охота 2,302585 0,000090
охоте 3,506558 0,000137
охотско-камчатская 3,912023 0,000153
охрана 1,771957 0,000069
охране 1,609438 0,000063
охраны 1,427116 0,000056
оценивающему 3,912023 0,000153
оценили 2,995732 0,000117
оценка 0,693147 0,000189
оценкам 1,609438 0,000126
оценке 1,560648 0,000243
оценки 1,609438 0,000188
очень 0,494296 0,000096
очередь 0,527633 0,000021
очередями 3,912023 0,000153
очерк 1,237874 0,000048
очетова 3,912023 0,000153
ошибкекак -0,009950 -0,000000
ошибки 1,897120 0,000074
ошибочных 3,912023 0,000153
ошибся 3,912023 0,000153
оэср 3,912023 0,000153
паблишер 2,659260 0,000104
павел 1,469676 0,000057
павлов 2,525729 0,000296
павлова 2,525729 0,000099
падением 3,218876 0,000251
падения 2,302585 0,000090
падуб 3,912023 0,000153
пазюра 3,912023 0,000153
пакистан 3,218876 0,000377
пакистанцы 2,120264 0,000083
пакт 3,506558 0,000137
палат 2,995732 0,000117
палата 1,660731 0,000389
палаткина 3,912023 0,000153
палаток 3,506558 0,000137
палаты 2,302585 0,000449
палеоазиатской 3,912023 0,000153
палеоген-неогеновыми 3,912023 0,000153
палестина 3,506558 0,000274
палехская 3,912023 0,000305
памирцы 2,525729 0,000099
памяти 1,078810 0,000042
памятник 0,693147 0,000054
памятники 0,733969 0,000057
памятников 0,820981 0,000032
памятные 1,832581 0,000071
памятным 3,218876 0,000126
памятных 1,714798 0,000067
память 0,891598 0,000035
панорама 1,386294 0,000054
папоротники 3,218876 0,000126
парад 2,207275 0,000086
параллельно 1,237874 0,000048
параметрам 3,506558 0,000137
параметрамивикипедия 2,207275 0,000086
париж 2,302585 0,000180
париже 2,659260 0,000104
парижских 3,912023 0,000153
паритета 3,912023 0,000153
парк 0,693147 0,000054
парка 1,021651 0,000120
парламент 2,813411 0,000329
парламентское 3,912023 0,000153
паром 2,813411 0,000110
партии 1,966113 0,001304
партий 2,659260 0,000104
партия 2,407946 0,000751
партнеров 2,813411 0,000110
партнеры 2,302585 0,000090
паспорта 3,506558 0,000137
паспортом 3,912023 0,000153
пассажиро-километров 3,912023 0,000153
пассажиро-км 3,912023 0,000305
пассажиров 1,309333 0,000306
пассажирооборот 3,506558 0,000684
пассажирообороте 3,912023 0,000153
пассажирооборотом 3,912023 0,000153
пассажиропоток 1,966113 0,000613
пассажиропотоку 2,659260 0,000104
пассажирский 1,514128 0,000059
пассажирских 1,609438 0,000188
пастернак 3,506558 0,000274
патентная 3,912023 0,000305
патентных 3,912023 0,000305
патология 3,506558 0,000137
патриотизма 3,912023 0,000153
паукообразных 3,912023 0,000153
паустовский 3,506558 0,000137
паутины 2,407946 0,000094
пахотных 3,218876 0,000251
пациентов 2,302585 0,000090
пашни 3,218876 0,000126
пвл 3,912023 0,000153
пво 2,813411 0,000110
певцы 2,813411 0,000110
педагогический 1,078810 0,000042
пекин 2,659260 0,000207
пение 3,506558 0,000137
пенсии 3,506558 0,000137
пенсий 3,912023 0,000153
пенсионная 3,912023 0,000458
пенсионного 3,506558 0,000137
пенсионный 3,506558 0,000137
пер 1,108663 0,000130
первая 0,430783 0,000101
первого 0,733969 0,000258
первое 0,544727 0,000170
первой 0,462035 0,000162
первом 1,237874 0,000338
первоначально 1,203973 0,000047
первоначального 2,302585 0,000090
первостепенное 3,506558 0,000137
первую 0,867501 0,000034
первые 0,494296 0,000193
первый 0,385662 0,000211
первым 0,597837 0,000047
первыми 1,609438 0,000063
первых 0,653926 0,000077
переведены 2,207275 0,000172
перевезено 2,659260 0,000311
перевели 2,659260 0,000104
перевод 1,427116 0,000111
переводе 2,040221 0,000159
перевозимыми 3,912023 0,000153
перевозок 1,469676 0,000229
переворотов 3,912023 0,000153
перевязка 3,912023 0,000153
переговоры 2,813411 0,000110
перегружено 3,912023 0,000153
передававшие 3,912023 0,000153
передавалась 3,506558 0,000274
передавали 3,506558 0,000137
передана 2,120264 0,000083
передано 2,407946 0,000094
передач 3,218876 0,000628
передачи 1,560648 0,000183
передачу 2,813411 0,000110
передвижения 2,995732 0,000117
передвижники 3,912023 0,000153
пережив 3,912023 0,000153
пережила 3,218876 0,000126
переизбрался 3,912023 0,000153
переизбран 3,506558 0,000137
переименован 1,347074 0,000053
переименовании 1,897120 0,000074
перейти -0,009950 -0,000001
перекрытым 3,506558 0,000137
переломных 3,912023 0,000153
перельман 3,506558 0,000274
перем 0,000000 0,000000
переменам 3,506558 0,000137
переменами 3,912023 0,000153
перемены 3,218876 0,000126
переместилась 3,506558 0,000137
перенаправляются 2,813411 0,000110
перенести 2,207275 0,000086
переписанной 3,912023 0,000153
переписей 2,995732 0,000117
переписи 0,755023 0,000530
перепись 0,820981 0,000320
переписью 3,218876 0,000126
переросла 3,506558 0,000137
перерывом 3,218876 0,000126
переселенцев 3,506558 0,000137
переставлены 3,912023 0,000153
перестройка 2,659260 0,000207
перестройкой 3,912023 0,000153
пересчете 2,995732 0,000234
переформулировали 3,912023 0,000153
перехитрил 3,912023 0,000153
переход 1,427116 0,000445
перехода 1,514128 0,000059
переходит 2,302585 0,000090
переходной 3,506558 0,000137
переходному 3,912023 0,000153
переходу 2,995732 0,000117
переходящее 3,218876 0,000126
перечислены 2,813411 0,000110
перешагнуло 3,912023 0,000153
перешла 1,660731 0,000065
перешли 1,771957 0,000138
переяславль 3,506558 0,000137
перинатальных 3,912023 0,000153
период 0,342490 0,000427
периода 0,967584 0,000075
периодическая 3,912023 0,000458
периодические 2,525729 0,000099
периодический 3,218876 0,000126
периоды 1,560648 0,000061
пермскими 3,506558 0,000137
пермь 0,994252 0,000155
персонала 2,525729 0,000197
персональные -0,009950 -0,000000
перспективе 2,120264 0,000083
перспективы 1,347074 0,000473
персы 1,966113 0,000077
песен 2,120264 0,000083
песец 3,912023 0,000153
песни 1,514128 0,000177
песнь 3,506558 0,000137
песню 2,525729 0,000099
песня 1,609438 0,000188
петербургская 3,218876 0,000126
петербургский 2,407946 0,000094
петербургского 2,302585 0,000090
петергоф 3,218876 0,000126
петр 1,108663 0,000346
петра 1,078810 0,000084
петре 2,659260 0,000207
петров 2,207275 0,000172
петровны 2,995732 0,000117
петровская 2,659260 0,000207
петроград 2,659260 0,000311
петром 2,120264 0,000083
петропавловск-камчатский 2,407946 0,000094
петрухин 3,218876 0,000251
печати -0,009950 -0,000002
печатной 3,218876 0,000126
печатные 1,514128 0,000118
печатных 1,609438 0,000126
печать -0,009950 -0,000003
печерский 3,218876 0,000126
печерского 3,506558 0,000137
пика 3,218876 0,000126
пике 3,218876 0,000126
пинскер 3,912023 0,000153
пирогов 3,218876 0,000126
писал 1,514128 0,000059
писателей 1,714798 0,000067
писатели 2,407946 0,000188
писателя 1,660731 0,000065
писаться 3,912023 0,000153
письменное 2,659260 0,000104
письменность 3,218876 0,000126
письмо 2,302585 0,000090
питание 2,659260 0,000104
питер 1,966113 0,000153
пить 3,506558 0,000137
пихоя 3,912023 0,000153
пихта 2,659260 0,000104
пищеварения 3,912023 0,000153
пищевая 1,560648 0,000061
пищевой 1,514128 0,000118
пищевую 3,506558 0,000137
пищевых 1,897120 0,000074
пищуха 3,506558 0,000137
плавание 2,302585 0,000180
плавании 3,506558 0,000137
плавно 2,407946 0,000094
план 0,755023 0,000088
плана 1,272966 0,000050
планах 2,040221 0,000080
планете 2,302585 0,000090
планетоход 3,912023 0,000153
планеты 2,040221 0,000080
планировало 3,506558 0,000137
планируется 1,021651 0,000080
плановой 3,912023 0,000153
плановый 3,506558 0,000137
пластмассы 3,912023 0,000153
пластов 3,506558 0,000137
плата 1,832581 0,000214
платежная 3,218876 0,000126
платежных 3,218876 0,000126
платить 2,659260 0,000104
платного 2,659260 0,000415
платных 2,302585 0,000090
платова 3,506558 0,000137
платой 3,912023 0,000153
платок 3,506558 0,000137
платонов 2,813411 0,000110
платформ 2,407946 0,000094
платформа 1,714798 0,000134
платформе 2,302585 0,000090
платформой 2,525729 0,000197
платформу 2,659260 0,000104
платформы 1,272966 0,000099
платы 2,659260 0,000104
плаще 3,912023 0,000153
плевицкая 3,912023 0,000153
племен 1,966113 0,000077
племена 2,120264 0,000331
племенные 3,218876 0,000126
плеханов 3,218876 0,000126
плеяда 3,912023 0,000153
плисецкая 3,912023 0,000153
плодородные 3,506558 0,000137
плоды 3,218876 0,000126
пломбах 3,912023 0,000153
плоскогорье 3,218876 0,000126
плоскогорью 3,912023 0,000153
плотность 0,693147 0,000216
плохим 3,912023 0,000153
плохо 2,525729 0,000099
площади 0,510826 0,000060
площадок 1,714798 0,000067
площадь 0,478036 0,000075
площадью 0,994252 0,000039
плющ 3,912023 0,000153
пляжном 3,912023 0,000153
пмр 3,506558 0,000137
по-прежнему 1,966113 0,000153
побед 2,813411 0,000110
победа 1,609438 0,000063
победами 3,912023 0,000153
победил 2,302585 0,000269
победителей 2,995732 0,000117
победителем 2,207275 0,000172
победителя 3,912023 0,000153
победителями 3,218876 0,000126
победить 3,506558 0,000137
победой 2,525729 0,000099
победу 1,897120 0,000148
победы 0,916291 0,000214
побережье 1,560648 0,000304
побережья 1,427116 0,000056
побоище 3,506558 0,000274
поведение 2,995732 0,000117
поведения -0,009950 -0,000001
поверхности 1,514128 0,000059
поверхностные 2,525729 0,000099
поверхностных 1,714798 0,000067
повествование 3,218876 0,000126
повествовательного 3,912023 0,000153
повести 1,897120 0,000148
повесть 2,525729 0,000197
повлекший 3,912023 0,000153
поводу 2,207275 0,000086
поволжский 2,659260 0,000207
поволжье 1,832581 0,000071
повторяющиеся 3,218876 0,000126
повысив 3,912023 0,000153
повысить 2,995732 0,000234
повышается 2,813411 0,000110
повышение 1,609438 0,000188
повышении 3,506558 0,000137
повышению 2,302585 0,000090
погибло 2,040221 0,000239
погибших 1,714798 0,000268
поглощения 3,506558 0,000137
поговорили 3,912023 0,000153
погода 0,776529 0,000061
погоды 2,040221 0,000080
погост 3,218876 0,000126
погранвойсками 3,912023 0,000153
пограничная 2,995732 0,000117
погрузочно-разгрузочные 3,506558 0,000137
подавили 3,912023 0,000153
подавляющем 3,506558 0,000137
поданных 3,218876 0,000126
подано 3,506558 0,000137
подвергается 2,659260 0,000104
подверглось 2,995732 0,000117
подготовка 1,771957 0,000069
подготовку 1,897120 0,000074
поддержала 3,912023 0,000153
поддержание 3,218876 0,000251
поддерживает 1,609438 0,000063
поддерживала 3,912023 0,000305
поддерживающим 3,218876 0,000126
поддерживая 3,912023 0,000153
поддержке 1,469676 0,000057
поддержки 1,560648 0,000243
поддержку 1,469676 0,000115
подзаконных 3,506558 0,000137
подзолистые 3,218876 0,000126
подзоне 2,659260 0,000207
подзоны 2,813411 0,000439
подконтрольно 3,912023 0,000153
подконтрольные 3,912023 0,000153
подлежат 3,218876 0,000126
подлеске 3,218876 0,000126
подлеском 2,813411 0,000110
подменялось 3,912023 0,000153
подмигнул 3,912023 0,000153
поднимает 3,218876 0,000126
поднявшим 3,912023 0,000153
поднялась 2,659260 0,000104
подняли 3,506558 0,000137
поднялись 3,912023 0,000153
подотчетно 3,912023 0,000153
подписало 3,912023 0,000153
подписан 1,897120 0,000074
подписаны 2,659260 0,000104
подразделений 2,407946 0,000188
подразделяется 2,525729 0,000099
подразделяются 2,995732 0,000117
подробная 2,659260 0,000104
подробнее -0,009950 -0,000000
подряд 2,525729 0,000099
подсобные 3,912023 0,000153
подсолнечник 3,912023 0,000153
подсчеты 3,506558 0,000274
подтаежные 3,912023 0,000153
подтайга 2,995732 0,000117
подтайге 3,912023 0,000153
подтайги 3,912023 0,000153
подтвердила 2,995732 0,000117
подтверждает 2,525729 0,000099
подтвержденных 3,218876 0,000126
подунавья 3,912023 0,000153
подходы 2,525729 0,000099
подчеркивал 3,506558 0,000137
подчинения 1,386294 0,000054
подъем 1,832581 0,000071
поездами 3,912023 0,000153
поездов 1,609438 0,000126
поездок 2,813411 0,000219
пожалуйста 1,469676 0,000057
пожизненно 3,506558 0,000137
позволившие 3,506558 0,000137
позволил 2,525729 0,000099
позволили 2,207275 0,000086
позволит 2,525729 0,000099
позвоночные 3,506558 0,000137
поздней 2,302585 0,000090
поздних 2,995732 0,000117
позже 0,733969 0,000115
позитивизм 3,506558 0,000137
позитивная 3,506558 0,000137
позиции 1,832581 0,000214
позиционирует 3,506558 0,000137
позицию 2,302585 0,000090
позициях 3,912023 0,000305
познер 3,912023 0,000458
познера 3,506558 0,000137
поиск -0,009950 -0,000001
поиски 2,659260 0,000104
поиску -0,009950 -0,000000
пока 0,843970 0,000033
показа 2,813411 0,000110
показали 2,040221 0,000080
показаны 2,407946 0,000094
показателей 1,203973 0,000141
показателем 2,525729 0,000099
показатели 0,994252 0,000271
показатель 0,713350 0,000139
показателю 1,897120 0,000222
показателя 2,525729 0,000197
показателям 2,302585 0,000090
показателях 3,506558 0,000137
показывают 2,207275 0,000086
покидает 3,218876 0,000126
покинули 2,813411 0,000110
покинуть 2,995732 0,000117
поколения 1,897120 0,000074
покорения 3,218876 0,000126
покрова 1,203973 0,000047
покровительством 3,912023 0,000153
покрытием 2,040221 0,000159
покрыты 2,120264 0,000165
покрыть 3,506558 0,000137
покупательная 3,506558 0,000137
покупательной 3,506558 0,000137
покупке 3,218876 0,000126
покупку 3,506558 0,000137
пол 1,897120 0,000222
пола 3,218876 0,000126
полагает 3,506558 0,000274
полагают 2,659260 0,000104
поле 0,798508 0,000062
полевка 3,218876 0,000377
полезные 2,407946 0,000376
полезными 3,506558 0,000137
полезных 1,660731 0,000194
поленов 3,912023 0,000305
полет 2,659260 0,000207
полетов 2,995732 0,000117
полиграфическая 2,659260 0,000104
поликлиник 2,207275 0,000258
политика -0,009950 -0,000006
политике 2,120264 0,000165
политики 1,237874 0,000097
политиков 2,995732 0,000234
политикой 2,995732 0,000117
политику 2,302585 0,000090
политическая 0,843970 0,000132
политически 3,218876 0,000126
политические 2,207275 0,000430
политический 2,120264 0,000083
политическим 2,407946 0,000094
политических 1,660731 0,000259
политического 2,813411 0,000219
политической 1,469676 0,000344
политическую 2,995732 0,000117
политологов 3,506558 0,000137
полку 2,813411 0,000110
полное 1,139434 0,000044
полномасштабной 3,218876 0,000126
полномасштабную 3,912023 0,000153
полномасштабным 3,912023 0,000305
полнометражный 3,218876 0,000126
полномочий 1,609438 0,000126
полномочия 1,660731 0,000065
полномочный 2,813411 0,000110
полному 3,218876 0,000126
полностью 0,400478 0,000172
полный 1,272966 0,000149
полных 2,525729 0,000099
полов 2,995732 0,000117
половая 3,912023 0,000305
половина 1,171183 0,000228
половине 0,634878 0,000099
половины 0,994252 0,000039
положение 0,510826 0,000219
положении 2,040221 0,000159
положения 1,309333 0,000102
положил 2,813411 0,000219
положительном 3,912023 0,000153
положительных 3,218876 0,000126
полос 2,407946 0,000094
полосатую 3,912023 0,000153
полосой 2,407946 0,000094
полосы 1,469676 0,000057
полотнище 1,609438 0,000063
полоцкое 3,912023 0,000153
полторы 3,506558 0,000137
полу 0,916291 0,000071
полугодовая 3,912023 0,000153
полумиллиона 3,506558 0,000274
полуостров 1,714798 0,000067
полуострове 2,525729 0,000099
полупустыни 3,506558 0,000137
полупустынной 3,506558 0,000137
полупустынь 2,813411 0,000110
полупустыня 2,995732 0,000117
полуфабрикаты 3,218876 0,000126
получали 2,813411 0,000110
получать 2,302585 0,000180
получают 2,040221 0,000159
получающих 3,912023 0,000305
получение 1,966113 0,000153
получением 3,506558 0,000137
получения 1,469676 0,000057
полученной 2,995732 0,000117
полученыиз 3,912023 0,000153
получившие 3,218876 0,000126
получивших 2,813411 0,000110
получил 0,713350 0,000056
получила 0,653926 0,000255
получили 0,967584 0,000189
получило 1,832581 0,000214
получить 1,427116 0,000056
полушарии 2,659260 0,000311
полуэксклав 3,912023 0,000153
пользовалось 3,912023 0,000153
пользования 1,660731 0,000648
пользу 1,832581 0,000071
пользуется 2,407946 0,000094
пользуются 1,966113 0,000153
польских 3,218876 0,000251
польша 1,966113 0,000153
польши 2,659260 0,000311
польшу 3,218876 0,000126
полюс 2,995732 0,000117
полюса 2,813411 0,000110
поляки 1,469676 0,000057
полян 3,506558 0,000137
полярная 3,218876 0,000126
полярнопустынная 3,912023 0,000153
полярные 2,302585 0,000090
полярным 2,813411 0,000110
помещений 2,120264 0,000083
помимо 0,562119 0,000066
поминов 3,912023 0,000153
поморы 2,659260 0,000104
помочь 1,560648 0,000061
помощи 0,843970 0,000099
помощь 1,714798 0,000201
понадобился 3,912023 0,000153
понес 3,218876 0,000126
понесенным 3,912023 0,000153
понимание 2,207275 0,000172
понимании 1,897120 0,000074
понимания 2,525729 0,000099
понятие 1,469676 0,000115
поп-музыка 3,912023 0,000153
попал 1,897120 0,000074
попало 2,302585 0,000090
поперечных 2,995732 0,000117
попов 1,966113 0,000077
пополнился 3,218876 0,000126
поправки 3,218876 0,000377
поправок 3,506558 0,000274
попранного 3,912023 0,000153
популярное 2,995732 0,000117
популярности 2,207275 0,000086
популярность 2,302585 0,000090
популярную 3,506558 0,000137
популярные 2,407946 0,000188
популярными 2,659260 0,000207
популярных 1,832581 0,000071
попытки 1,660731 0,000065
попытку 2,813411 0,000219
поражающий 3,506558 0,000137
поражение 2,659260 0,000311
поражения 2,407946 0,000282
пород 1,897120 0,000074
породами 2,813411 0,000219
породил 3,912023 0,000153
породы 1,966113 0,000077
порт 0,941609 0,000073
порта 1,309333 0,000051
портал 0,342490 0,000187
порталстатьи 2,040221 0,000080
портах 3,506558 0,000137
портов 2,120264 0,000331
портом 2,302585 0,000180
портрет 2,813411 0,000110
портреты 3,506558 0,000137
португалия 2,813411 0,000110
портф 3,912023 0,000153
порты 1,714798 0,000067
поручения 3,506558 0,000137
порывая 3,912023 0,000153
порядка 1,139434 0,000089
посадку 2,995732 0,000117
посвященным 3,912023 0,000153
поселение 1,309333 0,000051
поселений 0,798508 0,000218
поселки 1,347074 0,000053
поселков 1,469676 0,000057
посетило 2,659260 0,000207
посещаемости 2,995732 0,000117
посещаемость 3,912023 0,000153
посещаемых 2,995732 0,000117
поскольку 0,941609 0,000073
послание 2,813411 0,000110
послевузовское 3,912023 0,000305
последнего 1,609438 0,000188
последнее 1,347074 0,000158
последней 1,714798 0,000201
последние 0,755023 0,000147
последний -0,009950 -0,000001
последних 1,347074 0,000053
последовавшая 3,912023 0,000153
последовательно 1,832581 0,000071
последствиями 3,218876 0,000126
последующие 1,660731 0,000065
последующим 2,407946 0,000094
послов 3,506558 0,000274
послу 3,912023 0,000153
послужило 2,302585 0,000180
пособие 1,609438 0,000126
пособий 3,506558 0,000137
пособия 3,218876 0,000251
посполитая 3,912023 0,000153
поспособствовала 3,912023 0,000153
посредничестве 3,912023 0,000153
пост 1,514128 0,000236
поста 2,525729 0,000099
поставлено 2,995732 0,000117
постам 3,912023 0,000153
постановление 1,139434 0,000089
постановлением 1,469676 0,000115
постановления 2,302585 0,000090
постановлениям 3,912023 0,000153
постепенно 0,867501 0,000068
постепенном 3,912023 0,000153
постоянного 0,693147 0,000216
постоянные 1,966113 0,000077
постоянный 2,040221 0,000159
постоянным 2,302585 0,000090
постоянных 2,302585 0,000180
пострадавших 2,995732 0,000117
пострадал 2,302585 0,000090
построен 0,798508 0,000031
построено 0,867501 0,000169
построены 1,021651 0,000040
построили 1,832581 0,000071
постройки 1,139434 0,000044
постсоветский 2,207275 0,000172
постсоветских 2,995732 0,000117
постсоветского 2,995732 0,000234
постсоветское 2,407946 0,000094
постсоветской 3,506558 0,000137
поступает 2,302585 0,000090
поступления 2,120264 0,000083
поступок 3,912023 0,000153
посягательств 3,912023 0,000305
потапов 2,995732 0,000117
потемкин 2,813411 0,000110
потенциал 1,347074 0,000053
потенциала 1,897120 0,000222
потенциальные 3,506558 0,000137
потери 1,966113 0,000153
потерпела 3,218876 0,000126
потерь 2,813411 0,000549
потеряла 2,525729 0,000197
потерям 3,912023 0,000153
потомки 2,813411 0,000110
потребителей 2,207275 0,000086
потребительских 2,525729 0,000099
потребителями 3,218876 0,000126
потребление 3,218876 0,000126
потребности 2,302585 0,000090
потрясения 3,506558 0,000137
поучение 3,912023 0,000153
похвала 3,912023 0,000153
поход 1,897120 0,000148
похода 1,897120 0,000074
походах 3,506558 0,000137
походов 2,659260 0,000104
похьойс-похьянмаа 3,912023 0,000153
почвами 3,506558 0,000137
почвоведение 3,912023 0,000153
почвы 1,609438 0,000816
почему 0,000000 0,000000
почта 1,609438 0,000126
почтовые 1,469676 0,000057
почты 2,207275 0,000086
пошла 2,659260 0,000104
пошлин 3,218876 0,000126
пошлинных 3,912023 0,000153
поэт 1,897120 0,000074
поэтами 3,912023 0,000153
поэтизирующий 3,912023 0,000153
поэтический 3,218876 0,000251
поэтов 2,813411 0,000110
поэты 2,407946 0,000094
появилась 0,820981 0,000032
появились 0,579818 0,000045
появилось 1,171183 0,000046
появился 0,693147 0,000027
появление 1,469676 0,000057
появляется 1,560648 0,000122
появляются 1,560648 0,000122
пояс 0,693147 0,000162
пояса 1,560648 0,000243
поясах 2,659260 0,000104
поясе 2,207275 0,000086
поясность 2,995732 0,000117
поясов 2,813411 0,000110
ппс 3,912023 0,000915
прав 1,514128 0,000118
права 0,755023 0,000206
правам 3,912023 0,000915
правами 2,659260 0,000104
правах 3,506558 0,000274
правда 0,891598 0,000104
правилами 1,771957 0,000069
правило 0,891598 0,000104
правителей 2,659260 0,000104
правителем 3,218876 0,000126
правители 2,995732 0,000117
правительницей 3,912023 0,000153
правительств 3,506558 0,000137
правительства 0,693147 0,000487
правительственное 3,912023 0,000153
правительственный 3,506558 0,000137
правительство 0,843970 0,000230
правительством 1,832581 0,000429
правительству 2,995732 0,000117
правителю 3,506558 0,000137
править -0,009950 -0,000001
правкиновые -0,009950 -0,000000
правкипостоянная -0,009950 -0,000000
правление 2,040221 0,000080
правлении 2,813411 0,000110
правления 1,966113 0,000537
право 1,469676 0,000344
правобережья 2,813411 0,000110
правовая 2,813411 0,000110
правового 3,218876 0,000126
правовое 2,995732 0,000117
правовой 1,469676 0,000229
правовом 2,659260 0,000104
правозащитники 3,912023 0,000153
правозащитников 3,912023 0,000153
правозащитной 3,912023 0,000153
правой 2,302585 0,000090
правом 1,171183 0,000228
правонарушений 2,995732 0,000117
правопреемником 3,218876 0,000126
православие 1,560648 0,000183
православию 3,506558 0,000137
православная 1,272966 0,000050
православного 3,218876 0,000126
православной 1,203973 0,000047
православные 1,347074 0,000053
православным 2,525729 0,000099
православными 2,995732 0,000234
правоцентризма 3,912023 0,000153
правящая 3,506558 0,000137
правящей 3,506558 0,000137
правящие 3,912023 0,000153
праздник 1,714798 0,000134
праздники 2,040221 0,000318
праздничные 3,506558 0,000137
праздничными 3,912023 0,000153
прайм-тасс 3,912023 0,000153
практике 1,660731 0,000130
практически 0,755023 0,000029
прародителя 3,912023 0,000153
преамбуле 3,912023 0,000153
превосходит 2,813411 0,000110
превосходят 2,813411 0,000110
превратности 3,912023 0,000153
превращается 2,040221 0,000080
превышает 0,967584 0,000189
превышала 2,995732 0,000117
превышают 2,207275 0,000086
предварительная 3,218876 0,000126
предварительные 2,659260 0,000104
предверхоянского 3,912023 0,000153
предвзятыми 3,912023 0,000153
предводительством 1,966113 0,000077
предвыборной 3,506558 0,000137
предел 3,506558 0,000274
пределами 1,714798 0,000067
пределах 0,510826 0,000120
предкавказье 3,218876 0,000126
предки 2,525729 0,000099
предлагать 3,912023 0,000153
предлогом 3,506558 0,000137
предложению 2,995732 0,000117
предложили 2,207275 0,000086
предмет 2,120264 0,000083
предметом 1,560648 0,000122
предназначены 2,813411 0,000110
предопределили 3,506558 0,000137
предоставление 2,407946 0,000094
предотвратить 2,995732 0,000234
предполагается 1,560648 0,000061
предпосылок 3,506558 0,000137
предпочитали 3,912023 0,000153
предприятий 0,713350 0,000083
председателем 1,469676 0,000057
председатель 1,347074 0,000736
председателя 1,514128 0,000413
представились -0,009950 -0,000000
представителей 1,469676 0,000229
представители 1,272966 0,000298
представитель 1,897120 0,000074
представительный 1,771957 0,000069
представительств 2,040221 0,000080
представительства 1,386294 0,000054
представителя 2,407946 0,000094
представителями 1,897120 0,000074
представлен 0,891598 0,000035
представлена 1,171183 0,000046
представлений 2,207275 0,000086
представленное 3,218876 0,000126
представлено 1,560648 0,000061
представлены 0,867501 0,000034
представляет 0,446287 0,000035
представлял 2,302585 0,000090
представляли 2,302585 0,000090
представляло 2,995732 0,000117
представляя 3,506558 0,000137
предсубтропические 3,912023 0,000153
предсубтропических 3,912023 0,000153
предупредил 3,218876 0,000126
предуралье 2,995732 0,000117
предуральский 3,912023 0,000153
предусматривает 2,120264 0,000083
предусматривающие 3,912023 0,000153
предусмотрена 2,659260 0,000104
предшествующие 3,506558 0,000137
преемник 2,813411 0,000110
прежде 1,049822 0,000041
президент 1,386294 0,000811
президента 0,916291 0,000572
президентов 3,506558 0,000137
президентом 2,525729 0,000591
президентские 3,912023 0,000305
президентский 2,813411 0,000110
президентских 3,506558 0,000137
президентско-парламентская 3,912023 0,000305
президентство 3,912023 0,000153
президенту 3,218876 0,000377
президенты 3,912023 0,000305
преимущества 2,525729 0,000099
преимущественно 0,776529 0,000061
преимущественного 3,912023 0,000153
прекратившие 3,912023 0,000610
прекратила 2,407946 0,000188
прекратилось 2,813411 0,000110
прекратился 3,912023 0,000153
прекратить 3,506558 0,000137
прекращает 2,995732 0,000117
прекращение 2,813411 0,000110
прекращении 2,813411 0,000219
премией 3,218876 0,000502
премии 1,714798 0,000468
премию 1,966113 0,000307
премия 2,407946 0,000094
премьер 2,407946 0,000094
премьер-министра 3,506558 0,000137
премьер-министром 3,912023 0,000153
преобладает 2,120264 0,000083
преобладания 3,218876 0,000126
преобладают 1,203973 0,000188
преобладающая 3,912023 0,000153
преобразований 2,659260 0,000104
преобразования 2,120264 0,000165
прерывавшийся 3,912023 0,000153
пресвитеру 3,912023 0,000153
преследованиям 3,912023 0,000153
пресноводное 2,813411 0,000110
пресноводных 3,218876 0,000126
пресной 2,659260 0,000104
пресс 2,407946 0,000188
прессой 3,506558 0,000137
прессы 2,040221 0,000159
престижной 3,218876 0,000251
престол 2,813411 0,000110
престола 3,218876 0,000126
преступлений 2,040221 0,000716
преступления 2,040221 0,000239
преступному 3,912023 0,000153
преступности 2,120264 0,000248
преступность 1,897120 0,000222
преступных 2,813411 0,000219
претендовать 2,659260 0,000104
приамурья 2,995732 0,000117
прибалтийских 3,912023 0,000153
прибалтике 3,218876 0,000126
прибалтики 3,506558 0,000137
прибалтику 3,912023 0,000305
приблизил 3,912023 0,000153
приблизительно 1,514128 0,000059
прибыло 2,659260 0,000104
прибыль 2,525729 0,000099
прибытии 3,506558 0,000137
приватизации 3,506558 0,000137
приватизировано 3,506558 0,000137
приведший 3,912023 0,000153
привел 2,040221 0,000080
привела 1,771957 0,000069
привели 1,560648 0,000183
привело 1,108663 0,000259
привилегированных 3,912023 0,000153
привлекательнее 3,912023 0,000153
приводило 3,218876 0,000251
пригласить 3,912023 0,000153
приглашать 3,912023 0,000153
приглашенные 3,506558 0,000137
приговор 3,912023 0,000153
пригожин 3,912023 0,000153
пригожина 3,218876 0,000126
пригородам 3,506558 0,000137
приграничных 3,912023 0,000153
придавала 3,912023 0,000153
придерживается 3,912023 0,000305
приднестровье 3,218876 0,000126
приезд 3,912023 0,000153
приемах 3,912023 0,000153
приемлет 3,912023 0,000153
призвал 3,506558 0,000137
призвали 3,506558 0,000137
призван 2,659260 0,000104
призвание 3,912023 0,000305
призвания 3,912023 0,000153
призванный 3,912023 0,000153
приземлилась 3,912023 0,000153
приземлился 3,912023 0,000153
призеров 3,218876 0,000126
призму 3,506558 0,000137
признаваемым 3,912023 0,000153
признавались 3,912023 0,000153
признаком 3,506558 0,000137
признаку 3,218876 0,000126
признал 2,207275 0,000258
признала 2,407946 0,000282
признали 2,407946 0,000282
признало 3,218876 0,000251
признан 1,427116 0,000056
признана 2,040221 0,000159
признание 2,995732 0,000117
признанием 3,218876 0,000126
признания 0,916291 0,000071
признанная 3,912023 0,000153
признанной 2,659260 0,000104
признанные 2,995732 0,000701
признанный 2,995732 0,000117
признанными 3,506558 0,000274
признанных 0,967584 0,000151
призыв 3,506558 0,000137
призыва 3,912023 0,000153
призыву 3,506558 0,000137
приказал 3,912023 0,000153
приказы 3,912023 0,000305
прикаспийская 3,912023 0,000153
прикаспийской 3,218876 0,000126
прикладные 2,040221 0,000080
приладожья 3,506558 0,000137
применением 2,207275 0,000086
применении 2,995732 0,000117
применения 1,272966 0,000050
применила 3,912023 0,000153
применительно 2,995732 0,000117
применяется 1,714798 0,000134
примерами 1,966113 0,000077
примерно 0,634878 0,000198
примером 1,966113 0,000153
примеру 2,040221 0,000080
примечания -0,009950 -0,000001
примитивные 3,218876 0,000126
приморского 2,813411 0,000110
приморье 2,813411 0,000110
приморья 3,218876 0,000126
принадлежавших 3,218876 0,000126
принадлежат 1,966113 0,000230
принадлежащая 2,995732 0,000234
принадлежащих 2,813411 0,000219
принадлежности 1,514128 0,000118
принадлежность 1,609438 0,000063
принадлежностьи 3,912023 0,000153
принесли 3,506558 0,000137
принимаемые 3,506558 0,000274
принимает 1,469676 0,000057
принимала 2,525729 0,000099
принимали 1,966113 0,000077
принимались 3,506558 0,000137
принимать 1,660731 0,000065
приносит 2,659260 0,000104
принцип 1,832581 0,000071
принципами 3,218876 0,000126
принципу 2,302585 0,000090
принципы 1,771957 0,000069
принял 1,272966 0,000248
приняла 1,966113 0,000230
приняли 1,347074 0,000053
принят 1,427116 0,000111
принята 1,714798 0,000134
принятая 3,218876 0,000126
принятия 2,120264 0,000083
принято 0,713350 0,000083
приняты 2,207275 0,000172
принятых 3,218876 0,000126
приобрели 2,995732 0,000117
приобретает 2,659260 0,000104
приоритетных 3,218876 0,000126
приостановить 3,912023 0,000153
приостановлено 2,302585 0,000090
припарламентской 3,912023 0,000153
приписке 3,912023 0,000153
приравниваемые 3,912023 0,000153
природная 2,207275 0,000086
природного 2,302585 0,000269
природные 1,108663 0,000086
природный 1,660731 0,000065
природных 1,108663 0,000216
природы 1,021651 0,000040
прирост 1,427116 0,000056
присоединение 2,407946 0,000094
присоединил 3,218876 0,000126
присоединила 3,912023 0,000153
присуждало 3,912023 0,000153
присутствуют 1,897120 0,000148
притвор 3,912023 0,000153
притворов 3,912023 0,000153
приток 1,427116 0,000056
приурочены 3,506558 0,000137
приходилось 1,660731 0,000065
приходит 1,897120 0,000074
приходится 0,776529 0,000363
приходить 3,218876 0,000126
приходом 2,525729 0,000099
причалов 2,995732 0,000117
причем 0,994252 0,000039
причерноморье 2,813411 0,000110
причерноморья 2,813411 0,000110
причинам 1,966113 0,000077
причинен 3,912023 0,000458
причиной 1,469676 0,000115
причислена 3,506558 0,000137
причислил 3,912023 0,000153
пришел 1,714798 0,000067
пришлось 1,771957 0,000138
пробатова 3,912023 0,000153
проблем 0,798508 0,000031
проблема 1,237874 0,000048
проблеме 2,813411 0,000110
проблемы 0,544727 0,000170
провал 2,995732 0,000117
проведен 1,897120 0,000074
проведение 1,660731 0,000065
проведения 0,843970 0,000066
проведенная 3,218876 0,000126
проведенной 2,525729 0,000197
проведенному 3,912023 0,000153
проведенные 2,995732 0,000117
проведенных 3,218876 0,000126
проведены 1,966113 0,000077
провел 1,966113 0,000077
провела 2,659260 0,000104
проверить 2,207275 0,000086
провинции 1,660731 0,000259
провинция 2,120264 0,000083
проводившаяся 3,912023 0,000153
проводившиеся 3,218876 0,000126
проводит 1,660731 0,000065
проводного 2,813411 0,000219
проводное 2,995732 0,000117
проводят 2,407946 0,000094
провозглашен 3,912023 0,000153
провозглашена 2,525729 0,000197
провозглашено 3,912023 0,000153
прогиб 3,506558 0,000137
прогиба 3,506558 0,000274
прогноз 1,897120 0,000148
прогнозирования 2,813411 0,000110
программа 0,994252 0,000310
программам 2,525729 0,000197
программе 1,771957 0,000207
программированию 2,995732 0,000234
программирования 1,714798 0,000067
программой 2,659260 0,000104
программу 1,609438 0,000063
программы 0,713350 0,000278
прогрессе 3,912023 0,000153
продвигают 3,912023 0,000153
продвижением 3,506558 0,000137
продвинуться 3,506558 0,000137
продолжает 1,714798 0,000067
продолжается 1,560648 0,000061
продолжал 2,525729 0,000099
продолжалась 2,302585 0,000090
продолжало 2,813411 0,000110
продолжался 2,813411 0,000219
продолжателем 3,912023 0,000153
продолжают 2,040221 0,000080
продолжающегося 3,912023 0,000153
продолжил 2,995732 0,000117
продолжительности 2,525729 0,000296
продолжительность 1,171183 0,000320
продукт 1,660731 0,000130
продукта 2,207275 0,000086
продукте 3,218876 0,000126
продуктивных 3,912023 0,000153
продуктов 1,237874 0,000097
продукты 1,832581 0,000071
продукции 1,021651 0,000398
продукция 2,120264 0,000165
проект 0,400478 0,000031
проекта 0,616186 0,000072
проектах -0,009950 -0,000000
проектахзначения 1,237874 0,000048
проектной 2,813411 0,000219
проекту 1,049822 0,000041
проекты 1,108663 0,000130
проектывикипедия 2,040221 0,000080
проживали 1,660731 0,000065
проживают 1,966113 0,000153
прожиточного 3,506558 0,000410
прожиточный 3,912023 0,000153
прожиточных 3,912023 0,000153
прозвася 3,912023 0,000153
произведение 2,407946 0,000094
произведений 1,714798 0,000067
произведения 1,427116 0,000111
произведено 2,995732 0,000234
произвели 3,218876 0,000126
производимой 3,506558 0,000137
производителей 1,897120 0,000074
производительности 2,207275 0,000086
производительностью 2,525729 0,000099
производств 1,832581 0,000071
производства 0,616186 0,000409
производственно-техническим 3,912023 0,000153
производственные 2,407946 0,000094
производство 0,941609 0,000661
произошедший 3,506558 0,000137
произошел 1,171183 0,000274
произошла 1,714798 0,000067
произошло 0,733969 0,000057
произрастают 2,207275 0,000086
происходил 2,407946 0,000188
происходила 2,659260 0,000104
происходили 2,207275 0,000086
происходило 1,832581 0,000071
происходит 0,634878 0,000074
происхождение 1,427116 0,000111
происхождении 1,514128 0,000118
происхождения 1,272966 0,000050
происшествий 2,813411 0,000110
происшествиях 3,912023 0,000153
прокатившаяся 3,912023 0,000153
проклятие 3,912023 0,000153
прокофьев 3,506558 0,000274
прокуратура 2,525729 0,000197
проливе 3,218876 0,000126
промежуточные 3,218876 0,000251
промыслы 2,659260 0,000104
промышленно 3,912023 0,000153
промышленного 1,171183 0,000320
промышленное 1,660731 0,000194
промышленной 1,309333 0,000153
промышленности 0,579818 0,000249
промышленность 0,693147 0,000378
промышленностью 2,525729 0,000099
промышленных 0,916291 0,000036
проникли 2,995732 0,000117
проникновения 2,302585 0,000090
проон 3,912023 0,000153
пропорционально 3,218876 0,000126
пророссийские 3,912023 0,000153
просветительская 3,506558 0,000137
просветительский 3,506558 0,000137
просвещенного 3,506558 0,000137
прослеживается 2,120264 0,000083
просмотры -0,009950 -0,000000
просоветские 3,912023 0,000153
проспект 1,021651 0,000080
проспекте 1,427116 0,000056
простирание 3,912023 0,000153
простирающаяся 3,912023 0,000153
пространства 1,049822 0,000082
пространствабаренц-регионроссияфедеративные 3,912023 0,000153
пространстве 1,897120 0,000074
пространство 1,203973 0,000141
пространствогосударства 3,912023 0,000153
простые 2,407946 0,000094
протекавших 3,912023 0,000153
протеста 2,659260 0,000104
протестантизм 2,040221 0,000080
протестных 3,506558 0,000137
протесты 2,659260 0,000207
против 0,798508 0,000343
противодействие 2,813411 0,000329
противоречить 3,912023 0,000153
противостоявшие 3,912023 0,000153
противостояние 2,813411 0,000219
противоэпидемического 3,912023 0,000153
протоколом 2,813411 0,000110
протопопа 3,912023 0,000153
протяжении 0,867501 0,000034
протяженной 3,218876 0,000126
протяженности 2,659260 0,000311
протяженность 0,941609 0,000220
протяженные 3,912023 0,000153
протяженных 2,995732 0,000117
проф 1,771957 0,000276
профессии 2,995732 0,000117
профессиональное 2,040221 0,000716
профессиональный 1,897120 0,000074
профессиональным 3,218876 0,000126
профилей 2,995732 0,000117
профиль 2,525729 0,000099
проходили 1,427116 0,000056
проходит 0,693147 0,000027
прохоров 1,078810 0,000126
процент 2,302585 0,000090
процентах 2,995732 0,000117
процесс 1,108663 0,000216
процесса 1,714798 0,000201
процессов 1,347074 0,000053
процессы 1,514128 0,000059
прочие 1,203973 0,000047
прошел 0,994252 0,000078
прошла 1,560648 0,000122
прошли 1,309333 0,000102
прошло 2,040221 0,000080
прощанье 3,912023 0,000153
проявляется 2,995732 0,000117
прямой 1,347074 0,000105
прямоугольное 1,771957 0,000069
прямых 2,407946 0,000188
психического 3,218876 0,000126
психофизиология 3,912023 0,000153
псков 2,207275 0,000172
птиц 1,469676 0,000172
пуанкаре 3,218876 0,000126
публикуются 2,813411 0,000110
публичной 2,525729 0,000099
публичные 2,659260 0,000104
пугачева 2,302585 0,000090
пулково 2,995732 0,000234
пункт 1,203973 0,000094
пунктах 2,525729 0,000099
пункте 3,506558 0,000274
пунктов 0,653926 0,000179
пунктом 1,832581 0,000071
пурпурный 3,912023 0,000153
пустили 3,218876 0,000126
пустыне 3,912023 0,000153
пустыни 2,813411 0,000110
пустынь 2,407946 0,000094
пустыня 2,813411 0,000110
пустынями 3,912023 0,000153
пустынях 3,506558 0,000137
пустырник 3,506558 0,000410
путей 0,916291 0,000286
путем 0,941609 0,000147
путешествий 2,995732 0,000117
пути 0,693147 0,000027
путин 1,714798 0,001137
путина 2,302585 0,000898
путинской 3,912023 0,000153
путину 3,506558 0,000274
путиным 2,995732 0,000117
путч 3,218876 0,000126
путь 0,820981 0,000064
пуховый 3,506558 0,000137
пушек 3,506558 0,000137
пушкин 2,407946 0,000188
пушкина 1,139434 0,000089
пуэрария 3,912023 0,000153
пчелов 3,912023 0,000153
пшеницы 2,995732 0,000117
пытавшиеся 3,912023 0,000153
пыталась 2,995732 0,000117
пытался 2,302585 0,000090
пытках 3,912023 0,000153
пытки 3,912023 0,000153
пьеха 3,506558 0,000137
пятерке 3,218876 0,000126
пятерку 2,302585 0,000090
пяти 1,203973 0,000094
пятигорск 2,813411 0,000110
пятигорский 3,506558 0,000137
пятилетки 2,525729 0,000099
пятнистый 3,912023 0,000153
пятого 2,302585 0,000180
пять 1,108663 0,000086
работ 0,941609 0,000073
работа 0,891598 0,000104
работает 0,755023 0,000059
работал 1,309333 0,000051
работало 1,660731 0,000130
работах 2,120264 0,000165
работают 0,673345 0,000053
работающий 3,218876 0,000126
работающих 2,040221 0,000318
работника 3,218876 0,000126
работники 2,407946 0,000282
работников 1,469676 0,000401
работодателем 3,506558 0,000410
работой 1,897120 0,000074
работу 0,693147 0,000027
работы 0,314711 0,000098
рабочие 1,832581 0,000071
рабочих 1,108663 0,000043
рабочую 3,912023 0,000153
равнинами 3,218876 0,000126
равнинах 3,218876 0,000251
равнине 2,525729 0,000099
равнину 2,525729 0,000099
равнины 1,309333 0,000102
равно 2,040221 0,000080
равновеликих 2,995732 0,000117
равнозначны 3,506558 0,000137
равноправных 3,506558 0,000137
равным 3,506558 0,000137
равнялся 3,218876 0,000126
радзивилловской 3,912023 0,000153
ради 2,525729 0,000197
радиальный 3,506558 0,000137
радикально 3,218876 0,000126
радикальные 3,218876 0,000251
радикальным 3,912023 0,000153
радио 0,891598 0,000243
радиовещание 1,771957 0,000553
радиовещанием 3,912023 0,000153
радиовещанию 2,995732 0,000117
радиовещания 2,995732 0,000234
радиоканал 2,302585 0,000180
радиоканала 3,506558 0,000274
радиоканалам 3,912023 0,000153
радиоканалами 3,912023 0,000153
радиоканалу 3,912023 0,000305
радиокомпания 3,912023 0,000153
радиопередачи 3,506558 0,000137
радиостанция 1,966113 0,000077
радиостанциям 3,912023 0,000153
радищев 3,218876 0,000126
раза 0,867501 0,000541
разбору 3,912023 0,000153
развал 3,506558 0,000137
разведки 2,659260 0,000104
развенчание 3,912023 0,000153
развернута 2,813411 0,000110
развернуты 2,995732 0,000117
развернутым 3,506558 0,000137
развивала 3,912023 0,000153
развивалась 1,966113 0,000153
развивались 2,813411 0,000110
развивалось 2,659260 0,000104
развиваться 1,469676 0,000057
развивают 3,912023 0,000153
развиваются 1,832581 0,000071
развитие 0,314711 0,000086
развитием 1,171183 0,000046
развития 0,287682 0,000258
развито 2,407946 0,000094
развитое 3,912023 0,000153
развитой 2,040221 0,000159
развитую 2,813411 0,000110
развитые 2,525729 0,000099
развитым 3,506558 0,000137
развитых 2,302585 0,000090
развлечением 3,912023 0,000305
разговора 3,912023 0,000153
разгон 3,506558 0,000137
разгоняют 3,912023 0,000153
разгрома 2,659260 0,000104
разгромили 3,912023 0,000153
разгромлена 3,912023 0,000153
разгромлены 3,218876 0,000126
разгромом 3,506558 0,000137
разгул 3,506558 0,000137
раздел 0,891598 0,000035
разделе 0,776529 0,000030
разделена 2,040221 0,000159
разделении 2,525729 0,000099
разделенные 3,218876 0,000126
разделены 2,207275 0,000086
разделяет 2,525729 0,000099
разделяется 2,302585 0,000090
разделяют 2,813411 0,000110
разделяющего 3,506558 0,000137
раздроблена 3,912023 0,000153
раздробленность 3,912023 0,000305
различаемых 3,912023 0,000153
различаются 2,659260 0,000104
различные 0,693147 0,000081
различным 1,469676 0,000115
различными 1,609438 0,000063
различных 0,385662 0,000090
разменная 3,506558 0,000137
размер 1,832581 0,000286
размере 1,897120 0,000074
размером 2,659260 0,000104
размеру 2,407946 0,000094
размещение 2,120264 0,000165
размещения 0,843970 0,000033
размещено 2,813411 0,000110
размещены 2,120264 0,000083
разница 2,207275 0,000258
разнообразие 2,407946 0,000188
разнотравье 3,506558 0,000137
разным 1,609438 0,000126
разных 0,510826 0,000040
разослал 3,912023 0,000153
разработка 1,347074 0,000053
разработками 3,912023 0,000153
разработки 1,203973 0,000094
разработок 2,407946 0,000094
разработчики -0,009950 -0,000000
разрезе 2,813411 0,000329
разрешают 3,912023 0,000153
разрешенное 3,912023 0,000153
разрешить 2,813411 0,000110
разрушения 2,207275 0,000086
разрушены 2,207275 0,000086
разрушительному 3,912023 0,000153
разрыв 2,995732 0,000351
разрядки 3,912023 0,000153
разъединением 3,912023 0,000153
район 0,597837 0,000023
района 0,673345 0,000026
районе 0,527633 0,000041
районирование 2,525729 0,000493
районированию 3,218876 0,000126
районных 2,120264 0,000165
районов 0,562119 0,000197
районом 1,714798 0,000067
районы 0,653926 0,000102
райцентров 0,941609 0,000037
ракета 2,525729 0,000099
ракетно-космической 3,218876 0,000126
ракетно-ядерного 3,912023 0,000153
ракетные 3,506558 0,000274
ракетный 3,218876 0,000126
ракетостроителей 3,912023 0,000153
рамках 0,544727 0,000042
рамки 2,207275 0,000086
ран 0,776529 0,000303
ранее 0,430783 0,000034
раненых 2,813411 0,000219
ранней 2,525729 0,000099
ранние 1,660731 0,000065
ранних 2,302585 0,000180
ранхигс 2,302585 0,000090
рас 0,000000 0,000000
раскритиковали 3,506558 0,000137
раскулаченные 3,912023 0,000153
распад 3,218876 0,000753
распада 1,714798 0,000268
распаду 3,912023 0,000305
расписания 3,218876 0,000126
располагаемые 3,912023 0,000458
располагает 1,609438 0,000063
располагается 0,994252 0,000194
располагало 3,506558 0,000137
располагался 1,660731 0,000065
располагаются 1,108663 0,000086
располагающая 3,506558 0,000137
расположена 0,916291 0,000179
расположенные 1,514128 0,000059
расположенный 1,203973 0,000047
расположено 0,916291 0,000036
расположены 0,673345 0,000079
расправы 3,506558 0,000137
распределение 1,560648 0,000183
распределении 2,813411 0,000219
распределено 3,506558 0,000137
распри 3,912023 0,000153
распространение 1,237874 0,000048
распространения 1,660731 0,000130
распространенный 2,659260 0,000104
распространенными 2,525729 0,000099
распространено 2,302585 0,000090
распространены 1,832581 0,000143
распространять 3,506558 0,000137
распутин 3,506558 0,000137
распущенные 3,912023 0,000153
распущены 3,218876 0,000126
расселение 3,218876 0,000879
расселения 1,966113 0,000230
расселены 2,995732 0,000117
расселяться 3,912023 0,000153
рассказал 2,302585 0,000269
рассказова 3,912023 0,000153
расследовании 3,912023 0,000153
расследованиями 3,912023 0,000153
расслоение 3,506558 0,000137
рассматриваемых 3,506558 0,000137
рассматривается 2,302585 0,000090
рассматривать 1,966113 0,000077
рассматривают 2,407946 0,000094
рассматриваются 2,120264 0,000083
рассмотрение 2,813411 0,000110
рассмотрено 3,912023 0,000153
расстоянии 1,966113 0,000077
расстояния 1,832581 0,000071
рассчитанное 3,912023 0,000153
рассчитанный 2,813411 0,000110
рассчитываемый 3,912023 0,000153
растащить 3,912023 0,000153
растениеводство 3,912023 0,000153
растений 1,386294 0,000108
растения 1,771957 0,000069
расти 2,040221 0,000080
растительность 1,427116 0,000278
растительный 1,966113 0,000230
растут 2,120264 0,000083
расходами 3,912023 0,000153
расходах 3,912023 0,000153
расходов 2,407946 0,000094
расходы 1,771957 0,000346
расхождения 3,912023 0,000153
расцвет 2,525729 0,000099
расчет 1,386294 0,000108
расчета 2,407946 0,000094
расчете 2,302585 0,000180
расчетный 3,912023 0,000458
расширение 0,527633 0,000062
расширенному 3,912023 0,000153
расширяется 2,407946 0,000094
ратифицирована 3,912023 0,000153
ратманова 3,506558 0,000137
рахманинов 3,912023 0,000458
рационализма 3,218876 0,000126
рашкин 3,912023 0,000153
раюць 0,000000 0,000000
рбк 1,386294 0,000595
ргада 3,506558 0,000137
ргб 3,912023 0,000153
ргиа 3,506558 0,000137
ргппу 3,912023 0,000153
ргтрк 3,912023 0,000305
реагирования 3,912023 0,000305
реакция 2,995732 0,000117
реализм 3,506558 0,000137
реализма 3,506558 0,000274
реализован 1,660731 0,000065
реалистические 3,912023 0,000153
реалистическим 3,912023 0,000153
реалистической 3,506558 0,000274
реалистичность 3,912023 0,000153
реального 2,120264 0,000165
реальной 2,995732 0,000117
реальные 2,407946 0,000376
реальным 3,218876 0,000126
реаниматология 3,912023 0,000153
революции 0,693147 0,000054
революционное 2,995732 0,000117
революция 1,427116 0,000167
революциями 3,506558 0,000137
регби 2,302585 0,000090
региона 0,776529 0,000091
регионального 1,108663 0,000043
региональные 1,171183 0,000091
региональных 1,203973 0,000141
регионам 2,659260 0,000207
регионах 1,771957 0,000207
регионе 1,049822 0,000123
регионнорвегия 3,912023 0,000153
регионов 0,941609 0,000110
регионов-лидеров 3,912023 0,000153
регионы 1,049822 0,000082
регистрации 2,207275 0,000172
регламент 3,506558 0,000137
регламентированы 3,912023 0,000153
регулирование 2,659260 0,000104
регулирования 2,813411 0,000110
регулярными 3,218876 0,000126
ред 0,235722 0,000368
редактирования 1,897120 0,000074
редакцией 1,832581 0,000071
редакции 1,966113 0,000077
редакция 1,469676 0,000057
редким 3,506558 0,000137
реестр 1,469676 0,000057
реестра 2,407946 0,000094
реже 2,302585 0,000090
режим 1,108663 0,000173
режиме 1,514128 0,000059
режимы 3,506558 0,000137
режиссером 3,218876 0,000126
резервный 3,912023 0,000153
резервов 3,506558 0,000137
резервы 2,995732 0,000351
резиденция 2,207275 0,000086
резкий 2,813411 0,000110
резким 2,813411 0,000219
резко 0,967584 0,000226
резкого 3,218876 0,000126
резкому 2,995732 0,000117
резникова 3,912023 0,000153
резолюции 3,912023 0,000153
резонанс 2,995732 0,000117
результат 1,469676 0,000229
результатам 1,049822 0,000164
результате 0,342490 0,000200
результатов 1,897120 0,000074
резьба 3,506558 0,000137
рейтинг 1,272966 0,000546
рейтинга 1,832581 0,000214
рейтинге 1,203973 0,000657
рейтинги 2,302585 0,000090
рейтингов 3,912023 0,000153
рейтингу 2,407946 0,000282
рейхстагом 3,506558 0,000137
рек 0,820981 0,000032
рекам 2,302585 0,000090
реками 2,207275 0,000086
реки 0,462035 0,000144
рекой 1,714798 0,000067
рекомендовал 3,218876 0,000126
реконструкция 1,203973 0,000047
рекорд 1,771957 0,000069
рекордного 3,218876 0,000126
рекордные 2,995732 0,000117
религии 2,040221 0,000159
религиозного 3,506558 0,000137
религиозной 2,407946 0,000094
религиозном 3,506558 0,000137
религиозность 3,912023 0,000153
религиозные 1,609438 0,000063
религиозный 2,813411 0,000219
религиозным 3,506558 0,000137
религиозных 1,469676 0,000057
религию 3,218876 0,000126
религия 0,843970 0,000132
рельеф 0,941609 0,000110
рельефа 1,514128 0,000118
рельсов 2,995732 0,000117
ремень 3,912023 0,000305
ремизов 3,506558 0,000137
ремонт 1,714798 0,000067
ремонтные 3,506558 0,000137
рен 1,660731 0,000065
реорганизация 3,506558 0,000137
репин 2,525729 0,000197
репортеры 3,912023 0,000153
репрессивность 3,912023 0,000153
репрессивный 3,912023 0,000153
репрессии 3,218876 0,000126
репрессий 2,120264 0,000165
репродуктивного 3,912023 0,000153
рептилий 3,218876 0,000251
рерих 3,506558 0,000137
респондентов 3,506558 0,000137
республик 1,609438 0,000628
республика 0,843970 0,001086
республикам 3,912023 0,000305
республиканские 3,218876 0,000126
республиканского 2,040221 0,000080
республиканской 2,995732 0,000117
республике 1,714798 0,000067
республики 0,916291 0,000286
республикисмешанные 3,912023 0,000153
республикистраны 3,912023 0,000153
республикой 2,207275 0,000430
республику 2,813411 0,000549
ресурс 1,514128 0,000650
ресурсов 0,798508 0,000093
ресурсы 0,020203 0,000006
референдумы 3,218876 0,000126
рефлексология 3,912023 0,000153
реформ 2,207275 0,000430
реформа 2,525729 0,000394
реформы 1,609438 0,000628
рецензируется 3,912023 0,000153
речного 1,139434 0,000089
речной 0,916291 0,000143
речные 1,897120 0,000074
речных 1,609438 0,000126
речь 2,120264 0,000083
решающего 3,912023 0,000153
решающий 3,912023 0,000153
решение 0,755023 0,000118
решении 2,407946 0,000094
решений 1,660731 0,000194
решения 0,967584 0,000113
решениях 3,912023 0,000153
решено 2,120264 0,000083
решетников 3,912023 0,000153
ржд 1,832581 0,000143
риа 1,049822 0,000409
риман 3,912023 0,000153
римский-корсаков 3,912023 0,000458
рио-де-жанейро 3,218876 0,000126
рис 2,995732 0,000234
риски 2,995732 0,000117
рисков 3,218876 0,000126
рискованного 3,218876 0,000126
рифейской 3,912023 0,000305
роберт 2,302585 0,000090
рогов 3,218876 0,000126
рогожин 3,506558 0,000137
рода 1,560648 0,000183
родина 1,560648 0,000061
родиной 2,207275 0,000086
родители 3,912023 0,000153
родным 2,813411 0,000110
рододендрон 3,506558 0,000274
родственные 2,040221 0,000080
родственных 0,755023 0,000029
рождаемости 2,120264 0,000579
рождаемость 2,302585 0,000539
рождение 2,207275 0,000086
рождении 3,506558 0,000274
рождественский 2,813411 0,000110
рождество 3,506558 0,000137
розанов 3,912023 0,000153
розничная 2,302585 0,000090
розничной 1,514128 0,000059
розничных 2,813411 0,000110
рок 3,218876 0,000377
рок-музыки 2,995732 0,000234
ролдугин 3,912023 0,000153
роли 1,966113 0,000153
роль 0,579818 0,000158
ромадин 3,912023 0,000153
роман 1,771957 0,000069
романа 2,120264 0,000083
романовы 3,218876 0,000126
романовых 2,813411 0,000110
романс 3,506558 0,000274
романтическая 3,912023 0,000153
ромас 3,912023 0,000153
рос 2,407946 0,000188
росархива 3,912023 0,000153
росбизнесконсалтинг 2,995732 0,000117
росгвардия 3,912023 0,000153
росия 3,912023 0,000763
роскошная 3,912023 0,000153
росли 3,506558 0,000137
росомаха 3,506558 0,000137
роспись 3,912023 0,000153
росреестр 2,813411 0,000110
росси 3,506558 0,000274
россией 1,427116 0,001225
россии 0,186330 0,003815
россиисамые 3,912023 0,000153
россий 3,912023 0,000153
российская 0,186330 0,000763
российские 0,994252 0,000931
российский 0,634878 0,000371
российским 1,514128 0,000472
российскими 2,813411 0,000110
российских 0,733969 0,000601
российско-украинская 3,506558 0,000137
российско-украинскую 3,506558 0,000137
российского 0,634878 0,000248
российское 1,771957 0,000553
российской 0,385662 0,002196
российском 2,040221 0,000159
российскому 2,207275 0,000086
российскую 2,407946 0,000470
россию 1,966113 0,001380
россия 0,371064 0,002446
россиян 3,218876 0,001004
россиянам 3,506558 0,000137
россияне 3,912023 0,001831
россияроссийская 3,912023 0,000153
россиясветло-зеленым 3,912023 0,000153
россиястатистика 0,000000 0,000000
росстат 0,776529 0,000818
росстата 2,207275 0,000603
рост 0,967584 0,000755
роста 1,386294 0,000487
росте 2,813411 0,000219
ростех 3,506558 0,000137
ростов 2,120264 0,000083
ростов-на-дону 1,237874 0,000193
ростом 2,120264 0,000331
ростропович 3,218876 0,000126
рота 3,912023 0,000153
ротару 3,912023 0,000153
рсфср 0,733969 0,000773
ртр 3,912023 0,000153
ртути 3,218876 0,000126
руб 1,171183 0,000868
рубальская 3,912023 0,000153
рубежом 2,407946 0,000376
рублев 3,506558 0,000274
рублей 0,755023 0,000442
рубль 2,302585 0,000359
рубля 1,832581 0,000286
рубцов 3,912023 0,000153
руд 2,995732 0,000117
руденко 3,506558 0,000137
рудольф 3,218876 0,000126
рудольфа 3,506558 0,000137
руды 2,525729 0,000099
рук 2,040221 0,000080
руках 2,120264 0,000083
руководит 2,407946 0,000094
руководителей 2,120264 0,000165
руководители 2,302585 0,000180
руководить 3,218876 0,000126
руководства 1,897120 0,000148
руководство 1,272966 0,000149
руководством 0,941609 0,000073
руководящей 3,218876 0,000126
рукописные 3,506558 0,000137
румчерод 3,506558 0,000410
румынию 3,912023 0,000153
румыния 2,120264 0,000248
румыны 1,897120 0,000074
румянцев 3,218876 0,000126
рунет 3,506558 0,000547
рус 0,162519 0,000685
руси 1,347074 0,001051
русин 3,912023 0,000153
русины 2,302585 0,000090
русиньскый 0,000000 0,000000
русификация 3,912023 0,000153
рускай 3,912023 0,000153
русланова 3,506558 0,000137
русле 2,813411 0,000110
русская 0,867501 0,000744
русские 0,544727 0,000382
русский -0,009950 -0,000010
русским 1,560648 0,000183
русскими 1,660731 0,000065
русских 0,843970 0,000428
русско-японская 3,506558 0,000137
русского 0,494296 0,000212
русское 0,755023 0,000294
русской 0,673345 0,000578
русском 1,049822 0,000082
русскоязычная 3,506558 0,000274
русскоязычного 2,302585 0,000090
русскоязычной 3,218876 0,000126
русскоязычными 3,912023 0,000153
рустория 3,912023 0,000153
русь 1,966113 0,001457
рутульская 3,912023 0,000153
рутульцы 1,897120 0,000074
рфаннексированные 3,912023 0,000153
рыб 2,040221 0,000080
рыбоводство 3,912023 0,000153
рыболовство 2,407946 0,000188
рыбохозяйственный 3,506558 0,000137
рыбы 1,897120 0,000148
рылов 3,912023 0,000153
рынка 1,237874 0,000048
рынке 1,609438 0,000063
рынок 1,021651 0,000040
рыночной 2,525729 0,000296
рысь 3,506558 0,000137
рыцарей 3,912023 0,000153
рыцарями-крестоносцами 3,912023 0,000153
рэндзю 3,912023 0,000153
рэп 3,218876 0,000251
рэпа 3,506558 0,000137
рюрик 3,912023 0,000153
рюрика 3,912023 0,000610
рюриковичей 3,506558 0,000137
рюриковичи 3,506558 0,000274
рюриком 3,912023 0,000153
рябчик 2,995732 0,000117
ряд 0,385662 0,000075
ряда 0,994252 0,000078
ряде 1,237874 0,000145
рядом 0,733969 0,000057
ряду 1,832581 0,000071
ряжский 3,218876 0,000126
рязанское 3,506558 0,000137
рязань 1,049822 0,000041
ряузов 3,912023 0,000153
саамы 3,218876 0,000126
сабетта 2,995732 0,000117
савицкий 3,912023 0,000153
саврасов 2,995732 0,000117
сад 1,108663 0,000043
сада 1,832581 0,000071
сайгаков 3,912023 0,000153
сайт 0,371064 0,000058
сайте 0,967584 0,000075
сайтов 2,659260 0,000104
сайту 3,218876 0,000126
сайты 0,478036 0,000037
салаирской 3,912023 0,000153
салтыков-щедрин 2,813411 0,000110
сальдо 3,218876 0,000126
салют 2,659260 0,000104
сама 1,469676 0,000115
самара 0,891598 0,000174
самарга 3,912023 0,000153
самаре 3,218876 0,000126
самарканд 2,813411 0,000110
самарский 3,218876 0,000126
самая 0,798508 0,000156
самбо 2,995732 0,000117
самедова 3,912023 0,000153
сами 1,560648 0,000061
саммит 2,120264 0,000083
саммите 3,506558 0,000274
саммиты 3,506558 0,000274
само 2,040221 0,000080
самобытного 3,912023 0,000153
самобытные 3,912023 0,000153
самобытный 3,912023 0,000153
самобытным 3,218876 0,000126
самого 0,891598 0,000035
самое 0,994252 0,000039
самозанятых 3,912023 0,000153
самой 0,916291 0,000322
самолет 1,897120 0,000074
самолета 2,120264 0,000083
самолетов 2,120264 0,000248
самостоятельные 2,525729 0,000099
самостоятельных 2,525729 0,000197
самофинансирование 3,912023 0,000458
самоходных 3,506558 0,000137
самшит 3,912023 0,000153
самые 1,021651 0,000199
самый 0,579818 0,000068
самым 0,653926 0,000051
самыми 1,832581 0,000572
самых 0,544727 0,000106
сан-марино 3,218876 0,000126
санаторно-курортного 3,218876 0,000126
санаторно-курортное 3,506558 0,000274
санаторно-курортные 3,912023 0,000153
санаторно-курортных 3,912023 0,000305
санаторного 3,912023 0,000153
санги 3,912023 0,000153
санитарно-гигиенического 3,912023 0,000153
санкт-петербург 0,776529 0,000606
санкт-петербурга 1,514128 0,000118
санкт-петербурге 1,771957 0,000484
санкт-петербургской 2,813411 0,000110
санкции 3,912023 0,000305
санкций 3,218876 0,000251
санкционную 3,912023 0,000153
санкционным 3,912023 0,000305
санья 3,506558 0,000137
сапожникова 3,912023 0,000153
сапсан 2,525729 0,000099
саратов 0,967584 0,000113
саратове 2,813411 0,000110
сарьян 3,506558 0,000137
сассапариль 3,912023 0,000153
сателлитов 3,912023 0,000153
сатира 3,912023 0,000153
саудовская 2,995732 0,000584
сафи 3,912023 0,000305
сафроновой 3,912023 0,000153
саха 2,813411 0,000110
сахалина 3,218876 0,000126
сахалино-хоккайдская 3,912023 0,000153
сахалинская 2,813411 0,000110
сахалинской 3,912023 0,000153
сахарная 3,912023 0,000153
сахарной 3,218876 0,000126
сахаров 3,218876 0,000251
сахарова 3,218876 0,000126
саяны 3,218876 0,000126
сбер 3,912023 0,000153
сбережений 3,506558 0,000137
сбережениями 3,912023 0,000153
сбор 2,407946 0,000094
сбора 1,832581 0,000071
сборная 3,218876 0,000628
сборник 0,653926 0,000051
сборники 3,218876 0,000251
сборной 2,525729 0,000197
сборщиком 3,912023 0,000153
сведения 0,867501 0,000169
свекла 3,912023 0,000153
свеклы 3,912023 0,000153
сверх 3,912023 0,000153
сверхдержавами 3,912023 0,000153
сверхдержавой 3,912023 0,000153
сверхцентрализации 3,912023 0,000153
свет 1,560648 0,000061
свете 2,525729 0,000099
светло-каштановыми 3,912023 0,000153
светская 3,506558 0,000137
светским 3,912023 0,000153
светских 3,506558 0,000137
светское 3,506558 0,000137
свидетельства 2,659260 0,000104
свидетельству 2,813411 0,000110
свидетельствует 1,771957 0,000138
свиридов 3,912023 0,000305
свирь 3,506558 0,000137
свистильник 3,912023 0,000305
сво 3,218876 0,000126
свобод 3,506558 0,000137
свобода 1,771957 0,000346
свободно 2,302585 0,000090
свободное 2,407946 0,000188
свободной -0,009950 -0,000001
свободными 3,506558 0,000137
свободных 2,040221 0,000080
свободу 2,302585 0,000180
свободы 1,714798 0,000401
свод 2,407946 0,000188
сводилась 3,218876 0,000126
свое 0,616186 0,000048
своевременно 3,912023 0,000153
своего 0,776529 0,000091
своей 0,776529 0,000091
своем 1,560648 0,000061
свои 0,755023 0,000118
своим 0,967584 0,000038
своими 1,427116 0,000056
своих 0,776529 0,000121
свой 0,653926 0,000102
свыше 0,891598 0,000556
свяжитесь -0,009950 -0,000000
связана 1,078810 0,000042
связанную 3,218876 0,000126
связанные 1,021651 0,000040
связанный 2,525729 0,000099
связанных 1,171183 0,000046
связано 1,078810 0,000084
связаны 1,237874 0,000193
связи 0,235722 0,000138
связь 0,616186 0,000192
святослав 3,506558 0,000137
святославиче 3,912023 0,000153
святые 2,659260 0,000104
священники 3,506558 0,000137
священнослужителей 3,912023 0,000153
сделав 3,218876 0,000126
сделал 2,120264 0,000083
сделанная 3,218876 0,000126
сделать 1,386294 0,000108
сдерживалось 3,218876 0,000126
сеансов 3,506558 0,000137
севастополь 1,771957 0,000276
севастополя 2,813411 0,000549
север 1,171183 0,000091
севера 0,941609 0,000184
севере 1,139434 0,000133
северная 1,078810 0,000295
севернее 1,966113 0,000153
северного 1,021651 0,000319
северное 1,514128 0,000059
северной 0,693147 0,000243
северном 1,469676 0,000115
северную 2,302585 0,000269
северные 1,966113 0,000077
северный 0,820981 0,000224
северным 1,771957 0,000069
северо-восток 2,525729 0,000099
северо-восточной 2,040221 0,000398
северо-восточносибирская 3,912023 0,000153
северо-западной 2,659260 0,000104
северо-западном 2,040221 0,000080
северо-западную 2,995732 0,000117
северо-западный 2,207275 0,000172
северо-кавказский 2,659260 0,000104
северо-сахалинской 3,912023 0,000153
североевропейская 3,912023 0,000153
северокавказских 3,912023 0,000153
северсталь 3,506558 0,000137
северщины 3,912023 0,000153
северянин 3,912023 0,000153
сегодня 0,616186 0,000048
седов 3,218876 0,000377
седова 3,218876 0,000126
секретари 2,995732 0,000234
секретаригенеральные 3,912023 0,000153
секретным 3,218876 0,000126
сексуального 3,912023 0,000153
сектор 1,714798 0,000134
сектора 1,832581 0,000286
секторе 1,771957 0,000069
секторов 3,218876 0,000126
секунд 3,218876 0,000251
сел-райцентров 3,912023 0,000153
селькупы 3,218876 0,000126
сельских 0,776529 0,000273
сельского 1,347074 0,000263
сельское 1,427116 0,000501
сельском 2,995732 0,000234
сельскохозяйственное 2,995732 0,000117
сельскохозяйственные 2,207275 0,000258
сельскую 3,912023 0,000153
сельхозпроизводителей 3,912023 0,000153
семей 2,302585 0,000090
семейств 2,995732 0,000117
семенов 2,207275 0,000172
семериков 3,912023 0,000153
семерка 3,506558 0,000137
семи 1,386294 0,000108
семьям 3,218876 0,000126
сен 2,407946 0,000094
сен-жан-де-люз 2,813411 0,000219
сенегал 3,218876 0,000126
сентиментализм 3,912023 0,000153
сентябре 0,994252 0,000116
сентябрь 1,309333 0,000051
сентября 0,072571 0,000167
сепаратистами 3,912023 0,000153
сепаратистов 3,218876 0,000126
серая 2,813411 0,000110
сербия 2,525729 0,000197
сербы 1,897120 0,000074
сервер 2,120264 0,000083
сергеев 2,813411 0,000110
сергеем 2,407946 0,000094
сергей 0,967584 0,000151
сергея 1,469676 0,000057
сердце 2,302585 0,000090
сердюков 3,506558 0,000137
серебрякова 3,218876 0,000126
серебряное 3,912023 0,000153
серебряном 2,207275 0,000086
серебряный 1,386294 0,000054
серебряным 2,659260 0,000104
середина 2,120264 0,000248
середине 0,562119 0,000153
серединой 3,912023 0,000153
середины 0,967584 0,000189
серии 1,386294 0,000108
серию 2,407946 0,000094
серия 1,237874 0,000048
серна 3,912023 0,000153
серова 2,659260 0,000104
сертифицированных 3,912023 0,000153
серф 3,912023 0,000153
серые 2,813411 0,000110
серьезные 2,207275 0,000086
сетевое 2,407946 0,000094
сетей 1,272966 0,000050
сети 0,494296 0,000039
сеть 0,616186 0,000120
сетью 1,714798 0,000134
сетях 1,139434 0,000089
сеченов 3,506558 0,000274
сибири 1,347074 0,000736
сибирская 1,832581 0,000143
сибирские 2,207275 0,000086
сибирских 1,966113 0,000077
сибирского 1,714798 0,000067
сибирское 1,832581 0,000071
сибирской 1,832581 0,000071
сибирскую 2,407946 0,000094
сибирь 1,469676 0,000229
сивохина 3,912023 0,000153
сидоров 2,995732 0,000117
сил 1,771957 0,000553
силами 1,309333 0,000153
силовой 3,912023 0,000153
силой 2,407946 0,000094
силу 1,021651 0,000159
силы 1,427116 0,001113
сильная 2,995732 0,000117
сильнейшей 3,506558 0,000137
сильно 0,776529 0,000030
сильную 3,912023 0,000153
сильны 2,813411 0,000219
сильными 3,218876 0,000126
символ 1,203973 0,000047
символизм 3,218876 0,000377
символика 1,272966 0,000099
символики 2,659260 0,000104
символом 1,832581 0,000071
символы 1,386294 0,000270
симметрично 3,506558 0,000137
симон 3,506558 0,000137
симонов 2,659260 0,000207
симфоническая 3,506558 0,000137
симфонической 3,912023 0,000153
синай 3,912023 0,000305
синайского 3,912023 0,000305
сингапур 2,813411 0,000219
синего 2,659260 0,000104
синем 3,218876 0,000126
синхронное 3,912023 0,000153
синхронном 3,912023 0,000153
сирень 3,218876 0,000126
сирии 3,912023 0,000305
сирия 3,218876 0,000251
систем 0,798508 0,000249
система 0,235722 0,000165
систематически 3,912023 0,000153
системе 0,733969 0,000029
системеобсуждениевкладсоздать -0,009950 -0,000000
системное 3,506558 0,000137
системой 1,309333 0,000051
систему 0,673345 0,000079
системы 0,342490 0,000147
ситуации 1,347074 0,000053
ситуаций 2,407946 0,000094
ситуацию 1,771957 0,000207
сихотэ-алинь 2,813411 0,000110
сия 3,506558 0,000137
сказание 3,506558 0,000137
сказками 3,912023 0,000153
сказки 2,659260 0,000104
скачать -0,009950 -0,000000
сквозь 2,659260 0,000104
скипетр 3,506558 0,000137
складчатая 3,506558 0,000274
складчатого 3,912023 0,000458
складчатости 3,218876 0,000502
складчатый 3,912023 0,000305
складчатым 3,912023 0,000305
складчатых 3,506558 0,000137
скобках 2,207275 0,000086
сколько 0,653926 0,000026
скоморохи 3,912023 0,000153
сконцентрирована 3,506558 0,000137
скорость 0,867501 0,000068
скорпион 3,912023 0,000153
скр 3,506558 0,000137
скрябин 3,506558 0,000137
слабее 3,506558 0,000137
слабоподзолистые 3,912023 0,000153
слава 2,302585 0,000090
славист 3,912023 0,000153
славу 2,120264 0,000083
славы 1,078810 0,000168
славян 2,813411 0,000988
славянами 3,912023 0,000153
славяне 2,813411 0,000219
славянская 3,218876 0,000126
славянские 3,218876 0,000251
славянский 2,302585 0,000090
славянских 2,525729 0,000099
славянского 2,813411 0,000329
славянской 2,302585 0,000180
сланцево-базитовый 3,912023 0,000153
следовала 3,506558 0,000274
следом 3,218876 0,000126
следует 0,755023 0,000059
следующие 0,544727 0,000021
следующим 1,386294 0,000054
следующих 1,386294 0,000162
слезам 3,912023 0,000153
слишком 2,525729 0,000197
слияния 1,966113 0,000153
слов 1,560648 0,000061
слова 0,562119 0,000132
словаки 2,813411 0,000110
словакии 3,218876 0,000126
словакия 2,659260 0,000104
словари 0,116534 0,000005
словарь 0,274437 0,000032
словен 3,506558 0,000137
словене 3,912023 0,000153
словения 2,525729 0,000197
словенцы 2,995732 0,000117
слово 0,673345 0,000079
слоев 2,040221 0,000080
сложившегося 3,218876 0,000126
сложилась 1,832581 0,000071
сложились 2,525729 0,000099
сложного 3,218876 0,000126
служб 2,302585 0,000090
служба 0,693147 0,000892
службе 2,525729 0,000099
службу 2,207275 0,000517
службы 0,798508 0,000062
служит 2,302585 0,000180
слуцкий 3,912023 0,000153
случае 0,843970 0,000165
случаев 1,469676 0,000057
случая 2,659260 0,000104
случаях -0,009950 -0,000001
смеляков 3,912023 0,000153
смена 2,040221 0,000080
сменился 2,659260 0,000104
сменой 2,995732 0,000117
смену 1,966113 0,000153
сменяются 3,218876 0,000126
смереннымъ 3,912023 0,000153
смертей 3,912023 0,000305
смерти 1,771957 0,000415
смертности 2,040221 0,000398
смертность 2,525729 0,000690
смертностями 3,912023 0,000153
смертные 3,912023 0,000153
смерть 3,218876 0,000251
смешанная 3,506558 0,000137
смешанной 2,995732 0,000351
смешанные 2,302585 0,000180
смешанным 2,995732 0,000234
смешанных 2,207275 0,000172
сми 0,867501 0,000372
смирнов 2,302585 0,000090
смог 2,302585 0,000090
смогла 2,813411 0,000110
смогли 2,040221 0,000080
смоленска 2,995732 0,000117
смоленское 3,218876 0,000126
смоленской 2,995732 0,000117
смоленскому 3,912023 0,000153
смольянинова 3,506558 0,000137
смолятича 3,912023 0,000153
смородина 3,506558 0,000137
смородины 3,912023 0,000153
смута 3,218876 0,000126
смутное 2,995732 0,000117
смысловая 3,912023 0,000153
смыслу 3,506558 0,000137
снв 3,912023 0,000153
снг 1,714798 0,001204
снежный 1,660731 0,000065
снижает 2,302585 0,000090
снижается 1,714798 0,000134
снижение 1,609438 0,000314
снижением 2,995732 0,000117
снижения 1,714798 0,000201
снизил 3,218876 0,000126
снизила 3,912023 0,000153
снизилась 2,302585 0,000090
снизились 2,995732 0,000351
снизился 2,525729 0,000099
снизится 2,995732 0,000117
снизить 2,302585 0,000090
сноске 1,897120 0,000074
собирательное 3,912023 0,000153
соблюдением 3,218876 0,000126
соблюдения 2,995732 0,000117
собой 0,328504 0,000103
соболева 3,218876 0,000126
соболевская 3,912023 0,000153
соболь 2,659260 0,000104
собор 0,755023 0,000088
соборность 3,912023 0,000153
соборным 3,912023 0,000153
собрание 0,941609 0,000294
собранием 2,813411 0,000110
собраний 3,218876 0,000126
собрания 1,139434 0,000044
собственная 3,218876 0,000126
собственноручной 3,912023 0,000153
собственности 1,514128 0,000059
собственные 1,469676 0,000115
собственный 2,120264 0,000083
собственных 1,771957 0,000069
события 1,108663 0,000086
событияпожертвовать -0,009950 -0,000000
собянин 3,218876 0,000126
сов 3,218876 0,000126
сова 2,813411 0,000110
совершение 3,912023 0,000153
совершения 3,218876 0,000126
совершенных 2,407946 0,000094
совершенствование 2,207275 0,000086
совершивших 3,506558 0,000137
совершил 2,659260 0,000207
совершили 3,218876 0,000251
совести 3,912023 0,000153
совет 0,916291 0,000679
совета 0,798508 0,000561
советаколлективной 3,912023 0,000153
совете 2,525729 0,000099
советов 0,820981 0,000064
советом 1,897120 0,000074
советская 0,371064 0,000188
советские 1,347074 0,000368
советский 0,755023 0,000236
советскими 2,813411 0,000110
советских 1,386294 0,000487
советско-германском 3,912023 0,000153
советского 0,776529 0,000333
советское 0,994252 0,000116
советской 0,755023 0,000294
советском 2,120264 0,000083
советы 2,659260 0,000104
совещания 3,912023 0,000153
совместно 1,427116 0,000167
совместное 2,995732 0,000117
совокупной 3,218876 0,000126
совокупность 1,660731 0,000065
современная 1,108663 0,000043
современников 2,407946 0,000094
современного 0,653926 0,000026
современное 1,108663 0,000043
современной 0,579818 0,000136
современном 1,272966 0,000050
современному 2,813411 0,000110
современность 1,609438 0,000063
современные 0,916291 0,000071
современный 0,967584 0,000038
современным 1,832581 0,000071
современных 0,713350 0,000056
согласие 2,659260 0,000104
согласии 3,506558 0,000137
согласию 3,912023 0,000153
согласия 2,302585 0,000090
согласно 0,301105 0,000364
согласования 2,659260 0,000104
согласованного 3,912023 0,000153
соглашение 1,139434 0,000089
соглашений 2,813411 0,000110
соглашения 2,040221 0,000239
содействие 3,506558 0,000137
содержание 0,010050 0,000001
содержащим 3,912023 0,000153
содружества 3,506558 0,000410
содружество 3,506558 0,000137
соединения 1,897120 0,000074
соединенными 3,912023 0,000153
создав 2,813411 0,000110
создаваемой 3,218876 0,000126
создан 0,693147 0,000027
создана 0,891598 0,000070
создание 0,733969 0,000086
создании 1,203973 0,000094
созданного 2,659260 0,000104
созданным 2,813411 0,000110
создано 1,347074 0,000105
созданы 1,078810 0,000084
созыва 1,609438 0,000063
созывом 3,912023 0,000153
сойоты 3,506558 0,000137
соколенко 3,912023 0,000153
соколов 1,966113 0,000153
соколова 2,525729 0,000099
сокр 2,525729 0,000099
сократили 3,506558 0,000274
сократилось 1,897120 0,000592
сократился 2,407946 0,000094
сократить 2,525729 0,000099
сокращается 2,407946 0,000470
сокращались 3,218876 0,000126
сокращаться 2,813411 0,000110
сокращаются 3,912023 0,000153
сокращение 1,714798 0,000201
сокращением 2,525729 0,000296
сокращения 1,714798 0,000067
сокровищницу 3,912023 0,000153
сокрушительное 3,506558 0,000137
солдат 2,120264 0,000083
солей 2,302585 0,000180
солженицын 2,995732 0,000234
солнечная 2,120264 0,000083
солнце 1,714798 0,000067
солнцем 2,407946 0,000094
соловьев 2,040221 0,000159
соломоновыми 3,912023 0,000153
солончаки 2,813411 0,000110
сомали 3,506558 0,000137
сообщали 3,912023 0,000153
сообщалось 3,218876 0,000126
сообщение 1,049822 0,000041
сообщении 2,407946 0,000094
сообщений 2,120264 0,000083
сообщению 2,995732 0,000117
сообщения 0,820981 0,000064
сообщество 2,407946 0,000376
сообщил 2,659260 0,000104
сообщили 2,659260 0,000207
сообщить -0,009950 -0,000000
сооружений 1,078810 0,000042
соответственно 1,021651 0,000199
соответствие 2,302585 0,000180
соответствии 0,446287 0,000104
соответствовала 3,506558 0,000137
соответствует 1,427116 0,000056
соответствующая 2,525729 0,000099
соответствующие 1,560648 0,000061
соотношение 2,120264 0,000083
соотношения 2,995732 0,000117
соперничество 3,506558 0,000137
сопка 2,813411 0,000219
сопоставимых 2,995732 0,000117
сопровождаемый 3,218876 0,000126
сопровождались 3,506558 0,000137
сопротивление 2,407946 0,000094
сорби 3,912023 0,000153
сорван 3,912023 0,000153
соревнований 1,771957 0,000138
соревноваться 3,912023 0,000153
сорокин 2,995732 0,000234
сорокина 3,218876 0,000126
сортировкой 3,912023 0,000153
сословий 3,506558 0,000137
сосна 2,302585 0,000090
сосновом 2,995732 0,000117
сосны 2,302585 0,000090
сосредоточена 2,407946 0,000188
сосредоточено 1,897120 0,000148
сосредоточил 3,912023 0,000153
состав 0,400478 0,000297
составе 0,616186 0,000192
составив 2,813411 0,000219
составил 0,916291 0,001287
составила 1,021651 0,000638
составили 1,660731 0,000324
составило 1,272966 0,000248
составлена 2,207275 0,000086
составленном 2,207275 0,000086
составляет 0,314711 0,000331
составлял 1,771957 0,000346
составляла 1,272966 0,000298
составляли 1,660731 0,000324
составляло 1,347074 0,000158
составляют 0,798508 0,000156
составляющая 2,813411 0,000219
составляющей 2,813411 0,000110
составляющие 2,407946 0,000094
составных 3,506558 0,000137
составом 3,218876 0,000126
состоит 0,755023 0,000088
состоявшихся 3,218876 0,000126
состоял 2,659260 0,000104
состояла 2,813411 0,000219
состоялись 2,120264 0,000083
состояние 0,733969 0,000200
состоянии 1,309333 0,000051
состоянию 0,544727 0,000340
состояния 1,203973 0,000047
состоят 2,207275 0,000086
состоятельные 3,506558 0,000137
состоящая 2,302585 0,000090
состоящий 2,302585 0,000090
сосудистые 3,912023 0,000305
сотая 3,912023 0,000153
сотен 2,040221 0,000080
сотни 1,427116 0,000056
сотням 3,506558 0,000274
сотовой 1,469676 0,000057
сотрудников 1,966113 0,000383
сотрудничества 1,832581 0,000143
сотрудничествагосударства-члены 3,912023 0,000153
сотрудничестве 1,771957 0,000138
софиология 3,912023 0,000153
софия 3,218876 0,000126
сохранение 1,609438 0,000063
сохранением -0,009950 -0,000000
сохранению 2,813411 0,000110
сохранив 2,995732 0,000117
сохранила 3,506558 0,000274
сохранилась 2,120264 0,000083
сохранились 1,609438 0,000126
сохранит 3,506558 0,000137
сохраняют 2,813411 0,000110
соцгородов 3,506558 0,000137
социал-демократии 3,912023 0,000153
социализма 3,218876 0,000126
социалистическая 2,813411 0,000768
социалистический 3,218876 0,000126
социалистических 2,659260 0,000207
социалистической 1,897120 0,000296
социальная 1,514128 0,000472
социально-политическая 3,912023 0,000153
социально-политической 3,912023 0,000153
социально-экономические 2,407946 0,000094
социально-экономических 2,659260 0,000104
социально-экономического 1,237874 0,000097
социально-экономическое 2,302585 0,000269
социального 1,966113 0,000230
социальное 2,207275 0,000172
социальной 1,386294 0,000216
социальные 1,660731 0,000324
социальный 2,120264 0,000165
социальных 0,941609 0,000367
социологии 2,995732 0,000117
соч 3,506558 0,000137
сочи 1,514128 0,000413
сочинениях 2,813411 0,000110
союз 1,203973 0,000517
союза 0,733969 0,000401
союзгосударства 3,912023 0,000153
союзе 2,525729 0,000099
союзная 3,218876 0,000126
союзниками 3,506558 0,000274
союзники 2,995732 0,000234
союзников 2,813411 0,000110
союзное 3,912023 0,000458
союзный 3,218876 0,000126
союзных 2,407946 0,000188
союзом 2,120264 0,000083
союзы 2,995732 0,000117
спаду 3,912023 0,000153
спасителя 2,659260 0,000104
спб 0,385662 0,000075
спейс 3,912023 0,000153
спектр 1,897120 0,000148
спесивцева 3,912023 0,000153
специализированное 3,218876 0,000126
специализированных 1,514128 0,000059
специалист 2,995732 0,000117
специалистов 1,078810 0,000042
специальная 1,771957 0,000069
специальное 2,040221 0,000080
специальной 2,120264 0,000165
специальностью 3,912023 0,000153
специальный 1,832581 0,000071
специальных 1,514128 0,000118
специфике 3,912023 0,000153
спецназначения 3,506558 0,000137
спецслужбы 3,506558 0,000274
спикеры 3,912023 0,000153
спиреи 3,912023 0,000153
списки 1,714798 0,000067
списков 2,813411 0,000110
список 0,248461 0,000136
сплошную 3,506558 0,000137
спонсором 3,506558 0,000137
спорт 0,776529 0,000212
спорта 0,916291 0,000036
спортивной 2,040221 0,000080
спортивные 1,078810 0,000084
спортивных 1,108663 0,000130
спортом 2,995732 0,000117
спортсменам 3,218876 0,000126
спортсменов 2,302585 0,000359
спортсмены 2,302585 0,000269
способности 2,120264 0,000083
способность 1,897120 0,000074
способностью 2,813411 0,000110
способны 2,207275 0,000086
способом 1,771957 0,000069
способствовали 2,659260 0,000311
способствует 1,609438 0,000063
справа 1,714798 0,000067
справедливая 2,525729 0,000099
справка 1,272966 0,000199
справочник 0,916291 0,000250
справочники 2,659260 0,000207
спутник 2,207275 0,000258
спутника 2,525729 0,000099
спутникового 3,506558 0,000137
сравнению 1,078810 0,000210
сравнения 1,966113 0,000153
сравнительно-исторического 3,912023 0,000153
сравнительный 3,506558 0,000137
сравнялась 3,912023 0,000153
сражалось 3,912023 0,000153
сразу 0,994252 0,000039
среда 1,386294 0,000054
среде 1,660731 0,000065
среди 0,198451 0,000209
средиземноморская 3,912023 0,000153
средиземноморского 3,218876 0,000126
средне-сибирскому 3,912023 0,000153
среднеазиатские 3,218876 0,000251
среднеазиатских 3,506558 0,000274
средневековое 3,912023 0,000153
средневековые 2,659260 0,000104
средневысотных 3,506558 0,000137
среднего 1,049822 0,000205
среднегодовая 1,078810 0,000042
среднегодовые 2,525729 0,000099
среднедушевые 3,912023 0,000153
среднее 1,272966 0,000199
средней 0,867501 0,000102
среднем 0,693147 0,000162
среднемесячная 1,771957 0,000138
среднемирового 3,912023 0,000153
среднемировые 3,912023 0,000305
среднеобеспеченных 3,912023 0,000153
среднеразвитых 3,912023 0,000153
среднерусская 3,506558 0,000137
среднесибирская 3,912023 0,000153
среднесибирское 3,912023 0,000153
средние 0,941609 0,000037
средний 0,494296 0,000096
средних 1,078810 0,000084
средняя 0,510826 0,000159
средств 0,597837 0,000140
средства 0,415515 0,000097
средствами 1,771957 0,000138
средством 2,207275 0,000086
среды 0,755023 0,000029
срок 1,237874 0,000290
срока 2,525729 0,000099
сроки 1,966113 0,000077
сроков 3,218876 0,000502
сроком 1,966113 0,000077
српски 0,000000 0,000000
српскохрватски 0,000000 0,000000
срубную 3,912023 0,000153
сср 0,820981 0,000064
ссср 0,314711 0,000994
ссылка 0,274437 0,000150
ссылками 0,186330 0,000044
ссылкамистраницы 2,525729 0,000099
ссылкасведения -0,009950 -0,000000
ссылки -0,009950 -0,000003
ссылок 0,693147 0,000027
стабилизации 3,506558 0,000137
стабилизировалась 3,506558 0,000137
стабильность 2,995732 0,000117
стабильным 2,659260 0,000104
ставился 3,506558 0,000137
ставит 2,302585 0,000090
ставка 2,659260 0,000104
ставки 3,506558 0,000137
ставших 3,218876 0,000126
стадионов 1,660731 0,000065
стал 0,314711 0,000074
стала 0,462035 0,000180
стали 0,430783 0,000252
сталин 2,525729 0,000296
сталина 2,040221 0,000159
сталинградом 3,218876 0,000126
сталинской 3,218876 0,000126
стало 0,494296 0,000077
сталь 3,218876 0,000126
стандарта 2,120264 0,000083
стандартам 2,207275 0,000172
стандартизации 2,525729 0,000099
стандартная 2,207275 0,000086
станислав 2,407946 0,000094
становилась 2,659260 0,000104
становились 2,525729 0,000197
становится 0,527633 0,000041
становление 1,966113 0,000230
становления 1,609438 0,000126
становое 2,995732 0,000117
становятся 1,714798 0,000067
станции 0,693147 0,000027
станций 1,309333 0,000051
станцию 1,897120 0,000074
станция 0,798508 0,000062
старая 0,430783 0,000050
староверова 3,912023 0,000153
старого 1,347074 0,000053
старой 1,514128 0,000059
старше 1,966113 0,000307
стат 2,302585 0,000629
статей 0,967584 0,000038
статистика -0,009950 -0,000001
статистики 0,713350 0,000612
статистику 3,506558 0,000137
статистическая 3,506558 0,000137
статистический 0,755023 0,000177
статистическом 3,506558 0,000137
статус 0,510826 0,000100
статуса 1,309333 0,000051
статусе 1,560648 0,000061
статусу 2,659260 0,000104
статье 0,941609 0,000073
статьей 3,912023 0,000153
статьестатьи 0,843970 0,000033
статьи 0,072571 0,000085
статьислучайная -0,009950 -0,000000
статьисообществофорумсправкасвежие -0,009950 -0,000000
статью 0,616186 0,000024
статья 0,105361 0,000234
статьями 3,506558 0,000137
статьяобсуждение -0,009950 -0,000000
статьятекущие -0,009950 -0,000000
стационарной 1,832581 0,000071
стационарную 3,506558 0,000137
степанов 2,813411 0,000110
степей 2,407946 0,000188
степени 0,843970 0,000132
степенью 2,813411 0,000110
степи 1,966113 0,000077
степной 2,207275 0,000172
степных 2,813411 0,000110
степун 3,912023 0,000153
степь 2,525729 0,000197
стержнем 3,912023 0,000153
стиле 0,994252 0,000039
стилей 2,120264 0,000083
стилем 3,912023 0,000153
стили 2,302585 0,000090
стиль 1,714798 0,000067
стиля 1,714798 0,000067
стимулирования 3,912023 0,000153
стожаров 3,912023 0,000153
стоимости 1,966113 0,000230
стоимость 1,237874 0,000097
стоит 1,237874 0,000145
столица 0,967584 0,000528
столицей 1,171183 0,000091
столицы 1,049822 0,000041
столкновение 3,218876 0,000126
столкновению 3,912023 0,000153
столько 1,832581 0,000071
стоп-листах 3,912023 0,000153
стоп-листов 3,912023 0,000153
стор 0,000000 0,000000
сторон 1,660731 0,000130
сторонами 2,525729 0,000099
сторонниками 3,506558 0,000137
стороны 0,430783 0,000084
стоять 2,659260 0,000104
стр 1,309333 0,000051
стравинский 3,506558 0,000137
страдает 2,995732 0,000117
стран 0,597837 0,000816
стран-учредителей 3,912023 0,000305
стран-членов 3,912023 0,000153
страна 0,462035 0,000054
странам 2,813411 0,000329
странами 2,207275 0,000258
странах 1,560648 0,000304
стране 0,867501 0,000474
страница -0,009950 -0,000001
страницасодержаниеизбранные -0,009950 -0,000000
странице 2,120264 0,000083
страницей 3,912023 0,000153
страницецитировать -0,009950 -0,000000
страницуполучить -0,009950 -0,000000
страницы -0,009950 -0,000002
страницыслужебные -0,009950 -0,000000
страной 2,659260 0,000933
страну 2,207275 0,000258
страны 0,634878 0,001189
страны-партнеры 3,912023 0,000153
стратегические 2,995732 0,000234
стратегический 2,525729 0,000099
стратегических 2,813411 0,000110
стратегического 2,407946 0,000188
стратегическое 2,813411 0,000329
страхование 2,995732 0,000117
страхования 2,995732 0,000117
страховая 3,218876 0,000126
страховой 3,506558 0,000137
стремительно 2,302585 0,000090
стремлении 3,506558 0,000137
стрепет 3,506558 0,000137
строгих 3,506558 0,000137
строгой 3,506558 0,000137
строение 1,966113 0,000153
строении 2,659260 0,000104
строительных 1,427116 0,000056
строительства 0,673345 0,000026
строительстве 1,078810 0,000084
строительство 0,510826 0,000100
строительству 1,469676 0,000057
строй 1,771957 0,000207
строке 1,609438 0,000063
строя 2,995732 0,000701
строят 2,525729 0,000099
строятся 1,714798 0,000067
строящихся 3,506558 0,000137
стругацкие 3,912023 0,000153
структура 0,967584 0,000453
структуре 1,272966 0,000099
структурный 3,912023 0,000153
студеникин 3,912023 0,000153
студентов 1,272966 0,000050
студенческий 2,525729 0,000099
студии 2,525729 0,000099
студийской 3,912023 0,000153
студиями 3,912023 0,000153
субарктический 3,506558 0,000137
субарктическом 3,912023 0,000153
суббореальные 3,912023 0,000153
субсредиземноморская 3,912023 0,000458
субтропическом 3,912023 0,000153
субъекта 2,302585 0,000180
субъектам 2,813411 0,000439
субъектах 3,506558 0,000684
субъектов 0,755023 0,000530
субъектов-республик 3,912023 0,000153
субъекты 1,897120 0,000222
суверенитета 3,912023 0,000153
суверенитете 3,506558 0,000137
суверенитетов 3,912023 0,000153
суверенным 3,912023 0,000153
суверенных 3,218876 0,000126
суворина 3,912023 0,000153
суд 1,469676 0,000287
суда 1,078810 0,000084
судан 3,218876 0,000126
судебная 3,912023 0,000763
судебник 3,912023 0,000153
судебную 2,995732 0,000234
судебных 2,659260 0,000104
судимых 3,912023 0,000153
судов 1,237874 0,000145
судом 3,506558 0,000410
судостроение 3,218876 0,000126
судоходным 2,995732 0,000117
судоходными 3,506558 0,000137
судоходных 2,995732 0,000234
суды 2,407946 0,000470
судьи 2,995732 0,000117
сулакшин 3,912023 0,000153
султанова 3,506558 0,000137
сумароков 3,912023 0,000153
сумах 3,912023 0,000153
сумели 2,813411 0,000110
суммарно 2,995732 0,000117
суммарный 2,302585 0,000180
сумму 2,207275 0,000172
суммы 2,525729 0,000099
сумской 3,506558 0,000274
сургут 2,407946 0,000094
суринам 3,506558 0,000137
сурок 3,912023 0,000153
суслик 3,912023 0,000153
суток 2,207275 0,000086
сухая 1,966113 0,000077
сухона 3,912023 0,000153
сухопутную 3,218876 0,000126
сухопутные 3,506558 0,000547
суше 2,659260 0,000104
существенно 1,108663 0,000086
существенную 2,525729 0,000099
существенным 2,813411 0,000110
существенных 2,659260 0,000104
существовал 1,469676 0,000057
существовала 1,386294 0,000054
существовали 1,309333 0,000051
существовало 1,427116 0,000056
существование 1,049822 0,000123
существованиенепризнанные 3,912023 0,000305
существованиечастично 3,912023 0,000153
существовании 2,302585 0,000090
существования 1,272966 0,000050
существует 0,446287 0,000139
существуют 0,162519 0,000006
существующие 2,040221 0,000080
сущности 2,302585 0,000090
суэтин 3,912023 0,000153
сфера 1,347074 0,000263
сфере 0,967584 0,000226
сферой 3,218876 0,000126
сферу 2,995732 0,000117
сферы 1,309333 0,000153
сфокусировавшись 3,912023 0,000153
сформировалась 2,302585 0,000090
схема 1,386294 0,000054
схизофрагма 3,912023 0,000153
сходятся 2,995732 0,000117
счастья 2,659260 0,000104
счет 0,673345 0,000053
счетная 2,995732 0,000234
счетной 3,218876 0,000126
считает 1,714798 0,000067
считают 1,660731 0,000194
считая 2,207275 0,000086
сша 0,562119 0,000526
съвръшишяся 3,912023 0,000153
съезд 2,120264 0,000083
съезда 2,659260 0,000311
съезде 2,995732 0,000117
съемки 2,407946 0,000094
сыгравшей 3,506558 0,000137
сыгравший 3,506558 0,000137
сыграло 3,506558 0,000137
сырья 2,120264 0,000083
сычев 3,218876 0,000126
сьерра-леоне 3,506558 0,000274
сэв 3,912023 0,000610
сюда 1,108663 0,000043
сюдасвязанные -0,009950 -0,000000
сюжеты 3,506558 0,000137
сямынь 3,912023 0,000153
сянган 3,912023 0,000153
таалатбек 3,912023 0,000153
табасараны 1,832581 0,000071
таблица 0,653926 0,000153
таблицах 3,218876 0,000126
таблице 2,525729 0,000099
таджики 1,347074 0,000053
таджикистан 2,407946 0,000845
таежная 3,218876 0,000126
таежно-мерзлотные 3,912023 0,000153
таежных 3,218876 0,000126
тазы 3,506558 0,000137
таиланд 2,813411 0,000439
тайвань 3,218876 0,000251
тайга 1,966113 0,000230
тайге 2,813411 0,000110
тайги 2,040221 0,000318
таймыр 2,813411 0,000219
таймыра 3,912023 0,000153
тайны 2,813411 0,000110
тайным 2,525729 0,000099
тайфун 3,218876 0,000126
такая 1,386294 0,000054
также 0,000000 0,000000
такие 0,261365 0,000031
таким 0,527633 0,000103
такими 1,660731 0,000065
таких 0,510826 0,000100
талина 3,912023 0,000153
талыш-муганская 3,912023 0,000153
талыши 1,897120 0,000074
тамара 2,407946 0,000094
тамм 3,506558 0,000137
таможенного 3,506558 0,000410
таможенный 3,506558 0,000684
танков 2,995732 0,000117
танцовщики 3,912023 0,000153
танцоры 3,912023 0,000153
тарашкев 0,000000 0,000000
тариф 2,813411 0,000110
тарифов 2,995732 0,000117
тарковский 3,506558 0,000137
тасмагамбетов 3,912023 0,000153
тасс 1,171183 0,000137
татарами 2,659260 0,000104
татария 3,912023 0,000153
татарская 2,525729 0,000099
татарский 1,771957 0,000069
татарского 2,659260 0,000104
татарстан 2,120264 0,000083
татарстане 3,506558 0,000137
татарча 0,000000 0,000000
татары 0,798508 0,000156
татищева 2,813411 0,000110
татского 3,912023 0,000153
таты 2,525729 0,000099
татьяна 1,609438 0,000126
тахтаджян 3,912023 0,000153
ташкент 3,218876 0,000377
твардовский 3,912023 0,000153
твердым 2,995732 0,000234
тверское 3,912023 0,000153
тверь 1,514128 0,000059
творчества 1,514128 0,000059
творчество 1,966113 0,000307
тгму 3,912023 0,000153
театр 0,713350 0,000223
театра 1,021651 0,000040
театрального 2,207275 0,000086
театральное 2,302585 0,000180
театров 1,203973 0,000094
театру 2,995732 0,000117
театры 0,941609 0,000037
текст -0,009950 -0,000001
тектология 3,912023 0,000153
тектонически 3,912023 0,000153
текущие 3,912023 0,000153
текущий 2,813411 0,000110
теле 2,207275 0,000086
телевидение 0,967584 0,000453
телевидением 3,218876 0,000126
телевидении 2,659260 0,000207
телевидению 2,525729 0,000099
телевидения 1,237874 0,000338
телевизионное 2,302585 0,000090
телевизионные 2,995732 0,000351
телевизионным 3,912023 0,000153
тележурналист 3,912023 0,000153
телезрителей 3,912023 0,000153
телеканал 1,309333 0,000051
телеканалами 3,506558 0,000274
телеканале 2,813411 0,000110
телеканалу 3,912023 0,000305
телеканалы 1,966113 0,000077
телекоммуникационной 3,912023 0,000153
телекоммуникационном 3,912023 0,000153
телекомпания 2,302585 0,000180
теленгиты 3,912023 0,000153
телепередачах 3,912023 0,000153
телерадиокомпанией 3,912023 0,000305
телерадиокомпании 3,912023 0,000153
телерадиокомпаниями 3,912023 0,000153
телеуты 2,995732 0,000117
телефонной 1,714798 0,000067
телефонный 0,776529 0,000061
телеэкранах 3,912023 0,000153
телеэфир 3,912023 0,000153
тема 1,897120 0,000222
темам 3,912023 0,000305
тематики 2,813411 0,000110
тематикой 3,506558 0,000137
тематические 0,510826 0,000020
темахисторияхронология 3,912023 0,000153
темно-каштановые 3,912023 0,000153
темой 2,813411 0,000110
темпам 2,659260 0,000311
темпами 2,302585 0,000269
температур 1,609438 0,000063
температура 0,562119 0,000066
температурах 3,912023 0,000153
температуры 1,139434 0,000044
темпы 2,525729 0,000493
темы 1,714798 0,000067
тенденцией 2,813411 0,000219
тенденции 1,832581 0,000500
тенденциям 3,912023 0,000153
тендряков 3,912023 0,000153
теневой 2,995732 0,000234
теннис 2,813411 0,000219
теннисистов 3,912023 0,000153
тень 2,995732 0,000117
теоретическая 2,407946 0,000094
теоретической 2,659260 0,000104
теории 1,514128 0,000118
тепловых 2,659260 0,000104
теплообеспеченности 3,912023 0,000153
терапевты 3,912023 0,000153
терапии 3,506558 0,000410
терешковой 2,995732 0,000117
термин 1,049822 0,000041
термина 0,400478 0,000016
терминов 2,207275 0,000086
терригенным 3,912023 0,000153
территориальный 1,660731 0,000065
территориальных 0,776529 0,000030
территорией 1,469676 0,000115
территории 0,400478 0,000812
территорий 1,049822 0,000123
территорию 0,941609 0,000110
территория 0,755023 0,000236
территориями 1,897120 0,000074
территориях 0,916291 0,000071
террор 2,813411 0,000219
террора 2,525729 0,000099
терроризм 3,506558 0,000137
терроризма 3,506558 0,000274
террористическим 3,506558 0,000137
террористических 2,995732 0,000117
тетерев 3,506558 0,000137
тех 0,798508 0,000031
техника 1,660731 0,000065
техники 0,867501 0,000034
техникум 1,714798 0,000067
техническая 1,714798 0,000067
технический 1,021651 0,000040
технологии 0,798508 0,000156
технологий 0,653926 0,000102
технологической 2,525729 0,000099
течение 0,527633 0,000021
ти-р 0,000000 0,000000
тигр 2,813411 0,000110
тикси 2,659260 0,000104
тил 3,912023 0,000153
тимати 3,912023 0,000153
тимонин 3,912023 0,000153
тимор 3,218876 0,000126
тип 0,356675 0,000014
типа 0,462035 0,000018
типами 2,659260 0,000104
типичная 2,813411 0,000219
типичны 2,813411 0,000110
типов 1,386294 0,000054
типовой 2,813411 0,000219
типовому 3,912023 0,000153
типу 2,995732 0,000117
типы 1,514128 0,000177
тиражи 3,912023 0,000153
тис 3,218876 0,000251
титова 2,995732 0,000117
титомир 3,912023 0,000153
титул 2,302585 0,000180
титулярника 3,912023 0,000153
тихого 2,120264 0,000165
тихоокеанский 2,995732 0,000234
тихоокеанского 2,302585 0,000180
тишков 2,995732 0,000351
тобольске 3,506558 0,000137
товарам 3,912023 0,000153
товарами 2,525729 0,000197
товарная 3,218876 0,000126
товарный -0,009950 -0,000000
товарным 3,506558 0,000137
товаров 1,049822 0,000082
товаром 3,912023 0,000153
товары 1,966113 0,000077
той 1,049822 0,000041
токио 2,302585 0,000090
толмачево 2,995732 0,000117
толстой 2,813411 0,000329
толщами 3,506558 0,000137
тольк 0,000000 0,000000
тольятти 1,514128 0,000059
томах 1,832581 0,000214
томск 1,108663 0,000086
томским 3,506558 0,000137
томского 2,207275 0,000086
тонн 1,108663 0,000519
тонно-км 3,912023 0,000763
топ 1,347074 0,000105
топ-менеджеров 3,912023 0,000153
топливно-энергетических 3,912023 0,000153
топоним 2,302585 0,000090
торговли 0,867501 0,000169
торговля 1,021651 0,000120
торжеств 3,506558 0,000137
торжественных 2,659260 0,000104
тоталитаризма 3,912023 0,000153
тоталитарный 3,912023 0,000153
тоталитарным 3,506558 0,000137
тофалары 3,506558 0,000137
точечные 3,912023 0,000153
точечными 3,912023 0,000153
точка 1,309333 0,000255
точки 1,049822 0,000082
точкой 2,120264 0,000165
точности 3,912023 0,000153
траве 2,407946 0,000094
традицией 2,995732 0,000117
традиции 1,386294 0,000216
традиционно 1,347074 0,000263
традиционного 2,407946 0,000094
традиционное 2,995732 0,000117
трамвайное 2,525729 0,000099
трамвайных 1,660731 0,000130
трамвая 1,347074 0,000053
трампа 3,506558 0,000137
трансперенси 3,912023 0,000153
трансплантологии 3,912023 0,000153
транспорт 0,693147 0,000622
транспорта 0,776529 0,000394
транспорте 1,514128 0,000059
транспортировка 3,912023 0,000153
транспортная 1,237874 0,000097
транспортной 1,108663 0,000043
транспортные 1,609438 0,000063
транспортных 0,891598 0,000104
транспортом 1,469676 0,000115
транссибирская 2,207275 0,000086
трансфера 3,912023 0,000153
трансформации 2,525729 0,000099
трансформацию 3,218876 0,000126
трансформировалось 3,218876 0,000126
трапезную 3,912023 0,000153
трапповыми 3,912023 0,000153
требующие 1,347074 0,000053
тредиаковский 3,912023 0,000153
трейвиш 3,912023 0,000153
трем 2,525729 0,000099
тремя 1,609438 0,000126
третий 1,203973 0,000047
третье 1,560648 0,000061
третьего 1,771957 0,000276
третьей 1,832581 0,000071
третьему 3,218876 0,000126
третьи 3,218876 0,000251
третья 1,609438 0,000063
третьяковская 3,506558 0,000137
трех 0,713350 0,000056
трибунами 2,525729 0,000099
триллионов 2,995732 0,000117
трио 3,506558 0,000137
трлн 2,207275 0,002324
троица 2,995732 0,000117
троллейбусное 2,302585 0,000090
троллейбусных 1,347074 0,000053
тромс 3,912023 0,000153
тропинин 3,912023 0,000153
трубецкой 3,506558 0,000137
трубкой 3,912023 0,000153
трубопроводного 2,995732 0,000117
трубопроводный 3,506558 0,000137
трубопроводов 3,912023 0,000153
трубопроводы 3,218876 0,000126
труд 1,660731 0,000130
труда 1,139434 0,000311
трудности 2,407946 0,000094
трудовой 1,237874 0,000193
трудовые 2,659260 0,000104
трудом 2,995732 0,000117
трудоспособного 1,771957 0,000207
трупами 3,506558 0,000137
тры 3,912023 0,000153
туапсе 1,897120 0,000074
тубалары 3,912023 0,000153
тува 3,506558 0,000137
тувинского 3,506558 0,000137
тувинцы 2,120264 0,000083
тувы 2,995732 0,000234
тумане 3,912023 0,000153
тунгуска 2,995732 0,000117
тундра 2,813411 0,000439
тундре 3,218876 0,000126
тундровая 3,506558 0,000137
тундровой 3,506558 0,000137
тундровые 3,912023 0,000305
тундры 2,525729 0,000197
тунис 2,995732 0,000117
тур 2,407946 0,000376
туранская 3,912023 0,000153
тургенев 3,218876 0,000251
туре 2,659260 0,000415
турецкая 2,813411 0,000329
туризм 1,347074 0,000578
туризма 1,609438 0,000063
туриндустрии 3,506558 0,000137
туриста 3,506558 0,000137
туристических 1,966113 0,000077
туристическое 2,995732 0,000117
туристической 2,407946 0,000094
туристов 1,560648 0,000061
турки 1,832581 0,000071
турки-месхетинцы 2,525729 0,000099
туркменистан 2,813411 0,000549
туркмены 1,966113 0,000077
турнирах 3,912023 0,000153
турнире 3,218876 0,000126
турниров 3,912023 0,000153
турниры 2,813411 0,000110
туруслуг 3,912023 0,000153
турция 2,207275 0,000603
тыва 2,995732 0,000117
тыла 1,897120 0,000074
тыловым 3,506558 0,000137
тыс 0,430783 0,001075
тысяч 0,415515 0,000292
тысячелетие 2,813411 0,000110
тысячи 0,597837 0,000210
тысячу 1,897120 0,000074
тюлени 3,218876 0,000126
тюмень 1,171183 0,000137
тюрко 3,912023 0,000153
тютчев 3,912023 0,000153
тяжелая 2,659260 0,000207
тяжелой 2,407946 0,000094
тяжелые 3,218876 0,000126
тяжелый 3,218876 0,000251
тяжести 2,407946 0,000094
тяжкий 3,912023 0,000458
тяжких 2,659260 0,000207
тяжкого 2,995732 0,000117
тянется 2,659260 0,000104
тянутся 3,506558 0,000137
тяньцзинь 3,912023 0,000153
убеждения 3,218876 0,000126
убийств 2,407946 0,000094
убитых 3,218876 0,000251
убрав 2,040221 0,000080
убыль 2,525729 0,000099
увеличением 2,120264 0,000248
увеличения 1,771957 0,000069
увеличивающимися 3,912023 0,000153
увеличил 2,995732 0,000351
увеличилась 1,427116 0,000167
увеличились 3,218876 0,000126
увеличилось 1,309333 0,000102
увеличился 1,832581 0,000286
увеличить 1,966113 0,000077
увенчан 2,040221 0,000080
уволены 3,506558 0,000137
уволить 3,912023 0,000305
увольнении 3,912023 0,000153
уганда 3,506558 0,000274
углами 3,506558 0,000137
углубляется 3,912023 0,000153
угля 2,525729 0,000788
уголовного 2,525729 0,000099
уголовной 3,912023 0,000153
уголовные 3,506558 0,000137
уголовным 3,912023 0,000153
уголовными 3,912023 0,000153
уголь 2,207275 0,000086
угольном 3,912023 0,000153
угроза 2,120264 0,000083
угрозой 2,407946 0,000094
угрозу 2,302585 0,000090
угрозы 2,525729 0,000197
удаленности 2,659260 0,000104
удалось 1,237874 0,000145
ударов 3,218876 0,000126
удельного 3,506558 0,000137
удельный 2,120264 0,000248
уделяет 3,218876 0,000126
удины 2,525729 0,000099
удмуртского 3,506558 0,000137
удмурты 1,660731 0,000130
удобные 2,813411 0,000110
удобрения 2,813411 0,000110
удовлетворенности 3,506558 0,000137
удовлетворяются 3,912023 0,000153
удостоен 2,302585 0,000090
удостоены 2,302585 0,000180
удэгейцы 2,995732 0,000117
уефа 2,525729 0,000099
ужесточению 3,912023 0,000153
ужесточился 3,912023 0,000153
ужи 3,912023 0,000153
узала 3,912023 0,000153
узбеки 1,386294 0,000054
узбекистан 2,302585 0,000808
узбекистана 3,506558 0,000137
узкое 3,506558 0,000137
узкой 2,407946 0,000094
уимблдон 3,912023 0,000153
уйгуры 2,040221 0,000080
уйльта 2,995732 0,000117
указавшего 3,218876 0,000126
указавшие 1,771957 0,000069
указала 3,506558 0,000137
указали 2,040221 0,000080
указан 0,139262 0,000005
указана 1,427116 0,000056
указанием -0,009950 -0,000001
указанной 2,813411 0,000110
указанном 2,659260 0,000104
указанную 3,912023 0,000153
указатели 3,218876 0,000126
указатель 2,207275 0,000086
указов 3,912023 0,000153
указы 3,218876 0,000126
указывает 1,660731 0,000065
указывается 2,120264 0,000083
укр 2,040221 0,000318
укра 0,000000 0,000000
украина 1,560648 0,000426
украине 2,407946 0,000282
украиной 1,966113 0,000460
украинские 3,218876 0,000126
украинский 2,120264 0,000165
украинского 2,813411 0,000329
украину 1,897120 0,000740
украинцы 0,891598 0,000070
украины 0,616186 0,000481
укрепили 3,218876 0,000126
укрепление 2,407946 0,000188
укреплению 3,506558 0,000137
уланам 3,912023 0,000153
уланд 2,995732 0,000117
уланова 3,506558 0,000137
улучшите 1,897120 0,000074
ульчи 3,218876 0,000126
ульянова 2,302585 0,000090
ульяновск 1,078810 0,000042
умение 2,995732 0,000117
уменьшением 3,218876 0,000126
уменьшилось 2,407946 0,000094
умеренном 3,912023 0,000305
умеренный 1,897120 0,000148
умерших 1,832581 0,000071
умирает 3,912023 0,000153
умной 3,506558 0,000137
ун-т 0,000000 0,000000
ун-та 2,120264 0,000083
унаследовала 3,912023 0,000153
унаследовали 3,912023 0,000153
универсальная 0,891598 0,000035
универсиад 3,912023 0,000153
универсиада 3,218876 0,000251
универсиаду 3,506558 0,000137
университет 0,562119 0,000219
университета 0,446287 0,000070
университетов 1,660731 0,000194
университеты 1,966113 0,000077
уникальны 3,506558 0,000137
уничтожение 2,302585 0,000090
упадок 2,659260 0,000104
упало 2,995732 0,000117
уполномоченный 3,912023 0,000458
упоминание 1,237874 0,000048
упомянутых 3,506558 0,000137
употреблено 3,912023 0,000153
управление 0,527633 0,000041
управлением 1,427116 0,000056
управлении 2,407946 0,000094
управления 0,415515 0,000032
управляемости 3,912023 0,000153
упразднена 2,040221 0,000159
упразднить 3,912023 0,000153
урал 1,560648 0,000365
урала 1,609438 0,000063
уралинформбюро 3,506558 0,000137
урало-монгольский 3,912023 0,000153
урало-монгольского 3,912023 0,000153
уральская 2,525729 0,000099
уральские 2,302585 0,000090
уральский 2,302585 0,000269
уральскими 3,218876 0,000126
уральской 2,302585 0,000090
уренгой 3,218876 0,000126
уровень 0,579818 0,000520
уровне 0,916291 0,000107
уровней 2,659260 0,000104
уровнем 0,798508 0,000125
уровни 2,525729 0,000197
уровню 1,897120 0,000888
уровня 0,634878 0,000396
усилением 3,218876 0,000126
усиливается 2,995732 0,000117
усилий 2,525729 0,000197
усилил 3,506558 0,000137
усилили 3,218876 0,000126
усилилось 3,506558 0,000137
усилия 2,995732 0,000117
ускорения 2,659260 0,000104
ускорил 3,912023 0,000153
ускоряющимися 3,912023 0,000153
условие 2,995732 0,000117
условии 2,813411 0,000110
условий -0,009950 -0,000000
условия -0,009950 -0,000001
условиям 1,966113 0,000077
условиях 1,049822 0,000041
условность 3,912023 0,000153
услуг 0,967584 0,000377
услугами 2,525729 0,000197
успенский 1,514128 0,000118
успехов 3,218876 0,000126
успеху 3,506558 0,000137
успешно 1,832581 0,000143
успешного 2,207275 0,000086
успешности 3,912023 0,000153
усредненный 3,912023 0,000153
усср 3,218876 0,000126
устав 0,941609 0,000037
уставные 3,506558 0,000137
устанавливаемыми 3,912023 0,000153
устанавливает 3,218876 0,000251
устанавливать 2,813411 0,000110
устанавливаться 3,912023 0,000153
установил 2,659260 0,000104
установлен 0,941609 0,000037
установлена 1,237874 0,000097
установленной 2,995732 0,000117
установленный 2,407946 0,000094
установлены 1,560648 0,000183
устарела 2,040221 0,000080
устойчивого 2,525729 0,000197
устойчивой 2,995732 0,000117
устойчивый 2,813411 0,000110
устройстве 1,171183 0,000046
устройство 1,021651 0,000239
устройством 3,218876 0,000126
уступала 3,912023 0,000153
уступая 2,207275 0,000258
усть-луга 2,813411 0,000110
утвердил 2,302585 0,000090
утверждению 2,525729 0,000099
утечка 3,218876 0,000126
утилизации 2,813411 0,000110
уткин 3,506558 0,000137
утомленные 3,218876 0,000126
уточнения 1,514128 0,000059
уточнил 3,912023 0,000153
уточнить 2,120264 0,000083
утрате 3,506558 0,000137
утратили 3,506558 0,000137
утратой 3,506558 0,000137
утраты 3,506558 0,000137
утраченные 2,995732 0,000117
утро 2,813411 0,000219
утроилось 3,218876 0,000126
утта 3,912023 0,000153
уфа 0,967584 0,000340
уфимского 2,995732 0,000117
ухарь-купец 3,506558 0,000137
уцелевших 3,506558 0,000137
участвовавший 3,912023 0,000153
участвовавших 3,506558 0,000137
участие -0,009950 -0,000002
участием 1,469676 0,000057
участия 1,966113 0,000077
участки 1,514128 0,000059
участники 1,771957 0,000276
участников 1,272966 0,000050
учащихся 1,714798 0,000067
учебник 1,771957 0,000138
учебно 3,912023 0,000153
учебное 1,469676 0,000115
учебном 2,659260 0,000207
учебные 1,108663 0,000130
учебных 1,049822 0,000164
учеников 2,995732 0,000117
ученических 3,912023 0,000153
учения 2,813411 0,000219
ученые 1,427116 0,000167
ученый 1,714798 0,000134
ученым 2,207275 0,000086
ученых 1,203973 0,000376
учета 1,560648 0,000122
учетную -0,009950 -0,000000
учетом 0,755023 0,000147
училище 1,021651 0,000120
учителей 2,040221 0,000080
учитывать 2,120264 0,000083
учредители 3,912023 0,000153
учредительное 3,506558 0,000274
учредительным 3,912023 0,000153
учреждается 3,506558 0,000137
учрежден 1,832581 0,000071
учреждением 2,407946 0,000094
учреждений 0,891598 0,000278
учтенное 3,912023 0,000153
ушаков 2,659260 0,000104
ущерб 2,040221 0,000080
фаза 3,506558 0,000137
факта 2,302585 0,000090
фактически 0,916291 0,000036
фактическим 3,506558 0,000137
фактов 1,386294 0,000054
факты 1,108663 0,000086
факультет 2,207275 0,000086
фальсификациями 3,912023 0,000153
фарерские 3,218876 0,000126
фармацевтическая 2,995732 0,000117
фауна 1,272966 0,000149
фев 2,525729 0,000099
феврале 1,203973 0,000047
февральской 2,302585 0,000180
февраля 0,051293 0,000156
федера 0,000000 0,000000
федеральная 0,713350 0,000723
федерального 0,673345 0,000394
федеральное 1,832581 0,000429
федеральной 0,891598 0,000035
федеральном 1,771957 0,000138
федеральному 2,525729 0,000394
федеральные 1,272966 0,000149
федеральный 0,653926 0,000255
федеральным 1,771957 0,000346
федеральными 1,966113 0,000153
федеральных 0,776529 0,000273
федеративная 3,218876 0,001004
федеративное 3,912023 0,000610
федеративной 2,813411 0,000219
федеративным 3,912023 0,000153
федерацией 2,995732 0,000234
федерации 0,544727 0,002528
федерацииинформация 3,912023 0,000153
федераций 3,912023 0,000153
федерацию 3,506558 0,000137
федерация 1,714798 0,001605
федор 1,560648 0,000243
федоров 2,302585 0,000090
федорович 1,771957 0,000069
федоровича 2,813411 0,000110
федотов 2,995732 0,000117
фейгин 3,912023 0,000153
фейнберг 3,912023 0,000153
фельдшерских 3,912023 0,000153
феодосия 1,966113 0,000077
фермерские 3,912023 0,000153
ферсман 3,912023 0,000153
фет 3,912023 0,000153
фехтование 3,506558 0,000137
фигурное 3,506558 0,000137
фигурном 3,912023 0,000153
фигурой 3,506558 0,000137
фигуры 2,525729 0,000197
физ 3,912023 0,000153
физик 3,218876 0,000126
физика 2,302585 0,000090
физики 1,560648 0,000122
физико-географическая 0,843970 0,000066
физико-географические 3,218876 0,000126
физико-географическое 2,659260 0,000207
физиологии 3,218876 0,000126
физическая 2,040221 0,000080
физического 2,813411 0,000110
физической 1,514128 0,000059
фиктивные 3,912023 0,000153
филатчев 3,912023 0,000153
филдсовской 3,912023 0,000305
филиал 0,798508 0,000031
филиала 1,560648 0,000061
филиалами 2,525729 0,000099
филиалов 1,347074 0,000053
филиалом 2,040221 0,000080
филиалы 1,347074 0,000053
филимоновская 3,912023 0,000153
филипенок 3,912023 0,000305
филипп 3,218876 0,000126
филиппины 2,995732 0,000234
философии 2,659260 0,000415
философия 2,120264 0,000248
философов 3,218876 0,000126
философским 3,218876 0,000126
философы 2,995732 0,000117
фильм 1,386294 0,000216
фильмов 1,660731 0,000065
финансирование 2,813411 0,000219
финансирования 2,120264 0,000165
финансируемые 3,912023 0,000153
финансовая 2,407946 0,000094
финансово-банковский 3,912023 0,000153
финансовые 1,897120 0,000148
финансовыми 2,995732 0,000117
финляндии 2,207275 0,000172
финляндия 1,832581 0,000286
финнмарк 3,912023 0,000153
финно-угорские 3,912023 0,000305
финно-угорских 3,218876 0,000126
финны 2,040221 0,000080
финны-ингерманландцы 3,218876 0,000126
фино-угорских 3,912023 0,000153
фисташка 3,912023 0,000153
фишер 3,506558 0,000137
фкз 3,506558 0,000547
флаг 0,673345 0,000131
флага 1,832581 0,000071
флаги 2,995732 0,000117
флагом 2,813411 0,000110
флигели 3,218876 0,000126
флора 1,171183 0,000183
флоренский 3,912023 0,000305
флористические 3,912023 0,000153
флористическому 3,912023 0,000153
флоры 2,207275 0,000086
флот 1,832581 0,000143
флота 1,560648 0,000122
флотилия 2,407946 0,000094
фольклор 2,659260 0,000104
фом 3,912023 0,000153
фоме 3,912023 0,000153
фомс 3,912023 0,000153
фонвизин 3,912023 0,000153
фонд -0,009950 -0,000003
фонда 1,309333 0,000153
фонде 3,218876 0,000126
фондов 2,120264 0,000083
фоне 1,560648 0,000061
фонтан 1,609438 0,000063
форм 1,347074 0,000210
форма 1,514128 0,000118
форме 0,941609 0,000037
формировались 2,407946 0,000094
формировался 3,506558 0,000137
формирование 1,078810 0,000126
формированием 2,995732 0,000117
формированию 2,813411 0,000110
формирования 1,108663 0,000173
формируемый 3,506558 0,000137
формируется 1,832581 0,000071
формируются 2,120264 0,000248
формой 2,407946 0,000188
формы 0,941609 0,000073
форсированную 3,912023 0,000153
форталеза 3,912023 0,000153
форум 1,609438 0,000126
фрагментов 2,813411 0,000110
фрагменты 2,302585 0,000090
франк 3,218876 0,000251
франца-иосифа 3,506558 0,000137
францией 2,995732 0,000117
франция 1,560648 0,000243
французский 2,040221 0,000080
французского 2,659260 0,000104
французской 2,407946 0,000094
французскому 3,912023 0,000153
французы 2,040221 0,000080
фридом-хаус 3,912023 0,000153
фронт 1,714798 0,000067
фронте 3,506558 0,000410
фронтом 2,995732 0,000117
фрукты 2,995732 0,000117
фсб 2,407946 0,000094
фундамент 2,813411 0,000110
фундаментальной 2,813411 0,000110
функции 1,049822 0,000041
функциональность 2,995732 0,000117
функционировало 2,995732 0,000117
функционирования 1,897120 0,000148
функционирует 1,203973 0,000094
футбол 1,714798 0,000067
футбола 2,120264 0,000083
футболе 3,506558 0,000137
футболу 1,560648 0,000122
футбольном 2,995732 0,000117
футбольные 2,120264 0,000083
футбольным 3,218876 0,000126
хабаровск 2,302585 0,000180
хазарам 3,912023 0,000153
хазарией 3,912023 0,000153
хакасия 2,659260 0,000104
хакасы 2,040221 0,000080
хальмг 0,000000 0,000000
хана 2,302585 0,000090
ханка 3,506558 0,000137
ханов 2,995732 0,000234
ханства 2,207275 0,000258
ханты 2,207275 0,000086
ханы 3,218876 0,000126
характер 0,994252 0,000116
характера 1,771957 0,000276
характерен 2,207275 0,000086
характеризовалось 2,813411 0,000110
характеризовался 3,912023 0,000153
характеризуется 0,941609 0,000073
характеризующейся 3,912023 0,000153
характеристика 0,713350 0,000083
характеристиками 3,218876 0,000126
характерна 1,966113 0,000153
характерно 1,609438 0,000063
характерны 1,514128 0,000118
характерные 2,120264 0,000248
характерными 2,659260 0,000104
харза 3,912023 0,000153
харрисон 3,912023 0,000153
харькове 3,218876 0,000126
харьковской 2,995732 0,000117
хачатуров 3,912023 0,000153
хачатурян 3,506558 0,000137
хватает 0,843970 0,000033
хватцев 2,995732 0,000117
хвойка 3,218876 0,000126
хвойно-мелколиственные 3,912023 0,000153
хвойно-широколиственные 3,912023 0,000305
хворостовский 3,912023 0,000153
хейстингс 3,912023 0,000153
хельсинки 2,525729 0,000099
хемшилы 3,218876 0,000126
херасков 3,912023 0,000153
херсон 3,912023 0,000153
херсонская 2,525729 0,000099
херсонской 2,995732 0,000351
херсонскую 3,912023 0,000153
хиль 3,912023 0,000153
химик 2,525729 0,000099
химикаты 3,912023 0,000153
химическая 1,714798 0,000067
химических 2,120264 0,000165
химическое 2,207275 0,000086
химической 1,560648 0,000061
химия 2,040221 0,000159
хирургия 3,912023 0,000153
хлебников 3,506558 0,000137
хлудневская 3,912023 0,000153
хмель 3,506558 0,000137
ходе 0,562119 0,000241
ходынском 3,506558 0,000137
хозяйств 3,506558 0,000137
хозяйства 0,755023 0,000206
хозяйстве 2,659260 0,000415
хозяйственные 2,525729 0,000099
хозяйственный 3,506558 0,000274
хозяйство 0,713350 0,000167
хоккее 3,912023 0,000305
хоккеисты 3,506558 0,000137
хоккей 1,660731 0,000194
хоккею 1,347074 0,000105
холево 3,912023 0,000153
холода 2,525729 0,000197
холодная 2,040221 0,000239
холодной 2,040221 0,000318
холопы 3,912023 0,000153
хомяк 3,218876 0,000126
хомяков 3,218876 0,000126
хорватия 2,525729 0,000099
хорватская 1,897120 0,000074
хорваты 2,995732 0,000117
хорезмом 3,912023 0,000153
хоромы 3,912023 0,000153
хорошкевич 3,912023 0,000153
хотел 3,218876 0,000126
хотя 0,653926 0,000153
хохлома 3,912023 0,000305
храброво 3,506558 0,000274
храм 0,843970 0,000099
храмов 1,386294 0,000054
храмы 1,049822 0,000041
хранение 2,207275 0,000086
хранения 1,427116 0,000111
хребтов 2,207275 0,000086
хребты 2,659260 0,000104
христа 1,966113 0,000153
христиане 2,407946 0,000094
христианин 3,506558 0,000137
христианства 2,659260 0,000104
христианство 1,832581 0,000143
христово 3,506558 0,000137
христолюбивых 3,912023 0,000153
христофоров 3,912023 0,000153
хронология 1,771957 0,000138
хрущев 2,995732 0,000117
хрущева 3,218876 0,000251
хрущеве 3,912023 0,000153
хрущевки 2,995732 0,000117
художественной 1,469676 0,000057
художественные 2,120264 0,000165
художественным 2,813411 0,000110
художественными 3,218876 0,000126
художественных 2,120264 0,000083
художник 1,660731 0,000065
художникам 3,912023 0,000153
художники 2,302585 0,000449
художников 1,609438 0,000063
художников-баталистов 3,912023 0,000153
хурма 3,912023 0,000153
царей 3,506558 0,000137
царского 2,995732 0,000117
царства 1,469676 0,000057
царство 2,040221 0,000398
царствование 3,218876 0,000126
царствования 2,659260 0,000104
царству 3,218876 0,000126
царь 1,966113 0,000153
царьград 3,912023 0,000153
царьиван 3,912023 0,000153
царю 2,040221 0,000080
царя 1,469676 0,000115
цас 3,912023 0,000153
цахеса 3,912023 0,000153
цахуры 2,040221 0,000080
цвет 1,771957 0,000138
цвета 1,171183 0,000046
цветаева 3,912023 0,000153
цветная 2,659260 0,000104
цветовая 3,912023 0,000153
целевые 3,218876 0,000126
цели 1,660731 0,000130
целлюлозно-бумажное 3,506558 0,000137
целом 0,755023 0,000265
целостной 3,912023 0,000153
целостности 2,813411 0,000219
цель 1,832581 0,000143
целью 0,733969 0,000029
целях 1,171183 0,000046
цен 2,525729 0,000985
цена 2,120264 0,000083
ценам 3,218876 0,000126
ценами 3,912023 0,000153
ценах 2,659260 0,000104
цензура 3,218876 0,000502
цензуре 3,506558 0,000137
цензурой 3,506558 0,000137
цензуры 3,218876 0,000126
ценой 2,659260 0,000104
центр 0,400478 0,000172
центра 0,562119 0,000088
централизованного 2,813411 0,000110
централизованной 2,813411 0,000110
центрально-восточная 3,912023 0,000305
центрально-сахалинским 3,912023 0,000153
центрально-черноземный 3,506558 0,000274
центрально-якутскую 3,912023 0,000153
центральноафриканская 3,506558 0,000137
центрального 0,967584 0,000113
центральное 1,966113 0,000077
центральноевропейская 3,912023 0,000153
центральной 0,843970 0,000132
центральный 0,673345 0,000131
центральным 2,040221 0,000080
центральных 1,427116 0,000056
центрами 1,469676 0,000057
центре 0,673345 0,000026
центров 0,776529 0,000121
центром 0,713350 0,000195
центры 0,713350 0,000028
цены 2,040221 0,000080
церемония 2,207275 0,000086
церемониях 3,912023 0,000153
церквей 1,560648 0,000061
цик 2,207275 0,000172
циндао 3,506558 0,000137
циолковский 3,218876 0,000377
циолковскому 3,912023 0,000153
цирк 1,078810 0,000042
циркуляцией 2,995732 0,000117
циркумбореальная 3,912023 0,000153
цитирования 3,506558 0,000274
цифрах 1,966113 0,000077
цифрового 1,832581 0,000214
цифровое 1,514128 0,000059
ция 0,000000 0,000000
цокора 3,912023 0,000153
цру 3,912023 0,000458
цсу 2,659260 0,000104
цукерман 3,912023 0,000153
цыгане 1,714798 0,000134
чаадаев 3,506558 0,000137
чагос 3,912023 0,000153
чад 3,506558 0,000137
чайковский 2,995732 0,000351
чаны 3,218876 0,000126
часовые 3,912023 0,000153
частей 1,139434 0,000089
части 0,198451 0,000155
частично 0,653926 0,000281
частности 0,462035 0,000090
частных 1,108663 0,000130
часто 0,415515 0,000049
частота 1,660731 0,000065
частушка 3,912023 0,000153
часть 0,105361 0,000119
частью 0,755023 0,000236
частях 1,609438 0,000063
чаянов 3,912023 0,000153
чвк 2,995732 0,000351
чей 2,995732 0,000117
чек 3,912023 0,000153
чел 0,713350 0,000501
челканцы 3,912023 0,000153
челнока 3,912023 0,000153
человек 0,400478 0,000719
человека 0,579818 0,000452
человеческие 2,407946 0,000094
человеческого 2,120264 0,000165
челюскина 3,506558 0,000137
челябинск 0,994252 0,000194
чемпиона 3,218876 0,000126
чемпионами 2,813411 0,000110
чемпионат 1,237874 0,000097
чемпионата 1,309333 0,000102
чемпионате 2,302585 0,000090
чемпионатов 2,302585 0,000180
чемпионов 1,966113 0,000153
чемпионом 2,525729 0,000099
чему 1,897120 0,000148
чередованием 3,218876 0,000126
черенков 3,506558 0,000274
черкас 3,912023 0,000153
черкесский 3,506558 0,000137
черкесы 1,832581 0,000071
чернигов 3,912023 0,000153
черниговское 3,912023 0,000305
черниговской 3,912023 0,000153
черника 2,813411 0,000110
чернов 2,813411 0,000110
черного 1,609438 0,000188
черногория 3,218876 0,000126
черногорцы 3,506558 0,000137
черноземов 3,912023 0,000153
черноземы 2,813411 0,000110
черноземья 2,995732 0,000117
черноморский 2,525729 0,000099
черноморское 2,120264 0,000083
черноморском 3,218876 0,000126
черный 1,386294 0,000162
черным 1,966113 0,000077
чернышевский 3,218876 0,000126
черского 3,506558 0,000137
чертами 2,813411 0,000110
чертах 3,912023 0,000153
черте 1,272966 0,000050
черток 3,912023 0,000153
черты 1,203973 0,000047
честь 0,562119 0,000022
четверти 2,302585 0,000180
четвертичными 3,506558 0,000137
четвертый 1,714798 0,000067
четверть 2,813411 0,000219
четко 1,897120 0,000074
четыре 0,713350 0,000195
четырехскатной 3,912023 0,000153
четырехугольный 3,912023 0,000153
чехи 2,040221 0,000080
чехия 2,525729 0,000099
чехлом 3,506558 0,000137
чехов 2,407946 0,000188
чехословакию 3,912023 0,000153
чеченская 3,218876 0,000126
чеченский 3,506558 0,000137
чеченскими 3,506558 0,000137
чеченского 3,506558 0,000137
чеченской 3,218876 0,000126
чеченцы 1,714798 0,000134
чеченцы-аккинцы 3,912023 0,000153
чечне 2,995732 0,000234
чечни 2,995732 0,000351
чечня 2,995732 0,000117
чеш 3,506558 0,000137
чиж 3,912023 0,000153
чижевский 3,912023 0,000305
чиновники 2,525729 0,000099
чиновников 2,302585 0,000180
чипирование 3,912023 0,000153
числа 0,891598 0,000243
числе 0,248461 0,000271
численности 0,653926 0,000306
численность 0,653926 0,001071
численностью 1,049822 0,000205
число 0,478036 0,000280
числу 1,514128 0,000295
чистки 3,912023 0,000153
чистые 2,659260 0,000104
чита 1,237874 0,000048
читатьпросмотр 2,040221 0,000080
читу 3,218876 0,000126
члена 2,659260 0,000104
членами 3,218876 0,000126
членов 1,272966 0,000099
членом 1,897120 0,000370
членство 2,813411 0,000110
членствочлены 3,912023 0,000153
члены 1,966113 0,000844
чри 3,912023 0,000153
чубар 3,912023 0,000153
чубушник 3,912023 0,000153
чуванцы 3,218876 0,000126
чуваши 1,237874 0,000097
чувашии 3,506558 0,000137
чувашский 3,506558 0,000137
чувашского 3,912023 0,000153
чудско-псковское 3,912023 0,000153
чудь 3,912023 0,000153
чуйков 3,506558 0,000137
чукотке 3,912023 0,000153
чукотки 3,506558 0,000137
чукотского 2,995732 0,000234
чукотском 3,506558 0,000137
чукчи 2,207275 0,000086
чулымцы 3,506558 0,000137
чуров 3,912023 0,000153
чье 3,218876 0,000126
шаблон 1,660731 0,000065
шаблонами 0,634878 0,000025
шаблоноввикипедия 3,218876 0,000126
шаг 2,525729 0,000099
шагал 3,912023 0,000153
шайбой 1,966113 0,000307
шакал 3,912023 0,000153
шаляпин 2,813411 0,000110
шан 3,912023 0,000153
шансон 2,302585 0,000180
шанхай 3,218876 0,000251
шанхайская 3,912023 0,000153
шапарев 3,912023 0,000153
шаповалов 3,218876 0,000251
шапорин 3,912023 0,000153
шапсуги 2,995732 0,000117
шаттл 3,912023 0,000153
шахматам 2,659260 0,000207
шахматах 3,912023 0,000153
шахматистами 3,912023 0,000153
шахматистов 3,912023 0,000153
шахматисты 3,912023 0,000153
шахматы 3,218876 0,000251
шашкам 3,912023 0,000153
шведами 3,218876 0,000126
шведским 3,506558 0,000137
швейцария 2,302585 0,000180
швейцарский 2,120264 0,000083
швеции 2,207275 0,000086
швеция 2,120264 0,000248
шел 2,813411 0,000110
шелковица 3,912023 0,000305
шелохаев 3,912023 0,000153
шельфе 2,813411 0,000219
шемякин 3,506558 0,000137
шеннона 3,218876 0,000126
шервинский 3,218876 0,000126
шервуд 3,218876 0,000126
шереметьево 2,813411 0,000219
шертным 3,912023 0,000153
шестаков 2,995732 0,000117
шести 1,966113 0,000077
шестилетний 3,912023 0,000153
шестнадцатью 3,506558 0,000274
шестов 3,506558 0,000137
шесть 1,272966 0,000099
шиповник 3,912023 0,000153
шиповника 3,506558 0,000137
ширина 1,469676 0,000057
ширины 2,207275 0,000172
широкий 1,966113 0,000230
широким 2,302585 0,000090
широко 0,673345 0,000053
широкое 1,660731 0,000194
широколиственнолесные 3,912023 0,000305
широколиственные 2,525729 0,000197
широколиственный 3,506558 0,000137
широколиственных 2,813411 0,000329
широкополосного 2,659260 0,000104
широкополосный 2,995732 0,000117
широкую 2,525729 0,000099
широтная 2,659260 0,000104
широтное 3,506558 0,000137
широтном 2,995732 0,000117
шишкин 2,659260 0,000104
шквал 3,506558 0,000137
школ 0,994252 0,000078
школ-интернатов 2,813411 0,000110
школа 0,891598 0,000278
школа-интернат 2,813411 0,000329
школам 3,506558 0,000137
школах 2,525729 0,000099
школой 2,813411 0,000110
школы 0,673345 0,000079
школьники 3,218876 0,000126
шнитке 3,506558 0,000137
шойгу 3,218876 0,000126
шокирующий 3,912023 0,000153
шоковой 3,912023 0,000305
шоковые 3,912023 0,000153
шолохов 3,912023 0,000153
шорцы 2,525729 0,000099
шос 2,813411 0,000329
шостакович 3,912023 0,000458
шпет 3,912023 0,000153
шпицберген 3,218876 0,000126
шри-ланка 3,506558 0,000274
штаба 2,659260 0,000104
штатная 3,506558 0,000137
штатную 3,912023 0,000153
штернфельд 3,912023 0,000153
штриховку 3,912023 0,000153
шуб 0,000000 0,000000
шубин 3,912023 0,000153
шубина 3,912023 0,000153
шувалова 3,218876 0,000126
шугаль 3,912023 0,000153
шут 3,218876 0,000126
шутники 3,912023 0,000153
щавелев 3,912023 0,000153
щедрин 3,912023 0,000305
щит 1,609438 0,000126
щите 2,207275 0,000086
эвенки 2,120264 0,000083
эвенкии 3,912023 0,000153
эвены 2,407946 0,000094
эвксинская 3,912023 0,000153
эволюция 2,207275 0,000086
эдита 3,506558 0,000137
эдуард 2,525729 0,000099
эдуарда 2,659260 0,000104
эйзенштейном 3,912023 0,000153
эквадор 3,218876 0,000126
экз 0,415515 0,000065
экзамен 3,912023 0,000153
экзаменом 3,912023 0,000305
экземпляров 1,560648 0,000122
экологический 1,832581 0,000071
экология 0,693147 0,000027
экономика 0,510826 0,000299
экономике 1,714798 0,000468
экономики 0,713350 0,000668
экономикой 3,218876 0,000251
экономику 1,897120 0,000444
экономисты 3,218876 0,000126
экономическая 1,660731 0,000194
экономически 2,525729 0,000197
экономические 1,771957 0,000346
экономический 1,139434 0,000356
экономических 1,560648 0,000243
экономического 1,386294 0,000541
экономическое 2,207275 0,000775
экономической 1,237874 0,000145
экономическую 2,120264 0,000083
экранизации 3,912023 0,000153
экраны 2,813411 0,000110
экспедиций 2,995732 0,000117
экспериментальном 3,218876 0,000126
эксперт 1,714798 0,000401
экспертный 3,912023 0,000153
экспертов 2,407946 0,000376
эксперты 2,040221 0,000159
эксплуатационная 3,506558 0,000137
эксплуатационной 3,506558 0,000137
эксплуатация 2,659260 0,000104
экспорт -0,009950 -0,000002
экспорта 2,659260 0,000519
экспорте 3,506558 0,000137
экспорту 3,912023 0,000153
экстерриториальному 3,912023 0,000153
электрифицированных 3,912023 0,000153
электрифицировано 3,912023 0,000153
электрической 1,966113 0,000077
электричестве 3,912023 0,000153
электромагнитных 3,506558 0,000137
электронная 1,237874 0,000048
электронного 1,897120 0,000296
электронный 1,469676 0,000745
электрооборудования 2,120264 0,000165
электропоезда 2,207275 0,000086
электросвязи 3,218876 0,000126
электростанции 2,302585 0,000090
электростанциях 3,912023 0,000153
электроэнергетика 2,659260 0,000207
электроэнергией 3,506558 0,000137
электроэнергии 1,660731 0,000453
элементов 1,309333 0,000051
элеутерококк 3,912023 0,000153
элиты 2,995732 0,000117
эллинизированное 3,912023 0,000153
эльбрус 2,995732 0,000234
эмиграции 2,995732 0,000117
эмиграция 3,912023 0,000153
эмираты 3,912023 0,000153
эмиссии 3,506558 0,000137
эмиссию 3,506558 0,000137
энергетика 1,660731 0,000259
энергетикой 3,912023 0,000153
энергией 2,813411 0,000110
энергоресурсы 3,912023 0,000153
энциклопедии -0,009950 -0,000002
энциклопедический 0,733969 0,000057
энциклопедия 0,210721 0,000386
энцы 3,506558 0,000137
эпиархейский 3,912023 0,000153
эпидемии 2,995732 0,000117
эпидемия 2,995732 0,000117
эпизоды 2,813411 0,000110
эпипалеозойский 3,912023 0,000153
эпипалеозойского 3,912023 0,000153
эпистолярного 3,912023 0,000153
эпоха 1,771957 0,000069
эпоху 1,386294 0,000054
эрзянь 0,000000 0,000000
эрмитаж 2,407946 0,000094
эсеры 2,813411 0,000329
эскалировала 3,912023 0,000153
эскимосы 2,813411 0,000110
эстляндии 3,912023 0,000153
эстонии 2,525729 0,000099
эстония 2,407946 0,000282
эстонцы 1,771957 0,000069
эсхатологические 3,912023 0,000305
эсхатологической 3,912023 0,000153
эта 0,000000 0,000000
этапа 1,966113 0,000077
этапах 2,995732 0,000117
этим 0,693147 0,000054
этих 0,400478 0,000047
этичного 3,912023 0,000153
этническим 3,912023 0,000153
этнических 3,218876 0,000251
этническую 3,912023 0,000153
этногенез 3,218876 0,000126
этнокультурного 3,506558 0,000137
этнокультурное 3,506558 0,000137
этнокультурным 3,912023 0,000153
этносы 3,912023 0,000153
это 0,000000 0,000000
этому 0,755023 0,000118
эфиопия 3,506558 0,001231
эффективно 2,813411 0,000110
эффективности 1,609438 0,000314
эффективных 3,218876 0,000126
юар 3,506558 0,000957
юбилейная 2,995732 0,000117
юбилейный 0,820981 0,000032
юга 1,171183 0,000091
юге 1,078810 0,000295
юго-восточная 2,302585 0,000090
юго-восточные 2,659260 0,000104
юго-запад 2,659260 0,000104
юго-западу 2,659260 0,000104
югославию 3,912023 0,000153
южная 0,941609 0,000477
южнее 1,832581 0,000357
южно-сахалинск 3,218876 0,000126
южного 1,139434 0,000089
южное 1,832581 0,000143
южной 0,733969 0,000086
южном 1,237874 0,000048
южную 1,832581 0,000143
южные 1,560648 0,000061
южный 0,755023 0,000059
юкагиры 2,995732 0,000117
юлией 3,912023 0,000153
юлий 3,912023 0,000153
юнеско 1,660731 0,000324
юон 3,912023 0,000153
юрасов 3,506558 0,000137
юридическое 2,995732 0,000117
юрием 2,302585 0,000090
юрий 1,203973 0,000141
юрисдикции 3,218876 0,000126
юристов 3,506558 0,000274
юрия 1,660731 0,000065
юрскими 3,506558 0,000137
юсова 3,912023 0,000153
юстиции 2,207275 0,000086
яблока 3,506558 0,000137
яблонская 3,506558 0,000137
явление 1,832581 0,000071
явлинского 3,912023 0,000153
является 0,094311 0,000188
являлась 2,040221 0,000159
являлись 1,897120 0,000074
являются 0,248461 0,000242
являющейся 1,897120 0,000074
являющиеся 1,966113 0,000077
являющийся 1,966113 0,000077
ядерная 2,995732 0,000117
ядерного 3,218876 0,000251
ядерное 3,506558 0,000547
ядерной 2,407946 0,000188
ядерные 3,912023 0,000305
ядерный 3,218876 0,000126
ядерных 2,995732 0,000234
язык 0,116534 0,000045
языка 0,798508 0,000125
языками 1,386294 0,000108
языках -0,009950 -0,000002
языке 0,867501 0,000135
языки 1,309333 0,000664
языков 1,203973 0,000564
языковая 3,506558 0,000137
языковым 3,506558 0,000274
языком 1,514128 0,000118
языческой 3,218876 0,000126
яиц 3,912023 0,000153
якунин 3,506558 0,000137
якутск 1,203973 0,000047
якутской 3,506558 0,000137
якуты 1,714798 0,000134
ян-майен 3,506558 0,000137
яна 2,302585 0,000090
янв 0,820981 0,000032
январе 1,427116 0,000167
январь 0,941609 0,000037
январь-август 3,912023 0,000305
январь-декабрь 3,218876 0,000251
январь-ноябрь 3,912023 0,000153
января 0,116534 0,000491
яндекс 1,714798 0,000067
яновская 3,912023 0,000153
японии 2,302585 0,000090
японию 2,813411 0,000110
япония 1,897120 0,000444
японского 2,659260 0,000311
японцы 2,120264 0,000083
ярич 3,912023 0,000153
ярким 2,302585 0,000090
ярко 2,659260 0,000207
яркой 3,218876 0,000126
ярлык 3,912023 0,000305
ярославе 3,912023 0,000153
ярославль 1,078810 0,000042
ярс 3,912023 0,000153
ясеня 3,912023 0,000153
ясли 3,912023 0,000153
ястреб-тетеревятник 3,912023 0,000153
ящерицы 3,506558 0,000137
