абакан 2,659260 0,000198
абсолютный 0,616186 0,000184
абстрактный 2,120264 0,000158
авангард 1,660731 0,000124
аварийный 2,120264 0,000158
авг 0,820981 0,000061
август 0,072571 0,000146
авдеева-полевая 3,912023 0,000292
авиазавод 2,995732 0,000894
авиакатастрофа 3,912023 0,000292
авиакомпания 1,771957 0,000132
авиастроение 3,506558 0,000785
авиастроительный 3,218876 0,000240
авиатор 2,659260 0,000198
авиационный 1,386294 0,000414
авиация 1,237874 0,000185
авт 1,469676 0,000110
авто 2,525729 0,000188
автобус 0,820981 0,000306
автобусный 1,021651 0,000152
автовокзал 1,078810 0,000161
автодорога 0,891598 0,000266
автомагистраль 1,832581 0,000137
автомобилизированные 3,218876 0,000240
автомобиль 1,108663 0,000248
автомобильный 0,713350 0,000372
автономный 0,867501 0,000129
автор 0,462035 0,000069
авторство -0,009950 -0,000001
автос 3,912023 0,000292
автостанция 1,714798 0,000128
автотрансинфо 2,525729 0,000565
автотранспорт 1,609438 0,000120
автотюнинга 3,912023 0,000292
агентство 0,798508 0,000238
агитация 3,218876 0,000240
агломеративной 3,912023 0,000292
агломерация 0,798508 0,000774
аграрный 1,203973 0,000180
адвентист 1,560648 0,000116
административно-деловой 3,912023 0,000292
административно-территориальное 0,820981 0,000367
административно-территориальном 1,309333 0,000195
административно-территориальные 2,995732 0,000223
административно-территориальными 3,218876 0,000240
административный 0,597837 0,000401
администрация 0,755023 0,000845
адмирал 1,832581 0,000410
адмиралъ 3,912023 0,000292
азия 0,755023 0,000113
азот 1,714798 0,000384
аист 2,813411 0,000210
аистенок 3,912023 0,000584
айвазовского 2,659260 0,000198
акад 2,040221 0,000304
академгородок 2,813411 0,001259
академик 1,203973 0,000180
академический 0,916291 0,000410
академия 0,544727 0,000366
акварель 2,659260 0,000397
акт 1,237874 0,000092
актер 1,386294 0,000207
активно 0,733969 0,000055
активность 1,309333 0,000195
активный 0,527633 0,000118
акулич 3,912023 0,000292
акушерско-фельдшерская 3,912023 0,000292
акция 1,660731 0,000248
аларский 3,912023 0,000292
алдан 1,309333 0,000098
александр 0,462035 0,000207
александрович 1,609438 0,000480
александровича 2,525729 0,000565
александровского 2,813411 0,000210
александровскому 3,912023 0,000292
алексеевич 2,040221 0,000304
алексеевна 3,218876 0,000240
алзамай 3,912023 0,000292
алина 3,218876 0,000240
алмаз 2,407946 0,000180
алфавитувикипедия 0,776529 0,000116
алфавитунаселенные 0,867501 0,000065
альбом-путеводитель 3,912023 0,000292
альбрехт 3,506558 0,000262
альманах 1,966113 0,000147
алюминиевый 2,407946 0,000180
американский 0,994252 0,000148
амстердам 3,506558 0,000262
амстердаме 3,912023 0,000292
амур 2,525729 0,000188
амфитеатр 2,813411 0,000210
аналогичный 1,139434 0,000170
аналоговый 1,609438 0,000240
ангар 2,659260 0,008331
ангарерайонные 3,912023 0,000292
ангаро-ленскому 3,912023 0,000292
ангарск 3,506558 0,001308
ангарска 3,912023 0,000875
ангарский 2,813411 0,001679
ангидрид 3,912023 0,000292
англ 0,174353 0,000052
андреем 2,995732 0,000223
анкилоз 2,995732 0,000223
аннексия 0,941609 0,000070
аннотировать 3,506558 0,000262
ансамбль 0,994252 0,000148
антиколчаковское 3,912023 0,000292
антипод 3,912023 0,000292
антициклон 2,407946 0,000180
антон 1,832581 0,000137
антропоген 3,506558 0,000262
антропология 2,659260 0,000198
аполлинариевич 3,912023 0,000292
апр 0,798508 0,000060
апрель 0,150823 0,000338
арбитражный 1,966113 0,000293
аргумент 1,108663 0,000083
аргучинцевым 3,912023 0,000292
арен 1,237874 0,000092
арест 2,525729 0,000188
арестовать 1,897120 0,000142
аржанникова 3,912023 0,000292
арк 1,966113 0,000147
армия 0,916291 0,000137
артезианский 3,218876 0,000240
арх 0,544727 0,000163
археологический 1,309333 0,000195
архив 0,446287 0,000100
архивировать 0,020203 0,000336
архивный 0,248461 0,000130
архипа 3,912023 0,000292
архитектор 0,916291 0,000410
архитектура 0,462035 0,000207
архитектурно-этнографический 3,506558 0,000262
архитектурный 1,078810 0,000080
аспект 1,469676 0,000329
астрахань 0,967584 0,000072
астрономический 2,040221 0,000152
асфальт 2,525729 0,000188
атмосфера 0,994252 0,000519
атмосферный 1,386294 0,000310
афанасия 2,525729 0,000377
афанасьевич 2,995732 0,000223
афины 3,506558 0,000262
ашкеназский 3,912023 0,000292
аэродром 1,237874 0,000092
аэрозоль 3,912023 0,000292
аэропорт 0,776529 0,000463
аэхк 3,912023 0,000292
бабр 3,912023 0,002918
багир 3,912023 0,000292
баженова 3,506558 0,000262
баз 0,371064 0,000083
базироваться 1,272966 0,000095
базовый 1,171183 0,000087
байкал 2,525729 0,003580
байкал-тур 3,912023 0,000292
байкал-энергия 3,912023 0,000292
байкала 2,995732 0,001117
байкале 3,506558 0,001308
байкалинтерпласт 3,912023 0,000292
байкалмоторшоу 3,912023 0,000292
байкалу 3,218876 0,000240
байкальск 3,506558 0,000262
байкальский 2,659260 0,004364
байкалэнерго 3,912023 0,000584
бактериальный 3,218876 0,000240
балаганский 3,912023 0,000292
балет 1,469676 0,000110
балл 1,966113 0,001467
балльный 3,506558 0,000262
бальный 3,506558 0,000262
банк 0,693147 0,000362
банковский 1,427116 0,000106
баптист 2,207275 0,000165
баргузин 3,218876 0,000240
барельеф 2,995732 0,000223
барнаул 1,203973 0,000090
барокко 1,560648 0,000116
барочный 2,995732 0,000223
баруй 3,912023 0,000292
басина 3,912023 0,000292
баскетбольный 1,714798 0,000128
баснинская 3,912023 0,000292
баснины 3,912023 0,000292
бассейн 0,653926 0,000146
батарейный 3,912023 0,001459
баш 3,506558 0,000262
башня 1,139434 0,000255
башня-часы 3,912023 0,000292
баяндаевский 3,912023 0,000292
бгупэ 3,912023 0,000292
беда 3,218876 0,000240
бежать 2,407946 0,000180
безальтернативный 3,506558 0,000523
безветренный 2,813411 0,000210
беззаконие 3,912023 0,000292
безморозный 2,995732 0,000223
безопасный 2,040221 0,000152
бел 2,120264 0,000158
белое 0,994252 0,000148
белорус 1,171183 0,000087
белый 0,867501 0,000129
белялов 3,912023 0,000584
белялова 3,912023 0,000292
бензпирен 3,506558 0,000785
бердников 3,506558 0,000785
бердникова 3,912023 0,001167
берег 0,478036 0,000428
березка 2,407946 0,000180
березовая 2,040221 0,000152
берет 1,966113 0,000147
берингом 3,912023 0,000292
бернгарда 3,912023 0,000292
бесплатно 2,207275 0,000165
бесплатный 1,386294 0,000310
бетонный 2,525729 0,000377
библиографический 0,083382 0,000006
библиотека 0,328504 0,000417
библиотечный 1,609438 0,000240
бизнес 0,820981 0,000061
бизнес-школу 3,912023 0,000292
билайн 1,272966 0,000095
биохимия 2,813411 0,000210
бирюсинск 3,912023 0,000292
благоденственно 3,912023 0,000292
благополучие 2,302585 0,000172
благородный 1,966113 0,000147
благотворительный 2,207275 0,000165
благоустроить 1,560648 0,000233
благоустройство 1,560648 0,000116
ближний 1,469676 0,000110
близкий 0,820981 0,000184
близлежащий 2,040221 0,000304
близость 1,660731 0,000248
бобкова 3,912023 0,000292
бобр 2,207275 0,000165
бог 1,832581 0,000137
богато 2,995732 0,000447
богоявления 3,218876 0,000240
богоявленский 2,995732 0,000223
богоявленским 3,912023 0,000292
бодайбинский 3,912023 0,000292
бодайбо 3,506558 0,000262
боевой 1,237874 0,000185
боестолкновение 3,912023 0,000292
божий 1,272966 0,000095
бой 1,237874 0,000185
боково 3,912023 0,000292
болезнь 1,832581 0,000820
бологое 1,347074 0,000100
болотов 3,912023 0,000584
больница 1,078810 0,000402
больнично-поликлинических 3,912023 0,000292
большевик 1,347074 0,000100
большевистский 2,525729 0,000188
большинство 0,342490 0,000153
большое 0,385662 0,000058
большой 0,040822 0,000076
бор 1,203973 0,000090
борец 1,897120 0,000142
борис 1,660731 0,000248
борисович 2,407946 0,000180
боркова 3,506558 0,000262
боровиковского 3,912023 0,000292
боровичи 1,347074 0,000100
борода 3,912023 0,000292
борьба 0,820981 0,000122
ботанический 1,427116 0,000532
боханский 3,912023 0,000292
боярский 2,040221 0,000152
браво 3,912023 0,000292
братск 3,506558 0,001046
братский 1,832581 0,000273
брежнев 3,218876 0,000240
бренчать 3,912023 0,000292
брить 2,995732 0,000223
броз 3,506558 0,000262
брокгауза 0,328504 0,000074
броневой 3,218876 0,000240
бронзовый 1,386294 0,000103
бростер 3,912023 0,000292
буддизм 2,407946 0,000180
буддийский 2,120264 0,000158
бульвар 1,237874 0,000092
бумага 1,560648 0,000116
бунт 2,207275 0,000659
бургаз 3,912023 0,000292
бурдаковка 3,912023 0,000292
бурдугуз 3,912023 0,000292
бурый 1,897120 0,000142
бурят 1,609438 0,000240
бурятский 2,995732 0,000223
бутырки 3,218876 0,000480
бухун 3,912023 0,000292
бывает 1,660731 0,000124
быкова 2,995732 0,000223
былина 3,218876 0,000240
былкова 3,912023 0,000292
быструщей 3,912023 0,000292
быстрый 0,916291 0,000068
бытовой 1,560648 0,000233
быть -0,009950 -0,000003
бьеф 3,218876 0,000480
бюджет 1,171183 0,000087
бюл 3,912023 0,000292
вагон 1,660731 0,000124
вагонный 2,813411 0,000420
важный 0,494296 0,000037
вал 1,514128 0,000113
валентина 2,302585 0,000515
валентиновича 3,912023 0,000292
вампилова 3,912023 0,000875
вариант 0,634878 0,000189
варфоломеевич 3,218876 0,000240
василий 1,078810 0,000161
васильевич 1,609438 0,000120
васильевича 2,813411 0,000210
вблизи 1,139434 0,000425
введение 1,078810 0,000161
ввести 0,634878 0,000047
вдали 3,218876 0,000480
вдовина 3,912023 0,000292
вдоль 0,755023 0,000056
вегетационный 2,995732 0,000223
ведение 1,427116 0,000106
ведомость 0,994252 0,000074
везти 2,525729 0,000188
век 0,248461 0,000575
векеисторические 3,506558 0,000262
великий 0,356675 0,000080
величина 1,108663 0,000165
вересовка 3,912023 0,000875
вересовки 3,912023 0,000292
верещагина 3,218876 0,000240
верить 2,407946 0,000180
вернуть 1,897120 0,000142
вернуться 1,171183 0,000175
верный 2,302585 0,000172
версия -0,009950 -0,000004
вертеться 3,912023 0,000292
верхний 0,494296 0,000258
верхоленске 3,912023 0,000292
весна 0,713350 0,000106
вести 0,356675 0,000266
вестись 0,673345 0,000050
вестник 1,049822 0,000078
весь 0,301105 0,000045
ветер 0,713350 0,000266
ветреный 2,659260 0,000198
ветхий 2,525729 0,000188
вечер 1,966113 0,000147
вечный 1,309333 0,000195
вещание 1,108663 0,000248
вещать 1,609438 0,000480
вещество 0,994252 0,000519
взаимодействие 1,203973 0,000090
взаимодействовать 1,966113 0,000147
взвесить 2,302585 0,000344
взрослый 1,609438 0,000240
взяточничество 3,506558 0,000262
взять 0,755023 0,000113
вид 0,061875 0,000065
видный 1,660731 0,000124
визит 1,897120 0,000142
викигид 1,660731 0,000124
викигиде 0,776529 0,000058
викигидепортал 1,469676 0,000110
викиданные 0,776529 0,000058
викиданных -0,009950 -0,000001
викиданныхвикипедия 0,891598 0,000133
викимапиипро 1,427116 0,000106
викимедиа -0,009950 -0,000001
википедии -0,009950 -0,000002
википедия -0,009950 -0,000010
викискладвикиновостивикицитатниквикигидэлемент 1,272966 0,000095
викискладвикипедия 1,469676 0,000110
викискладе 0,174353 0,000013
викискладепутеводитель 0,713350 0,000053
викицитатник 1,272966 0,000095
викицитатникемедиафайлы 1,469676 0,000110
виктор 1,386294 0,000414
виктора 2,207275 0,000329
викторович 2,207275 0,000329
викторовича 3,506558 0,000262
вильнюсом 3,912023 0,000292
винокур 3,506558 0,000262
виртуальный 1,139434 0,000085
вирусный 3,506558 0,000262
витсен 3,912023 0,000292
витсена 3,218876 0,000480
витусом 3,912023 0,000292
вихоревка 3,912023 0,000292
вице-губернатор 2,813411 0,000420
вклад 0,994252 0,000297
включать 0,235722 0,000176
включая 0,527633 0,000079
включить 0,634878 0,000189
вкх 3,912023 0,000292
владение 0,916291 0,000068
владеть 1,897120 0,000283
владивосток 1,897120 0,000142
владимир 0,653926 0,000293
влажность 1,108663 0,000165
власть 0,544727 0,000528
влияние 0,527633 0,000039
вместе 0,510826 0,000114
вместимость 1,897120 0,000283
вместо 0,798508 0,000060
внедрение 1,609438 0,000120
внести 1,021651 0,000076
внешний 0,051293 0,000004
вносить 2,040221 0,000152
внутренний 0,314711 0,000023
внутригородской 0,867501 0,000129
вовсе 2,525729 0,000188
вода 0,527633 0,000866
водный 0,562119 0,000084
водозабор 2,120264 0,000633
водоканал 2,302585 0,000172
водоотведение 2,659260 0,000793
водопровод 1,714798 0,000128
водопроводно-канализационного 3,912023 0,000292
водопроводный 2,207275 0,000329
водоснабжение 1,514128 0,000452
водосток 2,813411 0,000210
водохранилище 1,139434 0,000595
воевода 1,714798 0,000640
воеводство 3,506558 0,000262
военно-революционного 3,506558 0,000262
военное 0,916291 0,000068
военный 0,494296 0,000147
вождь 2,813411 0,000210
возведение 1,609438 0,000240
возглавлять 1,203973 0,000090
воздействие 1,021651 0,000229
воздух 0,616186 0,000368
возка 3,506558 0,000262
возможный 0,994252 0,000148
вознесенский 2,659260 0,000397
вознесенском 3,218876 0,000240
возникать 1,021651 0,000076
возникновение 0,941609 0,000140
возникнуть 0,653926 0,000146
возраст 1,078810 0,000241
возрасти 1,660731 0,000124
воинский 1,469676 0,000110
война 0,430783 0,000257
войско 0,798508 0,000119
войти 0,634878 0,000095
вокзал 0,755023 0,000563
вокруг 0,693147 0,000052
волейбольный 1,514128 0,000113
волконских 3,912023 0,000292
волконского 3,912023 0,000875
волконскому 3,912023 0,000292
волна 0,916291 0,000137
вологда 1,203973 0,000090
волшебный 0,030459 0,000002
воображать 3,506558 0,000262
вопрос 0,371064 0,000083
воркута 1,237874 0,000092
воробьева 2,659260 0,000397
ворот 1,078810 0,000161
ворочуся 3,912023 0,000292
ворошилова 2,659260 0,000198
ворошиловск 3,506558 0,000262
восемь 1,469676 0,000110
воспитывать 3,506558 0,000262
воспоминание 2,040221 0,000152
воспроизведение 2,525729 0,000188
воспроизвести 3,912023 0,000292
воспроизводиться 2,995732 0,000223
воссоздать 1,897120 0,000283
восстание 1,237874 0,000185
восстановительный 3,218876 0,000240
восстановить 0,967584 0,000144
восстановление 1,078810 0,000241
вост 3,218876 0,000480
восток 0,494296 0,000258
восточно-сиб 3,912023 0,000292
восточно-сибирская 3,506558 0,000785
восточно-сибирские 3,912023 0,000292
восточно-сибирский 3,218876 0,001681
восточно-сибирским 3,506558 0,000262
восточно-сибирского 2,659260 0,000992
восточно-сибирское 2,407946 0,000359
восточно-сибирской 3,506558 0,001046
восточный 0,430783 0,000611
востсибуголь 3,912023 0,000875
воткинск 1,309333 0,000098
впадение 1,139434 0,000085
впервые 0,385662 0,000029
вписаться 3,506558 0,000262
впоследствии 0,653926 0,000146
вразумить 3,912023 0,000292
врач 1,347074 0,000100
вредный 1,966113 0,000147
временно 1,309333 0,000195
временной 0,967584 0,000072
время 0,020203 0,000030
вручить 2,120264 0,000158
все 0,040822 0,000003
всеволодовна 3,912023 0,000292
всегеи 3,506558 0,000262
всемирный 0,891598 0,000067
всеобщий 1,237874 0,000185
всероссийский 0,634878 0,000332
всесибирском 3,912023 0,000292
всесоюзный 0,776529 0,000348
всжд 3,912023 0,000292
вснц 3,912023 0,000292
всорго 3,912023 0,000292
вспомнить 3,218876 0,000240
вспыхнуть 2,525729 0,000188
встретить 1,966113 0,000147
встретиться 2,659260 0,000198
вступить 1,514128 0,000226
вступление 1,966113 0,000147
всхолмить 2,995732 0,000223
втора 0,274437 0,000123
вторжение 1,609438 0,000120
второе 0,653926 0,000098
второй 0,891598 0,000067
вуз 0,820981 0,000245
вход 0,755023 0,000056
входить 0,287682 0,000129
въездной 3,218876 0,000240
выбор 0,634878 0,000379
выбрасывать 2,813411 0,000210
выброс 1,347074 0,001206
выбыть 2,995732 0,000223
вывести 2,120264 0,000158
вывоз 2,659260 0,000198
выгодный 1,771957 0,000132
выдавать 2,302585 0,000172
выдержать 1,832581 0,000273
выезжать 3,218876 0,000240
вызвать 1,049822 0,000235
вызывать 1,078810 0,000080
вып 0,798508 0,000238
выполнить 0,843970 0,000189
выполнять 0,867501 0,000065
выпуск 0,693147 0,000103
выпускать 1,237874 0,000092
выпускаться 1,469676 0,000219
выпустить 0,891598 0,000133
вырабатывать 2,407946 0,000180
выработка 2,120264 0,000158
вырыть 3,506558 0,000262
высмотру 3,912023 0,000292
высокий 0,139262 0,000073
высокотехнологичный 2,040221 0,000152
высота 0,415515 0,000186
высочество 3,912023 0,000292
выставка 1,139434 0,000085
выставочный 1,171183 0,000087
выстроить 1,771957 0,000132
выступать 0,916291 0,000137
выступление 1,272966 0,000095
высылка 3,912023 0,000292
выход 1,078810 0,000080
выходец 2,302585 0,000172
выходит 1,427116 0,000213
выходить 1,309333 0,000586
выше 0,616186 0,000230
выявить 1,514128 0,000113
вячеслав 1,897120 0,000142
гавриила 3,506558 0,000262
гаврилович 3,218876 0,000240
гагарина 1,427116 0,000106
газета 0,579818 0,000562
газетаиркутск 3,912023 0,000292
газоконденсатный 3,218876 0,000240
газопровод 2,302585 0,000172
газораспределительный 3,218876 0,000240
гаио 3,912023 0,000292
гайдай 3,912023 0,000292
галерея 1,049822 0,000078
галка 2,995732 0,000223
ганди 3,912023 0,000292
гараж 2,995732 0,000223
гарантия 2,813411 0,000210
гаращенко 3,912023 0,000292
гаук 3,506558 0,000262
гвт 3,912023 0,000584
гектар 1,609438 0,000120
гематологический 3,912023 0,000292
генерал-губернатор 2,207275 0,001153
генерал-губернаторство 2,659260 0,000595
генеральный 0,755023 0,000338
генплан 1,560648 0,000116
генпрокурор 3,912023 0,000584
генриха 3,506558 0,000262
географический 0,356675 0,000186
география 0,415515 0,000186
геолог 2,302585 0,000344
геологический 1,139434 0,000085
геохимия 2,995732 0,000223
геоэкологии 3,912023 0,000292
геоэкологическая 3,218876 0,000240
геоэкология 3,218876 0,000240
геральдический 1,560648 0,000233
герасимов 3,218876 0,000240
герб 0,798508 0,001072
гербовая 3,506558 0,000262
гериатрический 3,912023 0,000292
германий 0,843970 0,000126
гефест 3,912023 0,000292
гидрография 1,427116 0,000213
гидрокарбонатно-сульфатно-хлоридная 3,912023 0,000292
гидрометеорологический 2,525729 0,000188
гидроним 1,660731 0,000124
гидропорт 3,506558 0,000262
гидроэлектростанция 2,525729 0,000188
гидроэнергетик 2,995732 0,000223
гильдия 2,120264 0,000158
гимн 0,776529 0,000405
гипермаркет 1,660731 0,000124
глава 0,494296 0,000184
главный 0,210721 0,000189
глаз 1,714798 0,000128
глазково 3,912023 0,000292
глазковский 3,912023 0,000584
глазковским 3,912023 0,000292
глазковского 3,912023 0,000292
глазковскому 3,912023 0,000292
глазунова 3,218876 0,000240
гласить 2,407946 0,000180
глеб 3,218876 0,000240
глубина 1,139434 0,000170
говорин 3,912023 0,000292
год -0,009950 -0,000485
годавикипедия 0,616186 0,000092
годовой 0,994252 0,000148
годугорода 1,714798 0,000128
голл 3,912023 0,000292
голова 1,427116 0,000213
голос 1,609438 0,000240
голосование 1,309333 0,000195
голоустное 3,506558 0,000523
голуба 1,897120 0,000142
голубиный 3,506558 0,000262
гольдштейна 3,912023 0,000292
гончарово 3,912023 0,001167
гоньба 2,995732 0,000223
гора 0,616186 0,000276
гордума 2,995732 0,000223
гордумы 2,813411 0,000210
горение 3,506558 0,000262
горизонтальный 1,966113 0,000147
горка 1,897120 0,000142
горловка 1,309333 0,000098
горно-обогатительный 3,912023 0,000292
горный 0,941609 0,000140
город 0,371064 0,006864
город-миллионер 2,659260 0,000198
город-побратим 0,843970 0,000126
город-спутник 1,771957 0,000132
городам-партнерам 3,912023 0,000292
городах-партнерах 3,912023 0,000292
городахвикипедия 2,659260 0,000198
городиркутск 3,912023 0,000292
городовой 2,207275 0,000165
городок 1,272966 0,000190
городпро 0,867501 0,000065
городской 0,544727 0,002479
горожанин 1,139434 0,000170
горохово 3,912023 0,000292
горощенова 3,912023 0,002043
горяева 3,912023 0,000292
горячий 2,040221 0,000152
горяшина 3,912023 0,000292
гос 1,609438 0,000360
госбанк 2,813411 0,000210
госкомстат 0,891598 0,000133
гост 2,813411 0,000210
гостиница 0,843970 0,000252
гостиный 1,966113 0,000147
государев 2,040221 0,000152
государственный 0,261365 0,000955
государство 0,579818 0,000130
государь 2,040221 0,000152
гравюра 2,120264 0,000474
град 1,832581 0,000273
градостроитель 3,218876 0,000240
градостроительный 1,660731 0,000248
гражданин 0,733969 0,000164
гражданский 0,733969 0,000383
гранит 2,659260 0,000198
граница 0,356675 0,000133
граничить 1,832581 0,000137
грановщина 3,912023 0,000292
граф 1,832581 0,000137
григория 2,407946 0,000180
григорьевич 2,207275 0,000165
григорьевича 3,218876 0,000240
григорьевичу 3,506558 0,000262
гришковца 3,912023 0,000292
громкий 2,813411 0,000210
грузовая 1,139434 0,000085
грузовой 2,813411 0,000210
грузоперевозка 2,659260 0,000198
грунт 2,207275 0,000494
грунтовой 1,832581 0,000137
группа 0,314711 0,000070
гтрк 1,049822 0,000235
губер 3,912023 0,000292
губернатор 0,967584 0,000433
губерниигорода 3,912023 0,000292
губерния 0,891598 0,000399
губернский 1,309333 0,000293
гувд 3,506558 0,000262
гуманитарно-технический 3,506558 0,000262
гуманитарный 0,994252 0,000148
гусева 3,218876 0,000240
гэлуг 3,912023 0,000292
гэс 1,832581 0,002871
давидовича 3,912023 0,000292
даль 1,609438 0,000120
дальний 0,446287 0,000166
дальская 3,912023 0,000584
дамешек 3,912023 0,012840
дар 2,207275 0,000165
даруги 3,912023 0,000292
дата 0,030459 0,000477
датироваться 2,120264 0,000158
датский 0,328504 0,000025
дать 0,072571 0,000049
два 0,150823 0,000124
двадцать 1,771957 0,000264
двенадцать 2,813411 0,000420
движение 0,544727 0,000122
двор 1,078810 0,000322
дворец 0,843970 0,000126
дворянин 2,207275 0,000165
двуокись 3,912023 0,000292
де-юре 3,506558 0,000262
девица 3,218876 0,000240
девушка 2,407946 0,000359
действие 0,776529 0,000116
действовать -0,009950 -0,000019
дек 0,820981 0,000061
декабрист 2,813411 0,001049
декабристский 3,912023 0,000292
декабрь 0,094311 0,000556
декорировать 3,912023 0,000875
делати 3,912023 0,000292
делать 0,867501 0,000065
деление 0,579818 0,000476
делить 1,897120 0,000142
делиться 1,078810 0,000241
дело 0,562119 0,000252
деловой 1,237874 0,000185
демографический 1,609438 0,000120
демография 2,120264 0,000316
демоскоп 0,820981 0,000184
дендропарк 2,659260 0,000397
день 0,210721 0,000267
деньга 1,386294 0,000207
департамент 1,386294 0,000103
депо 1,771957 0,000397
депопуляция 2,525729 0,000188
депутат 0,776529 0,000869
депутатский 2,995732 0,000223
деревня 1,021651 0,000076
дерево 0,867501 0,000065
деревянный 0,941609 0,000562
держава 2,040221 0,000152
державина 3,506558 0,000523
держать 1,966113 0,000293
держаться 2,040221 0,000304
десятка 1,139434 0,000085
десятник 3,506558 0,000262
деталь 1,714798 0,000128
детская 0,653926 0,000098
детский 0,967584 0,000144
децентрализовать 2,659260 0,000198
деятель 1,108663 0,000083
деятельность 0,342490 0,000383
джаз 2,407946 0,000180
джордж 2,995732 0,000223
дзержинск 1,347074 0,000201
дзержинского 1,660731 0,000124
дзогчен 3,912023 0,000292
диабет 3,912023 0,000292
диалог 1,660731 0,000124
дивизион 1,609438 0,000240
динамик 1,272966 0,000190
динамо 1,171183 0,000087
династия 2,207275 0,000494
диоксид 2,040221 0,000304
директор 1,272966 0,000095
дислоцироваться 3,218876 0,000240
диспансер 1,832581 0,000137
дистиллировать 3,912023 0,000292
дитя 0,867501 0,000129
длина 0,579818 0,000087
длиться 1,771957 0,000264
дмитриевича 2,995732 0,000223
дмитрий 0,967584 0,000289
дмитрия 1,560648 0,000349
днейвикипедия 0,967584 0,000072
доблестииркутскгорода 3,912023 0,000292
доблесть 1,309333 0,000586
добро 2,525729 0,000188
добровольский 2,813411 0,000420
доброе 2,813411 0,000210
добролет 3,912023 0,000292
добываться 3,218876 0,000240
добыча 1,386294 0,000207
доведение 3,912023 0,000292
довыборы 3,912023 0,000292
договор 1,171183 0,000175
дождь 1,469676 0,000110
дозволять 3,912023 0,000292
доклад 1,237874 0,000092
доктор 1,427116 0,000319
документ 0,415515 0,000031
документальный 1,427116 0,000426
долг 2,040221 0,000152
долгий 1,021651 0,000152
долговременный 2,995732 0,000223
долгота 0,820981 0,000061
должен 1,078810 0,000080
должностной 1,514128 0,000113
должность 1,049822 0,000548
должный 0,356675 0,000080
доля 0,544727 0,000081
дом 0,446287 0,000832
дом-музей 1,660731 0,000248
домашний 1,237874 0,000092
домостроительный 2,659260 0,000198
дон-отелло 3,912023 0,000292
доп 0,597837 0,000089
допожарный 3,912023 0,000292
дополнительно 2,525729 0,000188
дополнительный -0,009950 -0,000001
дополнить 1,714798 0,000640
допустимый 1,771957 0,000397
дореволюционный 1,347074 0,000703
дорога 0,527633 0,000669
дорожный 1,021651 0,000305
доска 1,897120 0,000142
досталя 3,912023 0,000292
достать 3,912023 0,000292
достигать 0,843970 0,000063
достичь 0,733969 0,000109
достопримечательность 0,867501 0,000065
доступ 0,755023 0,000113
доступность 1,427116 0,000106
доступный -0,009950 -0,000003
дошкольный 1,309333 0,000098
драма 1,469676 0,000110
драматический 1,108663 0,000165
драматург 2,407946 0,000180
драматургия 2,813411 0,000210
древлеправославный 2,525729 0,000188
древнерусский 1,427116 0,000106
древний 0,653926 0,000146
дробно -0,009950 -0,000001
дронова 3,506558 0,000262
друг 0,916291 0,000273
другое 0,462035 0,000034
другой -0,009950 -0,000018
дудоровские 3,912023 0,000292
дулов 3,912023 0,001459
дулова 3,912023 0,000292
дума 0,916291 0,001640
духовная 1,108663 0,000248
духовность 3,506558 0,000262
дыхание 2,525729 0,000188
дышать 2,659260 0,000198
дьячий 3,506558 0,000262
дюна 3,506558 0,000262
евангелист 2,813411 0,000210
евгений 1,347074 0,000100
евгения 2,207275 0,000165
евразия 1,347074 0,000100
европа 0,301105 0,000067
европейский 0,494296 0,000074
егоровичем 3,912023 0,000292
егоровщина 3,912023 0,000292
егором 3,506558 0,000262
единица 0,478036 0,000178
единичный 2,407946 0,000180
единоросса 3,912023 0,000292
единственное 1,021651 0,000076
единственный 0,891598 0,000133
единый 0,544727 0,000244
ежевского 3,912023 0,000292
ежегодник 0,820981 0,000796
ежегодно 0,916291 0,000205
ежедневно 1,714798 0,000256
ежова 3,506558 0,000262
ездаков 3,912023 0,000292
ездить 2,813411 0,000420
екатерина 1,514128 0,000113
екатеринбург 0,843970 0,000063
екатериной 1,897120 0,000283
еланка 3,912023 0,000292
еловка 3,506558 0,000262
емкость 2,120264 0,000158
енисейский 2,659260 0,000198
епархиальный 2,302585 0,000172
епархия 0,967584 0,000217
ермак 3,506558 0,000262
ермаковский 3,506558 0,000262
ерш 3,912023 0,000292
ершовский 3,506558 0,000523
ершовского 3,912023 0,000875
естественный 0,776529 0,000637
ефимовича 3,218876 0,000240
ефимовичем 3,912023 0,000292
ефремовича 3,506558 0,000262
ефрона 0,328504 0,000074
жаркий 1,514128 0,000113
ждать 1,966113 0,000293
железа 2,207275 0,000165
железногорск-илимский 3,912023 0,000292
железнодорожник 2,040221 0,000152
железнодорожный 0,579818 0,000303
железный 0,616186 0,000322
железобетон 3,506558 0,000262
железобетонный 2,207275 0,000329
железоделательный 2,525729 0,000188
желудочно-кишечного 3,506558 0,000262
желябовский 3,912023 0,000292
женский 0,867501 0,000194
женщина 1,171183 0,000175
жердовка 3,912023 0,000292
жеребьевка 3,912023 0,000292
жертва 1,347074 0,000100
жесткость 2,995732 0,000223
жигаловский 3,912023 0,000292
жизнедеятельность 2,407946 0,000180
жизнь 0,342490 0,000077
жила 1,386294 0,000207
жилищный 1,560648 0,000233
жилкино 3,912023 0,001167
жилкинский 3,912023 0,000292
жилой 0,941609 0,000070
жилье 1,203973 0,000180
жиромская 1,021651 0,000076
житель 0,562119 0,000210
жить 0,820981 0,000184
жолобов 3,912023 0,000292
журнал 0,301105 0,000247
журналист 1,660731 0,000124
жюль-верновский 3,912023 0,000292
жюля 3,218876 0,000240
забайкалье 2,813411 0,000630
забайкальский 2,302585 0,000172
забастовка 2,525729 0,000377
заболеваемость 2,813411 0,000630
заболевание 1,771957 0,000397
забор 2,302585 0,000344
забывать 3,912023 0,000292
заведение 0,867501 0,000259
завершаться 2,995732 0,000223
завещать 3,912023 0,000292
завод 0,693147 0,001034
заводский 1,966113 0,000147
завысить 3,912023 0,000292
заглавный -0,009950 -0,000001
заграничный 2,995732 0,000223
загрузка 2,302585 0,000172
загрязнение 0,891598 0,000399
загрязнитель 2,525729 0,000188
загрязнить 1,514128 0,000226
загрязнять 1,514128 0,000452
загурского 3,912023 0,000292
задание 1,832581 0,000137
задерживаться 3,218876 0,000240
задний 2,120264 0,000158
заимка 2,659260 0,000198
заимствование 2,813411 0,000420
заказ 1,660731 0,000372
закаменск 3,912023 0,000292
заключить 1,309333 0,000293
закон 0,462035 0,000138
законный 2,407946 0,000180
законодательный 1,347074 0,000301
законодательство 1,609438 0,000120
закончиться 1,966113 0,000147
закрепиться 1,966113 0,000147
зал 0,843970 0,000189
заларинский 3,912023 0,000292
залегать 2,995732 0,000223
залив 1,609438 0,000240
заложить 0,843970 0,000126
заменить 0,494296 0,000147
замерзание 2,659260 0,000198
замести 3,218876 0,000240
заместитель 1,514128 0,000113
замок 2,207275 0,000329
заморский 3,218876 0,000720
замыкать 3,506558 0,000262
замятина 3,912023 0,000292
зандановой 3,912023 0,000584
занимательный 2,407946 0,000180
занимать 0,430783 0,000193
заниматься 0,634878 0,000047
заново 1,897120 0,000283
занять 0,693147 0,000362
зао 1,514128 0,000113
запад 0,634878 0,000095
западный 0,462035 0,000034
запечатлеть 2,525729 0,000188
записьвойти -0,009950 -0,000001
запланировать 1,832581 0,000137
заповедный 2,302585 0,000172
запугать 3,912023 0,000292
запуск 1,347074 0,000100
запустить 0,755023 0,000113
зарегистрировать -0,009950 -0,000002
зарубежный 0,994252 0,000074
зарубежье 2,407946 0,000180
зарубина 3,506558 0,000262
заслуга 1,660731 0,000124
застройка 0,916291 0,000273
затем 0,527633 0,000039
затратить 2,995732 0,000223
затяжной 2,302585 0,000344
зафиксировать 1,078810 0,000080
захватчик 2,302585 0,000172
зашиверска 3,912023 0,000292
заявить 1,386294 0,000207
заявление -0,009950 -0,000001
заяц 1,897120 0,000142
звание 0,891598 0,000266
звезда 0,916291 0,000273
звездный 1,897120 0,000142
звездочка 3,218876 0,000240
звенеть 3,506558 0,000262
зверь 2,525729 0,000565
здание 0,673345 0,000603
здоровье 1,203973 0,000090
здравоохранение 0,843970 0,000189
зеленодольск 1,237874 0,000092
зеленые 1,203973 0,000269
зеленый 0,755023 0,000113
зелень 2,659260 0,000198
земельный 1,514128 0,000113
землетрясение 1,897120 0,002547
земля 0,400478 0,000418
земной 1,966113 0,000293
земство 2,813411 0,000210
зенит 2,302585 0,000172
зима 0,478036 0,000107
зиминский 3,912023 0,000292
зимний 0,798508 0,000119
зимовье 3,218876 0,000240
златоуст 1,347074 0,000100
злоупотребление 2,813411 0,000210
знак -0,009950 -0,000001
знакомый 2,995732 0,000447
знаменательный 1,897120 0,000425
знаменская 2,813411 0,000420
знаменский 2,525729 0,000377
знаменское 3,218876 0,000480
знаменскую 3,912023 0,000292
знание 1,108663 0,000083
значение 0,061875 0,000028
значимостивикипедия 2,813411 0,000210
значимость 1,832581 0,000137
значительно 0,510826 0,000038
значительный 0,328504 0,000049
зодчество 1,966113 0,000440
золото 1,469676 0,000110
золотодобывающий 3,506558 0,000262
золотодобыча 3,506558 0,000262
золотой 0,597837 0,000045
золотопромышленник 3,506558 0,000262
золотопромышленность 3,912023 0,000584
зона 0,400478 0,000448
зональный 2,302585 0,000172
зоогалерея 3,912023 0,000292
зорино-быково 3,912023 0,000292
зритель 1,108663 0,000165
зуб 2,659260 0,000198
зуй 3,218876 0,000240
зыкова 3,912023 0,000292
ибо 2,659260 0,000198
ибс 3,912023 0,000292
иван 0,843970 0,000126
ивана 1,078810 0,000161
иванович 1,560648 0,000349
ивановича 2,040221 0,000609
иваново 1,139434 0,000085
иг 2,813411 0,001259
игореве 2,813411 0,000210
играть 0,867501 0,000324
игтрк 3,912023 0,000292
игумнова 3,912023 0,000292
идентификатор 0,693147 0,000052
идти 0,820981 0,000061
ижевск 1,139434 0,000085
из-за 0,415515 0,000217
из-под 2,995732 0,000223
изба 2,659260 0,000198
избиратель 3,218876 0,000720
избирательный 1,609438 0,000240
избирать 1,609438 0,000120
избираться 1,427116 0,000106
избрание 2,207275 0,000165
избрать 0,967584 0,000650
известие 0,994252 0,000148
известное 0,994252 0,000074
известный 0,287682 0,000129
изготавливать 3,218876 0,000720
изд 0,314711 0,000023
изд-во 1,049822 0,000157
издавать 2,407946 0,000180
издание 0,415515 0,000341
издат 3,506558 0,000262
издатель 2,995732 0,000223
издательский 1,272966 0,000190
издательство 0,494296 0,000074
издать 1,386294 0,000103
изделие 1,108663 0,000165
изложить 2,407946 0,000180
изменение 0,301105 0,000067
изменяться 1,203973 0,000180
изморозь 3,506558 0,000262
изначально 1,309333 0,000098
износ 2,525729 0,000188
износить 3,506558 0,000523
изобилие 2,659260 0,000397
изображать 2,525729 0,000188
изображаться 2,995732 0,000223
изображение 0,693147 0,000052
изобразить 1,386294 0,000310
изучение 0,713350 0,000053
иисус 2,207275 0,000165
иконостас 2,995732 0,000223
илларионович 3,506558 0,000262
иллюстрировать 2,040221 0,000152
ильи 2,525729 0,000188
ильина 3,218876 0,000240
именитый 2,995732 0,000223
именник 3,912023 0,000292
иметь 0,094311 0,000056
иметься 0,385662 0,000144
император 1,139434 0,000170
императорский 1,469676 0,000219
имперский 2,813411 0,000210
имя 0,274437 0,000368
инвалидизация 3,912023 0,000292
инвестиционный 1,514128 0,000113
инвестиция 1,237874 0,000092
инвестор 2,120264 0,000158
индекс 0,634878 0,000047
индира 3,912023 0,000292
индустриальный 1,309333 0,000195
индустрия 1,514128 0,000113
инженер 1,139434 0,000170
инженерный 1,272966 0,000095
инициатива 1,171183 0,000087
иннокентьевская 3,912023 0,000292
иннокентьевскому 3,912023 0,000292
иногородний 2,120264 0,000158
иномарка 3,218876 0,000240
иностранец 1,771957 0,000132
иностранный 0,916291 0,000205
иноуэ 3,912023 0,000292
институт 0,371064 0,000692
инструкция 1,714798 0,000128
инструмент -0,009950 -0,000001
инсульт 3,506558 0,000262
интеллигентный 3,912023 0,000292
интенсивность 2,120264 0,001265
интервью 1,660731 0,000124
интересное 2,995732 0,000223
интернационал 2,659260 0,000198
интернет 0,755023 0,000113
интернет-версия 3,912023 0,000292
инфекционный 1,966113 0,000147
инфекция 3,506558 0,000785
инфо 2,659260 0,000397
информационный 0,462035 0,000207
информация 0,162519 0,000061
инфраструктура 0,891598 0,000067
иович 3,912023 0,000292
иогунб 3,912023 0,000292
ионассеном 3,912023 0,000292
иосип 3,218876 0,000240
иосифа 2,407946 0,000180
ипподром 1,966113 0,000147
ираэро 3,218876 0,000240
иргиредмет 3,912023 0,000292
иргит 3,912023 0,000292
иргупс 3,912023 0,000292
ириит 3,912023 0,000292
ирина 1,609438 0,000120
иркипедия 3,912023 0,000584
иркит 3,912023 0,000292
ирктуск 3,912023 0,000292
иркут 3,912023 0,003794
иркута 3,506558 0,000785
иркутный 3,912023 0,000292
иркутск 1,171183 0,011008
иркутск-новый 3,912023 0,000292
иркутск-пасс 3,912023 0,000292
иркутск-пассажирский 3,912023 0,001167
иркутск-сорт 3,912023 0,000875
иркутск-сортировочный 3,912023 0,000875
иркутска 3,506558 0,042112
иркутскавтодор 3,912023 0,000292
иркутскавтотранс 3,912023 0,000292
иркутскгортранс 3,912023 0,000292
иркутске 3,218876 0,016087
иркутский 2,120264 0,033846
иркутскнипчи 3,912023 0,000292
иркутско-черемховской 3,912023 0,000292
иркутско-якутский 3,912023 0,000292
иркутскстат 3,912023 0,000584
иркутску 3,912023 0,002043
иркутскэнерго 3,912023 0,000875
иркуту 3,912023 0,000292
иркутянин 3,912023 0,002626
иркуцкой 3,912023 0,000584
иркуцкъ 3,912023 0,000292
иркыт 3,912023 0,000292
ирниту 3,912023 0,003210
ирсити 3,912023 0,000292
исай 3,912023 0,000292
исключительный 2,207275 0,000165
искра 2,120264 0,000158
искусство 0,478036 0,000178
исполнение 0,867501 0,000129
использование -0,009950 -0,000002
использовать 0,020203 0,000003
использоваться 0,223144 0,000050
исправить 1,347074 0,000100
испытательный 3,218876 0,000240
исследование 0,462035 0,000103
исследователь 0,941609 0,000070
исследовательский 1,237874 0,000277
исток 0,755023 0,000056
истолкование 3,912023 0,000292
историк 1,469676 0,000110
историко-архитектурную 3,912023 0,000292
историко-краеведческий 2,407946 0,000180
историко-краеведческое 3,506558 0,000523
историко-культурный 2,995732 0,000223
историко-мемориальный 3,218876 0,000240
исторический 0,314711 0,000399
история 0,051293 0,000096
источник -0,009950 -0,000022
истребить 2,813411 0,000210
исчисление 0,776529 0,000058
италии 1,966113 0,000147
итог 0,494296 0,000221
иудей 2,207275 0,000165
ишимбай 1,309333 0,000098
июль 0,116534 0,000235
июне-июле 3,218876 0,000240
июнь 0,116534 0,000235
кабельный 1,514128 0,000226
кагью 2,659260 0,000198
каждый 0,261365 0,000019
казак 1,309333 0,000195
казанский 1,049822 0,000235
казань 0,891598 0,000067
казарма 1,966113 0,000147
казарян 3,506558 0,000262
казачий 1,469676 0,000219
казачинско-ленский 3,912023 0,000292
казна 1,966113 0,000147
казнить 2,813411 0,000210
кайская 3,912023 0,000875
калашников 2,525729 0,000188
календарь 1,469676 0,000439
калистратович 3,912023 0,000292
каменный 0,733969 0,000438
каменск-уральский 1,347074 0,000100
камчатский 2,659260 0,000198
канадзава 3,912023 0,000292
канал 0,673345 0,000151
канализационный 2,525729 0,000565
канализация 1,966113 0,000293
кандидат 1,272966 0,000285
каннын 3,912023 0,000292
канцелярия 1,832581 0,000137
капитал 1,469676 0,000219
капиталист 3,912023 0,000292
караван 2,659260 0,000198
карамель 3,912023 0,000292
карданный 3,912023 0,000292
карл-маркс-штадтом 3,912023 0,000292
карла 1,386294 0,000310
карловарский 3,912023 0,000292
карлом 3,912023 0,000292
карлук 3,912023 0,000292
карнавал 3,218876 0,000240
карпушева 3,912023 0,000292
карт 0,301105 0,000090
картина 1,347074 0,000603
картинный 2,120264 0,000158
картограф 2,813411 0,000210
карусель 1,771957 0,000132
карьер 2,207275 0,000165
каскад 1,966113 0,000147
каспийск 1,272966 0,000095
кастро 3,912023 0,000292
каталог 0,094311 0,000014
катангский 3,912023 0,000292
катастрофа 1,514128 0,000339
категория -0,009950 -0,000002
католический 1,237874 0,000369
каторга 2,995732 0,000223
каторжанин 3,912023 0,000292
каторжный 3,218876 0,000240
кафедральный 0,967584 0,000217
качество 0,287682 0,000043
качугский 3,912023 0,000292
каштак 2,995732 0,000223
каштаковская 3,912023 0,000292
каять 3,218876 0,000960
кбжд 3,912023 0,000292
квадрат 2,525729 0,000188
квартал 0,994252 0,000222
квартальный 2,813411 0,000210
квартирные 2,995732 0,000223
квт 2,659260 0,000397
кго 3,912023 0,000584
кей 2,302585 0,000172
кемерово 1,237874 0,000092
кен 3,506558 0,000262
кеннан 3,912023 0,000292
кентавр 3,218876 0,000240
кеппену 3,218876 0,000240
керамический 3,218876 0,000240
керосинопровод 3,912023 0,000292
кет 2,302585 0,000172
километр 0,693147 0,000052
ким 2,525729 0,000188
кинематографист 2,659260 0,000198
кино 0,994252 0,000148
киноквартал 3,912023 0,000292
кинопарк 3,912023 0,000292
кинорежиссер 2,813411 0,000210
киносеанс 3,218876 0,000240
кинотеатр 0,891598 0,000266
кинофонд 3,912023 0,000292
кинохроника 3,506558 0,000262
киоск 2,995732 0,000223
киргиз 1,386294 0,000103
киренск 3,506558 0,000262
киренский 3,218876 0,000240
киров 1,309333 0,000098
кирова 1,386294 0,000517
кировский 1,237874 0,000277
кирха 1,832581 0,000137
кисть 3,506558 0,000262
кита 3,912023 0,000292
китай 0,776529 0,000348
китайский 0,653926 0,000244
китой-комбинатская 3,912023 0,000292
кладовая 2,995732 0,000223
класс 0,616186 0,000046
классицизм 1,514128 0,000113
классический 0,755023 0,000056
клеменц 3,912023 0,000292
климат 0,446287 0,000300
климента 2,813411 0,000210
клинический 1,386294 0,000207
кличка 3,912023 0,000292
клуб 0,798508 0,000298
клумба 2,995732 0,000223
клык 2,813411 0,000210
ключ 1,309333 0,000195
ключевой 1,203973 0,000090
книга 0,415515 0,000279
книжный 0,798508 0,000060
князе-владимирская 3,912023 0,000292
князе-владимирский 3,912023 0,000292
кованый 3,912023 0,000292
код -0,009950 -0,000039
кодекс -0,009950 -0,000001
кодистория 0,116534 0,000009
кожевня 3,912023 0,000292
кой 2,995732 0,000223
койка 2,040221 0,000152
колебание 1,386294 0,000103
количество 0,210721 0,000079
колледж 1,108663 0,001075
коллектор 2,120264 0,000316
коллекция 1,309333 0,000488
колмаков 3,912023 0,000292
колокол 2,995732 0,000223
колокольня 2,040221 0,000457
коломна 1,272966 0,000095
колчак 2,302585 0,000515
кольцевой 1,714798 0,000128
колядка 3,912023 0,000292
команда 0,798508 0,000417
командный 1,347074 0,000201
комбинат 1,021651 0,000076
комедия 1,966113 0,000440
комитет 0,653926 0,000244
комментарий 1,237874 0,000185
коммерсант 2,040221 0,000152
коммерсантъ 1,139434 0,000170
коммуна 2,407946 0,000359
коммунально-бытового 3,506558 0,000262
коммунальный 1,609438 0,000360
коммунистический 2,040221 0,000152
коммутационный 3,506558 0,000262
компания 0,371064 0,000498
компаративный 3,912023 0,000292
комплекс 0,579818 0,000216
комплексный 1,078810 0,000322
композитор 1,514128 0,000226
композиция 1,386294 0,000103
компонент 0,967584 0,000072
компрессорная 2,995732 0,000223
комсомолец 1,560648 0,000116
комсомольск-на-амуре 1,203973 0,000090
комфорт 2,995732 0,000223
конверт 2,813411 0,000210
кондитерская 1,660731 0,000124
кондрашов 3,506558 0,000785
кондрашова 3,218876 0,000240
конец 0,198451 0,000252
конечный 1,514128 0,000113
конкурент 2,525729 0,000188
конкурс 1,171183 0,000175
конкурсный 2,207275 0,000165
конный 2,207275 0,000329
коновалова 2,995732 0,000223
константиновича 3,218876 0,000480
конституция 1,966113 0,000147
конструирование 2,995732 0,000223
конструктивизм 1,771957 0,000132
консульство 1,771957 0,000264
консультант 2,995732 0,000447
консультативно-диагностический 3,218876 0,000240
контекст 1,427116 0,000106
континентальный 0,527633 0,000157
контора 2,120264 0,000316
контракт 1,609438 0,000120
контрольно-счетная 2,207275 0,000165
конфессия 1,049822 0,000078
конфиденциальность -0,009950 -0,000001
концентрация 1,203973 0,000269
концентрировать 2,995732 0,000223
концепция 0,967584 0,000144
концертный 1,108663 0,000083
кооперация 2,040221 0,000152
коорг 3,912023 0,000292
координата 1,347074 0,000100
копейка 2,525729 0,000377
копие 0,223144 0,000166
копилка 3,912023 0,000292
копылова 3,506558 0,000262
кора 1,897120 0,000283
кореневым 3,912023 0,000292
корея 1,897120 0,000283
корить 1,309333 0,000098
короткий -0,009950 -0,000002
коротко 2,995732 0,000223
корпорация 1,347074 0,000100
корпус 1,171183 0,000262
коррупция 2,659260 0,000198
коса 2,407946 0,000180
костел 2,302585 0,000344
костно-мышечные 3,912023 0,000584
кострома 1,171183 0,000087
костяк 3,506558 0,000262
кот 1,966113 0,000440
котельная 1,966113 0,000440
котловина 1,897120 0,000142
который 0,000000 0,000000
кочергат 3,912023 0,000292
кошачий 3,218876 0,000240
кпрф 2,207275 0,000823
кравчука 3,912023 0,000292
краеведческий 1,108663 0,000744
край 0,544727 0,000284
красная 0,713350 0,000213
красноармеец 2,407946 0,000180
красногвардеец 3,218876 0,000240
красноярск 0,967584 0,000361
красноярска 2,525729 0,000188
красноярске 3,218876 0,000240
красноярский 1,609438 0,000240
краткий 0,653926 0,000049
кремль 1,660731 0,000372
крепкий 2,995732 0,000223
крепнуть 3,912023 0,000292
кресло 2,995732 0,000223
крест 1,309333 0,000098
крестовоздвиженский 2,302585 0,000344
кривой 3,912023 0,000292
кров 3,506558 0,000262
кром 0,235722 0,000053
круглый 1,897120 0,000142
кругобайкальский 3,912023 0,000292
кругоморская 3,912023 0,000292
кругоморский 3,912023 0,000584
кругосвет 1,560648 0,000116
кружевной 3,912023 0,000584
круиз 2,407946 0,000180
крупный 0,210721 0,000362
крутиться 3,912023 0,000292
крыма 0,843970 0,000063
крючкова 3,912023 0,000292
ксенофонт 3,506558 0,000262
кстати 3,912023 0,000292
ктм 3,506558 0,000262
кто 1,203973 0,000090
кубок 1,237874 0,000092
кузеванов 3,912023 0,000292
кузнечный 2,407946 0,000359
кузница 2,995732 0,000223
кузьмиха 3,912023 0,000292
куинджи 2,995732 0,000223
куйбышева 2,207275 0,000165
куйбышевский 1,771957 0,000397
куйтунский 3,912023 0,000292
куки -0,009950 -0,000001
кукла 0,891598 0,000200
култук 3,218876 0,000480
культура 0,356675 0,000372
культурный 0,597837 0,000134
купание 2,659260 0,000198
купец 1,078810 0,000644
купеческий 1,832581 0,000683
купечество 2,302585 0,000687
курган 1,203973 0,000090
курорт 1,560648 0,000582
курсировать 1,514128 0,000113
кустарный 2,813411 0,000210
кутайсов 3,912023 0,000292
кыцигировка 3,912023 0,000292
кювилье 3,912023 0,000292
кяхтинский 3,912023 0,000292
лаверов 3,912023 0,000584
лазерный 2,813411 0,000210
ландшафт 1,427116 0,000106
ландшафтно-климатические 3,506558 0,000262
ланин 3,912023 0,000292
ланинская 3,912023 0,000292
лансере 3,912023 0,000292
лапа 2,302585 0,000172
лапенков 3,912023 0,000292
лвчд 3,912023 0,000292
лебединка 3,912023 0,000292
лев 0,967584 0,000072
леванова 3,506558 0,000262
левобережный 1,714798 0,000384
левый 1,021651 0,000305
легкий 0,967584 0,000217
легко 1,771957 0,000132
легкоатлетический 2,525729 0,000188
легковой 2,302585 0,000172
легочно-туберкулезный 3,912023 0,000292
лед 1,171183 0,000175
ледокол 2,525729 0,000377
лекарственный 2,407946 0,000359
ленин 0,755023 0,000282
ленинск-кузнецкий 1,347074 0,000100
ленинский 0,941609 0,000562
ленского 3,218876 0,000240
ленской 3,506558 0,000785
лента 1,203973 0,000180
леониды 1,966113 0,000293
лепова 3,506558 0,000262
лес 0,733969 0,000328
лесной 0,843970 0,000126
лесопарк 1,897120 0,000142
лесостепной 1,771957 0,000132
лет 0,597837 0,000045
летие 1,309333 0,000098
летию 1,078810 0,000080
летний 0,579818 0,000087
лето 0,891598 0,000067
летопись 1,237874 0,000277
леццано 3,912023 0,000292
лечение 1,897120 0,000142
либкнехта 3,218876 0,000240
ливневый 2,040221 0,000152
лига 0,941609 0,000140
лимнологический 3,218876 0,000240
линия 0,462035 0,000207
липатова 3,218876 0,000240
листвянка 3,506558 0,000262
листвянке 3,506558 0,000262
листвянкой 3,912023 0,000292
листвянку 3,912023 0,000292
литва 2,120264 0,000158
литератор 2,813411 0,000210
литература 0,051293 0,000011
литературно-художественный 2,302585 0,000172
литературный 0,867501 0,000129
литовский 1,203973 0,000090
лицензия -0,009950 -0,000001
лицо 0,673345 0,000100
лишиться 2,040221 0,000152
лишь 0,478036 0,000036
ложный 2,813411 0,000210
локальный 0,673345 0,000100
локо-ангара 3,912023 0,000292
локомотив 1,714798 0,000256
локомотивный 2,525729 0,000188
луг 1,660731 0,000248
луганск 1,203973 0,000090
лукича 3,912023 0,000292
лучший 0,776529 0,000058
лыжный 1,897120 0,000142
лыловщина 3,912023 0,000292
лысьва 1,347074 0,000100
львовичем 3,912023 0,000292
любезный 3,506558 0,000262
любительский 1,832581 0,000137
любить 1,832581 0,000410
люди 0,755023 0,000169
люрсениуса 3,912023 0,000292
лютеранин 2,525729 0,000188
лютый 3,912023 0,000292
мавританский 3,506558 0,000523
магадан 1,237874 0,000092
магазин 1,272966 0,000095
магистраль 0,867501 0,000194
магистрат 2,995732 0,000223
магнитогорск 1,272966 0,000095
магнитуда 3,912023 0,000584
мазут 2,525729 0,000188
мазутный 3,912023 0,000292
май 0,127833 0,000505
майск 3,912023 0,000292
макаронный 3,218876 0,000480
макарьева 3,506558 0,000262
максимальный 0,867501 0,000065
максимовщина 3,912023 0,000584
максимум 0,579818 0,000130
маловероятный 3,218876 0,000240
малое 0,994252 0,000222
малоизвестный 3,912023 0,000584
малой 0,776529 0,000232
малый 0,139262 0,000042
маляревский 3,912023 0,000292
мамона 3,912023 0,000292
мамско-чуйский 3,912023 0,000292
манеж 2,207275 0,000165
марата 3,218876 0,000240
маратовский 3,912023 0,000292
марионетка 3,912023 0,000292
марк 2,120264 0,000158
марка 0,733969 0,000383
маркова 2,407946 0,000180
маркс 1,309333 0,000293
март 0,116534 0,000469
мартыновым 3,912023 0,000292
маршрут 0,673345 0,000201
масленица 3,218876 0,000240
масложиркомбинатом 3,912023 0,000292
массив 0,891598 0,000067
массовый 0,494296 0,000074
мастерская 1,832581 0,000137
масштаб 1,108663 0,000083
материал -0,009950 -0,000004
материалообработки 3,912023 0,000292
матусяк 3,912023 0,000292
матч-тв 3,218876 0,000240
мать 1,203973 0,000090
мачта 2,995732 0,000223
машина 0,713350 0,000106
машиностроение 1,049822 0,000313
маяк 1,078810 0,000080
мбук 2,659260 0,000198
мвд 1,309333 0,000293
мебельный 2,525729 0,000377
мегаполис 2,040221 0,000457
мегафон 1,237874 0,000092
мегет 3,912023 0,000584
медведев 2,525729 0,000188
медведева 2,659260 0,000198
медведниковой 3,912023 0,000292
медведниковская 3,912023 0,000292
медиафайлы 0,301105 0,000022
медиахолдинг 3,506558 0,000262
медицина 1,309333 0,000195
медицинский 0,653926 0,000390
медленно 1,832581 0,000137
медь 2,040221 0,000304
междугородный 1,832581 0,000273
международный 0,385662 0,000460
межобластной 3,218876 0,000240
межпереписной 3,912023 0,000292
мезолит 3,506558 0,000262
мейером 3,912023 0,000292
мельников 2,813411 0,000420
мельниковский 3,912023 0,000292
мельничный 3,912023 0,000292
мельхеев 3,912023 0,000292
мемориальный 1,139434 0,000340
мера 0,820981 0,000061
мерзлотный 3,218876 0,000240
мероприятие 0,916291 0,000068
местность 1,049822 0,000078
местный 0,478036 0,000713
место 0,139262 0,000239
месторождение 1,427116 0,000319
месяц 0,415515 0,000124
месяцевикипедия 0,776529 0,000058
металл 1,272966 0,000190
металлический 1,771957 0,000264
металлообрабатывающий 2,659260 0,000198
металлургический 1,469676 0,000329
метод 1,049822 0,000078
методологический 2,813411 0,000210
метр 0,653926 0,000341
мечеть 0,994252 0,000222
мзмк 3,912023 0,000292
миасс 1,309333 0,000098
миграционный 1,560648 0,000582
миграция 1,309333 0,000391
мид 2,207275 0,000329
микроавтобус 2,995732 0,000223
микрорайон 0,916291 0,000547
микстура 3,912023 0,000292
миллиард 1,514128 0,000113
миллион 0,776529 0,000058
миль 2,995732 0,000223
минерал 2,525729 0,000377
минерализация 2,995732 0,000447
минералогия 2,995732 0,000223
минеральный 1,139434 0,000085
минимализм 3,912023 0,000292
минимум 0,653926 0,000195
министерство 0,653926 0,000146
министр 1,171183 0,000262
минобрнауки 3,218876 0,000240
миновать 3,506558 0,000262
мир 0,094311 0,000070
мировая 0,527633 0,000039
митрополия 1,660731 0,000124
михаил 0,916291 0,000205
михайлович 1,386294 0,000310
михайловича 2,525729 0,000188
мишонкова 3,912023 0,000292
млашего 3,912023 0,000292
млн 0,462035 0,000207
млрд 0,820981 0,000122
мнение 0,634878 0,000047
многие 0,356675 0,000213
многий 1,237874 0,000092
многозначный 3,912023 0,000292
многоквартирный 1,897120 0,000142
многолюдный 3,506558 0,000262
многочисленный 0,693147 0,000155
мобайл 2,813411 0,000210
мобилизовать 3,218876 0,000240
мобильный -0,009950 -0,000001
могила 1,660731 0,000124
могильный 3,506558 0,000262
модернизация 1,660731 0,000248
модуль 0,562119 0,000084
мозаика 3,218876 0,000240
мой 0,733969 0,000055
молодежный 1,078810 0,000161
молодежь 1,386294 0,000414
молодо 2,120264 0,000158
молокозавод 3,506558 0,000262
молчанова-сибирского 3,912023 0,000875
монастырь 0,867501 0,000259
монголии 2,659260 0,000595
монголия 2,525729 0,000188
монголо-бурятскими 3,912023 0,000292
монголо-бурятской 3,912023 0,000292
монета 0,994252 0,000074
монополия 2,525729 0,000188
монумент 1,272966 0,000095
монументальный 1,714798 0,000256
мончегорск 1,347074 0,000100
морда 3,912023 0,000292
море 0,562119 0,000126
морозный 2,207275 0,000165
морозостойкость 3,912023 0,000292
морской 0,994252 0,000074
моряк 2,995732 0,000223
москва 0,400478 0,000209
москваиркутск 3,912023 0,000292
москвой 1,237874 0,000092
москву 1,139434 0,000170
москвы 0,653926 0,000098
московит 3,912023 0,000292
московский 0,527633 0,000394
московщина 3,912023 0,000292
мост 0,713350 0,000585
мотив 2,120264 0,000158
мотыль 3,912023 0,000292
мочевыводящий 3,912023 0,000292
мочь -0,009950 -0,000003
мощность 1,386294 0,000620
мск 0,843970 0,000126
мсм 3,912023 0,000292
мтс 1,237874 0,000185
мужской 1,108663 0,000165
мужчина 1,347074 0,000201
муз-тв 1,966113 0,000147
музеефицировать 3,506558 0,000262
музей 0,653926 0,002341
музейщик 3,506558 0,000262
музыка 0,941609 0,000140
музыкальный 0,867501 0,000453
муниципалитет 1,966113 0,000147
муниципальный 0,713350 0,001862
муп 1,897120 0,000283
муравьев-амурский 3,506558 0,000523
муравьева 2,995732 0,000223
мусульман 1,171183 0,000087
мусульманский 1,514128 0,000113
муфтият 2,995732 0,000223
мчс 2,120264 0,000158
мыловаренный 2,995732 0,000223
мыловарня 3,912023 0,000292
мыльниковская 3,912023 0,000292
мэр 1,078810 0,002495
мэрия 1,560648 0,000233
мюзикл 3,912023 0,000292
мясная 2,525729 0,000188
мясо 2,302585 0,000172
мяч 1,609438 0,000960
набережная 0,891598 0,000399
набираться 3,506558 0,000262
наблюдаться 0,755023 0,000169
набор 1,237874 0,000092
набрать 2,407946 0,000180
наведение 3,506558 0,000262
навигация -0,009950 -0,000003
навигацкий 3,912023 0,000584
наводнение 2,120264 0,000158
награда 0,798508 0,000119
наградить 0,941609 0,000140
нагреть 3,506558 0,000262
нагрузка 1,714798 0,000256
наделить 2,407946 0,000180
надземный 3,218876 0,000240
назад 1,108663 0,000165
название 0,105361 0,000110
назвать 0,371064 0,000055
назначать 2,207275 0,000165
назначение 1,108663 0,000083
назначить 1,203973 0,000180
называть 0,174353 0,000052
называться 0,328504 0,000098
наиболее 0,139262 0,000062
наименее 2,207275 0,000165
найти 0,733969 0,000055
налицо 3,506558 0,000262
наличие 0,867501 0,000065
наместничество 1,514128 0,000113
написание 1,514128 0,000113
написать 0,867501 0,000194
наподобие 2,525729 0,000188
наполеон 2,813411 0,000210
напоминать 1,714798 0,000128
направить 0,867501 0,000065
направление 0,385662 0,000144
направляться 2,407946 0,000359
нарком 3,506558 0,000262
народ 0,579818 0,000043
народный 0,616186 0,000552
наряд 1,049822 0,000078
насаждение 1,469676 0,000110
население 0,462035 0,002998
населить 0,597837 0,000401
наследие 0,713350 0,000160
наследник 2,407946 0,000180
настолько 1,897120 0,000142
настоящее 0,287682 0,000043
настроить 2,407946 0,000180
наступать 0,843970 0,000063
настя 3,506558 0,000262
насчитывать 1,203973 0,000539
насчитываться 0,967584 0,000505
натриевый 3,912023 0,000292
наука 0,235722 0,000229
науч 1,714798 0,000128
научно-исследовательский 0,798508 0,000179
научно-образовательную 3,912023 0,000292
научно-образовательный 0,967584 0,000072
научно-популярный 1,966113 0,000293
научный 0,248461 0,000389
находиться 0,174353 0,000130
находка 0,994252 0,000074
национальность 0,867501 0,000065
национальный 0,342490 0,000051
начало 0,116534 0,000139
началось 0,616186 0,000046
начальный 0,967584 0,000072
начальство 2,525729 0,000188
начать 0,510826 0,000038
начаться 0,562119 0,000126
начинать 1,049822 0,000078
начинаться 0,527633 0,000197
начиная 0,733969 0,000055
наш 0,527633 0,000118
неблагоприятный 2,040221 0,000304
небольшое 1,427116 0,000106
небольшой 0,494296 0,000037
негативный 1,347074 0,000100
недостаток 0,579818 0,000043
недоступный 0,446287 0,000133
незавершенный 2,525729 0,000377
независимый 1,049822 0,000157
незамерзающий 2,813411 0,000210
незначительный 1,660731 0,000248
неизвестное 2,207275 0,000329
некоммерческий -0,009950 -0,000001
некоторые 0,127833 0,000010
немало 1,966113 0,000147
немец 1,108663 0,000083
немецкий 0,798508 0,000179
немецко-фашистскими 2,525729 0,000188
немцов 3,218876 0,000240
необходимо 1,237874 0,000185
неограниченный 3,218876 0,000240
неоднократно 1,139434 0,000085
неолит 2,659260 0,000198
неопределенный 2,813411 0,000210
неофициальный 1,139434 0,000085
неочищенный 2,813411 0,000210
непомерный 3,912023 0,000292
непорочный 2,813411 0,000210
непосредственно 0,478036 0,000071
непосредственный 1,966113 0,000147
неправдоподобный 3,912023 0,000292
нерабочий 0,994252 0,000074
нерпа 3,218876 0,000240
нерпинарии 3,912023 0,000292
нерпинарий 3,912023 0,000292
нерукотворный 2,995732 0,000223
нерчинска 3,912023 0,000292
нерчинский 3,218876 0,000240
несколько 0,116534 0,000070
несмотря 0,755023 0,000056
нестыковка 3,912023 0,000292
неудача 2,525729 0,000188
нефтяной 1,514128 0,000113
ниже 0,693147 0,000052
нижнее 0,916291 0,000068
нижнеилимский 3,912023 0,000292
нижнеудинск 3,912023 0,000292
нижнеудинский 3,912023 0,000292
нижний 0,494296 0,000221
низка 1,714798 0,000384
низкий 0,843970 0,000063
нии 1,237874 0,000092
никита 2,302585 0,000172
никола 3,506558 0,000262
николааса 3,218876 0,000480
николае 3,912023 0,000292
николаевич 1,309333 0,000391
николаевича 2,407946 0,000180
николай 0,867501 0,000582
николая 0,916291 0,000068
никольск 3,506558 0,000262
новгород 0,867501 0,000065
новик 2,813411 0,000210
ново-иркутская 3,912023 0,001167
ново-иркутскую 3,912023 0,000292
ново-ленино 3,912023 0,001167
ново-мельниково 3,912023 0,000584
новогрудинина 3,912023 0,000292
новое 0,287682 0,000086
новокузнецк 1,272966 0,000095
новолисиха 3,912023 0,000292
новомосковск 1,203973 0,000090
новосибирск 0,916291 0,000205
новосибирске 2,659260 0,000198
новосибирский 1,714798 0,000128
новостной 2,040221 0,000152
новость 0,544727 0,000366
новый 0,083382 0,000062
нойманн 3,912023 0,000292
номер 0,634878 0,000142
номерной 2,659260 0,000198
норильск 1,203973 0,000090
норма 0,597837 0,000178
норматив 2,813411 0,000210
нормативный 1,897120 0,000142
носить 0,798508 0,000238
ночь 1,309333 0,000391
нояб 0,820981 0,000061
ноябрь 0,127833 0,000639
нтв 1,427116 0,000106
нтс 3,912023 0,000292
нужда 1,237874 0,000092
нуждаться 1,660731 0,000124
нужно 1,049822 0,000235
нукутский 3,912023 0,000292
нумизматика 1,966113 0,000293
ныне 0,653926 0,000146
нынешний 1,021651 0,000152
оао 0,916291 0,000068
оба 0,597837 0,000045
обаяние 3,912023 0,000292
обветшалый 3,912023 0,000292
обеззараживать 3,912023 0,000292
обезьяна 3,218876 0,000240
обеспеченность 1,771957 0,000132
обеспечивать 0,415515 0,000031
обеспечиваться 2,040221 0,000152
обзор 1,078810 0,000241
обитать 1,469676 0,000110
обл 1,714798 0,000256
областиобластные 2,407946 0,000180
областискрытые 2,525729 0,000188
областной 0,994252 0,001557
область 0,150823 0,000473
областьгорода 1,309333 0,000098
облик 1,203973 0,000180
облицевать 3,912023 0,000292
обновить 1,203973 0,000090
обновиться 3,912023 0,000292
обновление 1,203973 0,000090
обновлениявикипедия 1,771957 0,000132
обогащение 2,813411 0,000210
обогреваться 3,912023 0,000292
обозначение 1,386294 0,000103
обозначить 1,771957 0,000132
оборона 1,108663 0,000083
оборонительный 1,660731 0,000124
оборонно-промышленного 3,506558 0,000262
оборот 1,139434 0,000085
оборудование 0,653926 0,000098
образ 0,287682 0,000107
образец 1,203973 0,000180
образование 0,356675 0,000585
образовательный 0,891598 0,000067
образовать 0,385662 0,000662
образоваться 0,967584 0,000144
обратный 2,040221 0,000152
обращение 0,030459 0,000484
обручев 3,912023 0,000292
обряд 2,659260 0,000397
обсерватория 1,966113 0,000147
обследование 2,995732 0,000223
обслуживание 0,941609 0,000070
обслуживаться 2,525729 0,000188
обстановка 1,386294 0,000207
обстоятельство 2,040221 0,000304
обсуждаться 1,897120 0,000142
обусловить 1,237874 0,000092
обучаться 1,560648 0,000466
обучение 1,309333 0,000195
обход 1,469676 0,000329
общее 0,301105 0,000157
общеобразовательный 1,021651 0,000076
общественник 3,218876 0,000240
общественно-политические 3,506558 0,000262
общественность 2,120264 0,000158
общественный 0,494296 0,000111
общество 0,415515 0,000155
общий 0,186330 0,000097
община 1,078810 0,000080
объединение 0,776529 0,000116
объединить 0,867501 0,000065
объединять 1,108663 0,000413
объездной 1,897120 0,000142
объект 0,235722 0,000035
объем 0,400478 0,000119
объявить 0,798508 0,000119
объявляться 2,995732 0,000223
обычно 0,693147 0,000052
обычный 1,347074 0,000100
огку 3,506558 0,000262
огонь 1,139434 0,000170
огородничество 3,912023 0,000292
ограда 2,302585 0,000172
ограждение 3,218876 0,000480
огромный 0,776529 0,000058
одежда 2,120264 0,000158
один 0,051293 0,000019
одиннадцать 2,659260 0,000198
однако 0,174353 0,000039
одновременно 0,776529 0,000116
одноглавый 3,506558 0,000262
одноименный 0,967584 0,000072
одномандатный 2,040221 0,000304
одноэтажный 2,813411 0,000210
оек 3,912023 0,000292
ожесточить 2,407946 0,000180
оживить 2,659260 0,000198
ожоговый 2,995732 0,000223
озеро 0,673345 0,000251
ознаменоваться 2,120264 0,000158
оказание 2,120264 0,000158
оказаться 0,820981 0,000061
оказывать 0,867501 0,000259
окато 0,820981 0,000122
океан 0,994252 0,000074
окись 3,912023 0,000292
окладникова 3,912023 0,000292
окончание 1,309333 0,000195
окраина 1,049822 0,000157
окраинный 2,525729 0,000188
окраска 2,995732 0,000223
окрестность 0,941609 0,000492
округ 0,562119 0,001635
окружать 0,755023 0,000056
окружить 1,771957 0,000132
окружной 1,609438 0,000120
оксид 2,207275 0,000329
окт 0,798508 0,000060
октмо 0,843970 0,000063
октябрь 0,072571 0,000260
октябрьский 0,776529 0,000521
олимпийский 1,108663 0,000083
олха 3,912023 0,000584
ольхонский 3,912023 0,000292
омнибус 3,218876 0,000240
омск 1,021651 0,000076
омска 2,813411 0,000210
онкологический 1,897120 0,000283
онлайн 0,198451 0,000030
онли-пресс 3,912023 0,000292
ооо 0,843970 0,000252
опасный 1,272966 0,000095
опер 1,469676 0,000110
оператор 0,941609 0,000492
операция 0,776529 0,000058
оперетта 2,995732 0,000223
описание -0,009950 -0,000001
описательно-мотивировочная 3,912023 0,000292
описательно-мотивировочной 3,912023 0,000292
описываться 1,966113 0,000147
опорный 1,560648 0,000233
оппозиционный 2,995732 0,000223
оппозиция 2,995732 0,000447
определяться 1,078810 0,000080
орган 0,616186 0,000735
организация -0,009950 -0,000004
организовать 0,634878 0,000142
органный 1,966113 0,000293
орден 0,891598 0,000133
ордер 3,912023 0,000292
орел 1,386294 0,000103
оригинал 0,139262 0,000592
ориент-телеком 3,912023 0,000292
ориентировать 1,660731 0,000124
оркестр 1,386294 0,000103
орловым 3,506558 0,000262
орск 1,272966 0,000095
ортпц 2,407946 0,000180
орфография 3,506558 0,000262
осадок 0,544727 0,000122
освободиться 2,813411 0,000210
осенне-зимний 3,506558 0,000262
осень 0,941609 0,000211
осинский 3,506558 0,000262
осипов 0,527633 0,000079
осипович 3,912023 0,000292
оснастить 1,714798 0,000128
основа 0,210721 0,000063
основание 0,494296 0,000111
основатель 0,967584 0,000144
основать 0,274437 0,000246
основное 0,235722 0,000088
основной 0,040822 0,000070
особенно 0,562119 0,000042
особенность 0,693147 0,000155
особо 1,237874 0,000185
оставаться 0,544727 0,000203
оставить 1,427116 0,000106
остальной 0,616186 0,000046
останавливаться 2,407946 0,000359
остановочный 2,207275 0,000165
остаток 1,203973 0,000090
остаться 0,867501 0,000194
остеопороз 3,912023 0,000292
остров 0,820981 0,000429
острог 1,897120 0,002689
острожный 3,218876 0,000480
острый 2,407946 0,000180
осудить 2,525729 0,000188
осуществлять 0,597837 0,000178
осуществляться 0,616186 0,000184
отбор 2,040221 0,000152
отбытие 3,912023 0,000292
отв 0,755023 0,000056
ответственность -0,009950 -0,000001
отдалить 2,302585 0,000344
отдать 2,407946 0,000180
отдел 1,171183 0,000175
отделение 0,713350 0,000266
отдельный -0,009950 -0,000001
отель 1,660731 0,000248
отечественный 0,634878 0,000095
отказ -0,009950 -0,000001
откорректировать 3,506558 0,000262
откос 3,506558 0,000262
открывать 1,771957 0,000264
открываться 1,347074 0,000100
открытие 0,616186 0,000092
открытка 2,207275 0,000165
открыто 1,078810 0,000161
открыть 0,150823 0,000304
открыться 0,820981 0,000306
отличаться 0,342490 0,000051
отличиться 3,218876 0,000240
отложение 2,040221 0,000304
отложить 2,407946 0,000180
отмена 1,714798 0,000128
отмечать 1,078810 0,000161
отмечаться 0,994252 0,000222
отнести 1,560648 0,000582
относительно 0,415515 0,000124
относить 1,469676 0,000219
относиться 0,328504 0,000221
отношение 0,430783 0,000257
отопительный 2,659260 0,000198
отправить 1,560648 0,000116
отправляться 1,427116 0,000106
отр 1,832581 0,000137
отрасль 0,653926 0,000098
отредактировать -0,009950 -0,000001
отрешить 3,506558 0,000262
отрицательный 2,120264 0,000474
отряд 1,272966 0,000095
отстранить 2,813411 0,000210
отстроить 2,302585 0,000172
отсутствие 0,891598 0,000266
отсутствовать 0,776529 0,000058
оттаивание 3,912023 0,000875
оттиск 3,506558 0,001308
отток 2,407946 0,000539
отход 1,514128 0,000565
отходить 1,897120 0,000142
отчаянный 3,506558 0,000262
отчет 1,272966 0,001045
офис 1,560648 0,000116
офицер 1,660731 0,000124
официально 0,693147 0,000052
официальный 0,356675 0,000239
ох 1,347074 0,000100
охватывать 1,237874 0,000092
охлопкова 3,912023 0,000584
охотск 2,813411 0,000210
охотска 3,506558 0,000262
охрана 0,843970 0,000252
охранять 1,427116 0,000213
оценка 0,400478 0,000090
очень 0,494296 0,000111
очередной 1,560648 0,000116
очерк 0,733969 0,000109
очистка 1,771957 0,000264
очистной 1,832581 0,000137
ошибка 0,994252 0,000074
ошибкекак -0,009950 -0,000001
ощущаться 2,995732 0,000223
павел 1,078810 0,000241
павильон 2,040221 0,000152
павлович 2,302585 0,000172
паводок 2,120264 0,000158
пагода 3,912023 0,000292
падаль 3,912023 0,000292
падать 1,771957 0,000132
падкий 3,912023 0,000292
падь 3,218876 0,000480
палата 1,347074 0,000100
палеолит 2,813411 0,000210
палеотехнологии 3,912023 0,000292
памятник 0,597837 0,000669
памятный 0,798508 0,000298
панно 3,218876 0,000240
панорама 1,203973 0,000269
парапет 3,912023 0,000292
парижем 3,912023 0,000292
парижский 2,302585 0,000172
парк 0,653926 0,000390
парковый 1,609438 0,000240
пароход 2,207275 0,000165
пароходство 1,832581 0,000137
партийный 1,660731 0,000124
партия 1,514128 0,000339
партнер 1,514128 0,000113
партнерский 2,207275 0,000165
партнерство 1,771957 0,000132
парусник 3,218876 0,000240
парфеновка 3,506558 0,000523
паспорт 1,897120 0,000283
пассажир 1,272966 0,000475
пассажиропоток 1,609438 0,000120
пассажирский 0,941609 0,000351
пасти 3,506558 0,000523
патриархальный 3,912023 0,000292
патриотизм 3,506558 0,000262
патрон 3,506558 0,000262
певец 1,832581 0,000137
педагог 2,302585 0,000172
педагогический 0,867501 0,000065
пенек 3,912023 0,000292
пенза 1,108663 0,000083
пепелище 3,912023 0,000292
пепеляев 3,506558 0,000262
первое 0,150823 0,000146
первожитель 3,912023 0,000292
первомайский 1,347074 0,000201
первоначально 1,203973 0,000090
первоначальный 1,203973 0,000269
первый 0,162519 0,000291
перебегать 3,912023 0,000292
перевезти 1,897120 0,000142
перевозить 1,832581 0,000137
перевозка 0,891598 0,000067
перевозчик 2,302585 0,000172
передавать 1,560648 0,000116
передаточный 3,912023 0,000292
передать 0,798508 0,000119
передача 1,078810 0,000080
передвижной 2,659260 0,000198
переехать 1,966113 0,000147
переизбрать 3,218876 0,000240
переименовать 0,941609 0,000070
перейти -0,009950 -0,000002
перекочевать 3,218876 0,000240
перелет 2,659260 0,000198
перепад 2,525729 0,000377
перепись 0,755023 0,000845
перепончатый 3,912023 0,000292
переправа 1,514128 0,000339
перепродавать 3,912023 0,000292
переработка 1,469676 0,000110
пересекаться 2,813411 0,000210
переселенец 2,525729 0,000188
пересечь 2,407946 0,000180
пересмотр 3,506558 0,000262
перестроить 1,897120 0,000142
переть 1,108663 0,000165
переход 0,653926 0,000098
перинатальный 2,040221 0,000304
период 0,274437 0,000287
периферия 2,813411 0,000210
пермь 0,994252 0,000074
персональный -0,009950 -0,000001
перспектива 1,049822 0,000078
першпективная 3,912023 0,000292
песня 1,427116 0,000426
пестель 3,912023 0,000292
петербург 1,897120 0,000142
петербурга 2,407946 0,000359
петербурге 2,995732 0,000223
петербургом 2,659260 0,000198
петербургский 1,660731 0,000248
петр 1,108663 0,000083
петра 1,078810 0,000080
петровича 3,218876 0,000240
петровичу 3,218876 0,000240
петрушка 3,912023 0,000292
печатный 1,021651 0,000152
печать -0,009950 -0,000007
пешеходный 1,560648 0,000349
пивовариха 3,912023 0,000292
пивоварня 3,218876 0,000480
пик 1,609438 0,000120
пилигрим 3,912023 0,000875
пильц 3,912023 0,000292
писатель 0,916291 0,000205
питание 1,171183 0,000262
питать 3,218876 0,000240
питьевой 1,897120 0,000425
пища 2,995732 0,000223
пищевик 3,912023 0,000292
пищевой 0,916291 0,000137
план 0,527633 0,000433
планета 1,309333 0,000098
планетарий 1,832581 0,000137
планироваться 0,891598 0,000266
планировка 1,427116 0,000106
планировочный 2,407946 0,000359
платоновича 3,912023 0,000292
платформа 1,049822 0,000157
пленительный 3,912023 0,000292
плещеев 3,912023 0,000292
плишкино 3,912023 0,000292
плишкинский 3,912023 0,000292
плодородный 2,659260 0,000198
плотина 1,514128 0,001694
плотность 0,634878 0,000047
площадка 0,867501 0,000065
площадь 0,385662 0,000230
плыть 2,995732 0,000447
пляж 1,609438 0,000240
пмс 3,506558 0,000262
по-бурятски 3,912023 0,000292
по-монгольски 3,506558 0,000262
по-прежнему 1,966113 0,000147
победа 0,755023 0,000225
побратим 1,514128 0,000113
побратимский 1,771957 0,000132
поведение -0,009950 -0,000001
поверхностный 1,514128 0,000113
повествование 2,813411 0,000210
повести 1,832581 0,000137
повинность 3,506558 0,000262
повлечь 2,407946 0,000180
поворачиваться 3,912023 0,000292
повредить 2,525729 0,000188
повысить 1,021651 0,000076
повыситься 2,407946 0,000180
погибнуть 1,469676 0,000329
поглотить 2,207275 0,000165
погода 0,693147 0,000052
погодаева 3,912023 0,000292
подавать 3,218876 0,000240
подарок 2,525729 0,000188
подача 2,207275 0,000165
подверженный 2,040221 0,000152
подвести 2,525729 0,000565
подвижной 1,832581 0,000273
подводной 1,514128 0,000113
поделить 2,813411 0,000210
подземный 1,469676 0,000219
подножие 2,525729 0,000188
поднять 1,609438 0,000120
подняться 1,660731 0,000124
подольск 1,272966 0,000095
подразделение 1,514128 0,000113
подразделяться 2,207275 0,000165
подснежник 3,912023 0,000292
подстанция 2,302585 0,000172
подтопляться 3,912023 0,000292
подход 0,994252 0,000074
подчинить 1,347074 0,000100
подчиняться 1,660731 0,000124
подъезд 1,897120 0,000283
подъездной 2,813411 0,000630
поезд 1,021651 0,000457
пожаловать 2,207275 0,000165
пожалуйста 1,469676 0,000110
пожар 1,171183 0,001223
пожарная 2,207275 0,000165
поздно 0,713350 0,000266
позднякова 3,506558 0,000262
поздравить 3,218876 0,000240
позиция 1,347074 0,000100
поиск -0,009950 -0,000001
пойма 1,609438 0,000240
пока 0,843970 0,000063
показатель 0,494296 0,000147
показать 0,891598 0,000067
покорение 2,302585 0,000172
покров 0,843970 0,000063
покрытие 1,560648 0,000116
пол 0,446287 0,000166
полдень 0,916291 0,000068
полевой 1,966113 0,000440
полезный 1,203973 0,000090
поленов 2,995732 0,000223
полет 1,609438 0,000120
поливаниха 3,912023 0,000292
полигон 2,120264 0,000158
полиграфический 2,302585 0,000172
поликлиника 1,309333 0,000195
политик -0,009950 -0,000002
политический 0,597837 0,000357
политцентр 3,912023 0,000292
полиция 2,207275 0,000329
полк 1,469676 0,000110
полномочие 1,203973 0,000359
полностью 0,400478 0,000090
полный 0,328504 0,000074
половина 0,430783 0,000289
положение 0,415515 0,000248
положительное 2,407946 0,000180
положить 1,514128 0,000113
полоса 0,916291 0,000137
полотнище 1,609438 0,000120
полугодие 2,207275 0,000165
полунина 3,912023 0,000292
получать 0,916291 0,000137
получить 0,150823 0,000090
полынья 3,218876 0,000240
полыхать 3,912023 0,000292
польза 1,714798 0,000128
пользование 1,609438 0,000120
пользоваться 1,139434 0,000085
польский 1,347074 0,000100
польше 2,659260 0,000198
польши 2,659260 0,000198
поляк 0,820981 0,000184
помимо 0,562119 0,000042
помнить 2,995732 0,000223
помочь 1,171183 0,000087
помощник 2,302585 0,000344
помощь 0,342490 0,000026
пономарева 2,813411 0,000420
пополнение 2,407946 0,000180
пополниться 2,813411 0,000210
популярность 1,609438 0,000120
популярный 0,891598 0,000133
попытаться 2,407946 0,000180
попытка 1,272966 0,000095
пора 0,776529 0,000058
порденоне 3,912023 0,000292
порт 0,733969 0,000109
портал 0,342490 0,000128
порталвикипедия 2,120264 0,000158
портрет 2,302585 0,000172
поручить 2,407946 0,000180
порядка 1,139434 0,000085
посад 1,469676 0,000110
посадка 1,897120 0,000142
посадский 2,995732 0,000447
посвятить 0,634878 0,000189
поселение 0,634878 0,000568
поселиться 2,407946 0,000359
поселок 0,634878 0,000379
посещать 1,560648 0,000466
последний -0,009950 -0,000002
послепожарный 3,912023 0,000292
послужить 1,469676 0,000110
поставить 1,021651 0,000152
поставка 2,207275 0,000165
поставщик 1,897120 0,000283
постановка 2,120264 0,000474
постановление 0,891598 0,000133
постепенно 0,867501 0,000065
постоянно 1,108663 0,000083
постоянный 0,579818 0,000346
постперестроечный 3,506558 0,000523
пострадать 1,660731 0,000248
построить 0,301105 0,000202
постройка 0,867501 0,000129
поступать 1,609438 0,000120
потенциал 0,967584 0,000072
потерять 1,386294 0,000103
поток 0,967584 0,000072
потомок 2,040221 0,000152
потребитель 1,771957 0,000132
потребительский 1,832581 0,000273
потребоваться 2,302585 0,000172
потянуться 3,506558 0,000262
похабов 3,912023 0,000292
похабова 3,912023 0,000292
похабовск 3,912023 0,000292
похвастаться 3,912023 0,000292
почва 1,272966 0,000380
почвенный 2,995732 0,000223
почетный 0,820981 0,000245
почтовый 0,653926 0,000488
поэт 1,049822 0,000157
появиться 0,248461 0,000241
появление 0,653926 0,000049
появляться 0,733969 0,000109
пояс 0,597837 0,000134
ппжт 3,912023 0,000292
правда 0,820981 0,000184
правдоподобный 3,506558 0,000262
правило 0,478036 0,000071
правительство 0,510826 0,000191
править -0,009950 -0,000074
правка 0,274437 0,000020
правкиновые -0,009950 -0,000001
правкипостоянная -0,009950 -0,000001
право 0,314711 0,000117
правобережный 1,832581 0,001094
правовой 1,021651 0,000152
православный 0,755023 0,000056
правосудие 2,407946 0,000359
правый 0,798508 0,000238
праздник 1,203973 0,000090
празднично 3,912023 0,000292
практически 0,755023 0,000225
прапорщик 3,912023 0,000292
пребывание 1,832581 0,000137
превратиться 1,386294 0,000207
превращаться 1,660731 0,000124
превысить 1,427116 0,000106
превышать 0,673345 0,000251
предварительный 1,832581 0,000273
предвыборный 3,506558 0,000262
предел 0,400478 0,000090
предлагаться 1,966113 0,000147
предложить 0,820981 0,000061
предместье 3,506558 0,000785
предок 1,832581 0,000137
предполагать 1,171183 0,000175
предприниматель 1,609438 0,000120
предприятие 0,527633 0,000905
предприятий-пользователей 3,912023 0,000292
председатель 0,916291 0,000273
председательство 3,912023 0,000292
представительный 1,237874 0,000092
представительство 0,994252 0,000297
представить 0,328504 0,000270
представиться -0,009950 -0,000001
представлять 0,328504 0,000196
предстоять 2,995732 0,000223
предусмотреть 1,427116 0,000106
предшествовать 1,771957 0,000132
прежде 1,049822 0,000078
прежнее 1,560648 0,000233
прежний 1,021651 0,000152
президент 0,597837 0,000134
преимущественно 0,776529 0,000232
прекратить 0,916291 0,000137
прекратиться 2,407946 0,000180
прекращаться 2,813411 0,000210
премия 1,272966 0,000095
преобладать 0,713350 0,000053
преображенская 3,218876 0,000240
преподаватель 2,120264 0,000158
препятствие 2,302585 0,000172
препятствовать 2,302585 0,000172
пресс 1,272966 0,000285
претендент 2,995732 0,000223
пржевальский 3,218876 0,000240
приамурье 2,813411 0,000210
приангарье 3,912023 0,000292
приангарья 3,912023 0,000584
прибайкалье 2,995732 0,000447
прибайкальский 3,506558 0,000262
прибайкалья 3,218876 0,000720
приборостроение 2,040221 0,000152
прибрежный 1,386294 0,000103
прибывать 2,207275 0,000165
прибыль 1,897120 0,000283
прибытие 1,897120 0,000142
прибыть 1,514128 0,000339
приватизировать 2,813411 0,000210
привести 0,356675 0,000080
приводить 0,776529 0,000058
привычное 2,813411 0,000210
пригожий 3,218876 0,000240
пригород 1,714798 0,000256
пригородный 0,967584 0,000217
придать 2,407946 0,000180
придти 0,755023 0,000113
приемник 3,912023 0,000292
призер 1,514128 0,000113
признание 0,867501 0,000065
признать 0,494296 0,000037
прийтись 1,469676 0,000329
приказ 1,203973 0,000090
приказная 2,813411 0,000210
приказчик 3,218876 0,000240
прикладывание 3,912023 0,000292
приложение 0,733969 0,000164
прим 2,407946 0,000180
применять 0,510826 0,000076
применяться 1,139434 0,000085
пример 0,527633 0,000118
примерно 0,634878 0,000095
примечание -0,009950 -0,000001
приморский 1,897120 0,000142
принадлежать 0,755023 0,000113
принимать 0,634878 0,000095
приниматься 2,120264 0,000158
принять 0,248461 0,000148
приобрести 1,139434 0,000170
приобретать 1,966113 0,000147
приостановить 1,609438 0,000120
припарковать 3,912023 0,000292
природа 0,653926 0,000049
природный 0,510826 0,000076
природопользование 2,525729 0,000188
прирост 1,309333 0,000586
присвоение 1,139434 0,000085
присвоить 0,798508 0,000298
присоединить 1,660731 0,000124
притка 1,427116 0,000319
приток 1,078810 0,000402
приход 1,108663 0,000248
приходить 1,309333 0,000098
приходиться 0,693147 0,000569
причал 1,897120 0,000142
причастный 3,912023 0,000292
причем 0,994252 0,000148
причина 0,562119 0,000210
приют 2,525729 0,000188
пробить 3,218876 0,000240
проблема 0,274437 0,000082
проведение 0,673345 0,000050
проверить 0,478036 0,000036
провести 0,579818 0,000087
провиант 3,218876 0,000240
провинция 1,309333 0,000195
проводить 0,843970 0,000063
проводиться 0,653926 0,000098
проводной 2,040221 0,000152
прогноз 1,427116 0,000106
проголосовать 2,813411 0,000210
программа 0,415515 0,000186
прогулка 1,609438 0,000120
продолжаться 1,049822 0,000078
продолжительность 1,021651 0,000076
продукт 0,634878 0,000095
проезд 1,171183 0,000087
проект -0,009950 -0,000012
проектахцитаты 2,525729 0,000188
проектный 1,514128 0,000113
проживать 0,776529 0,000116
производитель 1,309333 0,000098
производить 0,916291 0,000205
производиться 1,108663 0,000083
производственный 1,078810 0,000161
производство 0,527633 0,000276
произойти 0,430783 0,000193
произрастать 1,966113 0,000147
происходить 0,328504 0,000172
происшествие 2,207275 0,000494
пройти 0,544727 0,000203
прокопьев 3,506558 0,000262
прокопьевск 1,272966 0,000095
прокуратура 2,040221 0,000304
проложить 1,347074 0,000100
промерзание 2,995732 0,000447
промысл 1,966113 0,000147
промышленник 2,525729 0,000188
промышленность 0,494296 0,000295
промышлять 0,462035 0,000310
пропускать 2,995732 0,000223
проработка 3,218876 0,000240
прорубь 3,218876 0,000240
просачиваться 3,506558 0,000262
просить 2,207275 0,000165
прославиться 3,912023 0,000292
просмотр -0,009950 -0,000001
проспект 0,891598 0,000067
пространство 0,634878 0,000047
протекать 1,108663 0,000083
протест 1,966113 0,000147
протестант 2,040221 0,000152
протестантский 2,120264 0,000158
против 0,798508 0,000238
противостояние 2,407946 0,000180
противочумный 3,218876 0,000240
протяжение 0,843970 0,000126
протяженность 0,776529 0,000232
профессиональный 0,733969 0,000109
профессор 0,967584 0,000144
проходить 0,462035 0,000551
прохоров 1,078810 0,000080
процветать 2,813411 0,000210
процесс 0,415515 0,000062
прочее 0,544727 0,000081
прочие 0,798508 0,000060
прошлое 0,673345 0,000050
проявление 1,897120 0,000142
прядильный 3,912023 0,000292
прямая 0,867501 0,000065
прямой 1,660731 0,000124
прямоугольный 1,560648 0,000116
психиатрический 1,966113 0,000147
птица 1,272966 0,000095
птол 3,912023 0,000292
публикация 1,272966 0,000190
публиковаться 2,407946 0,000180
публичный 1,078810 0,000241
пункт 0,494296 0,000442
пунта-аренаса 3,912023 0,000292
путеводитель 0,713350 0,000053
путешественник 1,714798 0,000256
путешествие 1,469676 0,000439
путь 0,261365 0,000331
пушкин 0,916291 0,000068
пушнина 2,995732 0,000670
пушной 3,218876 0,000240
пфорцхайм 3,912023 0,000292
пышма 1,309333 0,000098
пятница 1,427116 0,000213
пятый 0,994252 0,000148
пять 0,693147 0,000103
пять-шесть 3,912023 0,000292
работа 0,127833 0,000019
работать 0,314711 0,000211
рабочий 0,597837 0,000357
равнина 0,867501 0,000129
равно 2,040221 0,000152
радиан 3,912023 0,000292
радио 0,891598 0,000067
радиоактивный 3,218876 0,000240
радиовещательный 1,897120 0,000142
радиозавод 2,659260 0,000198
радионуклидный 3,506558 0,000262
радиостанция 1,021651 0,000229
радиоэлектроника 2,659260 0,000198
радищев 3,218876 0,000240
радищево 3,912023 0,000584
радужный 3,218876 0,000240
раз -0,009950 -0,000001
разбогатеть 3,506558 0,000262
развивать 1,660731 0,000124
развиваться 0,597837 0,000089
развитие 0,127833 0,000143
развить 0,616186 0,000046
разводной 2,813411 0,000210
разворачивать 3,912023 0,000292
разгадать 3,506558 0,000262
раздел 0,342490 0,000102
разделамивикипедия 2,813411 0,000210
разделить 0,527633 0,000039
различный 0,116534 0,000009
разлом 3,218876 0,000480
разместить 1,108663 0,000083
разместиться 2,407946 0,000180
размещаться 1,560648 0,000116
размещение 0,673345 0,000151
разница 1,897120 0,000142
разное 1,078810 0,000161
разный 0,314711 0,000023
разобрать 2,040221 0,000304
разорвать 1,897120 0,000283
разработать 0,616186 0,000092
разработчик -0,009950 -0,000001
разрез 2,120264 0,000316
разрешить 1,560648 0,000116
разрушение 1,560648 0,000116
разрушительный 2,040221 0,000152
разумное 3,218876 0,000240
район 0,430783 0,001285
районаадминистративный 3,912023 0,000292
районный 1,171183 0,000087
райцентр 0,941609 0,000070
рак 3,218876 0,000480
ракета 2,040221 0,000152
ракитин 3,912023 0,000292
рамка 0,478036 0,000071
рамн 2,302585 0,000515
рана 0,776529 0,000232
ранить 2,659260 0,000198
ранний 0,733969 0,000109
рано 0,261365 0,000039
располагать 1,386294 0,000310
располагаться 0,544727 0,000203
расположить 0,385662 0,000633
распоряжение 1,139434 0,000085
расправа 2,995732 0,000223
распределение 1,203973 0,000090
распределиться 2,995732 0,000223
распространить 0,616186 0,000138
распространять 2,659260 0,000198
распространяться 1,272966 0,000095
распутина 3,506558 0,000523
расстояние 0,713350 0,000426
расстрел 2,525729 0,000188
расстрелять 1,966113 0,000293
растение 1,171183 0,000262
расти 0,941609 0,000140
расцвет 2,040221 0,000304
расцветать 3,506558 0,000262
расчет 0,820981 0,000184
расширение 0,415515 0,000031
ратуша 3,218876 0,000480
реабилитационный 3,506558 0,000262
реализация 0,798508 0,000119
реализовать 0,673345 0,000151
реалия 2,995732 0,000223
реальность 2,207275 0,000165
реввоенсовет 3,912023 0,000292
ревизор 3,506558 0,000262
революциинаселенные 2,120264 0,000158
революционный 1,386294 0,000207
революция 0,562119 0,000168
ревякина 3,506558 0,000262
регион 0,385662 0,000115
регионализм 3,912023 0,000292
региональный 0,634878 0,000474
регионам-партнерам 3,912023 0,000292
регистрироваться 2,525729 0,000188
регулирование 2,040221 0,000152
регулярно 1,272966 0,000475
регулярный 0,798508 0,000238
ред 0,235722 0,000176
редактор 1,427116 0,000213
редакция 0,916291 0,000068
редкий 1,237874 0,000092
реж 3,506558 0,000523
режим 0,653926 0,000049
режиссер 1,660731 0,000124
резерв 1,514128 0,000113
резиденция 1,832581 0,000273
резкий 1,386294 0,000103
резко 0,967584 0,000217
результат 0,174353 0,000052
реинкарнация 3,912023 0,000292
рейс 1,171183 0,000175
река 0,446287 0,000566
реконструировать 1,237874 0,000092
реконструктивный 3,912023 0,000292
реконструкция 0,820981 0,000122
рекорд 1,427116 0,000213
рекрут 3,506558 0,000262
ректор 2,525729 0,000188
релейный 3,912023 0,000292
религиозный 0,891598 0,000133
религия 0,755023 0,000113
реликтовый 2,813411 0,000210
рельеф 0,798508 0,000060
рельефообразования 3,506558 0,000262
ремезова 2,659260 0,000198
ремесленное 2,120264 0,000316
ремесло 1,714798 0,000128
ремонт 1,139434 0,000170
рен 1,660731 0,000124
реорганизовать 2,813411 0,000420
репертуар 2,525729 0,000188
репин 1,966113 0,000147
репортер 2,040221 0,000152
репрессия 1,897120 0,000142
репродукция 3,218876 0,000240
рериха 2,813411 0,000210
респираторный 3,506558 0,000262
республика 0,527633 0,000157
ресторан 1,469676 0,000219
реструктурировать 3,912023 0,000292
ресурс 0,020203 0,000008
референдум 2,040221 0,000152
реформа 1,108663 0,000083
реформатор 3,912023 0,000292
реформизм 3,912023 0,000292
речка 1,427116 0,000213
речной 0,693147 0,000362
решение 0,328504 0,000123
решить 0,941609 0,000070
ржд 1,832581 0,000137
риа 1,049822 0,000235
рисунок 1,560648 0,000116
рифт 3,912023 0,000292
рифтовый 3,506558 0,000785
рифтогенеза 3,912023 0,000292
ров 1,966113 0,000147
рогаль 3,912023 0,000292
род 0,843970 0,000063
родиться 1,237874 0,000092
родник 2,407946 0,000180
родственный 0,579818 0,000043
роза 0,916291 0,000137
розена 3,912023 0,000292
розничный 1,171183 0,000175
рок-группы 3,506558 0,000262
рок-оперы 3,912023 0,000292
рокотова 3,912023 0,000292
роль 0,494296 0,000111
роман 1,237874 0,000185
романовича 3,506558 0,000262
роскартография 2,813411 0,000210
росс 3,912023 0,000292
россиигорода 1,309333 0,000098
россиигородские 2,302585 0,000172
российский 0,105361 0,000417
российскийского 3,912023 0,000292
российско-американская 3,912023 0,000292
российско-китайских 3,912023 0,000292
российско-китайской 3,912023 0,000584
российско-украинской 1,108663 0,000083
россия 0,174353 0,000663
росспэн 0,994252 0,000074
росстат 0,776529 0,000058
рост 0,597837 0,000134
ростелеком 1,386294 0,000207
рота 2,813411 0,000210
роща 1,469676 0,000877
рощица 3,912023 0,000292
рсфср 0,733969 0,000274
рт-нэо 3,912023 0,001459
ртрс 1,514128 0,000113
рубить 2,813411 0,000210
рубль 0,755023 0,000282
рубцовск 1,347074 0,000100
руд 2,040221 0,000152
рудакова 3,912023 0,000292
руководить 1,309333 0,000098
руководство 0,544727 0,000081
рукопись 2,302585 0,000172
рус 0,162519 0,000570
русал 3,506558 0,000262
руслан 2,659260 0,000397
русский -0,009950 -0,000012
русско-азиатский 3,912023 0,000292
русско-азиатского 3,912023 0,000584
русско-монгольская 3,912023 0,000292
русскоязычный 1,966113 0,000147
рыба 1,514128 0,000113
рыбинск 1,203973 0,000090
рынок 0,713350 0,000213
рыночный 1,771957 0,000132
рыхлый 3,218876 0,000240
ряд 0,223144 0,000033
рязановщина 3,912023 0,000292
рязань 1,049822 0,000078
савелова 3,912023 0,000584
савойя 3,912023 0,000292
сад 0,843970 0,000441
сайгуты 3,912023 0,000292
сайт 0,210721 0,000047
салехард 1,347074 0,000100
сальдо 3,218876 0,000480
сам 0,162519 0,000012
самара 0,891598 0,000067
самовыдвиженец 3,506558 0,000262
самовыдвижение 3,912023 0,000292
самолет 1,237874 0,000739
самостоятельный 0,820981 0,000122
самоуправление 0,891598 0,000798
самый 0,174353 0,000078
санаторий 1,714798 0,000128
санаторно-курортный 2,525729 0,000188
санкт-петербург 0,616186 0,000184
санкционировать 3,506558 0,000262
сапсан 2,407946 0,000180
саратов 0,967584 0,000072
сатисфакция 3,912023 0,000292
саха 2,813411 0,000210
сахалин 2,995732 0,000223
сахар 2,525729 0,000188
саян 2,407946 0,000718
саянск 3,912023 0,000584
саянский 3,506558 0,000262
сбербанк 1,714798 0,000128
сбор 1,347074 0,000100
сборная 1,897120 0,000142
сборник 0,597837 0,000178
сборное 3,912023 0,000292
сбрасываться 3,506558 0,000262
сброс 1,660731 0,000124
свадебный 3,506558 0,000262
сведение 0,579818 0,000087
свердловский 2,995732 0,000894
свердловского 2,995732 0,000223
свердловском 3,912023 0,000584
сверху 1,347074 0,000100
светин 3,912023 0,000292
свирск 3,912023 0,000292
свистун 3,218876 0,000240
свобода 1,108663 0,000083
свободный -0,009950 -0,000001
свое 0,287682 0,000086
свой 0,150823 0,000023
свойство 0,415515 0,000031
свыше 0,891598 0,001131
связаться -0,009950 -0,000001
связывать 0,916291 0,000068
связываться 2,407946 0,000180
связь 0,174353 0,000130
связьтранзит 3,912023 0,000292
святой 0,755023 0,000056
сгнить 3,912023 0,000292
сгореть 1,660731 0,000496
сделать 0,616186 0,000092
сделка 2,525729 0,000188
сдерживаться 2,659260 0,000198
се 2,407946 0,000180
себя 0,198451 0,000118
север 0,527633 0,000118
северные 1,171183 0,000175
северный 0,385662 0,000144
северо-восток 1,237874 0,000092
северо-запад 1,469676 0,000219
северо-западный 1,078810 0,000080
северобайкальск 3,506558 0,000262
северодвинск 1,171183 0,000087
сегодня 0,616186 0,000092
сезон 0,916291 0,000137
сей 0,693147 0,000103
сейсмически 3,912023 0,000584
сейф 3,506558 0,000262
секретная 2,659260 0,000198
секретный 2,813411 0,000210
селенга 2,995732 0,000223
селиваниха 3,912023 0,000292
селифонтов 3,912023 0,000292
село 0,891598 0,000067
сельский 0,634878 0,000332
сельскохозяйственный 0,941609 0,000070
семенов 2,207275 0,000165
семенович 2,407946 0,000359
семинар 2,302585 0,000172
семинарий 1,386294 0,000207
семь 0,820981 0,000061
семья 0,843970 0,000063
сен 2,407946 0,000180
сент 0,843970 0,000063
сентябрь 0,072571 0,000173
сера 2,302585 0,000172
сергеев 2,302585 0,000515
сергеевич 2,302585 0,000172
сергей 0,967584 0,000072
сергею 2,995732 0,000447
сердечно-сосудистой 2,995732 0,000223
сердечно-сосудистые 3,912023 0,000292
сердце 1,714798 0,000128
серебро 2,040221 0,000152
серебряный 0,891598 0,000133
середина 0,356675 0,000133
серия 0,713350 0,000053
сернистый 3,912023 0,000292
серова 2,659260 0,000198
сеть 0,356675 0,000319
сефардский 3,912023 0,000292
сеять 3,506558 0,000262
сиб 2,659260 0,000397
сибири 1,347074 0,003215
сибирский 1,049822 0,002349
сибирь 1,469676 0,000767
сибиряк 2,659260 0,000397
сибиряковским 3,912023 0,000292
сибиряковы 3,912023 0,000292
сибирячок 3,912023 0,000292
сибскана 3,912023 0,000292
сибтелеком 3,912023 0,000292
сигнал 2,040221 0,000152
сидеть 2,659260 0,000198
сизо 3,506558 0,000262
сизый 2,813411 0,000210
сила 0,494296 0,000037
силуэт 2,659260 0,000198
сильно 0,755023 0,000113
сильный 0,544727 0,000122
символ 0,733969 0,000055
символика 1,237874 0,000277
симферополь 1,897120 0,000142
симфонический 1,560648 0,000116
синагога 1,347074 0,000100
синеть 3,912023 0,000292
синой 3,912023 0,000292
синь 3,506558 0,000262
синюшина 3,912023 0,000584
синюшиной 3,912023 0,000584
сиропитательный 3,912023 0,000292
система 0,051293 0,000057
системеобсуждениевкладсоздать -0,009950 -0,000001
ситуация 0,693147 0,000052
сияние 1,832581 0,000137
скачать -0,009950 -0,000001
сквер 0,941609 0,000351
складываться 1,771957 0,000264
склон 1,347074 0,000100
сколько 0,653926 0,000098
скорняжный 3,506558 0,000262
скоростной 1,309333 0,000195
скорость 0,755023 0,000056
скромный 3,506558 0,000262
скульптор 1,237874 0,000092
скульптура 0,916291 0,000137
скупой 3,912023 0,000292
слабый 1,660731 0,000124
слава 0,941609 0,000140
слата 3,912023 0,000292
следование 2,120264 0,000158
следовать 0,235722 0,000106
следственный 2,120264 0,000158
следствие 1,560648 0,000233
сливаться 2,407946 0,000180
словарь 0,094311 0,000014
слово 0,210721 0,000110
сложить 1,832581 0,000273
сложный 0,446287 0,000033
слой 1,272966 0,000285
служба 0,527633 0,000276
служивый 3,218876 0,000240
служилый 2,302585 0,000172
служить 0,820981 0,000122
слух 2,659260 0,000397
случай -0,009950 -0,000003
слюдянка 3,506558 0,000785
слюдянке 3,506558 0,000262
слюдянки 3,506558 0,000262
слюдянский 3,506558 0,000262
слюдянском 3,912023 0,000292
смена 1,272966 0,000095
смениться 2,302585 0,000515
смертность 1,832581 0,000410
смещение 0,733969 0,000055
сми 0,867501 0,000259
смола 3,218876 0,000240
смоленщина 3,912023 0,000584
смолокуренный 3,912023 0,000292
смольнинский 3,506558 0,000262
смочь 1,203973 0,000090
снабдить 2,995732 0,000223
снабжать 2,995732 0,000223
снабженческий 3,912023 0,000292
снег 1,386294 0,000207
снедные 3,912023 0,000292
снижение 1,171183 0,000175
снять 1,237874 0,000092
собираться 1,966113 0,000147
соблюдение 2,525729 0,000188
соболь 2,302585 0,000687
собор 0,733969 0,000547
соборный 1,049822 0,000157
собрание 0,634878 0,000189
собственный 0,446287 0,000033
событие 0,733969 0,000164
событияпожертвовать -0,009950 -0,000001
совершаться 2,120264 0,000158
совет 0,462035 0,000172
советский 0,261365 0,000292
совещание 2,302585 0,000172
совместный 1,514128 0,000113
совпасть 2,407946 0,000180
современник 1,609438 0,000120
современность 1,386294 0,000310
современный 0,150823 0,000079
совхозный 3,506558 0,000262
согласно 0,301105 0,000180
согласование 2,207275 0,000165
соглашение 0,994252 0,000074
содержание 0,010050 0,000003
содержаться 1,560648 0,000116
соединить 0,994252 0,000074
соединять 1,108663 0,000083
создавать 0,798508 0,000060
создание 0,301105 0,000067
создать 0,210721 0,000173
сознание 1,897120 0,000142
созыв 1,514128 0,000226
сократиться 1,386294 0,000207
сокращаться 1,897120 0,000283
сокращение 0,867501 0,000065
сокровище 2,659260 0,000198
солдатов 3,218876 0,000240
соленый 2,407946 0,000180
солидный 3,506558 0,000262
солнечно-земной 3,912023 0,000292
солнечный 0,597837 0,000134
солнце 1,347074 0,000100
солнцесияние 3,912023 0,000292
соломон 3,506558 0,000262
сон 2,813411 0,000210
сообщение 0,478036 0,000214
сообщить -0,009950 -0,000001
сооружение 0,733969 0,000328
соответственно 1,021651 0,000076
соответствие 0,371064 0,000028
соответствовать 0,371064 0,000083
сопровождение 2,120264 0,000158
сорвать 3,218876 0,000240
сортировочная 2,659260 0,000198
соседний 1,203973 0,000180
сословие 2,813411 0,000210
сосново-березовые 3,912023 0,000292
сосново-лиственничные 3,912023 0,000292
сосновые 2,525729 0,000188
сосновый 1,897120 0,000142
сосредоточить 1,171183 0,000087
сост 0,597837 0,000178
состав 0,248461 0,000204
составить 0,400478 0,000329
составлять 0,198451 0,000222
состояние 0,248461 0,000111
состоять 0,385662 0,000201
состояться 0,713350 0,000213
сотни 1,427116 0,000106
сотовый 1,309333 0,000098
сотрудник 1,386294 0,000207
сотрудничать 2,302585 0,000172
сотрудничество 1,078810 0,000080
сотрясение 3,912023 0,000292
сохранение -0,009950 -0,000001
сохранить 1,171183 0,000175
сохраниться 0,820981 0,000061
сохранять 1,427116 0,000106
сохраняться 1,108663 0,000083
социал-демократ 2,995732 0,000223
социально-экологические 3,912023 0,000292
социально-экономического 1,237874 0,000646
социальный 0,527633 0,000197
сочетать 2,040221 0,000152
союз 0,579818 0,000260
союзный 1,966113 0,000147
спас 1,609438 0,000240
спасская 2,659260 0,000595
спасской 2,813411 0,000420
спасскую 3,218876 0,000240
спб 0,385662 0,000058
спектакль 2,040221 0,000609
сперанский 3,912023 0,000584
сперанского 3,506558 0,000523
специализировать 0,994252 0,000074
специализироваться 1,966113 0,000147
специалист 0,755023 0,000056
специальность 1,832581 0,000137
специальный 0,415515 0,000031
спикер 2,995732 0,000223
список 0,210721 0,000047
спорный 1,514128 0,000226
спорт 0,713350 0,000426
спортивный 0,891598 0,000333
способный 1,309333 0,000098
способствовать 0,867501 0,000065
справедливый 2,120264 0,000158
справка 1,203973 0,000090
спустить 2,995732 0,000223
сравнение 0,733969 0,000055
сравниваться 3,506558 0,000262
среда 0,385662 0,000086
среди 0,198451 0,000370
среднегодовой 0,776529 0,000348
среднее 0,342490 0,000204
среднемагистральный 3,912023 0,000292
среднесуточный 2,525729 0,000188
средний 0,371064 0,000221
средство 0,287682 0,000086
срок 0,798508 0,000298
сср 0,820981 0,000122
ссср 0,314711 0,000282
ссылка -0,009950 -0,000011
ссылкамистраницы 2,525729 0,000188
ссылкасведения -0,009950 -0,000001
ссылкойвикипедия 1,660731 0,000124
ссыльный 2,659260 0,000992
стабильность 2,207275 0,000165
стабильный 0,820981 0,000122
ставить 1,469676 0,000110
стадион 0,891598 0,000333
стадо 3,218876 0,000240
сталь 0,415515 0,000062
станкостроительный 2,407946 0,000180
становиться 0,415515 0,000155
становление 1,237874 0,000092
станок 2,525729 0,000188
станция 0,579818 0,000433
старинный 1,309333 0,000293
старое 0,941609 0,000211
старообрядец 1,771957 0,000132
старообрядческий 1,427116 0,000213
старый 0,314711 0,000258
стат 2,302585 0,000172
статистик -0,009950 -0,000006
статистический 0,713350 0,000905
статус 0,430783 0,000289
стать 0,083382 0,000124
статьестатьи 0,843970 0,000126
статьислучайная -0,009950 -0,000001
статьисообществофорумсправкасвежие -0,009950 -0,000001
статья 0,020203 0,000050
статьяобсуждение -0,009950 -0,000001
статьятекущие -0,009950 -0,000001
стационар 2,995732 0,000447
стационарный 1,108663 0,000744
стекачев 3,912023 0,000292
стекольный 3,218876 0,000240
стен 0,967584 0,000289
степановича 3,218876 0,000240
степановка 3,506558 0,000262
степень 0,673345 0,000050
стиль 0,673345 0,000251
стих 1,966113 0,000293
стихийный 2,659260 0,000198
стихотворение 2,120264 0,000158
стоить 0,891598 0,000067
сток 1,660731 0,000248
столбова 3,912023 0,000292
столбовой 3,506558 0,000262
столетие 1,469676 0,000329
столица 0,755023 0,000282
столичный 1,660731 0,000124
столько 1,832581 0,000137
сторона 0,235722 0,000106
сточный 1,560648 0,000349
стоянка 1,897120 0,000142
стр 1,309333 0,000098
страдать 2,207275 0,000165
страна 0,235722 0,000123
страница -0,009950 -0,000005
страницасодержаниеизбранные -0,009950 -0,000001
страницецитировать -0,009950 -0,000001
страницуполучить -0,009950 -0,000001
страницыслужебные -0,009950 -0,000001
стрелец 2,302585 0,000515
стрелка 1,560648 0,000116
стремсунд 3,912023 0,000292
стриженов 3,912023 0,000292
стричься 3,912023 0,000292
строгов 3,506558 0,000262
строение 0,891598 0,000133
строительный 0,891598 0,000200
строительство 0,462035 0,000379
строиться 0,693147 0,000052
стройка 2,407946 0,000180
структура 0,400478 0,000030
стс 1,714798 0,000128
студгородок 3,506558 0,000523
студент 1,237874 0,000646
студия 1,560648 0,000116
ступенька 3,506558 0,000262
ступино 1,347074 0,000100
ступообразный 3,912023 0,000292
субаридных 3,506558 0,000262
суббота 1,771957 0,000264
субъект 0,597837 0,000223
суд 0,693147 0,000362
судебный 1,560648 0,000116
судьба 1,427116 0,000426
судья 2,207275 0,000165
суждение 2,995732 0,000223
сукачева 3,506558 0,000785
суконный 3,218876 0,000240
суперзвезда 3,912023 0,000292
суперлига 1,560648 0,000233
супермаркет 2,207275 0,000823
сургут 2,407946 0,000180
сургута 2,995732 0,000223
суровый 1,714798 0,000256
сутки 1,427116 0,000958
суточные 2,407946 0,000359
суточный 0,755023 0,000169
суффозионно-просадочных 3,912023 0,000292
суховская 3,912023 0,000292
суховская-южная 3,912023 0,000292
суходол 2,525729 0,000188
сухой 1,049822 0,000235
существование 0,693147 0,000052
существовать 0,020203 0,000008
сфера 0,562119 0,000252
сформировать 1,078810 0,000080
схема 0,916291 0,000068
сходить 2,813411 0,000210
счастье 2,120264 0,000158
счет 0,562119 0,000210
считать 0,597837 0,000089
считаться 0,385662 0,000029
сша 0,562119 0,000042
съемка 1,966113 0,000147
сызрань 1,237874 0,000092
сын 1,660731 0,000372
сюдасвязанные -0,009950 -0,000001
табл 0,867501 0,000065
таблица 0,544727 0,000163
тагил 1,272966 0,000095
таджик 1,272966 0,000095
таежный 2,120264 0,000158
таинственный 3,912023 0,000292
тайга 1,427116 0,000106
тайна 1,897120 0,000142
тайный 1,832581 0,000137
тайтура 3,912023 0,000292
тайшет 3,506558 0,000523
тайшетский 3,912023 0,000292
такое 0,328504 0,000025
такси 1,021651 0,000076
таксист 3,506558 0,000262
таксомоторный 3,912023 0,000292
таксофон 3,912023 0,000292
тальк 3,912023 0,000292
тальцы 3,912023 0,000584
таможнею 3,912023 0,000292
таможня 2,995732 0,000447
танец 1,832581 0,000137
танк 2,040221 0,000152
таракан 3,218876 0,000240
тариф 2,120264 0,000474
тартария 3,506558 0,000523
тасс 1,171183 0,000087
татарин 0,733969 0,000055
твердый 1,771957 0,000529
твой 2,207275 0,000165
театр 0,713350 0,001862
театр-студия 2,407946 0,000180
театральный 1,049822 0,000157
текст -0,009950 -0,000003
тектонический 2,659260 0,000595
телебашня 1,897120 0,000283
телевидение 0,820981 0,000184
телевизионный 1,078810 0,000080
телеграмма 2,525729 0,000188
телеграф 2,120264 0,000158
телеграфировать 3,912023 0,000292
телеграфный 2,525729 0,000188
телеинформ 3,506558 0,000262
телек 2,302585 0,000172
телеканал 0,916291 0,000068
телекомпания 1,832581 0,000137
телефон 1,347074 0,000100
телефонный 0,776529 0,000174
тело 1,237874 0,000277
тема 0,693147 0,000052
тематический 0,510826 0,000038
темп 1,347074 0,000100
температура 0,510826 0,000381
теория 1,049822 0,000078
тепличный 3,506558 0,000262
тепло 1,386294 0,000414
тепловой 1,660731 0,000372
теплосеть 3,912023 0,000292
теплоснабжение 2,813411 0,000839
теплоход 1,514128 0,000113
теплоэнергетика 3,506558 0,000523
теплый 1,171183 0,000349
терапевтический 3,506558 0,000523
термин 0,198451 0,000015
терраса 1,897120 0,000142
территориальный 0,713350 0,000266
территория 0,356675 0,000479
террор 2,120264 0,000158
терять 2,120264 0,000158
тесно 1,832581 0,000137
тестовый 2,407946 0,000180
техник 0,713350 0,000213
техникум 1,272966 0,001139
технический 0,462035 0,000207
техногенный 2,813411 0,000210
технологический 1,272966 0,000095
технология 0,400478 0,000030
течение 0,314711 0,000070
течь 0,274437 0,000061
тиамз 3,506558 0,000262
тивиси 3,912023 0,000292
тигр 2,302585 0,000344
тинькофф 3,218876 0,000240
тип 0,072571 0,000038
типография 1,171183 0,000087
типология 3,912023 0,000292
тито 3,506558 0,000262
титово 3,912023 0,000292
тихвинский 3,912023 0,000292
тихий 1,347074 0,000201
тихонова 3,506558 0,000262
тихоокеанский 2,040221 0,000152
ткань 2,207275 0,000165
ткацкая 3,218876 0,000240
тко 3,912023 0,002043
тмпо 3,506558 0,000262
тнт 1,714798 0,000128
тобольск 2,995732 0,000223
тобольска 2,659260 0,000198
товар 0,916291 0,000068
товарный -0,009950 -0,000001
тогдашний 2,407946 0,000180
толчок 2,040221 0,000304
томск 1,108663 0,000083
томска 2,995732 0,000223
томсона 3,912023 0,000292
тонна 1,108663 0,000331
топ 1,347074 0,000100
топка 2,995732 0,000447
топливо 2,040221 0,000152
торговать 2,525729 0,000377
торговля 0,579818 0,000389
торгово-экономического 2,995732 0,000223
торговый 0,597837 0,000223
торжественно 1,660731 0,000248
торжественный 1,309333 0,000098
точка 0,478036 0,000036
трава 1,609438 0,000240
травинского 3,912023 0,000292
травма 2,995732 0,000223
трагедия 2,659260 0,000198
традиция 0,891598 0,000067
тракт 1,832581 0,001640
трамвай 0,891598 0,000333
трамвайно-троллейбусным 3,912023 0,000292
трамвайный 1,139434 0,000085
транзитный 1,237874 0,000092
транслировать 2,207275 0,000165
транспорт 0,616186 0,000873
транспортный 0,616186 0,000184
транссиб 2,040221 0,000152
транссибирский 1,714798 0,000384
трапезникова 3,912023 0,000292
трапезниковская 3,912023 0,000292
трапезниковы 3,912023 0,000292
трасс 0,941609 0,000070
требовать 0,562119 0,000084
трескаться 3,506558 0,000262
трескин 3,912023 0,000584
третий 0,616186 0,000046
треть 1,237874 0,000185
трехзвездочный 3,218876 0,000240
три 0,248461 0,000130
трижды 2,120264 0,000158
трисман 3,912023 0,000292
триумфальный 2,040221 0,000304
троицкая 2,120264 0,000316
тролза 2,659260 0,000198
троллейбус 0,867501 0,000388
троллейбусный 0,967584 0,000072
тронуться 3,912023 0,000292
трубецких 3,912023 0,000292
трубецкого 3,506558 0,000523
трубецкому 3,912023 0,000292
труд 0,597837 0,000268
трудиться 1,560648 0,000349
трудовой 0,967584 0,000650
трудоспособный 1,714798 0,000256
труппа 2,207275 0,000165
тсж 3,912023 0,000292
тувинец 1,966113 0,000147
тувинский 3,218876 0,000240
тулун 3,912023 0,000292
тулунский 3,912023 0,000292
туман 1,832581 0,000137
туманян 3,912023 0,000292
тур 1,609438 0,000120
турбаза 3,506558 0,000262
туризм 1,078810 0,000563
турист 1,309333 0,000098
туристический 1,021651 0,000229
турнир 1,771957 0,000132
туроператор 3,912023 0,000292
турская 3,912023 0,000292
тыва 2,995732 0,000223
тыл 1,771957 0,000132
тыс 0,430783 0,000546
тысяча 0,371064 0,000941
тэц 1,272966 0,000665
тюмень 1,171183 0,000087
тюремный 2,525729 0,000377
тюрьма 2,407946 0,000359
тяжелый 1,108663 0,000165
тянуться 2,407946 0,000180
убежище 2,813411 0,000210
убийство 1,714798 0,000256
уборка 2,407946 0,000180
убыль 2,407946 0,000539
убыток 2,995732 0,000223
увеличение 0,733969 0,000109
увеличиваться 1,309333 0,000195
увеличиться 0,843970 0,000189
уволить 3,506558 0,000262
угасание 3,506558 0,000262
углерод 1,897120 0,000142
угловая 2,659260 0,000198
угол 1,108663 0,000083
уголь 1,714798 0,000384
угольная 2,525729 0,000565
удаление 1,966113 0,000147
удаленность 2,525729 0,000188
удалить 0,579818 0,000173
удаться 1,203973 0,000090
удобный 1,427116 0,000213
удостоить 1,514128 0,000452
узбек 1,347074 0,000100
узел 0,527633 0,000315
узконаправленный 3,912023 0,000292
уйти 1,237874 0,000092
указ 0,733969 0,000109
указание -0,009950 -0,000002
указать 0,083382 0,000044
украина 0,527633 0,000079
украинец 0,867501 0,000129
укрепительный 3,912023 0,000292
укрепление 1,272966 0,000095
улан-батор 2,407946 0,000359
улан-баторе 3,912023 0,000292
улан-удэ 1,237874 0,000369
улица 0,776529 0,001274
улучшить 1,049822 0,000078
ульянов 2,207275 0,000165
ульяновск 1,078810 0,000080
уменьшение 1,469676 0,000219
умереть 1,309333 0,000195
умерить 1,049822 0,000078
умыть 3,912023 0,000292
универс 3,912023 0,000292
универсальный 0,544727 0,000081
университет 0,328504 0,000931
университетский 1,771957 0,000132
уникальный 0,776529 0,000116
уничтожить 1,203973 0,000269
упадок 2,040221 0,000304
упасть 1,771957 0,000132
упоминаться 1,203973 0,000090
употребление 1,714798 0,000128
управление 0,248461 0,000278
управлять 0,967584 0,000072
упразднить 1,237874 0,000092
упраздняться 3,506558 0,000262
урала 1,609438 0,000120
уралом 1,609438 0,000120
урегулирование 3,218876 0,000240
урик 3,912023 0,000292
урицкого 2,525729 0,000377
уровень 0,150823 0,000113
усадьба 1,832581 0,000273
условие -0,009950 -0,000004
условный 1,897120 0,000142
услуга 0,755023 0,000225
усолье-сибирское 3,506558 0,000523
усольский 3,218876 0,000480
усолья-сибирского 3,912023 0,000292
успешный 1,309333 0,000098
устав 0,843970 0,000378
устанавливать 1,966113 0,000147
устанавливаться 1,609438 0,000360
установить 0,328504 0,000147
установиться 2,995732 0,000223
установка 1,272966 0,000095
устройство 0,527633 0,000118
усть-балей 3,912023 0,000292
усть-илимск 3,912023 0,000292
усть-илимский 3,912023 0,000292
усть-куда 3,912023 0,000292
усть-кут 3,218876 0,000240
усть-кутский 3,912023 0,000292
усть-ордынский 3,912023 0,000584
усть-удинский 3,912023 0,000292
усть-уду 3,912023 0,000292
устье 0,634878 0,000047
утвердить 0,755023 0,000394
утверждение 0,400478 0,000090
уфа 0,967584 0,000072
уходить 1,386294 0,000103
ухтомский 3,912023 0,000292
уцелеть 2,302585 0,000172
участие -0,009950 -0,000005
участник 0,510826 0,000038
участок 0,616186 0,000092
учеба 2,407946 0,000180
учебно-боевые 3,912023 0,000292
учебный 0,673345 0,000301
ученый 0,653926 0,000049
учет 0,597837 0,000134
учетный -0,009950 -0,000001
училище 0,967584 0,000289
учиниться 3,912023 0,000292
учитель 1,427116 0,000106
учредить 1,108663 0,000413
учреждение 0,653926 0,000537
ушаковка 3,506558 0,000262
ушаковке 3,912023 0,000292
ушаковки 3,912023 0,000584
ушаковского 3,912023 0,000292
фаберже 3,912023 0,000292
фабрика 1,021651 0,000457
файнберга 3,912023 0,000292
факт 0,634878 0,000095
фактически 0,916291 0,000068
фактор 0,994252 0,000074
факультет 1,514128 0,000791
фамилия 2,407946 0,000180
фантастический 2,813411 0,000210
фарфор 3,912023 0,000292
фарфоровый 3,506558 0,000262
февр 0,820981 0,000061
февраль 0,051293 0,000337
февральский 2,040221 0,000152
федеральный 0,462035 0,000655
федерация 0,510826 0,000953
федора 1,771957 0,000132
фельдшерица 3,912023 0,000292
феномен 2,407946 0,000180
фестиваль 1,021651 0,000686
фигура 1,514128 0,000113
фидель 3,912023 0,000292
физик 1,309333 0,000195
физико-географический 0,693147 0,000103
физиология 2,659260 0,000198
физический 0,798508 0,000060
фиксироваться 2,120264 0,000158
филармония 1,049822 0,000157
филателия 1,469676 0,000219
филиал 0,755023 0,000788
фильм 1,049822 0,000313
фильтр 2,659260 0,000198
финансирование 1,714798 0,000384
финансово-экономического 3,912023 0,000292
финансы 0,733969 0,000055
флаг 0,597837 0,000223
флор 1,021651 0,000152
фома 2,659260 0,000397
фон 1,203973 0,000090
фонд -0,009950 -0,000004
фонтан 1,309333 0,000098
форма 0,287682 0,000043
формальдегид 2,302585 0,000344
формат 0,843970 0,000189
формирование 0,597837 0,000045
форум 1,203973 0,000180
фотографический 3,506558 0,000262
франца 3,506558 0,000262
франций 1,139434 0,000085
француз 1,660731 0,000124
фрауендорфом 3,912023 0,000292
фронт 1,078810 0,000080
фтор 3,506558 0,000262
фуд 3,506558 0,000262
функционировать 0,798508 0,000060
футбольный 0,941609 0,000140
хаин 3,506558 0,000262
хайрюзовка 3,912023 0,000292
ханты-мансийск 1,347074 0,000100
характер 0,653926 0,000195
характеризоваться 0,891598 0,000133
характеристика 0,415515 0,000093
характерный 0,693147 0,000052
хвост 2,302585 0,000172
хейнекен 3,912023 0,000584
хемниц 3,506558 0,000262
химия 1,514128 0,000113
хирургический 2,995732 0,000223
хирургия 2,407946 0,000180
хлеб 1,832581 0,000137
хлеб-соль 3,912023 0,000292
хлебозавод 2,207275 0,000165
хлор 2,659260 0,000198
ход 0,510826 0,000076
ходить 1,514128 0,000113
хозяйственный 1,203973 0,000090
хозяйство 0,579818 0,000346
хоккей 1,171183 0,000699
хоккейный 1,108663 0,000083
холодный 1,771957 0,000264
хомонова 3,912023 0,000292
хомутово 3,912023 0,000292
хороший 1,660731 0,000496
хото 3,912023 0,000584
храм 0,733969 0,000219
храниться 1,560648 0,000233
хрен 3,912023 0,000584
христос 1,897120 0,000142
художественный 0,653926 0,000390
художник 0,967584 0,000361
худякова 3,506558 0,000262
хутор 2,207275 0,000165
цаганского 3,912023 0,000292
царский 1,386294 0,000310
царство 1,237874 0,000092
царь 1,078810 0,000080
цбс 2,659260 0,000198
цветник 3,218876 0,000240
цветочный 2,995732 0,000223
цезарь 3,506558 0,000262
целое 0,634878 0,000047
целый 1,108663 0,000083
цель 0,371064 0,000028
цена 1,237874 0,000092
центр 0,287682 0,001416
центрадминистративного 3,912023 0,000292
централизовать 1,427116 0,000532
центральный 0,400478 0,000149
церковно-приходские 3,506558 0,000262
церковно-учительская 3,912023 0,000292
церковь 0,673345 0,001105
цесаревич 2,995732 0,000447
цинк 2,525729 0,000188
цирк 1,078810 0,000080
цифра 1,272966 0,000095
цифровой 0,562119 0,000126
цунами 3,218876 0,000960
чаек 1,660731 0,000124
чаепрессовочный 3,912023 0,000292
чаеразвесочный 3,912023 0,000292
чай 2,995732 0,000223
чартерный 2,995732 0,000223
часовня 1,469676 0,000219
часовой 0,713350 0,000266
частно-государственного 3,506558 0,000262
частность 0,462035 0,000034
частный 0,634878 0,000332
часто 0,415515 0,000031
частота 1,309333 0,000098
часть 0,061875 0,000065
чаушеску 3,912023 0,000292
чаша 2,659260 0,000198
чебоксары 1,171183 0,000087
чело 0,713350 0,000372
человек 0,186330 0,000445
человеческий 1,309333 0,000098
челябинск 0,994252 0,000074
чемпион 1,203973 0,000090
чемпионат 0,994252 0,000519
ченстохова 3,912023 0,000292
ченстоховой 3,912023 0,000292
червленый 1,897120 0,000283
черемушка 2,302585 0,000515
черемхово 3,912023 0,000292
черемховский 3,912023 0,000584
черемшанка 2,995732 0,000223
чернов 2,813411 0,000420
чернова 2,995732 0,000223
черное 1,237874 0,000092
черный 0,843970 0,000126
черт 0,916291 0,000205
чертеж 1,660731 0,000248
чертежная 2,659260 0,000198
честь 0,562119 0,000042
четвертичные 2,995732 0,000223
четверть 1,966113 0,000147
четыре 0,597837 0,000089
четырехзвездочный 3,506558 0,000262
четырехполосный 3,912023 0,000292
чех 1,609438 0,000120
чехии 2,407946 0,000359
чехословацкий 2,407946 0,000359
чешуйчатый 3,912023 0,000292
чиканское 3,912023 0,000292
чилийский 3,912023 0,000292
чин 2,995732 0,000223
чиновник 1,771957 0,000529
чиновничий 3,912023 0,000292
численность 0,616186 0,001930
числиться 2,407946 0,000180
число 0,186330 0,000361
чистая 1,427116 0,000319
чистота 2,302585 0,000344
чита 1,203973 0,000359
читатьправитьправить 0,494296 0,000037
член 0,755023 0,000056
чубыкин 3,912023 0,000292
чунский 3,912023 0,000292
шаблон 0,462035 0,000034
шагать 3,506558 0,000262
шастиных 3,912023 0,000292
шатровый 2,659260 0,000198
швейная 2,120264 0,000158
швеции 2,207275 0,000165
шелехов 3,506558 0,000785
шелехова 3,912023 0,001167
шелехове 3,912023 0,000584
шелеховский 3,912023 0,000292
шелеховскому 3,912023 0,000292
шелихова 3,912023 0,000875
шелохонов 3,912023 0,000292
шестой 1,660731 0,000248
шесть 1,021651 0,000076
ширина 0,916291 0,000068
широкомасштабный 3,506558 0,000262
ширь 3,912023 0,000292
ширяева 3,912023 0,000292
шиханова 3,912023 0,000292
шишкина 2,995732 0,000223
школа 0,478036 0,000428
школьник 1,771957 0,000132
школьный 1,966113 0,000147
шлюз 2,525729 0,000188
шмидт 2,659260 0,000198
шретера 3,912023 0,000292
штат 1,560648 0,000116
шубиных 3,912023 0,000292
шункова 3,912023 0,000292
шэньян 3,218876 0,000240
щит 1,171183 0,000175
щукин 3,506558 0,000262
ырху 3,912023 0,000292
эвакуировать 1,272966 0,000095
экземпляр 1,237874 0,000185
экзогенный 3,218876 0,000240
экологический 0,693147 0,000259
экология 0,562119 0,000252
экономика 0,400478 0,000329
экономико-правовой 3,218876 0,000240
экономический 0,478036 0,000071
экс-председателя 3,912023 0,000292
экскурсионный 2,813411 0,000210
экспедиция 1,469676 0,000110
экспериментарий 3,912023 0,000292
экспертный 2,659260 0,000198
эксплуатация 0,776529 0,000174
экспозиция 1,272966 0,000095
экспонат 1,832581 0,000273
экспорт -0,009950 -0,000001
экспортный 3,506558 0,000262
экспресс 2,120264 0,000158
электрический 1,309333 0,000195
электричество 2,207275 0,000165
электро 3,912023 0,000584
электрокотельных 3,912023 0,000292
электромагнитный 2,995732 0,000223
электронный 0,478036 0,000107
электропоезд 1,609438 0,000240
электроснабжение 3,218876 0,000240
электростанция 2,040221 0,000152
электроэнергия 1,609438 0,000360
элемент 0,544727 0,000081
энеолит 3,912023 0,000292
энергетик 1,108663 0,000496
энергетический 1,897120 0,000283
энергия 1,021651 0,000152
энергосбытовая 3,506558 0,000262
энциклопедический 0,733969 0,000055
энциклопедия -0,009950 -0,000010
эпидемический 3,218876 0,000240
эпицентр 2,659260 0,000595
эпоха 0,713350 0,000053
эрозионно-денудационную 3,912023 0,000292
эрозионный 3,506558 0,000262
этап 0,634878 0,000047
этимология 0,616186 0,000092
этнология 3,506558 0,000262
этноним 2,995732 0,000223
эфирный 1,427116 0,000213
эффект 1,966113 0,000147
эхирит-булагатский 3,912023 0,000292
юбилейный 0,798508 0,000238
ювелирный 2,525729 0,000188
юг 0,693147 0,000155
юган 3,912023 0,000292
юго-запад 1,309333 0,000098
юджин 3,506558 0,000262
южный 0,385662 0,000086
юнеско 1,660731 0,000124
юнкер 3,218876 0,000240
юность 1,660731 0,000372
юный 1,309333 0,000195
юркевич 3,506558 0,000262
юрский 2,995732 0,000223
юрьевич 2,659260 0,000198
юстиция 2,207275 0,000165
явка 2,995732 0,000223
являться 0,040822 0,000064
ядомые 3,912023 0,000292
язык -0,009950 -0,000001
як 2,040221 0,000152
якоби 3,506558 0,000523
якова 2,995732 0,000223
якубовский 3,912023 0,000292
якутии 2,995732 0,000223
якутск 1,203973 0,000090
якутский 2,659260 0,000793
ямской 2,302585 0,000172
яна 2,302585 0,000172
янв 0,820981 0,000061
январь 0,105361 0,000385
яндаша 3,912023 0,000292
яндашский 3,912023 0,000292
яндашским 3,912023 0,000292
яндекс 1,714798 0,000128
японии 2,302585 0,000172
япония 1,897120 0,000142
японский 1,469676 0,000110
яркий 1,771957 0,000132
ярмарка 1,660731 0,000248
ярославль 1,078810 0,000080
ярус 2,120264 0,000158
ярусный 3,506558 0,000523
ясак 2,995732 0,000223
ясный 1,347074 0,000100
ясуси 3,912023 0,000292
