абакан 2,659260 0,000198
абсолютный 0,798508 0,000238
абстрактных 3,506558 0,000262
авангард 1,832581 0,000137
аварийном 2,813411 0,000210
авг 0,820981 0,000061
августа 0,072571 0,000146
авдеева-полевая 3,912023 0,000292
авиазавод 3,506558 0,000523
авиазавода 3,912023 0,000584
авиакатастроф 3,912023 0,000292
авиакомпании 2,525729 0,000188
авиастроение 3,912023 0,000584
авиастроения 3,506558 0,000262
авиастроительной 3,912023 0,000292
авиатор 3,506558 0,000262
авиации 1,347074 0,000201
авиационный 1,771957 0,000529
авт 1,469676 0,000110
авто 2,525729 0,000188
автобус 1,021651 0,000076
автобуса 2,207275 0,000165
автобусам 3,218876 0,000240
автобусные 1,966113 0,000147
автобусных 1,609438 0,000120
автобусов 1,469676 0,000219
автовокзала 1,660731 0,000124
автовокзалом 3,506558 0,000262
автодорога 1,427116 0,000106
автодорогам 1,078810 0,000080
автодороге 2,525729 0,000377
автомагистралях 3,912023 0,000292
автомобилей 1,272966 0,000190
автомобили 1,966113 0,000147
автомобилизированные 3,218876 0,000240
автомобильного 1,771957 0,000264
автомобильные 1,347074 0,000100
автомобильный 1,049822 0,000078
автомобильных 1,386294 0,000310
автономной 1,832581 0,000137
автономном 2,995732 0,000223
автор 0,994252 0,000074
автором 1,966113 0,000147
авторства -0,009950 -0,000001
автос 3,912023 0,000292
автостанция 2,407946 0,000180
автотрансинфо 2,525729 0,000565
автотранспорта 1,897120 0,000142
автотюнинга 3,912023 0,000292
агентств 2,525729 0,000188
агентство 1,049822 0,000235
агитации 3,218876 0,000240
агломеративной 3,912023 0,000292
агломерации 0,916291 0,000478
агломерация 0,867501 0,000388
аграрный 1,386294 0,000207
адвентисты 2,995732 0,000223
административно-деловой 3,912023 0,000292
административно-территориальное 0,820981 0,000367
административно-территориальном 1,309333 0,000195
административно-территориальные 2,995732 0,000223
административно-территориальными 3,218876 0,000240
административного 1,897120 0,000142
административное 0,843970 0,000126
административной 2,659260 0,000198
административному 1,897120 0,000142
административный 0,843970 0,000063
административным 1,514128 0,000113
административных 1,309333 0,000195
администрации 0,843970 0,000189
администрацию 2,207275 0,000165
администрация 0,941609 0,000773
адмирал 2,407946 0,000180
адмирала 2,207275 0,000165
адмиралу 3,912023 0,000292
адмиралъ 3,912023 0,000292
азии 0,916291 0,000068
азия 1,897120 0,000142
азота 1,832581 0,000410
аист 2,813411 0,000210
аистенок 3,912023 0,000584
айвазовского 2,659260 0,000198
акад 2,040221 0,000304
академгородка 2,995732 0,000670
академгородок 2,813411 0,000630
академии 0,693147 0,000362
академик 1,660731 0,000124
академиком 3,218876 0,000240
академическая 2,120264 0,000316
академический 1,171183 0,000087
академическим 2,995732 0,000223
академической 2,995732 0,000223
академическому 3,912023 0,000292
академия 0,798508 0,000119
акварели 3,912023 0,000584
актеров 2,813411 0,000210
актеры 2,407946 0,000180
активно 0,755023 0,000056
активного 2,040221 0,000152
активное 1,469676 0,000110
активному 3,218876 0,000240
активности 1,560648 0,000233
акты 2,659260 0,000198
акулич 3,912023 0,000292
акушерско-фельдшерская 3,912023 0,000292
акций 2,120264 0,000158
акцию 3,912023 0,000292
аларский 3,912023 0,000292
алдан 1,309333 0,000098
александр 0,693147 0,000052
александра 0,820981 0,000122
александрович 1,609438 0,000480
александровича 2,525729 0,000565
александровского 2,813411 0,000210
александровскому 3,912023 0,000292
александру 1,966113 0,000440
алексеевич 2,040221 0,000304
алексеевна 3,218876 0,000240
алзамай 3,912023 0,000292
алина 3,218876 0,000240
алмазов 3,218876 0,000240
алфавитувикипедия 0,776529 0,000116
алфавитунаселенные 0,867501 0,000065
альбом-путеводитель 3,912023 0,000292
альбрехт 3,506558 0,000262
альманах 2,040221 0,000152
алюминиевым 3,912023 0,000292
американские 2,659260 0,000198
американский 1,897120 0,000142
амстердам 3,506558 0,000262
амстердаме 3,912023 0,000292
амуру 3,218876 0,000240
амфитеатра 3,912023 0,000292
аналогичная 2,995732 0,000223
аналогичных 2,659260 0,000198
аналоговом 2,407946 0,000359
ангара 2,813411 0,002938
ангаре 3,912023 0,001751
ангарерайонные 3,912023 0,000292
ангаро-ленскому 3,912023 0,000292
ангарск 3,506558 0,001308
ангарска 3,912023 0,000875
ангарские 3,912023 0,000292
ангарский 2,995732 0,000447
ангарским 3,912023 0,000584
ангарского 3,912023 0,000584
ангарскому 3,912023 0,000292
ангару 3,506558 0,002354
ангары 2,995732 0,002905
ангидрид 3,912023 0,000292
англ 0,174353 0,000052
андреем 2,995732 0,000223
анкилоз 2,995732 0,000223
аннексия 0,994252 0,000074
аннотированный 3,506558 0,000262
ансамбль 1,203973 0,000180
антиколчаковское 3,912023 0,000292
антиподом 3,912023 0,000292
антициклона 2,659260 0,000198
антон 1,832581 0,000137
антропогене 3,506558 0,000262
антропология 2,995732 0,000223
аполлинариевич 3,912023 0,000292
апр 0,798508 0,000060
апреле 0,994252 0,000074
апреля 0,174353 0,000377
арбитражного 3,506558 0,000262
арбитражный 2,207275 0,000165
аргументы 1,203973 0,000090
аргучинцевым 3,912023 0,000292
арена 1,427116 0,000106
арестами 3,912023 0,000292
арестованы 2,995732 0,000223
аржанникова 3,912023 0,000292
арка 2,207275 0,000165
армии 1,049822 0,000078
армия 2,120264 0,000158
артезианскому 3,912023 0,000292
арх 0,544727 0,000163
археологическая 2,995732 0,000223
археологическое 2,659260 0,000198
архив 0,462035 0,000103
архивированная 1,560648 0,000233
архивировано 0,020203 0,000333
архивная 0,400478 0,000179
архивной 0,713350 0,000053
архипа 3,912023 0,000292
архитектора 1,469676 0,000439
архитектором 2,407946 0,000180
архитекторы 1,469676 0,000110
архитектура 0,755023 0,000225
архитектурно-этнографический 3,506558 0,000262
архитектурный 1,660731 0,000124
архитектуры 0,755023 0,000113
аспект 2,407946 0,000359
аспекты 2,120264 0,000158
астрахань 0,967584 0,000072
астрономической 3,506558 0,000262
асфальт 3,912023 0,000292
атмосферного 1,771957 0,000397
атмосферу 1,514128 0,000565
атмосферы 1,469676 0,000219
афанасия 2,525729 0,000377
афанасьевич 2,995732 0,000223
афинами 3,912023 0,000292
ашкеназская 3,912023 0,000292
аэродром 1,514128 0,000113
аэрозолями 3,912023 0,000292
аэропорт 0,843970 0,000252
аэропорта 1,049822 0,000235
аэропорту 1,609438 0,000120
аэхк 3,912023 0,000292
б-ка 0,000000 0,000000
бабр 3,912023 0,002043
бабра 3,912023 0,000584
бабры 3,912023 0,000292
багира 3,912023 0,000292
баженова 3,506558 0,000262
баз 1,771957 0,000132
базе 0,776529 0,000058
базируются 1,966113 0,000147
базовый 2,207275 0,000165
базы 1,108663 0,000083
байкал 2,525729 0,003580
байкал-тур 3,912023 0,000292
байкал-энергия 3,912023 0,000292
байкала 2,995732 0,001117
байкале 3,506558 0,001308
байкалинтерпласт 3,912023 0,000292
байкалмоторшоу 3,912023 0,000292
байкалу 3,218876 0,000240
байкальск 3,506558 0,000262
байкальская 2,995732 0,000670
байкальские 3,506558 0,000523
байкальский 3,218876 0,002161
байкальского 3,506558 0,000523
байкальской 3,218876 0,000480
байкальском 3,506558 0,000262
байкальскому 3,912023 0,000875
байкалэнерго 3,912023 0,000584
бактериальным 3,912023 0,000292
балаганский 3,912023 0,000292
балеты 3,912023 0,000292
баллов 2,302585 0,001718
балльные 3,912023 0,000292
бальным 3,506558 0,000262
банк 1,078810 0,000161
банка 0,941609 0,000351
банковская 2,813411 0,000210
баптисты 2,995732 0,000223
баргузин 3,218876 0,000240
барельеф 3,218876 0,000240
барнаул 1,203973 0,000090
барокко 1,560648 0,000116
барочного 3,506558 0,000262
баруй 3,912023 0,000292
басина 3,912023 0,000292
баскетбольный 1,832581 0,000137
баснинская 3,912023 0,000292
баснины 3,912023 0,000292
бассейна 1,386294 0,000103
бассейну 2,659260 0,000198
бассейны 1,660731 0,000124
батарейная 3,912023 0,001167
батарейной 3,912023 0,000292
баш 3,506558 0,000262
башня-часы 3,912023 0,000292
башнями 2,302585 0,000515
баяндаевский 3,912023 0,000292
бгупэ 3,912023 0,000292
бегущий 3,218876 0,000240
беда 3,506558 0,000262
безальтернативной 3,912023 0,000292
безальтернативных 3,912023 0,000292
безветренная 3,506558 0,000262
беззакониям 3,912023 0,000292
безморозный 3,506558 0,000262
безопасной 3,218876 0,000240
беларускаябългарски 0,000000 0,000000
белого 1,609438 0,000120
белое 1,714798 0,000128
белом 2,995732 0,000223
белорусов 2,813411 0,000210
белый 1,514128 0,000226
белялов 3,912023 0,000584
белялова 3,912023 0,000292
бензпирен 3,912023 0,000292
бензпирена 3,506558 0,000523
бердников 3,506558 0,000785
бердникова 3,912023 0,001167
берег 1,021651 0,000152
берега 0,916291 0,000273
берегах 1,386294 0,000207
берегом 2,813411 0,000210
берегу 0,616186 0,000138
березка 2,525729 0,000188
березовые 2,995732 0,000223
берет 1,966113 0,000147
берингом 3,912023 0,000292
бернгарда 3,912023 0,000292
бесплатно 2,207275 0,000165
бесплатного 2,995732 0,000223
бесплатной 3,218876 0,000240
бесплатный 2,995732 0,000223
бетонное 3,912023 0,000292
бетонными 3,506558 0,000262
библиографических 0,094311 0,000007
библиотек 0,967584 0,000217
библиотека 0,462035 0,000276
библиотеке 2,659260 0,000198
библиотеки 0,843970 0,000252
библиотекой 2,207275 0,000165
библиотечная 2,302585 0,000344
бизнес-школу 3,912023 0,000292
бизнеса 0,967584 0,000072
билайн 1,272966 0,000095
биохимии 3,506558 0,000262
бирюсинск 3,912023 0,000292
благоденственно 3,912023 0,000292
благополучии 3,506558 0,000262
благородных 2,659260 0,000198
благотворительной 3,912023 0,000292
благоустроенные 3,506558 0,000523
благоустройству 2,525729 0,000188
ближайший 2,813411 0,000420
ближнего 2,525729 0,000188
близка 3,506558 0,000262
близлежащие 3,218876 0,000240
близлежащих 2,813411 0,000210
близости 1,897120 0,000283
бобкова 3,912023 0,000292
бобр 2,995732 0,000223
бог 2,525729 0,000188
богато 2,995732 0,000447
богоявления 3,218876 0,000240
богоявленский 2,995732 0,000223
богоявленским 3,912023 0,000292
бодайбинский 3,912023 0,000292
бодайбо 3,506558 0,000262
боев 2,813411 0,000210
боевой 1,832581 0,000137
боевые 2,995732 0,000223
боестолкновениями 3,912023 0,000292
божией 1,609438 0,000120
бои 2,207275 0,000165
боково 3,912023 0,000292
болезни 2,407946 0,001078
бологое 1,347074 0,000100
болотов 3,912023 0,000584
больница 1,469676 0,000219
больницах 2,813411 0,000420
больницы 1,347074 0,000100
больнично-поликлинических 3,912023 0,000292
большая 0,072571 0,000065
большевиками 2,407946 0,000180
большевистского 3,506558 0,000262
большей 1,078810 0,000080
большие 0,891598 0,000266
большинства 1,609438 0,000240
большинство 0,597837 0,000134
большинством 1,897120 0,000142
большого 0,967584 0,000072
большое 0,544727 0,000041
большой 0,328504 0,000123
бор 1,427116 0,000106
борис 1,660731 0,000248
борисович 2,407946 0,000180
боркова 3,506558 0,000262
боровиковского 3,912023 0,000292
боровичи 1,347074 0,000100
бороду 3,912023 0,000292
борцам 2,407946 0,000180
борьба 1,897120 0,000142
борьбу 2,302585 0,000172
ботанический 1,609438 0,000120
ботаническим 3,506558 0,000262
ботанического 2,813411 0,000630
боханский 3,912023 0,000292
боярских 3,218876 0,000240
браво 3,912023 0,000292
братск 3,506558 0,001046
братский 2,995732 0,000223
братской 2,995732 0,000223
брежнев 3,218876 0,000240
бренча 3,912023 0,000292
брило 3,912023 0,000292
броз 3,506558 0,000262
брокгауза 0,328504 0,000074
броневой 3,912023 0,000292
бронзового 2,525729 0,000188
бростер 3,912023 0,000292
буддизм 2,525729 0,000188
буддийской 3,506558 0,000262
будут 1,203973 0,000180
будущий 2,407946 0,000180
бульвара 2,407946 0,000180
бумаге 2,040221 0,000152
бунт 2,659260 0,000595
бунте 3,506558 0,000262
бургаз 3,912023 0,000292
бурдаковка 3,912023 0,000292
бурдугуз 3,912023 0,000292
бурого 3,912023 0,000292
буряад 0,000000 0,000000
бурят 3,218876 0,000240
бурятов 3,912023 0,000292
бурятский 3,912023 0,000292
бутырки 3,218876 0,000480
бухун 3,912023 0,000292
бывает 1,660731 0,000124
бывшего 1,021651 0,000076
быкова 2,995732 0,000223
былины 3,506558 0,000262
былкова 3,912023 0,000292
быстрого 1,966113 0,000147
быструщей 3,912023 0,000292
бытовых 2,302585 0,000344
бьефа 3,506558 0,000523
бюджета 1,309333 0,000098
бюл 3,912023 0,000292
вагон 3,218876 0,000240
вагонного 3,912023 0,000292
вагонное 3,218876 0,000240
важную 1,771957 0,000132
валентина 2,302585 0,000515
валентиновича 3,912023 0,000292
валов 2,813411 0,000210
вампилова 3,912023 0,000875
варианта 2,302585 0,000172
вариантах 3,218876 0,000240
вариантов 1,771957 0,000264
варфоломеевич 3,218876 0,000240
василий 1,386294 0,000103
василия 1,771957 0,000132
васильевич 1,609438 0,000120
васильевича 2,813411 0,000210
вашла 0,000000 0,000000
вблизи 1,139434 0,000425
введена 1,897120 0,000142
введение 1,609438 0,000120
введением 2,302585 0,000172
вдали 3,218876 0,000480
вдовина 3,912023 0,000292
вдоль 0,755023 0,000056
вегетационный 3,506558 0,000262
ведение 2,813411 0,000210
ведет 1,203973 0,000180
ведется 0,994252 0,000074
ведомости 1,049822 0,000078
ведут 1,832581 0,000137
ведущее 2,813411 0,000420
ведущую 3,506558 0,000262
везли 2,995732 0,000223
век 0,733969 0,000602
века 0,248461 0,000204
веке 0,597837 0,000178
векеисторические 3,506558 0,000262
веков 0,713350 0,000213
веком 2,995732 0,000223
вела 2,813411 0,000420
великий 1,469676 0,000110
великой 0,653926 0,000098
величине 1,771957 0,000264
вересовка 3,912023 0,000875
вересовки 3,912023 0,000292
верещагина 3,218876 0,000240
верна 3,218876 0,000240
вернулась 2,407946 0,000180
вернули 2,995732 0,000223
вернулся 3,218876 0,000240
версии 0,446287 0,000067
версия -0,009950 -0,000003
вертеться 3,912023 0,000292
верхнего 1,609438 0,000480
верхний 1,427116 0,000106
верхняя 1,108663 0,000165
верхоленске 3,912023 0,000292
верьте 3,912023 0,000292
весна 1,469676 0,000110
весну 3,218876 0,000240
вести 0,843970 0,000126
вестник 1,049822 0,000078
весь 0,755023 0,000056
ветер 1,832581 0,000273
ветра 1,049822 0,000078
ветреных 3,912023 0,000292
ветров 0,843970 0,000126
ветхом 3,912023 0,000292
вечера 3,218876 0,000240
вечное 3,506558 0,000262
вечный 2,120264 0,000158
вещает 2,120264 0,000633
вещание 1,203973 0,000090
вещании 3,912023 0,000584
веществ 1,171183 0,000612
взаимодействие 1,897120 0,000142
взаимодействовать 2,525729 0,000188
взвешенных 2,659260 0,000397
взрослых 1,897120 0,000283
взяли 2,407946 0,000180
взят 1,897120 0,000142
взяточничеством 3,912023 0,000292
вид 0,494296 0,000369
видный 2,995732 0,000223
видов 0,616186 0,000092
видом 1,514128 0,000113
виду 1,966113 0,000147
визита 2,995732 0,000223
викигид 1,660731 0,000124
викигиде 0,776529 0,000058
викигидепортал 1,469676 0,000110
викиданные 0,776529 0,000058
викиданных -0,009950 -0,000001
викиданныхвикипедия 0,891598 0,000133
викимапиипро 1,427116 0,000106
викимедиа -0,009950 -0,000001
википедии -0,009950 -0,000002
википедия -0,009950 -0,000010
викискладвикиновостивикицитатниквикигидэлемент 1,272966 0,000095
викискладвикипедия 1,469676 0,000110
викискладе 0,174353 0,000013
викискладепутеводитель 0,713350 0,000053
викицитатник 1,272966 0,000095
викицитатникемедиафайлы 1,469676 0,000110
виктор 1,386294 0,000414
виктора 2,207275 0,000329
викторович 2,207275 0,000329
викторовича 3,506558 0,000262
вильнюсом 3,912023 0,000292
винокуров 3,912023 0,000292
виртуальная 1,897120 0,000142
вирусным 3,912023 0,000292
витсен 3,912023 0,000292
витсена 3,218876 0,000480
витусом 3,912023 0,000292
вихоревка 3,912023 0,000292
вице-губернатор 3,218876 0,000480
вклад 1,108663 0,000331
включает 0,462035 0,000276
включать 1,897120 0,000142
включающий 1,771957 0,000132
включая 0,527633 0,000079
включен 1,560648 0,000233
включены 1,560648 0,000116
включил 2,659260 0,000198
вкх 3,912023 0,000292
владели 3,218876 0,000240
владений 2,659260 0,000198
владеющий 3,912023 0,000292
владивосток 1,897120 0,000142
владимир 0,733969 0,000164
владимира 1,309333 0,000293
влажности 2,659260 0,000198
влажность 1,171183 0,000087
власти 0,634878 0,000284
власть 0,733969 0,000274
властью 2,207275 0,000165
властями 2,120264 0,000158
влияние 0,776529 0,000058
вместе 0,510826 0,000114
вместимости 2,995732 0,000447
вместо 0,798508 0,000060
внедрение 2,302585 0,000172
внесен 2,659260 0,000198
внешние 0,051293 0,000004
вносят 2,659260 0,000198
внутреннее 0,733969 0,000055
внутри 0,000000 0,000000
внутригородским 0,967584 0,000072
внутригородского 2,407946 0,000180
вовсе 2,525729 0,000188
вод 1,078810 0,000483
вода 1,203973 0,000629
водные 1,386294 0,000103
водным 2,120264 0,000158
водозабор 3,506558 0,000785
водозабора 2,813411 0,000210
водой 2,120264 0,000474
водоканал 2,525729 0,000188
водоотведение 3,218876 0,000960
водопровод 2,302585 0,000172
водопроводно-канализационного 3,912023 0,000292
водопроводной 3,218876 0,000240
водопроводных 3,218876 0,000240
водоснабжение 2,207275 0,000494
водоснабжения 1,832581 0,000137
водостока 3,218876 0,000240
водохранилища 1,272966 0,000380
водохранилищами 3,912023 0,000292
водохранилище 1,609438 0,000240
воду 1,386294 0,000207
воды 0,653926 0,000195
воевода 2,302585 0,000172
воеводства 3,506558 0,000262
воеводы 2,040221 0,000609
военно-революционного 3,506558 0,000262
военного 1,309333 0,000098
военной 1,347074 0,000100
военный 1,272966 0,000285
вождя 3,506558 0,000262
возведение 2,040221 0,000152
возведения 2,407946 0,000180
возглавляет 2,120264 0,000158
воздействием 2,407946 0,000359
воздействия 1,714798 0,000128
воздуха 0,733969 0,000438
возможные 2,407946 0,000180
возможных 2,040221 0,000152
вознесенский 2,659260 0,000397
вознесенском 3,218876 0,000240
возник 1,469676 0,000329
возникают 1,714798 0,000128
возникновение 1,897120 0,000283
возок 3,912023 0,000292
возраст 1,897120 0,000142
возраста 1,560648 0,000116
возрасте 1,714798 0,000128
возросло 2,407946 0,000180
воинских 2,659260 0,000198
война 1,171183 0,000087
войну 1,966113 0,000147
войны 0,478036 0,000214
войск 1,347074 0,000100
войско 2,040221 0,000152
вокзал 0,820981 0,000306
вокзала 0,967584 0,000144
вокзалами 3,218876 0,000240
вокзалом 2,407946 0,000359
вокруг 0,693147 0,000052
волейбольная 2,659260 0,000198
волконских 3,912023 0,000292
волконского 3,912023 0,000875
волконскому 3,912023 0,000292
волну 3,506558 0,000262
волны 2,040221 0,000152
вологда 1,203973 0,000090
волшебные 0,040822 0,000003
воображаемой 3,912023 0,000292
вопросы 1,049822 0,000235
воркута 1,237874 0,000092
воробьева 2,659260 0,000397
ворота 1,347074 0,000201
ворочуся 3,912023 0,000292
ворошилова 2,659260 0,000198
ворошиловск 3,506558 0,000262
воспитывать 3,912023 0,000292
воспоминания 2,659260 0,000198
воспроизведена 3,912023 0,000292
воспроизведением 3,218876 0,000240
воспроизводиться 3,506558 0,000262
воссозданную 3,912023 0,000292
воссозданными 3,912023 0,000292
восстание 1,660731 0,000248
восстановительной 3,506558 0,000262
восстановление 1,609438 0,000240
восстановления 1,897120 0,000142
восстановленные 2,813411 0,000210
восстановлены 2,407946 0,000180
вост 3,218876 0,000480
восток 1,021651 0,000152
востока 1,078810 0,000322
востоке 1,108663 0,000083
восточная 1,309333 0,000195
восточно-сиб 3,912023 0,000292
восточно-сибирская 3,506558 0,000785
восточно-сибирские 3,912023 0,000292
восточно-сибирский 3,218876 0,001681
восточно-сибирским 3,506558 0,000262
восточно-сибирского 2,659260 0,000992
восточно-сибирское 2,407946 0,000359
восточно-сибирской 3,506558 0,001046
восточного 1,386294 0,000103
восточной 0,693147 0,000569
восточный 1,021651 0,000152
восточным 2,407946 0,000180
восточных 1,897120 0,000283
востсибуголь 3,912023 0,000875
восьми 2,407946 0,000180
воткинск 1,309333 0,000098
вошла 1,609438 0,000120
вошли 1,347074 0,000100
впадении 1,660731 0,000124
впервые 0,385662 0,000029
вписаться 3,912023 0,000292
впоследствии 0,653926 0,000146
вразумит 3,912023 0,000292
врачей 1,897120 0,000142
вредных 2,120264 0,000158
времен 0,941609 0,000070
временем 0,616186 0,000046
времени 0,186330 0,000069
временно 1,309333 0,000195
временного 1,897120 0,000142
время 0,030459 0,000030
вручена 2,995732 0,000223
всеволодовна 3,912023 0,000292
всегеи 3,506558 0,000262
всем 0,891598 0,000067
всемирного 1,966113 0,000147
всеобщая 2,040221 0,000152
всеобщий 3,506558 0,000262
всероссийская 0,843970 0,000063
всероссийские 2,659260 0,000198
всероссийской 0,713350 0,000266
всесибирском 3,912023 0,000292
всесоюзная 0,843970 0,000378
всжд 3,912023 0,000292
вснц 3,912023 0,000292
всорго 3,912023 0,000292
вспомнили 3,506558 0,000262
вспыхнула 2,813411 0,000210
встретился 3,506558 0,000262
встретит 3,912023 0,000292
вступил 2,302585 0,000172
вступить 3,506558 0,000262
вступление 2,659260 0,000198
всхолмленную 3,506558 0,000262
вся 0,994252 0,000074
вторжения 1,771957 0,000132
второе 1,272966 0,000095
второй 0,274437 0,000123
вторую 2,207275 0,000165
вторым 1,832581 0,000137
вуза 2,302585 0,000172
вузов 0,891598 0,000200
входит 0,653926 0,000244
входом 0,994252 0,000074
входят 0,713350 0,000053
въездной 3,506558 0,000262
выбора 2,407946 0,000180
выборах 1,514128 0,000791
выбрасывающих 3,506558 0,000262
выбросам 3,912023 0,000292
выбросов 1,609438 0,000840
выбросы 1,771957 0,000529
выбыло 3,912023 0,000292
выведены 3,506558 0,000262
вывоз 3,506558 0,000262
выгодным 2,813411 0,000210
выдаваемым 3,912023 0,000292
выдержано 3,912023 0,000292
выдержать 2,995732 0,000223
выезжают 3,912023 0,000292
вызвал 2,995732 0,000223
вызвала 2,207275 0,000165
вызванные 3,912023 0,000292
вызывает 1,427116 0,000106
вып 0,798508 0,000238
выполненного 3,506558 0,000262
выполненным 3,506558 0,000262
выполнены 2,659260 0,000198
выполняет 1,832581 0,000137
выпуск 0,916291 0,000068
выпускает 2,525729 0,000188
выпускаются 2,302585 0,000344
выпусков 2,995732 0,000223
выпустил 2,040221 0,000152
выпущена 1,609438 0,000120
вырабатывает 3,506558 0,000262
выработку 2,813411 0,000210
вырыли 3,912023 0,000292
высмотру 3,912023 0,000292
высокая 1,237874 0,000092
высокое 1,660731 0,000124
высокой 1,272966 0,000095
высокотехнологичным 3,912023 0,000292
высота 0,562119 0,000084
высотой 1,108663 0,000083
высотою 3,506558 0,000523
высоты 1,427116 0,000106
высочества 3,912023 0,000292
выставка 1,966113 0,000147
выставочный 1,514128 0,000113
выстроено 3,912023 0,000292
выступает 1,347074 0,000201
выступления 1,897120 0,000142
высшее 1,021651 0,000076
высшей 1,272966 0,000095
высшие 1,386294 0,000103
высшим 1,609438 0,000120
высылкой 3,912023 0,000292
выход 1,832581 0,000137
выходившие 3,912023 0,000292
выходила 2,659260 0,000397
выходили 2,995732 0,000223
выходит 1,427116 0,000213
выходить 2,525729 0,000188
выходцами 2,995732 0,000223
выходят 2,040221 0,000152
выше 0,616186 0,000230
выявлено 2,407946 0,000180
вячеслав 1,897120 0,000142
гавриила 3,506558 0,000262
гаврилович 3,218876 0,000240
гагарина 1,427116 0,000106
газет 1,660731 0,000248
газета 0,616186 0,000230
газетаиркутск 3,912023 0,000292
газете 2,659260 0,000198
газетой 2,813411 0,000210
газеты 0,994252 0,000297
газоконденсатное 3,506558 0,000262
газопровода 2,813411 0,000210
газораспределительная 3,218876 0,000240
гаио 3,912023 0,000292
гайдай 3,912023 0,000292
галерея 1,203973 0,000090
галки 3,506558 0,000262
ганди 3,912023 0,000292
гаражи 3,506558 0,000262
гарантий 3,506558 0,000262
гаращенко 3,912023 0,000292
гаук 3,506558 0,000262
гвт 3,912023 0,000584
гектаров 1,771957 0,000132
гематологический 3,912023 0,000292
генерал-губернатор 2,995732 0,000670
генерал-губернатора 2,995732 0,000223
генерал-губернаторов 3,912023 0,000292
генерал-губернатором 2,813411 0,000210
генерал-губернаторства 2,659260 0,000198
генерал-губернаторство 3,506558 0,000523
генерал-губернаторы 3,912023 0,000292
генерального 1,514128 0,000113
генеральной 2,995732 0,000223
генеральные 2,659260 0,000198
генеральный 0,967584 0,000217
генплан 2,120264 0,000158
генпрокурора 3,912023 0,000584
генриха 3,506558 0,000262
географии 1,609438 0,000240
географические 0,713350 0,000053
географического 1,386294 0,000310
географическое 0,693147 0,000103
географической 0,798508 0,000060
география 0,462035 0,000138
геолога 3,506558 0,000523
геологической 2,525729 0,000188
геохимии 3,218876 0,000240
геоэкологии 3,912023 0,000292
геоэкологическая 3,218876 0,000240
геоэкология 3,218876 0,000240
геральдический 1,897120 0,000142
геральдической 2,995732 0,000223
герасимов 3,218876 0,000240
герб 0,820981 0,000674
герба 1,427116 0,000213
гербах 3,912023 0,000584
гербе 1,609438 0,000240
гербов 2,813411 0,000210
гербовой 3,912023 0,000292
гериатрический 3,912023 0,000292
германии 1,427116 0,000106
германия 1,203973 0,000090
гефест 3,912023 0,000292
гидрография 1,427116 0,000213
гидрокарбонатно-сульфатно-хлоридная 3,912023 0,000292
гидрометеорологический 3,218876 0,000240
гидроним 2,302585 0,000172
гидропорт 3,506558 0,000262
гидроэлектростанции 2,995732 0,000223
гидроэнергетика 3,506558 0,000262
гильдии 2,207275 0,000165
гимн 0,820981 0,000306
гимна 2,302585 0,000172
гимном 2,995732 0,000223
гипермаркеты 1,966113 0,000147
глава 0,673345 0,000100
главе 1,237874 0,000092
главная 1,078810 0,000241
главной 0,941609 0,000211
главном 2,659260 0,000198
главный 0,916291 0,000205
главным 0,967584 0,000072
главных 1,078810 0,000080
главы 0,967584 0,000144
глазами 2,525729 0,000188
глазково 3,912023 0,000292
глазковский 3,912023 0,000584
глазковским 3,912023 0,000292
глазковского 3,912023 0,000292
глазковскому 3,912023 0,000292
глазунова 3,218876 0,000240
гласит 2,659260 0,000198
глеб 3,218876 0,000240
глубина 1,609438 0,000120
глубины 2,207275 0,000165
говорин 3,912023 0,000292
год 0,235722 0,000862
года -0,009950 -0,000275
годавикипедия 0,616186 0,000092
годах 0,385662 0,000144
годов 0,356675 0,000239
годовыми 2,995732 0,000223
годовых 2,995732 0,000223
году 0,072571 0,000915
годугорода 1,714798 0,000128
годы 0,356675 0,001038
голл 3,912023 0,000292
головой 2,659260 0,000198
головы 2,407946 0,000180
голосов 1,966113 0,000293
голосованием 2,207275 0,000165
голосования 2,207275 0,000165
голоустное 3,506558 0,000523
голубиная 3,506558 0,000262
голубой 2,040221 0,000152
гольдштейна 3,912023 0,000292
гончарово 3,912023 0,001167
гоньба 3,218876 0,000240
гор 1,309333 0,000098
гора 1,139434 0,000170
гордума 2,995732 0,000223
гордумы 2,813411 0,000210
горе 1,771957 0,000264
горения 3,506558 0,000262
горизонтальной 2,813411 0,000210
горка 2,407946 0,000180
горловка 1,309333 0,000098
горно-обогатительное 3,912023 0,000292
горного 2,302585 0,000172
горный 1,832581 0,000137
город 0,544727 0,002275
город-миллионер 2,659260 0,000198
города 0,430783 0,004531
города-побратимы 0,891598 0,000067
городам 0,798508 0,000060
городам-партнерам 3,912023 0,000292
городами 0,916291 0,000137
городах-партнерах 3,912023 0,000292
городах-побратимах 3,912023 0,000292
городах-спутниках 3,506558 0,000262
городахвикипедия 2,659260 0,000198
городе 0,693147 0,001137
городиркутск 3,912023 0,000292
городов 0,579818 0,000735
городовая 3,506558 0,000262
городок 1,386294 0,000207
городом 0,798508 0,000238
городпро 0,867501 0,000065
городская 0,843970 0,000567
городские 0,941609 0,000140
городским 0,798508 0,000119
городских 0,713350 0,001224
городского 0,693147 0,000517
городской 0,755023 0,000788
городскую 1,609438 0,000120
городу 0,798508 0,000298
горожан 1,309333 0,000195
горохово 3,912023 0,000292
горощенова 3,912023 0,002043
горы 1,108663 0,000083
горяева 3,912023 0,000292
горячий 2,525729 0,000188
горяшина 3,912023 0,000292
гос 1,609438 0,000360
госбанка 2,995732 0,000223
госкомстат 0,891598 0,000133
гостами 3,912023 0,000292
гостиниц 1,427116 0,000319
гостиницы 1,347074 0,000100
гостиный 2,407946 0,000180
государев 3,218876 0,000240
государств 1,203973 0,000090
государства 0,843970 0,000063
государственная 0,941609 0,000140
государственного 0,616186 0,000506
государственное 0,776529 0,000116
государственной 0,616186 0,000368
государственную 1,714798 0,000256
государственный 0,430783 0,000611
государственным 1,897120 0,000142
государственных 0,994252 0,000297
государство 1,347074 0,000100
государя 3,218876 0,000240
гравюра 2,302585 0,000344
гравюрах 3,912023 0,000292
град 2,040221 0,000304
градостроитель 3,912023 0,000292
градостроительное 2,813411 0,000210
градостроительные 2,995732 0,000223
гражданам 2,995732 0,000223
граждане 1,108663 0,000083
гражданин 1,309333 0,000098
гражданская 1,514128 0,000226
гражданский 2,302585 0,000172
гражданской 0,967584 0,000289
гранитом 3,912023 0,000292
граница 1,139434 0,000170
границах 1,078810 0,000080
границей 1,966113 0,000147
границу 2,120264 0,000158
граничит 2,040221 0,000152
грановщина 3,912023 0,000292
граф 2,525729 0,000188
григория 2,407946 0,000180
григорьевич 2,207275 0,000165
григорьевича 3,218876 0,000240
григорьевичу 3,506558 0,000262
гришковца 3,912023 0,000292
громок 3,912023 0,000292
грузового 2,813411 0,000210
грузовые 1,771957 0,000132
грузоперевозки 2,813411 0,000210
грунтов 2,813411 0,000630
грунтовых 2,659260 0,000198
групп 1,514128 0,000113
группа 0,693147 0,000052
группу 1,897120 0,000142
гтрк 1,049822 0,000235
губер 3,912023 0,000292
губернатор 1,272966 0,000380
губернатора 1,237874 0,000092
губернатором 1,966113 0,000147
губернии 0,994252 0,000222
губерниигорода 3,912023 0,000292
губернию 2,120264 0,000158
губерния 1,427116 0,000213
губернский 1,832581 0,000273
губернской 2,525729 0,000188
гувд 3,506558 0,000262
гуманитарно-технический 3,506558 0,000262
гуманитарной 2,207275 0,000165
гуманитарный 2,040221 0,000152
гусева 3,218876 0,000240
гэлуг 3,912023 0,000292
гэс 1,832581 0,002871
давидовича 3,912023 0,000292
давший 2,813411 0,000210
дали 2,120264 0,000158
дальнего 1,514128 0,000565
дальская 3,912023 0,000584
дамешек 3,912023 0,012840
данное 1,966113 0,000147
данные 0,510826 0,000076
данный 0,713350 0,000053
данным 0,415515 0,000124
дар 2,525729 0,000188
даруги 3,912023 0,000292
дат 1,966113 0,000440
дата 0,030459 0,000468
датируются 3,218876 0,000240
датская 0,342490 0,000026
даты 1,427116 0,000106
двадцати 2,659260 0,000198
двадцать 2,040221 0,000152
две 0,527633 0,000157
двенадцати 2,995732 0,000223
двенадцать 3,912023 0,000292
движении 2,040221 0,000152
движения 0,733969 0,000109
двор 1,771957 0,000264
дворец 0,967584 0,000072
дворов 1,897120 0,000142
дворцом 2,659260 0,000198
дворы 2,813411 0,000210
дворянина 3,506558 0,000262
двум 2,207275 0,000165
двумя 1,021651 0,000229
двуокись 3,912023 0,000292
двух 0,462035 0,000103
де-юре 3,506558 0,000262
девиц 3,218876 0,000240
девушек 2,995732 0,000447
действие 1,897120 0,000283
действовал 1,660731 0,000124
действовало 1,771957 0,000397
действовать -0,009950 -0,000001
действует 0,634878 0,000663
действуют 0,867501 0,000324
действующего 2,995732 0,000223
дек 0,820981 0,000061
декабре 0,798508 0,000060
декабристов 2,995732 0,000670
декабристские 3,912023 0,000292
декабристы 3,912023 0,000584
декабря 0,105361 0,000613
декорированная 3,912023 0,000292
декорированный 3,912023 0,000584
дел 1,469676 0,000110
дела 1,469676 0,000219
делали 3,218876 0,000240
делати 3,912023 0,000292
деление 0,673345 0,000502
делению 1,832581 0,000137
делились 3,218876 0,000240
делит 2,525729 0,000188
делится 1,427116 0,000213
дело 1,078810 0,000161
деловая 2,813411 0,000210
деловых 2,995732 0,000223
делу 3,218876 0,000240
демографические 2,995732 0,000223
демография 2,407946 0,000359
демоскоп 0,820981 0,000184
дендропарк 2,995732 0,000447
денег 1,560648 0,000116
день 0,562119 0,000126
деньгами 3,218876 0,000240
департамент 1,771957 0,000132
депо 1,771957 0,000397
депопуляции 2,995732 0,000223
депутат 2,040221 0,000761
депутата 2,813411 0,000210
депутатами 2,040221 0,000152
депутатов 0,891598 0,000200
депутатом 3,506558 0,000523
депутатские 3,912023 0,000292
депутаты 1,347074 0,000301
деревни 1,660731 0,000124
деревьях 3,506558 0,000262
деревянная 1,897120 0,000142
деревянного 2,207275 0,000329
деревянной 2,120264 0,000158
деревянный 1,966113 0,000293
деревянным 2,995732 0,000223
деревянными 2,813411 0,000210
державина 3,506558 0,000523
державы 2,407946 0,000180
держащего 3,506558 0,000262
держащий 3,912023 0,000292
держится 2,525729 0,000377
десятками 2,995732 0,000223
десятник 3,912023 0,000292
деталей 2,813411 0,000210
детей 0,941609 0,000140
детская 0,916291 0,000068
детский 1,171183 0,000175
детских 1,272966 0,000095
децентрализована 3,912023 0,000292
деятелей 2,040221 0,000152
деятельности 0,446287 0,000433
деятельность 0,653926 0,000098
джаз 2,813411 0,000210
джордж 2,995732 0,000223
дзержинск 1,347074 0,000201
дзержинского 1,660731 0,000124
дзогчен 3,912023 0,000292
диабетом 3,912023 0,000292
диалог 2,207275 0,000165
дивизион 2,207275 0,000329
динамика 1,427116 0,000106
динамики 2,813411 0,000210
динамо 1,171183 0,000087
династии 2,207275 0,000329
династия 3,912023 0,000292
диоксида 2,813411 0,000210
диоксидом 2,995732 0,000223
директором 2,813411 0,000210
дислоцируются 3,912023 0,000292
диспансер 2,120264 0,000158
дистиллированной 3,912023 0,000292
длина 1,171183 0,000087
длиной 1,272966 0,000095
длится 2,040221 0,000304
дмитриевича 2,995732 0,000223
дмитрий 0,967584 0,000289
дмитрия 1,560648 0,000349
дней 0,446287 0,000333
днейвикипедия 0,967584 0,000072
днем 1,660731 0,000248
дни 1,237874 0,000092
дня 0,478036 0,000036
доблести 1,347074 0,000603
доблестииркутскгорода 3,912023 0,000292
добро 2,813411 0,000210
добровольский 2,813411 0,000420
доброе 2,995732 0,000223
добролет 3,912023 0,000292
добывается 3,912023 0,000292
добыче 2,659260 0,000198
добычу 2,407946 0,000180
доведения 3,912023 0,000292
довыборах 3,912023 0,000292
договор 1,771957 0,000132
договором 3,218876 0,000240
дожди 2,302585 0,000172
дозволяли 3,912023 0,000292
доклад 1,514128 0,000113
доктора 2,407946 0,000180
докторов 2,407946 0,000359
документальное 2,995732 0,000223
документальный 2,207275 0,000165
документальных 2,659260 0,000397
документов 0,653926 0,000049
долгая 2,995732 0,000223
долги 3,218876 0,000240
долговременный 3,218876 0,000240
долгое 1,386294 0,000103
долготой 0,941609 0,000070
должен 1,078810 0,000080
должна 0,544727 0,000081
должности 1,771957 0,000397
должностное 2,813411 0,000210
должность 1,203973 0,000359
должны 1,021651 0,000076
долю 1,427116 0,000106
доля 0,733969 0,000055
дом 0,562119 0,000629
дом-музей 1,660731 0,000248
дома 0,798508 0,000238
домами 2,120264 0,000316
домах 2,120264 0,000158
домашний 1,660731 0,000124
доме 1,427116 0,000319
домостроительный 2,995732 0,000223
дон-отелло 3,912023 0,000292
доп 0,597837 0,000089
допожарный 3,912023 0,000292
дополненное 2,525729 0,000377
дополненные 3,912023 0,000292
дополните 2,813411 0,000210
дополнительно 2,525729 0,000188
дополнительной 2,813411 0,000210
дополнительные -0,009950 -0,000001
дополнить 2,813411 0,000210
допустимой 3,218876 0,000240
допустимую 3,912023 0,000292
допустимый 3,912023 0,000292
дореволюционного 2,995732 0,000670
дореволюционное 3,506558 0,000262
дореволюционной 2,302585 0,000172
дореволюционные 3,218876 0,000240
дореволюционных 2,659260 0,000198
дорог 0,891598 0,000200
дорога 0,798508 0,000417
дорогах 2,302585 0,000172
дороги 0,713350 0,000319
дорожного 2,040221 0,000304
дорожный 2,813411 0,000210
дорожных 2,995732 0,000223
доски 2,659260 0,000198
досталя 3,912023 0,000292
достать 3,912023 0,000292
достигать 1,966113 0,000147
достигла 1,771957 0,000132
достигло 1,966113 0,000147
достопримечательности 1,049822 0,000078
доступ 1,203973 0,000090
доступен -0,009950 -0,000001
доступное 3,912023 0,000292
доступности 1,714798 0,000128
доступны 2,302585 0,000344
доступу 3,912023 0,000292
дошкольных 1,771957 0,000132
драматический 1,203973 0,000180
драматург 3,218876 0,000240
драматургии 2,813411 0,000210
драмы 1,560648 0,000116
древлеправославной 2,659260 0,000198
древнейшей 2,813411 0,000210
древнейший 2,813411 0,000210
древнейших 1,609438 0,000120
древнерусского 2,207275 0,000165
дронова 3,506558 0,000262
друг 1,108663 0,000165
друга 1,560648 0,000116
другие 0,030459 0,000027
другим 0,733969 0,000055
другими 0,616186 0,000138
других -0,009950 -0,000007
другом 1,514128 0,000113
дудоровские 3,912023 0,000292
дулов 3,912023 0,001459
дулова 3,912023 0,000292
дума 1,108663 0,000496
думе 2,120264 0,000316
думой 1,897120 0,000425
думу 2,040221 0,000457
думы 1,078810 0,000805
духовная 1,386294 0,000207
духовности 3,506558 0,000262
духовных 2,525729 0,000188
дылудмуртукра 0,000000 0,000000
дыхания 2,659260 0,000198
дышать 3,218876 0,000240
дьячем 3,912023 0,000292
дюнах 3,912023 0,000292
евангелисты 3,912023 0,000292
евгений 1,347074 0,000100
евгения 2,207275 0,000165
евразия 2,120264 0,000158
европа 0,941609 0,000070
европейского 1,966113 0,000147
европейской 0,891598 0,000067
европы 0,673345 0,000100
егоровичем 3,912023 0,000292
егоровщина 3,912023 0,000292
егором 3,506558 0,000262
единая 1,469676 0,000219
единиц 0,673345 0,000201
единицах 3,506558 0,000262
единичные 2,995732 0,000223
единой 1,771957 0,000132
единоросса 3,912023 0,000292
единственная 1,832581 0,000273
единственным 1,347074 0,000100
единую 2,525729 0,000377
единый 1,469676 0,000110
ежевского 3,912023 0,000292
ежегодник 0,820981 0,000796
ежегодно 0,916291 0,000205
ежедневно 1,714798 0,000256
ежова 3,506558 0,000262
ездаков 3,912023 0,000292
ездит 3,912023 0,000292
ездят 2,995732 0,000223
екатерина 1,514128 0,000113
екатеринбург 0,843970 0,000063
екатериной 1,897120 0,000283
еланка 3,912023 0,000292
еловка 3,506558 0,000262
емкости 3,218876 0,000240
енисейского 3,218876 0,000240
епархиальные 2,995732 0,000223
епархии 1,108663 0,000248
ермак 3,506558 0,000262
ермаковский 3,506558 0,000262
ерши 3,912023 0,000292
ершовский 3,506558 0,000523
ершовского 3,912023 0,000875
естественная 2,207275 0,000494
естественного 2,207275 0,000494
естественной 2,525729 0,000377
естественный 1,966113 0,000293
естественным 2,120264 0,000158
ефимовича 3,218876 0,000240
ефимовичем 3,912023 0,000292
ефремовича 3,506558 0,000262
ефрона 0,328504 0,000074
жаркое 1,897120 0,000142
ждет 2,525729 0,000377
железа 2,407946 0,000180
железная 1,171183 0,000262
железного 2,813411 0,000210
железногорск-илимский 3,912023 0,000292
железнодорожная 1,309333 0,000098
железнодорожников 2,120264 0,000158
железнодорожного 0,967584 0,000144
железнодорожной 1,347074 0,000100
железнодорожный 0,755023 0,000169
железной 0,755023 0,000169
железобетона 3,912023 0,000292
железобетонный 2,995732 0,000223
железобетонных 2,995732 0,000223
железоделательный 2,995732 0,000223
желудочно-кишечного 3,506558 0,000262
желябовский 3,912023 0,000292
женская 2,040221 0,000304
женский 1,309333 0,000098
женщин 1,386294 0,000207
жердовка 3,912023 0,000292
жеребьевка 3,912023 0,000292
жертвы 2,813411 0,000210
жесткостью 3,912023 0,000292
живем 3,506558 0,000262
жигаловский 3,912023 0,000292
жизнедеятельности 2,659260 0,000198
жизни 0,562119 0,000126
жили 1,832581 0,000273
жилищное 2,407946 0,000180
жилищной 3,506558 0,000262
жилкино 3,912023 0,001167
жилкинский 3,912023 0,000292
жилой 1,560648 0,000233
жилые 1,347074 0,000100
жилье 2,120264 0,000158
жильем 2,995732 0,000223
жиромская 1,021651 0,000076
жителей 0,673345 0,000151
жители 1,049822 0,000157
жолобов 3,912023 0,000292
журнал 0,510826 0,000305
журнала 1,427116 0,000106
журналиста 3,218876 0,000240
журналу 3,506558 0,000262
журналы 1,609438 0,000120
жюль-верновский 3,912023 0,000292
жюля 3,218876 0,000240
забайкалье 2,813411 0,000630
забайкальских 3,912023 0,000292
забастовка 3,506558 0,000523
заболеваемости 2,995732 0,000670
заболевания 3,218876 0,000720
забор 3,218876 0,000240
забора 2,813411 0,000210
забывай 3,912023 0,000292
заведение 1,897120 0,000142
заведении 3,506558 0,000262
заведения 1,108663 0,000083
заведениях 2,207275 0,000165
завершающейся 3,912023 0,000292
завещал 3,912023 0,000292
завод 0,798508 0,000715
завода 0,941609 0,000211
заводами 2,302585 0,000172
заводах 2,659260 0,000198
заводом 1,771957 0,000132
заводская 2,659260 0,000198
заводы 1,237874 0,000185
завышенным 3,912023 0,000292
заглавная -0,009950 -0,000001
заграничной 3,912023 0,000292
загрузка 2,995732 0,000223
загрязнение 1,309333 0,000195
загрязнения 1,203973 0,000359
загрязненным 2,995732 0,000447
загрязнителями 3,912023 0,000292
загрязняющих 1,660731 0,000496
загурского 3,912023 0,000292
заданию 2,813411 0,000210
задерживаются 3,912023 0,000292
заднем 2,659260 0,000198
заимки 3,912023 0,000292
заимствованию 3,912023 0,000292
заимствования 3,506558 0,000262
зайцев 2,207275 0,000165
заказ 2,813411 0,000210
заказу 2,207275 0,000329
закаменск 3,912023 0,000292
заключенные 2,995732 0,000223
заключено 2,659260 0,000198
заключить 3,912023 0,000292
закон 0,616186 0,000138
законному 3,912023 0,000292
законодательного 2,120264 0,000158
законодательное 2,207275 0,000329
законодательства 2,407946 0,000180
закону 3,218876 0,000240
закончившаяся 3,506558 0,000262
закрепилось 2,525729 0,000188
зал 1,021651 0,000076
заларинский 3,912023 0,000292
залегает 3,506558 0,000262
залива 2,040221 0,000152
заливе 2,407946 0,000180
залов 1,771957 0,000132
заложен 1,832581 0,000137
заложенного 3,912023 0,000292
залы 1,469676 0,000110
заменивший 3,912023 0,000292
заменил 2,995732 0,000223
заменить 0,562119 0,000084
замерзание 3,218876 0,000240
заместителями 3,912023 0,000292
заметен 3,218876 0,000240
замка 3,218876 0,000480
заморский 3,912023 0,000292
заморских 3,912023 0,000584
замыкает 3,912023 0,000292
замятина 3,912023 0,000292
зандановой 3,912023 0,000584
занимает 0,616186 0,000092
занимается 1,386294 0,000103
занимал 1,469676 0,000110
занимательной 3,218876 0,000240
занимают 1,347074 0,000201
занимая 2,040221 0,000152
заново 1,897120 0,000283
занял 1,139434 0,000170
занято 2,040221 0,000761
зао 1,514128 0,000113
западе 1,347074 0,000100
западных 1,771957 0,000132
западу 1,771957 0,000132
запечатлен 3,218876 0,000240
записьвойти -0,009950 -0,000001
запланировано 2,207275 0,000165
заповедный 3,218876 0,000240
запугал 3,912023 0,000292
запуск 2,120264 0,000158
запустить 2,525729 0,000188
запущен 1,386294 0,000103
зарегистрированный -0,009950 -0,000001
зарегистрировано 1,309333 0,000195
зарубежными 2,659260 0,000198
зарубежья 2,525729 0,000188
зарубин 3,506558 0,000262
заслуги 1,966113 0,000147
застройка 1,272966 0,000095
застройки 1,021651 0,000229
затем 0,527633 0,000039
затрачено 3,912023 0,000292
затяжная 3,506558 0,000262
затяжные 3,912023 0,000292
зафиксирован 2,207275 0,000165
захватчиками 2,659260 0,000198
зашиверска 3,912023 0,000292
заявил 1,771957 0,000264
заявление -0,009950 -0,000001
збекча 0,000000 0,000000
звание 1,049822 0,000157
звания 1,203973 0,000180
звезда 1,237874 0,000277
звездный 2,302585 0,000172
звездочка 3,506558 0,000262
звезды 1,897120 0,000142
звенели 3,912023 0,000292
звери 3,506558 0,000262
зверь 3,506558 0,000523
здание 0,776529 0,000348
зданием 1,660731 0,000124
здании 1,171183 0,000262
зданий 1,049822 0,000078
здания 0,867501 0,000065
здоровья 1,771957 0,000132
здравоохранение 0,941609 0,000140
здравоохранения 1,203973 0,000090
зеленодольск 1,237874 0,000092
зеленой 2,040221 0,000152
зеленом 2,207275 0,000165
зеленые 2,120264 0,000158
зеленых 1,347074 0,000201
зеленью 3,912023 0,000292
земельного 2,813411 0,000210
земле 0,994252 0,000148
землетрясение 2,813411 0,000839
землетрясении 3,506558 0,000262
землетрясений 2,995732 0,001117
землетрясения 2,302585 0,001202
землетрясениям 3,912023 0,000292
земли 0,634878 0,000237
земля 1,139434 0,000595
земной 2,120264 0,000316
земств 3,912023 0,000292
зенит 2,302585 0,000172
зима 1,021651 0,000152
зиминский 3,912023 0,000292
зимний 1,660731 0,000124
зимних 1,897120 0,000142
зимовье 3,506558 0,000262
зимы 1,609438 0,000120
златоуст 1,347074 0,000100
злоупотребления 3,218876 0,000240
знак -0,009950 -0,000001
знаки 2,120264 0,000158
знакомое 3,912023 0,000292
знакомый 3,912023 0,000292
знаменательных 2,207275 0,000494
знаменская 2,813411 0,000420
знаменский 2,525729 0,000377
знаменское 3,218876 0,000480
знаменскую 3,912023 0,000292
знания 1,832581 0,000137
значение 0,314711 0,000023
значении 1,714798 0,000128
значения 0,105361 0,000031
значимостивикипедия 2,813411 0,000210
значимость 2,525729 0,000188
значительно 0,510826 0,000038
значительными 2,813411 0,000420
зодчества 1,966113 0,000293
зодчество 2,995732 0,000223
золота 2,302585 0,000172
золотодобывающее 3,912023 0,000292
золотодобыче 3,912023 0,000292
золотой 0,843970 0,000063
золотопромышленников 3,912023 0,000292
золотопромышленности 3,912023 0,000584
зон 1,309333 0,000098
зона 0,891598 0,000200
зональная 2,995732 0,000223
зоне 0,527633 0,000157
зону 1,660731 0,000124
зоны 0,755023 0,000338
зоогалерея 3,912023 0,000292
зорино-быково 3,912023 0,000292
зрителя 1,427116 0,000213
зубах 3,912023 0,000292
зуй 3,912023 0,000292
зыкова 3,912023 0,000292
ибо 2,659260 0,000198
ибс 3,912023 0,000292
иван 0,843970 0,000126
ивана 1,078810 0,000161
иванович 1,560648 0,000349
ивановича 2,040221 0,000609
иваново 1,139434 0,000085
игореве 2,813411 0,000210
игравшую 3,912023 0,000292
играет 1,386294 0,000207
играть 2,525729 0,000377
игтрк 3,912023 0,000292
игу 3,506558 0,001569
игумнова 3,912023 0,000292
идентификаторы 0,693147 0,000052
идут 1,832581 0,000137
ижевск 1,139434 0,000085
из-за 0,415515 0,000217
из-под 2,995732 0,000223
изба 3,218876 0,000240
избираемых 1,897120 0,000142
избирается 2,120264 0,000158
избирателей 3,506558 0,000785
избирательному 2,659260 0,000198
избирательным 2,407946 0,000180
избрала 3,506558 0,000262
избрали 2,659260 0,000198
избран 1,386294 0,000414
избрания 2,525729 0,000188
избранного 3,218876 0,000240
избранной 3,218876 0,000240
избранный 2,995732 0,000223
известий 3,506558 0,000262
известия 1,021651 0,000076
известны 1,309333 0,000098
известные 0,891598 0,000067
известный 0,941609 0,000070
известным 1,832581 0,000137
известных 1,171183 0,000262
изготавливает 3,912023 0,000875
изд 0,314711 0,000023
изд-во 1,049822 0,000157
издаваемых 3,506558 0,000262
издана 2,995732 0,000223
издание 0,776529 0,000348
изданий 1,469676 0,000439
издания 1,049822 0,000078
издат 3,506558 0,000262
издатель 3,506558 0,000262
издательская 2,813411 0,000210
издательских 3,506558 0,000262
издательство 0,510826 0,000076
изделий 1,309333 0,000195
изложил 3,218876 0,000240
изменение 1,560648 0,000116
изменениями 1,427116 0,000213
изменяющемся 3,912023 0,000584
изморозь 3,506558 0,000262
изначально 1,309333 0,000098
износ 2,659260 0,000198
изношены 3,912023 0,000584
изобилии 3,912023 0,000584
изображался 3,912023 0,000292
изображающая 3,218876 0,000240
изображен 1,771957 0,000397
изображением 1,966113 0,000147
изучения 1,272966 0,000095
иисус 3,506558 0,000262
иконостасы 3,912023 0,000292
илларионович 3,506558 0,000262
иллюстрированный 2,813411 0,000210
ильи 2,525729 0,000188
ильина 3,218876 0,000240
имеет 0,235722 0,000106
имеется 0,653926 0,000146
имелась 2,995732 0,000223
имелось 2,207275 0,000165
имена 1,832581 0,000137
имени 0,462035 0,000414
именитый 3,912023 0,000292
именник 3,912023 0,000292
имеющая 2,525729 0,000188
имеющей 2,525729 0,000188
император 1,771957 0,000132
императора 1,514128 0,000113
императорского 2,040221 0,000304
имперского 3,912023 0,000292
имя 0,891598 0,000333
инвалидизации 3,912023 0,000292
инвестиции 1,714798 0,000128
инвестиционный 2,659260 0,000198
инвестора 3,218876 0,000240
индекс 0,941609 0,000070
индира 3,912023 0,000292
индустриальной 3,506558 0,000262
индустриальных 2,659260 0,000198
индустрии 1,771957 0,000132
инженерной 2,995732 0,000223
инженеров 1,714798 0,000256
инициативе 1,427116 0,000106
иннокентьевская 3,912023 0,000292
иннокентьевскому 3,912023 0,000292
иногородних 2,207275 0,000165
иномарок 3,506558 0,000262
иностранные 1,660731 0,000124
иностранных 1,203973 0,000180
иностранцев 2,040221 0,000152
иноуэ 3,912023 0,000292
институт 0,478036 0,000392
института 0,755023 0,000282
институтами 2,995732 0,000223
институте 1,832581 0,000137
институтов 1,560648 0,000582
институты 1,660731 0,000248
инструкции 2,207275 0,000165
инструменты -0,009950 -0,000001
инсультами 3,912023 0,000292
интеллигентным 3,912023 0,000292
интенсивность 2,525729 0,000188
интенсивностью 2,813411 0,001469
интервью 1,660731 0,000124
интересным 3,912023 0,000292
интернационал 3,506558 0,000262
интернет-версия 3,912023 0,000292
интернета 1,771957 0,000132
интернете 1,771957 0,000132
инфекции 3,506558 0,000262
инфекционного 3,912023 0,000292
инфекциям 3,912023 0,000292
инфекциями 3,912023 0,000292
инфо 2,659260 0,000397
информации 0,446287 0,000033
информационное 1,469676 0,000329
информационный 1,427116 0,000213
информационных 1,139434 0,000085
информацию 1,237874 0,000092
информация 0,446287 0,000100
инфраструктуры 1,272966 0,000095
иович 3,912023 0,000292
иогунб 3,912023 0,000292
ионассеном 3,912023 0,000292
иосип 3,218876 0,000240
иосифа 2,407946 0,000180
ипподром 2,040221 0,000152
ираэро 3,218876 0,000240
иргиредмет 3,912023 0,000292
иргит 3,912023 0,000292
иргупс 3,912023 0,000292
ириит 3,912023 0,000292
ирина 1,660731 0,000124
иркипедия 3,912023 0,000584
иркит 3,912023 0,000292
ирктуск 3,912023 0,000292
ирку 0,000000 0,000000
иркут 3,912023 0,003794
иркута 3,506558 0,000785
иркутный 3,912023 0,000292
иркутск 1,171183 0,011008
иркутск-новый 3,912023 0,000292
иркутск-пасс 3,912023 0,000292
иркутск-пассажирский 3,912023 0,001167
иркутск-сорт 3,912023 0,000875
иркутск-сортировочный 3,912023 0,000875
иркутска 3,506558 0,042112
иркутскавтодор 3,912023 0,000292
иркутскавтотранс 3,912023 0,000292
иркутская 2,525729 0,005652
иркутскгортранс 3,912023 0,000292
иркутске 3,218876 0,016087
иркутские 3,912023 0,001167
иркутский 2,995732 0,017430
иркутским 3,912023 0,002043
иркутских 3,912023 0,000584
иркутскнипчи 3,912023 0,000292
иркутско-черемховской 3,912023 0,000292
иркутско-якутский 3,912023 0,000292
иркутского 2,659260 0,004761
иркутское 2,995732 0,001564
иркутской 2,995732 0,011397
иркутском 3,218876 0,002401
иркутскстат 3,912023 0,000584
иркутскстатистика 0,000000 0,000000
иркутску 3,912023 0,002043
иркутскую 3,912023 0,000292
иркутскэнерго 3,912023 0,000875
иркуту 3,912023 0,000292
иркутя 0,000000 0,000000
иркутян 3,912023 0,001167
иркутянами 3,912023 0,000292
иркутяне 3,912023 0,000584
иркутянин 3,912023 0,000292
иркутянина 3,912023 0,000292
иркуцкой 3,912023 0,000584
иркуцкъ 3,912023 0,000292
иркыт 3,912023 0,000292
ирниту 3,912023 0,003210
ирон 0,000000 0,000000
ирсити 3,912023 0,000292
исай 3,912023 0,000292
исключительного 3,912023 0,000292
искра 2,120264 0,000158
искусств 0,916291 0,000068
искусства 0,733969 0,000055
искусстве 1,609438 0,000240
искусство 0,994252 0,000074
исполнение 1,966113 0,000147
исполнении 1,560648 0,000116
использовалась 1,771957 0,000132
использование 0,891598 0,000067
использованием 1,347074 0,000100
использования -0,009950 -0,000001
используется 0,616186 0,000046
используются 0,916291 0,000068
использующие 0,040822 0,000006
исправленное 2,813411 0,000210
испытательный 3,506558 0,000262
исследование 1,427116 0,000106
исследованию 2,040221 0,000152
исследованиями 2,407946 0,000180
исследователей 1,966113 0,000147
исследовательский 1,771957 0,000264
исследовательских 2,995732 0,000223
истоки 2,040221 0,000152
истолкование 3,912023 0,000292
истории 0,248461 0,000167
историка 2,659260 0,000198
историко-архитектурную 3,912023 0,000292
историко-краеведческий 2,407946 0,000180
историко-краеведческое 3,506558 0,000523
историко-культурный 2,995732 0,000223
историко-мемориальный 3,218876 0,000240
историческая 1,237874 0,000092
исторические 0,941609 0,000140
исторический 0,653926 0,000341
историческим 2,207275 0,000165
исторических 1,139434 0,000085
исторического 1,049822 0,000235
историческом 1,771957 0,000264
историю 0,843970 0,000126
история 0,051293 0,000054
источник -0,009950 -0,000005
источникам 2,302585 0,000172
источниками 0,776529 0,000058
источники 0,415515 0,000093
источников 0,371064 0,000360
источником 1,660731 0,000496
истребленного 3,912023 0,000292
исчислении 0,843970 0,000063
италии 1,966113 0,000147
итоги 0,713350 0,000266
итогов 0,891598 0,000067
иудеев 3,218876 0,000240
ишимбай 1,309333 0,000098
июль 0,579818 0,000087
июля 0,116534 0,000217
июне-июле 3,218876 0,000240
июнь 0,544727 0,000041
июня 0,116534 0,000226
кабельное 2,525729 0,000377
кагью 2,659260 0,000198
каждый 0,733969 0,000055
казаками 2,207275 0,000165
казаков 1,660731 0,000124
казанская 2,120264 0,000158
казанский 1,897120 0,000142
казанского 1,660731 0,000124
казань 0,891598 0,000067
казармы 2,659260 0,000198
казарян 3,506558 0,000262
казачий 2,120264 0,000158
казачинско-ленский 3,912023 0,000292
казачье 2,407946 0,000180
казнены 3,506558 0,000262
казны 2,659260 0,000198
кайская 3,912023 0,000875
калашников 2,659260 0,000198
календарь 1,514128 0,000452
калистратович 3,912023 0,000292
каменного 1,966113 0,000440
каменное 2,120264 0,000158
каменной 1,832581 0,000137
каменном 2,302585 0,000172
каменный 1,714798 0,000128
каменным 3,218876 0,000240
каменск-уральский 1,347074 0,000100
камчатской 3,912023 0,000292
канадзава 3,912023 0,000292
канал 0,843970 0,000189
канализации 2,207275 0,000329
канализационные 3,218876 0,000240
канализационных 2,813411 0,000420
кандидата 2,207275 0,000165
кандидатов 1,897120 0,000283
каннын 3,912023 0,000292
канцелярии 2,407946 0,000180
капитала 2,120264 0,000158
капиталист 3,912023 0,000292
капиталов 3,912023 0,000292
караваны 3,218876 0,000240
карамель 3,912023 0,000292
карданных 3,912023 0,000292
карл-маркс-штадтом 3,912023 0,000292
карла 1,560648 0,000349
карловарским 3,912023 0,000292
карлом 3,912023 0,000292
карлук 3,912023 0,000292
карнавал 3,218876 0,000240
карпушева 3,912023 0,000292
карта 0,776529 0,000058
картами 0,562119 0,000042
карте 1,108663 0,000083
картин 2,659260 0,000198
картина 2,302585 0,000172
картинная 2,207275 0,000165
картины 2,120264 0,000633
картографа 3,912023 0,000292
карты 0,941609 0,000070
карусель 1,832581 0,000137
карьер 2,995732 0,000223
каскада 2,813411 0,000210
каспийск 1,272966 0,000095
кастро 3,912023 0,000292
каталог 1,609438 0,000120
каталогах 0,094311 0,000007
катангский 3,912023 0,000292
катастроф 2,120264 0,000158
катастрофа 3,218876 0,000240
катастрофы 2,525729 0,000188
категории -0,009950 -0,000002
католический 1,714798 0,000256
католической 2,525729 0,000377
каторги 3,506558 0,000262
каторжан 3,912023 0,000292
каторжный 3,912023 0,000292
кафедральном 3,506558 0,000262
кафедральный 1,021651 0,000152
качестве 0,478036 0,000071
качугский 3,912023 0,000292
каштак 2,995732 0,000223
каштаковская 3,912023 0,000292
кая 3,506558 0,001046
кбжд 3,912023 0,000292
квадратов 3,506558 0,000262
квартал 1,660731 0,000124
кварталы 1,514128 0,000226
квартальными 3,912023 0,000292
квартирных 3,218876 0,000240
квт 2,659260 0,000397
кго 3,912023 0,000584
кей 2,302585 0,000172
кемерово 1,237874 0,000092
кене 3,506558 0,000262
кеннан 3,912023 0,000292
кентавр 3,218876 0,000240
кеппену 3,218876 0,000240
керамический 3,506558 0,000262
керосинопровод 3,912023 0,000292
кет 3,218876 0,000240
километры 3,912023 0,000292
ким 2,525729 0,000188
кинематографистов 2,813411 0,000210
кино 0,994252 0,000148
киноквартал 3,912023 0,000292
кинопарк 3,912023 0,000292
кинорежиссер 3,218876 0,000240
киносеанс 3,912023 0,000292
кинотеатр 1,108663 0,000083
кинотеатра 1,771957 0,000132
кинотеатров 1,237874 0,000092
кинотеатры 1,078810 0,000080
кинофонд 3,912023 0,000292
кинохроники 3,506558 0,000262
киоска 3,912023 0,000292
киргизов 2,995732 0,000223
киренск 3,506558 0,000262
киренский 3,912023 0,000292
киров 1,309333 0,000098
кирова 1,386294 0,000517
кировский 1,237874 0,000277
кирха 1,897120 0,000142
кистям 3,912023 0,000292
китай 0,867501 0,000194
китайская 0,776529 0,000116
китайские 2,525729 0,000188
китайских 2,525729 0,000188
китайской 2,407946 0,000180
китая 1,897120 0,000425
китой 3,912023 0,000292
китой-комбинатская 3,912023 0,000292
кладовой 3,506558 0,000262
класс 1,514128 0,000113
классицизма 1,832581 0,000137
классического 2,813411 0,000210
клеменц 3,912023 0,000292
климат 0,494296 0,000258
климата 0,733969 0,000109
климента 2,813411 0,000210
клиническая 1,714798 0,000128
клинический 2,207275 0,000165
кличка 3,912023 0,000292
клуб 0,916291 0,000342
клумбам 3,912023 0,000292
клыков 2,995732 0,000223
ключ 1,660731 0,000124
ключевые 2,302585 0,000172
ключи 2,302585 0,000172
книг 1,660731 0,000372
книга 0,843970 0,000189
книги 0,916291 0,000137
книгу 1,514128 0,000113
книжный 2,207275 0,000165
князе-владимирская 3,912023 0,000292
князе-владимирский 3,912023 0,000292
кованые 3,912023 0,000292
кого 2,207275 0,000165
код -0,009950 -0,000038
кода 0,798508 0,000060
кодекс -0,009950 -0,000001
кодистория 0,116534 0,000009
коего 3,912023 0,000292
коек 2,040221 0,000152
кожевни 3,912023 0,000292
колебаниями 2,995732 0,000223
количество 0,328504 0,000123
колледж 1,386294 0,001344
коллекторов 3,218876 0,000480
коллекции 1,560648 0,000349
коллекция 1,714798 0,000256
колмаков 3,912023 0,000292
колокола 3,912023 0,000292
колокольней 2,995732 0,000670
коломна 1,272966 0,000095
колчак 3,218876 0,000240
колчака 2,302585 0,000172
колчаку 3,912023 0,000292
кольцевых 3,912023 0,000292
колядки 3,912023 0,000292
команда 1,272966 0,000475
командного 2,995732 0,000223
командных 3,218876 0,000240
команду 2,995732 0,000223
команды 1,560648 0,000116
комбинат 1,171183 0,000087
комедии 2,040221 0,000304
комедия 3,506558 0,000262
комикыргызча 0,000000 0,000000
комитет 0,755023 0,000113
комитета 1,203973 0,000180
комитетов 3,912023 0,000292
комментарии 1,386294 0,000207
коммерсанта 3,912023 0,000292
коммерсантъ 1,139434 0,000170
коммуна 2,813411 0,000210
коммунально-бытового 3,506558 0,000262
коммунальное 2,813411 0,000420
коммунальными 3,912023 0,000292
коммунистическом 3,912023 0,000292
коммуны 3,218876 0,000240
коммутационную 3,912023 0,000292
компанией 1,514128 0,000226
компании 0,579818 0,000303
компаний 0,967584 0,000072
компанию 2,302585 0,000172
компания 0,653926 0,000341
компаративное 3,912023 0,000292
комплекс 0,653926 0,000098
комплекса 1,272966 0,000095
комплексного 2,120264 0,000474
комплексной 2,407946 0,000180
комплексов 1,386294 0,000103
комплексом 1,966113 0,000147
композиторов 2,995732 0,000223
композитором 3,218876 0,000240
композиции 2,302585 0,000172
компоненты 1,609438 0,000120
компрессорная 3,912023 0,000292
комсомолец 1,560648 0,000116
комсомольск-на-амуре 1,203973 0,000090
комфорта 3,506558 0,000262
конверт 3,506558 0,000262
кондитерской 3,506558 0,000262
кондрашов 3,506558 0,000785
кондрашова 3,218876 0,000240
конец 0,798508 0,000179
конечной 2,525729 0,000188
конкурент 3,506558 0,000262
конкурс 1,832581 0,000137
конкурсе 2,407946 0,000180
конкурсного 3,218876 0,000240
конном 3,912023 0,000292
конный 2,659260 0,000198
коновалова 2,995732 0,000223
константиновича 3,218876 0,000480
конституции 2,120264 0,000158
конструировании 3,912023 0,000292
конструктивизма 1,966113 0,000147
консульства 2,120264 0,000158
консульство 1,966113 0,000147
консультант 3,506558 0,000523
консультативно-диагностический 3,218876 0,000240
контексте 1,560648 0,000116
континентального 1,832581 0,000137
континентальный 0,776529 0,000174
контор 3,912023 0,000292
контора 2,525729 0,000188
контрактам 3,506558 0,000262
контрольно-счетная 2,207275 0,000165
конфессии 1,237874 0,000092
конфиденциальности -0,009950 -0,000001
конца 0,562119 0,000168
конце 0,430783 0,000225
концентрации 2,040221 0,000304
концентраций 2,207275 0,000165
концентрируют 3,912023 0,000292
концепции 1,347074 0,000100
концепция 1,966113 0,000147
концертный 1,660731 0,000124
концу 0,994252 0,000222
кооперации 2,120264 0,000158
коорг 3,912023 0,000292
координаты 1,469676 0,000110
копейка 3,218876 0,000240
копейки 3,912023 0,000292
копии 0,653926 0,000049
копилка 3,912023 0,000292
копию 3,506558 0,000262
копия 0,328504 0,000196
копылова 3,506558 0,000262
кореневым 3,912023 0,000292
коренной 2,995732 0,000223
корея 1,897120 0,000283
короткая 3,218876 0,000240
короткий -0,009950 -0,000001
коротко 3,506558 0,000262
короткому 3,912023 0,000292
корпорации 2,120264 0,000158
корпус 1,272966 0,000095
корпуса 1,560648 0,000233
коррупции 3,218876 0,000240
коры 2,813411 0,000420
костел 2,813411 0,000420
костно-мышечные 3,912023 0,000584
кострома 1,171183 0,000087
костяк 3,506558 0,000262
косы 3,218876 0,000240
котельные 2,813411 0,000210
котельными 3,506558 0,000262
котельных 2,407946 0,000180
котловине 2,659260 0,000198
которая 0,287682 0,000086
которого 0,301105 0,000157
которое 0,478036 0,000071
которой 0,174353 0,000078
котором 0,301105 0,000045
которому 0,843970 0,000063
которую 0,867501 0,000065
которые 0,162519 0,000061
который 0,105361 0,000024
которым 0,798508 0,000060
которыми 1,469676 0,000110
которых 0,094311 0,000084
коты 3,506558 0,000785
кочергат 3,912023 0,000292
кошачьей 3,912023 0,000292
кпрф 2,207275 0,000823
кравчука 3,912023 0,000292
крае 1,514128 0,000113
краеведческий 1,237874 0,000646
краеведческим 3,506558 0,000262
краеведческого 2,659260 0,000198
краем 2,813411 0,000210
красная 1,108663 0,000083
красноармейцев 3,912023 0,000292
красногвардейцев 3,912023 0,000292
красной 0,967584 0,000144
красноярск 0,967584 0,000361
красноярска 2,525729 0,000188
красноярске 3,218876 0,000240
красноярского 2,302585 0,000172
красноярском 2,525729 0,000188
красную 2,040221 0,000152
краткая 0,967584 0,000072
краю 1,966113 0,000147
края 0,713350 0,000213
кремль 1,714798 0,000384
крепкими 3,912023 0,000292
крепли 3,912023 0,000292
кресло 3,912023 0,000292
крестовоздвиженская 2,659260 0,000397
кресты 2,813411 0,000210
кривы 3,912023 0,000292
крова 3,506558 0,000262
кроме 0,235722 0,000053
круглыми 3,506558 0,000262
кругобайкальский 3,912023 0,000292
кругоморская 3,912023 0,000292
кругоморский 3,912023 0,000584
кругосвет 1,560648 0,000116
кружевной 3,912023 0,000584
круиз 3,912023 0,000292
крупнейшая 1,347074 0,000100
крупнейшей 1,560648 0,000116
крупнейшему 3,912023 0,000292
крупнейшие 0,776529 0,000116
крупнейшим 1,203973 0,000090
крупнейших 0,634878 0,000237
крупное 1,897120 0,000142
крупные 0,579818 0,000087
крупный 0,798508 0,000238
крупными 1,309333 0,000098
крупных 0,494296 0,000147
крутиться 3,912023 0,000292
крыма 0,843970 0,000063
крючкова 3,912023 0,000292
ксенофонт 3,506558 0,000262
кстати 3,912023 0,000292
ктм 3,506558 0,000262
кубка 1,347074 0,000100
кузеванов 3,912023 0,000292
кузнечного 2,995732 0,000223
кузнечный 3,506558 0,000262
кузницы 3,912023 0,000292
кузьмиха 3,912023 0,000292
куинджи 2,995732 0,000223
куйбышева 2,207275 0,000165
куйбышевский 1,771957 0,000397
куйтунский 3,912023 0,000292
куки -0,009950 -0,000001
кукол 0,916291 0,000205
култук 3,218876 0,000480
культур 1,309333 0,000098
культура 0,653926 0,000293
культурного 0,916291 0,000137
культурный 1,108663 0,000083
культуры 0,462035 0,000241
купания 2,813411 0,000210
купец 1,832581 0,000273
купеческие 2,813411 0,000420
купеческий 2,995732 0,000223
купеческим 2,995732 0,000223
купеческой 3,218876 0,000240
купечества 2,525729 0,000188
купечество 2,813411 0,000420
купечеству 3,218876 0,000240
купца 1,560648 0,000116
купцов 2,302585 0,000515
купцы 1,832581 0,000273
курган 1,237874 0,000092
курорт 2,525729 0,000188
курорта 2,995732 0,000894
курсируют 2,407946 0,000180
кустарный 3,912023 0,000292
кутайсов 3,912023 0,000292
кыцигировка 3,912023 0,000292
кювилье 3,912023 0,000292
кяхтинской 3,912023 0,000292
лаверов 3,912023 0,000584
лазерной 3,218876 0,000240
ландшафт 2,302585 0,000172
ландшафтно-климатические 3,506558 0,000262
ланин 3,912023 0,000292
ланинская 3,912023 0,000292
лансере 3,912023 0,000292
лапами 3,218876 0,000240
лапенков 3,912023 0,000292
лвчд 3,912023 0,000292
лебединка 3,912023 0,000292
лев 1,832581 0,000137
леванова 3,506558 0,000262
левобережную 3,912023 0,000292
левобережный 2,813411 0,000420
левого 1,966113 0,000147
левый 1,309333 0,000195
левым 3,912023 0,000292
легкая 1,897120 0,000142
легких 3,218876 0,000240
легкоатлетический 2,659260 0,000198
легковых 2,407946 0,000180
легкой 1,771957 0,000132
легочно-туберкулезный 3,912023 0,000292
легче 2,995732 0,000223
лед 1,897120 0,000283
ледокол 2,659260 0,000397
лекарственных 2,813411 0,000420
ленина 0,867501 0,000259
ленинск-кузнецкий 1,347074 0,000100
ленинский 1,078810 0,000322
ленинского 1,771957 0,000264
ленинском 2,302585 0,000344
ленину 1,272966 0,000095
ленского 3,218876 0,000240
ленской 3,506558 0,000785
лента 1,560648 0,000116
ленты 2,525729 0,000188
леонид 1,966113 0,000293
лепова 3,506558 0,000262
лес 1,514128 0,000226
леса 1,021651 0,000305
лесная 1,660731 0,000124
лесную 2,995732 0,000223
лесопарк 2,302585 0,000172
лесостепной 1,966113 0,000147
лет 0,223144 0,000200
летие 1,309333 0,000098
летию 1,078810 0,000080
летний 1,108663 0,000083
летних 2,120264 0,000158
лето 0,891598 0,000067
летом 0,597837 0,000045
летописи 1,609438 0,000120
летопись 1,832581 0,000273
леццано 3,912023 0,000292
лечение 3,218876 0,000240
либкнехта 3,218876 0,000240
ливневой 2,813411 0,000210
лиге 1,609438 0,000240
лимнологический 3,506558 0,000262
линией 2,407946 0,000180
линии 0,755023 0,000113
линию 2,407946 0,000180
линия 0,891598 0,000067
линиях 2,659260 0,000198
липатова 3,218876 0,000240
листвянка 3,506558 0,000262
листвянке 3,506558 0,000262
листвянкой 3,912023 0,000292
листвянку 3,912023 0,000292
литве 3,218876 0,000240
литераторов 2,995732 0,000223
литература 0,061875 0,000009
литературе 1,514128 0,000113
литературно-художественный 2,813411 0,000210
литературной 2,525729 0,000188
литературный 1,427116 0,000106
литовской 3,218876 0,000240
лицензии -0,009950 -0,000001
лицо 1,771957 0,000132
лицом 1,897120 0,000142
лишились 2,813411 0,000210
лишь 0,478036 0,000036
ложные 3,912023 0,000292
локальное 1,108663 0,000083
локальный 2,995732 0,000223
локо-ангара 3,912023 0,000292
локомотив 1,771957 0,000264
локомотивное 3,218876 0,000240
луга 1,966113 0,000293
луганск 1,203973 0,000090
лукича 3,912023 0,000292
лучших 1,049822 0,000078
лыжных 2,659260 0,000198
лыловщина 3,912023 0,000292
лысьва 1,347074 0,000100
львовичем 3,912023 0,000292
любезный 3,912023 0,000292
любил 3,506558 0,000262
любимый 3,506558 0,000523
любительских 2,525729 0,000188
людей 0,693147 0,000103
люди 0,755023 0,000169
люрсениуса 3,912023 0,000292
лютеране 3,218876 0,000240
лютый 3,912023 0,000292
м-во 0,000000 0,000000
мавританском 3,506558 0,000523
магадан 1,237874 0,000092
магазина 2,407946 0,000180
магистрали 1,078810 0,000241
магистрат 3,218876 0,000240
магнитогорск 1,272966 0,000095
магнитудой 3,912023 0,000584
мазута 2,813411 0,000210
мазутная 3,912023 0,000292
май 0,597837 0,000089
майск 3,912023 0,000292
макаронная 3,506558 0,000262
макаронной 3,506558 0,000262
макарьева 3,506558 0,000262
максимальная 1,560648 0,000116
максимовщина 3,912023 0,000584
максимум 0,733969 0,000164
малая 1,469676 0,000329
маловероятны 3,912023 0,000292
малого 1,427116 0,000213
малое 1,897120 0,000142
малоизвестное 3,912023 0,000292
малоизвестные 3,912023 0,000292
малый 0,371064 0,000028
малых 1,309333 0,000098
маляревский 3,912023 0,000292
мамоны 3,912023 0,000292
мамско-чуйский 3,912023 0,000292
манеж 2,207275 0,000165
марата 3,218876 0,000240
маратовский 3,912023 0,000292
мариймакедонскимонгол 0,000000 0,000000
марионеток 3,912023 0,000292
марк 2,120264 0,000158
марка 0,867501 0,000388
марками 3,218876 0,000240
маркова 2,407946 0,000180
маркса 1,609438 0,000360
март 0,616186 0,000046
марта 0,139262 0,000519
марте 0,967584 0,000217
мартыновым 3,912023 0,000292
маршрутам 2,525729 0,000188
маршрутов 0,967584 0,000217
масленица 3,506558 0,000262
масложиркомбинатом 3,912023 0,000292
массивов 1,966113 0,000147
массовой 0,916291 0,000068
массовыми 2,813411 0,000210
мастерские 2,120264 0,000158
масштаба 2,207275 0,000165
матери 1,347074 0,000100
материал -0,009950 -0,000001
материалов 0,755023 0,000225
материалообработки 3,912023 0,000292
материалы 0,843970 0,000063
матусяк 3,912023 0,000292
матч-тв 3,218876 0,000240
мачту 3,912023 0,000292
машин 1,139434 0,000085
машине 2,407946 0,000180
машиностроением 3,218876 0,000240
машиностроения 1,469676 0,000329
мая 0,139262 0,000530
маяк 1,108663 0,000083
мбук 2,659260 0,000198
мвд 1,309333 0,000293
мебельная 2,659260 0,000397
мегаполис 2,302585 0,000172
мегаполисом 2,995732 0,000223
мегаполисы 3,218876 0,000240
мегафон 1,237874 0,000092
мегет 3,912023 0,000584
медведев 2,525729 0,000188
медведева 2,659260 0,000198
медведниковой 3,912023 0,000292
медведниковская 3,912023 0,000292
меди 2,207275 0,000329
медиафайлы 0,301105 0,000022
медиахолдинг 3,506558 0,000262
медицина 1,897120 0,000142
медицинская 2,040221 0,000304
медицинский 0,891598 0,000333
медицинской 1,514128 0,000113
медицины 1,514128 0,000113
медленно 2,120264 0,000158
междугородный 2,207275 0,000329
международно 1,139434 0,000085
международного 0,733969 0,000328
международную 2,659260 0,000198
международные 0,941609 0,000211
международный 0,713350 0,000213
международными 2,813411 0,000210
межобластной 3,506558 0,000262
межпереписной 3,912023 0,000292
мезолита 3,506558 0,000262
мейером 3,912023 0,000292
мельниково 3,506558 0,000523
мельниковский 3,912023 0,000292
мельничная 3,912023 0,000292
мельхеев 3,912023 0,000292
мемориальная 2,659260 0,000198
мемориальные 2,659260 0,000397
мемориальным 3,506558 0,000262
менее 0,314711 0,000070
мерзлотные 3,506558 0,000262
мероприятия 1,272966 0,000095
меры 2,207275 0,000165
мест 0,713350 0,000160
места 0,579818 0,000130
местам 2,659260 0,000198
местах 1,049822 0,000157
месте 0,544727 0,000203
местная 2,120264 0,000158
местного 0,941609 0,000843
местное 1,427116 0,000319
местность 1,660731 0,000124
местные 1,049822 0,000235
местный 2,207275 0,000165
место 0,371064 0,000221
местом 1,049822 0,000078
месторождение 2,302585 0,000344
месторождения 1,966113 0,000147
месяц 1,272966 0,000190
месяцев 1,171183 0,000175
месяцевикипедия 0,776529 0,000058
металла 2,302585 0,000172
металлических 1,966113 0,000147
металлическую 3,912023 0,000292
металлов 1,771957 0,000132
металлообрабатывающее 3,912023 0,000292
металлургического 2,525729 0,000377
металлургическое 2,207275 0,000165
методологический 3,506558 0,000262
методы 1,714798 0,000128
метра 1,560648 0,000466
метров 0,776529 0,000174
мечеть 1,078810 0,000241
мзмк 3,912023 0,000292
миасс 1,309333 0,000098
миграции 1,660731 0,000372
миграционного 2,813411 0,000210
миграционный 2,207275 0,000494
миграционным 3,506558 0,000262
миграция 2,120264 0,000158
мид 2,207275 0,000329
микроавтобусов 3,912023 0,000292
микрорайон 1,660731 0,000124
микрорайона 1,771957 0,000132
микрорайоне 1,771957 0,000264
микрорайонов 2,040221 0,000152
микрорайоны 1,609438 0,000360
микстура 3,912023 0,000292
миллиарда 1,966113 0,000147
миллионов 1,078810 0,000080
милях 3,912023 0,000292
минерализацией 3,912023 0,000584
минералов 2,995732 0,000447
минералогии 2,995732 0,000223
минеральных 1,609438 0,000120
минимализма 3,912023 0,000292
минимум 0,693147 0,000207
министерства 0,891598 0,000067
министерство 1,108663 0,000083
министерством 1,609438 0,000120
министров 1,660731 0,000372
минобрнауки 3,218876 0,000240
миновала 3,506558 0,000262
мир 0,342490 0,000026
мира 0,415515 0,000186
мире 0,494296 0,000111
мировой 0,733969 0,000055
митрополии 1,897120 0,000142
михаил 0,916291 0,000205
михайлович 1,386294 0,000310
михайловича 2,525729 0,000188
мишонкова 3,912023 0,000292
млашего 3,912023 0,000292
млн 0,462035 0,000207
млрд 0,820981 0,000122
мнению 0,967584 0,000072
многие 0,356675 0,000213
многозначное 3,912023 0,000292
многоквартирными 3,506558 0,000262
многолюдных 3,912023 0,000292
многом 1,514128 0,000113
многочисленные 1,139434 0,000085
многочисленных 1,560648 0,000233
мобайл 2,813411 0,000210
мобилизовано 3,912023 0,000292
мобильная -0,009950 -0,000001
могиле 2,995732 0,000223
могильном 3,912023 0,000292
могла 2,207275 0,000165
могут -0,009950 -0,000001
модернизации 1,966113 0,000293
модулем 1,021651 0,000076
модуль 0,941609 0,000070
можете 0,653926 0,000049
мозаики 3,912023 0,000292
мои 2,659260 0,000198
молодежи 1,469676 0,000439
молодежный 1,309333 0,000195
моложе 2,207275 0,000165
молокозаводом 3,506558 0,000262
молчанова-сибирского 3,912023 0,000875
монастыре 2,995732 0,000223
монастырь 1,139434 0,000170
монастыря 1,309333 0,000098
монголии 2,659260 0,000595
монголия 2,525729 0,000188
монголо-бурятскими 3,912023 0,000292
монголо-бурятской 3,912023 0,000292
монету 2,040221 0,000152
монополии 3,218876 0,000240
монументального 2,207275 0,000165
монументальное 3,506558 0,000262
монументов 2,995732 0,000223
мончегорск 1,347074 0,000100
мордой 3,912023 0,000292
морей 1,832581 0,000137
морозная 2,995732 0,000223
морозостойкости 3,912023 0,000292
морской 1,309333 0,000098
моря 0,579818 0,000087
моряков 3,218876 0,000240
москва 0,400478 0,000209
москваиркутск 3,912023 0,000292
москвой 1,237874 0,000092
москву 1,139434 0,000170
москвы 0,653926 0,000098
московитов 3,912023 0,000292
московская 1,609438 0,000240
московские 2,407946 0,000180
московский 0,891598 0,000067
московским 1,832581 0,000137
московского 0,867501 0,000259
московское 1,347074 0,000100
московщина 3,912023 0,000292
мост 0,967584 0,000433
моста 1,139434 0,000085
мостам 3,506558 0,000523
мостами 2,813411 0,000210
мостом 2,407946 0,000180
мотивам 3,506558 0,000262
мотыль 3,912023 0,000292
мочевыводящих 3,912023 0,000292
мощности 2,120264 0,000158
мощность 2,207275 0,000165
мощностью 1,966113 0,000587
мск 0,843970 0,000126
мсм 3,912023 0,000292
мтс 1,237874 0,000185
мужская 2,302585 0,000172
мужской 1,560648 0,000116
мужчин 1,609438 0,000240
муз-тв 1,966113 0,000147
музее 1,771957 0,000397
музеев 1,309333 0,000195
музеем 1,966113 0,000147
музеефицированный 3,912023 0,000292
музеи 0,820981 0,000245
музей 0,776529 0,001680
музейщики 3,506558 0,000262
музею 3,218876 0,000480
музея 1,021651 0,000533
музыкальная 2,207275 0,000165
музыкального 2,525729 0,000188
музыкальной 1,832581 0,000137
музыкальный 1,469676 0,000329
музыкальных 1,832581 0,000137
музыки 1,469676 0,000219
муниципалитетов 3,218876 0,000240
муниципального 0,891598 0,000200
муниципальное 1,139434 0,000170
муниципальной 1,966113 0,000147
муниципальные 1,309333 0,000098
муниципальный 1,386294 0,000103
муниципальным 0,776529 0,000985
муниципальными 1,660731 0,000124
муниципальных 0,776529 0,000521
муп 1,897120 0,000283
муравьев-амурский 3,506558 0,000523
муравьева 2,995732 0,000223
мусульман 1,660731 0,000124
мусульманская 2,813411 0,000210
муфтияту 3,912023 0,000292
мчс 2,120264 0,000158
мыловаренного 3,506558 0,000262
мыловарни 3,912023 0,000292
мыльниковская 3,912023 0,000292
мэр 1,347074 0,000703
мэра 1,347074 0,001407
мэрии 1,966113 0,000293
мэром 1,714798 0,001279
мюзиклы 3,912023 0,000292
мясной 2,659260 0,000198
мясо 2,995732 0,000223
мячом 1,771957 0,001057
набережная 1,139434 0,000340
набережной 1,272966 0,000095
набережные 2,040221 0,000152
набирались 3,506558 0,000262
наблюдается 1,021651 0,000076
наблюдались 2,659260 0,000198
наблюдался 2,302585 0,000172
наборе 3,506558 0,000262
набрал 3,218876 0,000240
наведением 3,912023 0,000292
навигации -0,009950 -0,000001
навигация -0,009950 -0,000001
навигацкой 3,912023 0,000584
наводнениями 3,506558 0,000262
награда 2,525729 0,000188
наградил 3,912023 0,000292
награды 0,867501 0,000065
награжденные 1,021651 0,000076
нагретых 3,912023 0,000292
нагрузки 2,207275 0,000165
нагрузок 3,912023 0,000292
наделено 3,912023 0,000292
надземных 3,506558 0,000262
назад 1,108663 0,000165
назвал 1,660731 0,000124
назван 1,078810 0,000080
название 0,198451 0,000118
названием 0,820981 0,000061
названия 0,342490 0,000128
назначаемые 3,218876 0,000240
назначен 1,386294 0,000207
назначения 1,427116 0,000106
называемый 1,514128 0,000113
называется 0,916291 0,000068
называли 1,347074 0,000201
назывался 1,347074 0,000100
называть 1,966113 0,000147
называться 1,660731 0,000124
называются 1,832581 0,000137
наиболее 0,139262 0,000062
наибольшее 1,386294 0,000103
наибольшей 2,120264 0,000158
наибольший 1,966113 0,000147
наименее 2,207275 0,000165
найдены 1,714798 0,000128
налицо 3,506558 0,000262
наличие 1,108663 0,000083
нам 0,000000 0,000000
наместничество 2,302585 0,000172
нами -0,009950 -0,000001
написана 2,207275 0,000165
написание 2,207275 0,000165
написанная 3,218876 0,000240
написано 3,218876 0,000240
наподобие 2,525729 0,000188
наполеоном 3,218876 0,000240
напоминает 2,302585 0,000172
направлен 2,813411 0,000210
направлении 1,108663 0,000165
направления 0,755023 0,000056
направлениям 1,660731 0,000124
направлениями 2,525729 0,000188
направляющийся 3,912023 0,000584
наркома 3,506558 0,000262
народная 0,713350 0,000053
народного 1,171183 0,000087
народное 0,798508 0,000179
народной 1,966113 0,000587
народные 1,832581 0,000137
народный 1,469676 0,000219
народов 0,798508 0,000060
наряду 1,078810 0,000080
насаждений 1,660731 0,000124
население 0,693147 0,000879
населением 0,776529 0,000116
населения 0,494296 0,002507
населениягод 0,000000 0,000000
населенные 0,673345 0,000151
населенных 0,693147 0,000310
наследие 1,347074 0,000100
наследия 0,820981 0,000122
наследника 3,506558 0,000262
настолько 1,897120 0,000142
настоящее 0,328504 0,000049
настроившего 3,912023 0,000292
наступает 0,916291 0,000068
настя 3,506558 0,000262
насчитывает 1,347074 0,000603
насчитывается 1,427116 0,000106
насчитывалось 1,347074 0,000603
натриевая 3,912023 0,000292
наук 0,693147 0,000362
наука 0,301105 0,000112
науки 0,820981 0,000061
науч 1,714798 0,000128
научная 0,798508 0,000298
научно-исследовательский 1,237874 0,000185
научно-исследовательскими 3,218876 0,000240
научно-образовательную 3,912023 0,000292
научно-образовательный 0,967584 0,000072
научно-популярный 3,218876 0,000240
научно-популярных 3,506558 0,000262
научного 1,309333 0,000293
научное 0,891598 0,000067
научной 1,108663 0,000083
научные 1,049822 0,000078
научный 0,941609 0,000562
научных 0,776529 0,000116
находились 1,714798 0,000384
находился 0,776529 0,000174
находится 0,328504 0,000049
находка 1,171183 0,000087
находясь 2,302585 0,000172
находятся 0,527633 0,000039
национальности 0,867501 0,000065
национальный 0,597837 0,000045
национальных 1,832581 0,000137
начала 0,314711 0,000070
началась 0,967584 0,000144
начале 0,314711 0,000117
начали 0,891598 0,000067
начало 0,415515 0,000186
началось 0,616186 0,000046
начался 1,347074 0,000100
началу 1,171183 0,000175
начальный 3,218876 0,000240
начальство 3,218876 0,000240
начинает 1,771957 0,000132
начинается 0,755023 0,000225
начинался 2,813411 0,000210
начиная 0,733969 0,000055
наш 1,609438 0,000120
наша 2,302585 0,000172
наших 1,469676 0,000110
неблагоприятной 2,995732 0,000447
небольшими 2,120264 0,000158
небольшого 2,302585 0,000172
негативного 3,506558 0,000262
недостатков 0,653926 0,000049
недоступная 0,527633 0,000118
недоступные 0,755023 0,000056
незавершенными 2,813411 0,000420
независимой 2,813411 0,000210
независимыми 2,659260 0,000198
незамерзающая 3,506558 0,000262
незначительными 3,218876 0,000480
неизвестного 2,813411 0,000210
неизвестным 2,995732 0,000223
некоммерческой -0,009950 -0,000001
некоторые 0,301105 0,000022
нем 0,356675 0,000053
немало 1,966113 0,000147
немецкая 1,966113 0,000293
немецко-фашистскими 2,525729 0,000188
немецкого 2,207275 0,000165
немцев 2,207275 0,000165
немцов 3,218876 0,000240
необходимо 1,237874 0,000185
неограниченной 3,506558 0,000262
неоднократно 1,139434 0,000085
неолита 2,995732 0,000223
неопределенный 3,218876 0,000240
неофициальные 2,040221 0,000152
неочищенные 3,912023 0,000292
непомерным 3,912023 0,000292
непорочного 2,995732 0,000223
непосредственно 0,478036 0,000071
непосредственной 1,966113 0,000147
неправдоподобной 3,912023 0,000292
нерабочими 1,021651 0,000076
нерпинарии 3,912023 0,000292
нерпинарий 3,912023 0,000292
нерпы 3,218876 0,000240
нерукотворного 2,995732 0,000223
нерчинска 3,912023 0,000292
нерчинским 3,506558 0,000262
несколько 0,150823 0,000090
несмотря 0,755023 0,000056
нестыковок 3,912023 0,000292
неудачи 3,218876 0,000240
нефтяной 2,407946 0,000180
ниже 0,693147 0,000052
нижнего 1,514128 0,000113
нижнеилимский 3,912023 0,000292
нижней 1,514128 0,000113
нижнеудинск 3,912023 0,000292
нижнеудинский 3,912023 0,000292
нижний 0,673345 0,000151
нижняя 1,203973 0,000180
низкими 2,995732 0,000223
низкой 1,771957 0,000397
нии 1,237874 0,000092
никита 2,302585 0,000172
никола 3,506558 0,000262
николааса 3,218876 0,000480
николае 3,912023 0,000292
николаевич 1,309333 0,000391
николаевича 2,407946 0,000180
николай 0,867501 0,000582
николая 0,916291 0,000068
никольск 3,506558 0,000262
нин 0,000000 0,000000
нка 0,000000 0,000000
новая 0,634878 0,000095
новгород 0,867501 0,000065
новиков 2,995732 0,000223
ново-иркутская 3,912023 0,001167
ново-иркутскую 3,912023 0,000292
ново-ленино 3,912023 0,001167
ново-мельниково 3,912023 0,000584
нового 0,579818 0,000087
новогрудинина 3,912023 0,000292
новой 0,653926 0,000049
новокузнецк 1,272966 0,000095
новолисиха 3,912023 0,000292
новом 1,386294 0,000103
новомосковск 1,203973 0,000090
новосибирск 0,916291 0,000205
новосибирске 2,659260 0,000198
новосибирского 2,659260 0,000198
новости 0,579818 0,000389
новостного 3,218876 0,000240
новую 1,171183 0,000087
новые 0,342490 0,000102
новым 1,049822 0,000078
новых 0,430783 0,000064
нойманн 3,912023 0,000292
номер 0,820981 0,000122
номерной 3,218876 0,000240
номеров 1,832581 0,000137
норильск 1,203973 0,000090
норма 0,798508 0,000119
норматив 3,912023 0,000292
нормативная 3,506558 0,000262
норму 2,995732 0,000223
нормы 1,514128 0,000113
носили 2,659260 0,000198
носит 1,309333 0,000293
нохчийн 0,000000 0,000000
ночи 2,659260 0,000198
ночь 1,514128 0,000226
ночью 2,207275 0,000165
нояб 0,820981 0,000061
ноябре 0,994252 0,000074
ноября 0,127833 0,000629
нська 0,000000 0,000000
нтв 1,427116 0,000106
нтс 3,912023 0,000292
нужд 1,660731 0,000124
нуждается 2,302585 0,000172
нужно 1,049822 0,000235
нукутский 3,912023 0,000292
нумизматике 2,207275 0,000329
ныне 0,653926 0,000146
нынешнее 2,659260 0,000198
нынешней 1,966113 0,000147
ньскъ 0,000000 0,000000
оао 0,916291 0,000068
обаяние 3,912023 0,000292
обветшалые 3,912023 0,000292
обеззараживает 3,912023 0,000292
обезьяны 3,912023 0,000292
обеим 3,218876 0,000240
обеспеченность 2,120264 0,000158
обеспечивает 1,108663 0,000083
обеспечивается 2,120264 0,000158
обзор 1,171183 0,000262
обитавшего 3,912023 0,000292
обл 1,714798 0,000256
области 0,223144 0,000633
областиобластные 2,407946 0,000180
областискрытые 2,525729 0,000188
областная 1,309333 0,000293
областного 1,108663 0,000331
областной 1,078810 0,000966
областные 1,771957 0,000132
областными 2,813411 0,000210
область 0,385662 0,000115
областьгорода 1,309333 0,000098
облик 1,272966 0,000190
облицованные 3,912023 0,000292
обновив 1,832581 0,000137
обновилась 3,912023 0,000292
обновления 1,514128 0,000113
обновлениявикипедия 1,771957 0,000132
обогащения 3,912023 0,000292
обогреваются 3,912023 0,000292
обозначен 3,506558 0,000262
обозначения 1,660731 0,000124
оборонительное 3,218876 0,000240
оборонно-промышленного 3,506558 0,000262
обороны 1,309333 0,000098
оборот 1,309333 0,000098
оборудование 1,347074 0,000100
оборудования 1,049822 0,000078
образа 2,302585 0,000172
образов 2,813411 0,000420
образован 1,347074 0,000703
образована 1,427116 0,000319
образование 0,494296 0,000147
образования 0,478036 0,000107
образованиям 0,776529 0,000811
образованиями 1,966113 0,000147
образованная 2,995732 0,000223
образованного 2,995732 0,000223
образованном 3,506558 0,000262
образованный 2,525729 0,000188
образовано 1,609438 0,000480
образовательные 1,714798 0,000128
образом 0,371064 0,000055
образует 0,994252 0,000222
образуется 1,966113 0,000293
образуют 1,771957 0,000132
образующих 2,659260 0,000198
образцом 2,813411 0,000210
образцы 2,207275 0,000165
обратная 3,912023 0,000292
обращение 1,832581 0,000547
обращению 3,912023 0,000875
обращения 0,030459 0,000468
обручев 3,912023 0,000292
обряд 3,506558 0,000262
обряды 3,912023 0,000292
обсерваторией 3,912023 0,000292
обследования 3,218876 0,000240
обслуживания 1,469676 0,000110
обслуживаются 2,995732 0,000223
обстановкой 2,659260 0,000397
обстоятельства 2,995732 0,000223
обстоятельство 2,407946 0,000180
обсуждаться 2,995732 0,000223
обусловлены 2,995732 0,000223
обучается 2,302585 0,000515
обучаются 2,407946 0,000180
обучение 1,714798 0,000128
обучения 1,660731 0,000124
обход 1,832581 0,000410
общая 0,673345 0,000100
общего 0,713350 0,000213
общее 1,237874 0,000185
общей 0,597837 0,000178
общеобразовательных 1,203973 0,000090
общества 0,776529 0,000232
общественники 3,912023 0,000292
общественно-политические 3,506558 0,000262
общественного 0,916291 0,000068
общественностью 2,995732 0,000223
общественный 0,941609 0,000070
общественных 1,021651 0,000076
общество 0,713350 0,000053
общие 0,673345 0,000050
общим 1,427116 0,000106
общины 1,514128 0,000113
объединения 1,203973 0,000180
объединив 2,995732 0,000223
объединяет 1,771957 0,000529
объединяющего 3,506558 0,000262
объездному 3,912023 0,000292
объектов 0,527633 0,000079
объема 1,237874 0,000277
объему 1,771957 0,000132
объявив 3,506558 0,000262
объявивший 3,912023 0,000292
объявлялся 3,912023 0,000292
обычно 0,693147 0,000052
обычного 2,525729 0,000188
огку 3,506558 0,000262
огни 2,407946 0,000180
огонь 1,771957 0,000132
огородничестве 3,912023 0,000292
ограды 2,813411 0,000210
ограждение 3,506558 0,000262
ограждениями 3,912023 0,000292
огромной 2,525729 0,000188
одежда 3,218876 0,000240
одиннадцать 3,218876 0,000240
одна 0,527633 0,000079
однако 0,174353 0,000039
одним 0,494296 0,000037
одно 0,693147 0,000052
одновременно 0,776529 0,000116
одноглавый 3,506558 0,000262
одного 0,544727 0,000041
одноименного 1,771957 0,000132
одномандатному 3,912023 0,000292
одномандатным 2,120264 0,000158
одноэтажным 3,912023 0,000292
оек 3,912023 0,000292
ожесточенные 3,218876 0,000240
оживила 3,912023 0,000292
ожоговый 2,995732 0,000223
озера 0,967584 0,000289
озеро 1,049822 0,000078
ознаменовалось 2,813411 0,000210
оказался 1,832581 0,000137
оказания 2,659260 0,000198
оказывает 1,427116 0,000213
оказывают 1,660731 0,000248
окато 0,820981 0,000122
океану 2,813411 0,000210
окись 3,912023 0,000292
окладникова 3,912023 0,000292
около 0,000000 0,000000
окончании 2,659260 0,000198
окончания 1,714798 0,000128
окраинной 3,912023 0,000292
окраины 2,302585 0,000344
окраски 3,912023 0,000292
окрестностей 1,714798 0,000384
окрестностях 1,469676 0,000439
округ 0,673345 0,000352
округа 0,653926 0,000390
округам 1,660731 0,000124
округами 2,659260 0,000595
округе 1,309333 0,000781
округов 0,776529 0,000521
округу 1,714798 0,000384
окружающей 1,049822 0,000078
окружен 2,407946 0,000180
окружная 2,813411 0,000210
оксида 2,659260 0,000397
окт 0,798508 0,000060
октмо 0,843970 0,000063
октябре 0,967584 0,000072
октябрьский 1,078810 0,000322
октябрьского 2,207275 0,000165
октябрьской 1,078810 0,000241
октябрьском 2,525729 0,000188
октября 0,083382 0,000292
олимпийского 1,714798 0,000128
олха 3,912023 0,000584
олык 0,000000 0,000000
ольхонский 3,912023 0,000292
омнибусы 3,506558 0,000262
омск 1,021651 0,000076
омска 2,813411 0,000210
онкологические 3,912023 0,000292
онкологический 2,120264 0,000158
онлайн 0,198451 0,000030
онли-пресс 3,912023 0,000292
оно 0,000000 0,000000
ооо 0,843970 0,000252
опасным 2,525729 0,000188
оператор 1,609438 0,000240
оператора 1,966113 0,000147
операторами 2,659260 0,000198
операторов 1,347074 0,000100
оператором 2,207275 0,000165
операторы 1,514128 0,000113
операции 1,139434 0,000085
оперетты 2,995732 0,000223
оперы 1,660731 0,000124
описание -0,009950 -0,000001
описанием 2,813411 0,000210
описательно-мотивировочная 3,912023 0,000292
описательно-мотивировочной 3,912023 0,000292
описывается 2,407946 0,000180
опорных 2,659260 0,000397
оппозицией 3,912023 0,000292
оппозиционной 3,506558 0,000262
оппозицию 3,506558 0,000262
определялся 3,218876 0,000240
орган 1,203973 0,000090
органам 2,813411 0,000210
органах 2,659260 0,000198
организации -0,009950 -0,000003
организаций 0,776529 0,000116
организовавший 3,218876 0,000240
организованных 2,995732 0,000223
организовано 2,040221 0,000152
органный 2,302585 0,000344
органов 0,994252 0,000816
органы 0,891598 0,000133
ордена 1,714798 0,000128
орденом 1,021651 0,000076
ордера 3,912023 0,000292
орел 1,609438 0,000120
оригинала 0,162519 0,000691
ориент-телеком 3,912023 0,000292
ориентированным 3,218876 0,000240
оркестр 1,660731 0,000124
орловым 3,506558 0,000262
орск 1,272966 0,000095
ортпц 2,407946 0,000180
ортсабеларуская 0,000000 0,000000
орфографии 3,506558 0,000262
осадков 0,544727 0,000122
освободившееся 3,912023 0,000292
осенне-зимний 3,506558 0,000262
осень 1,469676 0,000219
осенью 1,309333 0,000098
осинский 3,506558 0,000262
осипов 0,527633 0,000079
осипович 3,912023 0,000292
оснащенные 3,218876 0,000240
основан 0,579818 0,000389
основание 1,272966 0,000095
основанием 2,659260 0,000198
основанию 2,995732 0,000223
основанные 0,776529 0,000116
основанный 1,386294 0,000103
основателю 2,302585 0,000172
основателя 2,525729 0,000188
основе 0,494296 0,000074
основная 0,116534 0,000096
основной 0,653926 0,000244
основном 0,510826 0,000114
основные 0,223144 0,000083
основным 0,616186 0,000092
основными 1,203973 0,000180
основу 1,203973 0,000090
основы 1,560648 0,000116
особенно 0,562119 0,000042
особенности 0,994252 0,000222
особо 1,237874 0,000185
оставались 2,302585 0,000172
оставался 1,966113 0,000293
оставили 2,525729 0,000188
оставшиеся 2,659260 0,000198
остается 0,891598 0,000067
остались 1,714798 0,000128
остальные 0,891598 0,000067
останавливался 3,218876 0,000240
останавливаются 3,218876 0,000240
остановочных 3,218876 0,000240
останутся 3,506558 0,000262
остатки 1,469676 0,000110
остаются 2,040221 0,000152
остеопороз 3,912023 0,000292
остров 1,139434 0,000085
острова 1,078810 0,000241
острове 1,660731 0,000248
островов 1,897120 0,000142
острог 2,120264 0,000949
острога 2,302585 0,001718
остроги 3,506558 0,000262
острогов 3,506558 0,000262
острогом 2,995732 0,000223
острожного 3,506558 0,000262
острожные 3,912023 0,000292
острыми 3,912023 0,000292
осужденный 3,912023 0,000292
осуществляет 1,203973 0,000269
осуществляется 0,776529 0,000116
осуществляют 1,469676 0,000110
осуществляются 1,714798 0,000256
отбора 2,407946 0,000180
отбытия 3,912023 0,000292
отв 0,755023 0,000056
ответственности -0,009950 -0,000001
отдаленного 3,912023 0,000292
отдаленной 3,506558 0,000262
отдан 3,506558 0,000262
отдела 2,207275 0,000329
отделение 1,139434 0,000085
отделений 2,659260 0,000198
отделения 1,021651 0,000229
отдельных -0,009950 -0,000001
отель 1,966113 0,000293
отечественной 0,673345 0,000100
отказ -0,009950 -0,000001
откорректированным 3,912023 0,000292
откосом 3,912023 0,000292
откроется 2,525729 0,000188
открывает 2,120264 0,000316
открывался 3,506558 0,000262
открыла 2,407946 0,000180
открылся 0,941609 0,000281
открыт 0,798508 0,000596
открыта 0,967584 0,000289
открытие 0,941609 0,000070
открытия 0,916291 0,000068
открытках 2,995732 0,000223
открыто 1,078810 0,000161
открытого 1,771957 0,000132
открыты 1,049822 0,000548
открытые 2,120264 0,000158
открытый 1,049822 0,000157
открыть 2,120264 0,000158
откуда 0,000000 0,000000
отличавшийся 3,912023 0,000292
отличается 0,579818 0,000043
отличился 3,506558 0,000262
отложениями 2,813411 0,000210
отложениях 2,995732 0,000223
отложено 2,995732 0,000223
отмена 3,218876 0,000240
отмечается 1,309333 0,000195
отмечал 2,525729 0,000377
отмечался 2,525729 0,000188
отнесен 2,525729 0,000377
отнесены 2,659260 0,000397
отнести 2,207275 0,000165
относит 2,995732 0,000223
относительно 0,415515 0,000124
относится 0,733969 0,000109
относят 1,609438 0,000120
относятся 0,713350 0,000319
относящееся 2,525729 0,000188
отношений 1,309333 0,000195
отношения 0,994252 0,000371
отношениях 2,120264 0,000158
отопительный 3,506558 0,000262
отправлено 2,302585 0,000172
отправляются 1,771957 0,000132
отр 1,832581 0,000137
отраслей 1,771957 0,000132
отраслями 2,525729 0,000188
отредактирована -0,009950 -0,000001
отрешен 3,506558 0,000262
отрицательная 3,912023 0,000292
отрицательное 3,506558 0,000262
отрицательным 3,218876 0,000240
отрядом 2,659260 0,000198
отстранен 2,995732 0,000223
отстроен 2,659260 0,000198
отсутствием 2,207275 0,000165
отсутствия 1,714798 0,000384
отсутствует 1,272966 0,000095
оттаивание 3,912023 0,000875
оттиск 3,912023 0,001459
отток 2,407946 0,000180
оттоком 3,912023 0,000584
отходами 2,813411 0,000420
отходов 1,966113 0,000440
отходящих 2,995732 0,000223
отчаянное 3,506558 0,000262
отчет 1,660731 0,001363
офис 1,966113 0,000147
офицеров 1,771957 0,000132
официальная 1,609438 0,000120
официально 0,693147 0,000052
официальные 1,469676 0,000110
официальный 0,510826 0,000152
официальным 1,272966 0,000190
официальными 3,218876 0,000240
оха 1,347074 0,000100
охватывают 2,813411 0,000210
охлопкова 3,912023 0,000584
охотск 2,813411 0,000210
охотска 3,506558 0,000262
охране 1,609438 0,000240
охраной 2,659260 0,000198
охраны 1,427116 0,000106
охраняемым 3,218876 0,000240
охраняют 3,506558 0,000262
оценка 0,693147 0,000052
оценкам 1,609438 0,000120
оценки 1,609438 0,000120
очень 0,494296 0,000111
очередной 2,040221 0,000152
очерк 1,237874 0,000092
очерки 1,171183 0,000087
очистки 2,813411 0,000210
очистку 2,659260 0,000198
очистные 2,207275 0,000165
ошибке 3,218876 0,000240
ошибкекак -0,009950 -0,000001
ощущались 3,912023 0,000292
павел 1,469676 0,000219
павильона 3,218876 0,000240
павла 1,714798 0,000128
павлович 2,302585 0,000172
паводками 3,218876 0,000240
пагоды 3,912023 0,000292
падали 3,912023 0,000292
падающих 3,506558 0,000262
падок 3,912023 0,000292
падь 3,218876 0,000480
палата 1,660731 0,000124
палеолита 2,995732 0,000223
палеотехнологии 3,912023 0,000292
памятник 0,693147 0,000259
памятника 1,078810 0,000080
памятниками 2,040221 0,000152
памятнике 2,525729 0,000188
памятники 0,733969 0,000219
памятников 0,820981 0,000061
памятником 1,714798 0,000256
памятные 1,832581 0,000273
памятных 1,714798 0,000384
панно 3,218876 0,000240
панорама 1,386294 0,000207
панораме 3,912023 0,000292
парапеты 3,912023 0,000292
парижем 3,912023 0,000292
парижской 2,659260 0,000198
парк 0,693147 0,000103
парка 1,021651 0,000076
парки 1,272966 0,000380
парков 1,514128 0,000113
парковая 2,525729 0,000188
парковых 3,218876 0,000240
пароход 2,525729 0,000188
пароходством 3,912023 0,000292
партий 2,659260 0,000198
партийному 3,912023 0,000292
партию 3,218876 0,000480
партнерами 2,995732 0,000223
партнерские 2,407946 0,000180
партнерства 2,659260 0,000198
парусниками 3,912023 0,000292
парфеновка 3,506558 0,000523
паспорт 2,120264 0,000158
паспортам 3,912023 0,000292
пассажиров 1,309333 0,000488
пассажиропоток 1,966113 0,000147
пассажирские 1,427116 0,000213
пассажирского 1,609438 0,000360
пасти 3,506558 0,000523
патриархальный 3,912023 0,000292
патриотизм 3,912023 0,000292
патроны 3,506558 0,000262
певец 2,407946 0,000180
педагогического 1,897120 0,000142
педагогов 3,218876 0,000240
пенза 1,108663 0,000083
пеньки 3,912023 0,000292
пепелища 3,912023 0,000292
пепеляев 3,506558 0,000262
пер 1,108663 0,000165
первая 0,430783 0,000193
первого 0,733969 0,000109
первое 0,544727 0,000163
первожителей 3,912023 0,000292
первой 0,462035 0,000207
первомайский 1,660731 0,000248
первоначально 1,203973 0,000090
первоначальному 3,912023 0,000292
первоначальную 3,912023 0,000292
первоначальным 3,218876 0,000240
первые 0,494296 0,000184
первый 0,385662 0,000345
первым 0,597837 0,000089
перебегают 3,912023 0,000292
перевезли 3,218876 0,000240
перевозки 1,203973 0,000090
перевозчиками 3,218876 0,000240
перевозят 2,659260 0,000198
передает 2,659260 0,000198
передан 2,040221 0,000152
переданная 3,506558 0,000262
передаточная 3,912023 0,000292
передача 1,514128 0,000113
передвижных 3,506558 0,000262
переехало 3,218876 0,000240
переизбранный 3,912023 0,000292
переименовать 2,813411 0,000210
перейти -0,009950 -0,000001
перекочевал 3,912023 0,000292
перелеты 2,995732 0,000223
перепадами 3,506558 0,000262
перепады 2,995732 0,000223
переписи 0,755023 0,000394
перепись 0,820981 0,000490
перепончатыми 3,912023 0,000292
переправа 2,659260 0,000397
переправе 3,218876 0,000240
перепродавая 3,912023 0,000292
переработке 2,120264 0,000158
пересекающихся 3,912023 0,000292
переселенцев 3,506558 0,000262
пересеченный 3,218876 0,000240
пересмотра 3,506558 0,000262
перестроен 2,302585 0,000172
переходов 2,659260 0,000198
переходы 2,995732 0,000223
перешла 1,660731 0,000124
перинатальный 2,207275 0,000329
период 0,342490 0,000281
периода 0,967584 0,000217
периферии 3,506558 0,000262
пермь 0,994252 0,000074
персональные -0,009950 -0,000001
перспективе 2,120264 0,000158
першпективная 3,912023 0,000292
песен 2,120264 0,000158
песня 1,609438 0,000240
песнях 3,506558 0,000262
пестель 3,912023 0,000292
петербург 1,897120 0,000142
петербурга 2,407946 0,000359
петербурге 2,995732 0,000223
петербургом 2,659260 0,000198
петербургского 2,302585 0,000344
петр 1,108663 0,000083
петра 1,078810 0,000080
петровича 3,218876 0,000240
петровичу 3,218876 0,000240
петрушка 3,912023 0,000292
печати -0,009950 -0,000003
печатный 2,813411 0,000210
печатных 1,609438 0,000120
печать -0,009950 -0,000003
печатях 3,912023 0,000292
пешеходная 3,218876 0,000480
пешеходных 2,302585 0,000172
пивовариха 3,912023 0,000292
пивоварней 3,912023 0,000292
пивоварня 3,912023 0,000292
пик 1,966113 0,000147
пилигрим 3,912023 0,000292
пилигримов 3,912023 0,000584
пильц 3,912023 0,000292
писатели 2,407946 0,000180
писатель 1,514128 0,000113
писателя 1,660731 0,000124
питает 3,912023 0,000292
питания 1,272966 0,000285
питьевая 2,995732 0,000223
питьевой 2,302585 0,000172
питьевую 3,218876 0,000240
пищевая 1,560648 0,000233
пищевик 3,912023 0,000292
пищу 3,506558 0,000262
план 0,755023 0,000338
плана 1,272966 0,000190
планах 2,040221 0,000152
плане 1,660731 0,000248
планетарий 1,832581 0,000137
планете 2,302585 0,000172
планировалось 1,832581 0,000137
планировку 2,302585 0,000172
планировочные 3,912023 0,000584
планируется 1,021651 0,000229
платоновича 3,912023 0,000292
платформы 1,272966 0,000190
пленительного 3,912023 0,000292
плещеев 3,912023 0,000292
плишкино 3,912023 0,000292
плишкинский 3,912023 0,000292
плодородная 3,912023 0,000292
плотина 2,407946 0,000359
плотине 2,407946 0,000180
плотиной 2,659260 0,000198
плотины 2,207275 0,001811
плотность 0,693147 0,000052
площади 0,510826 0,000076
площадки 1,714798 0,000128
площадь 0,478036 0,000178
площадью 0,994252 0,000074
плывут 3,912023 0,000584
пляж 2,207275 0,000165
пляжи 2,407946 0,000180
пмс 3,506558 0,000262
по-бурятски 3,912023 0,000292
по-монгольски 3,506558 0,000262
по-прежнему 1,966113 0,000147
победой 2,525729 0,000188
победы 0,916291 0,000205
побратимам 3,912023 0,000292
побратимских 2,120264 0,000158
поведения -0,009950 -0,000001
поверхностные 2,525729 0,000188
повествование 3,218876 0,000240
повести 1,897120 0,000142
повинности 3,912023 0,000292
повлекшего 3,912023 0,000292
поворачиваться 3,912023 0,000292
повредил 3,912023 0,000292
повысился 3,506558 0,000262
повышенный 2,995732 0,000223
погибло 2,040221 0,000457
поглотил 3,218876 0,000240
погода 0,776529 0,000058
погодаева 3,912023 0,000292
подает 3,912023 0,000292
подарки 3,912023 0,000292
подача 3,506558 0,000262
подведена 3,912023 0,000292
подведены 3,218876 0,000480
подвержена 3,506558 0,000262
подвижного 2,120264 0,000316
подводной 2,659260 0,000198
поделило 3,912023 0,000292
подземных 1,966113 0,000293
подножия 2,813411 0,000210
поднявшими 3,912023 0,000292
поднялся 2,207275 0,000165
подольск 1,272966 0,000095
подразделения 2,302585 0,000172
подразделяется 2,525729 0,000188
подробнее -0,009950 -0,000001
подснежник 3,912023 0,000292
подстанций 3,218876 0,000240
подтоплялась 3,912023 0,000292
подходы 2,525729 0,000188
подчиненные 2,995732 0,000223
подчинявшихся 3,912023 0,000292
подъезд 2,659260 0,000397
подъездные 3,218876 0,000720
поезд 1,560648 0,000116
поезда 1,272966 0,000380
поездов 1,609438 0,000120
пожаловать 3,218876 0,000240
пожалуйста 1,469676 0,000110
пожар 1,966113 0,001173
пожара 1,966113 0,000440
пожаре 3,218876 0,000480
пожарной 2,407946 0,000180
пожаров 2,302585 0,000172
позднее 0,798508 0,000298
позднякова 3,506558 0,000262
поздравили 3,912023 0,000292
позиций 2,659260 0,000198
поиск -0,009950 -0,000001
поиску -0,009950 -0,000001
пойме 2,207275 0,000165
поймы 2,659260 0,000198
пока 0,843970 0,000063
показаны 2,407946 0,000180
показателей 1,203973 0,000090
показатель 0,713350 0,000106
показателю 1,897120 0,000142
покорение 2,813411 0,000210
покров 1,469676 0,000110
покрытия 2,995732 0,000223
полдень 0,916291 0,000068
поле 0,798508 0,000060
полевой 2,813411 0,000420
полевых 3,506558 0,000262
полезнейшее 3,912023 0,000292
поленова 3,218876 0,000240
полеты 2,525729 0,000188
поливаниха 3,912023 0,000292
полигон 2,407946 0,000180
полиграфическая 2,659260 0,000198
поликлиник 2,207275 0,000165
поликлиника 2,302585 0,000172
политика -0,009950 -0,000001
политики 1,237874 0,000185
политическая 0,843970 0,000063
политические 2,207275 0,000165
политический 2,120264 0,000474
политическим 2,407946 0,000180
политических 1,660731 0,000124
политической 1,469676 0,000110
политцентр 3,912023 0,000292
полиции 2,407946 0,000180
полиция 2,995732 0,000223
полку 2,813411 0,000210
полного 1,660731 0,000124
полное 1,139434 0,000085
полномочий 1,609438 0,000120
полномочия 1,660731 0,000372
полностью 0,400478 0,000090
полный 1,272966 0,000095
половина 1,171183 0,000087
половине 0,634878 0,000284
половину 1,660731 0,000124
половины 0,994252 0,000074
положение 0,510826 0,000114
положения 1,309333 0,000488
положило 2,995732 0,000223
положительное 3,506558 0,000262
полоса 1,771957 0,000132
полосой 2,407946 0,000180
полотнище 1,609438 0,000120
полу 0,916291 0,000273
полугодии 2,659260 0,000198
полунина 3,912023 0,000292
получали 2,813411 0,000210
получают 2,040221 0,000152
полученными 3,218876 0,000240
получил 0,713350 0,000266
получила 0,653926 0,000049
получили 0,967584 0,000072
полынья 3,218876 0,000240
полыхал 3,912023 0,000292
пользования 1,660731 0,000124
пользу 1,832581 0,000137
пользуется 2,407946 0,000180
польский 2,120264 0,000158
польше 2,659260 0,000198
польши 2,659260 0,000198
поляками 3,506558 0,000262
поляки 1,469676 0,000110
поляков 0,916291 0,000068
помимо 0,562119 0,000042
помнили 3,506558 0,000262
помочь 1,560648 0,000116
помощи 0,843970 0,000063
помощника 3,912023 0,000584
пономарева 2,813411 0,000420
пополнения 2,813411 0,000210
пополнилось 3,506558 0,000262
популярностью 2,207275 0,000165
популярным 2,120264 0,000158
популярных 1,832581 0,000137
попытались 2,813411 0,000210
попытки 1,660731 0,000124
пор 0,941609 0,000070
порденоне 3,912023 0,000292
порт 0,941609 0,000070
порта 1,309333 0,000098
портал 0,342490 0,000128
порталвикипедия 2,120264 0,000158
портрета 3,912023 0,000292
поручено 3,218876 0,000240
порядка 1,139434 0,000085
посад 1,660731 0,000124
посадки 2,302585 0,000172
посадский 3,506558 0,000262
посадских 3,506558 0,000262
посвятил 3,218876 0,000480
посвященная 1,714798 0,000128
посвященную 2,813411 0,000210
поселений 0,798508 0,000536
поселения 0,941609 0,000070
поселениям 0,967584 0,000144
поселилось 3,506558 0,000262
поселиться 3,506558 0,000262
поселкам 0,891598 0,000067
поселки 1,347074 0,000402
поселков 1,469676 0,000110
поселок 1,108663 0,000165
посещал 2,995732 0,000223
посещали 3,912023 0,000292
посещало 3,506558 0,000262
посещают 2,525729 0,000188
последние 0,755023 0,000056
последний -0,009950 -0,000001
последняя 0,342490 0,000026
послепожарный 3,912023 0,000292
послужила 2,659260 0,000198
поставках 3,506558 0,000262
поставленных 3,218876 0,000240
поставлены 2,813411 0,000210
поставщик 3,506558 0,000262
поставщиком 2,525729 0,000188
постановка 3,506558 0,000262
постановкой 3,218876 0,000240
постановку 3,912023 0,000292
постановлению 2,302585 0,000172
постановления 2,302585 0,000172
постепенно 0,867501 0,000065
постоянно 1,108663 0,000083
постоянного 0,693147 0,000310
постоянное 2,120264 0,000316
постперестроечные 3,912023 0,000292
постперестроечных 3,912023 0,000292
пострадавших 2,995732 0,000223
пострадал 2,302585 0,000172
построек 2,120264 0,000158
построен 0,798508 0,000179
построена 0,916291 0,000068
построенной 2,407946 0,000180
построенном 2,813411 0,000210
построенному 3,506558 0,000262
построенный 1,237874 0,000092
построено 0,867501 0,000065
постройка 2,525729 0,000188
поступает 2,302585 0,000172
потенциал 1,347074 0,000100
потерял 2,120264 0,000158
потока 2,302585 0,000172
потомок 3,912023 0,000292
потребительских 2,525729 0,000188
потребительской 2,995732 0,000223
потребителям 2,995732 0,000223
потребовалось 3,218876 0,000240
потянулись 3,912023 0,000292
похабов 3,912023 0,000292
похабова 3,912023 0,000292
похабовск 3,912023 0,000292
похвастаться 3,912023 0,000292
почв 2,302585 0,000344
почвах 2,659260 0,000198
почвенный 3,506558 0,000262
почвы 1,609438 0,000120
почетного 1,237874 0,000092
почетное 1,560648 0,000116
почетные 1,108663 0,000083
почетных 2,407946 0,000180
почтовая 1,078810 0,000402
почтовое 2,813411 0,000210
почтовый 1,108663 0,000331
поэта 1,966113 0,000293
появилась 0,820981 0,000245
появились 0,579818 0,000087
появилось 1,171183 0,000175
появился 0,693147 0,000207
появиться 2,525729 0,000188
появление 1,469676 0,000110
появляться 1,771957 0,000132
появляются 1,560648 0,000116
пояс 0,693147 0,000155
ппжт 3,912023 0,000292
права 0,755023 0,000282
правда 0,891598 0,000133
правдой 3,506558 0,000262
правдоподобной 3,912023 0,000292
правил 1,771957 0,000132
правила 2,040221 0,000152
правительства 0,693147 0,000155
правительство 0,843970 0,000126
править -0,009950 -0,000074
правка 0,328504 0,000025
правкиновые -0,009950 -0,000001
правкипостоянная -0,009950 -0,000001
правобережного 3,912023 0,000292
правобережной 2,407946 0,000359
правобережном 3,912023 0,000292
правобережную 3,218876 0,000240
правобережный 2,995732 0,000670
правовой 1,469676 0,000110
правовые 2,995732 0,000223
правого 1,560648 0,000349
православная 1,272966 0,000095
правосудия 2,407946 0,000359
правый 1,386294 0,000103
праздником 2,813411 0,000210
празднично 3,912023 0,000292
практически 0,755023 0,000225
прапорщиками 3,912023 0,000292
пребывания 2,120264 0,000158
превратилось 3,506558 0,000262
превратился 2,407946 0,000180
превращается 2,040221 0,000152
превысило 1,966113 0,000147
превышает 0,967584 0,000144
превышал 2,995732 0,000223
превышали 3,218876 0,000240
превышать 2,659260 0,000198
предварительного 3,912023 0,000292
предварительный 3,912023 0,000292
предвыборной 3,506558 0,000262
пределами 1,714798 0,000256
пределах 0,510826 0,000038
предлагалось 2,659260 0,000198
предложенных 3,506558 0,000262
предместье 3,912023 0,000292
предместья 3,506558 0,000523
предок 3,912023 0,000292
предполагает 1,832581 0,000137
предполагал 2,813411 0,000210
предприниматель 2,302585 0,000172
предприятие 1,237874 0,000277
предприятии 2,813411 0,000210
предприятий 0,713350 0,000479
предприятий-пользователей 3,912023 0,000292
предприятия 0,713350 0,000426
предприятиями 1,660731 0,000124
предприятиях 1,832581 0,000137
председателем 1,469676 0,000110
председатели 2,813411 0,000210
председатель 1,347074 0,000201
председательством 3,912023 0,000292
представились -0,009950 -0,000001
представительный 1,771957 0,000132
представительство 1,514128 0,000452
представлен 0,891598 0,000200
представлена 1,171183 0,000262
представлено 1,560648 0,000466
представлены 0,867501 0,000065
представляет 0,446287 0,000266
предстоящем 3,218876 0,000240
предусмотрен 3,912023 0,000292
предшествовал 3,506558 0,000262
прежде 1,049822 0,000078
прежнего 2,659260 0,000198
прежней 2,659260 0,000198
прежнему 3,506558 0,000262
прежние 1,171183 0,000087
президента 0,916291 0,000137
президенте 1,832581 0,000137
преимущественно 0,776529 0,000232
прекратили 2,040221 0,000152
прекратились 3,506558 0,000262
прекращаются 3,912023 0,000292
прекращенным 3,912023 0,000292
премия 2,407946 0,000180
преобладают 1,203973 0,000090
преображенская 3,218876 0,000240
преподавателей 2,659260 0,000198
препятствиями 3,912023 0,000292
препятствуя 3,912023 0,000292
пресса 2,120264 0,000316
прессы 2,040221 0,000152
претендентом 3,912023 0,000292
пржевальский 3,218876 0,000240
приамурье 3,506558 0,000262
приангарье 3,912023 0,000292
приангарья 3,912023 0,000584
прибайкалье 2,995732 0,000447
прибайкальские 3,912023 0,000292
прибайкалья 3,218876 0,000720
приборостроение 2,995732 0,000223
прибрежной 2,207275 0,000165
прибывают 2,995732 0,000223
прибыл 2,407946 0,000359
прибыли 2,207275 0,000165
прибыло 2,659260 0,000198
прибыль 2,525729 0,000188
прибытие 2,659260 0,000198
приватизированы 3,912023 0,000292
приведены 2,040221 0,000304
привело 1,108663 0,000083
приводит 1,171183 0,000087
привычное 3,218876 0,000240
пригоже 3,218876 0,000240
пригород 3,506558 0,000523
пригородное 1,966113 0,000147
пригородных 1,609438 0,000240
придать 3,218876 0,000240
приемником 3,912023 0,000292
призером 2,813411 0,000210
признания 0,916291 0,000068
признанных 0,967584 0,000072
приказа 2,525729 0,000188
приказная 3,218876 0,000240
приказчиком 3,912023 0,000292
прикладывания 3,912023 0,000292
приложение 1,309333 0,000195
приложения 1,514128 0,000113
прим 2,407946 0,000180
применяемого 0,843970 0,000063
применяемым 0,941609 0,000070
применялся 3,912023 0,000292
примерах 3,912023 0,000292
примере 1,771957 0,000264
примерно 0,634878 0,000095
примечания -0,009950 -0,000001
приморский 2,207275 0,000165
принадлежавшие 3,912023 0,000292
принадлежали 3,218876 0,000240
принимает 1,469676 0,000110
принимают 1,771957 0,000132
принимаются 2,659260 0,000198
принят 1,427116 0,000426
принято 0,713350 0,000106
принятого 2,995732 0,000223
принятый 3,218876 0,000240
приобрел 2,040221 0,000304
приобретать 3,218876 0,000240
приостановил 2,525729 0,000188
припаркованные 3,912023 0,000292
природа 1,309333 0,000098
природной 1,897120 0,000142
природные 1,108663 0,000083
природопользования 2,995732 0,000223
прирост 1,427116 0,000213
прироста 2,407946 0,000539
приростом 3,506558 0,000262
присвоен 1,832581 0,000137
присвоении 1,386294 0,000103
присвоено 1,078810 0,000241
присвоили 3,218876 0,000240
присоединил 3,218876 0,000240
приток 1,427116 0,000319
притока 2,120264 0,000158
притоки 1,832581 0,000137
притоком 2,120264 0,000316
притоку 2,995732 0,000223
приходилось 1,660731 0,000124
приходится 0,776529 0,000521
приходить 3,218876 0,000240
приходом 2,525729 0,000188
приходы 2,040221 0,000304
приходятся 3,506558 0,000262
причалом 3,912023 0,000292
причастных 3,912023 0,000292
причем 0,994252 0,000148
причинами 2,302585 0,000172
причиной 1,469676 0,000110
причины 1,771957 0,000397
пришелся 2,813411 0,000210
пришла 2,120264 0,000158
пришли 1,771957 0,000132
пришлось 1,771957 0,000264
приюты 3,506558 0,000262
пробившего 3,912023 0,000292
проблем 0,798508 0,000060
проблемам 2,207275 0,000165
проблемы 0,544727 0,000081
проведен 1,897120 0,000142
проведения 0,843970 0,000063
провели 2,659260 0,000198
проверенная 1,049822 0,000078
провианта 3,912023 0,000292
провинции 1,660731 0,000124
провинция 2,120264 0,000158
проводит 1,660731 0,000124
проводного 2,813411 0,000210
проводятся 1,203973 0,000090
проводящихся 3,506558 0,000262
прогнозе 3,912023 0,000292
проголосовали 3,506558 0,000262
программа 0,994252 0,000297
программе 1,771957 0,000132
программы 0,713350 0,000053
прогулка 2,813411 0,000210
продолжается 1,560648 0,000116
продолжительностью 2,813411 0,000210
продуктов 1,237874 0,000092
продукты 1,832581 0,000137
проезд 1,897120 0,000142
проект 0,400478 0,000209
проектах -0,009950 -0,000001
проектахцитаты 2,525729 0,000188
проектной 2,813411 0,000210
проектов 1,469676 0,000219
проекту 1,049822 0,000470
проживало 1,514128 0,000226
производит 2,302585 0,000515
производителем 2,813411 0,000210
производится 1,714798 0,000128
производства 0,616186 0,000046
производстве 2,302585 0,000172
производственное 2,302585 0,000172
производственные 2,407946 0,000180
производство 0,941609 0,000351
произошел 1,171183 0,000175
произошло 0,733969 0,000219
произрастает 3,218876 0,000240
происходили 2,207275 0,000165
происходит 0,634878 0,000237
происходят 1,966113 0,000147
происшествий 2,813411 0,000210
происшествия 2,995732 0,000447
пройдет 2,120264 0,000316
пройти 1,897120 0,000142
прокопьев 3,506558 0,000262
прокопьевск 1,272966 0,000095
прокуратура 2,525729 0,000188
прокуратуры 2,813411 0,000210
проложенный 3,912023 0,000292
промерзанием 3,912023 0,000292
промерзания 2,995732 0,000223
промыслов 2,813411 0,000210
промышленная 1,771957 0,000132
промышленников 2,813411 0,000210
промышленное 1,660731 0,000248
промышленности 0,579818 0,000087
промышленность 0,693147 0,000310
промышленные 1,171183 0,000262
промышленный 1,203973 0,000269
пропускает 3,506558 0,000262
проработки 3,506558 0,000262
прорубь 3,506558 0,000262
просачиваться 3,506558 0,000262
просит 2,995732 0,000223
прославился 3,912023 0,000292
просмотры -0,009950 -0,000001
проспект 1,021651 0,000076
пространства 1,049822 0,000078
протекала 3,218876 0,000240
протеста 2,659260 0,000198
протестантов 2,995732 0,000223
протестантская 3,506558 0,000262
против 0,798508 0,000238
противостояния 2,995732 0,000223
противочумный 3,218876 0,000240
протяжении 0,867501 0,000129
протяженность 0,941609 0,000211
протяженностью 1,386294 0,000103
профессионального 1,427116 0,000106
профессиональные 1,832581 0,000137
профессора 1,660731 0,000124
профессором 2,525729 0,000188
проходил 1,660731 0,000248
проходила 1,966113 0,000147
проходили 1,427116 0,000106
проходит 0,693147 0,000465
проходят 0,941609 0,000211
прохоров 1,078810 0,000080
процветавшим 3,912023 0,000292
процессов 1,347074 0,000100
процессы 1,514128 0,000113
прочего 2,120264 0,000158
прочее 0,653926 0,000049
прочих 1,560648 0,000116
прошел 0,994252 0,000074
прошла 1,560648 0,000116
прошлом 1,108663 0,000083
проявления 2,995732 0,000223
прядильный 3,912023 0,000292
прямого 2,302585 0,000172
прямой 1,347074 0,000100
прямоугольное 1,771957 0,000132
психиатрических 3,506558 0,000262
птиц 1,469676 0,000110
птол 3,912023 0,000292
публикаций 2,407946 0,000180
публикацию 3,506558 0,000262
публикуются 2,813411 0,000210
публичная 1,966113 0,000293
публичный 2,407946 0,000180
пунктов 0,653926 0,000341
пункты 0,616186 0,000230
пунта-аренаса 3,912023 0,000292
путеводитель 0,713350 0,000053
путей 0,916291 0,000342
путем 0,941609 0,000070
путешественник 2,407946 0,000180
путешественники 2,659260 0,000198
путешествие 1,897120 0,000283
путешествия 2,525729 0,000377
пути 0,693147 0,000465
путь 0,820981 0,000122
пушкина 1,139434 0,000085
пушнину 3,506558 0,000523
пушнины 3,506558 0,000262
пушные 3,912023 0,000292
пфорцхайм 3,912023 0,000292
пышма 1,309333 0,000098
пяти 1,203973 0,000090
пятница 1,771957 0,000264
пятый 1,427116 0,000213
пять 1,108663 0,000083
пять-шесть 3,912023 0,000292
работает 0,755023 0,000225
работал 1,309333 0,000098
работали 1,469676 0,000329
работами 2,525729 0,000188
работают 0,673345 0,000050
работу 0,693147 0,000052
рабочее 3,506558 0,000523
рабочей 2,407946 0,000359
рабочие 1,832581 0,000273
рабочих 1,108663 0,000165
равнину 2,525729 0,000188
равнины 1,309333 0,000098
равно 2,040221 0,000152
радиан 3,912023 0,000292
радио 0,891598 0,000067
радиоактивными 3,506558 0,000262
радиовещательных 2,995732 0,000223
радиозавод 2,813411 0,000210
радионуклидных 3,912023 0,000292
радиостанций 1,771957 0,000264
радиостанция 1,966113 0,000147
радиоэлектроника 3,506558 0,000262
радищев 3,218876 0,000240
радищево 3,912023 0,000584
радужный 3,218876 0,000240
раза 0,867501 0,000129
разбогатели 3,912023 0,000292
развивает 3,218876 0,000240
развивалась 1,966113 0,000147
развивалось 2,659260 0,000198
развита 1,897120 0,000142
развитие 0,314711 0,000070
развитием 1,171183 0,000087
развитию 0,843970 0,000126
развития 0,287682 0,000193
разводная 3,912023 0,000292
разворачивает 3,912023 0,000292
разгадали 3,506558 0,000262
раздел 0,891598 0,000133
раздела 1,514128 0,000113
разделами 0,891598 0,000067
разделамивикипедия 2,813411 0,000210
разделен 1,171183 0,000087
различных 0,385662 0,000029
разлом 3,506558 0,000262
разлома 3,218876 0,000240
разместился 3,218876 0,000240
размещалась 2,813411 0,000210
размещения 0,843970 0,000189
размещено 2,813411 0,000210
разница 2,207275 0,000165
разное 1,966113 0,000293
разных 0,510826 0,000038
разобраны 3,218876 0,000480
разорвали 3,912023 0,000292
разорваны 3,218876 0,000240
разработан 1,347074 0,000201
разработчики -0,009950 -0,000001
разрезов 3,218876 0,000240
разрезы 3,912023 0,000292
разрешили 2,813411 0,000210
разрушения 2,207275 0,000165
разрушительных 2,659260 0,000198
разумное 3,506558 0,000262
район 0,597837 0,000223
района 0,673345 0,000100
районаадминистративный 3,912023 0,000292
районам 0,820981 0,000122
районами 1,347074 0,000100
районах 0,941609 0,000070
районе 0,527633 0,000157
районного 2,302585 0,000172
районов 0,562119 0,000587
районом 1,714798 0,000256
району 2,207275 0,000165
районы 0,653926 0,000390
райцентров 0,941609 0,000070
рак 3,506558 0,000523
ракета 2,525729 0,000188
ракитин 3,912023 0,000292
рамках 0,544727 0,000081
рамн 2,302585 0,000515
ран 0,776529 0,000232
ранее 0,430783 0,000032
ранены 3,218876 0,000240
раннего 1,897120 0,000283
раньше 1,171183 0,000087
располагает 1,609438 0,000120
располагается 0,994252 0,000148
располагало 3,506558 0,000262
располагалось 2,302585 0,000172
располагают 3,218876 0,000240
располагаются 1,108663 0,000165
расположен 0,733969 0,000657
расположенная 1,609438 0,000120
расположенные 1,514128 0,000113
расположенный 1,203973 0,000180
расположено 0,916291 0,000068
расположены 0,673345 0,000251
распоряжению 2,207275 0,000165
расправой 3,912023 0,000292
распределению 2,995732 0,000223
распределились 3,218876 0,000240
распространенной 2,659260 0,000198
распространенным 2,525729 0,000188
распространено 2,302585 0,000172
распространяемого 3,912023 0,000292
распространяются 2,525729 0,000188
распутина 3,506558 0,000523
расстояние 0,843970 0,000252
расстоянии 1,966113 0,000147
расстояний 1,469676 0,000329
расстрела 3,506558 0,000262
расстрелян 3,218876 0,000240
расстреляны 2,407946 0,000180
растений 1,386294 0,000207
растения 1,771957 0,000132
растет 1,660731 0,000248
расцвет 2,525729 0,000188
расцветает 3,506558 0,000262
расцветом 3,912023 0,000292
расчет 1,386294 0,000310
расширение 0,527633 0,000039
ратуш 3,912023 0,000292
ратуша 3,218876 0,000240
реабилитационный 3,506558 0,000262
реализации 0,994252 0,000074
реализация 1,560648 0,000116
реализован 1,660731 0,000248
реализуемой 3,506558 0,000262
реалии 3,218876 0,000240
реальности 2,813411 0,000210
реввоенсовет 3,912023 0,000292
ревизор 3,506558 0,000262
революции 0,693147 0,000207
революциинаселенные 2,120264 0,000158
революционного 2,995732 0,000223
революционном 2,813411 0,000210
ревякина 3,506558 0,000262
регионализма 3,912023 0,000292
регионального 1,108663 0,000248
региональной 1,966113 0,000147
региональные 1,171183 0,000175
региональный 1,347074 0,000301
региональным 2,302585 0,000172
регионам-партнерам 3,912023 0,000292
регионе 1,049822 0,000078
регионов 0,941609 0,000070
региону 2,995732 0,000223
регионы 1,049822 0,000078
регистрируется 3,506558 0,000262
регулирование 2,659260 0,000198
регулярно 1,272966 0,000475
регулярны 3,912023 0,000292
регулярные 1,514128 0,000226
регулярный 2,207275 0,000165
ред 0,235722 0,000176
редактор 1,609438 0,000240
редакции 1,966113 0,000147
редкие 2,040221 0,000152
реж 3,506558 0,000523
режиме 1,514128 0,000113
режиссера 2,525729 0,000188
резерва 1,714798 0,000128
резиденцией 2,525729 0,000377
резкие 2,302585 0,000172
резко 0,967584 0,000217
результатам 1,049822 0,000157
результате 0,342490 0,000051
реинкарнация 3,912023 0,000292
рейсы 1,427116 0,000213
рек 0,820981 0,000122
река 0,733969 0,000109
рекам 2,302585 0,000172
реке 0,713350 0,000053
реки 0,462035 0,000310
реконструированная 3,912023 0,000292
реконструктивной 3,912023 0,000292
реконструкции 0,967584 0,000072
реконструкция 1,203973 0,000090
рекорд 1,771957 0,000264
рекрутов 3,506558 0,000262
ректором 3,912023 0,000292
реку 1,171183 0,000175
релейный 3,912023 0,000292
религиозной 2,407946 0,000180
религиозных 1,469676 0,000110
религия 0,843970 0,000126
реликтовая 3,912023 0,000292
рельеф 0,941609 0,000070
рельефообразования 3,506558 0,000262
ремезова 2,659260 0,000198
ремесла 2,525729 0,000188
ремесленном 3,912023 0,000584
ремонта 1,897120 0,000142
ремонту 2,813411 0,000210
рен 1,660731 0,000124
реорганизована 3,506558 0,000262
реорганизованная 3,912023 0,000292
репертуар 2,995732 0,000223
репина 2,813411 0,000210
репортер 2,120264 0,000158
репрессий 2,120264 0,000158
репродукции 3,218876 0,000240
рериха 2,813411 0,000210
респираторными 3,912023 0,000292
республика 0,843970 0,000063
республике 1,714798 0,000128
республики 0,916291 0,000137
ресторан 2,302585 0,000172
ресторанов 2,302585 0,000172
реструктурировать 3,912023 0,000292
ресурс 1,514128 0,000113
ресурсы 0,020203 0,000006
референдумах 3,506558 0,000262
реформатор 3,912023 0,000292
реформизм 3,912023 0,000292
реформы 1,609438 0,000120
речка 2,207275 0,000329
речного 1,139434 0,000170
речной 0,916291 0,000068
речным 2,040221 0,000304
речными 2,813411 0,000210
речных 1,609438 0,000120
решение 0,755023 0,000056
решением 1,078810 0,000080
решений 1,660731 0,000124
решения 0,967584 0,000144
решил 2,407946 0,000180
ржд 1,832581 0,000137
риа 1,049822 0,000235
рисунке 3,506558 0,000262
рифтовая 3,506558 0,000262
рифтовой 3,506558 0,000523
рифтогенеза 3,912023 0,000292
рифту 3,912023 0,000292
ров 2,659260 0,000198
рогаля 3,912023 0,000292
родившихся 2,407946 0,000180
родники 2,659260 0,000198
родственных 0,755023 0,000056
роду 2,813411 0,000210
роза 1,021651 0,000152
розена 3,912023 0,000292
розничной 1,514128 0,000113
розничных 2,813411 0,000210
рок-группы 3,506558 0,000262
рок-оперы 3,912023 0,000292
рокотова 3,912023 0,000292
роль 0,579818 0,000130
романа 2,120264 0,000316
романовича 3,506558 0,000262
роскартография 2,813411 0,000210
росс 3,912023 0,000292
россии 0,186330 0,000570
россиигорода 1,309333 0,000098
россиигородские 2,302585 0,000172
российская 0,186330 0,000111
российский 0,634878 0,000568
российскийского 3,912023 0,000292
российско-американская 3,912023 0,000292
российско-китайских 3,912023 0,000292
российско-китайской 3,912023 0,000584
российско-украинской 1,108663 0,000083
российского 0,634878 0,000237
российское 1,771957 0,000132
российской 0,385662 0,000777
россию 1,966113 0,000293
россия 0,371064 0,000221
россия-к 0,000000 0,000000
росспэн 0,994252 0,000074
росстат 0,776529 0,000058
рост 0,967584 0,000217
ростелеком 1,386294 0,000207
роту 3,912023 0,000292
роща 1,514128 0,000791
рощи 2,659260 0,000198
рощицам 3,912023 0,000292
рсфср 0,733969 0,000274
рт-нэо 3,912023 0,001459
ртрс 1,514128 0,000113
рублей 0,755023 0,000282
рубцовск 1,347074 0,000100
рубят 3,912023 0,000292
руд 2,995732 0,000223
рудакова 3,912023 0,000292
руководства 1,897120 0,000142
руководством 0,941609 0,000070
руководят 3,506558 0,000262
рукописи 3,218876 0,000240
рус 0,162519 0,000570
русал 3,506558 0,000262
руслан 2,659260 0,000397
русская 0,867501 0,000065
русские 0,544727 0,000081
русский -0,009950 -0,000001
русских 0,843970 0,000315
русско-азиатский 3,912023 0,000292
русско-азиатского 3,912023 0,000584
русско-монгольская 3,912023 0,000292
русского 0,494296 0,000147
русское 0,755023 0,000056
русской 0,673345 0,000100
русскоязычного 2,302585 0,000172
рыбинск 1,203973 0,000090
рыбу 3,218876 0,000240
рынке 1,609438 0,000120
рынков 2,120264 0,000158
рынок 1,021651 0,000152
рыночные 3,506558 0,000262
рыхлых 3,506558 0,000262
рэн 0,000000 0,000000
ряд 0,385662 0,000029
ряде 1,237874 0,000092
рязановщина 3,912023 0,000292
рязань 1,049822 0,000078
с-в 0,000000 0,000000
с-з 0,000000 0,000000
савелова 3,912023 0,000584
савойя 3,912023 0,000292
сад 1,108663 0,000165
сада 1,832581 0,000410
садом 2,813411 0,000210
сады 1,660731 0,000124
сайгуты 3,912023 0,000292
сайт 0,371064 0,000055
сайты 0,478036 0,000036
салехард 1,347074 0,000100
сальдо 3,218876 0,000480
самара 0,891598 0,000067
сами 1,560648 0,000116
самовыдвижение 3,912023 0,000292
самовыдвиженцы 3,912023 0,000292
самолета 2,120264 0,000474
самолетов 2,120264 0,000474
самолеты 2,302585 0,000344
самостоятельных 2,525729 0,000377
самоуправления 0,994252 0,000890
самые 1,021651 0,000076
самый 0,579818 0,000087
самым 0,653926 0,000146
санатории 2,525729 0,000188
санаторно-курортное 3,506558 0,000262
санкт-петербург 0,776529 0,000058
санкт-петербурга 1,514128 0,000226
санкт-петербурге 1,771957 0,000132
санкционированный 3,912023 0,000292
сапсаны 3,912023 0,000292
саратов 0,967584 0,000072
сатисфакция 3,912023 0,000292
саха 2,813411 0,000210
сахалин 2,995732 0,000223
сахар 2,995732 0,000223
саян 2,813411 0,000210
саяна 3,218876 0,000240
саянах 3,912023 0,000584
саянск 3,912023 0,000584
саянские 3,912023 0,000292
сбербанка 2,302585 0,000172
сбора 1,832581 0,000137
сборник 0,653926 0,000195
сборного 3,912023 0,000292
сборной 2,525729 0,000188
сбрасывалась 3,506558 0,000262
сбросы 3,218876 0,000240
свадебный 3,912023 0,000292
сведения 0,867501 0,000065
сведениям 1,966113 0,000147
свердловский 2,995732 0,000894
свердловского 2,995732 0,000223
свердловском 3,912023 0,000584
сверху 1,347074 0,000100
светин 3,912023 0,000292
свирск 3,912023 0,000292
свистунов 3,506558 0,000262
свобода 1,771957 0,000132
свободной -0,009950 -0,000001
свое 0,616186 0,000046
своего 0,776529 0,000116
своему 2,120264 0,000158
свой 0,653926 0,000098
свойство 0,653926 0,000049
свыше 0,891598 0,001131
свяжитесь -0,009950 -0,000001
связи 0,235722 0,000123
связывается 2,525729 0,000188
связывают 1,609438 0,000120
связь 0,616186 0,000138
связьтранзит 3,912023 0,000292
святого 1,078810 0,000080
сгнили 3,912023 0,000292
сгорел 2,659260 0,000397
сгорели 2,995732 0,000223
сгорело 2,659260 0,000198
сделал 2,120264 0,000158
сделать 1,386294 0,000103
сделки 3,506558 0,000262
сдерживалось 3,218876 0,000240
севера 0,941609 0,000070
севере 1,139434 0,000085
северная 1,078810 0,000241
северного 1,021651 0,000076
северные 1,966113 0,000147
северный 0,820981 0,000061
северных 1,897120 0,000142
северо-востоку 2,302585 0,000172
северо-запад 2,813411 0,000210
северо-западе 1,966113 0,000147
северо-западном 2,040221 0,000152
северобайкальск 3,506558 0,000262
северодвинск 1,171183 0,000087
северу 1,832581 0,000137
сего 2,659260 0,000198
сегодня 0,616186 0,000092
сезон 1,347074 0,000201
сей 1,660731 0,000124
сейсмически 3,912023 0,000584
сейфе 3,912023 0,000292
секретная 3,912023 0,000292
секретный 2,813411 0,000210
села 1,203973 0,000090
селенгу 3,912023 0,000292
селиваниха 3,912023 0,000292
селифонтов 3,912023 0,000292
сельских 0,776529 0,000405
сельскохозяйственный 2,040221 0,000152
семенов 2,207275 0,000165
семенович 2,407946 0,000359
семинара 2,995732 0,000223
семинария 1,469676 0,000219
семь 1,309333 0,000098
семьи 1,272966 0,000095
сен 2,407946 0,000180
сент 0,843970 0,000063
сентябре 0,994252 0,000074
сентябрь 1,309333 0,000195
сентября 0,072571 0,000157
сергеев 2,813411 0,000420
сергеева 2,813411 0,000210
сергеевич 2,302585 0,000172
сергей 0,967584 0,000072
сергею 2,995732 0,000447
сердечно-сосудистой 2,995732 0,000223
сердечно-сосудистые 3,912023 0,000292
сердца 2,525729 0,000188
серебра 2,407946 0,000180
серебряном 2,207275 0,000165
серебряный 1,386294 0,000103
середина 2,120264 0,000316
середины 0,967584 0,000217
серии 1,386294 0,000103
сернистый 3,912023 0,000292
серова 2,659260 0,000198
серы 2,302585 0,000172
сетей 1,272966 0,000475
сети 0,494296 0,000221
сеть 0,616186 0,000046
сефардская 3,912023 0,000292
сеять 3,912023 0,000292
сиб 2,659260 0,000397
сибири 1,347074 0,003215
сибирская 1,832581 0,000273
сибирские 2,207275 0,000823
сибирский 1,469676 0,000439
сибирским 2,813411 0,000210
сибирскими 3,218876 0,000240
сибирского 1,714798 0,001407
сибирское 1,832581 0,000137
сибирской 1,832581 0,000683
сибирь 1,469676 0,000767
сибиряков 3,912023 0,000584
сибиряковским 3,912023 0,000292
сибиряковы 3,912023 0,000292
сибирячок 3,912023 0,000292
сибскана 3,912023 0,000292
сибтелеком 3,912023 0,000292
сигналов 3,506558 0,000262
сидеть 3,912023 0,000292
сизо 3,506558 0,000262
сизых 3,912023 0,000292
сила 2,407946 0,000180
силуэт 2,995732 0,000223
сильнейшего 3,912023 0,000292
сильно 0,776529 0,000116
сильные 1,660731 0,000124
сильный 2,302585 0,000172
символ 1,203973 0,000090
символика 1,272966 0,000285
симферополь 1,897120 0,000142
симфонический 1,897120 0,000142
синагоги 2,040221 0,000152
синей 3,506558 0,000262
синеют 3,912023 0,000292
синой 3,912023 0,000292
синюшина 3,912023 0,000584
синюшиной 3,912023 0,000584
сиропитательный 3,912023 0,000292
систем 0,798508 0,000179
система 0,235722 0,000123
системе 0,733969 0,000055
системеобсуждениевкладсоздать -0,009950 -0,000001
системы 0,342490 0,000102
ситуация 1,469676 0,000110
сих 1,078810 0,000080
сияние 2,302585 0,000172
скачать -0,009950 -0,000001
сквера 2,207275 0,000165
сквере 1,560648 0,000233
скверов 2,302585 0,000172
скверы 1,714798 0,000128
складывалась 3,912023 0,000292
складывался 3,912023 0,000292
склонах 2,407946 0,000180
сколько 0,653926 0,000098
скорняжный 3,506558 0,000262
скоростного 1,897120 0,000283
скорость 0,867501 0,000065
скромное 3,912023 0,000292
скульптор 1,427116 0,000106
скульптуры 1,609438 0,000240
скупая 3,912023 0,000292
слабые 2,813411 0,000210
славу 2,120264 0,000158
славы 1,078810 0,000080
слата 3,912023 0,000292
следования 2,302585 0,000172
следственного 3,218876 0,000240
следствие 1,832581 0,000137
следствия 2,813411 0,000210
следующего 2,813411 0,000210
следующее 2,525729 0,000188
следующие 0,544727 0,000041
следующий 1,560648 0,000116
следующим 1,386294 0,000207
сливаются 2,813411 0,000210
слов 1,560648 0,000116
слова 0,562119 0,000042
словам 1,897120 0,000142
словами 2,040221 0,000152
словари 0,116534 0,000009
словарь 0,274437 0,000020
слово 0,673345 0,000100
словом 1,897120 0,000142
сложил 3,218876 0,000240
сложила 3,506558 0,000262
сложным 0,867501 0,000065
слой 2,120264 0,000158
слоя 2,407946 0,000359
служащих 2,525729 0,000188
служба 0,693147 0,000259
службе 2,525729 0,000188
службы 0,798508 0,000060
служивший 3,218876 0,000240
служивым 3,912023 0,000292
служилых 2,813411 0,000210
слухам 3,912023 0,000292
слухи 3,218876 0,000240
случаев 1,469676 0,000219
случаю 2,525729 0,000188
случаях -0,009950 -0,000001
слюдянка 3,506558 0,000785
слюдянке 3,506558 0,000262
слюдянки 3,506558 0,000262
слюдянский 3,506558 0,000262
слюдянском 3,912023 0,000292
сменился 2,659260 0,000595
смену 1,966113 0,000147
смертности 2,040221 0,000457
смещение 0,798508 0,000060
сми 0,867501 0,000259
смогли 2,040221 0,000152
смоленщина 3,912023 0,000584
смолокуренный 3,912023 0,000292
смолы 3,912023 0,000292
смольнинского 3,912023 0,000292
снабжает 3,506558 0,000262
снабжен 3,506558 0,000262
снабженческие 3,912023 0,000292
снег 1,832581 0,000137
снега 1,771957 0,000132
снедные 3,912023 0,000292
снижение 1,609438 0,000240
сны 3,912023 0,000292
снят 1,897120 0,000142
собирается 2,995732 0,000223
соблюдения 2,995732 0,000223
собой 0,328504 0,000196
соболем 3,912023 0,000292
соболь 2,659260 0,000198
соболя 3,506558 0,000523
собор 0,755023 0,000338
собора 1,108663 0,000165
соборе 2,207275 0,000165
соборная 1,272966 0,000190
собором 2,040221 0,000152
собрание 0,941609 0,000211
собрания 1,139434 0,000085
собственной 1,660731 0,000124
событие 2,207275 0,000165
события 1,108663 0,000165
событияпожертвовать -0,009950 -0,000001
совершались 2,995732 0,000223
совет 0,916291 0,000068
совета 0,798508 0,000119
советов 0,820981 0,000122
советская 0,371064 0,000138
советские 1,347074 0,000201
советский 0,755023 0,000113
советского 0,776529 0,000116
советское 0,994252 0,000148
советской 0,755023 0,000113
совещании 3,218876 0,000240
совместную 3,506558 0,000262
совпало 2,995732 0,000223
современная 1,108663 0,000165
современник 2,813411 0,000210
современного 0,653926 0,000049
современной 0,579818 0,000130
современности 2,525729 0,000188
современность 1,609438 0,000240
современные 0,916291 0,000068
совхозная 3,912023 0,000292
согласно 0,301105 0,000180
согласования 2,659260 0,000198
соглашение 1,139434 0,000085
содержались 3,912023 0,000292
содержание 0,010050 0,000001
содержанию 2,995732 0,000223
содержания 1,386294 0,000103
соединят 3,912023 0,000292
соединяя 2,995732 0,000223
создан 0,693147 0,000207
создана 0,891598 0,000133
создание 0,733969 0,000164
созданной 2,040221 0,000152
созданном 2,995732 0,000223
созданы 1,078810 0,000161
создать 1,171183 0,000087
создают 2,040221 0,000152
сознания 2,120264 0,000158
созыва 1,609438 0,000240
сократилась 2,525729 0,000188
сократилось 1,897120 0,000142
сокращаться 2,813411 0,000420
сокращение 1,714798 0,000128
сокровища 2,813411 0,000210
солдатовы 3,912023 0,000292
соленые 3,218876 0,000240
солиден 3,912023 0,000292
солнечно-земной 3,912023 0,000292
солнечный 0,843970 0,000189
солнце 1,714798 0,000128
солнцесияние 3,912023 0,000292
соломон 3,506558 0,000262
сообщение 1,049822 0,000157
сообщения 0,820981 0,000245
сообщить -0,009950 -0,000001
сооружение 1,469676 0,000329
сооружения 0,941609 0,000211
соответственно 1,021651 0,000076
соответствии 0,446287 0,000033
соответствующее 3,218876 0,000240
соответствующие 1,560648 0,000116
соответствующими 3,506558 0,000262
сопровождение 2,995732 0,000223
сорвать 3,912023 0,000292
сортировочные 3,506558 0,000262
соседнее 3,912023 0,000292
соседних 1,660731 0,000124
сословием 3,912023 0,000292
сосново-березовые 3,912023 0,000292
сосново-лиственничные 3,912023 0,000292
сосновые 2,813411 0,000210
сосновый 2,302585 0,000172
сосредоточены 2,207275 0,000165
сост 0,597837 0,000178
состав 0,400478 0,000119
состава 1,171183 0,000262
составе 0,616186 0,000184
составил 0,916291 0,000342
составила 1,021651 0,000152
составили 1,660731 0,000124
составило 1,272966 0,000190
составить 3,506558 0,000262
составляет 0,314711 0,000305
составляют 0,798508 0,000060
составляя 2,813411 0,000210
состоит 0,755023 0,000394
состоялась 1,609438 0,000120
состоялся 1,237874 0,000277
состоянии 1,309333 0,000293
состоянию 0,544727 0,000122
сотни 1,427116 0,000106
сотовой 1,469676 0,000110
сотрудников 1,966113 0,000293
сотрудничает 2,813411 0,000210
сотрудничество 1,660731 0,000124
сотрясения 3,912023 0,000292
сохранением -0,009950 -0,000001
сохранившимся 2,813411 0,000210
сохранить 2,302585 0,000344
сохраняется 1,560648 0,000116
сохраняют 2,813411 0,000210
социал-демократы 3,506558 0,000262
социальная 1,514128 0,000339
социально-экологические 3,912023 0,000292
социально-экономического 1,237874 0,000646
социальной 1,386294 0,000103
социальных 0,941609 0,000070
сочетают 3,506558 0,000262
союза 0,733969 0,000328
союзный 3,218876 0,000240
спас 1,897120 0,000142
спаса 2,407946 0,000180
спасская 2,659260 0,000595
спасской 2,813411 0,000420
спасскую 3,218876 0,000240
спб 0,385662 0,000058
спектакли 2,813411 0,000420
спектакль 3,218876 0,000480
сперанский 3,912023 0,000584
сперанского 3,506558 0,000523
специализированных 1,514128 0,000113
специализируется 2,659260 0,000198
специалистов 1,078810 0,000080
специальностям 2,302585 0,000172
специальные 1,660731 0,000124
спикера 3,218876 0,000240
списку 2,995732 0,000223
список 0,248461 0,000037
спорные 2,995732 0,000447
спорт 0,776529 0,000232
спорта 0,916291 0,000273
спортивная 2,040221 0,000152
спортивный 1,514128 0,000113
спортивным 2,659260 0,000198
спортивных 1,108663 0,000165
способна 2,813411 0,000210
способствовала 2,995732 0,000223
справедливой 3,506558 0,000262
справка 1,272966 0,000095
спустили 3,912023 0,000292
сравнения 1,966113 0,000147
сравнивается 3,506558 0,000262
среди 0,198451 0,000370
среднего 1,049822 0,000078
среднегодовая 1,078810 0,000241
среднегодовое 1,897120 0,000142
среднегодовые 2,525729 0,000188
среднегодовых 3,506558 0,000262
средней 0,867501 0,000065
среднем 0,693147 0,000310
среднемагистрального 3,912023 0,000292
среднесуточная 2,659260 0,000198
средние 0,941609 0,000070
средний 0,494296 0,000111
средняя 0,510826 0,000152
средств 0,597837 0,000045
средства 0,415515 0,000062
средствами 1,771957 0,000132
среды 0,755023 0,000169
срок 1,237874 0,000185
срока 2,525729 0,000188
сроком 1,966113 0,000293
српски 0,000000 0,000000
српскохрватски 0,000000 0,000000
сср 0,820981 0,000122
ссср 0,314711 0,000282
ссылка 0,274437 0,000102
ссылками 0,186330 0,000028
ссылкамистраницы 2,525729 0,000188
ссылкасведения -0,009950 -0,000001
ссылки -0,009950 -0,000006
ссылкойвикипедия 1,660731 0,000124
ссыльные 3,506558 0,000523
ссыльный 3,912023 0,000292
ссыльных 2,813411 0,000420
стабилен 3,912023 0,000292
стабильная 0,994252 0,000074
стабильности 2,659260 0,000198
ставит 2,302585 0,000172
ставшего 2,525729 0,000188
ставший 1,832581 0,000137
стадион 1,108663 0,000248
стадионов 1,660731 0,000124
стадиону 3,506558 0,000262
стадом 3,912023 0,000292
стал 0,314711 0,000258
стала 0,462035 0,000103
стали 0,430783 0,000064
стало 0,494296 0,000037
станков 2,995732 0,000223
станкостроительный 2,659260 0,000198
становилась 2,659260 0,000198
становится 0,527633 0,000157
становления 1,609438 0,000120
станции 0,693147 0,000259
станций 1,309333 0,000195
станция 0,798508 0,000119
станциях 2,302585 0,000172
старая 0,430783 0,000064
старейшая 1,897120 0,000142
старейшего 3,506558 0,000262
старейшей 2,813411 0,000210
старейшие 2,813411 0,000210
старейший 1,609438 0,000120
старейшим 2,120264 0,000158
старинного 2,659260 0,000198
старинном 3,912023 0,000292
старинный 2,995732 0,000223
старого 1,347074 0,000100
старое 1,771957 0,000132
старообрядцы 2,813411 0,000210
старообрядческая 1,560648 0,000116
старообрядческой 2,407946 0,000180
старый 1,049822 0,000235
старым 2,525729 0,000188
стат 2,302585 0,000172
статей 0,967584 0,000144
статистика -0,009950 -0,000001
статистике 0,916291 0,000068
статистики 0,713350 0,000266
статистический 0,755023 0,000788
статистического 2,120264 0,000316
статистическое 0,994252 0,000074
статус 0,510826 0,000191
статуса 1,309333 0,000195
статусе 1,560648 0,000116
статусом 1,171183 0,000087
стать 1,203973 0,000090
статье 0,941609 0,000140
статьестатьи 0,843970 0,000126
статьи 0,072571 0,000097
статьислучайная -0,009950 -0,000001
статьисообществофорумсправкасвежие -0,009950 -0,000001
статья 0,105361 0,000102
статьяобсуждение -0,009950 -0,000001
статьятекущие -0,009950 -0,000001
стационара 3,506558 0,000523
стационарной 1,832581 0,000273
стационарным 3,506558 0,000262
стационарных 1,660731 0,000743
стекачев 3,912023 0,000292
стекольный 3,506558 0,000262
стена 2,407946 0,000180
стенами 2,302585 0,000172
стены 1,771957 0,000264
степановича 3,218876 0,000240
степановка 3,506558 0,000262
степени 0,843970 0,000063
стиле 0,994252 0,000297
стилей 2,120264 0,000158
стихи 2,407946 0,000359
стихийного 3,912023 0,000292
стихотворение 2,525729 0,000188
стоит 1,237874 0,000092
стоки 2,813411 0,000210
стоков 2,813411 0,000210
столбова 3,912023 0,000292
столбовая 3,506558 0,000262
столетие 2,407946 0,000180
столетия 1,966113 0,000293
столица 0,967584 0,000144
столицей 1,171183 0,000087
столицу 2,120264 0,000158
столицы 1,049822 0,000078
столичных 2,659260 0,000198
столько 1,832581 0,000137
сторон 1,660731 0,000124
сторона 2,040221 0,000152
сторонам 2,302585 0,000172
стороне 1,139434 0,000085
сторону 1,171183 0,000087
стороны 0,430783 0,000032
сточных 1,714798 0,000384
стоянки 3,218876 0,000240
стр 1,309333 0,000098
страдает 2,995732 0,000223
стран 0,597837 0,000045
страна 0,462035 0,000069
страница -0,009950 -0,000001
страницасодержаниеизбранные -0,009950 -0,000001
страницецитировать -0,009950 -0,000001
страницуполучить -0,009950 -0,000001
страницы -0,009950 -0,000004
страницыслужебные -0,009950 -0,000001
страны 0,634878 0,000189
стрелке 2,120264 0,000158
стрельцов 2,659260 0,000595
стремсунд 3,912023 0,000292
стриглось 3,912023 0,000292
стриженов 3,912023 0,000292
строгов 3,506558 0,000262
строения 1,832581 0,000273
строились 2,040221 0,000152
строительных 1,427116 0,000319
строительства 0,673345 0,000201
строительстве 1,078810 0,000080
строительство 0,510826 0,000191
строительству 1,469676 0,000110
стройках 3,912023 0,000292
структуру 1,514128 0,000113
стс 1,714798 0,000128
студгородок 3,506558 0,000523
студентов 1,272966 0,000665
студии 2,525729 0,000188
ступеньки 3,912023 0,000292
ступино 1,347074 0,000100
ступообразный 3,912023 0,000292
субаридных 3,506558 0,000262
суббота 2,120264 0,000316
субъект 0,820981 0,000061
субъектами 2,995732 0,000223
субъектов 0,755023 0,000169
суд 1,469676 0,000439
суда 1,078810 0,000161
судебного 2,995732 0,000223
судов 1,237874 0,000092
судьба 1,966113 0,000587
судьи 2,995732 0,000223
суждению 3,912023 0,000292
сукачева 3,506558 0,000785
суконной 3,218876 0,000240
суперзвезда 3,912023 0,000292
суперлиге 2,207275 0,000329
супермаркетами 3,218876 0,000960
супермаркетов 3,912023 0,000292
сургут 2,407946 0,000180
сургута 2,995732 0,000223
суровая 2,995732 0,000223
сурового 3,218876 0,000240
сутки 1,771957 0,001057
суток 2,207275 0,000165
суточная 3,506558 0,000262
суточные 2,995732 0,000223
суточный 0,820981 0,000122
суточными 3,218876 0,000240
суффозионно-просадочных 3,912023 0,000292
сухая 1,966113 0,000293
суховская 3,912023 0,000292
суховская-южная 3,912023 0,000292
суходолов 3,506558 0,000262
сухое 2,813411 0,000210
существовало 1,427116 0,000106
существование 1,049822 0,000078
существует 0,446287 0,000100
существуют 0,162519 0,000012
сфера 1,347074 0,000201
сфере 0,967584 0,000289
сформированную 3,912023 0,000292
схеме 2,120264 0,000158
сходит 2,813411 0,000210
счастья 2,659260 0,000198
счет 0,673345 0,000251
считается 0,693147 0,000052
считать 0,994252 0,000074
считают 1,660731 0,000124
сша 0,562119 0,000042
съемки 2,407946 0,000180
сызрань 1,237874 0,000092
сын 2,407946 0,000359
сыном 2,995732 0,000223
сюдасвязанные -0,009950 -0,000001
табл 0,867501 0,000065
таблица 0,653926 0,000195
тагил 1,272966 0,000095
таджиков 3,218876 0,000240
таежной 2,995732 0,000223
таинственные 3,912023 0,000292
тайга 1,966113 0,000147
тайну 3,218876 0,000240
тайным 2,525729 0,000188
тайтура 3,912023 0,000292
тайшет 3,506558 0,000523
тайшетский 3,912023 0,000292
также 0,000000 0,000000
такого 1,237874 0,000092
такси 1,021651 0,000076
таксисты 3,912023 0,000292
таксомоторных 3,912023 0,000292
таксофон 3,912023 0,000292
талька 3,912023 0,000292
тальцы 3,912023 0,000584
таможен 3,912023 0,000292
таможнею 3,912023 0,000292
таможни 3,506558 0,000262
танк 2,407946 0,000180
танцам 3,218876 0,000240
тараканов 3,506558 0,000262
тарашкев 0,000000 0,000000
тариф 2,813411 0,000210
тарифы 2,995732 0,000447
тартария 3,506558 0,000523
тасс 1,171183 0,000087
татар 1,469676 0,000110
татарча 0,000000 0,000000
твердого 3,506558 0,000262
твердыми 3,506558 0,000262
твердых 2,525729 0,000377
твой 2,407946 0,000180
театр 0,713350 0,001011
театр-студия 2,407946 0,000180
театра 1,021651 0,000381
театральное 2,302585 0,000172
театральных 2,207275 0,000165
театре 1,966113 0,000587
театров 1,203973 0,000090
театром 2,120264 0,000158
театры 0,941609 0,000351
текст -0,009950 -0,000001
текста 1,966113 0,000293
тектонический 3,912023 0,000292
тектонического 3,506558 0,000262
тектонической 2,995732 0,000223
текущего 2,120264 0,000158
текущем 0,544727 0,000041
текущему 3,506558 0,000262
тела 1,897120 0,000142
теле 2,207275 0,000165
телебашня 2,040221 0,000304
телевидение 0,967584 0,000217
телевизионных 2,813411 0,000210
телеграмма 3,506558 0,000262
телеграфа 3,218876 0,000240
телеграфировал 3,912023 0,000292
телеграфная 2,995732 0,000223
телеинформ 3,506558 0,000262
телеканалов 1,386294 0,000103
телеком 2,302585 0,000172
телекомпаниями 3,506558 0,000262
телефонной 1,714798 0,000128
телефонный 0,776529 0,000058
телефонных 2,995732 0,000223
телефонов 2,525729 0,000188
тело 2,659260 0,000198
тематические 0,510826 0,000038
темах 2,040221 0,000152
темп 2,302585 0,000172
температур 1,609438 0,000480
температура 0,562119 0,000252
теории 1,514128 0,000113
тепла 1,832581 0,000273
теплая 2,525729 0,000188
тепличных 3,912023 0,000292
тепло 2,207275 0,000329
тепловые 3,218876 0,000240
тепловых 2,659260 0,000397
теплосети 3,912023 0,000292
теплоснабжение 3,218876 0,000480
теплоснабжения 2,813411 0,000420
теплоходы 2,120264 0,000158
теплоэнергетики 3,506558 0,000523
теплые 2,659260 0,000198
теплый 1,609438 0,000240
терапевтических 3,912023 0,000292
терапевтической 3,912023 0,000292
термина 0,400478 0,000030
террасах 3,506558 0,000262
территориальной 2,813411 0,000210
территориальных 0,776529 0,000232
территории 0,400478 0,000388
территорий 1,049822 0,000078
территориям 2,525729 0,000377
территориями 1,897120 0,000142
территориях 0,916291 0,000068
террор 2,813411 0,000210
терял 3,506558 0,000262
тесно 1,832581 0,000137
тестовом 2,813411 0,000210
техника 1,660731 0,000124
техники 0,867501 0,000065
технику 2,525729 0,000377
техникум 1,714798 0,001535
технический 1,021651 0,000152
технического 1,514128 0,000226
техническому 2,995732 0,000447
техногенных 3,506558 0,000262
технологии 0,798508 0,000060
технологический 1,966113 0,000147
течение 0,527633 0,000118
тиамз 3,506558 0,000262
тивиси 3,912023 0,000292
тигра 3,506558 0,000262
тигров 3,218876 0,000240
тинькофф 3,218876 0,000240
тип 0,356675 0,000080
типа 0,462035 0,000103
типография 1,203973 0,000090
типологии 3,912023 0,000292
типы 1,514128 0,000113
тито 3,506558 0,000262
титово 3,912023 0,000292
тихвинский 3,912023 0,000292
тихим 2,995732 0,000223
тихому 3,912023 0,000292
тихонова 3,506558 0,000262
тихоокеанских 3,912023 0,000292
ткани 2,525729 0,000188
ткацкую 3,912023 0,000292
тко 3,912023 0,002043
тмпо 3,506558 0,000262
тнт 1,714798 0,000128
тобольск 2,995732 0,000223
тобольска 2,659260 0,000198
тобою 3,912023 0,000292
товарный -0,009950 -0,000001
товаров 1,049822 0,000078
тогдашнего 2,995732 0,000223
толчки 3,506558 0,000523
томск 1,108663 0,000083
томска 2,995732 0,000223
томсона 3,912023 0,000292
тому 1,108663 0,000083
тонн 1,108663 0,000331
топ 1,347074 0,000100
топка 3,506558 0,000523
топлива 2,302585 0,000172
торговая 1,660731 0,000124
торговле 2,207275 0,000494
торговли 0,867501 0,000194
торговля 1,021651 0,000229
торгово-экономического 2,995732 0,000223
торговые 1,203973 0,000180
торговых 1,108663 0,000165
торгует 3,912023 0,000584
торжественно 1,660731 0,000248
торжественное 2,040221 0,000152
точках 2,813411 0,000210
трав 2,407946 0,000359
травинского 3,912023 0,000292
травмы 2,995732 0,000223
трагедии 2,995732 0,000223
традиции 1,386294 0,000103
тракт 2,040221 0,000913
тракта 2,407946 0,000539
тракту 2,995732 0,000447
тракты 3,506558 0,000262
трамваев 1,897120 0,000142
трамваи 1,897120 0,000142
трамвай 0,967584 0,000144
трамвайно-троллейбусным 3,912023 0,000292
трамвайных 1,660731 0,000124
трамваям 3,912023 0,000292
транзитный 2,813411 0,000210
транслирует 3,912023 0,000292
транспорт 0,693147 0,000310
транспорта 0,776529 0,000637
транспорте 1,514128 0,000113
транспортная 1,237874 0,000092
транспортные 1,609438 0,000120
транспортный 1,171183 0,000087
транспортных 0,891598 0,000067
транспортом 1,469676 0,000110
транссибирской 1,966113 0,000440
транссибу 3,506558 0,000262
трапезникова 3,912023 0,000292
трапезниковская 3,912023 0,000292
трапезниковы 3,912023 0,000292
трассы 1,609438 0,000120
требуемых 3,506558 0,000262
требуют 1,609438 0,000120
трем 2,525729 0,000188
тремя 1,609438 0,000240
трескался 3,912023 0,000292
трескин 3,912023 0,000584
трети 1,897120 0,000142
треть 2,207275 0,000165
третьего 1,771957 0,000132
трех 0,713350 0,000213
трехзвездочный 3,912023 0,000292
трижды 2,120264 0,000158
трисман 3,912023 0,000292
триумфальная 2,302585 0,000172
триумфальные 3,506558 0,000262
троицкая 2,120264 0,000316
тролза 2,659260 0,000198
троллейбус 0,994252 0,000222
троллейбусам 3,912023 0,000292
троллейбусных 1,347074 0,000100
троллейбусов 1,832581 0,000137
троллейбусы 1,714798 0,000128
тронулся 3,912023 0,000292
трубецких 3,912023 0,000292
трубецкого 3,506558 0,000523
трубецкому 3,912023 0,000292
труд 1,660731 0,000372
труда 1,139434 0,000170
трудится 3,506558 0,000523
трудовая 3,218876 0,000240
трудового 1,966113 0,000147
трудовой 1,237874 0,000646
трудоспособного 1,771957 0,000132
трудоспособном 2,995732 0,000223
труды 1,469676 0,000110
трудящихся 2,120264 0,000158
труппа 2,659260 0,000198
тсж 3,912023 0,000292
тск 0,000000 0,000000
тувинского 3,506558 0,000262
тувинцев 3,506558 0,000262
тулун 3,912023 0,000292
тулунский 3,912023 0,000292
туманы 2,302585 0,000172
туманян 3,912023 0,000292
турбаза 3,912023 0,000292
туризм 1,347074 0,000301
туризма 1,609438 0,000480
туристическая 2,207275 0,000165
туристические 2,120264 0,000158
туристического 2,302585 0,000172
туристы 2,040221 0,000152
турнир 2,302585 0,000172
туров 3,506558 0,000262
туроператора 3,912023 0,000292
турская 3,912023 0,000292
тыва 2,995732 0,000223
тыла 1,897120 0,000142
тыс 0,430783 0,000546
тысяч 0,415515 0,000775
тысячи 0,597837 0,000357
тысячу 1,897120 0,000142
тэц 1,272966 0,000665
тюмень 1,171183 0,000087
тюремного 3,912023 0,000584
тюрьмах 3,912023 0,000292
тюрьмы 3,506558 0,000262
тяжелого 2,302585 0,000172
тяжелых 2,302585 0,000172
тянутся 3,506558 0,000262
убежища 3,218876 0,000240
убийств 2,407946 0,000180
убийство 2,659260 0,000198
уборки 3,218876 0,000240
убыль 2,525729 0,000377
убылью 3,506558 0,000262
убытки 2,995732 0,000223
увеличение 1,347074 0,000201
увеличивается 1,832581 0,000137
увеличивалось 3,218876 0,000240
увеличилась 1,427116 0,000106
увеличилось 1,309333 0,000195
уволены 3,506558 0,000262
угасание 3,506558 0,000262
угла 2,302585 0,000172
углерода 1,897120 0,000142
угловыми 3,912023 0,000292
угля 2,525729 0,000565
угольная 3,506558 0,000262
угольные 3,506558 0,000262
угольных 3,218876 0,000240
удален 2,813411 0,000210
удалении 2,813411 0,000210
удаленном 3,506558 0,000262
удаленности 2,659260 0,000198
удаленные 3,218876 0,000240
удалены 2,407946 0,000180
удалось 1,237874 0,000092
удобный 2,659260 0,000198
удобным 3,218876 0,000240
удостоен 2,302585 0,000515
удостоенный 3,506558 0,000262
узбеков 3,218876 0,000240
узел 0,891598 0,000399
узконаправленных 3,912023 0,000292
узла 1,966113 0,000147
узлы 2,407946 0,000180
указ 0,941609 0,000070
указан 0,139262 0,000042
указанием -0,009950 -0,000001
указания 1,714798 0,000128
указанного 1,078810 0,000080
указанным 2,995732 0,000223
указано 0,733969 0,000055
указом 0,941609 0,000070
украину 1,897120 0,000142
украинцев 2,659260 0,000397
украины 0,616186 0,000046
укрепительной 3,912023 0,000292
укрепления 1,966113 0,000147
улан-батор 2,407946 0,000359
улан-баторе 3,912023 0,000292
улан-удэ 1,237874 0,000369
улиц 0,891598 0,000200
улица 0,994252 0,000371
улицам 1,832581 0,000137
улицах 1,660731 0,000619
улице 0,916291 0,000068
улицы 0,843970 0,000441
улучшите 1,897120 0,000142
ульянова 2,302585 0,000172
ульяновск 1,078810 0,000080
уменьшение 2,120264 0,000316
умеренная 3,912023 0,000292
умерших 1,832581 0,000273
умыть 3,912023 0,000292
универс 3,912023 0,000292
универсальная 0,891598 0,000133
университет 0,562119 0,000671
университета 0,446287 0,000466
университете 1,560648 0,000466
университетов 1,660731 0,000124
университетский 2,525729 0,000188
университету 2,525729 0,000377
университеты 1,966113 0,000147
уникальная 2,659260 0,000198
уникальный 1,560648 0,000116
уничтожены 2,302585 0,000172
уничтоживший 3,218876 0,000240
уничтожил 2,659260 0,000198
упавшего 3,912023 0,000292
упадок 2,659260 0,000397
упоминается 1,660731 0,000124
употребление 2,407946 0,000180
управление 0,527633 0,000118
управлением 1,427116 0,000106
управлению 2,659260 0,000397
управления 0,415515 0,000279
управляющие 2,659260 0,000198
упразднена 2,040221 0,000152
упраздняется 3,912023 0,000292
урала 1,609438 0,000120
уралом 1,609438 0,000120
урегулирования 3,912023 0,000292
урик 3,912023 0,000292
урицкого 2,525729 0,000377
уровень 0,579818 0,000216
уровне 0,916291 0,000137
уровнем 0,798508 0,000060
уровня 0,634878 0,000095
усадьба 2,040221 0,000152
усадьбы 2,302585 0,000172
условий -0,009950 -0,000001
условия -0,009950 -0,000002
условиях 1,049822 0,000078
условные 2,659260 0,000198
услуг 0,967584 0,000144
услуги 0,994252 0,000148
усолье-сибирское 3,506558 0,000523
усольская 3,912023 0,000292
усольский 3,506558 0,000262
усолья-сибирского 3,912023 0,000292
успешное 2,813411 0,000210
устав 0,941609 0,000140
уставом 1,966113 0,000147
уставу 2,302585 0,000515
устанавливается 1,832581 0,000273
устанавливался 3,912023 0,000292
устанавливают 3,506558 0,000262
установив 3,506558 0,000262
установилась 3,218876 0,000240
установленного 2,407946 0,000180
установленные 2,525729 0,000565
установлено 1,714798 0,000128
установок 2,813411 0,000210
устройстве 1,171183 0,000175
устройство 1,021651 0,000076
усть-балей 3,912023 0,000292
усть-илимск 3,912023 0,000292
усть-илимский 3,912023 0,000292
усть-куда 3,912023 0,000292
усть-кут 3,218876 0,000240
усть-кутский 3,912023 0,000292
усть-ордынский 3,912023 0,000584
усть-удинский 3,912023 0,000292
усть-уду 3,912023 0,000292
устье 0,994252 0,000074
утвердили 2,813411 0,000420
утвержден 1,171183 0,000262
утверждении 1,427116 0,000106
утверждениями 0,713350 0,000106
утвержденный 2,040221 0,000152
утвержденными 3,912023 0,000292
уфа 0,967584 0,000072
уходят 2,407946 0,000180
ухтомский 3,912023 0,000292
уцелевшая 3,506558 0,000262
участие -0,009950 -0,000001
участием 1,469676 0,000219
участии 2,120264 0,000316
участия 1,966113 0,000147
участка 1,609438 0,000120
участники 1,771957 0,000132
участок 1,203973 0,000090
учебно-боевые 3,912023 0,000292
учебного 2,813411 0,000210
учебном 2,659260 0,000198
учебные 1,108663 0,000083
учебных 1,049822 0,000235
учебу 3,506558 0,000262
ученые 1,427116 0,000106
учета 1,560648 0,000116
учетную -0,009950 -0,000001
учетом 0,755023 0,000113
училища 1,514128 0,000113
училище 1,021651 0,000229
учинился 3,912023 0,000292
учителя 2,813411 0,000210
учрежден 1,832581 0,000137
учреждена 1,897120 0,000283
учреждение 1,237874 0,000092
учреждением 2,407946 0,000180
учреждении 2,407946 0,000180
учреждений 0,891598 0,000333
учреждения 0,843970 0,000189
учрежденной 2,995732 0,000223
учреждены 2,813411 0,000210
ушаковка 3,506558 0,000262
ушаковке 3,912023 0,000292
ушаковки 3,912023 0,000584
ушаковского 3,912023 0,000292
ушло 2,995732 0,000223
фаберже 3,912023 0,000292
фабрик 2,407946 0,000180
фабрика 1,272966 0,000095
фабрике 3,506558 0,000262
фабрики 1,832581 0,000137
фабрикой 3,218876 0,000240
фабрику 3,218876 0,000240
файнберга 3,912023 0,000292
факта 2,302585 0,000172
фактически 0,916291 0,000068
факторам 3,506558 0,000262
факты 1,108663 0,000083
факультетами 3,912023 0,000292
факультетов 2,407946 0,001078
фамилиями 3,912023 0,000292
фантастический 3,912023 0,000292
фарфора 3,912023 0,000292
фарфоровые 3,912023 0,000292
февр 0,820981 0,000061
феврале 1,203973 0,000180
февральский 3,912023 0,000292
февраля 0,051293 0,000329
федеральная 0,713350 0,000319
федерального 0,673345 0,000100
федеральной 0,891598 0,000067
федеральные 1,272966 0,000095
федеральный 0,653926 0,000098
федеральными 1,966113 0,000147
федеральных 0,776529 0,000348
федерации 0,544727 0,001016
федора 1,771957 0,000132
фельдшериц 3,912023 0,000292
феномен 2,813411 0,000210
фестиваль 1,139434 0,000765
фигурами 2,995732 0,000223
фидель 3,912023 0,000292
физики 1,560648 0,000233
физико-географическая 0,843970 0,000126
физиологии 3,218876 0,000240
физической 1,514128 0,000113
фиксировались 3,912023 0,000292
филармонии 1,469676 0,000110
филармония 1,237874 0,000092
филателии 1,609438 0,000240
филиал 0,798508 0,000357
филиала 1,560648 0,000466
филиалов 1,347074 0,000100
филиалом 2,040221 0,000152
филиалы 1,347074 0,000201
фильм 1,386294 0,000103
фильмов 1,660731 0,000248
фильмы 2,207275 0,000165
фильтрами 3,912023 0,000292
финансирования 2,120264 0,000474
финансово-экономического 3,912023 0,000292
финансы 0,798508 0,000060
флаг 0,673345 0,000251
флора 1,171183 0,000087
флоры 2,207275 0,000165
фома 2,659260 0,000397
фон 2,120264 0,000158
фонд -0,009950 -0,000003
фондом 2,525729 0,000377
фонтан 1,609438 0,000120
формальдегида 2,813411 0,000420
формат 1,714798 0,000128
формате 1,427116 0,000106
форматы 2,407946 0,000180
формирования 1,108663 0,000083
формы 0,941609 0,000140
форум 1,609438 0,000120
форума 2,120264 0,000158
фотографическое 3,912023 0,000292
франца 3,506558 0,000262
франции 1,609438 0,000120
француза 3,912023 0,000292
фрауендорфом 3,912023 0,000292
фронт 1,714798 0,000128
фтора 3,506558 0,000262
фуд 3,506558 0,000262
функционирует 1,203973 0,000090
футбольная 2,813411 0,000210
футбольный 1,203973 0,000090
хаин 3,506558 0,000262
хайрюзовка 3,912023 0,000292
ханты-мансийск 1,347074 0,000100
характер 0,994252 0,000222
характера 1,771957 0,000132
характеризуется 0,941609 0,000140
характеристика 0,713350 0,000160
характерны 1,514128 0,000113
хвостом 3,218876 0,000240
хейнекен 3,912023 0,000584
хемниц 3,506558 0,000262
химии 1,832581 0,000137
хирургии 2,525729 0,000188
хирургических 3,912023 0,000292
хлеб 2,207275 0,000165
хлеб-соль 3,912023 0,000292
хлебозаводом 3,912023 0,000292
хлором 3,912023 0,000292
ходе 0,562119 0,000042
ходить 2,813411 0,000210
ходу 3,218876 0,000240
хозяйств 3,506558 0,000262
хозяйства 0,755023 0,000113
хозяйственную 3,912023 0,000292
хозяйство 0,713350 0,000266
хоккей 1,660731 0,000124
хоккейной 1,966113 0,000147
хоккею 1,347074 0,000703
холодный 1,771957 0,000264
хомонова 3,912023 0,000292
хомутово 3,912023 0,000292
хорошие 2,207275 0,000329
хороший 2,813411 0,000210
хороших 2,813411 0,000210
хото 3,912023 0,000584
храм 0,843970 0,000063
храма 1,272966 0,000190
храмы 1,049822 0,000078
хранится 2,407946 0,000180
хранятся 2,659260 0,000198
хренов 3,912023 0,000584
христос 3,912023 0,000292
художественного 1,714798 0,000128
художественный 1,171183 0,000437
художественных 2,120264 0,000316
художник 1,660731 0,000248
художника 1,771957 0,000132
художников 1,609438 0,000240
худякова 3,506558 0,000262
хутора 2,813411 0,000210
цаганского 3,912023 0,000292
царских 3,218876 0,000240
царской 2,120264 0,000316
царства 1,469676 0,000110
царю 2,040221 0,000152
цбс 2,659260 0,000198
цветников 3,912023 0,000292
цветочным 3,912023 0,000292
цезарь 3,506558 0,000262
целая 2,813411 0,000210
целом 0,755023 0,000056
целях 1,171183 0,000087
цен 2,525729 0,000188
центр 0,400478 0,000896
центра 0,562119 0,000461
центрадминистративного 3,912023 0,000292
централизованная 2,302585 0,000344
централизованного 2,813411 0,000210
централизованное 3,912023 0,000584
центральная 0,755023 0,000113
центрального 0,967584 0,000072
центральной 0,843970 0,000063
центральный 0,673345 0,000050
центре 0,673345 0,000402
центров 0,776529 0,000116
центром 0,713350 0,000639
центры 0,713350 0,000160
церквей 1,560648 0,000233
церкви 0,916291 0,000342
церковно-приходские 3,506558 0,000262
церковно-учительская 3,912023 0,000292
церковь 0,843970 0,000881
церковью 2,207275 0,000165
цесаревич 3,506558 0,000262
цесаревича 3,218876 0,000240
цинка 2,813411 0,000210
цирк 1,078810 0,000080
цифра 2,659260 0,000198
цифровое 1,514128 0,000113
цифровом 2,120264 0,000158
цифровые 0,673345 0,000050
цунами 3,218876 0,000960
чаепрессовочной 3,912023 0,000292
чаеразвесочная 3,912023 0,000292
чай 3,218876 0,000240
чайка 1,966113 0,000147
чартерные 2,995732 0,000223
часовен 2,407946 0,000180
часовни 2,813411 0,000210
часовой 0,755023 0,000282
части 0,198451 0,000148
частная 2,120264 0,000158
частно-государственного 3,506558 0,000262
частной 2,207275 0,000165
частности 0,462035 0,000034
частные 1,514128 0,000226
частный 1,832581 0,000137
частными 2,120264 0,000158
частных 1,108663 0,000083
часто 0,415515 0,000031
частоте 2,995732 0,000223
часть 0,105361 0,000024
частями 1,714798 0,000128
чаушеску 3,912023 0,000292
чаша 3,912023 0,000292
чебоксары 1,171183 0,000087
чел 0,713350 0,000372
человек 0,400478 0,000777
человека 0,579818 0,000173
человеческие 2,407946 0,000180
челябинск 0,994252 0,000074
чемпионат 1,237874 0,000462
чемпионата 1,309333 0,000195
чемпионом 2,525729 0,000188
ченстохова 3,912023 0,000292
ченстоховой 3,912023 0,000292
червленого 3,506558 0,000262
червлеными 2,813411 0,000210
черемушка 3,912023 0,000292
черемушки 2,302585 0,000344
черемхово 3,912023 0,000292
черемховский 3,912023 0,000292
черемховского 3,912023 0,000292
черемшанка 2,995732 0,000223
чернов 2,813411 0,000420
чернова 2,995732 0,000223
черной 2,120264 0,000158
черный 1,386294 0,000103
черным 1,966113 0,000147
черте 1,272966 0,000285
чертежам 2,995732 0,000223
чертеже 2,995732 0,000223
чертежная 3,506558 0,000262
честь 0,562119 0,000042
четвертичными 3,506558 0,000262
четверть 2,813411 0,000210
четыре 0,713350 0,000053
четырех 1,203973 0,000090
четырехзвездочный 3,506558 0,000262
четырехполосная 3,912023 0,000292
чехии 2,407946 0,000359
чехов 2,407946 0,000180
чехословацкого 2,813411 0,000420
чешуйчатым 3,912023 0,000292
чиканское 3,912023 0,000292
чилийского 3,912023 0,000292
чиновниками 3,912023 0,000292
чиновников 2,302585 0,000515
чиновничий 3,912023 0,000292
чины 3,912023 0,000292
числа 0,891598 0,000200
числе 0,248461 0,000259
численности 0,653926 0,000488
численность 0,653926 0,001512
численностью 1,049822 0,000078
числились 3,912023 0,000292
число 0,478036 0,000321
чистая 2,407946 0,000359
чистоту 3,218876 0,000240
чистоты 3,218876 0,000240
чистые 2,659260 0,000198
чита 1,237874 0,000277
читатьправитьправить 0,494296 0,000037
чите 3,912023 0,000292
членов 1,272966 0,000095
чубыкин 3,912023 0,000292
чунский 3,912023 0,000292
шаблонами 0,634878 0,000047
шагаем 3,912023 0,000292
шастиных 3,912023 0,000292
шатровой 3,506558 0,000262
швейной 3,506558 0,000262
швеции 2,207275 0,000165
шелехов 3,506558 0,000785
шелехова 3,912023 0,001167
шелехове 3,912023 0,000584
шелеховский 3,912023 0,000292
шелеховскому 3,912023 0,000292
шелихова 3,912023 0,000875
шелохонов 3,912023 0,000292
шестого 2,813411 0,000210
шестой 2,302585 0,000172
шесть 1,272966 0,000095
шири 3,912023 0,000292
ширина 1,469676 0,000110
широкомасштабное 3,912023 0,000292
ширяева 3,912023 0,000292
шиханова 3,912023 0,000292
шишкина 2,995732 0,000223
школ 0,994252 0,000074
школа 0,891598 0,000333
школы 0,673345 0,000301
школьников 1,966113 0,000147
школьного 3,912023 0,000292
шлюзов 3,218876 0,000240
шмидт 2,659260 0,000198
шретера 3,912023 0,000292
штате 2,995732 0,000223
шубиных 3,912023 0,000292
шункова 3,912023 0,000292
шэньян 3,218876 0,000240
щит 1,609438 0,000120
щита 1,771957 0,000132
щукин 3,506558 0,000262
ырху 3,912023 0,000292
эвакуированы 2,040221 0,000152
экземпляров 1,560648 0,000233
экзогенного 3,506558 0,000262
экологии 1,203973 0,000180
экологическая 1,560648 0,000116
экологическим 2,525729 0,000188
экологической 1,560648 0,000349
экология 0,693147 0,000207
экономика 0,510826 0,000267
экономики 0,713350 0,000213
экономико-правовой 3,218876 0,000240
экономический 1,139434 0,000085
экономического 1,386294 0,000103
экс-председателя 3,912023 0,000292
экскурсионных 3,506558 0,000262
экспедиции 1,771957 0,000132
экспериментарий 3,912023 0,000292
экспертного 3,912023 0,000292
эксплуатации 1,771957 0,000264
эксплуатацию 0,994252 0,000074
экспозиции 1,714798 0,000128
экспонатами 2,813411 0,000210
экспонатов 2,302585 0,000172
экспорт -0,009950 -0,000001
экспортные 3,912023 0,000292
экспресс 2,207275 0,000165
электрические 2,659260 0,000198
электрическую 2,995732 0,000223
электричества 2,525729 0,000188
электро 3,912023 0,000584
электрокотельных 3,912023 0,000292
электромагнитный 3,912023 0,000292
электронное 2,407946 0,000359
электронный 1,469676 0,000110
электропоезда 2,207275 0,000165
электропоездов 2,407946 0,000180
электроснабжения 3,506558 0,000262
электростанции 2,302585 0,000172
электроэнергией 3,506558 0,000262
электроэнергии 1,660731 0,000248
элементами 1,832581 0,000137
элементы 0,891598 0,000067
энеолита 3,912023 0,000292
энергетик 2,995732 0,000223
энергетики 2,120264 0,000474
энергетиков 3,218876 0,000480
энергетическая 2,995732 0,000223
энергетический 2,525729 0,000188
энергию 2,659260 0,000198
энергия 2,040221 0,000152
энергосбытовая 3,506558 0,000262
энциклопедии -0,009950 -0,000002
энциклопедический 0,733969 0,000055
энциклопедия 0,210721 0,000173
эпидемическом 3,912023 0,000292
эпицентр 2,813411 0,000210
эпицентре 3,506558 0,000262
эпицентры 3,912023 0,000292
эпох 2,525729 0,000188
эрзянь 0,000000 0,000000
эрозионно-денудационную 3,912023 0,000292
эрозионных 3,912023 0,000292
эрх 0,000000 0,000000
эта 0,000000 0,000000
этапы 1,714798 0,000128
этимология 0,616186 0,000092
этих 0,400478 0,000030
этнология 3,506558 0,000262
этнонима 3,218876 0,000240
это 0,000000 0,000000
этому 0,755023 0,000169
эфирного 2,813411 0,000210
эфирном 3,912023 0,000292
эффект 2,302585 0,000172
эхирит-булагатский 3,912023 0,000292
ю-в 0,000000 0,000000
ю-з 0,000000 0,000000
юбилейного 3,506558 0,000262
юбилейный 0,820981 0,000184
ювелирных 2,995732 0,000223
юга 1,171183 0,000175
юган 3,912023 0,000292
юге 1,078810 0,000080
юго-запад 2,659260 0,000198
юджин 3,506558 0,000262
южная 0,941609 0,000070
южные 1,560648 0,000116
южный 0,755023 0,000056
юнеско 1,660731 0,000124
юнкерами 3,506558 0,000262
юного 1,560648 0,000233
юность 1,771957 0,000397
юркевич 3,506558 0,000262
юрскими 3,506558 0,000262
юрьевич 2,659260 0,000198
юстиции 2,207275 0,000165
явке 3,218876 0,000240
является 0,094311 0,000077
являлся 1,347074 0,000502
являются 0,248461 0,000074
являющийся 1,966113 0,000147
ядомые 3,912023 0,000292
язык 0,116534 0,000009
языках -0,009950 -0,000001
якоби 3,506558 0,000523
яков 2,040221 0,000152
якова 2,995732 0,000223
якубовский 3,912023 0,000292
якутии 2,995732 0,000223
якутск 1,203973 0,000090
якутский 3,506558 0,000785
якутским 3,506558 0,000262
ямская 2,659260 0,000198
яна 2,302585 0,000172
янв 0,820981 0,000061
январь 0,941609 0,000070
января 0,116534 0,000417
яндаша 3,912023 0,000292
яндашский 3,912023 0,000292
яндашским 3,912023 0,000292
яндекс 1,714798 0,000128
японии 2,302585 0,000172
япония 1,897120 0,000142
японский 2,525729 0,000188
ярким 2,302585 0,000172
ярмарка 2,207275 0,000165
ярмарки 2,302585 0,000172
ярославль 1,078810 0,000080
ярусной 3,912023 0,000584
ярусов 3,506558 0,000262
ясака 3,506558 0,000262
ясная 2,525729 0,000188
ясуси 3,912023 0,000292
