абдулла 3,912023 0,000499
абонентам 3,912023 0,000250
абрамов 2,995732 0,000191
абрамова 2,995732 0,000191
абрикос 3,506558 0,000224
абсолютное 2,813411 0,000179
абсолютные 2,525729 0,000161
абсолютный 0,798508 0,000204
авангард 1,832581 0,000117
аварийного 2,813411 0,000179
аварийном 2,813411 0,000179
аварийный 3,912023 0,000250
аварийных 3,218876 0,000411
авг 0,820981 0,000105
август 1,237874 0,000158
августа 0,072571 0,000421
августе 0,994252 0,000127
авдеев 3,506558 0,000224
авен-езер 3,912023 0,000250
авиалинии 2,525729 0,000322
авилов 3,506558 0,000224
аврора 2,302585 0,000147
австралия 2,040221 0,000260
авт 1,469676 0,000094
автобиографическом 3,912023 0,000250
автобус 1,021651 0,000261
автобусами 1,469676 0,000187
автобусный 2,120264 0,000135
автобусных 1,609438 0,000205
автодорогам 1,078810 0,000069
автодорогами 3,912023 0,000250
автоматики 2,525729 0,000161
автомобилей 1,272966 0,000244
автомобилестроение 3,506558 0,000224
автомобили 1,966113 0,000251
автомобилизацию 3,912023 0,000250
автомобилизированный 3,912023 0,000250
автомобиль 2,207275 0,000141
автомобильно-дорожная 3,506558 0,000224
автомобильной 1,832581 0,000234
автомобильный 1,049822 0,000201
автомотостарины 3,912023 0,000250
автономная 1,469676 0,000094
автономный 2,302585 0,000147
автономных 2,813411 0,000718
автопарка 3,218876 0,000205
автора 2,207275 0,000141
авторов 1,386294 0,000177
автором 1,966113 0,000125
авторства -0,009950 -0,000001
авторынка 3,506558 0,000224
авторынок 3,912023 0,000250
автотранспортная 3,912023 0,000250
автотранспортных 2,813411 0,000179
авченко 3,912023 0,000749
агентство 1,049822 0,000201
агломерации 0,916291 0,000351
агломераций 2,040221 0,000520
агломераций-миллионеров 3,912023 0,000250
агломерацию 2,302585 0,000294
агломерация 0,867501 0,000443
аграрного 2,120264 0,000135
аграрный 1,386294 0,000088
адвентистов 1,714798 0,000109
адвентистская 3,912023 0,000250
административно 1,966113 0,000125
административно-территориального 1,660731 0,000106
административно-территориальное 0,820981 0,000157
административно-территориальном 1,309333 0,000084
административного 1,897120 0,000121
административное 0,843970 0,000269
административному 1,897120 0,000121
административный 0,843970 0,000215
администрацией 1,771957 0,000113
администрации 0,843970 0,001023
администрация 0,941609 0,000420
адмирал 2,407946 0,000154
адмирала 2,207275 0,000422
адреса 1,897120 0,000121
адъютанту 3,912023 0,000250
азербайджанцы 1,139434 0,000073
азиатский 2,659260 0,000170
азиатских 3,218876 0,000205
азиатско-тихоокеанского 3,506558 0,001118
азиатско-тихоокеанском 3,912023 0,000499
азиатской 2,407946 0,000154
азии 0,916291 0,000234
азота 1,832581 0,000117
аиф 2,407946 0,000154
айгунский 3,506558 0,000224
академгородка 2,995732 0,000191
академгородок 2,813411 0,000179
академии 0,693147 0,000531
академический 1,171183 0,000149
академия 0,798508 0,000204
аквамарин 3,218876 0,000205
акваторией 3,912023 0,000250
акватории 1,660731 0,000212
акваторий 3,218876 0,000411
акваторию 2,995732 0,000191
акефальная 3,912023 0,000250
акита 3,912023 0,000250
акт 2,407946 0,000154
актер 2,659260 0,000509
активно 0,755023 0,000193
активное 1,469676 0,000187
активную 2,120264 0,000135
активных 2,207275 0,000282
активов 2,525729 0,000161
актриса 2,813411 0,000179
актуализация 2,813411 0,000179
актуальные 2,302585 0,000294
акустическая 3,506558 0,000224
акционерных 3,912023 0,000250
александр 0,693147 0,000221
александром 2,120264 0,000135
алексеи 3,912023 0,000250
алексея 1,514128 0,000097
алеутской 3,912023 0,000499
алкоголизм 3,912023 0,000250
алкогольных 3,506558 0,000224
аллеи 2,302585 0,000147
алленов 3,912023 0,000250
аллеях 3,912023 0,000250
аллы 3,506558 0,000224
алмазного 2,813411 0,000179
алмазной 3,912023 0,000499
алроса 3,506558 0,000224
алфавитувикипедия 0,776529 0,000050
алфавитунаселенные 0,867501 0,000055
альбом 2,120264 0,000135
альтер 3,912023 0,000250
альянстелеком 3,912023 0,000250
америка 2,040221 0,000130
американская 2,407946 0,000154
американские 2,659260 0,000170
американский 1,897120 0,000121
американских 2,302585 0,000147
ампир 2,659260 0,000170
амурская 2,659260 0,000170
амурский 2,407946 0,000921
амурского 2,995732 0,002293
амурской 2,995732 0,000382
амфитеатр 3,506558 0,000224
анализ 1,237874 0,000711
анализируем 3,912023 0,000250
аналогии 2,407946 0,000154
аналоговая 3,912023 0,000250
аналоговых 2,995732 0,000191
анапа 1,966113 0,000125
анастасий 3,912023 0,000499
ангелина 3,506558 0,000224
англ 0,174353 0,000067
англоязычную 3,912023 0,000250
анимационном 3,912023 0,000250
анимационных 3,912023 0,000250
анна 1,714798 0,000547
аннексия 0,994252 0,000063
анны 2,813411 0,000179
ано 2,813411 0,000179
аном 3,912023 0,000250
аномалии 3,912023 0,000250
аномалия 3,506558 0,000224
ансамблей 2,407946 0,000154
ансамбль 1,203973 0,000077
анси 3,912023 0,000250
антиколчаковских 3,912023 0,000250
антирелигиозные 3,912023 0,000250
антисанитария 3,912023 0,000250
антон 1,832581 0,000117
антошина 3,912023 0,000250
антропологическая 3,506558 0,000224
анучинский 3,912023 0,000250
апостольская 2,120264 0,000135
аппаратуры 2,407946 0,000307
апр 0,798508 0,000102
апрель 1,469676 0,000094
апреля 0,174353 0,000445
ар-деко 3,506558 0,000224
аралия 3,506558 0,000224
аргументы 1,203973 0,000077
арена 1,427116 0,000091
арест 3,506558 0,000224
ариземы 3,912023 0,000250
арка 2,207275 0,000282
арктики 2,407946 0,000154
аркто-монтанные 3,912023 0,000250
армии 1,049822 0,000268
армяне 1,021651 0,000065
армянская 1,771957 0,000113
арсеньев 3,506558 0,000224
арсеньева 3,912023 0,000749
арт-объект 2,659260 0,000339
артем 2,302585 0,000587
артемовка 3,912023 0,000250
артемовское 3,912023 0,000250
артиллерийских 2,813411 0,000179
артистов 2,995732 0,000382
артэтаж 3,912023 0,000250
арх 0,544727 0,000035
архангельск 1,771957 0,000113
архангельский 2,525729 0,000161
архангельской 2,659260 0,000170
археологии 1,309333 0,000334
архивировано 0,020203 0,000345
архивная 0,400478 0,000102
архивной 0,713350 0,000091
архипелаг 2,659260 0,000170
архитекторы 1,469676 0,000094
архитектура 0,755023 0,000433
архитектурная 2,659260 0,000170
архитектурно-исторический 3,912023 0,000250
архитектурной 2,525729 0,000161
архитектурные 1,832581 0,000117
архитектурный 1,660731 0,000106
архитектурным 2,813411 0,000179
архитектурных 1,832581 0,000468
архитектуры 0,755023 0,000144
аспект 2,407946 0,000307
аспекты 2,120264 0,000135
аспирантов 2,659260 0,000170
ассоциации 1,771957 0,000113
атаковали 3,912023 0,000250
атлас 1,272966 0,000081
атмосферы 1,469676 0,000094
атр 3,506558 0,000671
атс 3,506558 0,000224
атэс 3,506558 0,002460
аудиовизуальное 3,912023 0,000250
ачр 3,912023 0,000250
аэровокзальный 3,912023 0,000250
аэропорт 0,843970 0,000269
аэропорта 1,049822 0,000067
аэропорты 1,714798 0,000219
аэрофлот 2,995732 0,000191
аэроэкспресс 3,218876 0,000205
аэтерна 3,912023 0,000499
аякс 3,912023 0,000499
аян 3,912023 0,000250
бадминтонный 3,912023 0,000250
база 0,916291 0,000409
базе 0,776529 0,000099
базировались 3,912023 0,000250
базируется 2,407946 0,000154
базой 2,040221 0,000260
базы 1,108663 0,000141
балета 1,560648 0,000597
балетных 3,912023 0,000250
бам 3,912023 0,000250
бангкок 3,506558 0,000224
бандитская 3,912023 0,000250
банк 1,078810 0,000138
банка 0,941609 0,000180
банках 2,995732 0,000191
банки 1,560648 0,000100
банкнота 3,506558 0,000224
банкноты 3,506558 0,000224
банков 1,272966 0,000081
банковского 3,506558 0,000224
баптистских 3,912023 0,000250
барокко 1,560648 0,000100
барсук 3,506558 0,000224
бархат 3,218876 0,000205
баршев 3,912023 0,000250
бары 3,218876 0,000205
басаргина 3,912023 0,000499
басаргинский 3,912023 0,000250
баскетбольный 1,832581 0,000351
бассейна 1,386294 0,000265
бассейны 1,660731 0,000106
бастион 3,218876 0,000205
батальоном 3,912023 0,000250
батареи 3,506558 0,000224
батарей 3,912023 0,000250
бахаи 3,218876 0,000205
баш 3,506558 0,000224
башни 1,771957 0,000113
безалкогольных 3,912023 0,000250
безвозвратно 3,912023 0,000250
безработицы 2,040221 0,000260
безрельсовый 2,407946 0,000154
безымянная 2,995732 0,000191
безымянное 3,912023 0,000250
бейт 3,506558 0,000224
беларуская 0,000000 0,000000
беларусь 1,237874 0,000079
белая 1,832581 0,000117
белгород 2,302585 0,000147
белка 2,813411 0,000179
белобрюхая 3,912023 0,000250
белов 2,995732 0,000191
белогвардейский 3,912023 0,000250
белого 1,609438 0,000205
белоголо 0,000000 0,000000
белоиван 3,912023 0,000250
белой 1,660731 0,000106
белопоясный 3,912023 0,000250
белорусов 2,813411 0,000179
белорусы 1,203973 0,000077
белочехи 3,506558 0,000224
белый 1,514128 0,000097
белыми 3,218876 0,000205
беней-айш 3,912023 0,000250
бенз 3,218876 0,000205
бентосных 3,912023 0,000250
берег 1,021651 0,000065
берега 0,916291 0,000058
берегах 1,386294 0,000088
береговое 3,912023 0,000749
береговой 2,040221 0,000260
береговых 3,506558 0,000224
берегу 0,616186 0,000118
береза 2,207275 0,000282
беспощадной 3,912023 0,000250
библейского 3,912023 0,000250
библиогр 2,995732 0,000191
библиографических 0,094311 0,000006
библиотек 0,967584 0,000123
библиотека 0,462035 0,000029
библиотеки 0,843970 0,000054
библиотечная 2,302585 0,000147
биеннале 2,659260 0,000339
бизнес 1,514128 0,000386
бизнес-администрирования 3,912023 0,000250
бизнес-центр 2,813411 0,000179
бизнеса 0,967584 0,000123
билайн 1,272966 0,000162
биологи 3,912023 0,000250
биологии 2,207275 0,000141
биолого-почвенный 3,912023 0,000749
биоорганической 3,912023 0,000250
бирж 3,912023 0,000250
биржа 2,407946 0,000307
биржи 2,302585 0,000294
биробиджан 3,506558 0,000224
благая 2,995732 0,000191
благовест 3,506558 0,000224
благовещ 3,506558 0,000224
благовещенск 2,995732 0,000573
благовещенска 3,506558 0,000224
благоприятных 3,506558 0,000224
благотворительных 3,912023 0,000250
благоустроен 3,218876 0,000205
благоустроенный 2,407946 0,000154
благоустройстве 2,995732 0,000382
благоустройство 2,040221 0,000390
блеза 3,912023 0,000250
ближайшим 3,506558 0,000224
близких 2,525729 0,000161
близость 2,659260 0,000170
блокады 2,995732 0,000191
богатая 2,659260 0,000170
богатинское 3,912023 0,000250
богатой 3,218876 0,000205
богаты 2,659260 0,000170
богородицы 1,272966 0,000162
боевых 1,966113 0,000125
боксерское 3,912023 0,000250
болезней 2,525729 0,000161
болезни 2,407946 0,000307
больниц 1,966113 0,000125
больница 1,469676 0,000844
больничным 3,912023 0,000250
больничных 2,407946 0,000154
большая 0,072571 0,000051
большевикам 2,995732 0,000191
большевики 2,207275 0,000141
большие 0,891598 0,000114
большим 1,560648 0,000199
большими 2,207275 0,000141
большинство 0,597837 0,000229
большое 0,544727 0,000139
большой 0,328504 0,000105
большом 1,714798 0,000109
большому 2,407946 0,000154
большую 0,891598 0,000114
бомбардировка 3,506558 0,000224
бондаренко 2,813411 0,000179
бонистике 3,912023 0,000499
борис 1,660731 0,000106
борисом 3,506558 0,000224
бородино 3,506558 0,000224
борцам 2,407946 0,000307
борьбу 2,302585 0,000147
борьбы 1,386294 0,000088
борются 3,506558 0,000224
борющаяся 3,912023 0,000250
босфор 3,218876 0,000821
ботанический 1,609438 0,000411
ботанического 2,813411 0,000179
ботаническом 3,506558 0,000224
брата 2,659260 0,000170
братское 3,506558 0,000447
брежневым 3,912023 0,000250
бренда 3,218876 0,000205
брест 2,525729 0,000161
брестского 3,912023 0,000250
бриннер 3,912023 0,000250
брит 3,506558 0,000447
британская 2,659260 0,000170
британского 2,525729 0,000161
брокгауза 0,328504 0,000063
брутто 3,912023 0,000250
брэ 2,040221 0,000130
брянск 2,207275 0,000282
брянский 3,506558 0,000224
буддийская 2,995732 0,000191
будни 2,659260 0,000170
будущее 1,386294 0,000265
буква 2,659260 0,000170
булгаков 3,506558 0,000224
бульваров 3,218876 0,000205
бум 2,040221 0,000260
бума 3,506558 0,000224
бунт 2,659260 0,000170
бурачка 3,912023 0,000250
бурный 2,995732 0,000191
бурозубки 3,218876 0,000205
бурундук 3,218876 0,000411
бурый 2,659260 0,000170
буряад 0,000000 0,000000
буссе 3,506558 0,000224
бухта 2,407946 0,000768
бухте 3,506558 0,000671
бухту 3,506558 0,002013
бухты 2,813411 0,001077
български 0,000000 0,000000
бывшее 1,897120 0,000121
быка 3,912023 0,000250
бытовая 3,912023 0,000250
бытовой 2,407946 0,000154
бьет 3,218876 0,000205
бюджетное 2,302585 0,000147
в-в 0,000000 0,000000
вагановской 3,912023 0,000250
вагнер 2,995732 0,000191
важности 3,218876 0,000205
важный 1,514128 0,000097
важным 1,386294 0,000088
важных 1,714798 0,000219
валерий 1,714798 0,000109
валерия 2,302585 0,000147
валовой 2,120264 0,000135
вантовый 2,995732 0,000573
варгина 3,912023 0,000250
варианте 2,407946 0,000154
варченко 3,912023 0,000499
варяг 2,659260 0,000339
василий 1,386294 0,000265
ваша 3,912023 0,000250
вашла 0,000000 0,000000
вблизи 1,139434 0,000073
введен 1,427116 0,000182
введена 1,897120 0,000121
введены 1,897120 0,000242
ввоза 3,506558 0,000224
вглубь 2,407946 0,000154
вгп 2,995732 0,000573
вгтрк 2,525729 0,000161
вдвое 2,120264 0,000135
вдоль 0,755023 0,000096
вдохновляет 3,912023 0,000250
ведении 2,407946 0,000154
ведет 1,203973 0,000077
ведется 0,994252 0,000063
ведомости 1,049822 0,000134
ведомств 2,995732 0,000191
ведомства 2,813411 0,000179
ведут 1,832581 0,000468
ведущий 2,120264 0,000135
век 0,733969 0,000094
века 0,248461 0,000190
веке 0,597837 0,000038
векевоенные 3,912023 0,000250
веков 0,713350 0,000091
великая 1,514128 0,000097
великие 2,207275 0,000141
великий 1,469676 0,000094
велико 2,407946 0,000154
великого 1,203973 0,000614
великой 0,653926 0,000209
великолепный 2,995732 0,000191
величине 1,771957 0,000113
велось 1,966113 0,000125
венера 2,995732 0,000191
венсан 3,912023 0,000250
вернемся 3,506558 0,000224
вероисповеданий 2,813411 0,000179
вероисповедания 2,995732 0,000191
версии 0,446287 0,000057
версия -0,009950 -0,000003
версияправитьправить 1,237874 0,000079
верующие 3,218876 0,000205
верфь 2,995732 0,000191
верхняя 1,108663 0,000071
вершинами 3,218876 0,000205
вершинах 3,506558 0,000224
вершиной 3,912023 0,000250
вес 1,966113 0,000125
веселее 3,912023 0,000250
весенний 2,207275 0,000141
весенняя 3,506558 0,000224
весна 1,469676 0,000094
весной 1,049822 0,000134
весом 2,525729 0,000161
вести 0,843970 0,000161
вести-приморье 3,912023 0,000250
вестник 1,049822 0,000536
весть 2,813411 0,000179
весь 0,755023 0,000096
ветки 2,407946 0,000154
ветра 1,049822 0,000134
ветрами 2,407946 0,000307
ветреной 3,912023 0,000250
ветробойных 3,912023 0,000250
ветров 0,843970 0,000054
ветры 1,897120 0,000242
ветхих 3,912023 0,000499
ветхого 2,813411 0,000179
ветшает 3,912023 0,000250
вече 2,995732 0,000191
вечерний 1,966113 0,000125
вечерних 2,995732 0,000191
вещание 1,203973 0,000307
взгляд 1,514128 0,000097
взяв 2,995732 0,000191
взятые 2,407946 0,000154
виадука 3,912023 0,000250
виадуков 3,912023 0,000250
вид 0,494296 0,000126
вида 1,386294 0,000088
виде 0,235722 0,000015
видеоиграх 3,506558 0,000224
видные 3,218876 0,000205
видов 0,616186 0,000157
видом 1,514128 0,000097
виды 0,798508 0,000153
визит 2,813411 0,000179
визитом 3,506558 0,000224
визуальных 2,995732 0,000191
вик 3,912023 0,000250
вики-разметкой 1,309333 0,000084
викигидвикипедия 1,427116 0,000091
викигиде 0,776529 0,000149
викиданные 0,776529 0,000099
викиданных -0,009950 -0,000001
викиданныхнп 2,995732 0,000191
викимапиипро 1,427116 0,000091
викимедиа -0,009950 -0,000001
википедии -0,009950 -0,000001
википедия -0,009950 -0,000005
викискладвикиновостивикицитатниквикигидэлемент 1,272966 0,000081
викискладе 0,174353 0,000011
викискладепутеводитель 0,713350 0,000045
викискладстатьи 0,891598 0,000057
викисловарецитаты 1,108663 0,000071
викисловарьстатьи 1,347074 0,000086
викитекемедиафайлы 1,272966 0,000081
викитеку 1,347074 0,000086
викицитатниквикипедия 2,407946 0,000154
викицитатникетексты 1,427116 0,000091
виктория 2,659260 0,000339
виноградов 2,407946 0,000307
виталия 3,506558 0,000224
витальевич 3,506558 0,000224
вич-инфекции 3,506558 0,000224
вишню 3,912023 0,000250
вклад 1,108663 0,000071
включает 0,462035 0,000147
включающая 1,966113 0,000125
включающего 3,506558 0,000447
включающий 1,771957 0,000226
включая 0,527633 0,000034
включен 1,560648 0,000100
включена 1,514128 0,000097
включением 2,659260 0,000170
включила 2,813411 0,000179
вконтакте 1,966113 0,000125
владению 3,506558 0,000224
владеть 3,912023 0,000250
владивосто 0,000000 0,000000
владивосток 1,897120 0,024683
владивосток-ский 3,912023 0,000250
владивостока 2,525729 0,032057
владивостокаадминистративные 3,912023 0,000250
владивостокадействующийрельсовый 3,912023 0,000250
владивостоке 3,218876 0,021762
владивостоком 3,218876 0,000616
владивостокская 3,912023 0,004990
владивостокские 3,912023 0,000998
владивостокский 3,912023 0,006986
владивостокскийскрытые 3,912023 0,000250
владивостокского 3,912023 0,004491
владивостокское 3,912023 0,000998
владивостокской 3,506558 0,001342
владивостокском 3,912023 0,000250
владивостокскую 3,912023 0,000250
владивостокстатистика 0,000000 0,000000
владивостоку 3,912023 0,001248
владивостокцев 3,912023 0,000250
владивостокцы 3,912023 0,000499
владивостокчане 3,912023 0,000250
владикавказ 2,120264 0,000270
владикавказом 3,506558 0,000224
владимир 0,733969 0,000281
владимирович 1,771957 0,000113
владлаг 3,912023 0,000499
владперпункт 3,912023 0,000250
владхлеб 3,912023 0,000250
влажности 2,659260 0,000170
влажность 1,171183 0,000149
власов 3,506558 0,000224
властей 1,714798 0,000109
властелины 3,912023 0,000250
власти 0,634878 0,000243
власть 0,733969 0,000421
властью 2,207275 0,000282
властям 2,659260 0,000170
влияет 1,832581 0,000117
влияние 0,776529 0,000099
влиятельные 3,912023 0,000250
вложено 3,912023 0,000250
вложит 3,912023 0,000250
вместе 0,510826 0,000195
вместо 0,798508 0,000051
вмо 2,995732 0,000573
вмф 2,207275 0,000141
внедорожников 3,912023 0,000250
внешней 2,207275 0,000563
внешнему 3,218876 0,000205
внешнеэкономическая 3,912023 0,000250
внешние 0,051293 0,000016
вниз 1,171183 0,000075
внимание 1,347074 0,000172
внимания 1,897120 0,000121
вновь 0,755023 0,000048
внутреннего 2,120264 0,000135
внутреннее 0,733969 0,000047
внутригородским 0,967584 0,000062
внутриигровых 3,912023 0,000250
вод 1,078810 0,000344
вода 1,203973 0,000077
водами 1,897120 0,000121
водного 1,171183 0,000075
водный 1,237874 0,000079
водовода 3,912023 0,000250
водоема 2,120264 0,000135
водой 2,120264 0,000135
водоканал 2,525729 0,000161
водонапорных 3,912023 0,000250
водопроводная 3,506558 0,000224
водоснабжение 2,207275 0,000563
водоснабжения 1,832581 0,000584
водохранилищ 2,525729 0,000322
водохранилища 1,272966 0,000325
водохранилище 1,609438 0,000308
воды 0,653926 0,000292
водятся 2,302585 0,000294
военачальники 3,912023 0,000250
военная 1,108663 0,000141
военно-воздушных 3,506558 0,000224
военно-исторический 1,832581 0,000701
военно-морская 3,506558 0,000895
военно-морского 2,407946 0,000768
военно-морское 3,218876 0,000411
военно-морской 2,995732 0,000573
военно-оборонительного 3,912023 0,000250
военно-оборонительное 3,912023 0,000250
военно-стратегическое 3,506558 0,000224
военно-технического 3,912023 0,000250
военного 1,309333 0,000585
военное 1,609438 0,000308
военной 1,347074 0,000258
военные 1,237874 0,000237
военный 1,272966 0,000162
военных 1,272966 0,000081
возбуждено 3,218876 0,000205
возведение 2,040221 0,000260
возведенные 3,912023 0,000250
возведены 2,120264 0,000135
возводится 3,218876 0,000205
возводятся 2,813411 0,000179
воздух 1,660731 0,000106
воздуха 0,733969 0,000328
воздушные 1,771957 0,000113
воздушных 1,347074 0,000172
воззрения 3,218876 0,000205
возможностей 2,040221 0,000651
возможности 0,891598 0,000057
возник 1,469676 0,000094
возникло 2,040221 0,000130
возобновила 3,912023 0,000250
возобновление 3,506558 0,000224
возобновляется 3,218876 0,000205
возраста 1,560648 0,000199
возрастной 2,813411 0,000359
возродилась 3,218876 0,000205
возродились 3,912023 0,000250
возрождена 3,506558 0,000224
воинское 3,912023 0,000250
воинской 1,660731 0,000741
войдя 3,506558 0,000224
война 1,171183 0,000299
войновская 3,912023 0,000250
войной 2,207275 0,000141
войны 0,478036 0,000640
войск 1,347074 0,000344
войска 1,237874 0,000395
войсковому 3,912023 0,000250
вокзал 0,820981 0,000314
вокзала 0,967584 0,000185
вокзалы 1,771957 0,000226
вокруг 0,693147 0,000088
волейболу 2,207275 0,000141
волейбольная 2,659260 0,000339
волина 3,506558 0,000224
вологдинские 3,912023 0,000499
волоколамск 2,813411 0,000179
волшебные 0,040822 0,000003
вольная 2,659260 0,000170
вонсан 3,912023 0,000250
вооружений 2,659260 0,000170
вооруженные 2,525729 0,000161
воплощены 3,912023 0,000250
вопрос 0,967584 0,000062
вопроса 2,302585 0,000147
вопросам 1,966113 0,000376
вопросы 1,049822 0,000201
воробьи 2,995732 0,000191
воронеж 1,203973 0,000077
воронцова 3,912023 0,000250
ворота 1,347074 0,000172
ворошилов 2,995732 0,000191
воскресни 3,912023 0,000250
воскресных 3,506558 0,000224
воспитанниками 3,506558 0,000224
воспоминаний 3,912023 0,000250
воссоздан 2,659260 0,000170
восстанавливаться 3,218876 0,000205
восстание 1,660731 0,000106
восстания 1,660731 0,000106
восстановительной 3,506558 0,000224
восстановительный 3,912023 0,000250
восстановлена 2,120264 0,000135
восток 1,021651 0,000652
восток-медиа 3,912023 0,000250
востока 1,078810 0,001858
востоке 1,108663 0,001343
востокмедиа 3,912023 0,000250
востоку 1,514128 0,000193
восточная 1,309333 0,000251
восточного 1,386294 0,000442
восточное 2,040221 0,000130
восточной 0,693147 0,000177
восточный 1,021651 0,000456
восточным 2,407946 0,000154
востребованность 3,912023 0,000250
восход 2,302585 0,000294
восьмидесяти 3,506558 0,000224
вошедших 3,218876 0,000205
вошел 1,237874 0,000316
вошли 1,347074 0,000172
впадают 2,813411 0,000179
впадающая 2,813411 0,000179
впадающих 2,525729 0,000161
впас 3,506558 0,000447
впатп 3,912023 0,000250
впервые 0,385662 0,000025
впечатлиться 3,912023 0,000250
вплоть 1,108663 0,000071
впопат 3,912023 0,000250
вправо 2,659260 0,000170
врач 2,120264 0,000135
врача 2,813411 0,000179
врачи-иностранцы 3,912023 0,000250
вреда 2,995732 0,000191
врезки 3,218876 0,000205
времен 0,941609 0,000060
времена 1,108663 0,000141
временем 0,616186 0,000079
времени 0,186330 0,000083
временное 2,302585 0,000147
время 0,030459 0,000054
врожденные 3,912023 0,000250
всей 0,693147 0,000088
всем 0,891598 0,000114
всемирная 1,714798 0,000219
всеобщая 2,040221 0,000130
всеобщей 2,659260 0,000170
всеобщие 3,912023 0,000250
всероссийская 0,843970 0,000054
всероссийской 0,713350 0,000318
всероссийском 2,995732 0,000382
всесоюзная 0,843970 0,000323
всесоюзной 2,813411 0,000179
вследствие 1,203973 0,000077
вставкой 1,309333 0,000084
встретить 2,207275 0,000563
встреча 2,813411 0,000179
встречается 1,203973 0,000230
встречаются 1,272966 0,000081
встрече 2,813411 0,000359
встречи 3,218876 0,000411
вступившими 3,912023 0,000250
вступили 2,302585 0,000147
вступление 2,659260 0,000170
вступлением 3,506558 0,000224
вторая 0,994252 0,000317
вторичные 3,506558 0,000224
вторичными 3,506558 0,000224
второго 1,139434 0,000073
второе 1,272966 0,000081
второй 0,274437 0,000070
второстепенных 3,506558 0,000224
вузами 2,995732 0,000191
вузов 0,891598 0,000057
вузом 2,659260 0,000170
вузы 1,514128 0,000097
вход 1,897120 0,000121
входить 3,218876 0,000205
входят 0,713350 0,000091
входящей 2,407946 0,000154
входящий 3,218876 0,000205
входящим 3,218876 0,000205
входящих 1,771957 0,000339
вцев 0,000000 0,000000
вчера 2,525729 0,000161
въездного 3,506558 0,000224
выбирают 2,995732 0,000191
выбор 1,832581 0,000234
выборг 2,302585 0,000147
выборы 1,347074 0,000086
вывезли 3,506558 0,000224
выдающиеся 2,207275 0,000282
выдающихся 2,302585 0,000147
выделить 1,386294 0,000088
выделяется 1,832581 0,000117
выделяют 1,609438 0,000205
выезжает 3,506558 0,000224
вызванным 3,912023 0,000250
выздоравливающая 3,912023 0,000250
вызовы 3,506558 0,000224
вызывает 1,427116 0,000091
вымпел 3,218876 0,000411
вып 0,798508 0,000153
выпадает 1,203973 0,000077
выпадать 3,506558 0,000224
выполненный 2,995732 0,000191
выполняет 1,832581 0,000117
выполнял 2,813411 0,000179
выполняли 2,995732 0,000191
выпуск 0,916291 0,000058
выпуска 1,714798 0,000437
выпускавшиеся 3,912023 0,000250
выпускает 2,525729 0,000161
выпусками 3,506558 0,000224
выпускаются 2,302585 0,000147
выпускающим 3,912023 0,000250
выпуски 3,218876 0,000205
выпусков 2,995732 0,000191
выпустил 2,040221 0,000130
выпущена 1,609438 0,000103
вырабатывают 2,995732 0,000191
выработку 2,813411 0,000179
выражении 3,218876 0,000411
выраженная 3,912023 0,000250
выразительный 3,912023 0,000250
вырастают 3,506558 0,000224
выросла 2,040221 0,000130
вырубку 3,912023 0,000250
вырубленных 3,506558 0,000224
выручке 3,218876 0,000205
высказывается 3,912023 0,000250
высокая 1,237874 0,000158
высокие 1,560648 0,000100
высоких 1,237874 0,000158
высоко 2,120264 0,000135
высокое 1,660731 0,000106
высокой 1,272966 0,000162
высокотехнологичный 3,912023 0,000250
высота 0,562119 0,000036
высотах 3,218876 0,000205
высоте 1,514128 0,000097
высоткив 3,912023 0,000250
высотная 2,525729 0,000161
высотной 2,995732 0,000191
высотой 1,108663 0,000071
высоты 1,427116 0,000091
выставка 1,966113 0,000125
выставках 3,506558 0,000224
выставки 1,660731 0,000106
выставок 2,525729 0,000161
выставочные 1,966113 0,000251
выставочный 1,514128 0,000193
выступали 1,966113 0,000125
выступать 2,407946 0,000154
выступают 2,040221 0,000130
выступили 2,302585 0,000147
выступление 2,120264 0,000135
высшего 1,427116 0,000273
высшее 1,021651 0,000261
высших 1,078810 0,000069
вытеснив 3,506558 0,000224
выходные 2,302585 0,000147
выходят 2,040221 0,000130
вышла 1,897120 0,000121
выявленных 2,995732 0,000191
выявлено 2,407946 0,000154
вьетнам 2,813411 0,000538
вязьма 2,659260 0,000170
гавани 2,813411 0,000538
гавань 2,302585 0,000441
гаврилов 3,912023 0,000250
гаджетом 3,506558 0,000224
газ 1,660731 0,000424
газета 0,616186 0,000432
газетных 3,506558 0,000224
газету 2,995732 0,000191
газеты 0,994252 0,000127
газификация 3,218876 0,000205
газифицировано 3,912023 0,000250
газо 3,506558 0,000224
газовая 3,218876 0,000205
газопровод 2,659260 0,000170
газопровода 2,813411 0,000359
газпром 1,714798 0,000219
гайдамак 3,912023 0,000250
гайдой 3,506558 0,000224
гайды 3,506558 0,000224
галактика 3,506558 0,000224
галактионова 3,912023 0,000250
галереи 1,771957 0,000678
галерею 2,995732 0,000191
галерея 1,203973 0,000691
галимович 3,912023 0,000250
галина 2,207275 0,000141
гарантированной 3,912023 0,000250
гастроли 3,506558 0,000224
гатчина 2,813411 0,000179
гвоздзиовский 3,912023 0,000250
гелаев 3,912023 0,000250
гельфер 3,912023 0,000250
генерал-губернатор 2,995732 0,000191
генерал-губернатора 2,995732 0,000191
генерал-губернаторства 2,659260 0,000170
генерал-майор 2,659260 0,000170
генералом 3,218876 0,000205
генерального 1,514128 0,000097
генеральному 2,302585 0,000147
генеральные 2,659260 0,000170
генеральный 0,967584 0,000370
генеральным 2,525729 0,000161
генплан 2,120264 0,000135
географии 1,609438 0,000103
географическая 2,407946 0,000154
географическо-статистический 2,407946 0,000154
географического 1,386294 0,000088
географическое 0,693147 0,000088
географической 0,798508 0,000051
география 0,462035 0,000118
геологический 2,120264 0,000135
георгиевна 3,506558 0,000224
георгий 1,560648 0,000199
геральдика 2,659260 0,000170
геральдическое 2,995732 0,000191
геральдическом 3,506558 0,000224
герб 0,820981 0,000419
герба 1,427116 0,000182
германией 2,302585 0,000147
германию 2,813411 0,000179
германия 1,203973 0,000077
герои 2,207275 0,000141
герой 1,560648 0,000100
гидрометеорологический 3,218876 0,000205
гидрометцентр 3,218876 0,000205
гильдии 2,207275 0,000141
гимн 0,820981 0,000262
гимназии 1,469676 0,000187
гимназий 1,966113 0,000125
гимназию 2,659260 0,000170
гимназия 1,469676 0,000281
гиннала 3,506558 0,000224
гипохлорит 3,912023 0,000250
гкал 2,995732 0,000191
гкгн 0,994252 0,000063
гкгнпро 0,916291 0,000058
глав 1,897120 0,000242
глава 0,673345 0,000215
главе 1,237874 0,000079
главная 1,078810 0,000138
главного 1,237874 0,000158
главное 1,469676 0,000187
главной 0,941609 0,000180
главный 0,916291 0,000117
главным 0,967584 0,000309
главными 1,832581 0,000117
главных 1,078810 0,000138
главы 0,967584 0,000185
глазами 2,525729 0,000161
гласит 2,659260 0,000170
гласных 3,506558 0,000224
глезером 3,912023 0,000250
глобальной 2,525729 0,000161
глубокие 2,995732 0,000191
глядит 3,912023 0,000250
гнездо 3,506558 0,000447
гнездящихся 3,506558 0,000224
гнилой 3,506558 0,000224
год 0,235722 0,000707
года -0,009950 -0,000252
годавикипедия 0,616186 0,000039
годах 0,385662 0,000148
годов 0,356675 0,000091
годовой 1,897120 0,000121
годом 0,941609 0,000060
году 0,072571 0,000454
годувикипедия 2,407946 0,000154
годувладивостокгорода 3,912023 0,000250
годы 0,356675 0,000637
голдобин 3,912023 0,000250
голдобина 3,912023 0,000250
головой 2,659260 0,000170
голосованию 3,912023 0,000250
голуби 2,995732 0,000191
голубиная 3,506558 0,000224
гомзяков 3,912023 0,000250
гомилевская 3,912023 0,000250
гонконг 2,995732 0,000191
гонку 3,506558 0,000224
гора 1,139434 0,000145
горбачева 3,218876 0,000205
горизонтальное 3,912023 0,000250
горностай 2,813411 0,000179
горные 1,832581 0,000117
город 0,544727 0,001737
города 0,430783 0,003654
города-побратимы 0,891598 0,000171
городам 0,798508 0,000051
городами 0,916291 0,000117
городах 1,272966 0,000162
городвладивосток 3,912023 0,000250
городе 0,693147 0,002387
городка 2,120264 0,000406
городов 0,579818 0,000740
городов-побратимов 1,660731 0,000106
городовое 3,912023 0,000250
городок 1,386294 0,000177
городом 0,798508 0,000458
городпро 0,867501 0,000055
городская 0,843970 0,000700
городские 0,941609 0,000120
городским 0,798508 0,000051
городских 0,713350 0,001183
городского 0,693147 0,001105
городское 1,203973 0,000230
городской 0,755023 0,000915
городу 0,798508 0,000051
горожан 1,309333 0,000334
горы 1,108663 0,000141
горького 1,139434 0,000363
горячее 3,218876 0,000205
горячей 2,995732 0,000191
гос 1,609438 0,000308
госбук 3,218876 0,000205
госзаказов 3,912023 0,000250
госкомстат 0,891598 0,000114
госпитали 2,995732 0,000191
госпитальная 3,506558 0,000224
господину 3,912023 0,000250
господствующих 3,506558 0,000224
гостей 1,966113 0,000125
гостиница 1,386294 0,000088
гостиницы 1,347074 0,000086
гостям 3,506558 0,000224
государств 1,203973 0,000077
государства 0,843970 0,000054
государственная 0,941609 0,000120
государственного 0,616186 0,000197
государственное 0,776529 0,000099
государственной 0,616186 0,000275
государственном 1,714798 0,000109
государственную 1,714798 0,000109
государственные 1,514128 0,000097
государственный 0,430783 0,000852
государственных 0,994252 0,000127
государство 1,347074 0,000258
государством 2,040221 0,000130
готику 3,912023 0,000250
готов 2,525729 0,000161
гпс 3,506558 0,000224
гра 3,912023 0,000499
грабежи 3,218876 0,000205
градоначальники 1,771957 0,000113
градостроительной 2,525729 0,000161
гражданами 2,302585 0,000294
граждане 1,108663 0,000212
гражданский 2,302585 0,000147
гражданской 0,967584 0,000370
границах 1,078810 0,000275
графики 2,120264 0,000135
гребешки 3,912023 0,000250
гребле 3,912023 0,000250
гребная 3,912023 0,000250
гримерки 3,912023 0,000250
грозный 1,771957 0,000113
громким 3,506558 0,000224
громких 3,506558 0,000224
грошевой 3,912023 0,000250
грузия 1,966113 0,000125
грузов 1,560648 0,000398
грузовой 1,514128 0,000097
грузовых 2,207275 0,000141
грузооборот 2,525729 0,000483
грузы 2,407946 0,000154
групп 1,514128 0,000193
группа 0,693147 0,000044
группами 2,995732 0,000191
группе 1,832581 0,000117
группировка 3,506558 0,000224
группировок 3,218876 0,000205
группы 0,634878 0,000162
груша 3,912023 0,000250
грызлов 3,912023 0,000250
грызунов 2,813411 0,000179
грэс 2,525729 0,000161
грязная 2,659260 0,000170
грязной 3,506558 0,000447
гтрк 1,049822 0,000134
губернатор 1,272966 0,000162
губернатора 1,237874 0,000237
губернаторский 2,525729 0,000161
губернаторство 3,912023 0,000250
гуков 3,912023 0,000250
гулага 3,912023 0,000250
гульков 3,912023 0,000250
гума 3,506558 0,000447
гуманитарной 2,207275 0,000141
гуманитарные 2,302585 0,000294
густоцветковая 3,912023 0,000250
давать 2,525729 0,000161
давление 2,302585 0,000147
дадешкелиани 3,912023 0,000250
дал 1,714798 0,000109
дальзавод 3,912023 0,000499
дальзавода 3,912023 0,000250
далькрайплан 3,506558 0,000224
далькрайплана 3,506558 0,000224
дальморепродукт 3,912023 0,000250
дальнаука 3,506558 0,000447
дальневост 3,506558 0,000447
дальневосточ-ный 3,912023 0,000250
дальневосточная 2,995732 0,001720
дальневосточного 2,813411 0,003409
дальневосточное 3,506558 0,001566
дальневосточной 3,506558 0,000895
дальневосточном 3,506558 0,000447
дальневосточному 3,506558 0,000224
дальневосточные 3,506558 0,000671
дальневосточный 2,813411 0,003948
дальневосточным 3,912023 0,000250
дальневосточных 2,659260 0,000170
дальнего 1,514128 0,002607
дальнегорск 3,912023 0,000250
дальнем 2,040221 0,002472
дальнему 2,995732 0,000382
дальнереченск 3,912023 0,000250
дальнереченский 3,912023 0,000250
дальний 1,966113 0,000627
дальпресс 3,912023 0,000250
дальпрессе 3,912023 0,000250
дальприбор 3,912023 0,000250
дальрыба 3,912023 0,000250
дальрыбвтуза 3,912023 0,000250
дальсвязь 3,912023 0,000250
дальстрой 3,912023 0,000250
дальхимпром 3,912023 0,000250
далянь 3,506558 0,000224
дамир 3,506558 0,000224
данные 0,510826 0,000033
данный 0,713350 0,000045
данным 0,415515 0,000186
данными 1,514128 0,000097
дарвин 3,912023 0,000250
дата 0,030459 0,000457
датировка 3,912023 0,000250
датская 0,342490 0,000022
датский 3,218876 0,000205
даттана 3,912023 0,000250
дату 2,302585 0,000147
даты 1,427116 0,000091
двадцать 2,040221 0,000130
двгу 3,912023 0,000499
две 0,527633 0,000034
движение 0,820981 0,000157
движений 2,995732 0,000382
движения 0,733969 0,000094
двк 3,506558 0,000224
дво 3,218876 0,003285
дворец 0,967584 0,000123
двором 3,218876 0,000205
двр 3,506558 0,001118
двумя 1,021651 0,000065
двух 0,462035 0,000118
двухсот 2,659260 0,000170
двухуровневый 3,506558 0,000224
двухцветный 3,506558 0,000224
двфу 3,912023 0,002495
дебютом 3,912023 0,000250
девяностые 3,912023 0,000250
девять 1,714798 0,000109
действий 1,560648 0,000199
действительности 2,407946 0,000154
действия 1,427116 0,000273
действовать -0,009950 -0,000001
действует 0,634878 0,000081
действуют 0,867501 0,000443
действующие 2,040221 0,000130
действующими 3,218876 0,000205
действующих 1,514128 0,000097
дек 0,820981 0,000105
декабре 0,798508 0,000153
декабрь 1,108663 0,000071
декабря 0,105361 0,000228
декоративные 2,995732 0,000191
декоративный 3,506558 0,000224
декоративных 3,506558 0,000224
декрет 2,995732 0,000191
дел 1,469676 0,000187
дела 1,469676 0,000094
делают 2,120264 0,000135
деле 1,660731 0,000106
деление 0,673345 0,000301
делится 1,427116 0,000091
дело 1,078810 0,000069
деловой 1,560648 0,000100
деловые 2,995732 0,000382
делом 2,995732 0,000191
демографический 2,813411 0,000179
демографического 2,995732 0,000382
демонтированы 3,506558 0,000447
демоскоп 0,820981 0,000157
дендрофлора 3,912023 0,000250
денег 1,560648 0,000100
денежном 3,912023 0,000250
день 0,562119 0,000179
деньги 1,771957 0,000226
депортировано 3,912023 0,000250
депутатам 3,506558 0,000224
депутатов 0,891598 0,000057
деревообрабатывающая 2,995732 0,000191
деревьев 1,469676 0,000469
деревья 2,120264 0,000270
деревьях 3,506558 0,000224
деревянные 2,040221 0,000130
деркачева 3,912023 0,000250
десяти 1,560648 0,000100
десятилетие 2,040221 0,000130
десятка 2,525729 0,000161
десятки 1,347074 0,000258
десятков 1,660731 0,000318
десятку 2,120264 0,000406
десятым 3,912023 0,000250
десять 1,514128 0,000193
деталь 2,659260 0,000170
дети 1,966113 0,000502
детская 0,916291 0,000058
детском 2,813411 0,000359
дефицит 2,207275 0,000282
деятель 1,966113 0,000251
деятельности 0,446287 0,000085
деятельность 0,653926 0,000250
джазовый 2,525729 0,000322
джеральд 3,912023 0,000250
джерхарди 3,912023 0,000250
джуди 3,912023 0,000250
джулебы 3,912023 0,000250
джуно 3,912023 0,000250
диагностических 3,506558 0,000224
диагностической 3,912023 0,000250
диагональные 3,912023 0,000250
диагональными 3,912023 0,000250
диаспоры 3,218876 0,000616
диверсифицированной 3,912023 0,000250
дикого 3,506558 0,000224
динамика 1,427116 0,000182
динамикой 3,506558 0,000224
динамику 2,995732 0,000191
динамо 1,171183 0,000224
динамо-владивосток 3,912023 0,000749
диоксидом 2,995732 0,000191
диомид 3,912023 0,000499
диомидовский 3,912023 0,000250
дипломатический 3,912023 0,000250
дипломатического 3,912023 0,000250
дитерихс 3,912023 0,000250
длится 2,040221 0,000130
дмитриевна 3,506558 0,000224
дмитриенко 3,506558 0,000224
дмитрий 0,967584 0,000062
дмитров 2,813411 0,000179
дна 2,207275 0,000141
дне 2,407946 0,000154
дней 0,446287 0,000057
днейвикипедия 0,967584 0,000062
днем 1,660731 0,000106
днепропетровской 3,912023 0,000250
дни 1,237874 0,000237
днс 3,506558 0,000224
дня 0,478036 0,000030
днями 3,506558 0,000224
днях 3,506558 0,000224
добавлена 2,995732 0,000191
довольно 0,891598 0,000057
довольны 3,506558 0,000224
договор 1,771957 0,000226
договора 2,207275 0,000141
договору 2,207275 0,000141
договоры 2,659260 0,000339
дожди 2,302585 0,000147
дождь 2,407946 0,000154
дождя 2,813411 0,000179
дождями 2,995732 0,000382
доклад 1,514128 0,000386
доклады 2,995732 0,000191
документов 0,653926 0,000042
документообороте 3,912023 0,000250
долгов 2,995732 0,000191
долговременной 3,912023 0,000250
долгое 1,386294 0,000177
долготой 0,941609 0,000060
должен 1,078810 0,000069
должно 1,714798 0,000109
должностное 2,813411 0,000179
должность 1,203973 0,000077
долинах 3,218876 0,000205
долине 2,120264 0,000135
долину 2,995732 0,000191
долины 1,897120 0,000484
долларов 1,832581 0,000468
долю 1,427116 0,000182
доля 0,733969 0,000234
дом 0,562119 0,000430
дом-музей 1,660731 0,000106
дома 0,798508 0,000204
домами 2,120264 0,000135
домик 3,506558 0,000224
домов 1,078810 0,000275
домовая 2,995732 0,000191
домостроения 3,218876 0,000205
дополнении 3,912023 0,000250
дополнения 2,813411 0,000179
дополненное 2,525729 0,000161
дополнительного 1,609438 0,000103
дополнительные -0,009950 -0,000001
дополнительными 2,995732 0,000191
допущены 3,218876 0,000205
дореволюционного 2,995732 0,000191
дореволюционных 2,659260 0,000170
дорог 0,891598 0,000057
дорога 0,798508 0,000102
дороге 1,427116 0,000091
дороги 0,713350 0,000318
дорожно-транспортного 3,912023 0,000250
дорожно-транспортных 3,218876 0,000205
дорожной 2,995732 0,000382
доставил 3,506558 0,000224
доставки 2,407946 0,000154
достиг 1,469676 0,000094
достигает 1,347074 0,000086
достигало 3,218876 0,000205
достигла 1,771957 0,000113
достопримечательностей 1,660731 0,000106
достопримечательности 1,049822 0,000134
достопримечательностям 2,525729 0,000161
доступен -0,009950 -0,000001
доступна 2,302585 0,000147
доходным 3,912023 0,000250
дочерняя 2,995732 0,000191
дошкольных 1,771957 0,000113
дракон 2,995732 0,000191
драматический 1,203973 0,000461
древесина 2,995732 0,000191
древесины 2,525729 0,000161
древесных 2,995732 0,000382
древние 1,560648 0,000100
другие 0,030459 0,000010
другим 0,733969 0,000187
другими 0,616186 0,000039
других -0,009950 -0,000005
дружбе 3,218876 0,000205
дуб 2,659260 0,000170
дубово-кленово-березовые 3,912023 0,000250
дубово-кленово-липовые 3,912023 0,000250
дубовыми 3,506558 0,000224
дубовых 3,506558 0,000224
дубравный 3,506558 0,000224
дубы 3,218876 0,000205
дударенок 3,912023 0,000499
дум 3,218876 0,000205
дума 1,108663 0,000495
думой 1,897120 0,000121
думу 2,040221 0,000130
думы 1,078810 0,000138
духовная 1,386294 0,000088
духовного 1,966113 0,000125
духовное 2,040221 0,000130
духовной 1,771957 0,000113
духовой 2,995732 0,000191
душу 2,302585 0,000294
дьяченко 3,506558 0,000224
дюмерже 3,912023 0,000250
евангельских 1,660731 0,000318
евангельское 3,912023 0,000250
евгении 3,912023 0,000250
евразия 2,120264 0,000135
еврейская 0,843970 0,000054
еврейский 1,832581 0,000117
европейских 1,771957 0,000113
европейского 1,966113 0,000251
европейской 0,891598 0,000114
европу 1,714798 0,000109
егор 2,659260 0,000170
егорова 2,659260 0,000170
единиц 0,673345 0,000258
единицы 1,386294 0,000088
единой 1,771957 0,000226
единоначалия 2,995732 0,000191
единственным 1,347074 0,000086
ежегодник 0,820981 0,000681
ежегодно 0,916291 0,000292
ежегодного 2,525729 0,000161
ежегодной 3,912023 0,000250
ежегодный 1,609438 0,000205
ежедневно 1,714798 0,000219
ежедневные 2,813411 0,000179
ежемесячную 3,912023 0,000250
еженедельник 2,302585 0,000147
екатерина 1,514128 0,000097
екатеринбургу 3,506558 0,000447
елену 3,506558 0,000224
елец 2,407946 0,000154
ельня 2,659260 0,000170
ельциным 3,912023 0,000250
елякова 3,912023 0,000250
емар 3,912023 0,000499
енотовидная 3,506558 0,000224
епархиальное 3,218876 0,000205
епархии 1,108663 0,000071
епархию 2,995732 0,000191
епархия 1,560648 0,000299
епископ 2,813411 0,000359
естественного 2,207275 0,000141
естественных 1,771957 0,000113
естествознания 2,525729 0,000161
ефрона 0,328504 0,000063
жанны 3,912023 0,000250
железнодорожная 1,309333 0,000084
железнодорожников 2,120264 0,000270
железнодорожного 0,967584 0,000123
железнодорожной 1,347074 0,000172
железнодорожную 3,218876 0,000205
железнодорожный 0,755023 0,000193
железнодорожными 2,813411 0,000179
железной 0,755023 0,000144
желтый 2,525729 0,000161
женская 2,040221 0,000520
женских 1,966113 0,000125
женщин 1,386294 0,000088
женщина-капитан 3,912023 0,000250
женщины 1,714798 0,000109
живописи 1,771957 0,000113
животными 3,506558 0,000224
жигур 3,912023 0,000250
жизнедеятельности 2,659260 0,000170
жизнеобеспечения 3,506558 0,000224
жизни 0,562119 0,000179
жизнь 0,693147 0,000221
жил 2,302585 0,000147
жилая 2,659260 0,000339
жилищно-коммунальных 3,912023 0,000250
жилищного 2,207275 0,000704
жилищном 3,218876 0,000205
жилого 1,966113 0,000125
жилой 1,560648 0,000199
жилые 1,347074 0,000258
жилых 1,237874 0,000079
жилья 1,514128 0,000097
жиромская 1,021651 0,000065
жителей 0,673345 0,000387
жители 1,049822 0,000268
жителя 1,771957 0,000452
жкх 2,120264 0,000541
жозефа 3,912023 0,000250
журнал 0,510826 0,000586
журнала 1,427116 0,000091
журчат 3,912023 0,000250
заболеваемость 3,218876 0,000205
заболеваний 2,207275 0,000141
забор 3,218876 0,000205
заведения 1,108663 0,000071
завершат 3,912023 0,000250
завершением 3,912023 0,000250
завершилась 2,659260 0,000170
завод 0,798508 0,000051
заводами 2,302585 0,000147
заводом 1,771957 0,000113
заглавная -0,009950 -0,000001
заглянули 3,912023 0,000250
загруженности 2,995732 0,000191
загрязнен 3,218876 0,000205
загрязнение 1,309333 0,000084
загрязнения 1,203973 0,000307
загрязненные 3,506558 0,000671
займется 3,218876 0,000205
зайцев 2,207275 0,000141
зайцеобразных 3,506558 0,000224
заключен 2,659260 0,000170
заключенного 3,912023 0,000250
заключенными 3,912023 0,000250
заключенных 3,218876 0,000205
заключены 2,813411 0,000179
закон 0,616186 0,000118
закона 1,966113 0,000125
законами 2,659260 0,000339
законодательного 2,120264 0,000135
закономерен 3,912023 0,000250
законсервированных 3,912023 0,000250
закреплять 3,912023 0,000250
закрылась 3,506558 0,000224
закрыто 2,040221 0,000260
закрытой 2,995732 0,000191
закрытый 2,407946 0,000154
закрытым 2,207275 0,000422
закулисье 3,912023 0,000250
зал 1,021651 0,000130
зала 2,207275 0,000141
залив 1,897120 0,000605
залива 2,040221 0,001692
заливе 2,407946 0,000154
заливов 2,995732 0,000573
заложено 2,995732 0,000191
залы 1,469676 0,000281
заморозки 2,207275 0,000141
замошина 3,912023 0,000250
замри 3,912023 0,000250
занесенные 2,659260 0,000170
занимает 0,616186 0,000197
занимается 1,386294 0,000088
занимал 1,469676 0,000094
занимать 2,813411 0,000179
занимаются 1,660731 0,000106
занимая 2,040221 0,000130
занял 1,139434 0,000145
заняла 1,771957 0,000113
заняли 2,207275 0,000141
заняло 3,506558 0,000224
заняты 2,207275 0,000141
запад 1,427116 0,000182
запада 1,021651 0,000065
западного 1,560648 0,000100
западную 2,040221 0,000130
западные 2,207275 0,000141
западный 1,560648 0,000100
запечатлен 3,218876 0,000205
записка 2,207275 0,000282
записьвойти -0,009950 -0,000001
запланирован 3,218876 0,000205
заповедной 3,506558 0,000224
заповедный 3,218876 0,000205
заполненными 1,966113 0,000125
запрещен 3,506558 0,000224
запускается 2,813411 0,000179
запустил 2,659260 0,000170
запустила 2,659260 0,000170
запущена 1,714798 0,000109
запущенном 3,218876 0,000205
заработать 3,912023 0,000250
зарегистрирован 1,771957 0,000339
зарегистрированный -0,009950 -0,000001
зарегистрировано 1,309333 0,000418
зарегистрированы 1,771957 0,000113
зарегулирована 3,506558 0,000224
зарплате 3,912023 0,000250
зарубежной 2,659260 0,000170
зарубежных 1,469676 0,000281
заря 1,560648 0,000498
заседание 2,302585 0,000147
заселяли 3,506558 0,000224
заслуги 1,966113 0,000125
заслуженных 3,506558 0,000224
заслуживает 3,506558 0,000224
застал 3,506558 0,000224
застроенных 3,218876 0,000205
застройка 1,272966 0,000893
застройке 2,120264 0,000135
застройки 1,021651 0,000195
застройку 2,207275 0,000141
затем 0,527633 0,000034
зато 1,560648 0,000100
затрудняющем 3,912023 0,000250
затяжным 3,912023 0,000250
захоронений 2,407946 0,000154
зашли 3,912023 0,000250
защиту 1,897120 0,000121
защищаются 3,912023 0,000250
защищенную 3,218876 0,000205
заявил 1,771957 0,000113
заявила 2,813411 0,000179
заявки 2,995732 0,000191
заявление -0,009950 -0,000001
заяц 3,218876 0,000205
збекча 0,000000 0,000000
звание 1,049822 0,000201
звеном 2,659260 0,000170
звенящих 3,912023 0,000250
звук 2,995732 0,000191
звуки 2,995732 0,000191
здание 0,776529 0,000495
здании 1,171183 0,000075
зданий 1,049822 0,000603
здания 0,867501 0,000221
здоровью 2,813411 0,000179
здравоохранение 0,941609 0,000120
здравоохранениеучреждения 3,506558 0,000224
здравоохранения 1,203973 0,000230
здравоохраненияэкономика 3,218876 0,000205
зеленого 2,302585 0,000147
зеленом 2,207275 0,000141
зеленую 3,218876 0,000205
зеленый 1,347074 0,000258
зеленым 2,813411 0,000179
зелеными 2,525729 0,000322
зеленых 1,347074 0,000258
земли 0,634878 0,000121
земский 2,813411 0,000359
земской 2,659260 0,000170
зима 1,021651 0,000065
зиме 3,218876 0,000205
зимнего 1,966113 0,000251
зимний 1,660731 0,000106
зимняя 2,407946 0,000154
зимы 1,609438 0,000103
златом 3,912023 0,000250
злачным 3,912023 0,000250
змеинка 3,912023 0,000499
знак -0,009950 -0,000001
знание 2,120264 0,000135
значение 0,314711 0,000020
значению 2,813411 0,000179
значения 0,105361 0,000034
значимой 3,218876 0,000205
значимости 2,302585 0,000147
значимые 2,525729 0,000322
значимым 2,995732 0,000191
значительная 1,609438 0,000103
значительное 1,309333 0,000167
значительную 1,309333 0,000251
значительные 1,514128 0,000097
зодчества 1,966113 0,000125
золотого 2,659260 0,000170
золотой 0,843970 0,001184
зон 1,309333 0,000167
зона 0,891598 0,000284
зоне 0,527633 0,000101
зоной 2,302585 0,000147
зону 1,660731 0,000106
зоны 0,755023 0,000289
зоологический 2,407946 0,000154
зрителей 1,714798 0,000437
зрительного 3,912023 0,000250
зубчатый 3,506558 0,000224
иван 0,843970 0,000108
иваненко 3,218876 0,000205
иванова 1,966113 0,000376
ивановича 2,040221 0,000130
ивановна 2,813411 0,000179
иваново 1,139434 0,000073
ивлева 3,912023 0,000250
ивняки 3,912023 0,000250
ивовидную 3,912023 0,000250
игнатова 3,912023 0,000250
игорная 3,912023 0,000250
игорный 3,506558 0,000224
игорь 1,714798 0,000219
игоря 2,659260 0,000339
игр 1,609438 0,000205
играх 2,302585 0,000294
игре 2,525729 0,000161
игрового 3,506558 0,000224
идеализирую 3,912023 0,000250
идеально 3,218876 0,000205
идентификаторы 0,693147 0,000044
идентичности 2,995732 0,000382
идущий 3,218876 0,000411
иероглифическое 3,912023 0,000499
иеронима 3,912023 0,000250
ижевск 1,139434 0,000073
из-за 0,415515 0,000345
иза 3,218876 0,000205
избежал 3,912023 0,000250
избежать 2,207275 0,000141
избрали 2,659260 0,000170
избраны 3,218876 0,000205
избрать 3,912023 0,000250
известия 1,021651 0,000195
известно 1,237874 0,000079
известные 0,891598 0,000284
известным 1,832581 0,000234
известных 1,171183 0,000149
издаваемых 3,506558 0,000224
издает 3,912023 0,000250
издание 0,776529 0,000248
издания 1,049822 0,000067
изданные 2,813411 0,000179
издательский 1,514128 0,000193
издательских 3,506558 0,000224
издательство 0,510826 0,000098
излучением 3,912023 0,000250
изменение 1,560648 0,000100
изменения 0,562119 0,000036
изменениями 1,427116 0,000182
изменил 3,218876 0,000205
изменили 3,218876 0,000205
изменился 2,120264 0,000135
изменит 2,525729 0,000161
изнасилований 3,506558 0,000671
изо 3,218876 0,000205
изображается 3,912023 0,000250
изображен 1,771957 0,000226
изображение 1,427116 0,000273
изображении 1,272966 0,000081
израиль 2,525729 0,000161
изумруд 3,912023 0,000250
изучением 1,897120 0,000242
изучения 1,272966 0,000406
изучены 3,506558 0,000224
изучить 2,995732 0,000191
иллюзион 2,995732 0,000191
ильичева 3,912023 0,000250
ильм 3,506558 0,000447
ильмовые 3,912023 0,000250
илья 2,040221 0,000130
ильяшенко 3,912023 0,000250
имам 3,912023 0,000250
имеет 0,235722 0,000105
имеется 0,653926 0,000042
имел 1,469676 0,000094
имена 1,832581 0,000117
имени 0,462035 0,000354
именно 0,544727 0,000069
иметь 1,272966 0,000081
имеют 0,371064 0,000047
имеются 0,843970 0,000054
имеющей 2,525729 0,000161
император 1,771957 0,000113
императрицы 1,832581 0,000117
империи 0,733969 0,000234
империя 2,040221 0,000130
импорта 2,995732 0,000191
импортных 3,506558 0,000224
имущества 2,525729 0,000161
инвентаризации 3,912023 0,000250
инвестиции 1,714798 0,000109
инвестиционного 2,995732 0,000191
индекс 0,941609 0,000180
индексам 3,912023 0,000250
индивидуально-определенных 3,912023 0,000250
индивидуальный 3,218876 0,000205
индивидуальных 2,659260 0,000170
индия 2,120264 0,000135
индустриализации 2,120264 0,000135
индустриального 2,407946 0,000154
индустриальным 3,506558 0,000224
инженерно-технологический 3,912023 0,000250
инициативе 1,427116 0,000091
инициативная 3,912023 0,000250
инновации 2,659260 0,000170
инновационная 2,813411 0,000359
инновационный 2,525729 0,000161
иносми 2,995732 0,000382
иностранные 1,660731 0,000424
иностранными 2,813411 0,000359
иностранных 1,203973 0,000307
иностранцами 2,525729 0,000161
иностранцев 2,040221 0,000130
иностранцы 2,995732 0,000191
институт 0,478036 0,000671
института 0,755023 0,000289
институтами 2,995732 0,000191
институтом 1,897120 0,000242
институты 1,660731 0,000106
инструкцией 3,218876 0,000205
инструкция 3,218876 0,000205
инструментальные 3,218876 0,000205
инструменты -0,009950 -0,000001
интенсивной 3,506558 0,000224
интервентами 3,912023 0,000250
интервенты 3,506558 0,000671
интервенции 3,218876 0,000205
интервенция 3,912023 0,000749
интересам 2,995732 0,000191
интернет 0,916291 0,000117
интернет-газету 3,912023 0,000250
интернет-сми 2,995732 0,000191
интрарос 3,912023 0,000250
информагентства 3,506558 0,000224
информатика 2,525729 0,000161
информации 0,446287 0,000085
информационно 3,218876 0,000205
информационно-аналитическая 3,506558 0,000447
информационное 1,469676 0,000094
инфраструктура 1,347074 0,000086
инфраструктурой 2,207275 0,000141
инфраструктуры 1,272966 0,000244
инчхон 3,912023 0,000250
иные 1,714798 0,000109
иных 1,469676 0,000094
инье 3,912023 0,000250
иоанну 3,912023 0,000250
ираэро 3,218876 0,000205
ирина 1,660731 0,000106
ирон 0,000000 0,000000
искало 3,912023 0,000250
исключением 1,347074 0,000086
искусств 0,916291 0,000234
искусства 0,733969 0,000421
искусстве 1,609438 0,000205
искусственным 2,120264 0,000135
искусственных 2,207275 0,000141
искусство 0,994252 0,000127
исполнении 1,560648 0,000100
исполнительно-распорядительный 2,302585 0,000147
использования -0,009950 -0,000001
использованы 2,659260 0,000170
использовать 1,171183 0,000075
используют 1,309333 0,000084
используются 0,916291 0,000058
использующие 0,040822 0,000008
используя 1,966113 0,000125
исправительно-трудовой 3,912023 0,000250
исправительно-трудовых 3,912023 0,000499
испытаний 3,218876 0,000205
исследование 1,427116 0,000364
исследований 0,941609 0,000120
исследованию 2,040221 0,000130
исследования 0,733969 0,000328
исследованиям 2,040221 0,000130
исследователи 1,469676 0,000094
исследовательский 1,771957 0,000113
истории 0,248461 0,000206
историко-политические 3,912023 0,000250
историко-приключенческом 3,912023 0,000250
историческая 1,237874 0,000079
исторически 1,078810 0,000275
исторические 0,941609 0,000240
исторический 0,653926 0,000334
исторических 1,139434 0,000073
исторического 1,049822 0,000067
исторической 1,171183 0,000224
историческом 1,771957 0,000113
историческую 2,120264 0,000135
историю 0,843970 0,000161
история 0,051293 0,000065
источник -0,009950 -0,000003
источникам 2,302585 0,000147
источниками 0,776529 0,000099
источники 0,415515 0,000027
источников 0,371064 0,000095
исчезли 2,659260 0,000170
исчислении 0,843970 0,000054
италии 1,966113 0,000251
италия 1,609438 0,000103
итальянская 1,609438 0,000103
итл 3,506558 0,000224
итогам 1,139434 0,000509
итогах 2,207275 0,000141
итоге 1,427116 0,000091
итоги 0,713350 0,000136
итогов 0,891598 0,000057
итогом 2,995732 0,000191
иудейская 2,813411 0,000179
ишмухаммедов 3,912023 0,000250
июль 0,579818 0,000111
июля 0,116534 0,000840
июнь 0,544727 0,000104
июня 0,116534 0,000632
каботажные 3,912023 0,000250
кабузан 3,912023 0,000250
кавалеровский 3,912023 0,000250
кагью 2,659260 0,000170
кадров 1,771957 0,000113
каждом 1,660731 0,000106
каждые 1,832581 0,000117
каждый 0,733969 0,000047
казань 0,891598 0,000057
казачий 2,120264 0,000135
казино 3,506558 0,000447
каймой 3,506558 0,000224
каков 3,506558 0,000224
калач-на-дону 2,659260 0,000170
календарное 3,912023 0,000250
календарной 2,995732 0,000191
календарь 1,514128 0,000097
калинолистный 3,912023 0,000250
калопанакс 3,506558 0,000671
калопанакса 3,912023 0,000250
камбала 3,506558 0,000224
каменными 3,506558 0,000224
камень 1,714798 0,000109
камера 3,506558 0,000224
камню 3,218876 0,000205
кампании 2,659260 0,000170
кампанию 3,506558 0,000224
кампус 2,995732 0,000573
камская 3,506558 0,000224
камчатки 2,995732 0,000191
камчатская 3,912023 0,000250
камчатский 2,995732 0,000191
канада 2,207275 0,000141
канады 2,995732 0,000191
канал 0,843970 0,000054
канале 2,659260 0,000339
канализацией 3,218876 0,000205
канализации 2,207275 0,000141
канализационные 3,218876 0,000205
канализационных 2,813411 0,000179
каналов 1,427116 0,000182
каневского 3,912023 0,000250
каннам 3,912023 0,000250
каннского 3,506558 0,000447
канонам 3,912023 0,000250
капитал 1,966113 0,000376
капитала 2,120264 0,000135
капитан-лейтенанта 3,218876 0,000205
капониров 3,912023 0,000250
карагач 3,912023 0,000250
карловича 3,912023 0,000250
карма 2,813411 0,000179
кармане 3,912023 0,000250
карт 1,514128 0,000097
карта 0,776529 0,000050
картами 0,562119 0,000036
картах 2,040221 0,000130
картин 2,659260 0,000170
картина 2,302585 0,000294
картинная 2,207275 0,000563
картинную 3,912023 0,000250
картинные 3,506558 0,000224
картодром 3,218876 0,000205
карточкевикипедия 1,469676 0,000094
карточкивикипедия 1,309333 0,000084
карту 2,302585 0,000147
карты 0,941609 0,000240
касьянов 3,912023 0,000250
катаканой 3,912023 0,000250
каталанская 0,527633 0,000034
каталогах 0,094311 0,000006
катальпы 3,912023 0,000250
категории -0,009950 -0,000003
катер 3,912023 0,000250
катера 3,218876 0,000411
катерами 3,912023 0,000250
катеров 3,506558 0,000224
каток 3,218876 0,000205
католическая 2,207275 0,000282
католический 1,714798 0,000109
катуева 3,912023 0,000250
кафе 1,609438 0,000103
кафедральный 1,021651 0,000065
кафедры 2,407946 0,000154
качества 1,078810 0,000069
качестве 0,478036 0,000061
качество 1,309333 0,000084
квадратных 1,832581 0,000117
кванджу 3,912023 0,000250
квартал 1,660731 0,000530
кварталы 1,514128 0,000097
квартир 2,813411 0,000179
квартиры 2,525729 0,000161
кедров 3,218876 0,000205
кедрово-дубовые 3,912023 0,000250
кедрово-широколиственные 3,912023 0,000499
кейс 3,218876 0,000205
кесселя 3,912023 0,000250
километра 1,897120 0,000242
километров 1,078810 0,000275
километрового 3,218876 0,000205
ким 2,525729 0,000161
кинематографичности 3,912023 0,000250
кино 0,994252 0,000254
кинолент 3,912023 0,000250
киносеансов 3,912023 0,000250
кинотеатр 1,108663 0,000283
кинотеатрами 3,218876 0,000205
кинотеатре 2,813411 0,000179
кинотеатров 1,237874 0,000079
кинотеатром 2,813411 0,000179
кинотеатры 1,078810 0,000413
кинофестиваль 2,207275 0,000282
кинофестиваля 3,218876 0,001026
кипр 2,813411 0,000179
киргизов 2,995732 0,000191
киргизская 3,912023 0,000250
кирилл 2,302585 0,000147
кириллов 2,659260 0,000170
кирова 1,386294 0,000088
кировский 1,237874 0,000079
кирсанова 3,218876 0,000205
киселев 3,218876 0,000205
кит 2,659260 0,000509
китае 2,040221 0,000130
китаем 2,813411 0,000179
китай 0,867501 0,000332
китайская 0,776529 0,000198
китайские 2,525729 0,000161
китайский 2,407946 0,000154
китайскими 3,506558 0,000224
китайских 2,525729 0,000161
китайско-восточной 3,912023 0,000250
китайское 3,506558 0,000224
китайской 2,407946 0,000154
китайском 3,506558 0,000447
китайцев 3,218876 0,000205
китайцы 1,660731 0,000106
китая 1,897120 0,000484
кладбищ 1,966113 0,000125
кладбища 1,560648 0,000597
кладбищах 2,995732 0,000191
кладбище 1,347074 0,000601
класса 1,203973 0,000077
классе 3,218876 0,000205
классической 1,609438 0,000103
клен 2,407946 0,000307
кленов 3,218876 0,000205
клены 3,506558 0,000224
клиентов 2,207275 0,000141
климат 0,494296 0,000347
климатические 1,966113 0,000125
климатическим 2,995732 0,000191
климатических 1,966113 0,000251
климатическое 3,218876 0,000411
климатологическая 3,218876 0,000411
климатологической 3,218876 0,000205
клиник 2,813411 0,000179
клиническая 1,714798 0,000547
клуб 0,916291 0,000584
клуба 1,660731 0,000106
клубов 2,040221 0,000130
ключ 1,660731 0,000106
ключей 2,407946 0,000154
кмарсеньев 3,912023 0,000250
кмуссурийск 3,912023 0,000250
кмхабаровск 2,995732 0,000191
кндр 2,813411 0,000359
кневичи 3,912023 0,000749
книг 1,660731 0,000106
книга 0,843970 0,000054
книге 1,309333 0,000251
книгу 1,514128 0,000193
книжное 1,078810 0,000069
книжным 3,218876 0,000205
кнр 2,207275 0,000704
князю 2,207275 0,000141
ковалева 2,302585 0,000294
ковров 2,659260 0,000170
когда-то 3,912023 0,000250
код -0,009950 -0,000050
кодекс -0,009950 -0,000001
кодистория 0,116534 0,000007
коек 2,040221 0,000260
кожан 3,912023 0,000250
кожановидный 3,912023 0,000250
козельск 2,659260 0,000170
койки 3,218876 0,000205
кока-кола 3,912023 0,000250
колеблется 2,040221 0,000130
колени 3,912023 0,000250
колесниченко 3,912023 0,000250
количествах 2,995732 0,000191
количество 0,328504 0,000230
количеству 1,309333 0,000084
колледжей 2,659260 0,000170
коллектив 2,407946 0,000154
коллекторов 3,218876 0,000205
коллекцией 3,218876 0,000205
коллекции 1,560648 0,000199
коллекционером 3,912023 0,000250
колонна 2,525729 0,000161
колонны 2,813411 0,000179
колонок 3,506558 0,000224
колпино 2,659260 0,000170
колхоз 3,912023 0,000250
колчаковского 3,912023 0,000250
кольца 2,120264 0,000135
кольцевой 2,120264 0,000135
кольцо 1,514128 0,000097
команда 1,272966 0,000162
командирован 3,912023 0,000250
командованием 1,771957 0,000226
командующему 3,506558 0,000224
команды 1,560648 0,000100
комаровские 3,912023 0,000250
комбинат 1,171183 0,000075
комета 3,218876 0,000205
комикыргызча 0,000000 0,000000
комиссия 1,609438 0,000205
комитет 0,755023 0,000048
комитета 1,203973 0,000077
коммерсантъ 1,139434 0,000073
коммерческими 2,995732 0,000191
коммерческого 2,525729 0,000161
коммерческое 2,407946 0,000154
коммерческой 2,207275 0,000282
коммунальных 2,659260 0,000170
коммунизма 2,813411 0,000179
коммуникаций 2,207275 0,000141
компактно 3,912023 0,000250
компактного 3,506558 0,000224
компании 0,579818 0,000185
компаний 0,967584 0,000370
компания 0,653926 0,000209
комплекс 0,653926 0,000417
комплекса 1,272966 0,000325
комплексный 2,407946 0,000154
комплексов 1,386294 0,000088
комплексом 1,966113 0,000125
комплексы 1,514128 0,000097
композитор 1,966113 0,000251
композитора 2,995732 0,000191
композиций 2,813411 0,000179
компьютерной 2,207275 0,000141
компьютерных 2,207275 0,000282
комсомолец 1,560648 0,000199
комсомольской 1,897120 0,000121
комфортности 2,995732 0,000191
конгресс 2,995732 0,000191
конгрессе 3,218876 0,000205
кондитер 3,506558 0,000224
кондитерской 3,506558 0,000224
кондратенко 3,506558 0,000224
конечный 2,813411 0,000359
конечным 3,218876 0,000205
конкурсе 2,407946 0,000154
коновалов 3,218876 0,000205
конрад 3,912023 0,000250
константин 1,560648 0,000100
конструктивизм 2,813411 0,000179
конструктором 3,912023 0,000250
консулов 3,506558 0,000224
консульские 2,525729 0,000161
консульских 3,506558 0,000224
консульств 3,506558 0,000224
консульства 2,120264 0,000947
консульство 1,966113 0,000125
консультаций 3,912023 0,000250
контакте 3,912023 0,000250
контактной 3,218876 0,000205
контейнерных 3,912023 0,000250
контейнеры 2,813411 0,000179
контексте 1,560648 0,000100
контрабандная 3,912023 0,000250
контрабанды 3,912023 0,000250
контрастная 3,912023 0,000250
контрольно-счетная 2,207275 0,000141
контрольный 2,659260 0,000170
конурбация 3,912023 0,000250
конф 2,813411 0,000179
конференции 1,139434 0,000291
конференций 2,813411 0,000359
конференция 2,525729 0,000161
конфессией 3,506558 0,000224
конфиденциальности -0,009950 -0,000001
конца 0,562119 0,000179
конце 0,430783 0,000082
концентрацией 2,525729 0,000161
концентрируются 3,218876 0,000205
концепции 1,347074 0,000086
концепция 1,966113 0,000251
концертная 3,218876 0,000205
коньки 3,506558 0,000224
копии 0,653926 0,000083
копия 0,328504 0,000084
корабельной 3,506558 0,000224
кораблей 2,525729 0,000161
кораблем-музеем 3,912023 0,000250
кореи 2,995732 0,000382
корейская 3,506558 0,000224
корейские 3,912023 0,000250
корейских 3,912023 0,000250
корейского 3,506558 0,000224
корейской 2,040221 0,000130
корейцев 3,506558 0,000447
корейцы 1,609438 0,000103
коренные 2,407946 0,000154
корею 3,506558 0,000447
корея 1,897120 0,000605
коридор 2,207275 0,000141
корни 2,207275 0,000282
короткий -0,009950 -0,000001
короткометражной 3,912023 0,000250
коррупционным 3,912023 0,000250
коррупционных 3,218876 0,000205
коррупция 3,506558 0,000224
корты 2,995732 0,000382
корюшка 3,506558 0,000224
космоса 1,966113 0,000125
костел 2,813411 0,000179
костях 3,912023 0,000250
кот 2,525729 0,000161
кота-кинабалу 3,912023 0,000250
котельная 2,995732 0,000191
котельными 3,506558 0,000224
котельных 2,407946 0,000154
котла 3,506558 0,000224
котлов 3,912023 0,000250
котляр 3,912023 0,000250
которая 0,287682 0,000037
которого 0,301105 0,000096
которое 0,478036 0,000061
которой 0,174353 0,000067
котором 0,301105 0,000077
которому 0,843970 0,000108
которую 0,867501 0,000055
которые 0,162519 0,000073
который 0,105361 0,000034
которым 0,798508 0,000102
которых 0,094311 0,000078
кпсс 1,832581 0,000117
крабы 3,506558 0,000224
крае 1,514128 0,000869
краев 2,302585 0,000881
краевая 2,525729 0,001450
краевого 2,120264 0,000406
краевое 2,813411 0,000179
краевой 2,120264 0,001217
краж 2,813411 0,000179
кражи 2,813411 0,000179
край 0,891598 0,000626
крайгорода 2,525729 0,000161
красавиа 3,912023 0,000250
красивый 2,525729 0,000161
красно-серая 3,912023 0,000250
красноармейский 2,040221 0,000130
красное 1,832581 0,000117
краснознаменного 2,995732 0,000191
красной 0,967584 0,000062
краснолистные 3,912023 0,000250
красноперка 3,506558 0,000224
красноярск 0,967584 0,000247
красноярский 2,207275 0,000141
красноярского 2,302585 0,000294
красную 2,040221 0,000390
красный 0,941609 0,000060
красными 3,218876 0,000205
красок 3,912023 0,000250
краткая 0,967584 0,000062
краткий 1,560648 0,000100
кратчайшее 3,912023 0,000250
краю 1,966113 0,000125
края 0,713350 0,001774
краях 3,218876 0,000821
краяцентры 2,995732 0,000191
крепости 1,203973 0,000461
крепость 1,078810 0,000482
крест 2,120264 0,000135
крестов 3,912023 0,000250
кривелевич 3,912023 0,000499
кривенко 3,912023 0,000250
кризиса 2,040221 0,000130
кризисом 2,995732 0,000191
критиками 3,506558 0,000224
кришнаитов 3,912023 0,000250
кроме 0,235722 0,000060
кронштадт 2,525729 0,000161
крот 3,218876 0,000205
кротова 3,912023 0,000250
круглосуточный 3,506558 0,000447
кругом 2,040221 0,000130
кружков 3,506558 0,000224
крупная 1,514128 0,000097
крупнейшая 1,347074 0,000172
крупнейшего 2,302585 0,000147
крупнейшей 1,560648 0,000100
крупнейшие 0,776529 0,000149
крупнейший 0,755023 0,000144
крупнейшим 1,203973 0,000230
крупнейших 0,634878 0,000283
крупнозубая 3,912023 0,000250
крупной 1,897120 0,000242
крупные 0,579818 0,000222
крупный 0,798508 0,000204
крупным 1,021651 0,000130
крупных 0,494296 0,000221
крыма 0,843970 0,000054
крысы 3,506558 0,000224
крытый 2,207275 0,000141
кск 3,912023 0,000250
куба 2,659260 0,000170
кубе 3,506558 0,000224
кубка 1,347074 0,000086
кубок 1,832581 0,000234
кубометров 2,525729 0,000161
кубуч 3,506558 0,000224
кузиной 3,912023 0,000250
кузьмичев 3,912023 0,000250
куки -0,009950 -0,000001
кукол 0,916291 0,000234
культура 0,653926 0,000209
культуре 1,427116 0,000091
культурного 0,916291 0,000175
культурное 2,207275 0,000141
культурную 2,525729 0,000161
культурный 1,108663 0,000141
культурных 1,347074 0,000086
культурой 2,813411 0,000179
культуры 0,462035 0,000295
куперовская 3,912023 0,000250
куперовскую 3,912023 0,000250
купец 1,832581 0,000117
купца 1,560648 0,000100
купюра 3,912023 0,000250
купюре 3,506558 0,000224
курортная 2,995732 0,000191
курортной 2,995732 0,000191
курортный 2,813411 0,000179
курск 2,407946 0,000154
кустарников 2,207275 0,000141
кыргызстан 2,120264 0,000135
кырык 1,771957 0,000113
кэйдзай 3,912023 0,000250
лагерей 2,995732 0,000382
лагерь 2,120264 0,000270
лагутенко 3,912023 0,000250
лазаревич 2,995732 0,000191
лазовский 3,912023 0,000250
лазурная 3,912023 0,000499
лазурный 2,407946 0,000154
лама 2,995732 0,000191
ламбергера 3,912023 0,000250
ландшафт 2,302585 0,000147
лапу 3,506558 0,000224
ларусса 1,078810 0,000069
ласка 3,218876 0,000205
лауреат 2,040221 0,000260
легионеров 3,912023 0,000499
легкого 2,659260 0,000170
легкое 3,218876 0,000205
лед 1,897120 0,000121
ледовый 1,560648 0,000100
ледяного 3,218876 0,000205
ледяной 2,813411 0,000179
лекарственные 3,506558 0,000224
лекции 2,302585 0,000147
лемма 3,912023 0,000250
лемох 3,912023 0,000250
ленд-лиз 3,912023 0,000250
ленинагорода 2,120264 0,000135
ленинский 1,078810 0,000138
ленинским 3,218876 0,000205
ленты 2,525729 0,000161
леонида 2,813411 0,000179
леонидом 3,218876 0,000205
лес 1,514128 0,000193
леса 1,021651 0,000261
лесами 2,302585 0,000147
лесах 2,302585 0,000147
лесная 1,660731 0,000106
лесного 2,120264 0,000270
лесное 2,525729 0,000322
лесной 1,272966 0,000244
лесном 2,995732 0,000191
лесов 1,469676 0,000469
лесозаводск 3,912023 0,000250
лет 0,223144 0,000185
летие 1,309333 0,000084
летию 1,078810 0,000138
летия 1,108663 0,000071
летнее 1,966113 0,000125
летний 1,108663 0,000071
лето 0,891598 0,000227
летяга 3,506558 0,000224
лечебных 2,407946 0,000154
ливневыми 3,218876 0,000205
лигах 3,506558 0,000224
лидер 2,207275 0,000141
лидерами 2,302585 0,000147
ликвидации 1,609438 0,000103
ликвидирован 2,120264 0,000135
ликвидирована 2,813411 0,000179
линии 0,755023 0,000144
линий 1,309333 0,000084
линия 0,891598 0,000057
линиями 2,813411 0,000179
лисица 2,813411 0,000179
лист 1,966113 0,000251
листа 3,218876 0,000205
литература 0,061875 0,000008
литературе 1,514128 0,000193
литературный 1,427116 0,000091
литературных 2,302585 0,000147
литовская 1,309333 0,000084
лицевой 2,813411 0,000359
лицеев 1,771957 0,000113
лицей 2,207275 0,000141
лицей-интернат 3,218876 0,000205
лицензии -0,009950 -0,000001
лицея 2,659260 0,000170
лицо 1,771957 0,000113
личностей 3,218876 0,000205
личности 2,207275 0,000141
личные 1,966113 0,000125
лишены 3,218876 0,000205
лишились 2,813411 0,000179
лишь 0,478036 0,000152
логистики 3,912023 0,000250
лодках 3,506558 0,000224
лодкой 3,912023 0,000250
ложноакациевая 3,912023 0,000499
ложнозибольдов 3,912023 0,000250
ломающий 3,912023 0,000250
ломоносов 2,120264 0,000135
лоран 3,506558 0,000224
лоры 3,912023 0,000250
лосефф 3,912023 0,000250
лотос 3,218876 0,000205
лохов 3,912023 0,000250
лошадь 2,813411 0,000538
луга 1,966113 0,000125
луговая 3,506558 0,000224
луки 2,207275 0,000141
лутченко 3,506558 0,000224
луч 2,407946 0,000307
луч-энергия 3,912023 0,000250
лучевая 3,912023 0,000250
лучегорск 3,912023 0,000250
лучшие 1,560648 0,000199
лучшим 1,514128 0,000290
лучшими 2,813411 0,000179
лучших 1,049822 0,000268
лыжи 3,218876 0,000205
львиц 3,912023 0,000250
льда 1,832581 0,000117
людей 0,693147 0,000044
люди 0,755023 0,000096
лютеранская 1,897120 0,000363
маакия 3,506558 0,000224
мав 3,912023 0,000250
магазина 2,407946 0,000154
магазинов 2,040221 0,000130
магистрали 1,078810 0,000275
магистраль 1,427116 0,000091
магистралью 2,813411 0,000179
магнитах 3,912023 0,000250
магнолии 3,218876 0,000205
мае 0,867501 0,000055
мазуте 3,912023 0,000250
май 0,597837 0,000114
макао 2,995732 0,000191
макаренко 3,218876 0,000205
макарова 2,120264 0,000135
макати 3,912023 0,000250
макрорегиональный 3,912023 0,000250
макс 2,120264 0,000135
максим 1,560648 0,000100
максима 2,120264 0,000135
максимальных 2,995732 0,000191
максимова 2,659260 0,000170
максимовича 3,912023 0,000250
максимум 0,733969 0,000281
максимума 2,207275 0,000141
максимумы 3,506558 0,000224
малайзии 3,506558 0,000447
малайзия 2,995732 0,000382
малгобек 2,813411 0,000179
маленькие 3,506558 0,000224
маленькой 3,912023 0,000250
малкова 3,912023 0,000250
мало 1,427116 0,000182
маловажных 3,506558 0,000224
малое 1,897120 0,000121
малоразвита 3,912023 0,000250
малоснежной 2,995732 0,000191
малоэтажная 3,506558 0,000447
малоярославец 2,813411 0,000179
малые 1,832581 0,000117
малый 0,371064 0,000024
малых 1,309333 0,000084
мальцева 3,506558 0,000224
мальцевская 3,912023 0,000250
манджур 3,912023 0,000499
манила 3,912023 0,000250
манта 3,912023 0,000250
маньчжурский 3,506558 0,001342
марафон 2,995732 0,000191
марии 2,040221 0,000260
мариинка 3,912023 0,000250
мариинского 3,218876 0,001026
мариймакедонски 0,000000 0,000000
марин 3,912023 0,000250
марина 2,525729 0,000161
мариос 3,912023 0,000250
мариуполь 2,407946 0,000154
марка 0,867501 0,000055
марках 3,506558 0,000447
марки 2,040221 0,000130
март 0,616186 0,000118
марта 0,139262 0,000311
мартышенко 3,912023 0,000250
маршрут 1,272966 0,000162
маршрутная 2,995732 0,000191
маршрутный 2,407946 0,000154
маршрутов 0,967584 0,000062
мары 0,000000 0,000000
масленицы 3,912023 0,000250
масс 1,714798 0,000219
массива 2,525729 0,000161
массовой 0,916291 0,000234
массовую 3,912023 0,000250
массовых 1,832581 0,000117
массой 2,525729 0,000161
масштаб 1,897120 0,000363
масштабные 1,897120 0,000121
мат-лы 3,912023 0,000250
матвеев 2,040221 0,000130
математики 1,660731 0,000106
материал -0,009950 -0,000001
материалам 2,207275 0,000141
материалов 0,755023 0,000096
материалы 0,843970 0,000161
материальные 2,995732 0,000191
материковая 3,506558 0,000224
материковой 2,995732 0,000191
мати 3,912023 0,000250
матросская 3,912023 0,000250
матросы 3,912023 0,000250
матч 1,347074 0,000086
машин 1,139434 0,000145
машиностроение 1,560648 0,000199
мая 0,139262 0,000355
маяк 1,108663 0,000566
маяки 3,218876 0,000205
маятниковой 3,506558 0,000224
маятниковую 3,912023 0,000250
мвд 1,309333 0,000084
мвт 2,525729 0,000161
мгц 1,897120 0,000605
мегалополисов 3,218876 0,000205
мегафон 1,237874 0,000079
медиафайлы 0,301105 0,000019
медиахолдинг 3,506558 0,000224
медиахолдингов 3,912023 0,000250
медицина 1,897120 0,000121
медицинская 2,040221 0,000260
медицинский 0,891598 0,000569
медицины 1,514128 0,000097
междугородный 2,207275 0,000282
международная 1,309333 0,000167
международно 1,139434 0,000073
международного 0,733969 0,000374
международном 1,832581 0,000234
международные 0,941609 0,000300
международный 0,713350 0,000591
международным 1,966113 0,000251
международных 0,967584 0,000555
мелитополь 2,813411 0,000179
мелких 1,897120 0,000121
мелкой 3,912023 0,000250
мелкоплодник 3,912023 0,000250
мелкоплодника 3,912023 0,000499
мемориальные 2,659260 0,000170
мемориальный 1,469676 0,000094
менеджмента 2,302585 0,000147
менее 0,314711 0,000080
меньше 0,755023 0,000096
меньшей 2,207275 0,000141
меньших 3,506558 0,000224
мер 2,040221 0,000130
мере 1,272966 0,000081
меридианы 3,912023 0,001248
меркуловы 3,912023 0,000499
мероприятий 1,514128 0,000193
мероприятия 1,272966 0,000406
меры 2,207275 0,000141
мест 0,713350 0,000182
места 0,579818 0,000037
местами 1,427116 0,000091
месте 0,544727 0,000139
местного 0,941609 0,000240
местное 1,427116 0,000091
местной 1,832581 0,000117
местности 1,427116 0,000182
местностивикипедия 3,912023 0,000250
местные 1,049822 0,000067
местными 2,040221 0,000130
местных 1,108663 0,000071
место 0,371064 0,000213
местом 1,049822 0,000268
месяц 1,272966 0,000162
металла 2,302585 0,000147
металлы 2,407946 0,000154
метеорологическая 2,995732 0,000382
метеостанция 2,813411 0,000359
методистская 3,506558 0,000224
метро 1,272966 0,000162
метров 0,776529 0,000248
мецар 3,912023 0,000250
мешает 2,659260 0,000170
мешков 3,218876 0,000205
миграции 1,660731 0,000106
миграционных 3,218876 0,000411
миграцию 3,506558 0,000224
миграция 2,120264 0,000270
мид 2,207275 0,000141
мидии 3,218876 0,000205
миклина 3,912023 0,000250
миклушевский 3,912023 0,000499
микробиологии 3,218876 0,000205
микромицетов 3,912023 0,000250
микроорганизмов 2,525729 0,000161
микрорайоны 1,609438 0,000308
миллионка 3,912023 0,000998
миллионке 3,912023 0,000250
миллионку 3,912023 0,000250
мини-футбольный 2,207275 0,000141
минимум 0,693147 0,000133
минимумы 3,912023 0,000250
министерства 0,891598 0,000227
министерство 1,108663 0,000141
министров 1,660731 0,000212
минного 3,912023 0,000749
минный 3,912023 0,000499
минприроды 2,659260 0,000170
мир 0,342490 0,000044
мире 0,494296 0,000126
мирного 2,525729 0,000161
мировая 1,897120 0,000242
мировой 0,733969 0,000328
миром 2,659260 0,000170
миссионерских 3,912023 0,000250
миссия 2,525729 0,000161
митрополии 1,897120 0,000121
михаила 1,171183 0,000149
михайловский 2,407946 0,000154
мишуры 3,912023 0,000250
млн 0,462035 0,000383
млрд 0,820981 0,000576
мнение 1,427116 0,000182
мнению 0,967584 0,000062
многие 0,356675 0,000091
многим 1,897120 0,000121
многих 0,494296 0,000063
многоквартирными 3,506558 0,000224
многоквартирных 2,302585 0,000294
многонациональном 3,506558 0,000224
многонациональным 3,912023 0,000250
многопрофильных 3,506558 0,000224
многочисленными 1,966113 0,000125
многочисленных 1,560648 0,000199
многоэтажная 2,995732 0,000191
многоэтажных 2,525729 0,000161
множества 2,120264 0,000270
множество 0,597837 0,000038
множеством 2,040221 0,000130
мобильная -0,009950 -0,000001
могера 3,912023 0,000250
могут -0,009950 -0,000003
модерн 2,040221 0,000130
модерна 2,207275 0,000141
модернизации 1,966113 0,000125
модернизирован 3,218876 0,000205
модулем 1,021651 0,000065
моды 2,995732 0,000191
моему 3,912023 0,000250
можайск 2,813411 0,000179
мозаика 3,506558 0,000224
мокин 3,506558 0,000224
мокрый 3,218876 0,000205
мокшень 0,000000 0,000000
молитвенный 2,659260 0,000170
молодежи 1,469676 0,000187
молодежная 2,407946 0,000154
молодежной 2,040221 0,000130
молодежные 2,659260 0,000170
молодежь 2,659260 0,000339
молодого 2,525729 0,000161
молодой 1,832581 0,000351
молодых 1,660731 0,000106
моложе 2,207275 0,000141
молокозаводом 3,506558 0,000224
молочный 2,040221 0,000130
момент 0,597837 0,000076
момента 1,469676 0,000094
моменту 2,813411 0,000179
монгол 0,000000 0,000000
монета 1,309333 0,000167
монетным 3,506558 0,000224
мониторинг 1,832581 0,000234
мониторинга 1,714798 0,000109
монументального 2,207275 0,000141
монументальных 3,218876 0,000205
моонзунд 3,912023 0,000250
моргородка 3,912023 0,000499
моргородок 3,912023 0,000250
море 1,049822 0,000335
морем 1,771957 0,000113
мореплаватели 3,506558 0,000224
морепродуктов 3,218876 0,000205
морепродукты 3,912023 0,000250
морозной 3,506558 0,000224
моросящие 3,912023 0,000250
моросящими 3,912023 0,000250
морская 2,525729 0,000161
морские 1,609438 0,000513
морскими 2,813411 0,000538
морских 1,832581 0,000818
морского 1,897120 0,000484
морское 2,407946 0,000307
морской 1,309333 0,001336
мортранс 3,912023 0,000250
моря 0,579818 0,000259
морями 2,040221 0,000130
морях 2,995732 0,000191
москва 0,400478 0,000204
москва-эфес 3,912023 0,000250
москвавладивосток 3,912023 0,000250
москве 1,171183 0,000075
москвой 1,237874 0,000079
москвы 0,653926 0,000042
московский 0,891598 0,000171
московского 0,867501 0,000055
мост 0,967584 0,000679
моста 1,139434 0,000073
мосту 2,040221 0,000130
мосты 1,427116 0,000091
мотогонщикам 3,912023 0,000250
мотор 3,218876 0,000205
мочеполовой 3,912023 0,000250
мошенничества 2,813411 0,000179
мощности 2,120264 0,000135
мощность 2,207275 0,000422
мощностью 1,966113 0,000125
моэма 3,912023 0,000250
мрачное 3,506558 0,000224
мск 0,843970 0,000054
мтк 3,506558 0,000224
мтс 1,237874 0,000237
муж 2,995732 0,000191
мужчин 1,609438 0,000103
мужчины 1,832581 0,000117
музее 1,771957 0,000226
музеев 1,309333 0,000668
музеем 1,966113 0,000376
музеи 0,820981 0,000367
музей 0,776529 0,000594
музей-заповедник 1,832581 0,000234
музейного 3,218876 0,000205
музейных 2,995732 0,000191
музеологии 3,912023 0,000250
музея 1,021651 0,000391
музея-заповедника 2,525729 0,000161
музыка 1,347074 0,000086
музыкальный 1,469676 0,000187
музыкальных 1,832581 0,000234
музыкант 2,995732 0,000191
музыкантов 3,218876 0,000205
музыке 2,995732 0,000382
музыки 1,469676 0,000094
мультиплекса 1,897120 0,000242
мумий 3,912023 0,000499
муниципалитетов 3,218876 0,000205
муниципальная 2,407946 0,000307
муниципального 0,891598 0,000114
муниципальное 1,139434 0,000073
муниципальной 1,966113 0,000125
муниципальном 2,659260 0,000170
муниципальные 1,309333 0,000084
муниципальный 1,386294 0,000265
муниципальным 0,776529 0,000644
муниципальными 1,660731 0,000106
муниципальных 0,776529 0,000347
муравьева-амурского 3,506558 0,001118
мурманска 3,506558 0,000224
муссона 3,218876 0,000205
муссонный 2,995732 0,000191
муссонов 3,506558 0,000224
муссоны 3,506558 0,000224
мусульман 1,660731 0,000212
мусульманская 2,813411 0,000179
мусульманские 2,813411 0,000179
мусульманской 2,813411 0,000179
мутную 3,912023 0,000250
муфтий 3,912023 0,000250
мчс 2,120264 0,000135
мыса 2,302585 0,000147
мыши 2,525729 0,000161
мышь-малютка 3,506558 0,000224
мэйдзи 3,912023 0,000250
мэри 3,912023 0,000499
мэрия 1,897120 0,000121
мэров 3,506558 0,000224
мясокомбинатами 3,506558 0,000224
мятеж 2,302585 0,000147
набережная 1,139434 0,000218
набережной 1,272966 0,000162
наблюдался 2,302585 0,000147
наблюдать 3,218876 0,000205
наблюдений 1,386294 0,000088
навага 3,912023 0,000250
навалочные 3,912023 0,000250
навершие 3,912023 0,000250
навигации -0,009950 -0,000001
навигация -0,009950 -0,000001
наград 2,525729 0,000161
награду 2,995732 0,000191
награды 0,867501 0,000055
награжденные 1,021651 0,000130
нагрузки 2,207275 0,000141
надежда 2,120264 0,000135
надеждинский 3,912023 0,000499
надежды 2,407946 0,000154
назвал 1,660731 0,000106
назвало 3,912023 0,000250
название 0,198451 0,000152
названием 0,820981 0,000052
названия 0,342490 0,000044
назвать 2,120264 0,000135
наземного 2,525729 0,000161
назначение 2,525729 0,000161
назначении 3,218876 0,000205
назначения 1,427116 0,000091
называемого 2,995732 0,000191
называемый 1,514128 0,000097
называемых 2,040221 0,000260
называли 1,347074 0,000086
назывался 1,347074 0,000086
наиболее 0,139262 0,000107
наибольший 1,966113 0,000125
наибольшим 2,407946 0,000154
наименее 2,207275 0,000141
найдены 1,714798 0,000109
наклонный 3,912023 0,000250
наледи 3,506558 0,000224
наливные 3,912023 0,000250
наличие 1,108663 0,000141
наличием 2,525729 0,000161
наличного 2,995732 0,000191
налогового 3,912023 0,000250
нальчик 2,407946 0,000154
намерен 3,218876 0,000205
намерзанию 3,912023 0,000250
наметилось 3,912023 0,000250
нами -0,009950 -0,000001
нападения 3,218876 0,000411
написание 2,207275 0,000141
написания 1,897120 0,000121
напитков 2,813411 0,000179
напоминает 2,302585 0,000147
направлений 1,108663 0,000141
направления 0,755023 0,000048
направлениями 2,525729 0,000161
направленности 2,207275 0,000141
направленные 2,525729 0,000161
направо 1,560648 0,000100
напреенко 3,912023 0,000250
например 0,328504 0,000021
напротив 1,237874 0,000079
напрямую 1,660731 0,000106
наркомании 3,912023 0,000250
наро-фоминск 2,813411 0,000179
народная 0,713350 0,000045
народно-демократической 3,912023 0,000250
народно-революционной 3,506558 0,000224
народное 0,798508 0,000102
народностей 2,659260 0,000170
народных 1,203973 0,000077
народов 0,798508 0,000153
наряду 1,078810 0,000138
насаждений 1,660731 0,000530
насаждениями 2,525729 0,000322
насаждениях 3,506558 0,000671
насекомоядных 3,506558 0,000224
население 0,693147 0,000928
населением 0,776529 0,000099
населения 0,494296 0,002680
населениягод 0,000000 0,000000
населенного 2,525729 0,000161
населенные 0,673345 0,000129
населенными 1,966113 0,000125
населенных 0,693147 0,000619
насилия 3,506558 0,000224
наследие 1,347074 0,000086
наследия 0,820981 0,000105
настольный 2,407946 0,000154
настоящего 2,040221 0,000130
настоящее 0,328504 0,000210
наступает 0,916291 0,000058
наступают 3,506558 0,000224
насчитывает 1,347074 0,000086
насчитывается 1,427116 0,000364
насчитывалось 1,347074 0,000172
насчитывающей 3,912023 0,000250
насыпной 3,912023 0,000250
насыпные 3,506558 0,000224
насыщенный 3,912023 0,000250
насыщенным 3,912023 0,000250
наталья 1,660731 0,000318
натрия 3,218876 0,000205
натуральном 3,912023 0,000250
наук 0,693147 0,000398
наука 0,301105 0,000192
науки 0,820981 0,000314
науку 1,966113 0,000125
науч 1,714798 0,000219
научная 0,798508 0,000051
научно-исследовательский 1,237874 0,000158
научно-исследовательским 3,912023 0,000499
научно-исследовательского 2,995732 0,000573
научно-исследовательской 3,506558 0,000224
научно-образовательный 0,967584 0,000123
научно-практическая 3,912023 0,000250
научно-практической 2,207275 0,000141
научно-технической 2,407946 0,000154
научное 0,891598 0,000057
научной 1,108663 0,000141
научную 2,120264 0,000135
научные 1,049822 0,000268
научный 0,941609 0,000180
научных 0,776529 0,000248
нахимовского 3,506558 0,000447
находилась 1,514128 0,000097
находились 1,714798 0,000219
находился 0,776529 0,000099
находится 0,328504 0,000105
находка 1,171183 0,000299
находке 3,912023 0,000250
находкой 3,912023 0,000499
находятся 0,527633 0,000135
находящиеся 2,525729 0,000161
находящихся 2,207275 0,000141
национальном 2,659260 0,000339
национальностей 2,120264 0,000135
национальности 0,867501 0,000111
национальные 2,120264 0,000135
национальный 0,597837 0,000114
начал 0,798508 0,000102
начала 0,314711 0,000141
начале 0,314711 0,000141
начало 0,415515 0,000133
началось 0,616186 0,000079
начался 1,347074 0,000258
начальную 3,506558 0,000224
начальных 2,659260 0,000170
начинается 0,755023 0,000048
начнут 2,525729 0,000161
наш 1,609438 0,000103
наши 1,609438 0,000103
неаттестованных 3,912023 0,000250
неблагоприятном 3,912023 0,000499
небольшими 2,120264 0,000135
небоскреб 2,995732 0,000191
невельского 3,218876 0,000411
негативно 2,120264 0,000135
негосударственной 3,218876 0,000205
недели 2,120264 0,000406
неделя 2,407946 0,000154
недобросовестной 3,912023 0,000250
недостатков 0,653926 0,000042
недоступен 3,218876 0,000205
недоступная 0,527633 0,000067
недоступные 0,755023 0,000048
нежелательным 3,912023 0,000250
независимая 1,966113 0,000125
независимую 3,912023 0,000250
независимых 2,302585 0,000147
незаконного 3,506558 0,000224
нейтральных 3,218876 0,000205
некачественно 3,912023 0,000250
некоммерческая 3,506558 0,000224
некоммерческой -0,009950 -0,000001
некорректно 1,897120 0,000121
некоторых 0,494296 0,000032
некрасовская 3,912023 0,000250
некредитных 3,912023 0,000250
нелегального 3,912023 0,000250
нем 0,356675 0,000136
немало 1,966113 0,000125
немецкая 1,966113 0,000125
немногочисленных 3,506558 0,000224
нему 1,203973 0,000077
нео 3,912023 0,000250
необходимому 3,912023 0,000250
необходимости 1,660731 0,000106
неоготике 3,912023 0,000250
неожиданно 3,218876 0,000205
неоклассицизма 2,813411 0,000359
неоклассицизме 3,912023 0,000250
неочищенных 3,218876 0,000205
неоязычников 3,912023 0,000250
неподведенных 3,912023 0,000250
непосредственно 0,478036 0,000061
непрерывно 2,120264 0,000406
непрерывной 2,995732 0,000191
нептун 2,995732 0,000382
несколькими 1,660731 0,000212
нескольких 0,755023 0,000144
несколько 0,150823 0,000096
несли 2,813411 0,000179
несмотря 0,755023 0,000048
несовершеннолетних 3,912023 0,000250
нетихая 3,912023 0,000250
нетопырь 3,506558 0,000224
неудачная 3,218876 0,000205
неудачными 3,506558 0,000224
нефтепродукты 2,525729 0,000161
нехватку 3,912023 0,000250
неэнциклопедическим 2,995732 0,000382
неэнциклопедичных 3,506558 0,000224
нигматулина 3,912023 0,000250
нидал 3,912023 0,000499
ниже 0,693147 0,000044
нижняя 1,203973 0,000077
низкий 2,040221 0,000130
низкой 1,771957 0,000113
низкую 2,995732 0,000191
низменностях 3,506558 0,000224
низменные 2,995732 0,000191
ниигата 3,506558 0,000224
никита 2,302585 0,000147
николаев 2,407946 0,000307
николаевск-на-амуре 2,525729 0,000161
николаевска-на-амуре 3,218876 0,000205
николай 0,867501 0,000055
николая 0,916291 0,000117
никто 2,302585 0,000147
ними 1,049822 0,000067
нисколько 3,912023 0,000250
нихон 3,912023 0,000250
нихондзин 3,912023 0,000250
нобелевской 2,659260 0,000170
новая 0,634878 0,000243
новгород 0,867501 0,000055
новейшей 2,525729 0,000161
нового 0,579818 0,000037
новое 0,755023 0,000241
новой 0,653926 0,000042
новому 1,832581 0,000117
новороссия 3,506558 0,000224
новосибирску 3,218876 0,000205
новости 0,579818 0,000481
новостными 3,912023 0,000250
новую 1,171183 0,000149
новые 0,342490 0,000087
новый 0,446287 0,000114
новым 1,049822 0,000067
новых 0,430783 0,000192
номенклатуры 3,912023 0,000499
номер 0,820981 0,000105
номерам 3,506558 0,000224
номиналом 1,966113 0,000376
норвежская 0,248461 0,000016
норм 2,207275 0,000282
норма 0,798508 0,000306
нормам 2,813411 0,000179
нормы 1,514128 0,000193
носил 2,302585 0,000294
носит 1,309333 0,000084
носолистный 3,912023 0,000499
нохчийн 0,000000 0,000000
ночницы 3,912023 0,000250
ночь 1,514128 0,000290
нояб 0,820981 0,000105
ноябре 0,994252 0,000190
ноябрь 1,171183 0,000075
ноябрь-март 3,912023 0,000250
ноября 0,127833 0,000775
нська 0,000000 0,000000
нуждается 2,302585 0,000147
нуждаются 2,659260 0,000339
нужен 3,218876 0,000411
нулевых 3,506558 0,000224
нумерацией 3,218876 0,000205
нумерацию 3,218876 0,000411
нумизматике 2,207275 0,000282
ныне 0,653926 0,000125
нынешнего 1,771957 0,000113
ньскъ 0,000000 0,000000
оао 0,916291 0,000058
обвиняемыми 3,912023 0,000250
обедков 3,218876 0,000205
обеззараживание 3,912023 0,000250
обертас 3,912023 0,000998
обеспечения 0,867501 0,000055
обеспеченности 2,302585 0,000294
обеспеченность 2,120264 0,000135
обеспечивающей 3,506558 0,000224
обеспечить 2,120264 0,000135
обильный 3,912023 0,000250
обитают 2,040221 0,000260
обладает 1,171183 0,000448
областей 1,049822 0,000402
области 0,223144 0,000057
областного 1,108663 0,000071
областной 1,078810 0,000069
область 0,385662 0,000025
областях 1,560648 0,000398
облик 1,272966 0,000406
облику 3,912023 0,000250
обнародованы 3,912023 0,000250
обнаружили 2,813411 0,000179
обновленном 3,912023 0,000499
обновляется 2,659260 0,000170
обозначало 3,912023 0,000250
обозначения 1,660731 0,000106
обороне 2,207275 0,000141
оборонительного 2,813411 0,000179
оборонные 2,995732 0,000191
обороноспособность 3,506558 0,000224
обороны 1,309333 0,000167
оборот 1,309333 0,000167
оборота 1,966113 0,000125
оборотной 3,506558 0,000224
оборудование 1,347074 0,000172
оборудования 1,049822 0,000134
обоснованию 2,407946 0,000154
обострение 3,912023 0,000250
обрабатывающей 2,659260 0,000170
образование 0,494296 0,000189
образования 0,478036 0,000396
образованиям 0,776529 0,000644
образованиями 1,966113 0,000125
образовано 1,609438 0,000103
образовательная 2,995732 0,000191
образовательное 2,302585 0,000147
образовательные 1,714798 0,000109
образовательный 2,120264 0,000135
образом 0,371064 0,000047
образует 0,994252 0,000127
образующем 3,912023 0,000250
образующими 3,506558 0,000224
образуя 2,407946 0,000154
образца 2,407946 0,000307
образы 2,525729 0,000161
обрамлены 3,912023 0,000250
обращения 0,030459 0,000457
обслуживает 1,771957 0,000113
обслуживание 1,832581 0,000117
обслужил 2,813411 0,000179
обстановка 1,966113 0,000251
обстановки 2,407946 0,000154
обстановкой 2,659260 0,000170
обсудил 3,218876 0,000205
обсуждают 3,218876 0,000205
обувь 3,218876 0,000205
обучаются 2,407946 0,000154
обучение 1,714798 0,000109
обширные 2,207275 0,000141
общая 0,673345 0,000086
общего 0,713350 0,000182
общедоступный 2,525729 0,000161
общее 1,237874 0,000079
общежития 3,506558 0,000224
общей 0,597837 0,000191
общеобразовательных 1,203973 0,000154
обществ 2,995732 0,000191
общества 0,776529 0,000248
общественная 2,040221 0,000390
общественно-гражданского 3,912023 0,000250
общественного 0,916291 0,000175
общественное 1,966113 0,000251
общественном 1,897120 0,000121
общественный 0,941609 0,000300
общественных 1,021651 0,000130
общество 0,713350 0,000136
обществом 2,525729 0,000161
общие 0,673345 0,000043
общий 0,916291 0,000234
общим 1,427116 0,000182
общин 1,897120 0,000121
община 1,609438 0,000616
общины 1,514128 0,000386
объединений 2,040221 0,000260
объединения 1,203973 0,000154
объединенную 3,912023 0,000250
объединенный 2,302585 0,000147
объединенных 2,120264 0,000135
объединяет 1,771957 0,000226
объектами 1,897120 0,000121
объектов 0,527633 0,000202
объекты 0,478036 0,000091
объем 0,616186 0,000079
объема 1,237874 0,000237
объемами 3,506558 0,000224
объемы 1,897120 0,000121
объявил 1,714798 0,000109
объявл 3,506558 0,000224
объявлен 2,302585 0,000147
объявления 2,525729 0,000161
объяснения 2,207275 0,000845
объясняется 1,771957 0,000113
обывателя 3,912023 0,000250
обыкновенная 2,525729 0,000161
обычно 0,693147 0,000044
овчинникова 3,912023 0,000499
огороды 3,912023 0,000250
ограничении 3,506558 0,000447
ограничений 1,832581 0,000117
огромной 2,525729 0,000322
одаренные 3,912023 0,000250
одежда 3,218876 0,000205
одна 0,527633 0,000067
однако 0,174353 0,000089
одни 1,714798 0,000109
одним 0,494296 0,000158
одними 2,207275 0,000141
одно 0,693147 0,000044
одного 0,544727 0,000069
одноименный 2,407946 0,000154
одной 0,371064 0,000095
одноэтажные 3,506558 0,000224
одну 1,237874 0,000158
ожидают 1,897120 0,000121
оздоровительный 3,506558 0,000224
оздоровительных 2,813411 0,000179
озеленение 2,407946 0,000307
озеленении 3,506558 0,000224
озеленения 2,659260 0,000678
означает 1,237874 0,000079
оиак 3,912023 0,000250
ойкумена 3,506558 0,000895
оказались 1,514128 0,000386
оказывающих 2,995732 0,000191
окато 0,820981 0,000105
окатовая 3,912023 0,000250
океан 1,714798 0,000766
океанариум 2,525729 0,000322
океане 2,659260 0,000678
океанологический 3,912023 0,000250
океанская 3,912023 0,000749
океанский 3,912023 0,000250
океанского 3,506558 0,000224
оккупация 3,218876 0,000411
оккупировали 3,912023 0,000250
окно 2,407946 0,000154
около 0,000000 0,000000
окончательно 1,203973 0,000154
окончательного 2,995732 0,000191
окончили 3,912023 0,000250
окраинах 2,407946 0,000307
округ 0,673345 0,000301
округа 0,653926 0,000751
округе 1,309333 0,000167
округов 0,776529 0,000495
окружающей 1,049822 0,000067
окружающих 2,995732 0,000191
окт 0,798508 0,000102
октмо 0,843970 0,000054
октябре 0,967584 0,000062
октябре-ноябре 3,912023 0,000250
октябрь 0,867501 0,000055
октябрьский 1,078810 0,000069
октябрьской 1,078810 0,000138
октября 0,083382 0,000223
оле 3,912023 0,000499
олег 1,427116 0,000182
олимп 2,407946 0,000154
олимпа 3,912023 0,000250
олимпиад 3,506558 0,000224
олимпиец 3,218876 0,000411
олык 0,000000 0,000000
ольга 1,427116 0,000182
ольги 2,659260 0,000339
ольгинский 3,912023 0,000250
ольгу 3,912023 0,000250
ольхолистный 3,912023 0,000250
омск 1,021651 0,000065
омываемого 3,912023 0,000250
омывается 2,995732 0,000191
ондатра 3,506558 0,000224
онкологических 3,218876 0,000205
онлайн 0,198451 0,000013
ооо 0,843970 0,000161
оператор 1,609438 0,000103
оператора 1,966113 0,000125
операторов 1,347074 0,000086
операций 1,771957 0,000113
опережающего 2,995732 0,000382
оперного 3,218876 0,000205
оперных 3,912023 0,000250
оперы 1,660731 0,000318
опиекурение 3,912023 0,000250
описание -0,009950 -0,000001
описании 2,659260 0,000170
опорная 2,813411 0,000359
опорной 2,659260 0,000170
опорный 2,407946 0,000307
опорным 3,912023 0,000250
опорных 2,659260 0,000170
определены 2,813411 0,000179
оптовой 2,407946 0,000154
орган 1,203973 0,000230
организацией 1,966113 0,000251
организации -0,009950 -0,000004
организаций 0,776529 0,000396
организация 0,891598 0,000227
организациями 2,120264 0,000135
организмов 2,659260 0,000170
организовали 2,813411 0,000179
организован 1,660731 0,000212
организованными 3,506558 0,000224
организованы 2,040221 0,000130
органов 0,994252 0,000063
органы 0,891598 0,000227
орденом 1,021651 0,000130
орел 1,609438 0,000103
оригинала 0,162519 0,000674
оркестр 1,660731 0,000212
орлиная 3,912023 0,000250
орлиное 3,912023 0,000499
ортогональная 3,912023 0,000250
ортсабеларуская 0,000000 0,000000
оружия 1,560648 0,000100
осадков 0,544727 0,000278
освоение 1,966113 0,000125
осени 1,966113 0,000125
осенью 1,309333 0,000167
осетия 2,659260 0,000170
осипов 0,527633 0,000067
оскар 2,659260 0,000170
оскол 2,813411 0,000179
осмыслению 3,912023 0,000250
оснащение 2,995732 0,000191
основан 0,579818 0,000185
основана 1,272966 0,000081
основание 1,272966 0,000244
основанием 2,659260 0,000170
основании 1,427116 0,000091
основания 0,713350 0,000091
основанные 0,776529 0,000099
основатель 1,609438 0,000103
основе 0,494296 0,000032
основная 0,116534 0,000074
основное 1,347074 0,000086
основной 0,653926 0,000042
основном 0,510826 0,000130
основные 0,223144 0,000071
основным 0,616186 0,000039
основными 1,203973 0,000230
основных 0,634878 0,000081
основу 1,203973 0,000154
особенно 0,562119 0,000036
особенностей 1,832581 0,000117
особенности 0,994252 0,000063
особенностью 1,609438 0,000103
особенностями 3,218876 0,000205
особняк 2,302585 0,000294
особо 1,237874 0,000158
особое 1,832581 0,000117
особой 2,120264 0,000135
особый 2,040221 0,000260
особым 2,659260 0,000170
особыми 2,995732 0,000191
оставив 3,218876 0,000205
остается 0,891598 0,000057
остались 1,714798 0,000328
остальные 0,891598 0,000057
остановочно-пересадочных 3,912023 0,000250
остатки 1,469676 0,000094
остров 1,139434 0,000218
острова 1,078810 0,000275
островами 2,302585 0,000147
островах 2,302585 0,000441
острове 1,660731 0,000953
островные 3,912023 0,000250
острову 3,506558 0,000224
остроконечный 3,912023 0,000499
осуществляет 1,203973 0,000154
осуществляется 0,776529 0,000149
осуществлялась 2,407946 0,000154
осьминоги 3,912023 0,000250
ответственности -0,009950 -0,000001
отвечает 2,302585 0,000441
отвечал 2,813411 0,000179
отдаленные 3,218876 0,000411
отдел 1,771957 0,000113
отделение 1,139434 0,000581
отделения 1,021651 0,000261
отдельное 1,966113 0,000125
отдельных -0,009950 -0,000002
отдыха 1,049822 0,000201
отдыхающих 2,813411 0,000179
отелей 2,407946 0,000154
отель 1,966113 0,000125
отечественная 1,832581 0,000117
отечественной 0,673345 0,000215
отзывы 3,218876 0,000205
отказ -0,009950 -0,000001
отказывается 3,506558 0,000224
отключении 3,912023 0,000250
открывается 1,660731 0,000106
открывалось 3,912023 0,000250
открылась 1,309333 0,000418
открылся 0,941609 0,000180
открыт 0,798508 0,000306
открыта 0,967584 0,000123
открытие 0,941609 0,000120
открытии 2,040221 0,000260
открытия 0,916291 0,000058
открытках 2,995732 0,000191
открыто 1,078810 0,000275
открыты 1,049822 0,000201
открытый 1,049822 0,000067
открытым 1,309333 0,000084
отличается 0,579818 0,000148
отличался 2,995732 0,000191
отличающийся 3,912023 0,000250
отмены 2,302585 0,000147
отметок 3,218876 0,000205
отмечается 1,309333 0,000418
отмечалось 2,407946 0,000154
отмечаются 2,407946 0,000154
отмечен 1,966113 0,000125
отмечено 1,966113 0,000125
отмечены 2,207275 0,000141
отмэрь 3,912023 0,000250
относили 3,912023 0,000250
относительно 0,415515 0,000053
относится 0,733969 0,000047
относят 1,609438 0,000411
относящееся 2,525729 0,000161
отношении 1,203973 0,000077
отношений 1,309333 0,000251
отношения 0,994252 0,000190
отопление 3,506558 0,000671
отопления 3,506558 0,000224
отр 1,832581 0,000117
отравления 3,506558 0,000224
отраслевые 2,813411 0,000179
отрасли 1,078810 0,000069
отраслями 2,525729 0,000161
отредактирована -0,009950 -0,000001
отреставрированными 3,912023 0,000250
отступающие 3,912023 0,000250
отсутствовали 2,813411 0,000179
оттепели 2,302585 0,000294
отчасти 2,302585 0,000147
отчету 3,218876 0,000205
офицер 3,912023 0,000250
офицеров 1,771957 0,000113
офицерская 3,912023 0,000250
официальн 0,000000 0,000000
официально 0,693147 0,000265
официальный 0,510826 0,000456
официальным 1,272966 0,000162
оформлено 3,912023 0,000250
охватить 3,506558 0,000224
охватывает 1,771957 0,000113
охвачен 3,912023 0,000250
охотск 2,813411 0,000179
охрана 1,771957 0,000113
охраной 2,659260 0,000170
охрану 2,659260 0,000170
охраняемые 2,302585 0,000147
охраняются 3,912023 0,000250
оценивал 3,506558 0,000224
оценивались 3,218876 0,000205
оценка 0,693147 0,000088
оценке 1,560648 0,000100
очарование 3,506558 0,000224
очень 0,494296 0,000032
очередной 2,040221 0,000130
очерк 1,237874 0,000158
очерки 1,171183 0,000075
очерков 3,506558 0,000224
очертания 2,813411 0,000179
очистить 3,218876 0,000205
очистке 2,659260 0,000509
очистку 2,659260 0,000170
очистные 2,207275 0,000985
очистных 2,525729 0,000644
очищались 3,912023 0,000250
ошибкекак -0,009950 -0,000001
ошибки 1,897120 0,000121
павел 1,469676 0,000187
павла 1,714798 0,000219
павлов 2,525729 0,000161
падь 3,218876 0,001026
палата 1,660731 0,000106
палатками 3,912023 0,000250
пальца 3,912023 0,000250
памятная 1,660731 0,000212
памятник 0,693147 0,000177
памятника 1,078810 0,000069
памятники 0,733969 0,000281
памятников 0,820981 0,000314
панищенко 3,912023 0,000250
панно 3,218876 0,000205
панорама 1,386294 0,000088
панорамы 2,040221 0,000130
пао 1,427116 0,000091
парада 3,218876 0,000205
парализована 3,506558 0,000224
параметрамивикипедия 2,207275 0,000141
парк 0,693147 0,000354
парка 1,021651 0,000130
парке 1,171183 0,000149
парки 1,272966 0,000162
парков 1,514128 0,000193
парковки 2,407946 0,000461
парковок 2,525729 0,000161
пароль 3,218876 0,000411
паром 2,813411 0,000179
паромами 3,912023 0,000250
паромов 2,995732 0,000191
паромы 3,218876 0,000411
пароходо-корвет 3,912023 0,000250
партизанск 3,912023 0,000250
партизанский 3,218876 0,000205
партизанской 3,218876 0,000205
партизаны 3,912023 0,000250
партий 2,659260 0,000170
парусная 3,218876 0,000205
парусником 3,912023 0,000250
паруснику 3,912023 0,000250
парусному 2,995732 0,000191
пасмурной 2,659260 0,000170
паспорте 3,912023 0,000250
пассажира 3,506558 0,000224
пассажирам 3,506558 0,000224
пассажиров 1,309333 0,000418
пассажиропоток 1,966113 0,000125
пассажирские 1,427116 0,000091
пассажирский 1,514128 0,000193
пассажирских 1,609438 0,000205
пассажирского 1,609438 0,000103
пасторами 3,912023 0,000250
патриархат 3,218876 0,000205
пахнущую 3,912023 0,000250
пациентов 2,302585 0,000294
певец 2,407946 0,000154
певица 3,506558 0,000224
пейзажей 3,912023 0,000250
пекин 2,659260 0,000339
пекинского 3,506558 0,000224
пеленгас 3,912023 0,000250
пенза 1,108663 0,000071
пенсильванский 3,912023 0,000250
первая 0,430783 0,000330
первого 0,733969 0,000094
первое 0,544727 0,000208
первой 0,462035 0,000413
первомайский 1,660731 0,000212
первореченский 3,912023 0,000499
первореченском 3,912023 0,000250
первую 0,867501 0,000332
первые 0,494296 0,000158
первый 0,385662 0,000271
первым 0,597837 0,000153
первыми 1,609438 0,000103
первых 0,653926 0,000042
перевалочным 3,218876 0,000205
перевалочных 3,912023 0,000250
переведен 2,040221 0,000130
переведены 2,207275 0,000282
перевезено 2,659260 0,000509
перевезли 3,218876 0,000205
перевел 3,506558 0,000224
перевела 3,506558 0,000224
перевести 2,302585 0,000147
перевод 1,427116 0,000091
переводе 2,040221 0,000130
перевозки 1,203973 0,000077
перевозок 1,469676 0,000281
перевозчика 3,912023 0,000250
переворот 2,813411 0,000179
передвижения 2,995732 0,000191
переднюю 3,912023 0,000250
переехала 2,995732 0,000191
переживал 3,218876 0,000205
пережил 3,218876 0,000411
пережили 3,218876 0,000205
перезахоронение 3,912023 0,000499
перейдет 2,995732 0,000191
перейти -0,009950 -0,000001
переключение 2,995732 0,000191
переключены 3,912023 0,000250
перекресток 1,714798 0,000219
перемещение 2,995732 0,000191
перенесен 2,040221 0,000390
перенести 2,207275 0,000141
переоснащения 3,912023 0,000250
переписи 0,755023 0,000626
перепись 0,820981 0,000471
перепродажи 3,912023 0,000250
перерабатываются 3,912023 0,000250
переработал 3,912023 0,000250
переселение 3,218876 0,000205
пересечение 2,302585 0,000147
пересеченным 3,912023 0,000250
перестал 2,659260 0,000170
перестройки 2,407946 0,000307
пересчете 2,995732 0,000382
пересыльный 3,912023 0,000250
перетоком 3,912023 0,000250
переход 1,427116 0,000091
перечень 1,469676 0,000281
перешедший 3,912023 0,000250
перешел 1,832581 0,000117
перешла 1,660731 0,000212
перешли 1,771957 0,000113
период 0,342490 0,000415
периода 0,967584 0,000123
периодами 3,912023 0,000250
периодически 1,897120 0,000121
периодов 2,040221 0,000130
периоды 1,560648 0,000199
перпендикулярную 3,912023 0,000250
перпендикулярные 3,218876 0,000205
персональные -0,009950 -0,000001
перспективы 1,347074 0,000344
песня 1,609438 0,000308
песчаного 3,506558 0,000224
песчаном 3,506558 0,000224
петра 1,078810 0,000550
петраки 3,912023 0,000250
петров 2,207275 0,000141
петрова 2,302585 0,000147
петрозаводск 2,407946 0,000154
петропавловск-камчатский 2,407946 0,000461
петухов 3,506558 0,000447
печати -0,009950 -0,000001
печатных 1,609438 0,000103
печать -0,009950 -0,000001
пешим 3,912023 0,000250
пзу 3,912023 0,000499
пивоварни 3,506558 0,000224
пико 3,912023 0,000250
пиковой 3,218876 0,000205
пикунов 3,912023 0,000250
пиломатериалы 3,506558 0,000224
пионерское 3,912023 0,000499
пионерском 3,912023 0,000250
пирена 3,912023 0,000250
писателя 1,660731 0,000106
письма 1,897120 0,000121
питания 1,272966 0,000162
питьевой 2,302585 0,000147
пихта 2,659260 0,000170
пишут 2,659260 0,000170
пищевая 1,560648 0,000199
пищевое 3,506558 0,000224
плавания 2,659260 0,000170
плаза 3,218876 0,000205
план 0,755023 0,000530
плана 1,272966 0,000162
планах 2,040221 0,000260
планировалось 1,832581 0,000117
планирования 1,714798 0,000109
планировка 1,771957 0,000565
планировки 2,040221 0,000130
планировку 2,302585 0,000147
планировочный 3,912023 0,000998
планировочных 3,912023 0,000250
плансон 3,912023 0,000250
плану 1,386294 0,000088
планы 1,347074 0,000086
пластилиновом 3,912023 0,000250
пластом 3,912023 0,000250
платного 2,659260 0,000170
платной 2,813411 0,000179
платные 2,525729 0,000161
платных 2,302585 0,000147
плачевном 3,506558 0,000224
плосколистная 3,912023 0,000499
плотность 0,693147 0,000088
плотностью 3,506558 0,000224
плохих 3,506558 0,000224
площадки 1,714798 0,000109
площадкой 2,207275 0,000141
площадок 1,714798 0,000328
площадь 0,478036 0,000183
площадью 0,994252 0,000444
плюсам 3,912023 0,000250
пляжами 3,218876 0,000205
пляжному 2,995732 0,000191
победил 2,302585 0,000147
победы 0,916291 0,000058
побережье 1,560648 0,000299
побережья 1,427116 0,000364
поблизости 3,218876 0,000205
побратимских 2,120264 0,000135
побывало 3,218876 0,000205
поведения -0,009950 -0,000001
поверхности 1,514128 0,000097
поверхностью 2,659260 0,000170
повести 1,897120 0,000242
повлекло 3,506558 0,000224
повлияла 3,506558 0,000224
поводу 2,207275 0,000141
повреждено 3,912023 0,000250
повседневная 3,218876 0,000205
повседневную 3,506558 0,000224
повторно 2,813411 0,000179
повторяет 3,218876 0,000205
повышение 1,609438 0,000103
повышенной 2,813411 0,000179
повышенный 2,995732 0,000191
погода 0,776529 0,000248
погодная 3,912023 0,000250
погодой 2,207275 0,000563
погост 3,218876 0,000205
пограничный 2,659260 0,000170
пограничных 2,995732 0,000191
погребов 3,912023 0,000250
подало 3,506558 0,000224
подаренные 3,912023 0,000250
подачи 2,659260 0,000339
подведомственными 3,218876 0,000205
подвергались 3,218876 0,000411
подводной 2,659260 0,000170
подготовке 2,207275 0,000141
подготовки 1,309333 0,000251
подданных 2,995732 0,000191
подземных 1,966113 0,000125
подзоне 2,659260 0,000170
подключения 2,525729 0,000161
подлеске 3,218876 0,000205
поднимаются 3,218876 0,000205
подножье 3,912023 0,000250
подняв 3,912023 0,000250
подобрано 3,912023 0,000250
подписан 1,897120 0,000121
подписания 2,813411 0,000179
подписано 2,040221 0,000130
подписаны 2,659260 0,000339
подпрограмма 3,506558 0,000224
подразделение 2,407946 0,000154
подробнее -0,009950 -0,000001
подробное 3,218876 0,000205
подробностей 3,506558 0,000224
подряд 2,525729 0,000161
подстанций 3,218876 0,000205
подход 1,771957 0,000113
подчинения 1,386294 0,000088
подчиненными 2,995732 0,000191
подчиненных 3,218876 0,000205
подчинены 1,897120 0,000242
подъем 1,832581 0,000117
поезда 1,272966 0,000162
поездки 2,659260 0,000170
поездов 1,609438 0,000103
поездок 2,813411 0,000179
поехать 3,506558 0,000224
пожалуйста 1,469676 0,000094
пожарский 3,912023 0,000250
пожары 2,302585 0,000147
позволяет 0,755023 0,000048
позволяют 1,469676 0,000094
поздней 2,302585 0,000147
поздравил 3,506558 0,000224
позже 0,733969 0,000094
позняк 3,912023 0,000499
поиск -0,009950 -0,000001
поиски 2,659260 0,000170
поиску -0,009950 -0,000001
пока 0,843970 0,000054
показатели 0,994252 0,000063
показатель 0,713350 0,000091
покровский 1,771957 0,000226
покровское 2,813411 0,000179
покрытием 2,040221 0,000130
покупки 2,659260 0,000170
полдень 0,916291 0,000058
поле 0,798508 0,000051
полевая 2,813411 0,000179
полевки 3,506558 0,000224
полезный 3,506558 0,000224
полеты 2,525729 0,000161
полиграфическая 2,659260 0,000170
полиграфический 3,912023 0,000250
полиди 3,506558 0,000224
поликлиники 1,966113 0,000125
политика -0,009950 -0,000001
политики 1,237874 0,000158
политическая 0,843970 0,000054
политический 2,120264 0,000270
политической 1,469676 0,000094
полицентрических 3,912023 0,000250
полиции 2,407946 0,000154
полной 1,832581 0,000117
полном 2,525729 0,000161
полнометражном 3,506558 0,000224
полностью 0,400478 0,000026
полный 1,272966 0,000081
половина 1,171183 0,000149
половине 0,634878 0,000121
половину 1,660731 0,000212
половины 0,994252 0,000190
положение 0,510826 0,000130
положении 2,040221 0,000260
положения 1,309333 0,000084
положительная 2,525729 0,000322
полосами 2,659260 0,000170
полосы 1,469676 0,000094
полотна 2,302585 0,000147
полотнище 1,609438 0,000103
полтора-два 3,506558 0,000224
полу 0,916291 0,000234
полумарафон 3,506558 0,000447
полуоккупации 3,912023 0,000250
полуостров 1,714798 0,000219
полуострова 1,560648 0,000498
полуострове 2,525729 0,000483
получив 2,407946 0,000154
получившем 3,912023 0,000499
получил 0,713350 0,000227
получила 0,653926 0,000083
получили 0,967584 0,000062
получится 3,218876 0,000205
получить 1,427116 0,000091
польза 3,218876 0,000205
пользования 1,660731 0,000212
пользователей 1,714798 0,000109
пользу 1,832581 0,000117
пользуется 2,407946 0,000154
пользуются 1,966113 0,000125
пользующаяся 3,912023 0,000250
польшу 3,218876 0,000205
полюс 2,995732 0,000191
поляков 0,916291 0,000058
полякова 2,813411 0,000179
полярный 2,120264 0,000135
поместил 2,995732 0,000191
помещено 2,995732 0,000191
помимо 0,562119 0,000143
помогли 3,506558 0,000224
понимает 3,506558 0,000224
пономарев 2,995732 0,000191
поочередно 3,912023 0,000250
поощряло 3,912023 0,000250
попал 1,897120 0,000121
попали 2,995732 0,000191
попова 2,407946 0,000614
поправко 3,912023 0,000749
популярностью 2,207275 0,000141
популярные 2,407946 0,000154
популярных 1,832581 0,000117
попытка 2,120264 0,000135
попытки 1,660731 0,000212
пор 0,941609 0,000060
пороге 2,995732 0,000191
пороховых 3,912023 0,000250
порт 0,941609 0,001081
порт-артур 3,912023 0,000250
порт-артура 3,912023 0,000250
порта 1,309333 0,000585
порто-франко 3,506558 0,000447
портов 2,120264 0,000676
портовая 2,995732 0,000191
портовик 3,912023 0,000250
портовики 3,912023 0,000250
портом 2,302585 0,000587
порту 2,207275 0,000282
порты 1,714798 0,000219
портыгорода 3,912023 0,000250
поручений 3,506558 0,000224
поручениями 3,912023 0,000250
поручено 3,218876 0,000205
порядка 1,139434 0,000145
посадках 3,506558 0,000224
посадку 2,995732 0,000191
посвящен 2,207275 0,000141
посвященная 1,714798 0,000109
посвященной 2,407946 0,000307
посвященный 1,660731 0,000212
посвящено 2,995732 0,000191
поселенец 3,912023 0,000250
поселении 2,995732 0,000191
поселений 0,798508 0,000458
поселениям 0,967584 0,000062
поселенцев 2,995732 0,000191
поселкам 0,891598 0,000057
поселке 1,609438 0,000103
поселки 1,347074 0,000172
поселок 1,108663 0,000071
посетил 1,897120 0,000121
посетили 2,302585 0,000441
посетило 2,659260 0,000339
посетить 2,407946 0,000154
посещаемым 3,912023 0,000499
посещает 2,525729 0,000483
посещений 2,659260 0,000339
посещения 2,525729 0,000483
последнего 1,609438 0,000103
последнее 1,347074 0,000086
последние 0,755023 0,000433
последний -0,009950 -0,000001
последним 2,040221 0,000130
последних 1,347074 0,000086
последняя 0,342490 0,000044
последователей 3,506558 0,000224
последовательно 1,832581 0,000117
последствия 2,040221 0,000130
пособие 1,609438 0,000103
посольства 2,120264 0,000135
посольство 2,525729 0,000161
пост 1,514128 0,000386
поста 2,525729 0,000644
поставила 3,912023 0,000250
поставили 2,302585 0,000147
поставленный 3,912023 0,000250
постановлением 1,469676 0,000281
постановлений 3,218876 0,000205
постепенно 0,867501 0,000055
постепенному 3,912023 0,000250
постоянно 1,108663 0,000141
постоянного 0,693147 0,000354
постоянное 2,120264 0,000135
постоянной 1,897120 0,000121
постоянные 1,966113 0,000125
пострадала 2,813411 0,000179
построен 0,798508 0,000102
построенное 3,218876 0,000205
построенный 1,237874 0,000079
построенными 3,218876 0,000205
построено 0,867501 0,000055
построены 1,021651 0,000195
построит 3,506558 0,000224
постройками 2,995732 0,000191
постройки 1,139434 0,000073
поступает 2,302585 0,000147
поступающих 3,218876 0,000205
потенциал 1,347074 0,000086
потеря 2,813411 0,000179
потерял 2,120264 0,000135
потеряли 3,218876 0,000205
потока 2,302585 0,000147
потребности 2,302585 0,000147
потребовал 3,218876 0,000205
почвах 2,659260 0,000170
почему 0,000000 0,000000
почетное 1,560648 0,000199
почетные 1,108663 0,000283
почта 1,609438 0,000103
почтамта 2,995732 0,000191
почтовая 1,078810 0,000069
почтовый 1,108663 0,000071
почтовых 2,525729 0,000161
пошатнул 3,912023 0,000250
поэме 2,813411 0,000179
поэт 1,897120 0,000121
поэтому 0,616186 0,000039
поэты 2,407946 0,000154
появилась 0,820981 0,000052
появились 0,579818 0,000074
появилось 1,171183 0,000149
появился 0,693147 0,000133
появляется 1,560648 0,000100
появляются 1,560648 0,000100
пояс 0,693147 0,000044
пояснительная 2,407946 0,000154
поясности 3,218876 0,000205
права 0,755023 0,000048
правды 2,302585 0,000147
правилами 1,771957 0,000113
правительства 0,693147 0,000177
правительство 0,843970 0,000269
правительством 1,832581 0,000117
править -0,009950 -0,000098
правка 0,328504 0,000021
правки 2,207275 0,000141
правкиновые -0,009950 -0,000001
правкипостоянная -0,009950 -0,000001
православие 1,560648 0,000100
православная 1,272966 0,000081
православную 3,506558 0,000224
православных 1,427116 0,000091
правую 3,506558 0,000224
правый 1,386294 0,000088
праздник 1,714798 0,000109
праздников 2,302585 0,000147
празднует 3,506558 0,000224
практич 3,912023 0,000250
практически 0,755023 0,000096
преблагина 3,912023 0,000250
превращает 2,995732 0,000191
превращаться 2,525729 0,000161
превращение 3,218876 0,000205
превысил 2,525729 0,000161
превысила 2,207275 0,000282
превысило 1,966113 0,000125
превышение 2,040221 0,000130
предисл 2,120264 0,000135
предметами 3,912023 0,000250
предметов 1,660731 0,000212
предоставляют 1,427116 0,000091
предоставляющее 3,506558 0,000224
предписывается 3,912023 0,000250
предполагается 1,560648 0,000100
предполагалось 1,771957 0,000113
предприниматели 3,218876 0,000205
предприниматель 2,302585 0,000147
предпринимательства 1,714798 0,000109
предприятие 1,237874 0,000158
предприятий 0,713350 0,000227
предприятия 0,713350 0,000227
предприятиями 1,660731 0,000106
предприятиях 1,832581 0,000117
представились -0,009950 -0,000001
представит 3,912023 0,000250
представителей 1,469676 0,000094
представители 1,272966 0,000081
представитель 1,897120 0,000121
представительный 1,771957 0,000113
представительств 2,040221 0,000260
представительство 1,514128 0,000097
представлен 0,891598 0,000114
представлена 1,171183 0,000373
представление 1,514128 0,000193
представлению 2,525729 0,000161
представленное 3,218876 0,000205
представленной 3,218876 0,000205
представлено 1,560648 0,000299
представлены 0,867501 0,000055
представляет 0,446287 0,000085
представляла 2,659260 0,000170
представляющих 2,659260 0,000170
предусматривавший 2,995732 0,000191
предусматривает 2,120264 0,000135
прежде 1,049822 0,000134
презентация 3,506558 0,000224
президент 1,386294 0,000354
президента 0,916291 0,000175
президентом 2,525729 0,000161
преимущество 2,659260 0,000170
прей 3,912023 0,000499
прекращались 3,912023 0,000250
прекращении 2,813411 0,000179
премии 1,714798 0,000219
премия 2,407946 0,000307
преобладает 2,120264 0,000135
преобладают 1,203973 0,000154
преобладающими 3,912023 0,000250
преобладающих 2,525729 0,000161
преображения 2,407946 0,000154
преобразован 2,207275 0,000141
преобразовать 2,995732 0,000191
преп 3,218876 0,000205
преподавателей 2,659260 0,000170
пресвитерианская 3,912023 0,000499
пресвитерианские 3,912023 0,000250
пресвитерианской 3,912023 0,000250
пресвятой 1,272966 0,000162
преследования 3,506558 0,000224
пресса 2,120264 0,000541
прессе 2,995732 0,000191
престижным 3,506558 0,000224
преступление 3,912023 0,000499
преступлений 2,040221 0,000260
преступности 2,120264 0,000135
преступность 1,897120 0,000363
преступностью 3,912023 0,000250
преступными 3,912023 0,000250
преступных 2,813411 0,000179
претендующих 3,912023 0,000250
приамурский 3,506558 0,000671
приамурском 3,912023 0,000250
приамурья 2,995732 0,000191
приборостроительные 3,218876 0,000205
прибрежные 2,302585 0,000147
прибрежных 2,302585 0,000294
прибывший 3,506558 0,000224
прибыл 2,407946 0,000154
привели 1,560648 0,000100
привело 1,108663 0,000071
привлекает 2,813411 0,000538
привлекателен 3,912023 0,000250
привлекающий 3,506558 0,000224
привлечением 3,506558 0,000224
приволжский 1,897120 0,000121
пригорода 3,506558 0,000224
пригородные 1,469676 0,000187
пригородных 1,609438 0,000103
придачу 3,506558 0,000224
приз 2,659260 0,000170
призером 2,813411 0,000179
признавать 3,506558 0,000224
признала 2,407946 0,000154
признан 1,427116 0,000182
признания 0,916291 0,000058
признанный 2,995732 0,000191
признанных 0,967584 0,000062
призраки 3,912023 0,000250
приказчиков 3,506558 0,000447
прикладной 2,207275 0,000141
прикладных 2,120264 0,000135
прилегающие 2,040221 0,000130
прилежащих 3,506558 0,000224
приложение 1,309333 0,001336
примводоканал 3,912023 0,000250
примгидромет 3,912023 0,000250
применения 1,272966 0,000081
применили 3,912023 0,000250
применяемого 0,843970 0,000054
применяемым 0,941609 0,000060
пример 1,171183 0,000075
примере 1,771957 0,000452
примеру 2,040221 0,000130
примечания -0,009950 -0,000001
приморочка 3,912023 0,000250
приморская 2,995732 0,002102
приморские 3,912023 0,000499
приморский 2,207275 0,002816
приморским 3,912023 0,000250
приморских 3,912023 0,000499
приморского 2,813411 0,006280
приморское 2,659260 0,000339
приморской 3,218876 0,001232
приморском 3,506558 0,001789
приморскому 3,912023 0,000250
приморскстат 3,912023 0,000749
приморскую 3,506558 0,000671
приморцев 3,912023 0,000250
приморье 2,813411 0,003948
приморья 3,218876 0,002874
примсоцбанк 3,912023 0,000250
примстат 3,912023 0,000749
примтеркомбанк 3,912023 0,000250
принимает 1,469676 0,000375
принимали 1,966113 0,000125
принимать 1,660731 0,000106
принимают 1,771957 0,000113
принудительно 3,506558 0,000224
принципах 2,302585 0,000147
принципу 2,302585 0,000147
приняла 1,966113 0,000376
приняли 1,347074 0,000086
принят 1,427116 0,000364
принятием 2,995732 0,000191
принятия 2,120264 0,000135
принято 0,713350 0,000091
приоритете 3,506558 0,000224
приостановлено 2,302585 0,000147
приполярной 3,506558 0,000224
природа 1,309333 0,000084
природно-ресурсный 3,912023 0,000250
природной 1,897120 0,000121
природные 1,108663 0,000071
природный 1,660731 0,000424
природных 1,108663 0,000212
природоохранные 2,995732 0,000191
прироста 2,407946 0,000154
присвоен 1,832581 0,000117
присвоено 1,078810 0,000069
присоединены 2,813411 0,000179
приспособлена 3,506558 0,000224
приступ 3,912023 0,000250
приступила 2,659260 0,000170
притягателен 3,912023 0,000250
притяжения 2,995732 0,000191
приходилось 1,660731 0,000106
приходит 1,897120 0,000121
приходится 0,776529 0,000198
приходов 2,995732 0,000191
приходы 2,040221 0,000130
прихожан 2,813411 0,000179
причала 2,995732 0,000191
причалы 2,995732 0,000191
причинения 3,506558 0,000224
пришелся 2,813411 0,001077
пришли 1,771957 0,000113
пришлось 1,771957 0,000226
проб 2,525729 0,000161
пробками 3,912023 0,000250
пробки 2,659260 0,000170
проблем 0,798508 0,000102
проблемам 2,207275 0,000141
проблемой 1,660731 0,000212
проблемы 0,544727 0,000174
проведении 2,659260 0,000170
проведению 2,040221 0,000130
проведения 0,843970 0,000054
проведенной 2,525729 0,000322
проверенная 1,049822 0,000067
проверки 0,994252 0,000063
провинциями 3,912023 0,000250
проводами 3,506558 0,000224
проводах 3,912023 0,000250
проводился 2,525729 0,000161
проводимых 2,813411 0,000179
проводится 1,108663 0,000354
проводить 2,302585 0,000147
проводя 3,218876 0,000205
проводятся 1,203973 0,000154
провозгласили 3,912023 0,000250
провозгласить 3,912023 0,000250
провозглашена 2,525729 0,000161
провоцирует 3,506558 0,000224
программ 1,203973 0,000077
программа 0,994252 0,000063
программирование 2,525729 0,000161
программы 0,713350 0,000182
прогулка 2,813411 0,000179
продлением 3,912023 0,000250
продовольственных 2,995732 0,000191
продолжается 1,560648 0,000199
продолжают 2,040221 0,000130
продукт 1,660731 0,000106
продукты 1,832581 0,000117
проезды 3,912023 0,000250
проект 0,400478 0,000153
проекта 0,616186 0,000118
проектам 2,040221 0,000130
проектами 3,912023 0,000250
проектах -0,009950 -0,000001
проектахзначения 1,237874 0,000079
проектировщиками 3,912023 0,000250
проектируемого 3,912023 0,000250
проектная 3,218876 0,000205
проектно-конструкторским 3,912023 0,000250
проектную 3,218876 0,000205
проекту 1,049822 0,000067
проживало 1,514128 0,000097
проживания 1,832581 0,000117
проживают 1,966113 0,000376
проживающих 2,659260 0,000339
проза 3,218876 0,000205
произведение 2,407946 0,000154
произведениях 2,302585 0,000441
произвести 2,659260 0,000170
производится 1,714798 0,000109
производства 0,616186 0,000118
производственных 2,407946 0,000154
производство 0,941609 0,000240
производят 1,966113 0,000125
произошел 1,171183 0,000149
произошла 1,714798 0,000109
произошли 1,832581 0,000117
пролетках 3,912023 0,000250
пролив 2,040221 0,000130
пролива 2,407946 0,000307
проложили 2,813411 0,000179
промысловой 3,506558 0,000224
промышленная 1,771957 0,000113
промышленно-экономического 3,912023 0,000250
промышленного 1,171183 0,000075
промышленное 1,660731 0,000106
промышленности 0,579818 0,000111
промышленность 0,693147 0,000177
промышленные 1,171183 0,000075
промышленных 0,916291 0,000234
пронто-владивосток 3,912023 0,000250
проповедниками 3,912023 0,000250
прорезан 3,912023 0,000250
просмотры -0,009950 -0,000001
проспект 1,021651 0,000065
проспекта 1,347074 0,000086
проституция 3,506558 0,000224
пространств 2,525729 0,000161
пространства 1,049822 0,000067
просуществовав 3,912023 0,000250
протестами 3,912023 0,000250
протестантизм 2,040221 0,000130
протестантских 2,995732 0,000573
против 0,798508 0,000051
противовоздушной 3,506558 0,000224
протокол 1,560648 0,000100
протяжении 0,867501 0,000055
протяженность 0,941609 0,000180
протяженностью 1,386294 0,000088
протянулся 2,407946 0,000154
профессиональная 2,302585 0,000147
профессионального 1,427116 0,000091
профессиональное 2,040221 0,000130
профессиональный 1,897120 0,000363
профессиональных 1,771957 0,000113
профессора 1,660731 0,000106
прохладной 3,506558 0,000447
проходил 1,660731 0,000106
проходили 1,427116 0,000091
проходило 2,407946 0,000154
проходит 0,693147 0,000177
проходят 0,941609 0,000180
процветали 3,912023 0,000250
процент 2,302585 0,000294
процессе 1,309333 0,000084
процессов 1,347074 0,000258
процессом 2,813411 0,000179
прочее 0,653926 0,000083
прочие 1,203973 0,000077
прошел 0,994252 0,000063
прошли 1,309333 0,000251
прошло 2,040221 0,000130
прошлое 1,771957 0,000113
прямоугольное 1,771957 0,000113
псевдоисторические 3,912023 0,000250
псков 2,207275 0,000141
птиц 1,469676 0,000094
публикаций 2,407946 0,000154
публичная 1,966113 0,000125
публичный 2,407946 0,000154
публичных 2,407946 0,000154
пугачевой 3,912023 0,000250
пузыреплодник 3,912023 0,000250
пункт 1,203973 0,000307
пункта 1,514128 0,000097
пунктами 1,897120 0,000121
пунктов 0,653926 0,000709
пунктом 1,832581 0,000351
пункты 0,616186 0,000197
пусан 3,506558 0,000224
пустом 3,912023 0,000250
пустыря 3,912023 0,000250
путеводитель 0,713350 0,000091
путей 0,916291 0,000117
путешественника 2,813411 0,000179
путешествия 2,525729 0,000161
путешествовать 3,218876 0,000205
пути 0,693147 0,000221
путь 0,820981 0,000052
путями 2,407946 0,000307
пуховские 3,912023 0,000250
пушкарев 3,506558 0,000224
пушкарева 3,912023 0,000250
пушкинский 2,659260 0,000339
пхеньян 3,912023 0,000250
пхохан 3,912023 0,000250
пятидесятнические 3,506558 0,000224
пятилетки 2,525729 0,000161
пятилетку 2,995732 0,000191
пятого 2,302585 0,000147
пятое 2,207275 0,000141
пять 1,108663 0,000283
пятью 2,407946 0,000154
работа 0,891598 0,000057
работает 0,755023 0,000144
работал 1,309333 0,000084
работали 1,469676 0,000281
работают 0,673345 0,000344
работающий 3,218876 0,000205
работе 1,237874 0,000237
работника 3,218876 0,000205
работники 2,407946 0,000307
работников 1,469676 0,000094
работой 1,897120 0,000242
работы 0,314711 0,000060
рабочая 2,207275 0,000141
ради 2,525729 0,000161
радио 0,891598 0,000284
радиоведущий 3,912023 0,000250
радиозаводы 3,912023 0,000250
радиостанции 1,347074 0,000430
радиостанций 1,771957 0,000113
радиостанция 1,966113 0,000251
радово 3,912023 0,000250
радолой 3,912023 0,000250
раза 0,867501 0,000498
разбои 3,506558 0,000224
разведки 2,659260 0,000170
разведчика 3,912023 0,000250
развивалась 1,966113 0,000125
развивался 2,040221 0,000390
развиваться 1,469676 0,000094
развит 1,897120 0,000121
развита 1,897120 0,000121
развитие 0,314711 0,000100
развитием 1,171183 0,000075
развитии 1,078810 0,000413
развитию 0,843970 0,000054
развития 0,287682 0,000257
развитой 2,040221 0,000260
развитую 2,813411 0,000179
развиты 1,714798 0,000109
развитыми 3,912023 0,000250
разворачиваются 3,912023 0,000250
разгрузил 3,506558 0,000224
разделен 1,171183 0,000075
разделена 2,040221 0,000130
разделенных 2,407946 0,000154
разделили 3,218876 0,000205
различных 0,385662 0,000049
размеру 2,407946 0,000154
размещения 0,843970 0,000054
разное 1,966113 0,000251
разной 2,813411 0,000359
разнообразием 2,813411 0,000179
разнообразии 3,506558 0,000224
разнообразные 2,207275 0,000282
разнообразных 1,966113 0,000125
разные 1,139434 0,000073
разными 2,120264 0,000135
разрабатывается 2,813411 0,000179
разработчики -0,009950 -0,000001
разрезе 2,813411 0,000359
район 0,597837 0,000267
района 0,673345 0,000172
районам 0,820981 0,000105
районе 0,527633 0,000303
районов 0,562119 0,000466
районы 0,653926 0,000334
райцентров 0,941609 0,000060
рамках 0,544727 0,000208
ран 0,776529 0,000891
ранее 0,430783 0,000055
раскрывающийся 3,912023 0,000250
раскрыто 2,995732 0,000191
распад 3,218876 0,000205
располагавшиеся 3,218876 0,000205
располагает 1,609438 0,000205
располагается 0,994252 0,000127
располагались 1,966113 0,000125
располагался 1,660731 0,000212
располагаются 1,108663 0,000071
расположен 0,733969 0,000328
расположена 0,916291 0,000234
расположения 1,832581 0,000234
расположенная 1,609438 0,000103
расположенного 1,832581 0,000117
расположенное 2,407946 0,000154
расположенной 2,302585 0,000147
расположенные 1,514128 0,000193
расположенный 1,203973 0,000154
расположенных 1,427116 0,000182
расположено 0,916291 0,000117
расположены 0,673345 0,000301
распространен 2,813411 0,000179
распространение 1,237874 0,000079
распространенных 2,120264 0,000135
распространено 2,302585 0,000294
распространены 1,832581 0,000234
распущены 3,218876 0,000205
рассказали 3,218876 0,000205
рассказах 3,506558 0,000224
рассказе 2,995732 0,000191
рассказов-травелогов 3,912023 0,000250
рассматривался 3,218876 0,000205
рассматривают 2,407946 0,000154
расстояние 0,843970 0,000215
расстрелянных 3,218876 0,000411
растений 1,386294 0,000177
растения 1,771957 0,000113
растениями 3,506558 0,000224
растет 1,660731 0,000106
растительности 2,302585 0,000147
растительный 1,966113 0,000251
расхищено 3,912023 0,000250
расцвела 3,506558 0,000224
расцвет 2,525729 0,000161
расчета 2,407946 0,000154
расчету 3,218876 0,000205
расчищенных 3,912023 0,000250
расчлененную 3,912023 0,000250
расширение 0,527633 0,000034
расширения 1,514128 0,000097
расширило 3,912023 0,000250
расширяться 3,506558 0,000447
ратимир 3,912023 0,000250
рбк 1,386294 0,000177
реализация 1,560648 0,000100
реальная 2,995732 0,000191
революции 0,693147 0,000088
революциинаселенные 2,120264 0,000135
революция 1,427116 0,000273
регион 1,021651 0,000130
региона 0,776529 0,000446
регионального 1,108663 0,000141
региональное 1,660731 0,000106
региональные 1,171183 0,000149
региональный 1,347074 0,000258
региональным 2,302585 0,000294
региональных 1,203973 0,000077
регионам 2,659260 0,000170
регионе 1,049822 0,000201
регионов 0,941609 0,000060
регионоведческие 3,912023 0,000499
регионом 3,218876 0,000205
регионы 1,049822 0,000134
регистрация 3,912023 0,000250
регистре 3,912023 0,000250
регистрировался 3,912023 0,000250
регулирования 2,813411 0,000179
регулярно 1,272966 0,000081
ред 0,235722 0,000060
редакция 1,469676 0,000094
редкие 2,040221 0,000130
редкими 3,218876 0,000205
режим 1,108663 0,000141
режима 2,120264 0,000135
режимами 3,506558 0,000224
режиме 1,514128 0,000193
резко 0,967584 0,000123
результатам 1,049822 0,000067
результате 0,342490 0,000109
рейнеке 3,506558 0,000671
рейтинг 1,272966 0,000406
рейтинге 1,203973 0,000384
рек 0,820981 0,000105
река 0,733969 0,000047
реках 2,040221 0,000130
реке 0,713350 0,000045
реки 0,462035 0,000029
рекламы 2,302585 0,000441
реконструирован 2,207275 0,000282
реконструкции 0,967584 0,000185
реконструкцию 2,040221 0,000130
реконструкция 1,203973 0,000077
рекордный 3,506558 0,000224
рекреационная 2,995732 0,000191
рекреационного 3,506558 0,000224
рекреационной 2,813411 0,000179
религиозная 2,120264 0,000135
религиозно-культурный 3,912023 0,000250
религиозные 1,609438 0,000103
религиозный 2,813411 0,000179
религиозных 1,469676 0,000187
религия 0,843970 0,000215
реликтовых 3,912023 0,000250
реликты 3,912023 0,000250
рельеф 0,941609 0,000060
рельефа 1,514128 0,000097
рельефе 2,813411 0,000179
рельефом 3,218876 0,000205
ремонт 1,714798 0,000109
репетиция 3,912023 0,000250
репрессий 2,120264 0,000270
респираторные 3,912023 0,000250
республик 1,609438 0,000513
республика 0,843970 0,000431
республиках 3,506558 0,000895
республики 0,916291 0,000234
республику 2,813411 0,000538
ресурсов 0,798508 0,000255
ресурсы 0,020203 0,000003
ретейлеров 3,912023 0,000250
ретейлером 3,912023 0,000250
рефрижератора 3,912023 0,000250
рефрижераторные 3,912023 0,000250
речка 2,207275 0,000985
речками 3,912023 0,000250
речки 2,525729 0,001289
речку 2,813411 0,000179
речная 2,659260 0,000170
речные 1,897120 0,000121
решение 0,755023 0,000385
решением 1,078810 0,000069
решения 0,967584 0,000185
решил 2,407946 0,000154
решили 2,207275 0,000141
решительный 3,912023 0,000250
решить 2,120264 0,000135
ржд 1,832581 0,000117
ржев 1,771957 0,000113
риа 1,049822 0,000536
ритмы 3,912023 0,000250
робиния 3,912023 0,000499
рог 3,218876 0,003901
рога 3,506558 0,000224
родившиеся 2,995732 0,000382
родион 3,912023 0,000250
родной 1,897120 0,000121
рододендрон 3,506558 0,000224
родственных 0,755023 0,000048
рождаемости 2,120264 0,000135
рождаемость 2,302585 0,000147
рожденная 3,912023 0,000250
рожкова 3,506558 0,000224
роза 1,021651 0,000065
розломий 3,912023 0,000250
розничной 1,514128 0,000386
розничных 2,813411 0,000179
ройтау 3,912023 0,000250
рок-группы 3,506558 0,000224
ролиз 3,912023 0,000250
роль 0,579818 0,000074
рольщиков 3,912023 0,000250
роман 1,771957 0,000113
романе 2,659260 0,001187
романтик 3,912023 0,000250
росавиация 3,506558 0,000224
росгидромет 3,218876 0,000411
росгидромета 2,995732 0,000191
росло 2,995732 0,000191
россии 0,186330 0,001046
россиинаселенные 2,302585 0,000147
российская 0,186330 0,000119
российские 0,994252 0,000127
российский 0,634878 0,000729
российских 0,733969 0,000234
российско-украинской 1,108663 0,000071
российского 0,634878 0,000162
российское 1,771957 0,000565
российской 0,385662 0,000861
российском 2,040221 0,000130
россию 1,966113 0,000125
россия 0,371064 0,000189
росспэн 0,994252 0,000063
росстат 0,776529 0,000050
рост 0,967584 0,000185
роста 1,386294 0,000088
ростелеком 1,386294 0,000265
ростов-на-дону 1,237874 0,000079
ростральная 3,912023 0,000250
ростральной 3,912023 0,000250
росту 1,832581 0,000117
роща 1,514128 0,000097
рощи 2,659260 0,000170
рпц 2,302585 0,000294
рпцз 3,912023 0,000998
рср 3,912023 0,000499
рсфср 0,733969 0,000468
ртутного 3,218876 0,000205
руб 1,171183 0,000075
рубеж 2,525729 0,000161
рубежа 2,813411 0,000359
рубеже 1,560648 0,000100
рублевой 3,506558 0,000224
рублей 0,755023 0,000530
рудная 2,995732 0,000191
руины 2,995732 0,000191
рук 2,040221 0,000130
руках 2,120264 0,000135
руки 2,120264 0,000135
руководит 2,407946 0,000307
руководства 1,897120 0,000121
руководство 1,272966 0,000081
руководящие 2,813411 0,000179
рукокрылых 3,506558 0,000224
руль 3,912023 0,000250
рус 0,162519 0,000809
русиньскыйсаха 0,000000 0,000000
русса 2,525729 0,000161
русская 0,867501 0,000166
русские 0,544727 0,000104
русский -0,009950 -0,000009
русским 1,560648 0,000199
русских 0,843970 0,000161
русско-японская 3,506558 0,000447
русско-японской 3,912023 0,000250
русского 0,494296 0,000221
русской 0,673345 0,000086
русском 1,049822 0,000469
русскому 1,966113 0,000125
рустамова 3,912023 0,000250
ручьями 3,912023 0,000250
рыба 2,813411 0,000179
рыбаков 2,813411 0,000359
рыбаковский 3,912023 0,000250
рыбная 2,525729 0,000161
рыбной 2,995732 0,000382
рыбный 2,302585 0,000441
рыбокомбинат 3,506558 0,000224
рыболовецкие 3,912023 0,000250
рыболовецкий 3,912023 0,000250
рыболовства 3,218876 0,000205
рыбоперерабатывающими 3,912023 0,000250
рыбопродукция 3,912023 0,000250
рыбохозяйственного 3,506558 0,000447
рыбохозяйственный 3,506558 0,000447
рыбы 1,897120 0,000121
рынка 1,237874 0,000079
рынков 2,120264 0,000135
рынок 1,021651 0,000195
ряд 0,385662 0,000025
ряде 1,237874 0,000079
рядовых 3,218876 0,000205
рядом 0,733969 0,000047
с-в 0,000000 0,000000
с-з 0,000000 0,000000
сабанеева 3,912023 0,000250
сад-институт 3,912023 0,000998
сада-института 3,912023 0,000250
садгород 3,912023 0,000499
садов 2,040221 0,000390
саду 1,660731 0,000106
сады 1,660731 0,000212
саентологов 3,912023 0,000250
сайт 0,371064 0,000331
сайты 0,478036 0,000030
самая 0,798508 0,000102
саммит 2,120264 0,000541
саммита 2,995732 0,000573
саммиту 3,218876 0,001232
само 2,040221 0,000130
самой 0,916291 0,000175
самом 1,108663 0,000071
самоуправление 2,040221 0,000130
самоуправления 0,994252 0,000254
самохвалов 3,912023 0,000250
самые 1,021651 0,000195
самый 0,579818 0,000148
самым 0,653926 0,000250
самых 0,544727 0,000278
сан-диего 3,912023 0,000250
сан-франциско 2,995732 0,000191
санаториев 2,525729 0,000161
санаторий 2,302585 0,000147
санаторная 3,912023 0,000250
санаторно-курортной 3,912023 0,000250
сандрара 3,912023 0,000250
санкт-петербург 0,776529 0,000099
санкт-петербургский 2,407946 0,000154
санкт-петербургским 2,995732 0,000191
санкт-петербургского 2,207275 0,000141
санкт-петербургу 2,659260 0,000339
сахалин 2,995732 0,000382
сахалина 3,218876 0,000205
сахалинскую 3,912023 0,000250
сахарный 3,506558 0,000224
сборник 0,653926 0,000250
сборнике 3,218876 0,000205
сброс 2,407946 0,000154
сброса 2,407946 0,000154
сведениям 1,966113 0,000125
свергли 3,912023 0,000250
свергнуть 3,912023 0,000250
сверху 1,347074 0,000086
света 1,714798 0,000109
светильники 3,912023 0,000250
светлана 2,302585 0,000147
светланская 3,912023 0,000250
светланской 3,912023 0,001497
свидетельства 2,659260 0,000170
свободе 3,506558 0,000224
свободная 2,659260 0,000170
свободной -0,009950 -0,000001
свободный 2,407946 0,000461
свободы 1,714798 0,000109
свое 0,616186 0,000079
своего 0,776529 0,000050
своей 0,776529 0,000099
своем 1,560648 0,000100
своими 1,427116 0,000182
свойства 1,660731 0,000106
свойство 0,653926 0,000083
свыше 0,891598 0,000114
свяжитесь -0,009950 -0,000001
связан 1,171183 0,000075
связанный 2,525729 0,000161
связаны 1,237874 0,000158
связей 1,560648 0,000100
связи 0,235722 0,000120
связующим 3,506558 0,000224
связывающей 2,813411 0,000359
связь 0,616186 0,000118
связью 3,218876 0,000205
святого 1,078810 0,000138
святой 1,272966 0,000081
святуха 3,912023 0,000250
священного 2,813411 0,000179
сделав 3,218876 0,000205
сделала 2,659260 0,000170
сделать 1,386294 0,000088
сделаться 3,912023 0,000250
сдержать 3,506558 0,000224
севвостлага 3,912023 0,000250
север 1,171183 0,000075
севере 1,139434 0,000073
северная 1,078810 0,000069
северной 0,693147 0,000044
северном 1,469676 0,000094
северные 1,966113 0,000376
северный 0,820981 0,000052
северными 2,813411 0,000538
северо-востоку 2,302585 0,000147
северо-западном 2,040221 0,000130
северо-западными 3,912023 0,000250
сегодня 0,616186 0,000236
сегодняшний 1,660731 0,000212
седанка 3,912023 0,000998
седанке 3,912023 0,000250
седрик 3,912023 0,000250
седрика 3,912023 0,000250
седьмого 1,609438 0,000103
сезонных 2,525729 0,000161
секрет 2,659260 0,000339
секретарем 3,218876 0,000205
секретности 3,912023 0,000250
сектора 1,832581 0,000117
селитебной 3,912023 0,000250
село 1,469676 0,000187
сельдь 3,218876 0,000205
сельскими 2,813411 0,000179
сельских 0,776529 0,000495
сельского 1,347074 0,000086
сельское 1,427116 0,000091
сельскохозяйственных 1,966113 0,000125
семенов 2,207275 0,000141
семенова 2,659260 0,000339
семи 1,386294 0,000088
семидесяти 3,218876 0,000205
семизначной 3,912023 0,000250
семизначную 3,218876 0,000411
семилопастный 3,912023 0,000250
семинарии 2,407946 0,000154
семинарию 3,218876 0,000205
семинария 1,469676 0,000187
семинаров 3,912023 0,000749
семь 1,309333 0,000334
семьей 2,995732 0,000191
семьи 1,272966 0,000081
сент 0,843970 0,000108
сентябре 0,994252 0,000127
сентябрь 1,309333 0,000167
сентября 0,072571 0,000278
серая 2,813411 0,000718
сервис 2,207275 0,000141
сервиса 1,514128 0,001642
сервисом 3,218876 0,000205
сергеевич 2,302585 0,000147
сергей 0,967584 0,000185
сергея 1,469676 0,000094
сердце 2,302585 0,000147
сердюк 3,912023 0,000250
серебряному 3,912023 0,000250
середине 0,562119 0,000072
сериале 3,218876 0,000205
серии 1,386294 0,000177
серьезные 2,207275 0,000141
сети 0,494296 0,000221
сетка 3,912023 0,000250
сеть 0,616186 0,000511
сетью 1,714798 0,000328
сетям 2,813411 0,000179
сетях 1,139434 0,000073
сеул 3,218876 0,000411
сеульский 3,912023 0,000250
сибади 3,506558 0,000224
сибири 1,347074 0,000601
сибирская 1,832581 0,000234
сибирский 1,469676 0,000187
сибирской 1,832581 0,000468
сибирскую 2,407946 0,000154
сибирцевой 3,912023 0,000499
сидели 3,912023 0,000250
сидоркина 3,912023 0,000250
сил 1,771957 0,000339
силами 1,309333 0,000167
силу 1,021651 0,000130
силуэт 2,995732 0,000191
силы 1,427116 0,000364
сильно 0,776529 0,000198
сима 3,506558 0,000224
символ 1,203973 0,000154
символвладивостока 3,912023 0,000250
символика 1,272966 0,000162
символики 2,659260 0,000170
символов 1,560648 0,000100
символы 1,386294 0,000088
симпозиумов 3,912023 0,000250
симфонический 1,897120 0,000121
синагога 1,609438 0,000103
сингапур 2,813411 0,000179
сингулярность 3,912023 0,000250
синего 2,659260 0,000170
синие 2,995732 0,000191
синица 3,506558 0,000224
синода 2,813411 0,000179
синузии 3,912023 0,000250
сироты 3,912023 0,000250
систем 0,798508 0,000102
система 0,235722 0,000120
системе 0,733969 0,000047
системеобсуждениевкладсоздать -0,009950 -0,000001
систему 0,673345 0,000086
системы 0,342490 0,000175
ситуации 1,347074 0,000172
ситуацию 1,771957 0,000113
ситуация 1,469676 0,000094
сих 1,078810 0,000138
сказалось 2,813411 0,000179
сказка 2,120264 0,000135
скалистому 3,912023 0,000250
скалы-кекуры 3,912023 0,000250
скамейки 3,506558 0,000224
скачать -0,009950 -0,000001
сквер 1,203973 0,000077
скверов 2,302585 0,000294
скелетных 3,912023 0,000250
склады 2,659260 0,000339
склонам 3,218876 0,000205
склоне 2,525729 0,000161
склону 3,912023 0,000250
склоны 2,525729 0,000161
скобках 2,207275 0,000141
сколько 0,653926 0,000042
скорости 1,897120 0,000242
скорость 0,867501 0,000055
скоростью 2,302585 0,000147
скрыплева 3,912023 0,000499
скульпторов 2,525729 0,000161
слава 2,302585 0,000147
славы 1,078810 0,000413
славыгорода 3,912023 0,000250
слева 1,108663 0,000071
следующая 2,525729 0,000161
следующие 0,544727 0,000069
следующих 1,386294 0,000088
сливались 3,912023 0,000250
сливу 3,912023 0,000250
слобода 1,660731 0,000424
слободка 2,659260 0,000170
слов 1,560648 0,000199
слова 0,562119 0,000072
словари 0,116534 0,000007
словарь 0,274437 0,000018
сложившуюся 2,813411 0,000179
сложилась 1,832581 0,000468
сложились 2,525729 0,000161
сложно 2,525729 0,000161
сложном 2,813411 0,000179
сложности 1,347074 0,000086
сложным 0,867501 0,000055
служб 2,302585 0,000294
служба 0,693147 0,000265
службы 0,798508 0,000102
служил 2,407946 0,000307
случаев 1,469676 0,000094
случаи 1,714798 0,000109
случаются 2,302585 0,000147
случаях -0,009950 -0,000001
смежного 3,912023 0,000250
смена 2,040221 0,000130
сменились 3,912023 0,000250
сменяющиеся 3,506558 0,000224
смешанных 2,207275 0,000141
смещение 0,798508 0,000051
сми 0,867501 0,000221
смогли 2,040221 0,000130
смутные 3,912023 0,000250
снабжает 3,506558 0,000224
снег 1,832581 0,000117
снега 1,771957 0,000226
снеговая 3,506558 0,000224
снижению 2,659260 0,000339
снижения 1,714798 0,000219
снизил 3,218876 0,000205
снизилась 2,302585 0,000294
снимается 3,218876 0,000205
снимок 2,040221 0,000130
сноуборд 3,506558 0,000224
сняты 2,525729 0,000161
снятый 2,813411 0,000179
собака 3,218876 0,000205
собой 0,328504 0,000063
собор 0,755023 0,000048
собора 1,108663 0,000071
собрание 0,941609 0,000060
собрания 1,139434 0,000218
собственно 1,386294 0,000177
собственного 1,427116 0,000091
собственное 2,525729 0,000161
собственности 1,514128 0,000193
событийного 3,912023 0,000250
событийной 3,912023 0,000250
события 1,108663 0,000141
событияпожертвовать -0,009950 -0,000001
совершают 2,995732 0,000382
совершенно 2,302585 0,000147
совершенное 3,218876 0,000205
совет 0,916291 0,000175
совета 0,798508 0,000102
советов 0,820981 0,000209
советская 0,371064 0,000071
советские 1,347074 0,000086
советский 0,755023 0,000337
советского 0,776529 0,000198
советское 0,994252 0,000380
советской 0,755023 0,000241
советскую 2,659260 0,000339
советы 2,659260 0,000170
совместно 1,427116 0,000091
современная 1,108663 0,000212
современнейший 3,912023 0,000250
современного 0,653926 0,000334
современное 1,108663 0,000212
современной 0,579818 0,000148
современном 1,272966 0,000081
современность 1,609438 0,000205
современные 0,916291 0,000117
современный 0,967584 0,000185
современных 0,713350 0,000136
согласно 0,301105 0,000134
соглашение 1,139434 0,000073
содействии 2,813411 0,000179
содержание 0,010050 0,000001
содержанием 2,407946 0,000154
содержаниемвикипедия 2,995732 0,000191
содержания 1,386294 0,000177
содержимое 2,302585 0,000147
содержит 1,386294 0,000177
соединение 2,302585 0,000147
соединения 1,897120 0,000242
соединяет 2,302585 0,000147
соединяющий 2,525729 0,000161
соединяющим 3,506558 0,000224
созвучное 3,506558 0,000224
создал 1,897120 0,000121
создан 0,693147 0,000133
создана 0,891598 0,000227
созданием 2,120264 0,000135
создании 1,203973 0,000154
созданию 1,609438 0,000103
создания 0,653926 0,000083
созданный 1,560648 0,000100
созданы 1,078810 0,000069
сознании 3,218876 0,000205
созыва 1,609438 0,000103
сократилась 2,525729 0,000322
сократилось 1,897120 0,000242
сокращается 2,407946 0,000154
сокращен 3,912023 0,000250
сокращение 1,714798 0,000109
солдатское 3,912023 0,000250
соллерс 3,912023 0,000250
солнечная 2,120264 0,000135
солнечный 0,843970 0,000054
солнце 1,714798 0,000109
соломея 3,912023 0,000250
соль 2,813411 0,000359
соляная 3,912023 0,000250
сомерсета 3,912023 0,000250
сомова 3,506558 0,000224
сон 2,995732 0,000191
сообщения 0,820981 0,000052
сообществ 2,995732 0,000191
сообществами 3,912023 0,000250
сообщила 2,995732 0,000191
сообщить -0,009950 -0,000001
сооружений 1,078810 0,000550
сооружения 0,941609 0,000661
сооруженияархитектура 3,912023 0,000250
сооружениями 2,995732 0,000191
соответствии 0,446287 0,000085
соответствовала 3,506558 0,000224
соответствовать 2,407946 0,000154
сопка 2,813411 0,000359
сопке 3,506558 0,000224
сопки 3,506558 0,000447
сопок 3,912023 0,000749
сопредельных 2,995732 0,000191
соревнования 1,514128 0,000097
сорняком 3,912023 0,000250
сорока 2,525729 0,000161
сосна 2,302585 0,000147
сосредоточено 1,897120 0,000121
сосредоточены 2,207275 0,000141
сост 0,597837 0,000076
состав 0,400478 0,000204
состава 1,171183 0,000075
составе 0,616186 0,000157
составил 0,916291 0,000468
составила 1,021651 0,000065
составили 1,660731 0,000106
составило 1,272966 0,000325
составитель 2,407946 0,000307
составлении 2,659260 0,000170
составленному 3,218876 0,000205
составленный 2,407946 0,000154
составляет 0,314711 0,000422
составлял 1,771957 0,000113
составляла 1,272966 0,000244
составляли 1,660731 0,000318
составляло 1,347074 0,000172
составляют 0,798508 0,000356
состоит 0,755023 0,000096
состоялась 1,609438 0,000103
состоялось 1,171183 0,000224
состояние 0,733969 0,000234
состоянии 1,309333 0,000334
состоянию 0,544727 0,000104
состояния 1,203973 0,000307
сосудистых 2,813411 0,000179
сотен 2,040221 0,000130
сотовой 1,469676 0,000094
сотрудника 3,218876 0,000411
сотрудников 1,966113 0,000376
сотрудничества 1,832581 0,000234
сотрудничестве 1,771957 0,000113
сохранение 1,609438 0,000103
сохранением -0,009950 -0,000001
сохранив 2,995732 0,000191
сохранившейся 2,659260 0,000170
сохранил 2,659260 0,000170
сохранилась 2,120264 0,000135
сохранились 1,609438 0,000205
сохранилось 1,714798 0,000109
сохранности 3,218876 0,000205
сохраняется 1,560648 0,000100
социализма 3,218876 0,000205
социальная 1,514128 0,000193
социально 2,995732 0,000191
социально-культурный 3,912023 0,000250
социально-экономического 1,237874 0,000079
социальной 1,386294 0,000177
социальных 0,941609 0,000060
союза 0,733969 0,000140
союзников 2,813411 0,000179
союзных 2,407946 0,000154
спартак 1,771957 0,000226
спартак-вгуэс 3,912023 0,000250
спартак-приморье 3,912023 0,000499
спасо-преображенский 1,966113 0,000125
спасск-дальний 3,912023 0,000250
спасский 2,207275 0,000141
спектаклей 2,813411 0,000179
спектакля 3,218876 0,000205
спектаклях 3,912023 0,000250
специализированного 3,506558 0,000224
специальная 1,771957 0,000113
специальный 1,832581 0,000117
спидвейный 3,506558 0,000447
списки 1,714798 0,000109
списку 2,995732 0,000191
список 0,248461 0,000095
сплотиться 3,912023 0,000250
спорный 3,218876 0,000205
спорт 0,776529 0,000099
спорта 0,916291 0,000058
спортивно-оздоровительный 2,659260 0,000170
спортивной 2,040221 0,000520
спортивные 1,078810 0,000069
спортивными 2,659260 0,000170
спортивных 1,108663 0,000495
спортспортивные 3,506558 0,000224
спорту 1,897120 0,000121
способна 2,813411 0,000179
способствовало 1,609438 0,000103
способствует 1,609438 0,000103
справочник 0,916291 0,000058
справочника 2,659260 0,000170
спутник 2,207275 0,000141
сравнению 1,078810 0,000069
сравнительную 3,912023 0,000250
сразу 0,994252 0,000190
среди 0,198451 0,000215
среднеазиатские 3,218876 0,000205
среднегодовая 1,078810 0,000069
среднегодовое 1,897120 0,000121
средней 0,867501 0,000111
средний 0,494296 0,000126
средних 1,078810 0,000138
средняя 0,510826 0,000195
средств 0,597837 0,000076
средства 0,415515 0,000080
средством 2,207275 0,000141
среду 1,897120 0,000121
среды 0,755023 0,000096
срока 2,525729 0,000161
срочного 3,506558 0,000224
српски 0,000000 0,000000
српскохрватски 0,000000 0,000000
сср 0,820981 0,000105
ссср 0,314711 0,000341
ссылка 0,274437 0,000053
ссылками 0,186330 0,000048
ссылкасведения -0,009950 -0,000001
ссылки -0,009950 -0,000005
стабильная 0,994252 0,000063
став 1,771957 0,000226
ставка 2,659260 0,000170
ставшего 2,525729 0,000161
ставшей 3,218876 0,000205
стагнации 3,506558 0,000224
стадионе 1,966113 0,000125
стадионов 1,660731 0,000106
стадионы 1,714798 0,000109
стал 0,314711 0,000241
стала 0,462035 0,000029
стали 0,430783 0,000137
сталинский 2,302585 0,000147
стало 0,494296 0,000095
стан 3,506558 0,000224
стандарта 2,120264 0,000135
стандартам 2,207275 0,000282
стандартная 2,207275 0,000282
стандартной 2,525729 0,000161
стандартный 3,218876 0,000205
становится 0,527633 0,000135
становление 1,966113 0,000125
станции 0,693147 0,000133
станция 0,798508 0,000051
старая 0,430783 0,000055
старейшая 1,897120 0,000121
старейший 1,609438 0,000205
старейших 1,309333 0,000084
старения 3,506558 0,000224
старкова 3,912023 0,000250
старое 1,771957 0,000113
старообрядцев 2,120264 0,000135
старообрядцы 2,813411 0,000179
старообрядческая 1,560648 0,000100
старообрядчество 2,995732 0,000191
старостой 3,218876 0,000205
стартовые 3,506558 0,000224
старше 1,966113 0,000251
старшине 3,912023 0,000250
старые 1,771957 0,000113
старый 1,049822 0,000134
статей 0,967584 0,000062
статейнов 3,912023 0,000250
статистика -0,009950 -0,000001
статистике 0,916291 0,000058
статистики 0,713350 0,000318
статистические 2,407946 0,000154
статистический 0,755023 0,000770
статистическими 3,506558 0,000224
статистического 2,120264 0,000270
статистическое 0,994252 0,000063
статус 0,510826 0,000261
статуса 1,309333 0,000084
статусом 1,171183 0,000075
статусу 2,659260 0,000170
стать 1,203973 0,000077
статьестатьи 0,843970 0,000054
статьи 0,072571 0,000069
статьислучайная -0,009950 -0,000001
статьисообществофорумсправкасвежие -0,009950 -0,000001
статью 0,616186 0,000039
статья 0,105361 0,000074
статьям 3,506558 0,000224
статьями 3,506558 0,000224
статьяобсуждение -0,009950 -0,000001
статьятекущие -0,009950 -0,000001
статьях 3,912023 0,000250
стационарных 1,660731 0,000106
стеклянный 3,912023 0,000250
стела 1,469676 0,000094
степени 0,843970 0,000108
стивидорных 3,912023 0,000499
стиле 0,994252 0,000190
стили 2,302585 0,000294
стилистический 3,912023 0,000749
стиль 1,714798 0,000219
стилю 1,832581 0,000117
стиля 1,714798 0,000109
стилях 2,995732 0,000382
стипендия 3,912023 0,000250
сто 1,966113 0,000125
стоимость 1,237874 0,000079
стоки 2,813411 0,000538
стоков 2,813411 0,000538
столба 3,218876 0,000205
столиц 2,120264 0,000135
столица 0,967584 0,000062
столицей 1,171183 0,000149
столицу 2,120264 0,000135
столицы 1,049822 0,000134
столичных 2,659260 0,000170
столь 1,714798 0,000109
сторон 1,660731 0,000106
стороне 1,139434 0,000073
сторонники 3,218876 0,000205
сторону 1,171183 0,000075
стороны 0,430783 0,000055
сточных 1,714798 0,000328
стоюшко 3,912023 0,000250
стояла 2,659260 0,000170
стран 0,597837 0,000191
страна 0,462035 0,000059
странам 2,813411 0,000179
странами 2,207275 0,000282
стране 0,867501 0,000221
страница -0,009950 -0,000001
страницасодержаниеизбранные -0,009950 -0,000001
страницецитировать -0,009950 -0,000001
страницуполучить -0,009950 -0,000001
страницы -0,009950 -0,000004
страницыслужебные -0,009950 -0,000001
страны 0,634878 0,000243
стратегии 2,040221 0,000130
стратегически 3,218876 0,000205
стратегического 2,407946 0,000154
стрелковая 2,407946 0,000154
стремительный 3,506558 0,000224
стриж 3,506558 0,000224
стрикаускас 3,912023 0,000250
строений 1,660731 0,000106
строителей 2,040221 0,000130
строитель 1,897120 0,000121
строительная 2,813411 0,000359
строительного 2,525729 0,000161
строительной 2,120264 0,000270
строительный 1,897120 0,000121
строительных 1,427116 0,000091
строительства 0,673345 0,000258
строительство 0,510826 0,000261
строительству 1,469676 0,000094
строится 1,272966 0,000081
строить 1,832581 0,000117
строй 1,771957 0,000226
строчку 2,995732 0,000191
структура 0,967584 0,000185
структуре 1,272966 0,000081
структуру 1,514128 0,000193
структуры 1,171183 0,000149
струны 3,218876 0,000205
студентов 1,272966 0,000162
студенты 2,525729 0,000161
стыке 1,966113 0,000125
суббота 2,120264 0,000135
субтропические 2,659260 0,000170
субъект 0,820981 0,000052
субъектов 0,755023 0,000241
суворова 2,659260 0,000170
суда 1,078810 0,000206
судоремонт 3,912023 0,000499
судоремонтная 3,912023 0,000250
судостроение 3,218876 0,000411
судьба 1,966113 0,000125
суйфэньхэ 3,912023 0,000250
сумма 1,897120 0,000121
суммарный 2,302585 0,000147
суммарным 3,912023 0,000250
сумме 2,813411 0,000179
супертреста 3,912023 0,000250
суржик 3,912023 0,000499
сутки 1,771957 0,000904
суточный 0,820981 0,000105
суханова 3,912023 0,000250
сухая 1,966113 0,000125
сухого 3,218876 0,000205
сухой 1,966113 0,000125
сухопутных 2,659260 0,000170
сушенцова 3,912023 0,000250
существенно 1,108663 0,000141
существовавший 2,995732 0,000191
существовала 1,386294 0,000088
существовали 1,309333 0,000167
существования 1,272966 0,000162
существует 0,446287 0,000057
существуют 0,162519 0,000010
существующего 2,659260 0,000170
существующий 2,525729 0,000161
существующим 2,813411 0,000179
сфер 2,302585 0,000147
сфера 1,347074 0,000172
сфере 0,967584 0,000123
сформировавшуюся 3,912023 0,000250
сформирована 2,995732 0,000191
сцена 2,302585 0,000294
сцену 2,995732 0,000382
счет 0,673345 0,000129
считается 0,693147 0,000088
считался 2,813411 0,000179
считать 0,994252 0,000063
сша 0,562119 0,000430
съездов 2,995732 0,000191
съемок 2,813411 0,000179
сырья 2,120264 0,000135
сытина 1,560648 0,000100
сэма 3,912023 0,000250
сюдасвязанные -0,009950 -0,000001
т-ва 0,000000 0,000000
табл 0,867501 0,000055
таблица 0,653926 0,000167
табличной 1,309333 0,000084
таганрог 2,407946 0,000154
таджиков 3,218876 0,000205
таджикская 3,912023 0,000250
таежный 3,218876 0,000205
тайване 3,912023 0,000250
тайвань 3,218876 0,000205
тайфун 3,218876 0,000205
тайфуны 3,218876 0,000205
такаюки 3,912023 0,000250
также 0,000000 0,000000
такие 0,261365 0,000017
таким 0,527633 0,000067
такими 1,660731 0,000106
такое 1,108663 0,000071
такома 3,912023 0,000250
тамбов 2,302585 0,000147
тамм 3,506558 0,000224
таможенного 3,506558 0,000224
таможенной 3,218876 0,000205
танака 3,912023 0,000250
тарашкев 0,000000 0,000000
тарковского 3,506558 0,000224
татар 1,469676 0,000094
татарча 0,000000 0,000000
татары 0,798508 0,000051
татьяна 1,609438 0,000205
тверь 1,514128 0,000097
театр 0,713350 0,000819
театра 1,021651 0,000586
театрах 3,506558 0,000224
театре 1,966113 0,000376
театров 1,203973 0,000077
театры 0,941609 0,000240
тебе 0,000000 0,000000
текст -0,009950 -0,000001
текста 1,966113 0,000125
текут 3,912023 0,000250
текущего 2,120264 0,000135
текущем 0,544727 0,000035
теле 2,207275 0,000141
телебашня 2,040221 0,000130
телевидение 0,967584 0,000309
телевидения 1,237874 0,000158
телевизионное 2,302585 0,000147
телевизионной 2,813411 0,000359
телеканал 1,309333 0,000167
телеканала 2,407946 0,000154
телеканалов 1,386294 0,000088
телеканалы 1,966113 0,000125
телепрограммами 3,912023 0,000250
телерадиокомпания 2,525729 0,000161
телережиссер 3,912023 0,000250
телефонной 1,714798 0,000219
телефонную 3,506558 0,000447
телефонный 0,776529 0,000050
телефоны 2,813411 0,000179
тематические 0,510826 0,000033
темахистория 2,813411 0,000179
теме 2,407946 0,000154
темноту 3,912023 0,000250
температур 1,609438 0,000103
температура 0,562119 0,000143
температурой 1,966113 0,000125
температуры 1,139434 0,000073
тенденции 1,832581 0,000117
тенденцию 3,218876 0,000411
тенденция 1,832581 0,000117
теннис 2,813411 0,000179
теннисные 2,813411 0,000359
теннисный 2,407946 0,000307
теплая 2,525729 0,000161
теплее 2,995732 0,000191
тепло 2,207275 0,000141
тепловая 2,813411 0,000179
тепловую 3,218876 0,000205
теплой 2,995732 0,000382
теплый 1,609438 0,000103
терактов 3,912023 0,000250
терминалыжелезнодорожные 2,407946 0,000154
тернейский 3,912023 0,000250
терпуг 3,912023 0,000250
территориальные 1,897120 0,000121
территориальных 0,776529 0,000248
территории 0,400478 0,000587
территорий 1,049822 0,000268
территорию 0,941609 0,000240
территория 0,755023 0,000337
территориях 0,916291 0,000117
тех 0,798508 0,000051
техника 1,660731 0,000212
техническая 1,714798 0,000109
технический 1,021651 0,000130
техническим 2,995732 0,000191
технического 1,514128 0,000097
техническое 2,659260 0,000170
технологий 0,653926 0,000042
технологическим 3,506558 0,000224
течение 0,527633 0,000034
тигр 2,813411 0,000359
тигровая 3,912023 0,000250
тигровой 3,912023 0,000250
тидот 3,912023 0,000250
тимчук 3,912023 0,000749
тинро 3,912023 0,000250
тинро-центр 3,912023 0,000250
тип 0,356675 0,000045
типа 0,462035 0,000059
типо-литогр 3,218876 0,000205
типов 1,386294 0,000088
типовая 3,912023 0,000250
типография 1,203973 0,000077
тиражами 3,912023 0,000250
тис 3,218876 0,000205
тихая 2,813411 0,000179
тихвин 2,813411 0,000179
тихвина 3,912023 0,000250
тихменев 3,912023 0,000250
тихменева 3,912023 0,000250
тихо 3,218876 0,000205
тихого 2,120264 0,000676
тихом 3,912023 0,000998
тихоокеан 3,912023 0,000250
тихоокеанский 2,995732 0,002675
тихоокеанскими 3,912023 0,000250
тихоокеанского 2,302585 0,001322
тихоокеанское 3,912023 0,000998
тихоокеанской 3,506558 0,000224
ткачев 3,506558 0,000224
ткачева 2,995732 0,000191
товарный -0,009950 -0,000001
товарных 2,995732 0,000191
товаров 1,049822 0,000067
той 1,049822 0,000067
тойота-креста 3,912023 0,000250
токарева 3,218876 0,000205
токаревский 3,912023 0,000250
токаревского 3,912023 0,000250
токио 2,302585 0,000147
токсикомания 3,912023 0,000250
толочкин 3,912023 0,000250
толщиной 2,813411 0,000179
тонн 1,108663 0,000141
тонны 2,813411 0,000179
топ 1,347074 0,000515
тополь 2,659260 0,000170
топонима 1,386294 0,000088
топонимика 2,407946 0,000154
топонимы 2,659260 0,000170
торговле 2,207275 0,000141
торговлей 2,995732 0,000191
торговли 0,867501 0,000332
торговля 1,021651 0,000261
торгового 1,832581 0,000117
торговой 2,207275 0,000141
торговый 1,237874 0,000237
торговыми 1,897120 0,000121
торговых 1,108663 0,000141
тоф 3,912023 0,000998
точка 1,309333 0,000084
травмы 2,995732 0,000191
трад 3,506558 0,000224
традиций 2,207275 0,000141
традиционно 1,347074 0,000086
трактатов 3,218876 0,000205
трамваи 1,897120 0,000121
трамвай 0,967584 0,000309
трамвайная 2,120264 0,000135
трамвайной 2,120264 0,000135
трамвайные 1,966113 0,000125
трамвайный 2,525729 0,000161
трамвая 1,347074 0,000086
транзитным 2,813411 0,000179
транзитом 2,995732 0,000191
трани 3,912023 0,000250
транскрипции 3,506558 0,000224
трансляция 2,525729 0,000161
транспорт 0,693147 0,000663
транспорта 0,776529 0,000198
транспорте 1,514128 0,000097
транспортной 1,108663 0,000071
транспортный 1,171183 0,000075
транспортным 1,714798 0,000109
транспортных 0,891598 0,000057
транспортом 1,469676 0,000187
транссиба 2,407946 0,000154
транссибирская 2,207275 0,000141
транссибирской 1,966113 0,000502
трассы 1,609438 0,000205
трафик 3,506558 0,000224
требованию 2,995732 0,000382
трепанга 3,912023 0,000250
трепанги 3,912023 0,000250
третий 1,203973 0,000077
третьем 2,302585 0,000147
третья 1,609438 0,000103
третьяковской 3,506558 0,000447
трех 0,713350 0,000136
трехлетки 3,912023 0,000250
трижды 2,120264 0,000135
тринадцать 3,506558 0,000224
триумфальная 2,302585 0,000147
трифонята-юрины 3,912023 0,000250
тройницкий 2,995732 0,000191
тройницкого 3,218876 0,000205
троллейбус 0,994252 0,000317
троллейбуса 1,897120 0,000121
троллейбусных 1,347074 0,000086
троллейбусы 1,714798 0,000109
тролль 3,912023 0,000499
трофимова 3,912023 0,000250
трубконосы 3,912023 0,000250
трудовое 3,912023 0,000998
трудовую 3,506558 0,000224
трудовых 2,995732 0,000191
трудоспособного 1,771957 0,000452
труды 1,469676 0,000094
труппа 2,659260 0,000170
трясогузка 3,912023 0,000250
туапсе 1,897120 0,000121
туманами 3,506558 0,000224
туманов 2,995732 0,000191
туманы 2,302585 0,000147
тундряная 3,912023 0,000250
тупик 2,813411 0,000179
туризм 1,347074 0,000601
туризма 1,609438 0,001026
турист 2,995732 0,000191
туристический 1,897120 0,000121
туристических 1,966113 0,000125
туристического 2,302585 0,000147
туристическом 3,912023 0,000250
туристов 1,560648 0,000398
туристской 3,506558 0,000224
туристы 2,040221 0,000130
турмов 3,912023 0,000250
тщета 3,912023 0,000250
тыла 1,897120 0,000121
тыс 0,430783 0,001181
тысяч 0,415515 0,000345
тысячи 0,597837 0,000191
тэц 1,272966 0,001137
тяжеловесных 3,912023 0,000250
тяжелые 3,218876 0,000205
тяжких 2,659260 0,000339
тяжкого 2,995732 0,000191
тяньцзиньского 3,912023 0,000250
убийств 2,407946 0,000154
уборевича 3,912023 0,000250
убрать 3,912023 0,000250
увеличению 2,040221 0,000130
увеличилась 1,427116 0,000182
увеличилось 1,309333 0,000251
увеличить 1,966113 0,000125
увидеть 1,714798 0,000109
угла 2,302585 0,000147
углу 1,832581 0,000117
углубленным 2,302585 0,000294
угля 2,525729 0,000161
угол 1,966113 0,000376
уголовная 3,912023 0,000250
уголовного 2,525729 0,000161
угольная 3,506558 0,000447
угольных 3,218876 0,000205
угон 3,912023 0,000250
угроза 2,120264 0,000135
угрозы 2,525729 0,000161
угрюмова 3,912023 0,000250
удельный 2,120264 0,000135
удмуртукра 0,000000 0,000000
удобную 3,506558 0,000224
удобный 2,659260 0,000170
узбеки 1,386294 0,000177
узбекистан 2,302585 0,000147
узбеков 3,218876 0,000411
узбекская 3,912023 0,000250
узлом 1,609438 0,000103
узнаваемых 3,218876 0,000205
уильяма 3,218876 0,000205
указ 0,941609 0,000120
указан 0,139262 0,000018
указанием -0,009950 -0,000001
указания 1,714798 0,000109
указанной 2,813411 0,000179
указано 0,733969 0,000094
указать 2,659260 0,000170
указом 0,941609 0,000060
указывается 2,120264 0,000135
украинцев 2,659260 0,000170
украинцы 0,891598 0,000114
украины 0,616186 0,000118
укрепления 1,966113 0,000125
укрупняться 3,912023 0,000250
улисс 3,912023 0,000250
улиц 0,891598 0,000284
улица 0,994252 0,000127
улицам 1,832581 0,000117
улице 0,916291 0,000117
улицы 0,843970 0,000161
улично-дорожная 3,912023 0,000250
улучшение 2,525729 0,000161
улучшите 1,897120 0,000121
ультрафиолетовым 3,912023 0,000250
умвд 2,813411 0,000359
уменьшается 2,407946 0,000154
уменьшилась 2,995732 0,000191
уменьшилось 2,407946 0,000307
умеренно 1,021651 0,000065
умеренный 1,897120 0,000121
умирающим 3,912023 0,000250
умри 3,912023 0,000250
умышленного 3,506558 0,000224
ун-т 0,000000 0,000000
ун-та 2,120264 0,000135
универсальная 0,891598 0,000057
университет 0,562119 0,001362
университета 0,446287 0,000256
университетов 1,660731 0,000212
университету 2,525729 0,000161
уникальная 2,659260 0,000170
уникальные 2,207275 0,000141
уникальный 1,560648 0,000100
упадке 3,912023 0,000250
упала 2,813411 0,000179
упоминание 1,237874 0,000237
упомянут 3,218876 0,000205
употреблялось 3,218876 0,000205
упр 2,813411 0,000179
управдом 3,912023 0,000250
управление 0,527633 0,000236
управлении 2,407946 0,000154
управлению 2,659260 0,000170
управления 0,415515 0,000106
управляет 2,525729 0,000161
управляющие 2,659260 0,000170
управы 2,040221 0,000130
упразднена 2,040221 0,000130
упразднены 2,659260 0,000339
урадзио 3,912023 0,000250
урадзиосутоку 3,912023 0,000250
уральские 2,302585 0,000147
урбанизация 3,218876 0,000205
уровень 0,579818 0,000148
уровне 0,916291 0,000058
уровнем 0,798508 0,000204
уровня 0,634878 0,000081
уроженцы 2,995732 0,000573
урусов 3,912023 0,000499
усилилась 3,506558 0,000224
ускоренной 3,912023 0,000250
ускоренном 3,912023 0,000499
условий -0,009950 -0,000001
условия -0,009950 -0,000002
услуг 0,967584 0,000185
услуги 0,994252 0,000317
успенский 1,514128 0,000097
успешно 1,832581 0,000117
успешным 2,659260 0,000170
уссури 3,218876 0,000821
уссурийск 3,912023 0,000499
уссурийская 3,506558 0,000224
уссурийске 3,912023 0,000250
уссурийский 3,218876 0,000205
уссурийским 3,912023 0,000250
уссурийского 3,506558 0,001118
уссурийской 3,506558 0,000224
устав 0,941609 0,000120
устава 1,897120 0,000121
уставом 1,966113 0,000251
установили 1,832581 0,000117
установлен 0,941609 0,000060
установлена 1,237874 0,000079
установлении 1,771957 0,000113
установления 1,832581 0,000117
устаревших 2,525729 0,000161
устройства 1,309333 0,000084
устройстве 1,171183 0,000075
устройство 1,021651 0,000130
уступая 2,207275 0,000282
устья 1,171183 0,000075
утверждает 2,659260 0,000170
утвержден 1,171183 0,000149
утверждена 2,995732 0,000382
утверждениями 0,713350 0,000045
утвержденный 2,040221 0,000130
утратил 2,407946 0,000307
утратила 2,995732 0,000191
утро 2,813411 0,000359
утроилось 3,218876 0,000205
уфа 0,967584 0,000123
уфимцев 3,912023 0,000250
уходит 2,207275 0,000141
ухудшение 3,912023 0,000250
уцелевшие 3,218876 0,000205
участвует 2,302585 0,000147
участие -0,009950 -0,000002
участием 1,469676 0,000187
участки 1,514128 0,000097
участник 1,609438 0,000103
участников 1,272966 0,000081
учатся 3,506558 0,000224
учащихся 1,714798 0,000328
учебное 1,469676 0,000094
учебные 1,108663 0,000071
учебный 2,407946 0,000154
ученые 1,427116 0,000182
ученый 1,714798 0,000328
ученых 1,203973 0,000077
учета 1,560648 0,000100
учетную -0,009950 -0,000001
учетом 0,755023 0,000144
училищ 1,966113 0,000125
училища 1,514128 0,000290
училище 1,021651 0,000195
учитывающая 3,912023 0,000250
учреждена 1,897120 0,000242
учреждение 1,237874 0,000158
учреждений 0,891598 0,000284
учреждения 0,843970 0,000108
учреждены 2,813411 0,000179
ушан 3,912023 0,000250
уютнее 3,912023 0,000250
уязвимостей 2,995732 0,000191
фабрике 3,506558 0,000224
фабрикой 3,218876 0,000205
фаворит 2,995732 0,000191
фактов 1,386294 0,000177
фактор 2,040221 0,000390
факты 1,108663 0,000071
фалалеева 3,912023 0,000250
фальшивые 3,912023 0,000250
фанзавод 3,912023 0,000250
фано 3,506558 0,000224
фарцовка 3,912023 0,000250
фасад 3,218876 0,000205
фасаде 3,506558 0,000224
фауна 1,272966 0,000162
фахверковом 3,912023 0,000250
фгу 2,525729 0,000161
февр 0,820981 0,000105
февраль 1,272966 0,000081
февраля 0,051293 0,000092
федеральная 0,713350 0,000318
федерального 0,673345 0,000344
федеральное 1,832581 0,000234
федеральной 0,891598 0,000057
федеральном 1,771957 0,000226
федеральному 2,525729 0,000161
федеральный 0,653926 0,000542
федеральными 1,966113 0,000125
федеральных 0,776529 0,000198
федерации 0,544727 0,000730
федоренко 3,912023 0,000250
феодосия 1,966113 0,000125
фестивале 2,407946 0,000461
фестивалей 1,966113 0,000251
фестиваль 1,139434 0,000945
фестивальной 3,912023 0,000250
фетисов 3,506558 0,000224
фиалок 3,912023 0,000250
физик-теоретик 3,912023 0,000250
физике 2,525729 0,000161
физико-географическая 0,843970 0,000108
физической 1,514128 0,000097
физкультуры 2,659260 0,000170
фиксируется 2,813411 0,000179
филармонии 1,469676 0,000094
филармония 1,237874 0,000237
филателии 1,609438 0,000205
филиал 0,798508 0,000306
филиала 1,560648 0,000100
филиалов 1,347074 0,000086
филиалы 1,347074 0,000172
филиппины 2,995732 0,000191
фильм 1,386294 0,000265
фильма 2,120264 0,000135
фильме 2,525729 0,000161
фильмов 1,660731 0,000106
финал 2,407946 0,000154
финансов 1,897120 0,000121
финансового 1,897120 0,000121
финансовый 1,609438 0,000103
финансовым 2,813411 0,000359
финансовых 1,560648 0,000199
финансы 0,798508 0,000153
фирм 2,995732 0,000191
фирмы 2,120264 0,000270
фитнес 3,912023 0,000250
флаг 0,673345 0,000258
флага 1,832581 0,000117
флора 1,171183 0,000075
флоры 2,207275 0,000282
флот 1,832581 0,000234
флота 1,560648 0,001095
флотилии 2,813411 0,000718
флотилия 2,407946 0,000154
фокин 3,912023 0,000250
фокино 3,506558 0,000224
фольклорный 3,912023 0,000250
фонд -0,009950 -0,000004
фонда 1,309333 0,000585
фонде 3,218876 0,000205
фондов 2,120264 0,000135
фондом 2,525729 0,000644
фоне 1,560648 0,000100
форбс 2,813411 0,000359
форд 3,506558 0,000224
форм 1,347074 0,000086
формальдегидом 3,506558 0,000224
формате 1,427116 0,000091
формах 2,407946 0,000154
формирование 1,078810 0,000275
формирует 2,207275 0,000141
формируется 1,832581 0,000117
форпост 3,218876 0,000205
форпоста 3,506558 0,000224
форпосту 3,912023 0,000250
фортификации 3,218876 0,000205
фортификационный 3,912023 0,000499
фортификационных 3,506558 0,000447
фортов 3,218876 0,000205
форум 1,609438 0,000411
форума 2,120264 0,000135
форумов 3,218876 0,000205
фото 1,203973 0,000154
франции 1,609438 0,000103
франция 1,560648 0,000100
француз 3,506558 0,000224
французская 2,813411 0,000179
французского 2,659260 0,000339
фронтон 3,912023 0,000250
фрунзенский 2,659260 0,000339
фрэш 3,912023 0,000250
фуладивосытокэ 3,912023 0,000250
фундаментальные 2,040221 0,000260
фундаментальных 2,813411 0,000179
фуникулер 2,995732 0,001146
функции 1,049822 0,000134
функционализм 3,912023 0,000250
функциональные 2,813411 0,000179
функционирует 1,203973 0,000077
функционируют 1,427116 0,000182
футбольный 1,203973 0,000307
футов 3,506558 0,000224
хабаровск 2,302585 0,001322
хабаровска 3,218876 0,000205
хабаровском 3,218876 0,000205
хайфон 3,912023 0,000250
хайшенвеем 3,912023 0,000250
хайшэньвай 3,912023 0,000499
хайшэньвэй 3,912023 0,000250
хакодате 3,912023 0,000250
хальченко 3,912023 0,000250
хамицевич 3,912023 0,000250
ханкайский 3,912023 0,000250
хаотичностью 3,912023 0,000250
характеризовалось 2,813411 0,000179
характеризуется 0,941609 0,000120
характеризуют 2,995732 0,000191
характеризующий 3,506558 0,000224
характеристика 0,713350 0,000136
характерна 1,966113 0,000125
характерно 1,609438 0,000103
характерны 1,514128 0,000193
харбин 2,813411 0,000359
харбином 3,912023 0,000250
харизматические 3,912023 0,000250
хасанский 3,912023 0,000250
хвойно-широколиственных 3,218876 0,000205
химии 1,832581 0,000234
химическая 1,714798 0,000109
хисамутдинов 3,912023 0,000250
хищников 3,218876 0,000205
хлебный 3,506558 0,000224
хлебозаводами 3,912023 0,000250
хлора 2,995732 0,000191
ход 2,040221 0,000260
ходе 0,562119 0,000143
хозяйства 0,755023 0,000144
хозяйственно-бытовые 3,912023 0,000250
хозяйственной 2,120264 0,000135
хозяйство 0,713350 0,000136
хоккейный 1,660731 0,000106
холи 3,912023 0,000250
холодильник 3,912023 0,000250
холодного 1,966113 0,000125
холодной 2,040221 0,000390
холодный 1,771957 0,000113
хомерики 3,912023 0,000250
хорольский 3,912023 0,000250
хорошие 2,207275 0,000141
хотя 0,653926 0,000167
хотят 2,407946 0,000154
хошимин 3,912023 0,000250
храмы 1,049822 0,000067
хранения 1,427116 0,000182
хранитель 2,813411 0,000179
христиан 1,771957 0,000113
христиан-баптистов 1,771957 0,000226
христианские 3,506558 0,000224
хрустальный 3,506558 0,000224
хрущев 2,995732 0,000382
хрущевской 3,912023 0,000499
художественного 1,714798 0,000219
художественные 2,120264 0,000135
художественных 2,120264 0,000406
художника 1,771957 0,000113
художников 1,609438 0,000205
худшим 3,912023 0,000250
царский 2,525729 0,000161
царское 2,995732 0,000191
цвета 1,171183 0,000149
цветные 3,218876 0,000205
целенаправленное 3,218876 0,000205
целом 0,755023 0,000048
целые 2,120264 0,000135
цельного 3,506558 0,000224
цельнолистная 3,912023 0,000250
ценности 2,525729 0,000322
ценность 2,120264 0,000135
ценностью 2,995732 0,000191
центр 0,400478 0,000766
центра 0,562119 0,000251
централизовано 3,912023 0,000250
центральная 0,755023 0,000048
центрального 0,967584 0,000062
центральное 1,966113 0,000125
центральные 2,120264 0,000270
центральный 0,673345 0,000086
центре 0,673345 0,000344
центров 0,776529 0,000248
центром 0,713350 0,000318
центры 0,713350 0,000045
цены 2,040221 0,000130
церквей 1,560648 0,000199
церковных 2,813411 0,000179
церковь 0,843970 0,000323
цесаревича 3,218876 0,000411
цех 3,506558 0,000224
цин 3,506558 0,000224
цирк 1,078810 0,000344
цирка 1,832581 0,000584
цирке 2,995732 0,000191
цирков 3,506558 0,000224
цирковое 3,912023 0,000250
цитируемости 3,912023 0,000250
цитируемых 3,912023 0,000250
цифра 2,659260 0,000170
цифровизации 3,506558 0,000224
цифрового 1,832581 0,000117
цифровые 0,673345 0,000043
цифру 3,218876 0,000205
цунами 3,218876 0,000205
цхинвал 2,995732 0,000191
цыбульская 3,912023 0,000250
чайка 1,966113 0,000251
чаньчунь 3,912023 0,000250
часовитина 3,912023 0,000250
часовой 0,755023 0,000096
частей 1,139434 0,000073
части 0,198451 0,000089
частично 0,653926 0,000083
частная 2,120264 0,000270
частности 0,462035 0,000029
частные 1,514128 0,000097
частных 1,108663 0,000212
часто 0,415515 0,000053
частота 1,660731 0,000212
частотах 3,218876 0,000205
часть 0,105361 0,000060
частью 0,755023 0,000048
чебоксары 1,171183 0,000149
чей 2,995732 0,000191
чел 0,713350 0,000182
человек 0,400478 0,000792
человека 0,579818 0,000259
человеческого 2,120264 0,000135
чемодан 3,912023 0,000250
чемоданном 3,912023 0,000250
чемпион 1,660731 0,000106
чемпионат 1,237874 0,000158
чему 1,897120 0,000121
червлеными 2,813411 0,000179
черкавского 3,912023 0,000250
черкизово 3,506558 0,000224
черная 1,714798 0,000219
черниговский 3,506558 0,000224
черной 2,120264 0,000135
чернопихтарниковые 3,912023 0,000250
чернопихтово-широколиственные 3,912023 0,000250
чернохвостая 3,912023 0,000250
черные 2,407946 0,000154
черняев 3,506558 0,000224
черте 1,272966 0,000406
честь 0,562119 0,000036
четвертый 1,714798 0,000109
четко 1,897120 0,000242
четыре 0,713350 0,000091
четырьмя 3,218876 0,000205
чехословацкие 3,506558 0,000224
чехословацких 3,912023 0,000499
чеченская 3,218876 0,000205
чешским 3,506558 0,000224
чили 2,995732 0,000191
чилима 3,912023 0,000250
чиновника 3,506558 0,000224
чиновники 2,525729 0,000161
числа 0,891598 0,000171
числе 0,248461 0,000269
численности 0,653926 0,000167
численность 0,653926 0,002044
численностью 1,049822 0,000201
числилось 3,506558 0,000224
число 0,478036 0,000274
числом 2,525729 0,000161
чистке 3,218876 0,000205
чистой 2,659260 0,000170
чистый 2,120264 0,000135
чистых 2,995732 0,000191
читатьтекущая 1,237874 0,000079
членов 1,272966 0,000081
членом 1,897120 0,000121
чой 3,912023 0,000250
чтения 2,207275 0,000422
чугуевский 3,912023 0,000250
чуркин 3,506558 0,000224
чьем 3,912023 0,000250
шабалина 3,506558 0,000224
шаблонами 0,634878 0,000040
шамора 3,912023 0,000499
шанхай 3,218876 0,000411
шафрат 3,912023 0,000250
швейный 3,912023 0,000250
шебалин 3,912023 0,000250
шемякин 3,506558 0,000224
шестаков 2,995732 0,000191
шести 1,966113 0,000125
шестой 2,302585 0,000147
шесть 1,272966 0,000244
шефнера 3,912023 0,000250
шипилова-тамайо 3,912023 0,000250
шипиловой-тамайо 3,912023 0,000250
широко 0,673345 0,000043
широкой 2,207275 0,000141
широколиственных 2,813411 0,000179
широкорад 3,912023 0,000250
шихова 3,912023 0,000499
школ 0,994252 0,000634
школа 0,891598 0,000114
школах 2,525729 0,000161
школу 2,525729 0,000322
школу-интернат 3,912023 0,000250
школы 0,673345 0,000301
школьная 3,506558 0,000224
школьниками 3,912023 0,000250
школьных 3,218876 0,000411
шкота 3,912023 0,000250
шкотовский 3,912023 0,000499
шкотовском 3,912023 0,000250
шок 3,912023 0,000250
шокировал 3,912023 0,000250
шоумен 3,912023 0,000250
штаб 1,897120 0,000363
штаб-квартира 2,302585 0,000294
штаб-квартиры 2,813411 0,000179
штаба 2,659260 0,000170
штамп 3,506558 0,000224
штат 2,659260 0,000170
штирлицу 3,912023 0,000499
штук 2,525729 0,000161
щетинина 3,912023 0,000250
щетининой 3,912023 0,000250
щита 1,771957 0,000113
эвакуации 2,407946 0,000154
эгершельд 3,912023 0,000998
эгершельдское 3,912023 0,000250
эго 3,912023 0,000250
эйчбиси 3,912023 0,000250
эквадор 3,218876 0,000205
эквадора 3,912023 0,000250
экз 0,415515 0,000053
экземпляров 1,560648 0,000100
экзоты 3,912023 0,000250
экипажная 3,912023 0,000250
экологическая 1,560648 0,000199
экологически 2,813411 0,000179
экологической 1,560648 0,000199
экология 0,693147 0,000088
экономика 0,510826 0,000163
экономики 0,713350 0,001092
экономикой 3,218876 0,000205
экономику 1,897120 0,000121
экономический 1,139434 0,000581
экономических 1,560648 0,000100
экономического 1,386294 0,000177
экономическое 2,207275 0,000141
экономической 1,237874 0,000237
экономическом 2,302585 0,000147
экраном 3,506558 0,000224
экскурсии 2,659260 0,000170
экспертной 3,506558 0,000224
экспертов 2,407946 0,000154
эксперты 2,040221 0,000260
эксплуатации 1,771957 0,000226
экспозиции 1,714798 0,000109
экспозиционные 3,506558 0,000224
экспозицию 2,995732 0,000191
экспозиция 2,040221 0,000260
экспорт -0,009950 -0,000001
экспорта 2,659260 0,000170
экспортно-импортные 3,912023 0,000250
электрический 2,525729 0,000161
электрическим 3,506558 0,000224
электрической 1,966113 0,000125
электрическую 2,995732 0,000191
электричества 2,525729 0,000161
электронное 2,407946 0,000154
электрорадиоавтоматика 3,912023 0,000250
электросвязи 3,218876 0,000205
электротранспорт 2,813411 0,000179
электротранспорта 2,659260 0,000170
электроэнергетики 3,506558 0,000224
электроэнергии 1,660731 0,000424
элементами 1,832581 0,000117
элементы 0,891598 0,000057
элеонора 3,912023 0,000250
элеоноры 3,912023 0,000250
элиа 3,912023 0,000250
эллинизма 3,912023 0,000250
эмиграции 2,995732 0,000382
эмми 3,912023 0,000250
эндокринной 3,912023 0,000250
энергетика 1,660731 0,000424
энергетическая 2,995732 0,000191
энергетический 2,525729 0,000161
энергию 2,659260 0,000170
энциклопедии -0,009950 -0,000001
энциклопедия 0,210721 0,000054
эпидемиологии 3,218876 0,000205
эпохи 1,139434 0,000145
эрзянь 0,000000 0,000000
эрмитажа 3,218876 0,000411
эстонская 3,506558 0,000224
эстонские 3,912023 0,000250
эта 0,000000 0,000000
этажности 3,218876 0,000205
этап 1,427116 0,000091
этапы 1,714798 0,000109
этимология 0,616186 0,000079
этих 0,400478 0,000026
этнического 3,506558 0,000224
этнографа 3,912023 0,000250
этнографии 2,207275 0,000422
это 0,000000 0,000000
этому 0,755023 0,000096
эфир 1,897120 0,000121
эфирного 2,813411 0,000179
эффективности 1,609438 0,000205
эффектно 3,912023 0,000250
ю-в 0,000000 0,000000
ю-з 0,000000 0,000000
юбилейной 3,912023 0,000250
юбилейный 0,820981 0,000105
юга 1,171183 0,000299
юге 1,078810 0,000069
юго-восточной 1,660731 0,000106
юго-восточные 2,659260 0,000339
юго-восточными 3,912023 0,000250
южная 0,941609 0,000120
южно-африканская 3,912023 0,000250
южно-сахалинск 3,218876 0,000205
южно-уссурийский 3,912023 0,000250
южного 1,139434 0,000073
южной 0,733969 0,000047
южную 1,832581 0,000117
южные 1,560648 0,000299
южный 0,755023 0,000048
юзефовича 3,912023 0,000250
юлиана 3,912023 0,000499
юморист 3,912023 0,000250
юнаса 3,912023 0,000250
юнассона 3,912023 0,000250
юнгхендель 3,912023 0,000250
юность 1,771957 0,000226
юридического 2,525729 0,000161
юрий 1,203973 0,000154
является 0,094311 0,000168
являлись 1,897120 0,000121
являются 0,248461 0,000095
являясь 1,771957 0,000113
ягущак 3,912023 0,000250
ядерных 2,995732 0,000191
язык 0,116534 0,000007
языка 0,798508 0,000051
языках -0,009950 -0,000001
языке 0,867501 0,000111
языком 1,514128 0,000193
якименко 3,912023 0,000250
якоб 3,912023 0,000250
яков 2,040221 0,000130
яковлевский 3,506558 0,000224
якутия 2,407946 0,000154
яна 2,302585 0,000147
янв 0,820981 0,000105
январь 0,941609 0,000120
январь-декабрь 3,218876 0,000411
января 0,116534 0,000364
янки 3,912023 0,000499
яньбянь-корейский 3,912023 0,000250
японией 3,912023 0,000250
японии 2,302585 0,000734
японию 2,813411 0,000538
япония 1,897120 0,000605
японская 3,506558 0,000224
японские 3,912023 0,000499
японский 2,525729 0,000322
японскими 3,506558 0,000224
японских 2,995732 0,000191
японского 2,659260 0,000509
японское 2,525729 0,000322
японской 2,813411 0,000179
японском 3,218876 0,000205
японцы 2,120264 0,000135
ярмарках 3,506558 0,000224
ярмарок 3,506558 0,000224
ясеневые 3,912023 0,000250
ясенелистный 3,218876 0,000411
ясени 3,506558 0,000224
ясень 2,995732 0,000573
ясной 2,813411 0,000179
ясько 3,912023 0,000250
яхт-клуб 2,995732 0,000191
