абагур-лесной 3,218876 0,000223
абайский 3,912023 0,000271
абакан 2,659260 0,000185
абрикос 3,218876 0,000223
абсолютный 0,616186 0,000214
авантел 3,912023 0,000271
аварийный 2,120264 0,000147
авг 0,820981 0,000114
август 0,072571 0,000287
аврора 2,302585 0,000160
автобаза 3,912023 0,000271
автобус 0,820981 0,000171
автобусный 1,021651 0,000213
автовокзал 1,078810 0,000150
автодорога 0,891598 0,000619
автодорожный 2,120264 0,000147
автоматизация 1,897120 0,000132
автоматика 2,407946 0,000167
автомобиль 1,108663 0,000077
автомобильно-дорожный 3,218876 0,000223
автомобильный 0,713350 0,000247
автономный 0,867501 0,000120
автор 0,462035 0,000128
автор-сост 3,218876 0,000223
авторадио 1,897120 0,000132
авторство -0,009950 -0,000001
автотрасса 2,525729 0,000175
агеева 1,469676 0,000102
агентство 0,798508 0,000388
агзс 3,506558 0,000243
агломерация 0,798508 0,000554
агнкс 3,506558 0,000243
аграрный 1,203973 0,000167
агропромышленный 2,813411 0,000195
адвокат 3,506558 0,000243
адм 2,525729 0,000175
административно-территориального 1,660731 0,000346
административно-территориальное 0,820981 0,000171
административно-территориальном 1,309333 0,000091
административно-торговый 3,506558 0,000243
административный 0,597837 0,000332
администрация 0,755023 0,001886
адрес 1,078810 0,000075
адрианов 3,218876 0,000447
азия 0,755023 0,000157
азк 3,912023 0,000271
азс 3,218876 0,000893
академгородок 2,813411 0,001562
академик 1,203973 0,000835
академический 0,916291 0,000127
академия 0,544727 0,000302
аквалангист 3,912023 0,000543
акр 2,995732 0,000416
акселератор 3,912023 0,000271
актер 1,386294 0,000096
активно 0,733969 0,000051
активный 0,527633 0,000037
актуальный 1,347074 0,000187
акушерство 2,995732 0,000208
акцент 2,040221 0,000142
акционерный 1,832581 0,000127
алатау 3,506558 0,000243
алдан 1,309333 0,000091
александр 0,462035 0,000224
александровский 2,120264 0,000147
александровского 2,813411 0,000195
алексеевича 2,995732 0,000208
алексеевского 3,912023 0,000543
алкогольный 2,813411 0,000195
аллея 1,347074 0,000187
алтае-саянской 3,912023 0,000271
алтай 2,407946 0,000334
алтайский 1,897120 0,000395
алфавитувикипедия 0,776529 0,000054
алфавитунаселенные 0,867501 0,000060
альбом 1,771957 0,000123
альманах 1,966113 0,000136
альперович 3,912023 0,000271
альпинизм 2,813411 0,000195
альтернативный 1,203973 0,000084
аман 3,506558 0,000243
америка 1,386294 0,000096
американский 0,994252 0,000069
аналитический 1,771957 0,000246
аналогичный 1,139434 0,000079
аналоговый 1,609438 0,000447
анапу 2,995732 0,000416
анатолию 3,506558 0,000730
ангел 2,120264 0,000294
англ 0,174353 0,000036
андреев 2,040221 0,000283
андреевна 3,506558 0,000243
аникино 3,912023 0,000271
анклав 3,218876 0,000223
анна 1,560648 0,000108
аннексия 0,941609 0,000065
ансамбль 0,994252 0,000069
антей 3,218876 0,000223
антициклон 2,407946 0,000167
антон 1,832581 0,000127
апгрейд 3,506558 0,000243
апельсин 2,995732 0,000208
апостол 1,966113 0,000273
апр 0,798508 0,000111
апрель 0,150823 0,000251
аптека 2,120264 0,000147
арбат 2,995732 0,000208
арендатор 2,813411 0,000195
арест 2,525729 0,000351
аркада 3,506558 0,000243
арктика 2,120264 0,000147
армия 0,916291 0,000318
артиллерийский 1,609438 0,000223
арх 0,544727 0,000076
археология 1,171183 0,000081
архив 0,446287 0,000124
архивировать 0,020203 0,000400
архивный 0,248461 0,000069
архиерей 2,995732 0,000416
архитектор 0,916291 0,000191
архитектура 0,462035 0,000417
архитектурно-строительный 2,407946 0,000167
архитектурный 1,078810 0,000299
асино 3,912023 0,001086
асиновский 3,912023 0,000543
асиновского 3,912023 0,000543
ассоциация 1,309333 0,000273
аст 0,820981 0,000057
асташев 3,912023 0,000271
астероид 1,771957 0,000123
астрахань 0,967584 0,000067
астрель 1,049822 0,000073
асфальтобетонный 3,218876 0,000447
атаманово 2,995732 0,000208
атлантики 2,659260 0,000185
атлас-справочник 3,912023 0,000271
атлетика 2,525729 0,000175
атмосфера 0,994252 0,000207
атмосферный 1,386294 0,000192
атомный 1,660731 0,000461
атрибутировать 3,912023 0,000271
аутовакцина 3,912023 0,000271
афина 3,218876 0,000447
афиныгород 3,912023 0,000271
африка 1,560648 0,000108
аэлита 3,912023 0,000271
аэродром 1,237874 0,000086
аэроклуб 2,995732 0,000208
аэропорт 0,776529 0,000485
баба 3,218876 0,000670
багаж 3,218876 0,000223
баз 0,371064 0,000103
базар 2,207275 0,000153
базирование 2,995732 0,000208
базовый 1,171183 0,000163
бактин 3,912023 0,000543
бактине 3,912023 0,000543
бакчарский 3,912023 0,000543
балбал 3,912023 0,000271
балка 2,040221 0,000142
балтийский 1,514128 0,000105
балыкса 3,218876 0,000223
банк 0,693147 0,000240
барабинка 3,218876 0,000223
барнаул 1,203973 0,000167
барокко 1,560648 0,000325
басандайке 3,912023 0,000271
басандайки 3,912023 0,000271
басандайку 3,912023 0,000271
баскетбол 1,660731 0,000115
бассейн 0,653926 0,000045
баш 3,506558 0,000243
башня 1,139434 0,000158
безлимитный 3,912023 0,000271
безморозный 2,995732 0,000208
безналичный 2,302585 0,000160
безопасность 0,916291 0,000191
безруково 3,218876 0,000223
бел 2,120264 0,000294
беленец 3,912023 0,000271
беликов 3,218876 0,000447
бело-зеленое 3,912023 0,000271
белое 0,994252 0,000138
белоозерский 3,506558 0,000243
белоруссии 3,912023 0,000271
белый 0,867501 0,000361
бердский 3,218876 0,001117
берег 0,478036 0,000265
береговой 1,469676 0,000102
березнеговская 3,912023 0,000271
березовая 2,040221 0,000283
березовская 3,912023 0,000271
беслане 3,912023 0,000271
беспересадочный 3,218876 0,000223
библая 3,506558 0,000243
библиографический 0,083382 0,000006
библиотека 0,328504 0,000114
библиотечный 1,609438 0,000112
бизнес 0,820981 0,000342
бизнес-журнал 3,218876 0,000223
бизнес-инкубатор 3,506558 0,000243
бизнес-инкубаторов 3,912023 0,000271
билайн 1,272966 0,000265
биографический 3,218876 0,000223
биография 2,120264 0,000294
биология 1,560648 0,000108
биотехнология 3,218876 0,000223
биофизик 3,218876 0,000223
биржевой 2,813411 0,000390
битворкс 3,912023 0,000271
благоверный 2,525729 0,000351
благовест 3,506558 0,000487
благодаря 0,527633 0,000110
близ 1,237874 0,000086
блюдо 2,813411 0,000195
богатый 1,049822 0,000146
богашево 3,912023 0,000814
богашевский 3,912023 0,000271
богородица 1,272966 0,000088
богородице-алексеевский 3,912023 0,000271
богородице-алексеевского 3,912023 0,000543
богородице-алексеевском 3,912023 0,000271
богородице-алексиевского 3,912023 0,000543
богослов 2,813411 0,000390
богоявленский 2,995732 0,000831
богоявленском 3,506558 0,000243
божий 1,272966 0,000353
бойко 3,218876 0,000223
бологое 1,347074 0,000093
болото 1,771957 0,000369
больница 1,078810 0,000225
большанина 3,912023 0,000271
большевики-подпольщики 3,912023 0,000271
большевистский 2,525729 0,000175
большинство 0,342490 0,000166
большое 0,385662 0,000107
большой 0,040822 0,000057
бор 1,203973 0,000084
борис 1,660731 0,000115
бориса 1,832581 0,000254
борисом 3,506558 0,000243
боровичи 1,347074 0,000093
ботанический 1,427116 0,000297
боулдеринговых 3,912023 0,000271
боулинг 3,506558 0,000243
братский 1,832581 0,000127
бренд 1,660731 0,000115
британский 1,469676 0,000102
брокгауза 0,328504 0,000114
бузина 3,506558 0,000243
бульвар 1,237874 0,000172
бульварный 2,813411 0,000195
бумага 1,560648 0,000108
бунт 2,207275 0,000153
буревестник 2,207275 0,000153
буржуазия 3,218876 0,000223
буфф-сад 3,912023 0,000271
бушуев 3,218876 0,000223
бывать 1,660731 0,000230
быстро 0,967584 0,000067
быстроном 3,506558 0,000243
быстрорастущий 2,813411 0,000195
быстрый 0,916291 0,000127
бытовой 1,560648 0,000541
быть -0,009950 -0,000014
бычок 3,218876 0,000447
бюджет 1,171183 0,000325
бюро 1,427116 0,000099
ва-банк 3,912023 0,000271
вагон 1,660731 0,000230
важное 1,108663 0,000154
важный 0,494296 0,000034
вакцина 3,506558 0,000243
валерьевич 2,659260 0,000185
валовой 1,832581 0,000127
ваня 2,813411 0,000390
василий 1,078810 0,000075
васюганскими 3,912023 0,000271
ввести 0,634878 0,000132
ввиду 2,120264 0,000147
ввод 1,347074 0,000093
вводиться 1,966113 0,000136
вгтрк 2,525729 0,000526
вдалеке 3,912023 0,000271
вдоль 0,755023 0,000262
веб-камеры 3,912023 0,000271
веб-энциклопедия 3,912023 0,000271
ведомость 0,994252 0,000276
век 0,248461 0,000310
векеуниверситетские 3,912023 0,000271
великий 0,356675 0,000223
великолепный 2,659260 0,000185
вера 1,049822 0,000073
вернисаж 3,218876 0,000223
веровать 2,120264 0,000147
вероятно 1,560648 0,000108
версия -0,009950 -0,000005
вертикальный 2,207275 0,000306
верх-тайменка 3,218876 0,000223
верхнекетский 3,912023 0,000271
верхний 0,494296 0,000103
вершина 1,514128 0,000105
вершинин 3,218876 0,000223
вершинино 3,218876 0,000223
веселиться 3,912023 0,000271
весна 0,713350 0,000049
вести 0,356675 0,000297
вести-томск 3,912023 0,001629
вестись 0,673345 0,000187
вестник 1,049822 0,000291
весь 0,301105 0,000063
ветвь 1,514128 0,000525
ветер 0,713350 0,000247
ветеран 1,832581 0,000127
вечерний 1,347074 0,000187
вещание 1,108663 0,001615
вещать 1,609438 0,000223
вещаться 3,912023 0,000271
вещество 0,994252 0,000069
взамен 1,832581 0,000254
взлетно-посадочный 2,302585 0,000160
взлетный 3,218876 0,000223
взрослый 1,609438 0,000112
взрыв 1,771957 0,000123
взять 0,755023 0,000052
вид 0,061875 0,000043
видео 1,049822 0,000073
видный 1,660731 0,000115
визит 1,897120 0,000263
визитный 2,120264 0,000147
вика 2,813411 0,000195
вики-разметкой 1,309333 0,000091
вики-энциклопедии 3,912023 0,000271
вики-энциклопедиях 3,912023 0,000271
викигиде 0,776529 0,000108
викигидепортал 1,469676 0,000102
викигидстатьи 2,120264 0,000147
викиданных -0,009950 -0,000001
викиданныхвикипедия 0,891598 0,000124
викимедиа -0,009950 -0,000001
википедии -0,009950 -0,000001
википедия -0,009950 -0,000004
викискладвикиновостивикицитатниквикигидэлемент 1,272966 0,000088
викискладе 0,174353 0,000012
викискладепутеводитель 0,713350 0,000049
викискладстатьи 0,891598 0,000062
викицитатникемедиафайлы 1,469676 0,000102
викицитатникстатьи 2,207275 0,000153
вильнева 3,912023 0,000271
вирион 3,912023 0,000271
вице-мэр 2,995732 0,000208
вице-президент 2,813411 0,000195
вицман 3,912023 0,000271
вицмана 3,912023 0,000271
включать 0,235722 0,000065
включение 1,108663 0,000385
включить 0,634878 0,000044
вкусно 2,813411 0,000195
владелец 1,660731 0,000230
владимир 0,653926 0,000091
владислав 2,302585 0,000160
влажность 1,108663 0,000077
власть 0,544727 0,000567
влияние 0,527633 0,000073
вместе 0,510826 0,000035
вмешательство 2,813411 0,000195
внеплощадные 3,912023 0,000271
внешнее 1,609438 0,000223
внешнеэкономический 2,525729 0,000175
внешний 0,051293 0,000007
вниз 1,171183 0,000081
вниикп 3,912023 0,000271
вновь 0,755023 0,000105
внутренний 0,314711 0,000044
внутригородской 0,867501 0,000181
вов 2,120264 0,000147
вода 0,527633 0,000146
водитель 2,525729 0,000175
водный 0,562119 0,000078
водоем 1,139434 0,000079
водозабор 2,120264 0,000294
водолей 3,506558 0,000243
водораздел 2,040221 0,000142
водоснабжение 1,514128 0,000105
воевать 2,995732 0,000208
военно-медицинский 3,912023 0,000271
военное 0,916291 0,000191
военный 0,494296 0,000069
возвести 1,139434 0,000079
возврат 2,040221 0,000142
возвышаться 2,207275 0,000153
возглавлять 1,203973 0,000084
воздух 0,616186 0,000043
воздушный 0,798508 0,000222
возле 1,386294 0,000192
возможное 1,832581 0,000127
возможность 0,314711 0,000044
возможный 0,994252 0,000069
вознесенского 3,912023 0,000271
вознесенское 3,218876 0,000223
возникать 1,021651 0,000071
возобновить 1,832581 0,000127
возрастать 1,897120 0,000132
возрасти 1,660731 0,000115
возродить 2,207275 0,000153
воин 1,714798 0,000119
воинственный 3,506558 0,000243
война 0,430783 0,000269
войско 0,798508 0,000055
войти 0,634878 0,000308
вокзал 0,755023 0,000314
вокруг 0,693147 0,000144
волейбол 1,469676 0,000204
волина 3,506558 0,000243
волк 1,771957 0,000123
волна 0,916291 0,000127
волновать 3,506558 0,000243
вологда 1,203973 0,000084
волшебник 3,912023 0,000271
волшебный 0,030459 0,000004
вооружить 1,609438 0,000335
вопрос 0,371064 0,000154
воркута 1,237874 0,000086
воробьева 2,659260 0,000369
воронино 3,506558 0,000243
ворот 1,078810 0,000075
ворошилов 2,995732 0,000208
воскресенская 2,813411 0,001562
воскресенский 2,207275 0,000153
воскресенской 3,218876 0,001340
воскресенскую 3,912023 0,000271
воскресенье 1,771957 0,000123
воспользоваться 2,120264 0,000147
воссоздать 1,897120 0,000395
восстанавливаться 1,966113 0,000136
восстание 1,237874 0,000258
восстановить 0,967584 0,000134
восток 0,494296 0,000171
востокгазпром 3,912023 0,000271
восточно-казахстанской 3,912023 0,000271
восточный 0,430783 0,000060
воткинск 1,309333 0,000091
впадение 1,139434 0,000158
впервые 0,385662 0,000027
вплотную 2,040221 0,000142
впоследствии 0,653926 0,000045
впп 2,995732 0,000416
вправо 2,659260 0,000185
временно 1,309333 0,000091
время 0,020203 0,000056
врио 2,302585 0,000160
вручить 2,120264 0,000294
все 0,040822 0,000006
всемирный 0,891598 0,000062
всенародный 2,995732 0,000208
всероссийский 0,634878 0,000132
всесоюзный 0,776529 0,000323
вставка 1,272966 0,000088
встречаться 0,713350 0,000049
вступление 1,966113 0,000136
втб 1,714798 0,000119
втора 0,274437 0,000076
второе 0,653926 0,000136
второй 0,891598 0,000062
вуз 0,820981 0,000911
вузовский 2,525729 0,000175
вход 0,755023 0,000210
входить 0,287682 0,000240
въезд 1,897120 0,000263
выбор 0,634878 0,000617
выборка 3,912023 0,000271
выбрать 1,139434 0,000079
выброс 1,347074 0,000187
выводить 1,832581 0,000127
выгодный 1,771957 0,000123
выдвинуть 1,897120 0,000132
выделение 1,832581 0,000127
выделить 0,544727 0,000113
выделять 1,139434 0,000079
выделяться 0,941609 0,000131
выезд 2,813411 0,000781
выиграть 2,407946 0,000334
выигрывать 2,995732 0,000208
выйти 0,798508 0,000111
вып 0,798508 0,000111
выпадать 1,139434 0,000158
выполнить 0,843970 0,000117
выполняться 1,272966 0,000088
выпуск 0,693147 0,000048
выпускаться 1,469676 0,000102
выпускник 1,966113 0,000136
вырабатывать 2,407946 0,000501
выравнивание 2,995732 0,000208
вырасти 1,108663 0,000154
вырубка 2,207275 0,000306
высадить 2,525729 0,000351
высказываться 2,525729 0,000175
высокий 0,139262 0,000106
высокотехнологичный 2,040221 0,000142
высота 0,415515 0,000144
высотный 1,427116 0,000198
выставляться 3,218876 0,000223
выставочный 1,171183 0,000081
выстроить 1,771957 0,000123
выступать 0,916291 0,000064
выступить 1,660731 0,000115
вытнов 3,912023 0,000271
выход 1,078810 0,000075
выходит 1,427116 0,000396
выше 0,616186 0,000086
выявить 1,514128 0,000105
выявляться 2,995732 0,000208
вяз 2,659260 0,000185
вяткин 3,912023 0,000271
гаврилу 3,912023 0,000271
гага 3,912023 0,000271
газета 0,579818 0,000443
газовый 1,469676 0,000102
газон 3,218876 0,000223
газопровод 2,302585 0,000160
газпром 1,714798 0,000595
газпромбанк 2,407946 0,000167
газпромнефть-восток 3,912023 0,000271
гаи 3,218876 0,000223
галапресс 3,912023 0,000271
галерея 1,049822 0,000146
гастро-фестивали 3,912023 0,000271
гастроном 3,912023 0,000271
гато 3,912023 0,000543
гахов 3,912023 0,000271
гвардейский 1,966113 0,000136
генерал 1,514128 0,000105
генерал-лейтенант 3,218876 0,000223
генеральный 0,755023 0,000314
генетик 2,407946 0,000501
геннадием 3,506558 0,000243
геннадий 2,302585 0,000160
геннадия 2,995732 0,000208
генплан 1,560648 0,000217
географический 0,356675 0,000148
география 0,415515 0,000086
геодезия 2,659260 0,000185
геолог 2,302585 0,000160
геологический 1,139434 0,000079
гера 1,272966 0,000265
геральдически 3,218876 0,000223
герб 0,798508 0,000886
гербарий 3,912023 0,000271
гербовник 2,995732 0,000208
германий 0,843970 0,000059
герой 1,139434 0,000158
герцена 2,302585 0,000320
гид 3,218876 0,000223
гидроним 1,660731 0,000115
гиляров 3,912023 0,000271
гимн 0,776529 0,000108
гимназия 1,108663 0,000231
гинекология 2,995732 0,000208
гипермаркет 1,660731 0,000230
гкал 2,995732 0,000416
гкчп 3,218876 0,000223
глава 0,494296 0,000549
главный 0,210721 0,000234
главпочтамт 2,525729 0,000175
гладкий 3,218876 0,000223
глобальный 1,203973 0,000167
глянцевый 3,506558 0,000243
год -0,009950 -0,000411
годавикипедия 0,616186 0,000043
годовой 0,994252 0,000069
годугорода 1,714798 0,000119
годунов 3,506558 0,000243
годунова 2,995732 0,000208
годуновым 3,506558 0,000243
гол 2,525729 0,000175
голев 3,912023 0,000271
голова 1,427116 0,000297
головино 3,912023 0,000543
голос 1,609438 0,000112
голосование 1,309333 0,000182
голубев 3,506558 0,000487
гольдберг 3,912023 0,000271
гондатти 2,995732 0,000208
гонконгский 3,506558 0,000243
гончар 2,525729 0,000351
гора 0,616186 0,000727
гордость 1,966113 0,000136
гордуме 3,912023 0,000271
горзеленхоз 3,912023 0,000271
горизбирком 3,912023 0,000271
горисполком 1,966113 0,000273
горловка 1,309333 0,000091
горно-алтайский 3,912023 0,000271
горный 0,941609 0,000131
город 0,371064 0,006153
город-побратим 0,843970 0,000351
город-спутник 1,771957 0,000123
городпро 0,867501 0,000060
городской 0,544727 0,002873
городтомск 3,912023 0,000271
горсети 3,912023 0,000271
горсовет 1,897120 0,000527
горький 0,941609 0,000065
горэлектросетей 3,912023 0,000271
горэнерго 3,912023 0,000271
горячко 1,609438 0,000223
гос 1,609438 0,000112
госбюджет 3,506558 0,000243
госкомстат 0,891598 0,000124
госпиталь 1,897120 0,000132
господствовать 1,897120 0,000132
госсимволика 3,912023 0,000271
гостиница 0,843970 0,000117
гостиный 1,966113 0,000136
государев 2,040221 0,000142
государственный 0,261365 0,000780
госуниверситета 3,506558 0,000243
готовить 2,302585 0,000160
готовый 1,386294 0,000192
градоначальник 1,427116 0,000099
градус 1,514128 0,000210
гражданин 0,733969 0,000306
грамота 1,427116 0,000099
гранд 2,995732 0,000208
гранитный 2,659260 0,000185
граница 0,356675 0,000074
грацианов 3,912023 0,000271
гребля 3,506558 0,000243
гребной 2,525729 0,000351
григорий 1,832581 0,000127
гринвич 3,218876 0,000223
гроза 1,966113 0,000273
громкоговоритель 3,912023 0,000271
груз 1,309333 0,000091
грузия 1,966113 0,000136
грузовая 1,139434 0,000079
грузоперевозка 2,659260 0,000369
грузопоток 2,995732 0,000208
грунтовой 1,832581 0,000254
группа 0,314711 0,000197
группировать 3,506558 0,000243
грэс 2,525729 0,000701
грязный 1,771957 0,000123
гтрк 1,049822 0,000656
губернатор 0,967584 0,000873
губерния 0,891598 0,000247
губернский 1,309333 0,000727
губисполком 2,995732 0,000208
гум 2,995732 0,000208
гуманитарный 0,994252 0,000207
гуменный 3,912023 0,000271
гута 3,506558 0,000243
гюнтер 3,506558 0,000243
давать 0,820981 0,000114
давление 1,832581 0,000127
дайджест 2,659260 0,000369
далее 0,693147 0,000096
дальне-ключевской 3,912023 0,000271
дальневосточный 1,966113 0,000136
дальний 0,446287 0,000124
дарить 3,912023 0,000271
дата 0,030459 0,000645
датский 0,328504 0,000023
дать 0,072571 0,000060
дача 1,469676 0,000204
два 0,150823 0,000063
дважды 1,272966 0,000088
дверь 2,120264 0,000294
движение 0,544727 0,000265
двор 1,078810 0,000150
дворец 0,843970 0,000351
двухуровневый 2,813411 0,000195
де-вильнев 3,912023 0,000271
девиз 2,407946 0,000167
девять 1,609438 0,000335
действовать -0,009950 -0,000012
дек 0,820981 0,000114
декабрь 0,094311 0,000484
декоративный 2,120264 0,000147
делать 0,867501 0,000060
деление 0,579818 0,000322
деловой 1,237874 0,000258
демоскоп 0,820981 0,000171
денисова 3,506558 0,000243
день 0,210721 0,000175
деньга 1,386294 0,000192
депо 1,771957 0,000123
депутат 0,776529 0,000593
депутатский 2,995732 0,000208
дербышевского 3,912023 0,000271
дербышевскому 3,912023 0,000271
деревня 1,021651 0,000142
дерево 0,867501 0,000421
деревянный 0,941609 0,000653
десятка 1,139434 0,000079
десяток 1,660731 0,000115
детальный 2,813411 0,000195
детсад 3,506558 0,000243
детская 0,653926 0,000045
детский 0,967584 0,000134
деятель 1,108663 0,000538
деятельность 0,342490 0,000190
дзержинск 1,347074 0,000093
дзержинское 3,506558 0,000243
диаметр 2,302585 0,000160
диапазон 1,560648 0,000217
дивизион 1,609438 0,000112
дивизия 1,771957 0,000123
димитрия 2,659260 0,000369
динамик 1,272966 0,000088
директор 1,272966 0,000972
дистанционный 2,995732 0,000208
дитя 0,867501 0,000301
длина 0,579818 0,000121
длиться 1,771957 0,000246
дмитриенко 3,506558 0,002920
дмитрий 0,967584 0,000067
дмитрия 1,560648 0,000217
добиться 2,040221 0,000142
доблеститомскнаселенные 3,912023 0,000271
доблесть 1,309333 0,000454
добро 2,525729 0,000351
добывать 2,407946 0,000167
договориться 2,659260 0,000185
додо 3,506558 0,000243
доктор 1,427116 0,000396
документ 0,415515 0,000029
документация 1,897120 0,000263
долгота 0,820981 0,000114
должностной 1,514128 0,000105
должность 1,049822 0,000146
должный 0,356675 0,000025
долина 0,916291 0,000064
доля 0,544727 0,000038
дом 0,446287 0,000712
домашние 2,207275 0,000459
домашний 1,237874 0,000086
домовой 2,302585 0,000959
домовый 2,995732 0,001039
домостроительный 2,659260 0,000369
доп 0,597837 0,000124
дополнительный -0,009950 -0,000002
дополнить 1,714798 0,000119
допускать 2,302585 0,000160
допустимый 1,771957 0,000123
дорога 0,527633 0,000696
дорогое 2,659260 0,000185
дорожка 2,302585 0,000160
дорожный 1,021651 0,000284
дорохов 3,912023 0,000543
досааф 2,407946 0,000167
доставить 1,966113 0,000136
достаточно 0,820981 0,000171
достигать 0,843970 0,000117
достижение 1,139434 0,000079
достопримечательность 0,867501 0,000421
доступ 0,755023 0,000157
доступность 1,427116 0,000198
доступный -0,009950 -0,000001
доход 1,514128 0,000105
дочка 3,218876 0,000223
дошкольный 1,309333 0,000182
дощинская 3,912023 0,000271
дракон 2,207275 0,000153
драматический 1,108663 0,000154
древесный 2,302585 0,000160
древность 1,203973 0,000084
дробно -0,009950 -0,000001
дрожжевой 3,506558 0,000243
другой -0,009950 -0,000012
дуб 1,966113 0,000136
дубрава 2,813411 0,000195
дубровское 3,912023 0,000271
дульзона 3,912023 0,000271
дума 0,916291 0,002352
дуть 2,813411 0,000195
духовная 1,108663 0,000231
дырко 3,912023 0,000271
дядя 3,218876 0,000223
евангелист 2,813411 0,000390
евгений 1,347074 0,000093
евгеньевич 2,659260 0,000185
евразия 1,347074 0,000093
еврейский 0,755023 0,000157
европа 0,301105 0,000084
европейский 0,494296 0,000069
евросеть 3,912023 0,000271
евсеева 2,995732 0,000208
егор 2,659260 0,000369
егора 3,506558 0,000243
егору 3,506558 0,000730
единица 0,478036 0,000166
единороссы 3,506558 0,000487
единственное 1,021651 0,000071
единственный 0,891598 0,000186
единый 0,544727 0,000151
ежегодник 0,820981 0,000741
ежегодно 0,916291 0,000064
ежегодный 1,171183 0,000081
ежедневный 2,207275 0,000153
еженедельный 2,120264 0,000294
екатеринбург 0,843970 0,000059
екатеринбургский 2,659260 0,000185
елань 2,995732 0,000416
елена 1,560648 0,000108
елизаветы 2,813411 0,000390
елизаровых 3,912023 0,000271
ель 2,120264 0,000147
ельцина 2,659260 0,000185
емельянов 3,218876 0,000447
енисейск 2,813411 0,000390
енисейска 2,995732 0,000208
енисейский 2,659260 0,000185
епархиальный 2,302585 0,000320
епархия 0,967584 0,000134
ерохин 3,506558 0,000243
ерунаково 3,218876 0,000223
естественно 3,218876 0,000223
ефрона 0,328504 0,000114
жар 2,040221 0,000142
жариться 3,912023 0,000271
жбк 3,506558 0,000243
жвачкин 3,912023 0,000814
жвачкина 3,912023 0,000271
ждать 1,966113 0,000136
желание 1,966113 0,000136
железнодорожный 0,579818 0,000402
железный 0,616186 0,000214
желтый 1,609438 0,000112
желябо 3,912023 0,000271
женский 0,867501 0,000120
жертва 1,347074 0,000187
живой 1,386294 0,000096
жизнь 0,342490 0,000190
жилой 0,941609 0,000131
жимолость 2,995732 0,000416
жиромская 1,021651 0,000071
жит 3,912023 0,000271
житель 0,562119 0,000273
жить 0,820981 0,000057
жить-быть 3,912023 0,000271
жкх 2,120264 0,000294
жукова 2,302585 0,000160
журнал 0,301105 0,000125
забайкалье 2,813411 0,000195
заболевание 1,771957 0,000123
забор 2,302585 0,000160
заварзино 3,912023 0,000271
заварзинской 3,912023 0,000271
заведение 0,867501 0,000301
завезти 3,506558 0,000243
завершить 0,867501 0,000060
завести 2,813411 0,000195
зависимость 0,713350 0,000049
завод 0,693147 0,000914
загадка 2,659260 0,000369
заглавный -0,009950 -0,000001
заговорить 2,813411 0,000195
загородный 1,966113 0,000136
загрязнение 0,891598 0,000186
загрязнить 1,514128 0,000105
загрязнять 1,514128 0,000210
задавать 2,040221 0,000142
задание 1,832581 0,000127
задержание 2,813411 0,000195
задний 2,120264 0,000147
заисточье 3,912023 0,000271
заканчиваться 1,966113 0,000136
закат 2,407946 0,000167
заключить 1,309333 0,000091
закон 0,462035 0,000096
закончить 1,897120 0,000132
закончиться 1,966113 0,000136
закрытие 1,660731 0,000115
закрыто 2,040221 0,000142
закрыть 0,798508 0,000720
закрыться 1,966113 0,000136
зал 0,843970 0,000410
залежь 2,407946 0,000167
заложить 0,843970 0,000059
заманивать 3,912023 0,000271
заменить 0,494296 0,000103
заместитель 1,514128 0,001156
замечательный 2,995732 0,000208
замещать 3,506558 0,000243
занимать 0,430783 0,000090
заниматься 0,634878 0,000132
занятие 1,469676 0,000102
занять 0,693147 0,000096
заняться 2,207275 0,000153
зао 1,514128 0,000420
заозерье 3,912023 0,000543
заозерье-черемошники 3,912023 0,000271
запад 0,634878 0,000132
западно-сибирский 2,525729 0,000175
западно-сибирское 3,912023 0,001357
западно-сибирской 2,120264 0,000588
западный 0,462035 0,000160
записка 1,139434 0,000079
записьвойти -0,009950 -0,000001
заплавный 3,912023 0,000543
заполнение 2,813411 0,000195
заправочная 3,506558 0,000243
запсибтранстелеком 3,506558 0,000243
запустить 0,755023 0,000314
зарабатывать 3,218876 0,000223
зарегистрировать -0,009950 -0,000003
зарубежный 0,994252 0,000138
заря 1,347074 0,000093
заседание 1,309333 0,000091
заслуга 1,660731 0,000230
заслужить 1,714798 0,000119
застроить 1,832581 0,000127
застройка 0,916291 0,000127
засыпать 2,995732 0,000208
затем 0,527633 0,000037
зато 1,560648 0,000108
затон 1,427116 0,000099
захватчик 2,302585 0,000160
заходить 2,407946 0,000167
захоронение 1,832581 0,000636
захоронить 2,525729 0,000351
зачастую 1,771957 0,000123
защита 0,616186 0,000043
защитить 1,139434 0,000079
заявить 1,386294 0,000096
заявка 2,120264 0,000147
заявление -0,009950 -0,000001
звание 0,891598 0,000371
звезда 0,916291 0,000127
звено 2,302585 0,000160
зверева 3,912023 0,000271
звучать 2,659260 0,000185
здание 0,673345 0,000981
здзярский 2,813411 0,000390
здоровье 1,203973 0,000167
здравоохранение 0,843970 0,000117
зеленогорский 3,218876 0,000223
зеленодольск 1,237874 0,000086
зеленые 1,203973 0,000167
зеленый 0,755023 0,000210
землетрясение 1,897120 0,000132
земля 0,400478 0,000167
земский 1,609438 0,000112
зима 0,478036 0,000033
зиновьев 3,218876 0,000893
златоуст 1,347074 0,000093
знак -0,009950 -0,000003
знаменская 2,813411 0,000390
знамя 1,386294 0,000481
знание 1,108663 0,000077
значение 0,061875 0,000039
значимость 1,832581 0,000127
значительно 0,510826 0,000035
значительный 0,328504 0,000046
значные 3,506558 0,000243
зной 3,912023 0,000543
зодчество 1,966113 0,000682
золотой 0,597837 0,000041
золотопромышленник 3,506558 0,000243
зона 0,400478 0,000445
зоологический 2,302585 0,000160
зрелище 3,506558 0,000487
зрелищный 3,506558 0,000243
зрение 1,203973 0,000084
зритель 1,108663 0,000231
зуй 3,218876 0,000223
зырянский 3,506558 0,000487
иван 0,843970 0,000176
ивана 1,078810 0,000150
иванова 1,966113 0,000273
иваново 1,139434 0,000079
иванушка 3,912023 0,000543
иверской 2,813411 0,000390
игнатьев 2,995732 0,000208
игорь 1,714798 0,000119
игоря 2,659260 0,000185
игуменский 3,506558 0,000487
идентификатор 0,693147 0,000048
идеология 2,813411 0,000195
идет 1,078810 0,000374
идея 1,108663 0,000308
идти 0,820981 0,000228
ижевск 1,139434 0,000079
из-за 0,415515 0,000086
избирательный 1,609438 0,001563
избираться 1,427116 0,000297
избрать 0,967584 0,000739
известно 1,237874 0,000086
известное 0,994252 0,000069
известный 0,287682 0,000040
извоз 3,912023 0,000271
изд 0,314711 0,000153
изд-во 1,049822 0,000583
издаваться 1,660731 0,000115
издание 0,415515 0,000173
издательство 0,494296 0,000514
издать 1,386294 0,000192
изменение 0,301105 0,000084
измениться 1,021651 0,000071
измерение 1,771957 0,000123
изображение 0,693147 0,000048
изобразить 1,386294 0,000289
изобретение 2,302585 0,000160
изумрудный 2,995732 0,001455
икар 3,506558 0,000243
икона 1,309333 0,000363
иллюстрация 2,525729 0,000175
ильинка 2,813411 0,000195
ильиных 3,506558 0,000973
именно 0,544727 0,000038
иметь 0,094311 0,000046
иметься 0,385662 0,000321
императ 3,912023 0,000271
императорский 1,469676 0,000408
империя 0,653926 0,000045
имя 0,274437 0,000209
инвестор 2,120264 0,000147
индекс 0,634878 0,000088
индивидуальный 1,560648 0,000108
индустриальный 1,309333 0,000182
индустрия 1,514128 0,000105
инженерный 1,272966 0,000177
инженером-путейцем 3,912023 0,000271
инжиниринговый 3,912023 0,000271
инновационно 3,912023 0,000271
инновационный 1,771957 0,001352
инновация 2,302585 0,000959
иногородний 2,120264 0,000294
иной 0,867501 0,000060
иностранец 1,771957 0,000123
иностранный 0,916291 0,000064
инспектор 2,995732 0,000208
институт 0,371064 0,000541
инструмент -0,009950 -0,000003
интегрировать 1,771957 0,000123
интеллектуальный 1,897120 0,000132
интервеб 3,912023 0,000271
интерес 1,021651 0,000071
интересный 1,832581 0,000127
интернет 0,755023 0,000367
интернет-журналистика 3,912023 0,000271
интернет-изданий 3,218876 0,000223
интернет-портал 1,897120 0,001580
интернет-провайдерами 3,912023 0,000271
интернет-провайдинге 3,912023 0,000271
интернет-ресурсы 3,912023 0,000271
интернет-сайт 3,912023 0,000271
интернет-сеанс 3,912023 0,000271
интернет-сми 2,995732 0,000624
интернет-энциклопедии 3,912023 0,000543
интерпретация 2,120264 0,000147
интерфакс 1,832581 0,000254
интерфакс-сибирь 3,506558 0,000730
интим 3,912023 0,000271
интроскопия 3,912023 0,000271
инфо-каналы 3,912023 0,000271
информагентство 3,218876 0,000670
информационно-аналитическую 3,912023 0,000271
информационно-развлекательные 3,912023 0,000271
информационный 0,462035 0,000321
информация 0,162519 0,000079
инфраструктура 0,891598 0,000247
иоанна 1,469676 0,000204
иоанно-предтеченского 3,912023 0,000271
иоанно-предтеченском 3,912023 0,000271
ирга 3,912023 0,000271
иркутск 1,171183 0,000081
иркутске 3,218876 0,000223
иркутский 2,120264 0,000883
исаков 3,506558 0,000243
исключение 0,891598 0,000062
искусство 0,478036 0,000100
исполком 2,040221 0,000566
исполнение 0,867501 0,000060
исполнительно-распорядительный 2,302585 0,000160
исполнительный 1,171183 0,000081
исполниться 2,525729 0,000175
исполнять 1,108663 0,000462
использование -0,009950 -0,000001
использовать 0,020203 0,000001
использоваться 0,223144 0,000077
испр 1,832581 0,000127
испытывать 1,560648 0,000108
исследование 0,462035 0,000032
исследователь 0,941609 0,000131
исследовательский 1,237874 0,000429
исток 0,755023 0,000105
историк 1,469676 0,000102
исторически 1,078810 0,000075
исторический 0,314711 0,000240
история 0,051293 0,000174
источник -0,009950 -0,000003
исчезнуть 1,771957 0,000246
исчисление 0,776529 0,000054
ит-индустрия 3,912023 0,000271
ит-томск 3,912023 0,000271
итар-тасс 2,813411 0,000195
итог 0,494296 0,000206
ишимбай 1,309333 0,000091
июл 2,659260 0,000185
июль 0,116534 0,000760
июн 2,659260 0,000185
июнь 0,116534 0,000388
кабельный 1,514128 0,000735
кадр 1,514128 0,000210
каждый 0,261365 0,000054
казанский 1,049822 0,000219
казань 0,891598 0,000062
казахстан 1,469676 0,000102
казахстана 1,966113 0,000273
казачий 1,469676 0,000102
казенный 2,040221 0,000283
казна 1,966113 0,000136
какое 2,659260 0,000185
какой-нибудь 2,995732 0,000208
календарь 1,469676 0,000102
калина 2,525729 0,000175
калмык 1,560648 0,000108
каменный 0,733969 0,000306
каменск-уральский 1,347074 0,000093
камень 0,994252 0,000138
камерный 1,660731 0,000346
канал 0,673345 0,000327
кандидат 1,272966 0,000265
кандидатура 2,407946 0,000167
капелла 2,995732 0,000208
капитан 1,897120 0,000132
капуста 3,506558 0,000243
карандашный 3,912023 0,000271
каргасок 3,218876 0,000223
каргасокский 3,912023 0,000271
кардиология 3,912023 0,000543
карп 2,207275 0,000153
карповский 3,912023 0,000271
карповском 3,912023 0,000271
карт 0,301105 0,000251
картография 2,302585 0,000160
картодром 2,995732 0,000208
карточка 2,040221 0,000142
карточкевикипедия 1,469676 0,000102
карточкивикипедия 1,309333 0,000091
касаться 1,897120 0,000132
касинский 3,912023 0,000543
каспийск 1,272966 0,000088
каталанский 0,527633 0,000037
каталог 0,094311 0,000020
категория -0,009950 -0,000004
католический 1,237874 0,000172
кафа 1,514128 0,000105
кафе-мороженое 3,912023 0,000271
кафедральный 0,967584 0,000067
кафтанчиково 3,218876 0,000223
качество 0,287682 0,000060
каштак 2,995732 0,000624
каштака 3,912023 0,000543
каштаке 3,912023 0,000543
каштачной 3,912023 0,000271
каштачный 3,912023 0,000271
квалифицировать 2,207275 0,000153
квартал 0,994252 0,000069
квн 2,659260 0,000185
кдв 3,506558 0,000243
кдв-групп 3,912023 0,000271
кедр 2,813411 0,000195
кедровый 2,659260 0,000369
кемерово 1,237874 0,000258
кемеровский 2,040221 0,000566
керепеть 3,912023 0,000271
кет 2,302585 0,000320
кетский 2,995732 0,000208
киева 2,995732 0,000208
киевский 2,120264 0,000147
километр 0,693147 0,000048
кино 0,994252 0,000069
кинозал 2,040221 0,000425
киномакс 2,120264 0,000147
киномир 3,506558 0,000730
кинополис 3,506558 0,000243
кинотеатр 0,891598 0,001175
киргизка 3,912023 0,000814
кирилла 1,966113 0,000136
киров 1,309333 0,000091
кирова 1,386294 0,000385
кировский 1,237874 0,000172
кировском 2,525729 0,000175
кирха 1,832581 0,000381
кислицким 3,912023 0,000271
кисловка 3,912023 0,000271
кладбище 1,237874 0,002834
кладбищенский 2,659260 0,000185
класс 0,616186 0,000043
классицизм 1,514128 0,000210
классический 0,755023 0,000052
климат 0,446287 0,000341
климатический 1,049822 0,000073
климычев 3,912023 0,000271
клиницист 3,912023 0,000271
клинический 1,386294 0,000096
клуб 0,798508 0,000776
клумба 2,995732 0,000416
клюев 3,912023 0,000271
кляйн 3,912023 0,000814
кляйна 3,912023 0,000271
книга 0,415515 0,000173
книжный 0,798508 0,000388
княгиня 2,659260 0,000369
князь 0,867501 0,000060
ковалев 3,506558 0,000243
ковчег 2,813411 0,000195
код -0,009950 -0,000038
кодекс -0,009950 -0,000001
кодистория 0,116534 0,000008
кожевниково 3,218876 0,000223
кожевниковский 3,912023 0,000814
кожевниковского 3,912023 0,000271
козюлино 3,218876 0,000223
коларово 3,218876 0,000223
коларовский 3,912023 0,000271
коларовскому 3,912023 0,000271
количество 0,210721 0,000146
колледж 1,108663 0,000077
коломна 1,272966 0,000088
колоть 3,912023 0,000271
колпашево 3,218876 0,000893
колпашевский 3,912023 0,000271
колчак 2,302585 0,000320
колыванское 3,506558 0,000243
кольцевой 1,714798 0,000119
кольцо 1,021651 0,000142
кольчезас 3,218876 0,000223
ком 1,832581 0,000127
команда 0,798508 0,000277
командный 1,347074 0,000093
командовать 2,040221 0,000142
комбинат 1,021651 0,000213
комендант 2,813411 0,000586
комиссионер 3,912023 0,000271
комиссия 0,967584 0,000134
комитет 0,653926 0,000227
комментарий 1,237874 0,000086
коммерсантъ 1,139434 0,000079
коммунально-бытового 3,506558 0,000243
коммунально-строительный 3,218876 0,000223
коммунальный 1,609438 0,000335
коммуникация 1,660731 0,000115
комната 2,525729 0,000175
компания 0,371064 0,000515
комплекс 0,579818 0,000724
комсомолец 1,560648 0,000108
комсомольск-на-амуре 1,203973 0,000084
комсомольский 0,891598 0,000247
кондитерская 1,660731 0,000115
конец 0,198451 0,000248
конечный 1,514128 0,000105
конкурент 2,525729 0,000175
конкурс 1,171183 0,000244
конкурсный 2,207275 0,000306
конный 2,207275 0,000153
коновалова 2,995732 0,000416
коноваловым 3,912023 0,000271
конский 3,506558 0,000243
конструктор 2,040221 0,000142
консультантплюс 3,218876 0,000223
континентально-циклонический 3,912023 0,000543
континентальный 0,527633 0,000110
контрольно-пропускные 3,912023 0,000271
контрольно-счетный 2,813411 0,000195
контур 2,407946 0,000334
конференция 0,941609 0,000196
конфиденциальность -0,009950 -0,000001
концентрация 1,203973 0,000084
концепция 0,967584 0,000067
концерт 1,832581 0,000127
концертный 1,108663 0,000462
конь 2,525729 0,000526
копие 0,223144 0,000046
копылово 3,506558 0,000243
корешок 3,912023 0,000271
корея 1,897120 0,000132
кормило 3,912023 0,000271
королев 1,897120 0,000395
королевский 2,659260 0,000369
коронавируса 3,506558 0,000243
короткий -0,009950 -0,000001
корпорация 1,347074 0,000093
корпус 1,171183 0,001463
корреспондент 2,995732 0,000208
корреспондентский 3,506558 0,000243
косметик 3,912023 0,000271
космический 1,309333 0,000091
космонавт 1,514128 0,000105
кострома 1,171183 0,000081
котел 2,813411 0,000195
котельная 1,966113 0,000136
коткин 3,912023 0,000271
который 0,000000 0,000000
кофе 3,218876 0,000223
кочевник 2,040221 0,000142
кпсс 1,832581 0,000254
краби 3,912023 0,000271
краеведение 2,040221 0,000566
краеведческий 1,108663 0,000538
край 0,544727 0,000265
крапивинский 3,218876 0,000223
красивый 1,660731 0,000115
красная 0,713350 0,000247
красноармейский 1,714798 0,000119
красногорского 3,506558 0,000243
красноярск 0,967584 0,000134
красноярский 1,609438 0,000223
красный 0,597837 0,000166
краткий 0,653926 0,000181
кратковременный 2,302585 0,000160
кредитный 2,120264 0,000441
крейсер 2,813411 0,000195
кремль 1,660731 0,000461
крепость 0,994252 0,000069
кресс 3,912023 0,000271
крестьянский 1,714798 0,000119
кривов 3,506558 0,000243
кривошеинский 3,912023 0,000271
кристалл 2,040221 0,000283
критерий 1,386294 0,000096
кровавый 2,659260 0,000185
кром 0,235722 0,000180
кропоткина 3,506558 0,000243
круглогодичный 2,525729 0,000175
круликовский 3,912023 0,000271
крупный 0,210721 0,000175
крылова 2,995732 0,000208
крыма 0,843970 0,000059
крыть 1,609438 0,000112
крячков 3,912023 0,000271
крячкова 3,506558 0,000243
ксения 2,302585 0,000160
ктерра 3,912023 0,000271
кужелева 3,912023 0,000543
кузбасс 2,995732 0,000208
кузбасский 2,995732 0,000208
кузнец 1,560648 0,000108
кузнецкий 2,813411 0,000195
кузнецов 1,771957 0,000123
кузьмич 3,506558 0,000487
кузьмича 3,912023 0,000271
кузьмичу 3,912023 0,000271
куки -0,009950 -0,000001
кукла 0,891598 0,000124
кулагинском 3,912023 0,000271
культовый 1,966113 0,000273
культура 0,356675 0,000272
культурно-досуговый 3,912023 0,000271
культурный 0,597837 0,000207
кун 3,506558 0,000243
купание 2,659260 0,000185
купаться 3,218876 0,000223
купец 1,078810 0,000374
купечество 2,302585 0,000160
курган 1,203973 0,000084
курганский 2,525729 0,000526
курий 2,995732 0,000208
курировать 3,218876 0,000223
курлек 3,218876 0,000223
курортология 3,506558 0,000243
курс 1,171183 0,000163
курсант 3,912023 0,000271
кухтерин 3,912023 0,000271
кыргыз 3,506558 0,000243
кяхту 3,912023 0,000271
лаборатория 1,309333 0,000091
лагерносадская 3,912023 0,000271
лагерный 3,506558 0,001460
лазонет 3,912023 0,000271
лама 2,813411 0,000195
лампа 3,218876 0,000223
лангера 3,912023 0,000271
лаптева 3,912023 0,000271
лариса 2,659260 0,000185
ларусса 1,078810 0,000075
ласкеева 3,912023 0,000271
латунь 3,218876 0,000223
лев 0,967584 0,000067
левый 1,021651 0,000213
легенда 1,469676 0,000204
легендарный 1,897120 0,000132
легкий 0,967584 0,000067
легко 1,771957 0,000123
легкоатлетический 2,525729 0,000175
ледовый 1,078810 0,000225
лейтенант 2,302585 0,000160
лекарственный 2,407946 0,000501
лекарство 3,218876 0,000223
лекция 1,714798 0,000119
ленин 0,755023 0,000314
ленинграда 2,207275 0,000153
ленинск-кузнецкий 1,347074 0,000093
ленинский 0,941609 0,000196
лента 1,203973 0,000084
леонтия 3,506558 0,000243
лес 0,733969 0,000306
лесной 0,843970 0,000176
лесостепь 1,897120 0,000132
лесотехнический 3,218876 0,000223
лет 0,597837 0,000041
леталь 3,912023 0,000271
летие 1,309333 0,000091
летию 1,078810 0,000150
летия 1,108663 0,000077
летний 0,579818 0,000161
лето 0,891598 0,000062
лечебница 2,813411 0,000195
лечение 1,897120 0,000263
либеральный 2,813411 0,000195
лига 0,941609 0,000065
лигачев 3,912023 0,000814
лигачева 3,912023 0,000271
лигачеву 3,912023 0,000814
лидер 1,237874 0,000172
лидировать 1,832581 0,000127
ликвидация 1,609438 0,000335
ликвидировать 1,309333 0,000091
лингвист 2,813411 0,000195
лингвистический 2,525729 0,000175
линдстрема 3,912023 0,000271
линия 0,462035 0,000128
липа 2,120264 0,000147
литература 0,051293 0,000007
литературный 0,867501 0,000060
лицей 1,347074 0,000093
лицензия -0,009950 -0,000001
лицо 0,673345 0,000093
лишиться 2,040221 0,000142
лишь 0,478036 0,000100
лодка 1,660731 0,000115
локальный 0,673345 0,000140
ломбард 2,995732 0,000208
ломонос 1,966113 0,000136
лоскутово 3,912023 0,000271
лошадь 1,966113 0,000409
луганск 1,203973 0,000084
лужба 3,218876 0,000223
лукия 3,912023 0,000271
лукойл 2,525729 0,000175
лучший 0,776529 0,000162
лыгиным 3,912023 0,000271
лыжероллерная 3,506558 0,000487
лыжный 1,897120 0,000658
лысьва 1,347074 0,000093
любить 1,832581 0,000127
любовник 3,912023 0,000271
любое 1,139434 0,000079
люди 0,755023 0,000105
лютеранский 1,714798 0,000238
лягушке-путешественнице 3,912023 0,000271
маг 3,912023 0,000271
магадан 1,237874 0,000086
магазин 1,272966 0,001237
магистраль 0,867501 0,000421
магистральный 1,771957 0,000123
магнит 1,609438 0,000112
магнит-косметик 3,912023 0,000271
магнитогорск 1,272966 0,000088
мажоритарный 3,506558 0,000487
май 0,127833 0,000559
майер 3,506558 0,000487
макаров 1,660731 0,000346
макаровна 3,912023 0,000271
макса 1,897120 0,000263
максимальный 0,867501 0,000060
максимум 0,579818 0,000121
макушин 3,912023 0,001086
макушина 3,912023 0,001357
маленький 2,040221 0,000283
мало 0,579818 0,000040
малое 0,994252 0,000069
малой 0,776529 0,000269
малоэтажный 2,302585 0,000160
малыгин 3,912023 0,000271
малый 0,139262 0,000039
мальцев 3,506558 0,000243
мандат 3,218876 0,000447
манеж 2,207275 0,000306
манометровый 3,912023 0,000271
манотомь 3,912023 0,000271
мар 2,040221 0,000142
марафон 2,995732 0,000831
марии 2,040221 0,000142
мариинск 3,218876 0,000223
мариинске 3,912023 0,000271
мариинский 1,469676 0,000102
мария-ра 3,218876 0,000223
марка 0,733969 0,000153
марков 2,995732 0,000208
маркова 2,407946 0,000167
март 0,116534 0,000315
марте-начале 3,912023 0,000271
маршрут 0,673345 0,000327
маршрутный 1,049822 0,000146
масло 2,407946 0,000167
масс-культуры 3,912023 0,000271
масса 0,916291 0,000127
массив 0,891598 0,000124
массовый 0,494296 0,000206
мастер 1,171183 0,000163
математик 1,347074 0,000187
материал -0,009950 -0,000006
материаловедение 2,995732 0,000208
матч 1,108663 0,000231
мать 1,203973 0,000418
махиню 3,912023 0,000543
махиня 3,912023 0,000271
машиностроительный 1,347074 0,000093
маяк 1,078810 0,000150
мбук 2,659260 0,000185
мвт 2,525729 0,000526
мга 2,040221 0,000142
мгц 1,897120 0,000132
мегамаркет 3,912023 0,000271
мегаполис 2,040221 0,000425
мегафон 1,237874 0,000515
медаль 1,609438 0,000112
медеплавильный 2,995732 0,000416
медиа 1,966113 0,000136
медиа-холдингами 3,912023 0,000271
медиафайлы 0,301105 0,000021
медиацентра 3,912023 0,000543
медико-фармацевтический 3,912023 0,000271
медицинский 0,653926 0,000318
медный 2,525729 0,000175
межвузовский 2,659260 0,000185
междугородный 1,832581 0,000127
международный 0,385662 0,000455
междуреченск 3,218876 0,000223
междуречье 2,207275 0,000153
межениновым 3,912023 0,000271
межпредметный 3,912023 0,000271
мелколистный 3,506558 0,000243
мельников 2,813411 0,000195
мельница 2,120264 0,000294
мемориал 1,514128 0,000210
мемориальный 1,139434 0,000158
менять 1,714798 0,000119
мера 0,820981 0,000057
меридиан 2,207275 0,000153
меркель 3,218876 0,000447
мероприятие 0,916291 0,000191
местность 1,049822 0,000073
местный 0,478036 0,000365
место 0,139262 0,000222
месяц 0,415515 0,000144
месяцевикипедия 0,776529 0,000054
металл 1,272966 0,000088
метанол 3,912023 0,000271
метеор 2,407946 0,000167
метеорологический 2,302585 0,000160
метр 0,653926 0,000091
метровый 1,714798 0,000119
метрополис 3,912023 0,000271
мефодия 1,966113 0,000136
механик 1,832581 0,000127
меценат 2,302585 0,000160
мечеть 0,994252 0,000276
миасс 1,309333 0,000091
микран 3,912023 0,000543
микрорайон 0,916291 0,000127
микрохирургия 2,813411 0,000195
миллиард 1,514128 0,000105
минерало 3,912023 0,000271
минимальный 1,347074 0,000093
минимум 0,653926 0,000136
министерство 0,653926 0,000227
министр 1,171183 0,000081
минкомсвязи 3,912023 0,000271
мир 0,094311 0,000098
мирамикс 3,912023 0,000271
мирненскому 3,912023 0,000271
мирной 1,609438 0,000112
мирный 2,207275 0,000153
мировая 0,527633 0,000037
митинг 2,302585 0,000160
мифология 2,302585 0,000320
михаил 0,916291 0,000381
михайлов 2,120264 0,000147
михайлова 2,659260 0,000185
михайловская 3,218876 0,000223
мичиган 3,506558 0,000243
мичуринский 2,995732 0,000208
млн 0,462035 0,000032
млрд 0,820981 0,000114
мнение 0,634878 0,000088
многие 0,356675 0,000148
многий 1,237874 0,000086
много 0,150823 0,000021
многочисленный 0,693147 0,000048
множество 0,462035 0,000224
мобильный -0,009950 -0,000002
могила 1,660731 0,000807
модерн 1,609438 0,000335
модификация 2,207275 0,000153
модуль 0,562119 0,000078
молодежный 1,078810 0,000075
молчановский 3,912023 0,000271
момент 0,527633 0,000146
монастырь 0,867501 0,000482
монета 0,994252 0,000207
мониторинг 1,108663 0,000077
монро 3,912023 0,000271
мончегорск 1,347074 0,000093
моо 3,912023 0,000271
моравецкий 3,912023 0,000271
море 0,562119 0,000039
мороз 1,386294 0,000096
морякина 3,912023 0,000271
моряковский 3,218876 0,000223
моск 2,302585 0,000160
москва 0,400478 0,000139
москватомск 3,912023 0,000271
москве 1,171183 0,000163
москвой 1,237874 0,000086
москву 1,139434 0,000237
москвы 0,653926 0,000227
московский 0,527633 0,000220
московско-сибирский 3,912023 0,000271
московско-сибирского 3,912023 0,000271
мост 0,713350 0,000990
мостовая 2,207275 0,000153
мочь -0,009950 -0,000002
мощность 1,386294 0,000096
мощный 1,021651 0,000284
мск 0,843970 0,000059
мтс 1,237874 0,000258
мужской 1,108663 0,000308
муз-тв 1,966113 0,000136
музей 0,653926 0,000998
музыка 0,941609 0,000065
музыкальный 0,867501 0,000060
мультиплекс 1,514128 0,000946
мультсериал 3,912023 0,000271
мультфильм 2,995732 0,000208
муниципалитет 1,966113 0,000409
муниципальный 0,713350 0,002871
муравейник 3,912023 0,000543
мурашова 3,912023 0,000271
мурин 3,506558 0,000243
мусульманский 1,514128 0,000105
мфку 3,912023 0,000271
мцлс 3,912023 0,000271
мыс 1,386294 0,000192
мысок 3,218876 0,000223
мэр 1,078810 0,002096
мэрия 1,560648 0,000433
мясная 2,525729 0,000175
мясопортал 3,912023 0,000271
набег 1,660731 0,000115
набережная 0,891598 0,000124
наблюдаться 0,755023 0,000105
наблюдение 1,108663 0,000077
набрать 2,407946 0,000167
навигация -0,009950 -0,000004
наводнение 2,120264 0,000147
награда 0,798508 0,000111
наградить 0,941609 0,000065
надгробиее 3,912023 0,000271
наделить 2,407946 0,000167
надземный 3,218876 0,000893
надзорный 2,995732 0,000208
надпойменный 2,813411 0,000195
назад 1,108663 0,000077
название 0,105361 0,000088
назвать 0,371064 0,000103
наземный 1,609438 0,000223
назначение 1,108663 0,000385
назначить 1,203973 0,000251
называть 0,174353 0,000024
называться 0,328504 0,000023
наиболее 0,139262 0,000048
наименование 0,994252 0,000138
найти 0,733969 0,000051
наложение 3,912023 0,000271
намерить 2,207275 0,000459
наметить 2,407946 0,000167
наметиться 2,525729 0,000175
нанотехнология 3,506558 0,000243
нападение 1,832581 0,000127
написать 0,867501 0,000060
напоминать 1,714798 0,000119
направление 0,385662 0,000187
направляться 2,407946 0,000167
например 0,328504 0,000091
напротив 1,237874 0,000172
напряжение 3,218876 0,000223
наранович 3,912023 0,000271
народ 0,579818 0,000040
народный 0,616186 0,000342
нарушение 1,560648 0,000108
нарышкина 3,506558 0,000243
нарышкину 3,912023 0,000271
наряд 1,049822 0,000073
насаждение 1,469676 0,000102
население 0,462035 0,002020
населить 0,597837 0,000498
наследие 0,713350 0,000049
настоящее 0,287682 0,000180
настоящий 1,272966 0,000088
наступать 0,843970 0,000059
насчитывать 1,203973 0,000084
насчитываться 0,967584 0,000201
наука 0,235722 0,000229
наукоемкий 3,506558 0,000243
науч 1,714798 0,000952
научно-внедренческий 3,912023 0,000271
научно-исследовательский 0,798508 0,000111
научно-образовательного 3,912023 0,000271
научно-образовательный 0,967584 0,000201
научно-образовательных 3,218876 0,000223
научно-практической 2,207275 0,000306
научно-производственное 3,912023 0,000271
научно-технический 1,386294 0,000096
научный 0,248461 0,000293
нахимова 3,506558 0,000730
находиться 0,174353 0,000181
находка 0,994252 0,000069
национальный 0,342490 0,000143
начало 0,116534 0,000105
началось 0,616186 0,000128
начальник 1,660731 0,000115
начальный 0,967584 0,000067
начать 0,510826 0,000213
начаться 0,562119 0,000117
начертать 3,218876 0,000223
начинаться 0,527633 0,000146
начиная 0,733969 0,000153
наш 0,527633 0,000256
нгс 2,813411 0,000195
небо 1,272966 0,000353
небольшое 1,427116 0,000099
небольшой 0,494296 0,000069
небыль 3,912023 0,000271
невозможный 2,659260 0,000185
невский 1,272966 0,000177
негодность 3,912023 0,000271
негосударственный 1,386294 0,000289
недалеко 1,469676 0,000204
неделя 1,309333 0,000091
недостаток 0,579818 0,000080
недоступный 0,446287 0,000341
незаконный 1,714798 0,000238
некогда 2,995732 0,000208
некоммерческий -0,009950 -0,000001
некоторые 0,127833 0,000098
некоторый 1,237874 0,000086
некрополь 2,120264 0,000588
немецкий 0,798508 0,000055
немецко-фашистских 2,525729 0,000175
немчинов 3,912023 0,000271
неоднократно 1,139434 0,000158
неординарный 3,912023 0,000271
неосуществленный 3,218876 0,000223
неотелеком 3,912023 0,000814
неофициальный 1,139434 0,000158
неподалеку 2,040221 0,000142
непосредственно 0,478036 0,000033
непригодный 3,218876 0,000223
непродовольственный 2,813411 0,000195
непуганый 3,912023 0,000271
нерабочий 0,994252 0,000069
неровный 2,995732 0,000208
несколько 0,116534 0,000105
несмотря 0,755023 0,000157
неформальный 2,659260 0,000185
нефтегазовый 2,120264 0,000147
нефтедобывающий 3,506558 0,000243
нефтехимический 1,966113 0,000273
нефть 1,347074 0,000187
нефтяной 1,514128 0,000210
ниа 3,218876 0,000447
ниа-томск 3,912023 0,000543
ниже 0,693147 0,000048
нижневартовск 2,659260 0,000369
нижнее 0,916291 0,000127
нижнекамск 2,995732 0,000208
нижнекамский 3,218876 0,000223
нижнекамцы 3,912023 0,000271
нижний 0,494296 0,000171
низкий 0,843970 0,000059
нии 1,237874 0,001890
ника 2,995732 0,000416
николаевича 2,407946 0,000167
николай 0,867501 0,000181
николайчук 3,506558 0,000730
николайчука 3,912023 0,000543
николаю 2,407946 0,000334
николая 0,916291 0,000445
никор 3,912023 0,000271
ниточка 3,912023 0,000271
нквд 2,813411 0,000195
новгород 0,867501 0,000060
новинтех 3,912023 0,000271
новицкий 3,506558 0,000243
ново-соборная 3,912023 0,000271
новое 0,287682 0,000160
новокузнецк 1,272966 0,000265
новомосковск 1,203973 0,000084
новороманово 3,218876 0,000223
новороссийск 1,966113 0,000273
новосибирск 0,916291 0,000636
новосибирске 2,659260 0,000185
новосибирский 1,714798 0,000476
новособорной 3,912023 0,000814
новости-томск 3,912023 0,000271
новостной 2,040221 0,000142
новость 0,544727 0,000907
новотомск 3,912023 0,000814
новый 0,083382 0,000145
номер 0,634878 0,000132
номинация 2,040221 0,000283
норвежский 0,248461 0,000017
норильск 1,203973 0,000084
норма 0,597837 0,000124
нормативно-технической 3,218876 0,000223
нос 2,302585 0,000160
ноу 2,659260 0,000185
ночной 2,040221 0,000142
ночь 1,309333 0,000091
нояб 0,820981 0,000057
ноябрь 0,127833 0,001978
нпо 2,207275 0,000306
нпф 3,912023 0,000271
нпц 2,813411 0,000195
нтл 3,912023 0,000543
нужда 1,237874 0,000086
нуждаться 1,660731 0,000115
нужно 1,049822 0,000146
нужный 1,771957 0,000123
нуль 1,897120 0,000132
нумизматика 1,966113 0,000273
ныне 0,653926 0,000136
нынешний 1,021651 0,000071
ныть 2,407946 0,000167
оао 0,916291 0,000699
оба 0,597837 0,000041
обветшать 2,995732 0,000208
обеспечение 0,634878 0,000044
обеспечивать 0,415515 0,000029
обеспечить 1,386294 0,000096
обещать 2,407946 0,000167
обзор 1,078810 0,000973
оби 2,207275 0,000153
обилие 2,407946 0,000167
обком 2,207275 0,000153
обл 1,714798 0,000119
обладать 0,843970 0,000059
областиисторические 3,506558 0,000243
областискрытые 2,525729 0,000175
областнический 3,506558 0,000243
областничество 3,506558 0,000243
областной 0,994252 0,000897
область 0,150823 0,001026
областьгорода 1,309333 0,000091
обнаружить 1,021651 0,000213
обновить 1,203973 0,000167
обновление 1,203973 0,000084
обновлениявикипедия 1,771957 0,000123
обозначение 1,386294 0,000096
обойтись 2,040221 0,000425
оборона 1,108663 0,000077
оборонно-промышленном 3,912023 0,000271
оборонный 1,771957 0,000123
оборот 1,139434 0,000158
обработка 1,309333 0,000091
образец 1,203973 0,000084
образование 0,356675 0,001435
образовательный 0,891598 0,000247
образовать 0,385662 0,000134
обратиться 2,120264 0,000147
обращение 0,030459 0,000642
обряд 2,659260 0,000185
обсерватория 1,966113 0,000136
обувь 2,525729 0,000175
обусловить 1,237874 0,000086
обучение 1,309333 0,000091
обход 1,469676 0,000306
обширный 1,078810 0,000075
общедоступный 1,347074 0,000280
общее 0,301105 0,000063
общеобразовательный 1,021651 0,000071
общепит 3,506558 0,000243
общероссийский 1,427116 0,000099
общественно-политических 2,525729 0,000351
общественный 0,494296 0,000206
общество 0,415515 0,000086
общий 0,186330 0,000039
община 1,078810 0,000075
объединение 0,776529 0,000054
объединяться 2,995732 0,000208
объект 0,235722 0,000049
объем 0,400478 0,000139
объявить 0,798508 0,000111
объясняться 1,560648 0,000108
обычно 0,693147 0,000048
обь 2,302585 0,000479
обязанность 1,347074 0,000654
обязательный 1,427116 0,000396
обязать 1,609438 0,000112
овраг 1,660731 0,000461
оврагоопасной 3,912023 0,000271
оврагоопасные 3,912023 0,000271
овражный 2,995732 0,000208
огайо 3,912023 0,000271
огаук 3,912023 0,000271
огку 3,506558 0,000487
оглобин 3,912023 0,000271
огонь 1,139434 0,000079
ограда 2,302585 0,000160
ограничение 1,237874 0,000172
ограничить 0,653926 0,000045
ограничиться 3,912023 0,000271
огромный 0,776529 0,000054
одержать 2,525729 0,000351
один 0,051293 0,000036
однако 0,174353 0,000060
одновременно 0,776529 0,000054
одноименный 0,967584 0,000134
одномандатный 2,040221 0,000142
однопутный 3,218876 0,000223
ожидание 2,813411 0,000195
ожидаться 2,302585 0,000160
озвучить 3,218876 0,000223
озеленение 2,040221 0,000708
озеро 0,673345 0,000234
ознаменование 2,407946 0,000167
оказывать 0,867501 0,000120
окато 0,820981 0,000228
океан 0,994252 0,000069
околица 3,912023 0,000271
окончательно 1,203973 0,000084
окончательный 1,897120 0,000132
окончить 2,659260 0,000185
окраина 1,049822 0,000146
окрестность 0,941609 0,000196
окрестный 2,659260 0,000185
округ 0,562119 0,001248
округа 3,912023 0,000271
окружать 0,755023 0,000210
окружной 1,609438 0,000223
оксид 2,207275 0,000306
окт 0,798508 0,000111
октмо 0,843970 0,000059
октябрь 0,072571 0,000368
октябрьский 0,776529 0,000269
олегом 3,218876 0,000223
олимпийский 1,108663 0,000077
ольхолистная 3,912023 0,000271
омск 1,021651 0,000142
омска 2,813411 0,000195
омском 2,995732 0,000208
онкологический 1,897120 0,000132
онкология 2,659260 0,000185
онлайн 0,198451 0,000014
ооо 0,843970 0,000293
опасный 1,272966 0,000088
оперативный 1,832581 0,000127
оператор 0,941609 0,000261
описание -0,009950 -0,000001
оплата 1,609438 0,000112
оплатить 3,218876 0,000223
оползание 3,912023 0,000271
оползень 2,995732 0,000624
оползнеопасными 3,912023 0,000271
определить 0,527633 0,000073
оптик 2,659260 0,000185
опыт 1,427116 0,000099
опытный 1,108663 0,000077
оранжевый 3,506558 0,000243
орган 0,616186 0,000385
организатор 1,771957 0,000246
организация -0,009950 -0,000003
организовать 0,634878 0,000220
органный 1,966113 0,000136
орден 0,891598 0,000124
оригинал 0,139262 0,000580
оригинальное 2,302585 0,000160
оригинальный 1,771957 0,000123
оркестр 1,386294 0,000096
орловка 2,995732 0,000208
орлянский 3,912023 0,000271
орск 1,272966 0,000088
осадок 0,544727 0,000076
осветить 2,995732 0,000208
освятить 1,560648 0,000108
освящение 2,813411 0,000195
осиновый 2,407946 0,000167
осипов 0,527633 0,000037
осколок 2,995732 0,000208
основа 0,210721 0,000029
основание 0,494296 0,000137
основатель 0,967584 0,000067
основать 0,274437 0,000190
основное 0,235722 0,000098
основной 0,040822 0,000074
особа 1,966113 0,000136
особенно 0,562119 0,000078
особенность 0,693147 0,000048
особый 0,776529 0,000323
оставаться 0,544727 0,000038
остальной 0,616186 0,000086
останки 2,995732 0,000208
остановочный 2,207275 0,000153
остаться 0,867501 0,000120
остров 0,820981 0,000171
острог 1,897120 0,000395
осуществить 1,237874 0,000172
осуществлять 0,597837 0,000083
осуществляться 0,616186 0,000257
отв 0,755023 0,000262
ответ 0,941609 0,000065
ответвление 2,407946 0,000501
ответственность -0,009950 -0,000001
отголосок 3,506558 0,000243
отгородить 3,506558 0,000243
отдел 1,171183 0,000244
отделение 0,713350 0,000247
отдельный -0,009950 -0,000003
отдых 0,941609 0,000065
отечественный 0,634878 0,000308
отказ -0,009950 -0,000001
отказаться 1,427116 0,000099
отключить 2,407946 0,000167
открытие 0,616186 0,000299
открыто 1,078810 0,000299
открыть 0,150823 0,000188
открыться 0,820981 0,000456
отличаться 0,342490 0,000024
отметить 0,616186 0,000171
отмечать 1,078810 0,000075
отмечаться 0,994252 0,000207
относительно 0,415515 0,000058
относительный 1,560648 0,000108
относиться 0,328504 0,000160
отобразить 2,813411 0,000195
отопительный 2,659260 0,000185
отправляться 1,427116 0,000099
отр 1,832581 0,000127
отражать 1,309333 0,000091
отраслевой 1,609438 0,000112
отрасль 0,653926 0,000318
отредактировать -0,009950 -0,000001
отрицать 2,813411 0,000195
отрог 2,525729 0,000175
отрыв 3,218876 0,000223
отряд 1,272966 0,000088
отставка 1,832581 0,000381
отсутствовать 0,776529 0,000054
оттепель 1,609438 0,000223
отток 2,407946 0,000167
оттуда 2,525729 0,000175
отчий 2,813411 0,000195
офицер 1,660731 0,000115
официально 0,693147 0,000096
официальный 0,356675 0,001015
оформить 1,514128 0,000105
оформление 1,609438 0,000112
ох 1,347074 0,000093
охлаждать 3,912023 0,000271
охрана 0,843970 0,000176
охранно-пожарной 3,912023 0,000271
оценка 0,400478 0,000056
очень 0,494296 0,000069
очередь 0,510826 0,000035
очерк 0,733969 0,000102
очистить 2,120264 0,000147
ошибкекак -0,009950 -0,000001
оэз 3,218876 0,006254
павлин 1,714798 0,000238
падение 1,560648 0,000108
паз 2,995732 0,000208
пакет 1,427116 0,000198
палата 1,347074 0,000187
палеонто 3,912023 0,000271
памяти 1,078810 0,000075
памятник 0,597837 0,001701
памятный 0,798508 0,000388
пан 2,659260 0,000369
пандемия 2,995732 0,000208
панин 3,218876 0,000223
пао 1,427116 0,000297
пар 1,309333 0,000091
парабельский 3,912023 0,000271
парк 0,653926 0,000318
парковка 2,120264 0,000147
парковый 1,609438 0,000112
парначев 3,912023 0,000271
пароходный 2,995732 0,000208
партийный 1,660731 0,000807
партия 1,514128 0,000105
партнер 1,514128 0,000210
парфюмерия 3,912023 0,000271
паршуто 3,912023 0,000543
паспорт 1,897120 0,000132
пассаж 2,659260 0,000185
пассажир 1,272966 0,000442
пассажирооборота 3,506558 0,000243
пассажирский 0,941609 0,000457
патп 3,506558 0,000243
патрина 3,912023 0,000271
пашня 2,995732 0,000416
педагогический 0,867501 0,000301
пенза 1,108663 0,000077
пенсионер 2,207275 0,000459
пепеляеву 3,912023 0,000814
пепеляевым 3,912023 0,000271
первенство 1,469676 0,000102
первое 0,150823 0,000262
первозданный 2,995732 0,000208
первомайский 1,347074 0,000187
первоначально 1,203973 0,000084
первый 0,162519 0,000383
перевозка 0,891598 0,000495
перевозчик 2,302585 0,000320
передавать 1,560648 0,000108
передатчик 2,813411 0,000195
передать 0,798508 0,000055
передача 1,078810 0,000075
переехать 1,966113 0,000136
переизбирать 3,912023 0,000271
переименование 1,469676 0,000102
перейти -0,009950 -0,000002
перекресток 1,237874 0,000344
перенести 0,994252 0,000414
переоборудовать 2,995732 0,000208
перепад 2,525729 0,000351
перепись 0,755023 0,000524
переплет 3,912023 0,000271
пересечение 1,171183 0,000244
пересечь 2,407946 0,000167
пересказ 3,506558 0,000243
перестать 1,714798 0,000238
перестроить 1,897120 0,000132
перестройка 1,771957 0,000123
переть 1,108663 0,000154
переулок 1,514128 0,000105
переход 0,653926 0,000318
переходный 2,407946 0,000167
перечень 1,108663 0,000154
перечислить 1,966113 0,000136
перинатология 3,912023 0,000271
период 0,274437 0,000152
периодически 1,897120 0,000132
периодический 1,560648 0,000108
пермь 0,994252 0,000138
персонаж 2,407946 0,000334
персональ 3,912023 0,000271
персональный -0,009950 -0,000001
перспектива 1,049822 0,000146
перспективный 1,966113 0,000136
пес 2,995732 0,000208
песня 1,427116 0,000198
песок 1,714798 0,000119
петра 1,078810 0,000075
петропавловская 2,813411 0,000390
петропавловский 2,525729 0,000351
печататься 2,407946 0,000167
печатный 1,021651 0,000142
печать -0,009950 -0,000003
пешеходный 1,560648 0,000108
пиво 2,659260 0,000554
пикулина 3,506558 0,000243
пилон 3,218876 0,000223
пингвин 2,659260 0,000185
пионер 1,427116 0,000099
писаный 3,218876 0,000223
писатель 0,916291 0,000381
писать 0,820981 0,000057
писемского 3,912023 0,000271
питание 1,171183 0,000244
пихта 2,407946 0,000167
пихтовый 3,506558 0,000243
пицца 2,813411 0,000195
пищевой 0,916291 0,000191
плавание 1,714798 0,000119
план 0,527633 0,000220
планета 1,309333 0,000091
планетарий 1,832581 0,000127
планирование 1,427116 0,000297
планировать 1,272966 0,000265
планироваться 0,891598 0,000062
планкина 3,912023 0,000271
планкированная 3,912023 0,000271
платье 3,506558 0,000243
плесо 3,218876 0,000223
плотность 0,634878 0,000044
площадка 0,867501 0,000722
площадь 0,385662 0,000401
плюс 1,272966 0,000088
плясаться 3,912023 0,000271
по-прежнему 1,966113 0,000136
по-томски 3,912023 0,000271
победа 0,755023 0,000210
победить 1,609438 0,000335
поблизости 3,218876 0,000223
побывать 1,897120 0,000132
поведение -0,009950 -0,000001
повернуть 3,912023 0,000271
повлиять 1,609438 0,000112
поворачивать 2,995732 0,000416
повторить 2,207275 0,000153
повторно 2,813411 0,000195
повторный 2,120264 0,000147
повторять 2,302585 0,000160
повысить 1,021651 0,000142
повыситься 2,407946 0,000167
повязка 3,912023 0,000271
погибнуть 1,469676 0,000306
погибший 1,203973 0,000167
погода 0,693147 0,000048
погребение 2,659260 0,000185
погром 2,813411 0,000586
подавлять 1,771957 0,000246
подать 1,714798 0,000119
подверженный 2,040221 0,000142
подводной 1,514128 0,000315
подводный 2,813411 0,000195
подготовить 1,386294 0,000096
подготовка 0,916291 0,000191
поддаваться 2,659260 0,000185
подданство 2,813411 0,000390
поддержать 1,966113 0,000409
поддержка 0,653926 0,000091
поджечь 2,995732 0,000208
подзахоронений 3,912023 0,000271
подзахоронения 3,912023 0,000271
подключение 2,407946 0,000167
подлодка 2,995732 0,000208
подольск 1,272966 0,000088
подписать 0,941609 0,000327
подпольный 2,407946 0,000167
подразделение 1,514128 0,000105
подробный 1,832581 0,000254
подстанция 2,302585 0,000160
подтверждаться 2,040221 0,000283
подтопить 3,506558 0,000243
подтоплять 3,506558 0,000243
подход 0,994252 0,000069
подходить 1,386294 0,000192
подчинение 1,237874 0,000086
подчинить 1,347074 0,000093
подшипник 2,995732 0,000208
поезд 1,021651 0,000284
пожаловать 2,207275 0,000153
пожарный 2,995732 0,000208
позволить 0,967584 0,000067
позволять 0,462035 0,000032
поздно 0,713350 0,000099
позже 0,733969 0,000102
позиция 1,347074 0,000280
поиск -0,009950 -0,000001
поисковик 3,506558 0,000243
пойма 1,609438 0,000447
показ 2,207275 0,000153
показатель 0,494296 0,000103
показать 0,891598 0,000062
показывать 1,237874 0,000086
покинуть 1,966113 0,000136
покоиться 2,995732 0,000208
покрытие 1,560648 0,000108
пол 0,446287 0,000186
полдень 0,916291 0,000064
поле 1,049822 0,000073
полет 1,609438 0,000223
поликлиника 1,309333 0,000091
полипропилен 3,506558 0,000243
политехнический 1,560648 0,000758
политзаключенный 3,912023 0,000271
политик -0,009950 -0,000001
политический 0,597837 0,000083
полиэтилен 3,912023 0,000271
полк 1,469676 0,000102
полковник 1,771957 0,000123
полмиллиона 2,995732 0,000416
полномочие 1,203973 0,000167
полностью 0,400478 0,000083
полноценный 1,771957 0,000123
полный 0,328504 0,000023
половина 0,430783 0,000120
положение 0,415515 0,000115
полоса 0,916291 0,000191
полотнище 1,609438 0,000335
полугодие 2,207275 0,000153
полугодовой 3,506558 0,000243
полупроводниковый 3,912023 0,000271
получать 0,916291 0,000127
получить 0,150823 0,000084
польский 1,347074 0,000187
полюс 2,302585 0,000320
поляк 0,820981 0,000057
помочь 1,171183 0,000163
понимать 1,609438 0,000112
попадать 1,771957 0,000369
попасть 1,049822 0,000146
популярный 0,891598 0,000124
поразить 2,995732 0,000208
порода 1,427116 0,000198
порт 0,733969 0,000255
портал 0,342490 0,000784
порталвикипедия 2,120264 0,000147
портативный 3,506558 0,000243
портр 3,506558 0,000730
поручить 2,407946 0,000167
порыв 3,218876 0,000223
порядка 1,139434 0,000079
посадить 2,407946 0,000167
посвятить 0,634878 0,000088
поселение 0,634878 0,000529
поселок 0,634878 0,000132
посередине 3,506558 0,000243
посещаемость 2,995732 0,000208
посещение 1,714798 0,000238
поскольку 0,941609 0,000065
послать 2,040221 0,000142
послевоенный 1,309333 0,000091
последнее 0,843970 0,000176
последний -0,009950 -0,000003
последствие 1,427116 0,000099
посмертно 2,813411 0,000781
посольство 1,897120 0,000132
посохин 3,912023 0,000271
поспелов 1,021651 0,000142
пост 1,078810 0,000524
поставлять 2,525729 0,000175
постановление 0,891598 0,000371
постепенно 0,867501 0,000181
постоянно 1,108663 0,000077
постоянный 0,579818 0,000282
построить 0,301105 0,000501
постройка 0,867501 0,000301
потанин 3,506558 0,000973
потапов 2,995732 0,000208
потенциал 0,967584 0,000067
потереть 3,506558 0,000243
потерять 1,386294 0,000289
потратить 2,040221 0,000142
потреблять 2,407946 0,000167
похоронить 2,040221 0,000991
почетный 0,820981 0,000456
почитаться 3,506558 0,000243
почта 1,309333 0,000091
почтовый 0,653926 0,000181
поэт 1,049822 0,000291
поэтому 0,616186 0,000043
появиться 0,248461 0,000155
появляться 0,733969 0,000051
пояс 0,597837 0,000124
пояснительный 2,120264 0,000147
правда 0,820981 0,000171
правительство 0,510826 0,000071
править -0,009950 -0,000072
правка 0,274437 0,000019
правкиновые -0,009950 -0,000001
правкипостоянная -0,009950 -0,000001
право 0,314711 0,000044
правовой 1,021651 0,000071
правопреемник 2,813411 0,000195
православие 1,386294 0,001731
православный 0,755023 0,000367
правосудие 2,407946 0,000334
правый 0,798508 0,000111
праздник 1,203973 0,000334
празднование 1,309333 0,000182
практически 0,755023 0,000052
прах 3,506558 0,000243
превышать 0,673345 0,000140
предел 0,400478 0,000139
предельно 2,302585 0,000160
предельно-допустимые 3,912023 0,000271
предельный 3,218876 0,000223
предлагать 1,514128 0,000210
предложение 1,609438 0,000112
предложить 0,820981 0,000057
предоставлять 0,713350 0,000148
предполагать 1,171183 0,000081
предполагаться 1,078810 0,000150
предприниматель 1,609438 0,000335
предпринимательство 1,714798 0,000119
предприятие 0,527633 0,000732
председатель 0,916291 0,000954
представительный 1,237874 0,000172
представительство 0,994252 0,000345
представить 0,328504 0,000160
представиться -0,009950 -0,000001
представлять 0,328504 0,000046
предтеченск 3,912023 0,000271
предусматривать 1,386294 0,000096
прежнее 1,560648 0,000108
прежний 1,021651 0,000142
презентовать 3,218876 0,000223
президент 0,597837 0,000207
прекрасное 2,525729 0,000175
прекратить 0,916291 0,000191
премиальные 3,912023 0,000271
премия 1,272966 0,000088
премьер-лигу 3,506558 0,000487
преображенского 2,995732 0,000208
преображенское 3,506558 0,000243
преображенском 3,218876 0,000223
преобразование 1,347074 0,000093
преобразовать 0,967584 0,000067
препарат 3,218876 0,000223
преподавательский 3,218876 0,000223
преподобномученица 3,218876 0,000447
преподобный 2,207275 0,000306
пресвятыя 2,995732 0,000208
пресс 1,272966 0,000177
пресс-конференция 2,525729 0,000175
пресс-центр 2,995732 0,001039
престижный 1,897120 0,000263
преступник 2,995732 0,000208
претендовать 1,897120 0,000132
прибор 1,660731 0,000115
приборный 3,912023 0,000271
приборостроение 2,040221 0,000142
приборостроительный 1,966113 0,000136
привалихина 3,912023 0,000271
привести 0,356675 0,000074
привлечение 1,660731 0,000115
приглашаться 3,506558 0,000243
пригодиться 3,912023 0,000271
пригодный 1,966113 0,000136
пригород 1,714798 0,000119
пригородный 0,967584 0,000336
придти 0,755023 0,000052
приехать 2,040221 0,000142
призвать 1,560648 0,000108
признание 0,867501 0,000060
признать 0,494296 0,000103
прикладной 1,078810 0,000075
прилегать 1,237874 0,000086
приложить 3,218876 0,000223
применять 0,510826 0,000071
примет 2,207275 0,000153
примечание -0,009950 -0,000001
примечательный 2,813411 0,000195
примыкание 3,218876 0,000223
принадлежать 0,755023 0,000105
принимать 0,634878 0,000044
приносить 2,040221 0,000142
принятие 1,560648 0,000108
принять 0,248461 0,000069
приобрести 1,139434 0,000079
приоритетный 2,040221 0,000142
приостановить 1,609438 0,000112
природа 0,653926 0,000045
природный 0,510826 0,000035
прирост 1,309333 0,000182
присваиваться 2,525729 0,000175
присвоение 1,139434 0,000237
присвоить 0,798508 0,000166
пристань 1,427116 0,000099
присутственный 2,302585 0,000160
присутствовать 1,021651 0,000071
присущий 2,207275 0,000153
приток 1,078810 0,000075
притомский 3,218876 0,000223
приурочить 1,966113 0,000136
приход 1,108663 0,000154
причина 0,562119 0,000078
проблема 0,274437 0,000057
проблемный 1,966113 0,000136
провайдер 2,120264 0,000441
проведение 0,673345 0,000140
проверить 0,478036 0,000033
провести 0,579818 0,000241
провинция 1,309333 0,000091
проводить 0,843970 0,000176
проводиться 0,653926 0,000181
провозгласить 2,040221 0,000142
прогноз 1,427116 0,000099
программа 0,415515 0,000317
программный 1,272966 0,000088
прогулка 1,609438 0,000112
продажа 1,514128 0,000210
продлить 2,120264 0,000147
продовольственный 1,832581 0,000381
продолжать 1,049822 0,000073
продолжаться 1,049822 0,000073
продолжение 1,347074 0,000187
продолжительный 1,560648 0,000108
продукт 0,634878 0,000088
продукция 0,941609 0,000261
продюсерский 3,912023 0,000271
проезд 1,171183 0,000163
проект -0,009950 -0,000011
проектахцитаты 2,525729 0,000175
проектирование 1,560648 0,000108
проектироваться 2,407946 0,000167
проектировщик 3,218876 0,000223
проживать 0,776529 0,000054
прозаик 3,218876 0,000223
производить 0,916291 0,000127
производиться 1,108663 0,000077
производная 2,525729 0,000175
производство 0,527633 0,000293
произойти 0,430783 0,000120
происходить 0,328504 0,000023
пройти 0,544727 0,000416
прокладка 2,659260 0,000185
прокладываться 2,813411 0,000195
прокопьевск 1,272966 0,000088
проложить 1,347074 0,000187
промежуток 2,659260 0,000185
промзона 2,120264 0,000147
промо-вещанием 3,912023 0,000271
промпарка 3,912023 0,000271
промышленно-гуманитарный 3,912023 0,000271
промышленно-строительная 3,912023 0,000271
промышленность 0,494296 0,000412
промышлять 0,462035 0,000385
пропускной 2,040221 0,000142
просветитель 2,813411 0,000390
просвещение 1,560648 0,000108
просмотр -0,009950 -0,000001
проспект 0,891598 0,000681
простираться 1,714798 0,000119
пространство 0,634878 0,000044
просьба 2,302585 0,000320
против 0,798508 0,000055
протокол 1,139434 0,000079
прототип 2,040221 0,000142
протягиваться 3,506558 0,000243
протяжение 0,843970 0,000059
протяженность 0,776529 0,000162
профессиональный 0,733969 0,000407
профессор 0,967584 0,000537
профессорский 3,912023 0,000271
проходить 0,462035 0,000224
прохоров 1,078810 0,000075
процедура 1,714798 0,000119
процесс 0,415515 0,000086
прочее 0,544727 0,000076
прочность 2,659260 0,000369
прошлое 0,673345 0,000093
прыжок 2,302585 0,000160
прямой 1,660731 0,000230
прямоугольный 1,560648 0,000108
психиатрический 1,966113 0,000136
психический 2,813411 0,000195
птицефабрика 2,995732 0,000416
публицист 2,995732 0,000208
публичный 1,078810 0,000075
пузырев 3,912023 0,000271
пункт 0,494296 0,000617
путать 1,714798 0,000119
путеводитель 0,713350 0,000198
путинцев 3,912023 0,000543
путч 2,995732 0,000208
путь 0,261365 0,000145
пух 3,506558 0,000487
пушкин 0,916291 0,000191
пушкинский 1,897120 0,000132
пушник 3,912023 0,000271
пхукет 3,912023 0,000271
пышма 1,309333 0,000091
пятерочка 1,832581 0,000254
пятилетие 3,912023 0,000271
пятнадцатилетие 3,506558 0,000243
пятый 0,994252 0,000138
пять 0,693147 0,000096
работа 0,127833 0,000009
работать 0,314711 0,000175
рабочий 0,597837 0,000166
равнина 0,867501 0,000181
радио 0,891598 0,001980
радиовещательный 1,897120 0,000527
радиосвязь 3,218876 0,000223
радиостанция 1,021651 0,000354
радиотелевизионный 2,813411 0,000195
радиотехнический 2,659260 0,000369
радиоэлектроника 2,659260 0,000369
радонежского 2,525729 0,000351
раен 3,506558 0,000243
раз -0,009950 -0,000001
развивать 1,660731 0,000115
развиваться 0,597837 0,000124
развитие 0,127833 0,000124
развить 0,616186 0,000086
развлекательный 1,714798 0,000357
разворачиваться 2,995732 0,000416
развязка 1,469676 0,000306
разгром 2,302585 0,000160
раздел 0,342490 0,000024
разделить 0,527633 0,000146
разделяться 2,040221 0,000142
различие 1,714798 0,000119
различный 0,116534 0,000032
разместить 1,108663 0,000077
разместиться 2,407946 0,000167
размещаться 1,560648 0,000108
размещение 0,673345 0,000047
размыв 2,813411 0,000195
разное 1,078810 0,000075
разноторг 3,912023 0,000271
разный 0,314711 0,000022
разобрать 2,040221 0,000142
разрабатываться 1,660731 0,000230
разработка 0,653926 0,000181
разработчик -0,009950 -0,000001
разрешить 1,560648 0,000108
разрушение 1,560648 0,000108
разрушить 1,139434 0,000158
разряд 2,040221 0,000425
райзман 3,912023 0,000271
район 0,430783 0,001734
районплощадь 3,912023 0,000271
райцентр 0,941609 0,000065
ракета 2,040221 0,000142
ракетоносный 3,506558 0,000243
рамка 0,478036 0,000100
рамн 2,302585 0,000799
рана 0,776529 0,000323
рано 0,261365 0,000218
ранозаживляющий 3,912023 0,000271
раскопка 1,897120 0,000132
раскрыть 2,302585 0,000160
расписание 1,832581 0,000127
располагаться 0,544727 0,000113
расположение 0,776529 0,000054
расположить 0,385662 0,000482
распоряжение 1,139434 0,000158
распределить 0,693147 0,000048
распространение 0,891598 0,000124
распространить 0,616186 0,000128
распустить 2,207275 0,000306
рассказ 1,514128 0,000105
расстояние 0,713350 0,000148
расстрел 2,525729 0,000175
расстрелять 1,966113 0,000409
растение 1,171183 0,000081
расчленить 2,659260 0,000185
ратнер 3,506558 0,000730
ргиа 3,506558 0,000243
реализовать 0,673345 0,000047
реальный 0,967584 0,000067
реатон 3,912023 0,000271
ребенок 2,120264 0,000147
ревизия 3,506558 0,000243
революциинаселенные 2,120264 0,000147
революционер 2,302585 0,000160
революция 0,562119 0,000117
регион 0,385662 0,000134
региональный 0,634878 0,000661
регулировать 2,207275 0,000153
регулярно 1,272966 0,000088
регулярный 0,798508 0,000222
ред 0,235722 0,000311
редактор 1,427116 0,000099
редакция 0,916291 0,000064
редкол 2,659260 0,000185
режим 0,653926 0,000045
резервировать 3,912023 0,000271
резидент 2,995732 0,002494
резиновый 2,525729 0,000175
резко 0,967584 0,000134
резник 3,506558 0,000243
результат 0,174353 0,000073
резчик 3,912023 0,000271
рейс 1,171183 0,000488
рейтинг 0,967584 0,000604
рейтинговый 2,407946 0,000167
река 0,446287 0,000372
рекламный 1,966113 0,000409
рекорд 1,427116 0,000198
ректор 2,525729 0,000876
религиозный 0,891598 0,000062
религия 0,755023 0,000105
рельеф 0,798508 0,000332
ремесло 1,714798 0,000119
ремонт 1,139434 0,000237
республика 0,527633 0,000110
ресторан 1,469676 0,000408
ресурс 0,020203 0,000007
ретро 1,897120 0,000132
реформа 1,108663 0,000077
речка 1,427116 0,000099
речной 0,693147 0,000240
речь 1,514128 0,000105
решение 0,328504 0,000160
решить 0,941609 0,000065
риа 1,049822 0,001530
риатомск 3,912023 0,000271
риддер 3,912023 0,000271
рио 2,407946 0,000167
рисунок 1,560648 0,000108
ритм 2,659260 0,000185
ритуальный 2,813411 0,000390
робот 2,995732 0,000208
род 0,843970 0,000059
роддом 2,813411 0,000195
родзянко 3,506558 0,000243
родина 1,108663 0,000154
родной 1,609438 0,000335
родовой 3,218876 0,000223
родственный 0,579818 0,000080
рождение 1,078810 0,000075
роза 0,916291 0,000064
розничный 1,171183 0,000163
роман 1,237874 0,000086
ромашова 3,912023 0,000271
роскомнадзор 3,218876 0,000670
роскомнадзора 3,912023 0,000271
роснефть 2,995732 0,000208
россиигорода 1,309333 0,000091
россииобластные 2,207275 0,000153
россиирайонные 2,659260 0,000185
российский 0,105361 0,000497
российско-германскому 3,912023 0,000271
российско-грузинский 3,912023 0,000271
российско-украинской 1,108663 0,000077
россия 0,174353 0,000641
росспэн 0,994252 0,000069
росстат 0,776529 0,000162
рост 0,597837 0,000041
ростелеком 1,386294 0,000481
ростелекома 3,912023 0,000271
роща 1,469676 0,001326
рсфср 0,733969 0,000306
ртрс 1,514128 0,000946
руб 1,171183 0,000244
рубеж 1,021651 0,000071
рубиус 3,912023 0,000271
рубленый 3,506558 0,000243
рубль 0,755023 0,000576
рубцовск 1,347074 0,000093
рудный 2,407946 0,000167
рудокопательные 3,912023 0,000271
рудокопный 3,506558 0,000243
рука 1,139434 0,000079
рукавишников 3,912023 0,000271
рукавишникову 3,912023 0,000271
руководитель 1,203973 0,000167
руководить 1,309333 0,000273
руководство 0,544727 0,000113
рукопись 2,302585 0,000160
рус 0,162519 0,000992
руснанонет 3,912023 0,000271
русский -0,009950 -0,000005
русско-немецкий 3,912023 0,000271
рухнуть 3,912023 0,000271
рыбинск 1,203973 0,000084
рынок 0,713350 0,000049
рыхлый 3,218876 0,000223
рэнкинг 3,506558 0,000243
ряд 0,223144 0,000232
рязань 1,049822 0,000073
сабантуй 3,218876 0,000893
савиных 3,912023 0,000271
сад 0,843970 0,000761
сазонова 3,912023 0,000271
сайт 0,210721 0,000219
салехард 1,347074 0,000093
салищев 3,912023 0,000271
салон 2,120264 0,000147
салтымаково 3,218876 0,000223
сам 0,162519 0,000011
самара 0,891598 0,000062
саммит 2,040221 0,000142
самолет 1,237874 0,000172
самоуправление 0,891598 0,000186
самусь 3,218876 0,000223
самый 0,174353 0,000097
санитарно-защитные 3,506558 0,000487
санитарный 2,120264 0,000147
санкт-петербург 0,616186 0,000128
саратов 0,967584 0,000067
саха 2,813411 0,000195
сбербанк 1,714798 0,000119
сборная 1,897120 0,000132
сборник 0,597837 0,000207
сбыться 2,813411 0,000195
сведение 0,579818 0,000040
свежий 2,525729 0,000351
сверху 1,347074 0,000093
свет 0,941609 0,000131
светить 2,995732 0,000208
светлый 1,386294 0,000096
светофор 2,525729 0,000175
свинокомплекс 3,912023 0,000271
свинцова 3,912023 0,000271
свобода 1,108663 0,000077
свободный -0,009950 -0,000001
свое 0,287682 0,000100
свой 0,150823 0,000042
сворачиваться 3,506558 0,000243
свт 3,912023 0,000543
свч-установки 3,912023 0,000271
связать 0,174353 0,000024
связаться -0,009950 -0,000001
связной 2,813411 0,000195
связь 0,174353 0,000133
святаго 3,912023 0,000543
святитель 1,897120 0,000395
свято-троицкая 3,218876 0,000447
свято-троицкий 2,407946 0,000167
святой 0,755023 0,000157
сглаживание 3,218876 0,000223
сгму 3,506558 0,000730
сеанс 2,659260 0,000185
себя 0,198451 0,000028
север 0,527633 0,000183
северный 0,385662 0,000375
северо-восток 1,237874 0,000086
северо-восточный 1,386294 0,000096
северодвинск 1,171183 0,000081
северск 3,218876 0,001340
северска 3,912023 0,000543
северске 3,912023 0,000543
северский 2,813411 0,000195
сегодня 0,616186 0,000214
седьмой 1,139434 0,000079
сезон 0,916291 0,000254
сезонный 1,714798 0,000357
сей 0,693147 0,000048
сейсмичность 3,218876 0,000223
секретарь 1,660731 0,000230
село 0,891598 0,000062
сельский 0,634878 0,000529
сельскохозяйственный 0,941609 0,000196
сельхозпроизводитель 3,506558 0,000243
семейкина 3,912023 0,000271
семейкиного 3,912023 0,000271
семейкином 3,912023 0,000271
семенова 2,659260 0,000185
семинарий 1,386294 0,000289
семь 0,820981 0,000057
сен 2,407946 0,000167
сенной 2,525729 0,000175
сент 0,843970 0,000059
сентябрь 0,072571 0,000222
сервис 1,108663 0,000077
сергеенко 3,912023 0,000271
сергей 0,967584 0,000806
сергею 2,995732 0,000208
сергея 1,469676 0,000204
сергия 2,525729 0,000351
сердце 1,714798 0,000119
серебро 2,040221 0,000142
серебряный 0,891598 0,000309
середина 0,356675 0,000049
сериал 2,207275 0,000153
серия 0,713350 0,000099
серьезное 2,407946 0,000334
сессия 2,207275 0,000153
сетевой 1,049822 0,000146
сеть 0,356675 0,000990
сеченов 3,506558 0,000730
сжечь 2,407946 0,000167
сиб 2,659260 0,000185
сибгму 3,912023 0,000271
сибинфо 3,506558 0,000243
сибири 1,347074 0,001589
сибирский 1,049822 0,002841
сибирь 1,469676 0,001326
сибирьтелеком 3,506558 0,000243
сибирью 2,207275 0,000153
сибиряк 2,659260 0,000185
сибкабель 3,912023 0,000271
сибмост 3,218876 0,000223
сибэлектромотор 3,912023 0,000271
сигнализация 3,506558 0,000243
сила 0,494296 0,000069
сильно 0,755023 0,000052
сильноточный 3,912023 0,000271
сильный 0,544727 0,000113
символика 1,237874 0,000258
симферополь 1,897120 0,000132
симфонический 1,560648 0,000108
синагога 1,347074 0,000467
синегуба 3,912023 0,000271
синод 2,207275 0,000153
синтез 2,407946 0,000167
система 0,051293 0,000046
системеобсуждениевкладсоздать -0,009950 -0,000001
сити 2,120264 0,000147
ситуация 0,693147 0,000096
сияние 1,832581 0,000254
сказка 1,660731 0,000115
скакать 3,506558 0,000487
скалодром 3,506558 0,000243
скат 2,995732 0,000416
скатиться 3,912023 0,000271
скачать -0,009950 -0,000001
сквер 0,941609 0,000196
сквозь 2,659260 0,000185
скидка 3,912023 0,000271
склад 2,040221 0,000566
склон 1,347074 0,000467
сколько 0,653926 0,000045
скоморох 3,506558 0,000243
скопление 2,995732 0,000208
скоро 1,560648 0,000217
скорость 0,755023 0,000105
скорректировать 3,506558 0,000243
скульптор 1,237874 0,000172
скульптура 0,916291 0,000127
слабо 1,897120 0,000132
славянин 2,302585 0,000160
славянский 1,386294 0,000385
следовать 0,235722 0,000082
следственный 2,120264 0,000147
следует 0,755023 0,000105
слобода 1,347074 0,000187
словарь 0,094311 0,000039
слово 0,210721 0,000088
сложность 1,049822 0,000073
сложный 0,446287 0,000031
служба 0,527633 0,000366
служебный 1,771957 0,000123
служилый 2,302585 0,000320
служить 0,820981 0,000057
случай -0,009950 -0,000001
смежный 2,207275 0,000153
смена 1,272966 0,000177
смесь 3,218876 0,000223
смешать 1,309333 0,000091
смещение 0,733969 0,000051
сми 0,867501 0,000542
смоленск 2,040221 0,000283
смыкаться 3,506558 0,000243
снести 1,347074 0,000187
снизить 1,560648 0,000108
сноуборд 2,995732 0,000208
снять 1,237874 0,000086
собирать 1,966113 0,000136
собираться 1,966113 0,000136
собкор 3,912023 0,000271
собор 0,733969 0,000458
соборный 1,049822 0,000219
собрание 0,634878 0,000088
собраться 2,659260 0,000185
собственник 2,995732 0,000208
собственный 0,446287 0,000248
событияпожертвовать -0,009950 -0,000001
совершаться 2,120264 0,000294
совет 0,462035 0,000128
советский 0,261365 0,000399
совещание 2,302585 0,000160
совместный 1,514128 0,000105
совокупный 1,832581 0,000127
совпасть 2,407946 0,000167
современный 0,150823 0,000084
согласно 0,301105 0,000042
согласовать 2,525729 0,000175
соглашение 0,994252 0,000207
содержание 0,010050 0,000003
содержать 0,634878 0,000044
соединить 0,994252 0,000138
соединять 1,108663 0,000077
соединяться 2,120264 0,000294
создавать 0,798508 0,000055
создаваться 1,078810 0,000075
создание 0,301105 0,000209
создать 0,210721 0,000175
созыв 1,514128 0,001156
сократиться 1,386294 0,000096
солдатский 1,832581 0,000509
солнечный 0,597837 0,000166
солнце 1,347074 0,000374
соловьева 2,995732 0,000624
соляной 2,525729 0,000351
сообщаться 2,407946 0,000167
сообщение 0,478036 0,000133
сообщить -0,009950 -0,000001
сооружение 0,733969 0,000051
соответственно 1,021651 0,000213
соответствие 0,371064 0,000026
соответствовать 0,371064 0,000103
соотношение 1,560648 0,000108
сопровождаться 1,609438 0,000112
соревнование 1,108663 0,000077
сосед 2,995732 0,000208
соседний 1,203973 0,000167
сосна 1,897120 0,000132
сосновый 1,897120 0,000395
сосредоточить 1,171183 0,000163
сост 0,597837 0,000207
состав 0,248461 0,000172
составить 0,400478 0,000028
составлять 0,198451 0,000151
состояние 0,248461 0,000086
состоять 0,385662 0,000027
состояться 0,713350 0,000346
состязание 3,506558 0,000243
сотни 1,427116 0,000099
сотня 1,609438 0,000112
сотовый 1,309333 0,000091
сотрудник 1,386294 0,000096
сотрудничество 1,078810 0,000150
сохранение -0,009950 -0,000001
сохранить 1,171183 0,000163
сохраниться 0,820981 0,000228
соцзащиты 3,912023 0,000271
социально-экономических 2,659260 0,000185
социальный 0,527633 0,000037
сочинить 2,813411 0,000195
сочить 1,514128 0,000105
союз 0,579818 0,000402
спад 2,120264 0,000147
спасибо 3,506558 0,000243
спасскому 3,912023 0,000271
спб 0,385662 0,000107
спектакль 2,040221 0,000142
специализировать 0,994252 0,000069
специальность 1,832581 0,000127
спикер 2,995732 0,000416
списать 3,218876 0,000223
список 0,210721 0,000102
спичечный 3,218876 0,000223
спичфабрика 3,912023 0,000271
спичфабрики 3,912023 0,000543
спорт 0,713350 0,000495
спортивный 0,891598 0,000495
спортмастер 2,302585 0,000160
способность 1,139434 0,000079
способствовать 0,867501 0,000060
справка 1,203973 0,000167
справочник 0,798508 0,000055
справочно-энциклопедические 3,912023 0,000271
спуск 1,897120 0,000132
спустя 1,609438 0,000223
сразу 0,994252 0,000069
среда 0,385662 0,000054
среди 0,198451 0,000124
среднегодовой 0,776529 0,000054
среднее 0,342490 0,000119
среднесибирский 2,995732 0,000208
средний 0,371064 0,000257
средство 0,287682 0,000140
срок 0,798508 0,000055
срочный 3,218876 0,000223
срыв 3,506558 0,000243
сср 0,820981 0,000114
ссср 0,314711 0,000240
ссылка -0,009950 -0,000014
ссылкамивикипедия 1,609438 0,000112
ссылкасведения -0,009950 -0,000001
ссылкойстатьи 2,302585 0,000160
ссыльный 2,659260 0,000185
стабильный 0,820981 0,000057
стадий 1,660731 0,000115
стадион 0,891598 0,000433
сталь 0,415515 0,000115
становиться 0,415515 0,000058
становление 1,237874 0,000086
станция 0,579818 0,000402
старец 2,995732 0,000208
стариков 3,506558 0,000243
старина 2,525729 0,000175
старое 0,941609 0,000065
старообрядец 1,771957 0,000123
старообрядческий 1,427116 0,000495
стартапов 3,218876 0,000223
старшеклассник 2,995732 0,000208
старый 0,314711 0,000197
статистик -0,009950 -0,000006
статистический 0,713350 0,000841
статус 0,430783 0,000329
статуя 2,813411 0,000195
стать 0,083382 0,000145
статьислучайная -0,009950 -0,000001
статьисообществофорумсправкасвежие -0,009950 -0,000001
статья 0,020203 0,000038
статьяобсуждение -0,009950 -0,000001
статьятекущие -0,009950 -0,000001
стационарный 1,108663 0,000154
створ 2,302585 0,000320
стела 1,386294 0,000192
степановка 3,506558 0,000487
степь 1,469676 0,000102
стереоскопический 3,506558 0,000243
стереотип 1,469676 0,000102
стив 2,813411 0,000195
стиль 0,673345 0,000234
сто 1,514128 0,000210
стоимость 1,021651 0,000142
стоить 0,891598 0,000124
столетие 1,469676 0,000204
столица 0,755023 0,000157
сторона 0,235722 0,000049
стояние 3,218876 0,000223
страдать 2,207275 0,000153
страна 0,235722 0,000065
страница -0,009950 -0,000003
страницасодержаниеизбранные -0,009950 -0,000001
страницецитировать -0,009950 -0,000001
страницуполучить -0,009950 -0,000001
страницыслужебные -0,009950 -0,000001
стратегический 1,469676 0,000204
стратегия 1,514128 0,000105
стрежевой 3,218876 0,000447
стрелецкий 2,525729 0,000175
строение 0,891598 0,000062
строитель 1,272966 0,000088
строительный 0,891598 0,000186
строительство 0,462035 0,001186
строить 1,309333 0,000091
строиться 0,693147 0,000096
строй 1,609438 0,000335
структура 0,400478 0,000056
структурный 1,427116 0,000099
студент 1,237874 0,000687
студентовстуденческая 3,912023 0,000271
студенческий 1,609438 0,000558
студенчество 3,218876 0,000223
студия 1,560648 0,000217
ступино 1,347074 0,000093
суббота 1,771957 0,000123
субъект 0,597837 0,000249
суворова 2,659260 0,000185
суд 0,693147 0,000240
судоходный 1,714798 0,000476
суммарный 1,386294 0,000096
сургут 2,407946 0,000334
сургута 2,995732 0,000416
суровость 3,506558 0,000243
суровый 1,714798 0,000119
сутки 1,427116 0,000099
суточный 0,755023 0,000105
существенно 1,108663 0,000154
существование 0,693147 0,000096
существовать 0,020203 0,000015
сфера 0,562119 0,000078
сформирование 3,912023 0,000271
сформировать 1,078810 0,000075
сформироваться 1,347074 0,000093
сфти 3,912023 0,000543
схема 0,916291 0,000191
счастье 2,120264 0,000147
счет 0,562119 0,000078
счетный 2,659260 0,000185
считать 0,597837 0,000083
считаться 0,385662 0,000107
сша 0,562119 0,000078
сыворотка 3,506558 0,000243
сызрань 1,237874 0,000086
сын 1,660731 0,000115
сюда 1,108663 0,000154
сюдасвязанные -0,009950 -0,000001
табл 0,867501 0,000060
таблица 0,544727 0,000151
табличный 1,237874 0,000086
тагил 1,272966 0,000088
таежный 2,120264 0,000294
тайга 1,427116 0,000693
такое 0,328504 0,000023
такой 0,162519 0,000079
такси 1,021651 0,000071
таможенный 2,302585 0,000320
танец 1,832581 0,000254
тапочка 3,912023 0,000271
тарасенко 3,218876 0,000223
тарасов 3,218876 0,000223
тариф 2,120264 0,000294
тасс 1,171183 0,000163
татар-информ 3,506558 0,000243
татарин 0,733969 0,000102
татарский 1,203973 0,000334
татарстан 2,120264 0,000147
татарстаном 3,912023 0,000271
татьяна 1,609438 0,000223
тахтамышево 3,218876 0,000223
тбилиси 2,813411 0,000390
твк 2,040221 0,000566
творчество 1,021651 0,000071
твт 3,506558 0,000973
тгасу 3,912023 0,000814
тгк 2,302585 0,000320
тгпу 3,218876 0,000447
тгу 3,218876 0,004020
тдск 3,912023 0,000271
театр 0,713350 0,000643
театр-студия 2,407946 0,000334
театральный 1,049822 0,000146
теба 3,218876 0,000223
тегульдетский 3,912023 0,000543
текст -0,009950 -0,000001
телеведущий 3,218876 0,000223
телевещание 1,966113 0,000273
телевидение 0,820981 0,000570
телевизионный 1,078810 0,000674
телеграм-каналы 3,912023 0,000271
телеканал 0,916291 0,000763
телекоммуникация 2,120264 0,000147
телекомпания 1,832581 0,000254
телерадиовещание 2,995732 0,000624
телерадиоканалов 3,506558 0,000243
телерадиокомпания 2,302585 0,000160
телесистема 2,659260 0,000369
телефонный 0,776529 0,000216
телецентр 1,897120 0,000395
тема 0,693147 0,000096
тематика 1,897120 0,000132
тематический 0,510826 0,000035
темная 2,407946 0,000167
темный 2,995732 0,000208
темп 1,347074 0,000093
температура 0,510826 0,000354
тенденция 1,237874 0,000086
теннис 2,040221 0,000142
тепло 1,386294 0,000096
тепловой 1,660731 0,000230
теплоход 1,514128 0,000105
теплый 1,171183 0,000081
теракт 2,659260 0,000369
терапевт 3,218876 0,000223
термин 0,198451 0,000014
терминал 1,347074 0,000093
терминологический 3,506558 0,000243
терраса 1,897120 0,001053
территориально 2,525729 0,000175
территориальный 0,713350 0,000396
территория 0,356675 0,000396
техник 0,713350 0,000346
технико-внедренческая 3,912023 0,000271
технико-внедренческого 3,506558 0,000487
технико-внедренческой 3,912023 0,000271
техникум 1,272966 0,000088
технический 0,462035 0,000096
техногенно 3,912023 0,000271
технологический 1,272966 0,000442
технология 0,400478 0,000361
технопарк 2,525729 0,000526
техэксперт 3,912023 0,000271
течение 0,314711 0,000044
течь 0,274437 0,000038
тзкмии 3,912023 0,000271
тзро 3,912023 0,000271
тил 3,912023 0,000271
тимирязевский 3,506558 0,000487
тимофеевский 3,912023 0,000271
тип 0,072571 0,000076
типичный 1,427116 0,000099
тираж 1,560648 0,000108
тиснение 3,912023 0,000271
тихоокеанский 2,040221 0,000142
тнхк 3,912023 0,000271
тнц 3,912023 0,000271
тобизен 3,912023 0,000271
тобольска 2,659260 0,000185
тобольский 2,525729 0,000526
товар 0,916291 0,000191
товарищество 1,966113 0,000273
товарный -0,009950 -0,000001
товики 3,912023 0,001629
той 0,994252 0,000069
толидо 3,912023 0,000543
толстый 1,309333 0,000091
томас 2,659260 0,000185
томигорода 3,506558 0,000243
томик 3,912023 0,000271
томить 3,218876 0,002904
томич 3,912023 0,001900
томичка-юпитер 3,912023 0,000271
томлайн 3,912023 0,000543
томск 1,108663 0,015770
томск-авиа 3,912023 0,000271
томск-грузовой 3,912023 0,000271
томск-северный 3,912023 0,000271
томск-северск 3,912023 0,000271
томска 2,995732 0,033882
томскавтотранс 3,912023 0,000271
томскаго 3,912023 0,000271
томскаинформация 3,912023 0,000271
томская 2,407946 0,007351
томскгорода 3,912023 0,000271
томске 3,506558 0,031630
томские 3,912023 0,004072
томский 3,218876 0,018761
томским 3,506558 0,001460
томских 3,912023 0,001629
томсккабель 3,912023 0,000543
томсклесдрев 3,912023 0,000271
томскнефтепереработка 3,912023 0,000271
томскнефтехим 3,912023 0,000271
томскнефтехима 3,912023 0,000271
томскнефть 3,912023 0,000271
томского 2,207275 0,007658
томское 3,506558 0,002920
томской 2,659260 0,018267
томском 3,218876 0,001340
томскому 3,506558 0,000243
томскподводтрубопроводстрой 3,912023 0,000271
томскпресс 3,912023 0,000271
томскпромстройбанк 3,912023 0,000271
томсксофт 3,912023 0,000271
томскстат 3,912023 0,000271
томсктеплосеть 3,912023 0,000271
томску 3,506558 0,001217
томскую 3,506558 0,000730
томскхимфарм 3,912023 0,000271
томскэнерго 3,912023 0,000814
томтел 3,912023 0,000543
томь 3,218876 0,004690
томь-аппарель 3,912023 0,000271
томью 3,912023 0,000271
тонна 1,108663 0,000154
топ 1,347074 0,000374
тополиный 3,506558 0,000487
топоним 1,078810 0,000075
топонимический 0,776529 0,000054
топор 2,659260 0,000369
торговля 0,579818 0,000282
торгово-выставочный 3,912023 0,000271
торгово-офисного 3,912023 0,000271
торгово-офисный 3,218876 0,000223
торгово-развлекательного 3,218876 0,000223
торгово-развлекательный 2,407946 0,000334
торгово-экономический 2,995732 0,000208
торгово-экономического 2,995732 0,000208
торговый 0,597837 0,000415
торжественный 1,309333 0,000091
торф 3,218876 0,000447
точка 0,478036 0,000199
тояном 3,912023 0,000271
тпу 3,506558 0,001946
традиционно 1,347074 0,000093
традиционный 0,941609 0,000131
традиция 0,891598 0,000124
тракт 1,832581 0,002035
трактовать 2,995732 0,000208
трамвай 0,891598 0,000186
трамвайно-троллейбусное 2,995732 0,000208
трамвайный 1,139434 0,000079
трамплин 2,407946 0,000334
транзитный 1,237874 0,000258
трансгаз 2,995732 0,000208
транслировать 2,207275 0,000306
трансляция 1,897120 0,000658
транспорт 0,616186 0,000727
транспортный 0,616186 0,000257
транспортосновная 3,912023 0,000271
транссиб 2,040221 0,000425
транссибирский 1,714798 0,000595
трансформаторный 3,218876 0,000223
трасс 0,941609 0,000327
трасса 3,912023 0,000271
третий 0,616186 0,000299
треть 1,237874 0,000086
тривиальный 3,912023 0,000271
тридцатый 3,506558 0,000243
трм 3,912023 0,000543
троицкий 1,560648 0,000108
троицкого 2,659260 0,000185
троицкой 3,506558 0,000243
троллейбус 0,867501 0,000120
троллейбусный 0,967584 0,000067
тропинка 3,912023 0,000271
труд 0,597837 0,000166
труднодоступный 2,995732 0,000208
труднопроходимый 3,506558 0,000243
трудовой 0,967584 0,000403
трц 1,660731 0,000115
ттк 2,525729 0,000175
ттк-западная 3,506558 0,000243
тулеев 3,506558 0,000243
тума 3,506558 0,000243
тупик 2,407946 0,000167
тупиковый 3,218876 0,000447
тур 1,609438 0,000112
туризм 1,078810 0,000075
турист 1,309333 0,000182
туристический 1,021651 0,000071
тусур 3,912023 0,000271
тусура 3,912023 0,000271
тыл 1,771957 0,000123
тыркова 3,912023 0,000271
тыс 0,430783 0,000269
тысяча 0,371064 0,000154
тысячелетие 1,427116 0,000099
тэфи 3,912023 0,000271
тэц 1,272966 0,000442
тюменскую 3,218876 0,000223
тюмень 1,171183 0,000081
тюрко-монгольское 3,912023 0,000271
тюрьма 2,407946 0,000167
убрать 1,609438 0,000112
увеличение 0,733969 0,000051
увеличиваться 1,309333 0,000091
увеличить 1,309333 0,000091
увеличиться 0,843970 0,000059
углерод 1,897120 0,000132
угол 1,108663 0,000077
уголь 1,714798 0,000119
угрожать 2,525729 0,000175
удивительный 2,659260 0,000185
удобно 2,659260 0,000185
удобный 1,427116 0,000099
удовольствие 3,218876 0,000223
удостоверение 2,995732 0,000416
удостоить 1,514128 0,000105
узел 0,527633 0,000110
уйти 1,237874 0,000086
указ 0,733969 0,000255
указание -0,009950 -0,000001
указать 0,083382 0,000012
указывать 1,272966 0,000088
укв-диапазоне 3,506558 0,000243
украина 0,527633 0,000073
улан-батор 2,407946 0,000167
улан-удэ 1,237874 0,000086
улица 0,776529 0,001616
ульсан 3,912023 0,000543
ульяновск 1,078810 0,000075
умеренно 1,021651 0,000071
умереть 1,309333 0,000091
ун-та 2,120264 0,000883
универмаг 2,525729 0,000175
университет 0,328504 0,001162
университетский 1,771957 0,000738
унитарный 2,813411 0,000195
уничтожить 1,203973 0,000084
уомблы 3,912023 0,000271
упадок 2,040221 0,000142
упоминание 0,967584 0,000067
упр 2,813411 0,000195
управа 1,714798 0,000119
управление 0,248461 0,000241
управленческий 2,813411 0,000195
управлять 0,967584 0,000067
упразднение 2,407946 0,000167
уралом 1,609438 0,000335
уровень 0,150823 0,000073
усиливаться 2,120264 0,000147
усилие 1,660731 0,000115
условие -0,009950 -0,000003
услуга 0,755023 0,000419
усова 3,912023 0,000814
усову 3,912023 0,000271
усовым 3,912023 0,000271
успение 2,207275 0,000153
устав 0,843970 0,000176
установить 0,328504 0,000114
установление 1,021651 0,000142
устареть 0,941609 0,000065
устроить 1,609438 0,000112
устройство 0,527633 0,000146
уступать 1,609438 0,000112
усть-нарык 3,218876 0,000223
устье 0,634878 0,000088
утвердить 0,755023 0,000262
утверждение 0,400478 0,000056
утратить 1,272966 0,000088
утро 1,771957 0,000123
утроиться 2,995732 0,000208
уфа 0,967584 0,000067
участие -0,009950 -0,000001
участник 0,510826 0,000071
участниками-рестораторами 3,912023 0,000271
участок 0,616186 0,000299
учебный 0,673345 0,000280
ученый 0,653926 0,000136
ученый-радиотехник 3,912023 0,000271
учет 0,597837 0,000083
учетный -0,009950 -0,000001
училище 0,967584 0,000269
учительский 2,659260 0,000185
учиться 1,272966 0,000088
учреждение 0,653926 0,000363
ушайка 3,912023 0,000271
ушайке 3,912023 0,000271
ушайки 3,912023 0,000814
ушайку 3,912023 0,000543
фабрика 1,021651 0,000213
файбернет 3,912023 0,000271
факт 0,634878 0,000044
фармакология 3,912023 0,000814
фармацевтический 2,659260 0,000185
фауна 1,108663 0,000154
фгуп 1,771957 0,000123
фев 2,525729 0,000175
февр 0,820981 0,000057
февраль 0,051293 0,000217
февральский 2,040221 0,000142
федеральный 0,462035 0,000705
федерация 0,510826 0,000922
федор 1,560648 0,000108
федора 1,771957 0,000246
фейк-ньюс 3,912023 0,000271
феодальный 2,525729 0,000175
фест 3,506558 0,000487
фестиваль 1,021651 0,000425
физик 1,309333 0,000273
физико-географический 0,693147 0,000096
физико-математический 2,659260 0,000185
физико-технический 3,506558 0,000243
физико-технического 3,912023 0,000271
физиотерапия 3,912023 0,000271
физический 0,798508 0,000055
фиксировать 1,427116 0,000099
филандышева 3,912023 0,000271
филармония 1,049822 0,000073
филателия 1,469676 0,000204
филиал 0,755023 0,000524
фильм 1,049822 0,000146
финансово-экономическое 3,506558 0,000243
финансово-юридической 3,506558 0,000243
финансовый 0,733969 0,000102
финансы 0,733969 0,000153
фио 3,912023 0,000271
фирма 1,386294 0,000096
фирменный 2,040221 0,000283
фитнес 3,218876 0,000223
флаг 0,597837 0,000332
флор 1,021651 0,000142
флоринский 3,912023 0,000271
флот 1,347074 0,000093
фнл 2,995732 0,000208
фон 1,203973 0,000084
фонд -0,009950 -0,000001
форбс 2,813411 0,000195
форма 0,287682 0,000040
формат 0,843970 0,000176
формирование 0,597837 0,000041
формировать 1,272966 0,000088
формироваться 1,078810 0,000075
форум 1,203973 0,000501
фотография 1,108663 0,000154
фоторепортаж 2,659260 0,000185
фототипогравюрами 2,813411 0,000390
фраза 2,525729 0,000175
фронт 1,078810 0,000075
фрунзе 2,525729 0,000701
фсин 2,813411 0,000195
фуд 3,506558 0,000243
функционировать 0,798508 0,000055
футбол 1,139434 0,000079
футбольный 0,941609 0,000261
хайдуков 3,912023 0,000543
хакасии 3,218876 0,000223
ханты-мансийск 1,347074 0,000093
ханты-мансийский 2,813411 0,000195
характеризоваться 0,891598 0,000062
характеристика 0,415515 0,000115
характерный 0,693147 0,000048
харин 3,506558 0,000243
хахалкин 3,912023 0,000271
хвойные 2,120264 0,000147
химия 1,514128 0,000105
хит 2,407946 0,000167
хлебозавод 2,207275 0,000153
ход 0,510826 0,000071
ходить 1,514128 0,000105
хозяйство 0,579818 0,000161
холдинг 2,040221 0,000425
холл 3,506558 0,000243
холм 1,386294 0,000096
холод 2,040221 0,000142
хор 2,120264 0,000147
хоральный 2,995732 0,000208
хоржевской 3,912023 0,000271
хоровой 2,302585 0,000160
хотя 0,653926 0,000045
храм 0,733969 0,001273
хроник 1,832581 0,001144
хронограф 2,813411 0,000195
хронос 3,218876 0,000223
художественный 0,653926 0,000227
художник 0,967584 0,000067
царский 1,386294 0,000096
царь 1,078810 0,000075
цбс 2,659260 0,000185
цветочный 2,995732 0,000208
целесообразность 2,995732 0,000208
целительница 3,912023 0,000543
целое 0,634878 0,000088
целый 1,108663 0,000154
цель 0,371064 0,000051
цена 1,237874 0,000172
центр 0,287682 0,001138
центральный 0,400478 0,000167
церковь 0,673345 0,000934
цех 2,120264 0,000147
цибульский 3,912023 0,000543
циклон 2,207275 0,000306
цифра 1,272966 0,000265
цифровой 0,562119 0,000663
цум 3,218876 0,000223
чаинский 3,912023 0,000543
час 0,867501 0,000301
часовня 1,469676 0,000510
часовой 0,713350 0,000198
частное 1,514128 0,000210
частность 0,462035 0,000096
частный 0,634878 0,000220
часто 0,415515 0,000058
частота 1,309333 0,000091
частый 1,309333 0,000091
часть 0,061875 0,000103
чаща 1,108663 0,000077
чебоксары 1,171183 0,000081
чекистский 3,912023 0,000271
чело 0,713350 0,000198
человек 0,186330 0,000207
человеческий 1,309333 0,000091
челябинск 0,994252 0,000069
чемпион 1,203973 0,000084
чемпионат 0,994252 0,000069
чередоваться 2,813411 0,000195
черемошники 3,912023 0,000814
черемуха 2,995732 0,000208
черемушка 2,302585 0,000160
черепанова 3,912023 0,000271
черешчатый 3,912023 0,000271
черносотенец 3,218876 0,000223
черносотенный 3,912023 0,000543
черный 0,843970 0,000234
черняк 3,912023 0,001629
честь 0,562119 0,000195
четвертый 0,994252 0,000207
четыре 0,597837 0,000041
чехову 3,218876 0,000223
чехословацкий 2,407946 0,000167
численность 0,616186 0,001411
числиться 2,407946 0,000167
число 0,186330 0,000310
чистая 1,427116 0,000099
чита 1,203973 0,000084
читатьправитьправить 0,494296 0,000034
член 0,755023 0,000262
чтение 1,714798 0,000119
чугун 2,659260 0,000554
чудотворец 2,120264 0,000736
чуйский 3,218876 0,000223
чуприна 3,912023 0,000543
чучалин 3,912023 0,000271
шаблон 0,462035 0,000064
шаг 1,714798 0,000119
шансон 2,302585 0,000160
шарик 3,912023 0,000271
шатер 2,995732 0,000208
шатурного 3,912023 0,000543
шатурный 3,912023 0,000543
шахматы 2,525729 0,000175
шашлык 3,912023 0,000271
шведский 2,120264 0,000147
шевченко 2,302585 0,000160
шегарский 3,912023 0,000543
шегарского 3,912023 0,000271
шестой 1,660731 0,000115
шесть 1,021651 0,000142
шиловский 2,995732 0,000208
ширина 0,916291 0,000127
широкий 0,494296 0,000034
широко 0,653926 0,000091
широколиственные 2,207275 0,000153
широкоформатный 3,506558 0,000243
широтный 1,897120 0,000132
шишкин 2,659260 0,000185
шишкова 3,506558 0,000243
школа 0,478036 0,000100
шмидта 2,407946 0,000167
шоссе 1,427116 0,000099
шпз 3,912023 0,000271
штаб-квартира 1,832581 0,000127
штука 2,525729 0,000175
щит 1,171183 0,000163
эвакуировать 1,272966 0,000177
эдисона 3,218876 0,000223
экз 0,415515 0,000144
экзамен 3,506558 0,000243
эклектик 2,302585 0,000160
эколог 2,302585 0,000160
экологический 0,693147 0,000192
экономика 0,400478 0,000222
экономико-промышленный 3,912023 0,000271
экономико-юридический 3,912023 0,000271
экономический 0,478036 0,000232
экскурсионный 2,813411 0,000195
экспедиция 1,469676 0,000102
экспериментальный 1,660731 0,000115
эксперт 1,203973 0,000084
экспертиза 2,525729 0,000175
эксплуатация 0,776529 0,000054
эксплуатироваться 2,207275 0,000306
экспорт -0,009950 -0,000001
экспоцентр 3,506558 0,000243
экспресс 2,120264 0,000147
элекард 3,912023 0,000271
электрик 3,506558 0,000243
электрический 1,309333 0,000091
электровоз 3,506558 0,000243
электроламповый 3,912023 0,000271
электромеханик 3,506558 0,000243
электромеханический 2,813411 0,000195
электроника 2,120264 0,001030
электронный 0,478036 0,000166
электропоезд 1,609438 0,000112
электропривод 3,506558 0,000243
электроснабжение 3,218876 0,000223
электростанция 2,040221 0,000142
электротехнический 2,407946 0,000167
электроэнергия 1,609438 0,000112
элемент 0,544727 0,000038
элеси 3,912023 0,000271
эльдорадо 1,966113 0,000136
эндопротез 3,912023 0,000271
энергетик 1,108663 0,000385
энергия 1,021651 0,000142
энергоблок 3,506558 0,000243
энергосберегающий 3,912023 0,000271
энергосистема 2,995732 0,000208
энко 3,218876 0,000447
энтузиаст 2,659260 0,000185
энциклопедический 0,733969 0,000102
энциклопедия -0,009950 -0,000011
эпилепсия 3,912023 0,000271
эпоха 0,713350 0,000049
эр-телеком 1,897120 0,000263
эра 1,514128 0,000105
эрозия 2,302585 0,000160
эстакада 2,525729 0,000175
эталонный 3,506558 0,000243
этимология 0,616186 0,000086
этнография 1,966113 0,000136
этуаль 2,995732 0,000208
эушта 3,218876 0,000670
эуштинских 3,912023 0,000271
эуштинцев 3,912023 0,000271
эфир 1,427116 0,000297
эфирный 1,427116 0,000495
эффект 1,966113 0,000136
эхо 2,407946 0,000334
юбилей 1,560648 0,000217
юбилейный 0,798508 0,000166
юг 0,693147 0,000096
юго-восток 1,171183 0,000244
юго-запад 1,309333 0,000091
юго-западный 1,049822 0,000073
южнее 1,832581 0,000127
южный 0,385662 0,000375
юмор 1,966113 0,000136
юноша 2,995732 0,000208
юный 1,309333 0,000182
юпитер 2,813411 0,000195
юрга 2,813411 0,000390
юрги 3,912023 0,000271
юркова 3,912023 0,000271
юрточный 3,912023 0,001357
яблоков 3,912023 0,000271
явление 1,021651 0,000071
являться 0,040822 0,000068
ягода 3,218876 0,000223
ядерный 1,771957 0,000123
ядро 1,171183 0,000081
язык -0,009950 -0,000003
якутск 1,203973 0,000084
ямской 2,302585 0,000160
янв 0,820981 0,000114
январь 0,105361 0,000431
яндекс 1,714798 0,000119
ярко 2,302585 0,000639
ярмарка 1,660731 0,000461
ярославль 1,078810 0,000075
ярское 3,218876 0,000447
ячменюха 3,218876 0,000223
