абзац 3,506558 0,000223
абонемент 3,912023 0,000249
абсолютные 2,525729 0,000161
абсолютный 0,798508 0,000152
авар 3,912023 0,000249
авг 0,820981 0,000157
август 1,237874 0,000236
августа 0,072571 0,000356
августе 0,994252 0,000190
августовский 3,218876 0,000410
авиаиздат 3,912023 0,000249
авиации 1,347074 0,000086
авиационно-космический 3,912023 0,000249
авиационной 2,525729 0,000322
авиационный 1,771957 0,000113
авт 1,469676 0,000281
автобус 1,021651 0,000065
автобусам 3,218876 0,000205
автобусами 1,469676 0,000187
автобусах 2,813411 0,000179
автобусное 2,040221 0,000130
автобусов 1,469676 0,000187
автодорога 1,427116 0,000091
автодорогам 1,078810 0,000069
автодороги 1,609438 0,000102
автозаводская 3,506558 0,000446
автокефальной 3,912023 0,000249
автомагистралей 2,995732 0,000572
автомагистрали 2,120264 0,000135
автоматических 2,659260 0,000169
автоматическое 2,659260 0,000169
автоматической 2,813411 0,000358
автомобилей 1,272966 0,000162
автомобили 1,966113 0,000125
автомобиль 2,207275 0,000141
автомобильная 1,897120 0,000121
автомобильного 1,771957 0,000113
автомобильной 1,832581 0,000117
автомобильные 1,347074 0,000172
автомобильный 1,049822 0,000134
автомобильным 2,302585 0,000293
автомобильных 1,386294 0,000088
автомобилю 3,912023 0,000249
автомобиля 2,995732 0,000572
автомобилях 3,912023 0,000249
автопарка 3,218876 0,000205
автоподтвержденных 2,120264 0,000135
автор 0,994252 0,000063
авторитетные 0,941609 0,000180
авторитетных 2,207275 0,000703
авторов 1,386294 0,000088
авторства -0,009950 -0,000001
автосалон 3,912023 0,000249
автотранспорта 1,897120 0,000121
автотранспорте 3,506558 0,000223
агаларова 3,912023 0,000249
агеева 1,469676 0,000094
агентства 1,714798 0,000109
агентство 1,049822 0,000067
агентством 2,302585 0,000147
агломерации 0,916291 0,000175
агломерация 0,867501 0,000110
аграняна 3,912023 0,000249
адаптивная 3,912023 0,000249
административно-территориальное 0,820981 0,000261
административно-территориальных 2,207275 0,000422
административного 1,897120 0,000362
административные 1,514128 0,000482
административный 0,843970 0,000161
административными 2,302585 0,000147
административных 1,309333 0,000583
администратор 3,218876 0,000205
адресами 3,506558 0,000223
адресов 2,407946 0,000153
адыгабзэ 0,000000 0,000000
адыгея 2,995732 0,000191
адыгэбзэ 0,000000 0,000000
аза 3,912023 0,000249
азербайджанский 3,506558 0,000223
азербайджанцах 3,912023 0,000249
азербайджанцев 3,912023 0,000249
азербайджанцы 1,139434 0,000290
азиатских 3,218876 0,000205
азии 0,916291 0,000117
азовского 2,040221 0,000130
азовское 2,407946 0,000153
азовскому 2,813411 0,000179
айсберг 3,218876 0,000205
академии 0,693147 0,000221
академическая 2,120264 0,000135
академический 1,171183 0,000075
академия 0,798508 0,000203
актами 3,912023 0,000498
активней 3,912023 0,000249
активно 0,755023 0,000096
актов 1,897120 0,000121
актуализация 2,813411 0,000179
алг 3,912023 0,000249
алгоритм 2,120264 0,000135
александра 0,820981 0,000052
александров 3,218876 0,000410
александрова 2,525729 0,000161
александрович 1,609438 0,000102
александровичу 3,506558 0,000223
александровском 3,218876 0,000205
алексеев 2,207275 0,000141
алексеева 2,407946 0,000153
алексеевский 2,659260 0,000169
алексей 1,049822 0,000067
алексий 3,912023 0,000249
алешинки 3,912023 0,000249
алина 3,218876 0,000205
алло-столица 3,912023 0,000249
алтай 2,407946 0,000307
алтайский 2,302585 0,000147
алтуфьевский 3,912023 0,000249
алтуфьевское 3,912023 0,000498
алфавитувикипедия 0,776529 0,000049
алфавитунаселенные 0,867501 0,000055
альбом 2,120264 0,000135
альбские 3,912023 0,000249
альбских 3,912023 0,000249
альтернативное 3,218876 0,000205
альтернативных 2,302585 0,000147
альтернативой 3,218876 0,000205
алюминиевых 3,912023 0,000249
амбулаторно-поликлинических 2,813411 0,000358
аммониты 3,912023 0,000249
ампп 3,912023 0,000249
амстердам 3,506558 0,000446
амурская 2,659260 0,000169
анализ 1,237874 0,000079
аналог 2,120264 0,000135
аналогии 2,407946 0,000153
анастасия 2,813411 0,000179
анатолий 1,714798 0,000109
англ 0,174353 0,000155
английском 2,659260 0,000169
андорра-ла-велья 3,912023 0,000249
андреев 2,040221 0,000130
андрей 0,967584 0,000062
андропова 3,912023 0,000249
анна 1,714798 0,000218
аннексия 0,994252 0,000063
ано 2,813411 0,000179
аномальной 3,506558 0,000223
аномальные 3,912023 0,000249
ансамбль 1,203973 0,000077
антарктиды 3,506558 0,000223
антверпен 3,506558 0,000223
антенны 3,506558 0,000223
антибольшевистские 3,506558 0,000223
антисоветских 3,912023 0,000249
антология 2,995732 0,000191
антон 1,832581 0,000117
антонов 2,995732 0,000191
антропологии 3,218876 0,000205
антропонимы 3,912023 0,000249
апостольская 2,120264 0,000135
аппарата 2,040221 0,000130
аппаратуры 2,407946 0,000153
апр 0,798508 0,000152
апреле 0,994252 0,000063
апреля 0,174353 0,000333
аптекарском 3,506558 0,000223
араза 3,912023 0,000249
арбат 2,995732 0,000763
арбата 3,912023 0,000747
ареала 3,506558 0,000223
ареале 3,912023 0,000249
арен 3,912023 0,000249
арена 1,427116 0,000636
аренда 2,659260 0,000339
арендаторам 3,912023 0,000249
аренды 2,813411 0,000179
арене 2,525729 0,000161
ареной 2,120264 0,000135
арены 2,813411 0,000179
аркадий 2,302585 0,000147
армии 1,049822 0,000067
армий 2,813411 0,000179
армян 2,659260 0,000508
армянах 3,912023 0,000249
армяне 1,021651 0,000260
армяне-григорианцы 3,912023 0,000249
армянская 1,771957 0,000113
армянский 2,302585 0,000147
артиллерии 2,813411 0,000179
артиллерия 3,218876 0,000205
арх 0,544727 0,000069
архангельская 2,813411 0,000179
архангельского 3,218876 0,000205
архангельской 2,659260 0,000169
археологии 1,309333 0,000083
археологические 1,832581 0,000233
археологическое 2,659260 0,000169
археология 2,120264 0,000135
архив 0,462035 0,000059
архивировано 0,020203 0,000305
архивная 0,400478 0,000382
архивной 0,713350 0,000091
архитектура 0,755023 0,000240
архитектурные 1,832581 0,000233
архитектурным 2,813411 0,000179
архитектурных 1,832581 0,000233
архитектуры 0,755023 0,000288
ассоциация 2,407946 0,000153
аст 0,820981 0,000261
астана 2,813411 0,000179
астероид 1,966113 0,000125
астраханская 2,302585 0,000147
астраханью 3,218876 0,000205
астрель 1,049822 0,000067
астрономии 2,302585 0,000293
астрономом 2,407946 0,000153
асфальта 2,995732 0,000191
ате 2,407946 0,000153
атланта 3,912023 0,000249
атлантико-континентальной 3,912023 0,000249
атлантического 2,207275 0,000141
атлас 1,272966 0,000162
атлетике 2,995732 0,000191
атмосферного 1,771957 0,000113
атмосферных 2,813411 0,000179
атомной 2,302585 0,000147
аудио 2,120264 0,000135
афганцах 3,912023 0,000249
афины 3,218876 0,000615
афиша 2,525729 0,000322
аэрации 2,995732 0,000191
аэровокзал 3,218876 0,000205
аэровокзала 3,218876 0,000410
аэрогидродинамический 3,912023 0,000249
аэропорт 0,843970 0,000161
аэропорта 1,049822 0,000267
аэропортах 3,506558 0,000223
аэропортов 2,302585 0,000440
аэропорту 1,609438 0,000102
аэропорты 1,714798 0,000109
бабушкинский 3,912023 0,000249
база 0,916291 0,000058
базе 0,776529 0,000099
балашихе 3,912023 0,000249
балки 3,506558 0,000223
балтийские 3,218876 0,000205
балтийского 1,897120 0,000242
балтийское 2,407946 0,000153
балтийской 2,995732 0,000381
балто-славянские 3,912023 0,000249
балто-славянский 3,912023 0,000747
балто-славянской 3,912023 0,000249
балтские 3,912023 0,000249
балтских 3,506558 0,000223
балтской 3,912023 0,000249
балтском 3,912023 0,000249
балчуг 3,912023 0,000249
банк 1,078810 0,000069
банков 1,272966 0,000081
банковскими 3,506558 0,000223
банковской 2,525729 0,000482
банком 2,302585 0,000147
барклая 3,912023 0,000249
баров 3,506558 0,000223
барокко 1,560648 0,000099
баррикадные 3,912023 0,000249
барселона 3,218876 0,000205
баскет 3,912023 0,000249
баскетбольные 3,912023 0,000498
басманный 3,912023 0,000498
бассейн 1,078810 0,000069
бассейнами 3,506558 0,000223
бассейнов 1,660731 0,000106
баумана 2,995732 0,000191
баш 3,506558 0,000223
башкирская 2,407946 0,000153
башкортостан 2,207275 0,000141
башни 1,771957 0,000564
башня 1,469676 0,000187
ббк 2,995732 0,000191
беговой 3,912023 0,000498
безопасности 1,139434 0,000073
безопасность 1,469676 0,000094
безымянная 2,995732 0,000381
бекас 3,912023 0,000249
бекасово 3,912023 0,000249
беклемишевская 3,912023 0,000249
беларуси 2,207275 0,000141
беларуская 0,000000 0,000000
белгородская 2,995732 0,000191
белград 3,912023 0,000249
белки 2,813411 0,000358
белого 1,609438 0,000410
белое 1,714798 0,000109
белокаменнаятретий 3,912023 0,000249
белорусов 2,813411 0,000179
белорусско-савеловский 3,912023 0,000249
белорусского 3,506558 0,000670
белорусы 1,203973 0,000230
белый 1,514128 0,000096
белым 2,207275 0,000141
беляев 2,407946 0,000307
беляк 3,506558 0,000223
бензин 3,218876 0,000205
берег 1,021651 0,000065
берегам 1,897120 0,000121
берегах 1,386294 0,000176
береговая 1,966113 0,000125
берегу 0,616186 0,000039
березинский 3,912023 0,000249
березины 3,912023 0,000249
берестяная 3,218876 0,000205
берестяной 3,506558 0,000223
берестяных 3,912023 0,000498
берлин 2,813411 0,000895
берлину 3,912023 0,000249
берн 3,912023 0,000249
бесединских 3,912023 0,000249
бесединское 3,912023 0,000249
бесконтактной 3,912023 0,000498
бескудниковский 3,912023 0,000249
бесплатная 3,218876 0,000205
бесплатно 2,207275 0,000141
бесплатной 3,218876 0,000410
бесплатным 2,813411 0,000179
беспроводной 2,995732 0,000191
бибирево 3,912023 0,000249
библиогород 3,912023 0,000249
библиографических 0,094311 0,000006
библиотек 0,967584 0,000123
библиотека 0,462035 0,000147
библиотеке 2,659260 0,000169
библиотеки 0,843970 0,000107
библиотеку 2,207275 0,000141
бизнес 1,514128 0,000096
бизнеса 0,967584 0,000308
билайн 1,272966 0,000081
билетный 3,912023 0,000249
биологический 3,506558 0,000223
биржа 2,407946 0,000153
бирюлево 3,912023 0,000498
бирюлевский 3,912023 0,000249
битва 2,207275 0,000281
битве 2,302585 0,000293
битца 3,912023 0,000249
битцевский 3,912023 0,000996
битцевском 3,912023 0,000996
благовещенская 2,813411 0,000179
благодаря 0,527633 0,000101
благополучия 2,525729 0,000161
благоустройства 2,525729 0,000161
благоустроят 3,912023 0,000249
ближайшем 3,506558 0,000446
ближайшие 2,040221 0,000130
ближайших 2,040221 0,000130
ближнем 3,218876 0,000205
ближнихскрытые 3,506558 0,000223
близка 3,506558 0,000670
близкие 3,218876 0,000205
близкой 3,506558 0,000223
близлежащих 2,813411 0,000179
блок 1,832581 0,000117
богатейших 3,506558 0,000223
боголюбово 3,506558 0,000223
богородское 3,218876 0,000205
богослужение 3,506558 0,000223
богослужения 2,813411 0,000179
боготы 3,912023 0,000249
божьей 1,966113 0,000125
бои 2,207275 0,000281
болва 3,912023 0,000249
болгарии 2,302585 0,000147
боле 3,912023 0,000249
болельщикам 3,912023 0,000249
болельщиков 2,995732 0,000381
болотная 3,218876 0,000205
болотниковцами 3,912023 0,000249
болотный 2,995732 0,000191
больниц 1,966113 0,000250
больница 1,469676 0,000094
больничных 2,407946 0,000153
большая 0,072571 0,000125
большевиками 2,407946 0,000153
большевики 2,207275 0,000141
большевиков 1,966113 0,000501
большегрузных 3,912023 0,000249
большим 1,560648 0,000099
большинства 1,609438 0,000102
большинство 0,597837 0,000152
больших 1,272966 0,000081
большого 0,967584 0,000185
большое 0,544727 0,000173
большой 0,328504 0,000460
большом 1,714798 0,000109
большому 2,407946 0,000307
большую 0,891598 0,000057
бондаренко 2,813411 0,000358
бондарчук 3,912023 0,000249
борисенко 3,912023 0,000249
борисовские 3,912023 0,000249
борисоглеб 3,506558 0,000223
боровицкая 3,912023 0,000249
боровицкого 3,912023 0,000498
бору 2,525729 0,000161
борьбе 1,469676 0,000187
ботанический 1,609438 0,000205
боукы 3,912023 0,000249
боями 2,995732 0,000191
боярина 3,218876 0,000205
боярине 3,912023 0,000249
братеево 3,912023 0,000249
братеевской 3,912023 0,000498
братислава 3,218876 0,000205
братовки 3,912023 0,000249
брелоки 3,912023 0,000249
брендом 3,506558 0,000223
бренды 3,506558 0,000223
брестская 2,995732 0,000191
брисбен 3,912023 0,000249
бровь 3,912023 0,000249
бродский 3,218876 0,000205
брокгауза 0,328504 0,000146
бронзового 2,525729 0,000161
бронзы 3,506558 0,000223
броновицкая 3,912023 0,000996
бры 3,912023 0,000249
брэ 2,040221 0,000390
брюссель 3,912023 0,000249
брянская 3,218876 0,000205
будапешт 3,506558 0,000223
буддизм 2,525729 0,000161
буддисты 3,218876 0,000205
будни 2,659260 0,000169
будут 1,203973 0,000153
будущего 1,427116 0,000091
буженинова 3,912023 0,000249
буква 2,659260 0,000169
буланин 3,218876 0,000205
бульвар 1,714798 0,000109
бульварного 3,506558 0,001339
бульварное 3,912023 0,000747
бульварном 3,912023 0,000249
бульдозером 3,506558 0,000223
бум 2,040221 0,000390
бунт 2,659260 0,001016
бунтов 3,506558 0,000223
бурлака 3,506558 0,000223
бурлакова 3,912023 0,000249
бурный 2,995732 0,000191
бурозубки 3,218876 0,000205
буряад 0,000000 0,000000
бурятия 2,525729 0,000161
бусиновская 3,912023 0,000249
бутиков 3,912023 0,000249
бутово 3,912023 0,000498
бутовский 3,912023 0,000249
бутырский 3,912023 0,000249
бухарест 3,218876 0,000205
буэнос-айрес 3,912023 0,000249
български 0,000000 0,000000
бывал 3,218876 0,000205
бывшего 1,021651 0,000130
бывшее 1,897120 0,000121
бывшие 1,771957 0,000113
быково 2,995732 0,000191
былой 3,912023 0,000249
быстрое 2,995732 0,000191
быстрорастущим 3,912023 0,000249
быстрыми 2,813411 0,000537
бэла 3,912023 0,000249
бюджет 1,771957 0,000226
бюджета 1,309333 0,000083
бюро 1,427116 0,000091
вагонах 3,912023 0,000747
вагонов 2,120264 0,000135
вадуц 3,912023 0,000249
важнейшим 2,407946 0,000153
важнейших 1,832581 0,000233
важный 1,514128 0,000096
важным 1,386294 0,000088
важных 1,714798 0,000109
вала 2,995732 0,000191
валидаторами 3,218876 0,000205
валидаторы 3,506558 0,000223
валлетта 3,912023 0,000249
валов 2,813411 0,000179
валом 2,995732 0,000191
вальдшнеп 3,912023 0,000249
варварских 3,912023 0,000249
варианты 1,309333 0,000083
варшава 2,813411 0,000358
варьете 3,912023 0,000249
варьируются 3,218876 0,000205
василий 1,386294 0,000176
василисы 3,912023 0,000249
василия 1,771957 0,000226
васильевиче 3,218876 0,000205
васькин 3,912023 0,000249
ватикан 2,995732 0,000381
вахитов 3,218876 0,000205
вашла 0,000000 0,000000
вблизи 1,139434 0,000145
введен 1,427116 0,000182
введения 2,659260 0,000339
введено 1,771957 0,000338
введены 1,897120 0,000121
ввели 2,525729 0,000161
вверх 1,832581 0,000117
ввод 1,897120 0,000121
ввода 2,207275 0,000141
вводимое 3,912023 0,000249
ввп 2,659260 0,000339
вднх 2,995732 0,001526
вдоль 0,755023 0,000096
ведется 0,994252 0,000063
ведомости 1,049822 0,000535
ведомственный 3,912023 0,000249
ведутся 1,966113 0,000125
ведущие 2,040221 0,000130
ведущих 1,386294 0,000176
век 0,733969 0,000047
века 0,248461 0,000364
веках 1,021651 0,000130
веке 0,597837 0,000304
векегорода 1,966113 0,000125
векестолицы 3,506558 0,000223
веков 0,713350 0,000045
велась 2,407946 0,000153
великий 1,469676 0,000374
великих 1,832581 0,000117
великого 1,203973 0,000307
великое 2,813411 0,000537
великой 0,653926 0,000167
велодорожка 3,506558 0,000223
велодорожки 3,912023 0,000249
веломаршрута 3,912023 0,000249
велопрокат 3,506558 0,000446
велопроката 3,506558 0,000223
велопрокатные 3,912023 0,000249
велосипедные 3,218876 0,000205
велосипедный 2,995732 0,000381
велосипедов 2,995732 0,001144
велось 1,966113 0,000125
велотрасс 3,912023 0,000249
вена 3,218876 0,000205
веной 3,912023 0,000249
верещагин 2,995732 0,000191
вермахтом 3,506558 0,000223
вернадского 3,218876 0,000615
вернула 3,218876 0,000205
вернуться 2,525729 0,000161
вероисповедных 3,912023 0,000249
версии 0,446287 0,000114
версия -0,009950 -0,000003
версиях 2,659260 0,000169
вертолетный 3,506558 0,000223
верхней 1,272966 0,000162
верхнем 1,771957 0,000113
верхнеяузской 3,912023 0,000249
верховного 1,272966 0,000081
верховный 2,207275 0,000141
верховным 3,218876 0,000205
верховьев 3,218876 0,000205
весенние 3,218876 0,000205
вестник 1,049822 0,000067
весь 0,755023 0,000192
ветвями 3,506558 0,000223
ветеранского 3,912023 0,000249
веток 2,813411 0,000179
ветра 1,049822 0,000067
ветров 0,843970 0,000107
вечерняя 2,407946 0,000153
вечером 2,525729 0,000161
вешняки 3,912023 0,000249
вещает 2,120264 0,000135
вещало 3,506558 0,000223
вещание 1,203973 0,000230
вещают 2,302585 0,000147
вещевые 3,912023 0,000249
веществ 1,171183 0,000075
взвешенности 3,218876 0,000205
взгляд 1,514128 0,000193
взорванного 3,506558 0,000223
взыскании 3,912023 0,000249
взяли 2,407946 0,000153
вид 0,494296 0,000346
виде 0,235722 0,000090
видео 1,049822 0,000067
видеофиксации 3,912023 0,000249
видов 0,616186 0,000039
виды 0,798508 0,000102
вики-разметкой 1,309333 0,000083
викигидвикипедия 1,427116 0,000091
викигиде 0,776529 0,000099
викиданные 0,776529 0,000049
викиданных -0,009950 -0,000001
викимедиа -0,009950 -0,000001
википедии -0,009950 -0,000001
википедия -0,009950 -0,000007
викискладвикиновостивикицитатниквикигидэлемент 1,272966 0,000081
викискладе 0,174353 0,000022
викискладепутеводитель 0,713350 0,000045
викискладстатьи 0,891598 0,000057
викисловарецитаты 1,108663 0,000071
викисловарьстатьи 1,347074 0,000086
викитекемедиафайлы 1,272966 0,000081
викитеку 1,347074 0,000086
викицитатниквикипедия 2,407946 0,000153
викицитатникетексты 1,427116 0,000091
вильнюс 2,995732 0,000191
винительного 3,912023 0,000249
виноградова 3,218876 0,000410
виртуальные 3,218876 0,000205
витязь-м 0,000000 0,000000
вклад 1,108663 0,000071
включает 0,462035 0,000088
включало 2,995732 0,000191
включая 0,527633 0,000168
включен 1,560648 0,000199
включенных 3,218876 0,000205
включено 3,218876 0,000205
вконтакте 1,966113 0,000125
вкп 2,407946 0,000153
владельце 3,506558 0,000223
владение 1,427116 0,000091
владения 2,040221 0,000130
владениям 2,659260 0,000169
владимир 0,733969 0,000140
владимира 1,309333 0,000167
владимирович 1,771957 0,000113
владимирская 2,407946 0,000153
владимирский 2,995732 0,000191
владимирского 2,995732 0,000381
владислава 3,506558 0,000223
влажность 1,171183 0,000075
властей 1,714798 0,000218
власти 0,634878 0,000485
власть 0,733969 0,000234
влекут 3,912023 0,000249
влияет 1,832581 0,000117
вместе 0,510826 0,000033
вместо 0,798508 0,000102
вмо 2,995732 0,000381
вне 1,560648 0,000099
внедрена 3,506558 0,000223
внешние 0,051293 0,000003
вниз 1,171183 0,000075
внимание 1,347074 0,000172
вновь 0,755023 0,000096
вносящих 3,912023 0,000249
внуково 2,813411 0,000537
внутреннее 0,733969 0,000047
внутренние 2,040221 0,000130
внутренних 1,237874 0,000079
внутри 0,000000 0,000000
внутригородские 2,407946 0,000153
внутригородских 1,514128 0,000096
внутригородского 2,407946 0,000153
во-вторых 2,659260 0,000169
во-первых 2,659260 0,000169
водва 3,912023 0,000249
водителя 3,218876 0,000205
водной 2,120264 0,000135
водному 2,995732 0,000381
водные 1,386294 0,000088
водный 1,237874 0,000079
водным 2,120264 0,000135
водных 1,347074 0,000086
водовзводная 3,912023 0,000249
водоемов 1,966113 0,000250
водохранилища 1,272966 0,000162
воду 1,386294 0,000088
воды 0,653926 0,000042
водятся 2,302585 0,000440
военная 1,108663 0,000071
военно-революционный 3,912023 0,000249
военного 1,309333 0,000083
военный 1,272966 0,000081
военных 1,272966 0,000081
военторга 3,912023 0,000249
возбуждено 3,218876 0,000205
возведены 2,120264 0,000135
возвраты 3,506558 0,000223
возвращается 2,659260 0,000339
возвращение 2,407946 0,000153
возвышаются 3,912023 0,000249
возвышение 2,995732 0,000191
возвышению 3,506558 0,000223
возвышенности 1,714798 0,000218
воздвиженке 3,912023 0,000498
воздействии 3,912023 0,000249
воздействия 1,714798 0,000109
воздух 1,660731 0,000211
воздуха 0,733969 0,000374
воздухе 2,302585 0,000147
воздушные 1,771957 0,000113
воздушный 1,514128 0,000193
возле 1,386294 0,000353
возможно 0,867501 0,000221
возможностей 2,040221 0,000130
возможность 0,616186 0,000039
возможностями 2,040221 0,000130
вознесения 2,525729 0,000161
возник 1,469676 0,000094
возникать 3,912023 0,000249
возникли 1,714798 0,000218
возникновению 2,525729 0,000161
возникший 2,813411 0,000179
возражения 2,995732 0,000191
возраст 1,897120 0,000242
возросла 2,407946 0,000460
войковский 3,912023 0,000249
война 1,171183 0,000149
войне 1,049822 0,000134
войной 2,207275 0,000141
войны 0,478036 0,000304
войск 1,347074 0,000343
войска 1,237874 0,000630
войсками 1,386294 0,000176
вокзал 0,820981 0,000314
вокзала 0,967584 0,000062
вокзалами 3,218876 0,000205
вокзалах 3,218876 0,000205
вокзалов 2,813411 0,000716
вокзалы 1,771957 0,000113
вокруг 0,693147 0,000132
волга 1,660731 0,000211
волги 1,771957 0,000338
волго-балтийскому 3,218876 0,000205
волго-донской 2,813411 0,000179
волго-донскому 3,506558 0,000223
волгоград 1,139434 0,000145
волгоградская 2,995732 0,000191
волгоградский 3,218876 0,000205
волейбольные 3,218876 0,000205
воли 2,525729 0,000161
волн 2,120264 0,000135
волна 1,427116 0,000091
волнения 2,995732 0,000191
вологду 3,506558 0,000223
вологодская 2,995732 0,000191
волоколамском 3,912023 0,000249
волшебные 0,040822 0,000003
вооружения 2,659260 0,000169
вооруженное 3,218876 0,000205
вопрос 0,967584 0,000062
вопросы 1,049822 0,000134
воробей 3,506558 0,000223
воробьевское 3,912023 0,000249
воробьевы 3,912023 0,000249
воробьевых 3,912023 0,000498
воронеж 1,203973 0,000153
воронежская 2,995732 0,000191
воронин 3,912023 0,000249
вороново 3,218876 0,000205
вороны 3,506558 0,000223
ворота 1,347074 0,000257
воскресенские 3,912023 0,000249
воспользовавшись 3,912023 0,000249
воспользоваться 2,525729 0,000161
воспроизводства 2,813411 0,000179
восстание 1,660731 0,000634
восстания 1,660731 0,000423
восстановили 2,995732 0,000191
восстановлен 1,771957 0,000226
восстановление 1,609438 0,000205
восстановления 1,897120 0,000121
восстановлено 2,525729 0,000161
востоке 1,108663 0,000141
восточно-европейской 1,832581 0,000467
восточное 2,040221 0,000390
восточной 0,693147 0,000088
восточный 1,021651 0,000325
востребования 3,506558 0,000223
восьми 2,407946 0,000307
вошедшей 3,506558 0,000223
вошедшим 3,506558 0,000223
вошли 1,347074 0,000172
впадает 1,771957 0,000113
впервые 0,385662 0,000196
вплотную 2,040221 0,000130
впн 2,995732 0,000191
впоследствии 0,653926 0,000125
врачей 1,897120 0,000242
вреда 2,995732 0,000191
времен 0,941609 0,000180
времена 1,108663 0,000141
временем 0,616186 0,000039
времени 0,186330 0,000095
временивикипедия 2,407946 0,000153
временно 1,309333 0,000083
временное 2,302585 0,000147
временную 3,218876 0,000205
временным 2,813411 0,000179
время 0,030459 0,000058
вручена 2,995732 0,000191
вручением 2,995732 0,000191
вручила 3,912023 0,000249
всадника 3,912023 0,000249
всегонаселения 3,912023 0,000249
всей 0,693147 0,000132
вселенная 2,995732 0,000191
всемирная 1,714798 0,000218
всемирного 1,966113 0,000375
всемирные 2,995732 0,000381
всему 1,272966 0,000081
всероссийская 0,843970 0,000161
всероссийских 2,407946 0,000153
всероссийского 1,347074 0,000086
всероссийское 3,218876 0,000205
всероссийской 0,713350 0,000136
всесоюзная 0,843970 0,000054
всесоюзный 2,813411 0,000179
вскоре 1,309333 0,000167
вставкой 1,309333 0,000083
вступили 2,302585 0,000147
вступления 2,525729 0,000161
вська 0,000000 0,000000
всько 0,000000 0,000000
всюр 3,218876 0,000205
вся 0,994252 0,000063
втб 1,714798 0,000109
вторая 0,994252 0,000253
второго 1,139434 0,000145
второе 1,272966 0,000081
второй 0,274437 0,000122
вузов 0,891598 0,000114
вход 1,897120 0,000121
входили 2,120264 0,000135
входило 3,506558 0,000223
входит 0,653926 0,000125
входом 0,994252 0,000063
входят 0,713350 0,000182
входящей 2,407946 0,000153
входящих 1,771957 0,000113
вцик 1,832581 0,000233
вчк 3,506558 0,000223
вшэ 2,407946 0,000153
въезд 2,813411 0,000358
выборочному 3,912023 0,000249
выборы 1,347074 0,000172
выбранного 3,912023 0,000249
выводится 3,506558 0,000223
выводом 3,912023 0,000249
выводят 2,813411 0,000358
выглядел 2,995732 0,000191
выдающиеся 2,207275 0,000422
выделенная 2,995732 0,000381
выделенные 2,659260 0,000677
выделенных 3,912023 0,000996
выделено 2,525729 0,000161
выделены 1,560648 0,000099
выделить 1,386294 0,000088
выделяются 1,386294 0,000088
выдернут 3,912023 0,000249
выживанию 3,912023 0,000249
вызван 3,506558 0,000223
выйдут 2,995732 0,000191
выйти 2,813411 0,000179
выкупят 3,912023 0,000249
вынудив 3,912023 0,000249
вынужден 3,506558 0,000223
вып 0,798508 0,000102
выпадает 1,203973 0,000077
выпало 3,218876 0,000205
выпускают 2,813411 0,000179
выпь 3,912023 0,000249
выраженной 2,659260 0,000169
выраженных 3,912023 0,000249
вырастет 3,218876 0,000205
вырастут 3,506558 0,000223
вырос 1,560648 0,000099
выросла 2,040221 0,000260
выросли 2,407946 0,000307
выросло 1,609438 0,000205
высокая 1,237874 0,000158
высоки 3,506558 0,000223
высокий 1,347074 0,000172
высоким 1,514128 0,000386
высокого 1,514128 0,000289
высокопоставленных 3,506558 0,000223
высокоточных 3,912023 0,000249
высот 2,120264 0,000135
высота 0,562119 0,000107
высотных 2,813411 0,000179
высоток 3,912023 0,000498
выставок 2,525729 0,000161
выставочные 1,966113 0,000125
выставочный 1,514128 0,000096
выступление 2,120264 0,000135
высшая 1,386294 0,000176
высшего 1,427116 0,000091
высшее 1,021651 0,000130
высшей 1,272966 0,000081
высшие 1,386294 0,000088
высший 2,525729 0,000161
высшим 1,609438 0,000102
высших 1,078810 0,000206
выхино-жулебино 3,912023 0,000747
выхлопные 3,506558 0,000223
выход 1,832581 0,000117
выходами 3,912023 0,000249
выходе 2,813411 0,000179
выходить 2,525729 0,000322
выходов 2,995732 0,000191
выходцы 2,995732 0,000381
выше 0,616186 0,000235
вышедшая 3,218876 0,000205
вышеперечисленных 3,218876 0,000205
вышли 2,040221 0,000260
выявлена 2,995732 0,000191
вэб 3,218876 0,000205
вязкое 3,912023 0,000249
вязьма 2,659260 0,000169
вятичи 3,506558 0,000446
вяхирь 3,912023 0,000249
гагаринский 2,813411 0,000179
гаджетов 3,912023 0,000249
газет 1,660731 0,000211
газета 0,616186 0,000431
газетная 3,912023 0,000249
газеты 0,994252 0,000190
газы 2,995732 0,000381
галерей 3,218876 0,000205
галерею 2,995732 0,000381
гандбольные 3,506558 0,000446
гараж 3,912023 0,000249
гаражей 3,506558 0,000223
гараненко 3,912023 0,000249
гарнизон 2,302585 0,000147
гастарбайтеров 3,912023 0,000249
гвоздецкий 3,912023 0,000249
геля 3,912023 0,000249
генезис 2,995732 0,000191
генерального 1,514128 0,000096
генеральный 0,967584 0,000123
географических 1,139434 0,000073
географическое 0,693147 0,000088
географической 0,798508 0,000051
география 0,462035 0,000088
геологические 2,995732 0,000191
геологический 2,120264 0,000135
геология 1,966113 0,000125
георгия 1,897120 0,000121
геральдический 1,897120 0,000121
герб 0,820981 0,000418
гербе 1,609438 0,000102
герберштейн 3,218876 0,000205
герберштейна 3,506558 0,000223
германии 1,427116 0,000091
героизм 2,302585 0,000293
гжелка 3,912023 0,000249
гибралтар 3,218876 0,000205
гидрология 2,120264 0,000135
гидронима 2,207275 0,000281
гидронимии 3,912023 0,000249
гидронимов 3,506558 0,000223
гидронимы 3,506558 0,000446
гидротопонимов 3,912023 0,000249
гиляровский 3,912023 0,000498
гимн 0,820981 0,000105
гимне 3,218876 0,000205
гимном 2,995732 0,000191
гиперболоидная 3,912023 0,000249
гипотезы 2,302585 0,000293
гирея 3,506558 0,000223
гкгн 0,994252 0,000063
гкгнпро 0,916291 0,000058
гкнпц 3,912023 0,000249
гко 3,218876 0,000205
гку 3,912023 0,000249
гкчп 3,218876 0,000205
глав 1,897120 0,000121
главе 1,237874 0,000236
главке 3,912023 0,000249
главная 1,078810 0,000069
главное 1,469676 0,000094
главный 0,916291 0,000175
глазами 2,525729 0,000161
глеба 3,506558 0,000223
глинка 3,218876 0,000205
глинки 2,659260 0,000169
глобального 2,407946 0,000153
глобальный 2,302585 0,000147
глобальных 3,506558 0,000223
глубокого 3,218876 0,000205
гнездится 3,218876 0,000205
гнездятся 2,995732 0,000191
гоголь 2,659260 0,000169
год 0,235722 0,000915
года -0,009950 -0,000250
годавикипедия 0,616186 0,000196
годами 2,302585 0,000147
годах 0,385662 0,000344
годов 0,356675 0,000409
годовому 2,995732 0,000191
годовые 2,813411 0,000179
годом 0,941609 0,000060
году 0,072571 0,000591
годы 0,356675 0,000431
голландская 3,218876 0,000205
головинский 3,506558 0,000223
голод 2,407946 0,000153
голосов 1,966113 0,000125
голосования 2,207275 0,000141
голубь 3,218876 0,000205
гольяново 3,912023 0,000249
гончарных 3,506558 0,000223
гор 1,309333 0,000083
гора 1,139434 0,000145
горах 1,714798 0,000109
горбаневский 3,912023 0,000498
горизонтом 3,506558 0,000223
горизонты 2,995732 0,000191
горлица 3,912023 0,000249
горностай 2,813411 0,000358
город 0,544727 0,001214
город-герой 2,995732 0,000381
город-музей 3,912023 0,000249
города 0,430783 0,002139
города-герои 2,995732 0,000381
города-миллионеры 1,714798 0,000109
города-побратимы 0,891598 0,000227
городами 0,916291 0,000175
городе 0,693147 0,001853
городецкая 1,660731 0,000317
городище 1,609438 0,000102
городке 3,218876 0,000205
городмосква 3,912023 0,000249
городни 3,912023 0,000249
городня 3,912023 0,000498
городов 0,579818 0,000923
городов-побратимов 1,660731 0,000106
городом 0,798508 0,000457
городпро 0,867501 0,000055
городская 0,843970 0,000161
городские 0,941609 0,000180
городским 0,798508 0,000051
городских 0,713350 0,000182
городского 0,693147 0,000309
городское 1,203973 0,000077
городской 0,755023 0,000769
городском 1,427116 0,000091
городскую 1,609438 0,000102
городу 0,798508 0,000203
горожан 1,309333 0,000083
гороховец 2,525729 0,000161
горшкова 3,912023 0,000249
горы 1,108663 0,000071
горького 1,139434 0,000073
гос 1,609438 0,000102
гостей 1,966113 0,000375
гости 1,966113 0,000250
гостиниц 1,427116 0,000091
гостиница 1,386294 0,000088
гостиницы 1,347074 0,000086
гостиничного 3,506558 0,000223
гостиничные 3,506558 0,000223
государств 1,203973 0,000153
государства 0,843970 0,000484
государствгорода 3,506558 0,000223
государственная 0,941609 0,000300
государственного 0,616186 0,000039
государственное 0,776529 0,000148
государственной 0,616186 0,000510
государственную 1,714798 0,000109
государственный 0,430783 0,000192
государственным 1,897120 0,000121
государственных 0,994252 0,000316
государство-город 3,912023 0,000249
государствстолицы 3,912023 0,000249
готовились 3,912023 0,000249
готово 3,506558 0,000223
грабежи 3,218876 0,000205
гравированный 3,912023 0,000249
град 2,040221 0,000130
градоначальника 2,995732 0,000191
градостроительной 2,525729 0,000161
градостроительные 2,995732 0,000191
градостроительных 2,995732 0,000191
градусная 3,912023 0,000249
градусной 3,912023 0,000249
градусов 1,897120 0,000121
граждан 1,309333 0,000083
гражданам 2,995732 0,000191
граждане 1,108663 0,000282
гражданин 1,309333 0,000083
гражданина 2,407946 0,000307
гражданская 1,514128 0,000193
гражданского 2,207275 0,000141
гражданской 0,967584 0,000185
грамматика 3,218876 0,000205
грамот 3,912023 0,000249
грамота 1,966113 0,000250
грамотах 2,813411 0,000179
грамоте 2,659260 0,000169
гранат 1,386294 0,000088
границ 0,916291 0,000467
граница 1,139434 0,000073
границах 1,078810 0,000275
границы 0,867501 0,000276
граничит 2,040221 0,000260
григорием 2,207275 0,000141
гробе 3,912023 0,000249
грозного 1,966113 0,000125
грозным 2,813411 0,000179
грозы 2,525729 0,000161
грузиков 3,912023 0,000249
грузин 2,813411 0,000179
грузинах 3,912023 0,000249
грузинский 3,506558 0,000223
грузины 1,609438 0,000410
грузов 1,560648 0,000199
грузовикам 3,912023 0,000249
грузовые 1,771957 0,000226
грузовых 2,207275 0,000281
грузоперевозки 2,813411 0,000179
групп 1,514128 0,000096
группах 2,995732 0,000191
группе 1,832581 0,000117
группы 0,634878 0,000121
грязные 3,912023 0,000249
грязных 2,995732 0,000191
грязью 3,506558 0,000223
губертова 3,912023 0,000249
гума 3,506558 0,000223
гуманитарный 2,040221 0,000130
гуп 2,813411 0,000537
гусь-хрустальный 3,218876 0,000205
давка 3,912023 0,000249
давности 3,506558 0,000223
давньо 0,000000 0,000000
дагестан 2,659260 0,000339
дагестанцах 3,912023 0,000249
дает 1,203973 0,000077
далеко 1,966113 0,000125
дальнее 2,995732 0,000191
дальнейшее 1,832581 0,000117
дальние 2,659260 0,000169
дальних 2,207275 0,000141
даниилу 3,912023 0,000249
даниловича 3,506558 0,000223
даниловиче 3,912023 0,000249
даниловский 3,218876 0,000410
данного 1,714798 0,000109
данные 0,510826 0,000195
данный 0,713350 0,000182
данным 0,415515 0,000582
данных 0,616186 0,000039
дарвиновский 3,912023 0,000249
дарья 3,218876 0,000205
даст 2,525729 0,000161
дата 0,030459 0,000440
датирование 3,912023 0,000249
датируется 2,302585 0,000293
датская 0,342490 0,000022
даты 1,427116 0,000182
дачных 2,995732 0,000191
дважды 1,272966 0,000081
две 0,527633 0,000034
движение 0,820981 0,000209
движением 2,525729 0,000161
движения 0,733969 0,000280
двор 1,771957 0,000226
дворах 3,218876 0,000410
дворец 0,967584 0,000370
дворов 1,897120 0,000121
дворца 1,660731 0,000211
дворцах 3,506558 0,000446
дворы 2,813411 0,000358
двустворчатого 3,912023 0,000249
двух 0,462035 0,000088
де-факто 2,302585 0,000147
девичьем 3,912023 0,000249
девлет-гиреем 3,912023 0,000249
девяткино 3,912023 0,000249
дегунино 3,912023 0,000498
дедва 3,912023 0,000249
дежнева 3,506558 0,000223
действий 1,560648 0,000099
действовавшего 3,506558 0,000223
действовал 1,660731 0,000106
действовала 1,832581 0,000117
действовать -0,009950 -0,000001
действует 0,634878 0,000283
действуют 0,867501 0,000110
действующими 3,218876 0,000205
действующих 1,514128 0,000193
дек 0,820981 0,000157
декабре 0,798508 0,000254
декабре-январе 3,912023 0,000249
декабрь 1,108663 0,000071
декабрьское 3,506558 0,000223
декабря 0,105361 0,000382
декады 3,506558 0,000670
дел 1,469676 0,000094
дела 1,469676 0,000094
делает 1,771957 0,000113
делам 2,525729 0,000161
деление 0,673345 0,000257
делимобиль 3,506558 0,000223
дело 1,078810 0,000137
деловой 1,560648 0,000397
дельфийские 2,659260 0,000169
делятся 2,525729 0,000161
демографическая 2,995732 0,000191
демографического 2,995732 0,000191
демократической 3,218876 0,000205
демоскоп 0,820981 0,000105
дендрохронологическим 3,912023 0,000249
денисенко 3,506558 0,000223
деноминаций 2,995732 0,000191
день 0,562119 0,000072
департамент 1,771957 0,000338
департамента 1,832581 0,000583
департаментом 3,218876 0,000410
депо 1,771957 0,000113
депрессия 3,506558 0,000223
депутатов 0,891598 0,000057
деревни 1,660731 0,000106
дерево 2,120264 0,000135
деревьев 1,469676 0,000094
деревян 3,912023 0,000249
деревянная 1,897120 0,000121
деревянно-земляная 3,912023 0,000249
деревянным 2,995732 0,000191
деревянных 2,407946 0,000153
державных 3,912023 0,000249
десятилетиях 3,912023 0,000249
десятки 1,347074 0,000086
десятков 1,660731 0,000106
десять 1,514128 0,000096
десятью 3,506558 0,000446
детность 3,912023 0,000249
детские 1,660731 0,000106
детских 1,272966 0,000324
детского 1,832581 0,000117
детьми 3,218876 0,000410
децентрализации 3,218876 0,000205
дешевле 3,218876 0,000205
деятель 1,966113 0,000250
деятельности 0,446287 0,000028
дзен 3,506558 0,000223
диалог 2,207275 0,000141
диаметры 3,506558 0,000223
диапазонах 2,995732 0,000191
диапазоне 2,302585 0,000147
дизайн 2,525729 0,000161
дикие 2,525729 0,000322
диких 2,525729 0,000161
дикторы 3,912023 0,000249
диметилового 3,912023 0,000249
дина 3,912023 0,000249
динамика 1,427116 0,000091
динамично 2,659260 0,000169
динамо 1,171183 0,000447
династии 2,207275 0,000422
дискуссия 2,813411 0,000179
диснейленда 3,912023 0,000249
диспансеризацию 3,912023 0,000249
длился 3,218876 0,000205
длинные 2,995732 0,000191
длинных 2,813411 0,000179
длины 2,040221 0,000130
длится 2,040221 0,000260
дмитрием 2,995732 0,000191
дмитрий 0,967584 0,000062
дмитрия 1,560648 0,000298
дмитровке 3,912023 0,000249
дмитровский 3,912023 0,000249
дневная 2,813411 0,000358
дневной 3,506558 0,000223
дней 0,446287 0,000057
дня 0,478036 0,000061
добавив 0,941609 0,000180
добавляется 3,506558 0,000223
добавьте 2,813411 0,000358
добраться 2,207275 0,000281
доброй 3,218876 0,000205
довольно 0,891598 0,000057
договоров 2,813411 0,000179
доков 3,912023 0,000249
долгов 2,995732 0,000191
долгорукий 3,912023 0,000498
долгоруким 3,912023 0,000249
долготой 0,941609 0,000060
должна 0,544727 0,000104
должны 1,021651 0,000065
доли 1,832581 0,000233
долинах 3,218876 0,000410
долине 2,120264 0,000270
долларовых 3,912023 0,000249
доля 0,733969 0,000374
доляот 3,912023 0,000498
дом 0,562119 0,000107
дома 0,798508 0,000152
домах 2,120264 0,000135
доме 1,427116 0,000091
домов 1,078810 0,000343
домовый 2,995732 0,000191
домодедово 2,813411 0,000537
домодедовская 3,912023 0,000498
донецкая 2,659260 0,000169
донского 2,207275 0,000281
донской 2,659260 0,000339
доп 0,597837 0,000190
дополнение 2,659260 0,000169
дополнительные -0,009950 -0,000002
дополнительным 2,813411 0,000179
дорог 0,891598 0,000227
дорога 0,798508 0,000102
дорогами 2,120264 0,000135
дорогах 2,302585 0,000733
дороги 0,713350 0,000136
дорогим 2,995732 0,000191
дорогих 2,995732 0,000191
дорогой 1,832581 0,000233
дорогомилово 3,912023 0,000498
дорогомиловского 3,912023 0,000249
дорогу 1,609438 0,000102
дорожки 2,995732 0,000191
дорожно-транспортной 3,506558 0,000223
дорожного 2,040221 0,000390
дорожных 2,995732 0,000191
досрочном 3,912023 0,000249
доставку 3,218876 0,000205
достаточно 0,820981 0,000052
достиг 1,469676 0,000094
достигает 1,347074 0,000172
достигалась 3,912023 0,000249
достигая 2,525729 0,000161
достигла 1,771957 0,000338
достигнутые 2,040221 0,000130
достоверные 3,506558 0,000223
достопримечательностей 1,660731 0,000106
достопримечательности 1,049822 0,000200
достраивается 3,912023 0,000249
доступе 2,995732 0,000191
доступен -0,009950 -0,000001
доступная 3,218876 0,000205
доступности 1,714798 0,000218
досуга 2,813411 0,000179
доходное 3,912023 0,000249
доходов 2,040221 0,000130
дошкольные 3,218876 0,000205
дошкольных 1,771957 0,000113
драйв 3,912023 0,000249
драйвером 3,506558 0,000670
древлеправославной 2,659260 0,000169
древнего 1,832581 0,000117
древнее 2,302585 0,000293
древней 1,560648 0,000099
древнейшая 2,659260 0,000169
древнейшей 2,813411 0,000179
древнейшие 2,995732 0,000572
древнерусские 2,813411 0,000179
древнерусских 3,506558 0,000223
древнерусскому 3,912023 0,000249
древняя 1,832581 0,000467
дрезва 3,912023 0,000249
дрезна 3,912023 0,000249
друг 1,108663 0,000141
друга 1,560648 0,000099
другие 0,030459 0,000021
другими 0,616186 0,000039
других -0,009950 -0,000011
другое 1,049822 0,000067
другом 1,514128 0,000096
друзей 2,813411 0,000179
дублин 3,506558 0,000223
дуглас 3,506558 0,000223
дума 1,108663 0,000282
думе 2,120264 0,000135
думой 1,897120 0,000121
дунаевского 3,912023 0,000249
духовная 1,386294 0,000176
духовного 1,966113 0,000125
духовной 1,771957 0,000113
духовных 2,525729 0,000161
духота 3,912023 0,000249
душкина 3,912023 0,000249
дылудмурт 0,000000 0,000000
дятлы 3,506558 0,000223
евангельских 1,660731 0,000106
евреев 2,813411 0,000537
евреи 1,203973 0,000230
еврейская 0,843970 0,000161
еврейского 2,995732 0,000191
евровидение 3,506558 0,000223
европе 0,916291 0,000408
европейским 2,995732 0,000191
европейских 1,771957 0,000226
европейской 0,891598 0,000114
европы 0,673345 0,000214
европыгосударства 3,912023 0,000249
едигеем 3,912023 0,000249
единиц 0,673345 0,000043
единица 1,609438 0,000205
единицами 2,813411 0,000179
единицы 1,386294 0,000088
единоверцы 3,912023 0,000249
единого 1,714798 0,000218
единой 1,771957 0,000113
единства 2,207275 0,000141
единственная 1,832581 0,000117
единственное 2,302585 0,000147
единственным 1,347074 0,000172
единый 1,469676 0,000187
ежегодник 0,820981 0,000052
ежегодно 0,916291 0,000175
ежегодного 2,525729 0,000161
ежегодный 1,609438 0,000102
ежедневно 1,714798 0,000109
ежи 3,912023 0,000498
екатерина 1,514128 0,000096
екатеринбург 0,843970 0,000054
елизаветы 2,813411 0,000179
елоховской 3,912023 0,000249
епархии 1,108663 0,000071
епархия 1,560648 0,000199
ефрона 0,328504 0,000146
жары 2,995732 0,000191
желанию 2,659260 0,000169
железнодорожная 1,309333 0,000083
железнодорожного 0,967584 0,000123
железнодорожное 2,040221 0,000130
железнодорожные 1,272966 0,000081
железнодорожный 0,755023 0,000144
железнодорожным 1,771957 0,000113
железнодорожных 1,469676 0,000374
железное 3,506558 0,000223
железной 0,755023 0,000144
железных 1,832581 0,000233
желтом 3,506558 0,000223
жемчужинам 3,912023 0,000249
женский 1,309333 0,000083
женских 1,966113 0,000125
женщины 1,714798 0,000218
жертв 2,120264 0,000135
живет 2,207275 0,000141
живой 2,207275 0,000141
живописный 3,218876 0,000205
животное 2,302585 0,000147
животные 1,714798 0,000109
животный 1,714798 0,000218
животных 1,203973 0,000307
живут 1,771957 0,000113
жидкий 3,912023 0,000249
жидкое 3,506558 0,000223
жизни 0,562119 0,000573
жизнь 0,693147 0,000088
жили 1,832581 0,000117
жилищно-коммунальному 2,659260 0,000169
жило 3,218876 0,000410
жилых 1,237874 0,000079
жилье 2,120264 0,000135
жителей 0,673345 0,000514
жители 1,049822 0,000134
жителями 1,609438 0,000102
жителях 3,912023 0,000249
жолкевского 3,912023 0,000249
жуковский 2,995732 0,000381
жуковского 2,995732 0,000191
журнал 0,510826 0,000195
журнала 1,427116 0,000182
журнале 2,813411 0,000537
журналов 1,714798 0,000109
забайкальский 2,659260 0,000169
забелин 3,506558 0,000223
заведений 1,203973 0,000307
заведения 1,108663 0,000423
завершена 2,302585 0,000147
завершила 3,218876 0,000205
завершилось 2,302585 0,000147
завещанию 3,912023 0,000249
зависимости 0,798508 0,000152
зависит 1,560648 0,000199
завода 0,941609 0,000120
заводы 1,237874 0,000079
завышает 3,912023 0,000249
заглавная -0,009950 -0,000001
загреб 3,506558 0,000223
загруженности 2,995732 0,000381
загруженными 3,912023 0,000249
загрязнение 1,309333 0,000083
загрязнения 1,203973 0,000307
загрязненности 2,995732 0,000191
загрязненных 2,407946 0,000153
загрязняют 3,218876 0,000205
загрязняющих 1,660731 0,000106
задаваемые 3,218876 0,000205
заимствовано 2,525729 0,000161
зайцев 2,207275 0,000141
зайцева 2,995732 0,000191
зайцы 3,218876 0,000410
закавказских 3,218876 0,000205
закавказья 2,525729 0,000161
заканчивается 2,525729 0,000322
заканчивался 3,912023 0,000249
закарпатской 3,912023 0,000249
заключается 1,897120 0,000121
закон 0,616186 0,000157
закона 1,966113 0,000125
законов 1,660731 0,000106
законодательной 2,813411 0,000179
законодательную 2,659260 0,000169
законодательные 2,525729 0,000161
законодательства 2,407946 0,000153
закону 3,218876 0,000205
закрепленные 3,912023 0,000249
закроют 3,912023 0,000249
закрыт 1,386294 0,000088
закрытие 2,995732 0,000191
закрытия 2,120264 0,000135
зал 1,021651 0,000065
залетающий 3,912023 0,000249
заложения 3,506558 0,000223
заменен 2,813411 0,000179
заменены 2,525729 0,000161
заменить 0,562119 0,000107
замены 2,995732 0,000191
заместилась 3,912023 0,000249
замкнута 3,912023 0,000249
замоскворечье 3,912023 0,000747
замоскворечья 3,912023 0,000249
занеглименье 3,912023 0,000249
занесенных 3,912023 0,000249
занимает 0,616186 0,000196
занимала 2,813411 0,000358
занимательной 3,218876 0,000205
занимательных 2,995732 0,000191
занимают 1,347074 0,000086
заново 1,897120 0,000121
заняла 1,771957 0,000902
заняли 2,207275 0,000281
запада 1,021651 0,000065
западе 1,347074 0,000172
западное 2,207275 0,000281
западной 0,994252 0,000063
западном 1,714798 0,000218
западный 1,560648 0,000298
западных 1,771957 0,000113
западу 1,771957 0,000113
запечатлено 3,912023 0,000249
запечатлены 3,912023 0,000249
записки 1,560648 0,000199
записьвойти -0,009950 -0,000001
запорожская 2,659260 0,000169
запрет 2,207275 0,000141
запрете 3,218876 0,000205
запретят 3,912023 0,000249
запрос 1,514128 0,000193
запуск 2,120264 0,000135
запуска 1,832581 0,000117
запустили 1,897120 0,000242
запустить 2,525729 0,000161
запущен 1,386294 0,000088
запущена 1,714798 0,000327
заработает 3,218876 0,000205
заработала 2,659260 0,000169
заработали 3,506558 0,000223
зарегистрирована 2,040221 0,000130
зарегистрированный -0,009950 -0,000001
зарегистрированным 3,506558 0,000223
зарегистрированных 1,771957 0,000451
зарегистрировано 1,309333 0,000417
зарегистрированы 1,771957 0,000226
заросли 3,506558 0,000223
зарубежные 2,120264 0,000270
зарубежных 1,469676 0,000094
заруцкого 3,912023 0,000249
зарядной 3,912023 0,000249
зарядьев 3,912023 0,000249
засвидетельствованная 3,912023 0,000249
засвидетельствованные 3,912023 0,000249
заседает 3,912023 0,000249
заседании 1,771957 0,000113
заслуги 1,966113 0,000250
застраивалась 3,506558 0,000223
застройка 1,272966 0,000081
застройки 1,021651 0,000065
затем 0,527633 0,000034
затон 1,560648 0,000099
затопленной 3,506558 0,000223
заторов 3,218876 0,000410
затронули 3,506558 0,000223
затруднено 3,218876 0,000205
затруднилисьуказать 3,912023 0,000249
затягивается 3,912023 0,000249
затягиваются 3,912023 0,000249
затяжная 3,506558 0,000223
зафиксирована 2,120264 0,000135
зафиксированная 3,218876 0,000205
зафиксированы 2,302585 0,000147
захвата 2,659260 0,000169
захватчиками 2,659260 0,000339
захвачена 2,407946 0,000153
заходят 3,218876 0,000205
зачале 3,912023 0,000249
защита 1,469676 0,000094
защиты 0,941609 0,000060
защищена 2,040221 0,000130
защищенное 3,506558 0,000223
заявление -0,009950 -0,000001
заяузье 3,912023 0,000249
заяц-беляк 3,506558 0,000223
заяц-русак 3,506558 0,000223
збекча 0,000000 0,000000
звание 1,049822 0,000200
званием 3,218876 0,000205
звания 1,203973 0,000077
звезд 2,040221 0,000130
звезда 1,237874 0,000079
здание 0,776529 0,000346
здании 1,171183 0,000149
зданий 1,049822 0,000134
здания 0,867501 0,000276
здоровью 2,813411 0,000179
здравоохранение 0,941609 0,000120
здравоохранения 1,203973 0,000153
зеленоградский 3,506558 0,000893
зеленые 2,120264 0,000135
зеленый 1,347074 0,000086
зелеными 2,525729 0,000161
зеленых 1,347074 0,000086
земель 1,272966 0,000081
землей 2,302585 0,000147
земли 0,634878 0,000040
землю 1,771957 0,000113
земля 1,139434 0,000145
земляного 3,506558 0,000223
земляной 3,218876 0,000205
земским 3,218876 0,000410
земского 2,995732 0,000191
земщина 2,995732 0,000381
земщину 2,995732 0,000191
зеркале 3,218876 0,000410
зима 1,021651 0,000065
зимнего 1,966113 0,000125
зимой 0,713350 0,000045
зимородок 3,912023 0,000249
зимы 1,609438 0,000205
змиевых 3,912023 0,000249
змия 3,506558 0,000223
знак -0,009950 -0,000001
знаменательные 3,506558 0,000223
знаменитая 2,207275 0,000281
значение 0,314711 0,000040
значением 1,966113 0,000125
значений 1,609438 0,000205
значения 0,105361 0,000074
значениям 3,218876 0,000410
значительная 1,609438 0,000102
значительно 0,510826 0,000065
значительное 1,309333 0,000167
значительные 1,514128 0,000096
значительный 1,347074 0,000172
значительным 2,040221 0,000130
значками 3,912023 0,000249
зож 3,506558 0,000223
золотая 1,560648 0,000099
золотое 2,207275 0,000141
зон 1,309333 0,000250
зона 0,891598 0,000227
зонами 2,407946 0,000153
зонах 2,120264 0,000270
зоне 0,527633 0,000134
зону 1,660731 0,000211
зоны 0,755023 0,000048
зоологический 2,407946 0,000307
зоопарк 1,771957 0,000226
зрения 1,272966 0,000081
зритель 3,218876 0,000205
зюзино 3,912023 0,000249
зябликово 3,912023 0,000249
иван 0,843970 0,000054
ивана 1,078810 0,000206
иване 2,995732 0,000381
иванов 1,560648 0,000099
ивановича 2,040221 0,000130
иваново 1,139434 0,000145
ивановская 2,995732 0,000191
ивановское 3,506558 0,000223
иваном 2,040221 0,000260
иво 3,912023 0,000249
игнорировался 3,912023 0,000249
игорного 3,912023 0,000249
игр 1,609438 0,000307
игражданской 3,912023 0,000249
играли 2,407946 0,000153
играют 2,525729 0,000322
игровых 2,813411 0,000179
игры 1,203973 0,000613
идентификаторы 0,693147 0,000044
идет 1,078810 0,000206
идущих 3,506558 0,000223
иерусалимом 3,912023 0,000249
из-за 0,415515 0,000079
избирались 3,506558 0,000223
избираются 2,407946 0,000153
известен 1,203973 0,000077
известия 1,021651 0,000195
известна 1,897120 0,000121
известная 2,302585 0,000147
известно 1,237874 0,000079
известной 1,966113 0,000250
известностью 3,506558 0,000223
известны 1,309333 0,000167
известные 0,891598 0,000227
известный 0,941609 0,000120
известных 1,171183 0,000075
извилистой 3,912023 0,000249
изгнание 3,506558 0,000223
изготовления 3,506558 0,000223
изготовленное 3,912023 0,000249
изд 0,314711 0,000120
изд-во 1,049822 0,000067
издавалась 3,506558 0,000223
издавна 2,207275 0,000281
издается 2,120264 0,000270
изданный 3,912023 0,000498
издательство 0,510826 0,000098
изделий 1,309333 0,000083
изложения 2,995732 0,000191
излучение 3,218876 0,000205
измайлове 3,912023 0,000249
измайлово 3,912023 0,000747
измайловский 3,912023 0,000498
измайловском 3,912023 0,000498
изменение 1,560648 0,000298
изменению 2,302585 0,000147
изменения 0,562119 0,000107
изменениями 1,427116 0,000091
изменениях 2,407946 0,000153
измененные 3,912023 0,000249
изменилась 2,407946 0,000153
изменился 2,120264 0,000135
изменится 2,407946 0,000153
изменяется 1,771957 0,000113
изнасилований 3,506558 0,000223
износ 2,659260 0,000169
изображение 1,427116 0,000091
изображением 1,966113 0,000125
изображении 1,272966 0,000081
изображениях 3,912023 0,000249
изобразительных 1,771957 0,000226
изучавшие 3,912023 0,000249
иконы 1,347074 0,000086
имеет 0,235722 0,000060
имеется 0,653926 0,000250
имела 1,832581 0,000117
имени 0,462035 0,000235
именительного 3,912023 0,000249
именительный 3,912023 0,000249
именно 0,544727 0,000035
имеют 0,371064 0,000094
имеются 0,843970 0,000161
имеющие 1,714798 0,000109
императора 1,514128 0,000096
императоров 3,912023 0,000249
императорский 2,813411 0,000179
императрицы 1,832581 0,000117
империи 0,733969 0,000187
империя 2,040221 0,000260
импульс 2,813411 0,000179
имя 0,891598 0,000057
иначе 0,733969 0,000187
инвалидам 3,912023 0,000498
инвестиционной 2,302585 0,000293
инвесткафе 3,912023 0,000249
ингушетия 3,218876 0,000205
индейцев 3,218876 0,000205
индекс 0,941609 0,000180
индекса 2,813411 0,000179
индексе 2,995732 0,000381
индексируемых 3,912023 0,000249
индексу 2,659260 0,000169
индексы 1,514128 0,000096
индустриализации 2,120264 0,000135
индустриализация 3,218876 0,000205
инженерной 2,995732 0,000191
инженерным 3,506558 0,000223
инженеров 1,714798 0,000109
инициативе 1,427116 0,000091
инновационного 3,218876 0,000205
инновационной 3,912023 0,000249
инновационный 2,525729 0,000161
иногородние 3,912023 0,000249
иносми 2,995732 0,000191
иностранных 1,203973 0,000153
иностранцев 2,040221 0,000130
институт 0,478036 0,000183
институтами 2,995732 0,000191
институтов 1,560648 0,000099
инструкция 3,218876 0,000205
инструменты -0,009950 -0,000001
интеграции 2,207275 0,000141
интегрированной 3,506558 0,000223
интегрированную 3,912023 0,000249
интегрируют 3,912023 0,000249
интеллектуальной 2,525729 0,000161
интенсивность 2,525729 0,000161
интерактивный 2,813411 0,000179
интервью 1,660731 0,000106
интересных 2,659260 0,000169
интернет 0,916291 0,000117
интернет-портал 1,897120 0,000121
интерфакс 1,832581 0,000583
интурист 3,506558 0,000223
информатики 1,714798 0,000109
информации 0,446287 0,000085
информационное 1,469676 0,000094
информационные 1,203973 0,000153
информация 0,446287 0,000114
информирования 2,813411 0,000358
информировать 3,912023 0,000249
инфраструктура 1,347074 0,000429
инфраструктурных 2,995732 0,000191
инфраструктурой 2,207275 0,000281
инфраструктуры 1,272966 0,001053
иными 2,525729 0,000161
иоанновна 3,506558 0,000223
ипатьевская 3,506558 0,000446
ипатьевской 3,912023 0,000498
ипподром 2,040221 0,000130
иркутская 2,525729 0,000161
ирон 0,000000 0,000000
исаака 3,912023 0,000249
исключая 2,995732 0,000191
исключением 1,347074 0,000257
исконным 3,912023 0,000249
искусств 0,916291 0,000117
искусства 0,733969 0,000140
искусстве 1,609438 0,000102
искусственные 2,995732 0,000191
ислам 1,427116 0,000091
испарения 2,995732 0,000191
исполнительная 2,995732 0,000191
исполнительной 2,407946 0,000153
исполнительную 2,302585 0,000147
исполнительные 2,525729 0,000161
исполнительный 2,040221 0,000130
исполнительными 3,912023 0,000249
использовалось 2,659260 0,000169
использован 2,813411 0,000179
использование 0,891598 0,000057
использованием 1,347074 0,000086
использовании 1,560648 0,000099
использования -0,009950 -0,000001
используемый 2,407946 0,000153
используются 0,916291 0,000058
использующие 0,040822 0,000008
исследование 1,427116 0,000091
исследования 0,733969 0,000234
исследованиям 2,040221 0,000130
исследованиях 2,207275 0,000141
исследователи 1,469676 0,000094
исследовательских 2,995732 0,000191
исследуются 3,506558 0,000223
ист 2,659260 0,000339
истоков 2,407946 0,000153
истории 0,248461 0,000158
историко-культурные 3,912023 0,000249
историко-культурных 3,912023 0,000249
историческая 1,237874 0,000394
исторические 0,941609 0,000120
исторический 0,653926 0,000250
исторических 1,139434 0,000290
исторического 1,049822 0,000267
историю 0,843970 0,000054
история 0,051293 0,000049
источник -0,009950 -0,000003
источниках 1,386294 0,000265
источниквикипедия 2,525729 0,000161
источнике 2,407946 0,000153
источники 0,415515 0,000291
источников 0,371064 0,000165
источниковвикипедия 1,966113 0,000125
источником 1,660731 0,000106
источнику 2,995732 0,000191
истра 3,912023 0,000249
исупов 3,506558 0,000223
исчезающие 3,506558 0,000223
исчислении 0,843970 0,000054
итальянская 1,609438 0,000512
итогам 1,139434 0,000290
итоги 0,713350 0,000091
итого 1,609438 0,000102
итоговая 3,912023 0,000249
иудаизм 1,966113 0,000125
иудеи 2,659260 0,000339
ихновид 3,912023 0,000249
ихнороды 3,912023 0,000249
ихтиозавра 3,912023 0,000249
июл 2,659260 0,000169
июле 0,967584 0,000185
июль 0,579818 0,000148
июля 0,116534 0,000282
июн 2,659260 0,000169
июне 0,967584 0,000062
июне-июле 3,218876 0,000205
июнь 0,544727 0,000069
июня 0,116534 0,000200
кабан 3,218876 0,000410
кабардино-балкария 2,995732 0,000191
кавказа 1,660731 0,000106
кадоль 3,912023 0,000249
каждая 1,560648 0,000099
каждого 1,427116 0,000091
каждом 1,660731 0,000106
каждые 1,832581 0,000350
каждый 0,733969 0,000047
казанского 1,660731 0,000106
казанской 1,469676 0,000094
казань 0,891598 0,000057
казино 3,506558 0,000223
какие 1,897120 0,000121
каких 2,120264 0,000135
календарной 2,995732 0,000191
калининградская 2,995732 0,000191
калите 3,912023 0,000249
калмыкия 2,659260 0,000169
калуга 2,302585 0,000293
калужская 2,813411 0,000179
калужско-нижегородский 3,912023 0,000249
калужской 3,218876 0,000205
калязин 2,040221 0,000130
каменного 1,966113 0,000125
каменной 1,832581 0,000117
каменные 2,040221 0,000130
каменный 1,714798 0,000109
камер 3,506558 0,000223
камеры 2,995732 0,000191
камчатский 2,995732 0,000191
канал 0,843970 0,000161
канала 1,771957 0,000451
каналов 1,427116 0,000182
каналу 2,995732 0,000191
каналы 2,120264 0,000135
капиталовложениями 3,912023 0,000249
капитальным 3,912023 0,000249
капитулировать 3,912023 0,000249
капотня 3,912023 0,000498
караваев 3,912023 0,000249
караула 3,912023 0,000249
караульный 3,912023 0,000249
карачаево-черкесия 3,218876 0,000205
карев 3,912023 0,000249
карелия 2,525729 0,000161
каретный 3,912023 0,000249
карпова 3,506558 0,000223
карта 0,776529 0,000198
картами 0,562119 0,000072
карте 1,108663 0,000071
картина 2,302585 0,000147
картины 2,120264 0,000135
картогр 3,912023 0,000249
картография 2,995732 0,000191
картой 2,995732 0,000381
карточкевикипедия 1,469676 0,000094
карточкивикипедия 1,309333 0,000083
карты 0,941609 0,000180
карусель 1,832581 0,000117
каршеринг 3,218876 0,000820
каршеринга 3,912023 0,001494
каршеринговые 3,912023 0,000498
каршеринговый 3,912023 0,000249
каршерингом 3,912023 0,000249
касимов 2,813411 0,000358
каспийского 1,897120 0,000121
каспийское 1,897120 0,000121
каспийскому 2,813411 0,000179
каталанская 0,527633 0,000034
каталогах 0,094311 0,000006
катанию 2,659260 0,000169
катастрофам 3,912023 0,000249
категории -0,009950 -0,000001
категорий 1,966113 0,000125
католики 2,407946 0,000153
католицизм 2,207275 0,000141
кафедра 2,525729 0,000161
кафедральный 1,021651 0,000065
кафедру 3,218876 0,000205
качества 1,078810 0,000206
качестве 0,478036 0,000030
качество 1,309333 0,000167
качеству 2,407946 0,000766
каширское 3,912023 0,000249
каширском 3,912023 0,000249
кгц 3,506558 0,000446
кемеровская 2,407946 0,000153
керчь 1,966113 0,000125
кидекша 3,506558 0,000223
киев 1,560648 0,000298
киевский 3,218876 0,000205
киевского 3,218876 0,000410
киевщине 3,912023 0,000249
километра 1,897120 0,000121
километров 1,078810 0,000206
киммериджский 3,912023 0,000249
кинозала 2,813411 0,000179
кинозалов 2,525729 0,000161
киностудии 2,659260 0,000169
киностудия 2,302585 0,000147
кинотеатров 1,237874 0,000158
кинотеатры 1,078810 0,000137
кинофестиваль 2,207275 0,000281
кинофильмов 2,995732 0,000191
кинофильмы 3,506558 0,000223
киншасой 3,912023 0,000249
киргизский 3,506558 0,000223
киргизы 1,560648 0,000199
кирилла 1,966113 0,000125
кириллическая 3,912023 0,000249
кириллов 2,659260 0,000169
кировская 2,659260 0,000169
китай-город 3,912023 0,000249
китай-города 3,912023 0,000498
китайская 0,776529 0,000049
китайцах 3,912023 0,000249
китайцы 1,660731 0,000106
кичеджи 3,912023 0,000249
кишинев 2,995732 0,000191
кладбищ 1,966113 0,000250
кладбища 1,560648 0,000397
кладбище 1,347074 0,000172
кладбищем 2,995732 0,000191
классов 1,660731 0,000106
кластеров 3,506558 0,000446
климат 0,494296 0,000346
климата 0,733969 0,000047
климатических 1,966113 0,000250
климатического 2,995732 0,000191
климатическому 3,506558 0,000223
климатологическая 3,218876 0,000410
климатологической 3,218876 0,000205
клименко 2,995732 0,000381
клинических 3,218876 0,000205
клубов 2,040221 0,000520
клубы 1,108663 0,000423
клушинской 3,912023 0,000249
клязьмы 3,912023 0,000249
кмастрахань 3,218876 0,000205
кмбрянск 3,912023 0,000249
кмвеликий 3,912023 0,000249
кмвладивосток 2,813411 0,000179
кмволгоград 2,659260 0,000169
кмдмитров 3,912023 0,000249
кмекатеринбург 2,813411 0,000179
кмк 3,506558 0,000223
кмказань 2,040221 0,000130
кмкалининград 3,218876 0,000205
кмкострома 3,506558 0,000223
кмкраснодар 3,218876 0,000205
кммахачкала 3,218876 0,000205
кммурманск 3,912023 0,000249
кмнижний 2,525729 0,000161
кмновосибирск 2,525729 0,000161
кмомск 2,813411 0,000179
кмпетрозаводск 3,912023 0,000249
кмпсков 3,506558 0,000223
кмпятигорск 3,912023 0,000249
кмростов-на-дону 3,218876 0,000205
кмсамара 2,407946 0,000153
кмсанкт-петербург 2,120264 0,000135
кмсаратов 2,813411 0,000179
кмсмоленск 2,995732 0,000191
кмсочи 2,120264 0,000135
кмтамбов 3,912023 0,000249
кмуфа 2,407946 0,000153
кмхабаровск 2,995732 0,000191
кмчелябинск 2,407946 0,000153
кмярославль 3,506558 0,000223
книг 1,660731 0,000106
книга 0,843970 0,001236
книге 1,309333 0,000083
книги 0,916291 0,000058
книгохранилище 3,506558 0,000223
книгу 1,514128 0,000096
книжки 3,912023 0,000249
княжества 2,120264 0,001080
княжество 2,120264 0,000675
князе 3,218876 0,000410
князем 1,714798 0,000218
князь 1,771957 0,000338
князья 2,813411 0,000179
князя 1,139434 0,000218
коваль 3,912023 0,000249
коваля 3,912023 0,000249
код -0,009950 -0,000001
кодаистория 2,040221 0,000130
кодекс -0,009950 -0,000001
кожевенных 3,506558 0,000223
кожиной 3,912023 0,000249
козодой 3,912023 0,000249
кол-во 3,912023 0,000498
колеблется 2,040221 0,000260
колец 2,813411 0,000179
количества 0,941609 0,000180
количестве 1,714798 0,000109
количество 0,328504 0,000125
количеством 1,514128 0,000193
количеству 1,309333 0,000083
коллекторах 3,506558 0,000223
колодный 3,912023 0,000249
колокольня 2,407946 0,000153
коломенское 3,912023 0,000996
коломенском 3,506558 0,000223
колонная 3,912023 0,000249
колхозница 3,912023 0,000249
кольца 2,120264 0,002564
кольце 2,525729 0,000482
кольцевая 2,659260 0,001354
кольцевой 2,120264 0,001080
кольцо 1,514128 0,001349
кольцом 3,506558 0,000223
кольцу 3,218876 0,000205
колясками 3,506558 0,000223
коми 1,514128 0,000578
комикъарачай-малкъар 0,000000 0,000000
комиссия 1,609438 0,000205
комитет 0,755023 0,000096
комитета 1,203973 0,000077
коммент 3,218876 0,000205
комментарии 1,386294 0,000088
коммерсант 2,207275 0,000141
коммерсантъ 1,139434 0,000073
коммерческими 2,995732 0,000191
коммерческих 1,714798 0,000109
коммунарка 3,912023 0,000249
коммунизма 2,813411 0,000179
коммуникаций 2,207275 0,000141
коммунистического 3,912023 0,000249
компанией 1,514128 0,000096
компании 0,579818 0,000221
компаний 0,967584 0,000062
компания 0,653926 0,000083
комплекс 0,653926 0,000083
комплексе 2,207275 0,000141
комплексов 1,386294 0,000088
комплексы 1,514128 0,000193
композитор 1,966113 0,000125
композиторы 2,813411 0,000179
комсомолец 1,560648 0,000099
комсомольской 1,897120 0,000121
конец 0,798508 0,000102
конкретизациивикипедия 1,714798 0,000109
конкретном 3,912023 0,000249
конкретный 2,659260 0,000169
конкурс 1,832581 0,000117
конно-спортивный 3,506558 0,000223
консалтинговой 3,218876 0,000205
константинов 3,506558 0,000223
конституцией 3,506558 0,000223
конституции 2,120264 0,000135
конституционно-государственный 3,912023 0,000249
конституционного 3,506558 0,000446
конституционный 2,995732 0,000191
конструкции 2,120264 0,000135
конструкция 2,813411 0,000358
конструкциями 3,506558 0,000223
контактной 3,218876 0,000205
контакты 2,659260 0,000169
контейнерный 3,506558 0,000223
континентальный 0,776529 0,000099
контрнаступления 3,506558 0,000223
контролирующих 2,995732 0,000191
контроля 1,560648 0,000099
контрудар 3,912023 0,000249
конфедераций 2,995732 0,000191
конфессии 1,237874 0,000079
конфиденциальности -0,009950 -0,000001
конца 0,562119 0,000215
конце 0,430783 0,000165
концентрируются 3,218876 0,000205
концепции 1,347074 0,000086
концу 0,994252 0,000190
коньково 3,912023 0,000249
коньякского 3,912023 0,000249
координации 2,407946 0,000153
копелев 3,912023 0,000249
копенгаген 3,218876 0,000205
копии 0,653926 0,000167
копия 0,328504 0,000314
копиями 3,912023 0,000249
коптево 3,506558 0,000223
кор 2,525729 0,000161
корейцах 3,912023 0,000249
коренную 3,506558 0,000223
коренных 2,207275 0,000141
корень 2,995732 0,000381
корзинин 3,912023 0,000249
корнем 3,218876 0,000205
корова 3,912023 0,000249
коронации 2,995732 0,000381
коростель 3,912023 0,000249
короткий -0,009950 -0,000001
коротких 3,506558 0,000223
корпус 1,272966 0,000081
корпусом 2,995732 0,000191
корсакова 3,506558 0,000446
кортежей 3,218876 0,000205
косино-ухтомский 3,912023 0,000498
космической 2,120264 0,000405
космонавтика 3,218876 0,000205
кострома 1,171183 0,000075
костромская 3,218876 0,000205
котельники 3,912023 0,000747
котловка 3,912023 0,000498
котляков 2,813411 0,000179
которая 0,287682 0,000018
которого 0,301105 0,000058
которое 0,478036 0,000030
которой 0,174353 0,000055
котором 0,301105 0,000019
которому 0,843970 0,000161
которую 0,867501 0,000055
которые 0,162519 0,000103
который 0,105361 0,000040
которых 0,094311 0,000174
кочетков 3,912023 0,000249
кпрф 2,207275 0,000141
кравец 1,386294 0,000088
кравченко 3,218876 0,000205
краевого 2,120264 0,000270
кражи 2,813411 0,000179
край 0,891598 0,000057
красная 1,108663 0,002047
красногвардейцами 3,506558 0,000223
красного 1,272966 0,000081
красногорске 3,912023 0,000249
краснодар 1,386294 0,000088
краснодарский 2,302585 0,000147
красной 0,967584 0,000185
краснопахорский 3,912023 0,000249
краснопресненской 3,912023 0,000249
красносельский 3,218876 0,000410
красноярск 0,967584 0,000062
красноярска 2,525729 0,000161
красноярский 2,207275 0,000141
красную 2,040221 0,000130
красный 0,941609 0,000060
краткая 0,967584 0,000062
краткий 1,560648 0,000099
кратким 3,506558 0,000223
краткосрочная 3,912023 0,000249
края 0,713350 0,000045
кредитных 2,813411 0,000179
крематория 3,218876 0,000205
кремле 2,525729 0,000643
кремлевский 2,813411 0,000179
кремлевской 2,813411 0,000179
кремлевскую 3,218876 0,000205
кремлем 2,813411 0,000179
кремль 1,714798 0,001419
кремлю 3,218876 0,000205
кремля 1,966113 0,002003
кремниевые 3,912023 0,000249
кренке 3,912023 0,000747
крепости 1,203973 0,000153
крепость 1,078810 0,000137
кривичи 3,506558 0,000223
кризис 1,897120 0,000121
критериям 2,302585 0,000147
кровавые 3,912023 0,000249
кровопролитными 3,506558 0,000223
кровь 3,218876 0,000205
крокус 3,912023 0,000249
кроме 0,235722 0,000060
круглосуточной 3,912023 0,000249
круглосуточном 3,912023 0,000249
круговая 3,506558 0,000223
кругом 2,040221 0,000130
кругосвет 1,560648 0,000099
круизные 2,659260 0,000169
крупная 1,514128 0,000193
крупнейшая 1,347074 0,000257
крупнейшее 2,040221 0,000130
крупнейшей 1,560648 0,000199
крупнейшие 0,776529 0,000148
крупнейший 0,755023 0,000336
крупнейшим 1,203973 0,000077
крупнейших 0,634878 0,000162
крупное 1,897120 0,000121
крупную 3,506558 0,000223
крупные 0,579818 0,000258
крупный 0,798508 0,000356
крупным 1,021651 0,000130
крупных 0,494296 0,000252
крускоп 3,912023 0,000249
кры 3,912023 0,000249
крылатские 3,912023 0,000249
крылатское 3,912023 0,000498
крылатской 3,912023 0,000249
крылатском 3,912023 0,000249
крылья 2,525729 0,000161
крым 1,660731 0,000106
крымский 2,659260 0,000169
крымским 2,995732 0,000191
крымскими 3,506558 0,000223
крытый 2,207275 0,000422
крытых 2,659260 0,000169
крюково 3,506558 0,000446
крюковой 3,912023 0,000498
кубка 1,347074 0,000172
кубок 1,832581 0,000350
кузнецов 1,714798 0,000109
кузьминки 3,912023 0,000249
кузьминский 3,506558 0,000670
кузьминском 3,912023 0,000498
кузьмой 3,912023 0,000249
куйбышев 2,659260 0,000169
куки -0,009950 -0,000001
кулинарных 3,506558 0,000223
кульминации 3,506558 0,000223
культовых 2,302585 0,000293
культур 1,309333 0,000083
культура 0,653926 0,000208
культурно-историческая 3,912023 0,000249
культурно-обозревательный 3,912023 0,000249
культурном 2,120264 0,000135
культурный 1,108663 0,000071
культурным 2,120264 0,000135
культурных 1,347074 0,000086
культуры 0,462035 0,000118
кунцево 3,912023 0,000249
купола 3,218876 0,000205
курантами 3,218876 0,000205
курганская 2,813411 0,000179
куркино 3,506558 0,000223
куропатки 3,218876 0,000205
курская 2,813411 0,000179
курско-рижский 3,912023 0,000249
курского 3,218876 0,000205
курчатова 3,218876 0,000205
курьяновской 3,912023 0,000249
кусково 3,912023 0,000249
кустарника 3,506558 0,000223
кутузовского 3,912023 0,000249
кучке 3,912023 0,000249
кучки 3,912023 0,000249
кучкин 2,995732 0,000381
кучко 3,912023 0,000747
кучков 3,912023 0,000249
кучково 3,912023 0,000249
кхл 2,525729 0,000161
кыргызча 0,000000 0,000000
кырык 1,771957 0,000113
лавочкина 3,912023 0,000249
лагерем 3,506558 0,000223
лагерь 2,120264 0,000135
лаккулезги 0,000000 0,000000
лама 2,995732 0,000191
ларусса 1,078810 0,000069
ласка 3,218876 0,000205
ласки 3,506558 0,000223
ласок 3,912023 0,000249
ласт 3,506558 0,000223
ласточка 2,813411 0,000179
латвия 2,302585 0,000147
латыш 2,813411 0,000358
латышева 3,506558 0,000223
левашов 1,660731 0,000740
левобережный 2,813411 0,000179
левые 2,659260 0,000169
левый 1,309333 0,000083
легкой 1,771957 0,000226
ледовитого 1,832581 0,000117
ледовых 2,995732 0,000191
лекарского 3,912023 0,000249
ленина 0,867501 0,000276
ленинагорода 2,120264 0,000135
ленинград 2,120264 0,000405
ленинграда 2,207275 0,000281
ленинградская 2,659260 0,000169
ленинградский 2,207275 0,000422
ленинградско-казанский 3,912023 0,000249
ленинградского 2,813411 0,000179
ленинградском 3,218876 0,000410
ленинская 2,659260 0,000169
ленком 3,912023 0,000249
лес 1,514128 0,000289
леса 1,021651 0,000065
лесистый 3,912023 0,000249
лесная 1,660731 0,000106
лесной 1,272966 0,000243
лесные 1,560648 0,000099
лесных 2,120264 0,000135
лесопарк 2,302585 0,000879
лесопарках 3,218876 0,000205
лесопарке 3,506558 0,000670
лесостепной 1,966113 0,000125
лестницам 3,912023 0,000249
лесу 2,302585 0,000879
лет 0,223144 0,000256
летием 2,407946 0,000153
летию 1,078810 0,000137
летия 1,108663 0,000212
летней 2,120264 0,000135
летнему 2,813411 0,000179
летние 1,714798 0,000546
летний 1,108663 0,000141
летних 2,120264 0,000540
летняя 2,302585 0,000147
лето 0,891598 0,000057
летом 0,597837 0,000114
летописи 1,609438 0,000307
летописным 3,912023 0,000249
летопись 1,832581 0,000233
летучие 3,218876 0,000205
лефортово 3,912023 0,000498
лжедмитрия 3,218876 0,000410
лиаз 2,659260 0,000169
лианозово 3,912023 0,000249
либо 0,000000 0,000000
ливни 3,506558 0,000223
лиги 1,386294 0,000088
ликвидированы 2,659260 0,000169
лимы 3,912023 0,000249
лингвист 3,218876 0,000205
линии 0,755023 0,000481
линий 1,309333 0,000583
линия 0,891598 0,000624
линк 3,506558 0,000223
липецкая 2,995732 0,000191
липецкого 3,506558 0,000223
липецкой 3,218876 0,000205
липецкую 3,506558 0,000223
лисица 2,813411 0,000358
лисовский 3,218876 0,000205
лиссабон 3,912023 0,000249
лист 1,966113 0,000250
лисянского 3,912023 0,000249
лит 2,302585 0,000293
литва 2,407946 0,000153
литература 0,061875 0,000008
литературного 2,120264 0,000135
литературоведение 3,218876 0,000205
литературы 1,078810 0,000069
литовская 1,309333 0,000083
литовщина 3,912023 0,000249
лифте 3,912023 0,000249
лица 1,272966 0,000081
лицензии -0,009950 -0,000001
личному 3,218876 0,000205
личности 2,207275 0,000141
личных 2,525729 0,000161
лишен 2,525729 0,000161
лишь 0,478036 0,000091
лобное 3,912023 0,000249
лобь 3,912023 0,000249
локомотив 1,771957 0,000226
ломоносова 2,040221 0,000260
ломоносовский 3,506558 0,000223
ломоносовым 3,218876 0,000205
лонгйир 3,912023 0,000249
лондон 3,218876 0,001025
лондону 3,506558 0,000446
лос-анджелес 3,506558 0,000670
лосиного 3,912023 0,000249
лосиноостровский 3,912023 0,000249
лосиноостровском 3,912023 0,000249
лосиный 3,912023 0,001992
лось 3,218876 0,000410
лск 3,912023 0,000249
луг 3,506558 0,000223
луга 1,966113 0,000125
луганская 2,813411 0,000179
лужкове 3,912023 0,000249
лужковский 3,912023 0,000249
лужниках 3,912023 0,000249
лужники 3,912023 0,001743
лужников 3,912023 0,000249
лукойл 2,995732 0,000191
луны 3,218876 0,000205
лунь 3,218876 0,000205
лучшая 2,995732 0,000191
лучшее 3,506558 0,000223
лучшей 3,218876 0,000205
лучшие 1,560648 0,000099
лучший 2,040221 0,000130
лучшим 1,514128 0,000578
лысуха 3,912023 0,000249
льготные 3,218876 0,000205
льський 0,000000 0,000000
льшая 0,000000 0,000000
люберецкой 3,912023 0,000249
люберцы 3,506558 0,000223
люблино 3,912023 0,000249
люблинский 3,912023 0,000249
люблинскую 3,912023 0,000249
любляна 3,506558 0,000223
любовь 2,525729 0,000322
любы 3,912023 0,000249
людей 0,693147 0,000088
людьми 1,609438 0,000205
людям 1,832581 0,000117
люксембург 2,659260 0,000169
люксембурга 3,912023 0,000249
люли 3,912023 0,000498
лютеранство 3,218876 0,000205
ляпунова 3,506558 0,000223
ляув 3,912023 0,000249
мавзолей 3,912023 0,000249
магаданская 2,813411 0,000179
магистралей 2,525729 0,000322
магистрали 1,078810 0,000069
магистраль 1,427116 0,000454
магистралях 3,218876 0,000410
магометане 3,912023 0,000249
мадрид 3,218876 0,000205
мае 0,867501 0,000110
мазовше 3,912023 0,000249
мазовши 3,912023 0,000249
май 0,597837 0,000114
макаров 2,207275 0,000141
македонски 0,000000 0,000000
макс 2,120264 0,000135
максимальная 1,560648 0,000099
максимум 0,733969 0,000187
мал 3,506558 0,000223
малая 1,469676 0,000187
маленкина 3,912023 0,000249
мало 1,427116 0,000091
малого 1,427116 0,000273
малое 1,897120 0,000121
малом 2,995732 0,000191
маломобильные 3,912023 0,000249
малообоснованными 3,912023 0,000249
малый 0,371064 0,000165
малых 1,309333 0,000083
мальтийский 3,912023 0,000249
мамиконян 3,912023 0,000249
манеж 2,207275 0,000141
манежей 3,912023 0,000249
манежной 3,912023 0,000498
манежную 3,912023 0,000249
манилой 3,912023 0,000249
мар 2,120264 0,000135
мариехамн 3,912023 0,000249
марий 2,525729 0,000322
марийское 3,912023 0,000249
мариновали 3,912023 0,000249
марка 0,867501 0,000055
марок 2,813411 0,000358
март 0,616186 0,000078
марта 0,139262 0,000399
марте 0,967584 0,000123
марфино 3,912023 0,000249
маршрут 1,272966 0,000162
маршрута 1,469676 0,000094
маршрутам 2,525729 0,000161
маршрутах 2,525729 0,000161
маршрутной 2,995732 0,000381
маршрутных 2,659260 0,000169
маршрутов 0,967584 0,000308
маршруту 1,832581 0,000117
маршруты 1,272966 0,000324
мары 0,000000 0,000000
марьина 3,912023 0,000498
марьино 3,218876 0,000410
марьиной 3,912023 0,000249
марьинской 3,912023 0,000249
маска 3,218876 0,000615
масса 1,609438 0,000102
массивах 3,912023 0,000249
массивы 1,560648 0,000099
массовой 0,916291 0,000117
массовый 1,832581 0,000117
массой 2,525729 0,000161
масштаба 2,207275 0,000281
масштабе 2,525729 0,000161
масштабное 2,659260 0,000169
масштабную 3,218876 0,000205
матери 1,347074 0,000086
материал -0,009950 -0,000001
материалов 0,755023 0,000048
материалы 0,843970 0,000215
материальная 3,218876 0,000205
матушкино 3,912023 0,000249
матч 1,347074 0,000172
матчей 2,407946 0,000613
матчи 1,832581 0,000233
махрова 3,912023 0,000249
машин 1,139434 0,000363
машиностроения 1,469676 0,000094
машиностроительного 2,813411 0,000179
мая 0,139262 0,000337
маяковская 3,912023 0,000249
мвд 1,309333 0,000167
мгту 3,506558 0,000223
мгу 2,120264 0,000540
мгц 1,897120 0,000242
мегаполис 2,302585 0,000440
мегаполиса 3,912023 0,000498
мегаполисом 2,995732 0,000572
мегаспорт 3,912023 0,000249
мегафон 1,237874 0,000079
мегафону 3,506558 0,000223
медали 2,302585 0,000147
медведково 3,912023 0,000498
медведь 2,207275 0,000141
медведя 2,659260 0,000169
медиа 1,966113 0,000125
медиа-гранд 3,912023 0,000249
медиафайлы 0,301105 0,000019
медицинских 1,427116 0,000091
медицинского 1,714798 0,000109
медицину 3,506558 0,000223
медицины 1,514128 0,000096
медный 3,218876 0,000205
медным 3,912023 0,000249
междоусобной 3,912023 0,000249
международная 1,309333 0,000167
международно-признанных 3,218876 0,000205
международного 0,733969 0,000093
международное 1,714798 0,000109
международной 1,203973 0,000153
международные 0,941609 0,000120
международный 0,713350 0,000272
международных 0,967584 0,000185
междуречье 2,407946 0,000307
мелкие 1,966113 0,000125
мелового 3,506558 0,000223
мельбурн 3,912023 0,000249
мемориальное 3,912023 0,000249
менее 0,314711 0,000040
меньше 0,755023 0,000048
меньшей 2,207275 0,000141
менялся 3,912023 0,000249
мере 1,272966 0,000081
мероприятий 1,514128 0,000482
мероприятия 1,272966 0,000243
мертвой 3,912023 0,000249
меры 2,207275 0,000281
меря 3,506558 0,000223
мерянского 3,912023 0,000249
мест 0,713350 0,000272
места 0,579818 0,000185
местами 1,427116 0,000091
местах 1,049822 0,000200
месте 0,544727 0,000208
местного 0,941609 0,000240
место 0,371064 0,000520
местом 1,049822 0,000067
месяц 1,272966 0,000162
месяца 1,347074 0,000086
месяцам 2,659260 0,000169
месяцев 1,171183 0,000224
месяцевикипедия 0,776529 0,000049
месяцем 2,813411 0,000358
месячные 2,995732 0,000191
металлических 1,966113 0,000125
металлургии 2,040221 0,000130
метательная 3,912023 0,000249
метеовеб 3,912023 0,000249
метеонаблюдений 3,506558 0,000446
метеорологическая 2,995732 0,000381
метеорологической 3,506558 0,000223
метеостанции 2,995732 0,000954
метеостанция 2,813411 0,000179
метисов 3,912023 0,000249
методологические 3,218876 0,000205
методом 2,407946 0,000153
метро 1,272966 0,001945
метрогородок 3,912023 0,000249
метрополитен 1,966113 0,001752
метрополитена 1,660731 0,000740
метрополитене 3,218876 0,001434
метрополитенов 2,813411 0,000179
метрополитеном 3,506558 0,000670
мефодия 1,966113 0,000125
механических 2,659260 0,000169
мехико 3,912023 0,000249
меценат 2,813411 0,000179
меценатом 3,506558 0,000223
мечеть 1,078810 0,000069
мечетях 3,912023 0,000249
мечка 3,912023 0,000249
мечты 2,813411 0,000537
мещанская 3,912023 0,000249
мещанский 3,912023 0,000498
мещерской 3,506558 0,000223
мжд 3,912023 0,000249
миг 2,995732 0,000381
мигрантов 2,995732 0,000954
мигранты 3,506558 0,000223
миграции 1,660731 0,000211
миграционного 2,813411 0,000358
миграционной 3,912023 0,000249
миграционном 3,912023 0,000249
миграционный 2,207275 0,000141
миграция 2,120264 0,000270
микроэлектроника 3,912023 0,000249
миллиардеров 3,912023 0,000249
миллиардов 2,302585 0,000147
миллион 2,207275 0,000141
миллиона 1,386294 0,000441
миллионной 3,506558 0,000223
миллионов 1,078810 0,000206
минерального 3,912023 0,000249
мини-футбольные 3,912023 0,000498
минимум 0,693147 0,000176
минину 3,506558 0,000223
мининым 3,912023 0,000249
министерства 0,891598 0,000227
министерством 1,609438 0,000102
минск 1,714798 0,000327
минской 3,912023 0,000249
минут 1,386294 0,000176
минуту 2,995732 0,000191
мир 0,342490 0,000044
мира 0,415515 0,000688
мире 0,494296 0,000315
мировая 1,897120 0,000121
мирового 1,609438 0,000307
мировой 0,733969 0,000234
мировом 2,659260 0,000169
мировые 2,407946 0,000307
мировым 2,659260 0,000169
мировых 1,560648 0,000099
миронов 2,995732 0,000191
миронова 3,506558 0,000223
митино 3,506558 0,000223
митинский 3,912023 0,000249
митинского 3,912023 0,000249
митрополит 2,207275 0,000281
митрополичью 3,912023 0,000249
михаил 0,916291 0,000058
михаила 1,171183 0,000075
михаилом 2,813411 0,000179
мишлен 3,912023 0,000249
мкад 2,407946 0,002146
мкртчян 3,912023 0,000249
младшему 3,912023 0,000249
млекопитающих 1,966113 0,000250
млн 0,462035 0,000147
млрд 0,820981 0,000418
ммдц 3,912023 0,000498
мневники 3,912023 0,000249
мневниковской 3,912023 0,000249
мнение 1,427116 0,000091
мнению 0,967584 0,000370
многие 0,356675 0,000250
многих 0,494296 0,000094
многодетным 3,912023 0,000249
многокилометровые 3,506558 0,000223
многолетней 2,995732 0,000191
многочисленные 1,139434 0,000145
многоэтажные 2,813411 0,000179
многоэтажных 2,525729 0,000161
множества 2,120264 0,000270
множественном 3,912023 0,000249
множество 0,597837 0,000228
мнпз 3,912023 0,000249
мобильная -0,009950 -0,000001
мобильности 2,995732 0,000572
мог 1,609438 0,000307
могилы 2,120264 0,000135
могли 1,514128 0,000096
могут -0,009950 -0,000004
модели 1,171183 0,000075
модель 1,469676 0,000187
модернизация 2,525729 0,000161
модин 3,912023 0,000249
модуль 0,941609 0,000060
можайский 3,912023 0,000249
можайское 3,912023 0,000249
можете 0,653926 0,000125
мозгава 3,912023 0,000249
мои 2,659260 0,000169
мойку 3,912023 0,000249
мокрое 3,218876 0,000205
мокшень 0,000000 0,000000
молдаване 1,714798 0,000218
молдовы 2,995732 0,000191
молжаниновский 3,912023 0,000249
молитвенных 3,912023 0,000249
моллюска 3,912023 0,000249
молодежи 1,469676 0,000094
молодого 2,525729 0,000161
молодые 3,506558 0,000223
мом 3,912023 0,000249
момент 0,597837 0,000114
момента 1,469676 0,000281
монако 3,218876 0,000205
монастырей 2,120264 0,000405
монастырь 1,139434 0,000290
монгол 0,000000 0,000000
монголо-татарского 3,912023 0,000249
монголы 1,897120 0,000121
монет 2,040221 0,000130
мониторинг 1,832581 0,000117
мониторинга 1,714798 0,000218
мониторы 3,912023 0,000249
монорельс 3,506558 0,000670
монорельсовая 3,912023 0,000498
монреаль 3,912023 0,000249
моральное 3,506558 0,000223
мордва 1,309333 0,000167
мордовия 2,302585 0,000147
море 1,049822 0,000401
морей 1,832581 0,000117
морейгород 3,912023 0,000249
морзе 3,912023 0,000249
морозов 2,207275 0,000141
морозова 2,525729 0,000322
морю 1,966113 0,000250
моря 0,579818 0,000037
морями 2,040221 0,000130
мосгоризбирком 3,912023 0,000249
моск 2,302585 0,000147
моска 3,912023 0,000249
москава 3,912023 0,000249
москва 0,400478 0,004563
москва-град 3,912023 0,000249
москва-река 3,506558 0,000670
москва-сити 3,912023 0,001743
москвамосква 3,912023 0,000249
москвариум 3,912023 0,000498
москвастатистика 0,000000 0,000000
москве 1,171183 0,014389
москве-реке 3,506558 0,000670
москви 0,000000 0,000000
москвитя 0,000000 0,000000
москвич 2,659260 0,000169
москвичей 3,912023 0,001743
москвичи 3,506558 0,001563
москвичка 3,912023 0,000249
москвички 3,912023 0,000249
москвоведение 3,912023 0,000498
москвой 1,237874 0,000236
москворецкий 3,912023 0,000249
москворецко-окской 3,912023 0,000249
москворечье-сабурово 3,912023 0,000249
москву 1,139434 0,001886
москвы 0,653926 0,011697
москвы-реки 3,912023 0,000498
москвыранняя 3,912023 0,000249
московец 3,912023 0,000498
московии 3,506558 0,000223
московица 3,912023 0,000249
московка 3,506558 0,000223
московки 3,912023 0,000249
московская 1,609438 0,001639
московские 2,407946 0,000766
московский 0,891598 0,002441
московским 1,832581 0,000233
московских 2,040221 0,000909
московского 0,867501 0,000939
московское 1,347074 0,001458
московской 1,237874 0,002049
московском 2,120264 0,001485
московскому 2,207275 0,000141
московъ 3,912023 0,000498
московь 3,912023 0,000249
москомархитектура 3,912023 0,000498
москъвь 3,912023 0,000249
москы 3,912023 0,000249
мосстат 3,912023 0,000249
моста 1,139434 0,000073
мостов 1,560648 0,000199
мостовая 3,506558 0,000223
мосты 1,427116 0,000273
мосфильм 2,995732 0,000191
моторного 3,506558 0,000223
мотоциклам 3,912023 0,000249
мошенничества 2,813411 0,000179
мощная 2,813411 0,000179
мощный 2,207275 0,000141
мса 3,912023 0,000249
мск 0,843970 0,000107
мср 3,912023 0,000249
мтс 1,237874 0,000079
муж 2,995732 0,000191
мужество 2,120264 0,000270
мужских 2,995732 0,000191
мужской 1,560648 0,000099
мужчины 1,832581 0,000233
музеев 1,309333 0,000417
музеи 0,820981 0,000157
музеи-заповедники 3,506558 0,000223
музей 0,776529 0,000593
музейный 2,207275 0,000141
музейными 3,218876 0,000205
музейных 2,995732 0,000191
музеон 3,912023 0,000249
музея 1,021651 0,000065
музыкально-поэтическое 3,506558 0,000223
мультикомплексы 3,912023 0,000249
мумбаи 3,912023 0,000249
муниципалитеты 3,912023 0,000249
муниципального 0,891598 0,000057
муниципальные 1,309333 0,000250
муниципальный 1,386294 0,000088
муниципальным 0,776529 0,000049
муниципальных 0,776529 0,000148
мурманск 2,207275 0,000141
мурманская 2,813411 0,000179
муром 2,659260 0,000169
мурома 3,912023 0,000249
муста 3,912023 0,000498
мусульмане 1,714798 0,000109
мфа 2,995732 0,000191
мхт 3,506558 0,000223
мцд 3,912023 0,000996
мценск 3,218876 0,000205
мцк 3,912023 0,001245
мысль 1,897120 0,000121
мыть 3,912023 0,000498
мыши 2,525729 0,000161
мышовка 3,912023 0,000249
мэр 1,347074 0,000257
мэра 1,347074 0,001715
мэре 3,912023 0,000249
мэрия 1,897120 0,000121
мэром 1,714798 0,000218
мюнхен 3,912023 0,000249
мякинино 3,912023 0,000498
мяч 3,506558 0,000223
мячин 3,912023 0,000249
набережная 1,139434 0,000073
набережной 1,272966 0,000162
набережную 2,407946 0,000153
наблюдается 1,021651 0,000130
наблюдений 1,386294 0,000176
наблюдениям 3,912023 0,000498
набрал 3,218876 0,000205
навигации -0,009950 -0,000002
навигация -0,009950 -0,000001
нависающей 3,912023 0,000249
навсегда 2,813411 0,000179
нагатино-садовники 3,912023 0,000249
нагатинский 3,912023 0,000249
нагатинской 3,912023 0,000249
нагорный 2,813411 0,000179
наград 2,525729 0,000161
награда 2,525729 0,000161
награды 0,867501 0,000166
награжденные 1,021651 0,000130
надва 3,912023 0,000249
наделенном 3,912023 0,000249
надзору 2,207275 0,000141
надпись 2,207275 0,000141
наемниками 3,912023 0,000249
нажмите 3,912023 0,000249
назвал 1,660731 0,000106
назван 1,078810 0,000137
название 0,198451 0,000189
названием 0,820981 0,000052
названии 1,771957 0,000226
названий 1,078810 0,000206
названия 0,342490 0,000305
названы 1,386294 0,000088
наземного 2,525729 0,000804
наземном 3,506558 0,000446
наземный 3,218876 0,000410
назначался 2,995732 0,000191
назначение 2,525729 0,000161
называемая 2,120264 0,000135
называемым 3,218876 0,000205
называется 0,916291 0,000058
наиболее 0,139262 0,000035
наивысшая 2,995732 0,000191
наивысший 3,506558 0,000223
наименований 1,832581 0,000233
наименования 2,207275 0,000141
найден 2,525729 0,000161
найденной 3,912023 0,000249
найдены 1,714798 0,000218
найти 1,771957 0,000113
накануне 2,302585 0,000147
наличия 2,525729 0,000161
налоговой 2,995732 0,000191
налоговых 2,995732 0,000191
намерены 2,525729 0,000161
нами -0,009950 -0,000001
нанесение 3,912023 0,000249
нанести 3,218876 0,000205
наноматериалы 3,912023 0,000249
наоборот 1,832581 0,000117
нападающим 3,912023 0,000249
нападения 3,218876 0,000205
наполеона 3,506558 0,000223
направление 1,203973 0,000077
направлений 1,108663 0,000212
направлению 2,040221 0,000130
направления 0,755023 0,000048
направлениями 2,525729 0,000322
направлениях 1,832581 0,000117
направленности 2,207275 0,000141
направо 1,560648 0,000298
например 0,328504 0,000146
нара 3,912023 0,000249
нарекались 3,912023 0,000249
наркотиков 2,995732 0,000191
народа 1,714798 0,000109
народная 0,713350 0,000136
народного 1,171183 0,000075
народное 0,798508 0,000051
народность 2,995732 0,000191
народный 1,469676 0,000094
народных 1,203973 0,000077
нарочницкий 3,912023 0,000249
нарушение 2,813411 0,000179
нарушений 3,506558 0,000223
нарушениями 2,995732 0,000191
нарышкинское 3,506558 0,000223
наряду 1,078810 0,000069
насаждений 1,660731 0,000106
насаждения 2,407946 0,000153
население 0,693147 0,000574
населении 3,218876 0,000205
населению 1,832581 0,000350
населения 0,494296 0,001164
населениягод 0,000000 0,000000
населенный 1,609438 0,000102
населенными 1,966113 0,000125
населенных 0,693147 0,000221
наследия 0,820981 0,000209
настоящее 0,328504 0,000063
настоящей 3,218876 0,000410
наступает 0,916291 0,000117
наступление 2,120264 0,000135
насчитывает 1,347074 0,000172
насчитывается 1,427116 0,000636
насчитывалось 1,347074 0,000343
насчитывающего 3,912023 0,000249
насыпных 3,912023 0,000249
наталия 2,302585 0,000147
наталья 1,660731 0,000106
наугольных 3,912023 0,000249
наук 0,693147 0,000353
наука 0,301105 0,000268
науки 0,820981 0,000157
науч 1,714798 0,000109
научная 0,798508 0,000102
научно-исследовательскими 3,218876 0,000205
научно-исследовательских 1,714798 0,000109
научно-технологических 3,912023 0,000498
научного 1,309333 0,000083
научное 0,891598 0,000057
научные 1,049822 0,000134
научный 0,941609 0,000060
научных 0,776529 0,000198
находилась 1,514128 0,000096
находился 0,776529 0,000049
находит 2,207275 0,000141
находится 0,328504 0,000439
находясь 2,302585 0,000147
находятся 0,527633 0,000336
находящихся 2,207275 0,000141
национал-социалистического 3,912023 0,000249
национального 1,469676 0,000468
национальном 2,659260 0,000169
национальности 0,867501 0,000055
национальность 1,237874 0,000079
национальную 2,040221 0,000130
национальный 0,597837 0,000266
национальным 2,659260 0,000169
национальных 1,832581 0,000117
начал 0,798508 0,000102
начала 0,314711 0,000180
началась 0,967584 0,000185
начале 0,314711 0,000260
начали 0,891598 0,000227
начались 1,660731 0,000106
начало 0,415515 0,000159
началом 1,171183 0,000224
началось 0,616186 0,000235
начался 1,347074 0,000086
началу 1,171183 0,000075
начинает 1,771957 0,000113
начиная 0,733969 0,000140
начнет 2,207275 0,000141
наш 1,609438 0,000102
наше 1,609438 0,000102
нашествие 2,995732 0,000381
нашествия 2,813411 0,000179
небольшой 1,427116 0,000091
небом 2,040221 0,000260
невского 1,427116 0,000091
неглинная 3,912023 0,000249
неглинной 3,912023 0,000249
негосударственных 1,966113 0,000125
недалеко 1,469676 0,000094
недвижимость 2,525729 0,000161
недорогой 3,912023 0,000249
недостатков 0,653926 0,000042
недостаточно 2,207275 0,000141
недостаточного 3,506558 0,000223
недоступная 0,527633 0,000034
недоступные 0,755023 0,000048
независимая 1,966113 0,000125
независимыми 2,659260 0,000169
незаконный 2,995732 0,000191
незарегистрированных 3,912023 0,000249
неизвестно 2,659260 0,000169
неизвестного 2,813411 0,000179
некоммерческой -0,009950 -0,000001
некорректный 2,120264 0,000135
некоторые 0,301105 0,000134
некоторым 1,966113 0,000125
некоторых 0,494296 0,000157
некрасовка 3,912023 0,000498
некрополь 2,207275 0,000141
нелегальное 3,912023 0,000249
нелегальной 3,912023 0,000249
нелегальных 2,995732 0,000191
нем 0,356675 0,000045
немецкая 1,966113 0,000250
немецкие 1,966113 0,000250
немецкими 2,407946 0,000153
немецко-фашистскими 2,525729 0,000161
немецкой 1,897120 0,000121
немногих 2,120264 0,000135
немного 1,714798 0,000109
нему 1,203973 0,000077
ненецкий 2,813411 0,000179
необходимая 3,506558 0,000223
необходимости 1,660731 0,000211
неолита 2,995732 0,000191
неофициальное 2,120264 0,000135
непоследовательность 3,912023 0,000249
непосредственно 0,478036 0,000152
неправильную 3,506558 0,000223
непрерывно 2,120264 0,000135
непродолжительные 3,506558 0,000223
нередким 3,912023 0,000249
нередко 1,108663 0,000141
нерехта 3,506558 0,000223
нерешенной 3,218876 0,000205
нерешенным 3,912023 0,000249
нерознак 3,912023 0,000498
несколькими 1,660731 0,000106
нескольких 0,755023 0,000144
несколько 0,150823 0,000106
нескучный 3,912023 0,000249
неславянские 3,912023 0,000249
несмотря 0,755023 0,000048
несостоятельность 3,506558 0,000223
нетопырь 3,506558 0,000223
неудачными 3,506558 0,000223
неудачу 3,218876 0,000205
неуйминым 2,813411 0,000179
нефтеперерабатывающего 3,506558 0,000223
нечто 3,506558 0,000223
нештатной 3,912023 0,000249
нидерландская 3,218876 0,000205
ниже 0,693147 0,000088
нижегородская 2,302585 0,000147
нижегородский 2,813411 0,000179
нижнего 1,514128 0,000096
нижней 1,514128 0,000096
нижний 0,673345 0,000043
низкая 1,660731 0,000317
низкий 2,040221 0,000130
низкопольными 3,912023 0,000249
низменности 1,897120 0,000121
николаевский 2,525729 0,000161
николаевской 3,506558 0,000223
николая 0,916291 0,000058
николо-архангельский 3,912023 0,000249
николо-архангельским 3,912023 0,000249
никольская 2,525729 0,000161
ними 1,049822 0,000067
нин 0,000000 0,000000
ниу 2,407946 0,000153
нищенка 3,912023 0,000249
нка 0,000000 0,000000
новая 0,634878 0,000485
новгород 0,867501 0,000166
новгород-северским 3,912023 0,000249
новгорода 2,040221 0,000390
новгородская 2,813411 0,000179
новгородских 3,506558 0,000223
новгородской 2,407946 0,000153
ново-переделкино 3,912023 0,000249
новогиреево 3,912023 0,000498
нового 0,579818 0,000258
новодевичий 3,218876 0,000615
новое 0,755023 0,000096
новокосино 3,912023 0,000249
новомосковский 3,506558 0,001116
новомосковского 3,506558 0,000223
новороссийск 1,966113 0,000125
новосибирск 0,916291 0,000058
новосибирская 2,659260 0,000169
новости 0,579818 0,000332
новость 2,659260 0,000169
новую 1,171183 0,000075
новые 0,342490 0,000174
новый 0,446287 0,000142
новым 1,049822 0,000067
новых 0,430783 0,000219
номер 0,820981 0,000052
номером 3,218876 0,000205
номинации 2,207275 0,000141
норвежская 0,248461 0,000016
норка 2,995732 0,000191
норм 2,207275 0,000281
норма 0,798508 0,000254
нормативным 3,506558 0,000223
нормативными 3,912023 0,000249
нормой 3,912023 0,000249
носила 2,407946 0,000153
носили 2,659260 0,000169
носят 2,302585 0,000147
нохчийн 0,000000 0,000000
ночное 3,912023 0,000249
ночной 2,525729 0,000161
ночных 3,218876 0,000205
ночь 1,514128 0,000096
ночью 2,207275 0,000281
ноя 2,659260 0,000169
нояб 0,820981 0,000105
ноябре 0,994252 0,000190
ноябрь 1,171183 0,000149
ноября 0,127833 0,000423
нпз 2,659260 0,000169
нська 0,000000 0,000000
нуждаются 2,659260 0,000169
нужно 1,049822 0,000134
нулевого 2,659260 0,000169
нулевые 3,912023 0,000249
ныне 0,653926 0,000042
нынешний 2,040221 0,000130
ньскъ 0,000000 0,000000
нью-йорке 3,218876 0,000205
нью-йорку 3,912023 0,000249
оба 1,386294 0,000176
обеспечения 0,867501 0,000166
обеспечивают 1,514128 0,000096
обзор 1,171183 0,000075
обитает 2,207275 0,000422
обитание 3,912023 0,000249
обитают 2,040221 0,000130
обладают 2,040221 0,000130
обладающих 2,407946 0,000153
областей 1,049822 0,000067
области 0,223144 0,000284
областного 1,108663 0,000141
область 0,385662 0,000049
областями 2,659260 0,000169
облик 1,272966 0,000081
облика 2,659260 0,000169
обмывать 3,912023 0,000249
обнажаются 3,912023 0,000249
обнаружено 2,207275 0,000141
обнаружены 1,771957 0,000113
обнаружил 3,912023 0,000249
обновление 2,120264 0,000135
обновлению 3,218876 0,000205
обновленные 3,912023 0,000249
обновляется 2,659260 0,000169
обогнал 2,659260 0,000169
обозначалась 3,506558 0,000223
обозначение 2,995732 0,000381
обозначены 3,218876 0,000205
обоих 1,469676 0,000094
оборона 2,120264 0,000270
оборонительные 2,525729 0,000161
оборонительных 2,813411 0,000179
оборот 1,309333 0,000417
оборудования 1,049822 0,000067
оборудовано 3,218876 0,000205
обосновавшегося 3,912023 0,000249
обочин 3,912023 0,000249
обошлись 3,506558 0,000223
образец 2,659260 0,000169
образовались 2,659260 0,000169
образована 1,427116 0,000091
образование 0,494296 0,000157
образованием 1,966113 0,000125
образовании 1,832581 0,000233
образований 1,386294 0,000088
образования 0,478036 0,000213
образованиям 0,776529 0,000049
образованы 2,040221 0,000260
образовательные 1,714798 0,000109
образовательных 1,427116 0,000182
образом 0,371064 0,000142
образуемая 3,912023 0,000249
образуется 1,966113 0,000125
обратно 1,714798 0,000109
обратной 2,407946 0,000153
обращения 0,030459 0,000440
обручевский 3,912023 0,000249
обрушился 3,506558 0,000223
обсерватории 2,207275 0,000141
обсерватория 2,659260 0,000169
обслуживавших 3,912023 0,000249
обслуживает 1,771957 0,000113
обслуживания 1,469676 0,000094
обслуживают 2,659260 0,000169
обсуждался 3,218876 0,000205
обсуждены 3,912023 0,000249
обучающихся 2,995732 0,000191
обучение 1,714798 0,000109
общая 0,673345 0,000171
общегородские 3,218876 0,000205
общедоступных 2,813411 0,000179
общее 1,237874 0,000236
общей 0,597837 0,000114
общеобразовательные 2,207275 0,000141
общеобразовательных 1,203973 0,000153
общепризнанным 3,912023 0,000249
общероссийском 2,995732 0,000191
общерусского 3,506558 0,000223
общества 0,776529 0,000049
общественного 0,916291 0,000408
общественной 1,832581 0,000233
общественном 1,897120 0,000121
общественный 0,941609 0,000180
общественным 2,302585 0,000147
общественных 1,021651 0,000065
общество 0,713350 0,000091
общеупотребительное 3,912023 0,000249
общий 0,916291 0,000175
общих 1,771957 0,000113
объединение 1,171183 0,000075
объединений 2,040221 0,001299
объединению 2,525729 0,000161
объединения 1,203973 0,000230
объединенные 2,302585 0,000147
объединились 3,506558 0,000223
объединяющих 3,506558 0,000223
объектам 2,659260 0,000169
объектов 0,527633 0,000134
объем 0,616186 0,000235
объема 1,237874 0,000079
объемов 2,407946 0,000153
объему 1,771957 0,000113
объяснение 2,407946 0,000153
объяснения 2,207275 0,000141
объясняется 1,771957 0,000226
обыкновенная 2,525729 0,000322
обыкновенный 2,995732 0,000763
оврагов 2,659260 0,000169
огарей 3,912023 0,000249
огари 3,912023 0,000249
огонек 3,506558 0,000223
ограничении 3,506558 0,000223
ограничениями 2,995732 0,000191
ограничениях 3,218876 0,000205
ограниченными 2,040221 0,000130
ограничено 3,218876 0,000205
огромное 1,966113 0,000125
огромные 2,302585 0,000147
одержали 3,506558 0,000223
одесса 2,207275 0,000141
одинаковых 2,995732 0,000191
одиннадцати 3,218876 0,000205
одна 0,527633 0,000067
однако 0,174353 0,000111
одним 0,494296 0,000094
одновременно 0,776529 0,000148
одноименной 2,207275 0,000141
одной 0,371064 0,000047
одноклассники 2,525729 0,000161
однопутных 3,912023 0,000249
одобрил 2,995732 0,000191
ожегова 3,912023 0,000249
ожидаемый 3,912023 0,000249
озелененных 3,218876 0,000205
озер 1,609438 0,000205
озера 0,967584 0,000246
озерная 3,506558 0,000223
озеро 1,049822 0,000067
ознаменовалась 3,506558 0,000223
ознаменовалось 2,813411 0,000179
ознаменование 2,407946 0,000307
ойконима 3,912023 0,000747
ока 2,995732 0,000191
окажет 3,506558 0,000223
оказалась 1,771957 0,000226
оказалось 2,120264 0,000135
оказался 1,832581 0,000117
оказания 2,659260 0,000169
оказано 2,813411 0,000179
окаменелости 3,912023 0,000747
окато 0,820981 0,000052
океанариум 2,525729 0,000161
океанов 2,040221 0,000130
оки 2,813411 0,000537
оккупация 3,218876 0,000410
окликни 3,912023 0,000249
около 0,000000 0,000000
оконечности 2,302585 0,000147
окончания 1,714798 0,000218
окончательно 1,203973 0,000077
окраинами 3,506558 0,000223
окраины 2,302585 0,000293
окрестностях 1,469676 0,000187
окрестные 2,995732 0,000191
округ 0,673345 0,000214
округа 0,653926 0,000458
округами 2,659260 0,000169
округов 0,776529 0,000346
округом 2,302585 0,000147
окружают 2,995732 0,000191
окружен 2,407946 0,000153
окруженное 3,912023 0,000249
окружной 2,207275 0,000141
окружные 3,506558 0,000223
окт 0,798508 0,000152
октмо 0,843970 0,000054
октябре 0,967584 0,000123
октябрь 0,867501 0,000055
октябрьское 2,659260 0,000169
октябрьской 1,078810 0,000275
октября 0,083382 0,000350
олег 1,427116 0,000091
олени 3,218876 0,000205
олимпиадмосквагорода 3,912023 0,000249
олимпийские 2,659260 0,000677
олимпийский 2,120264 0,000405
олимпийских 1,897120 0,000242
олык 0,000000 0,000000
ольга 1,427116 0,000091
ольговичем 3,912023 0,000249
омск 1,021651 0,000065
омская 2,407946 0,000153
онлайн 0,198451 0,000013
онлайн-версия 3,912023 0,000249
онлайн-информирования 3,912023 0,000498
оно 0,000000 0,000000
ономастики 3,506558 0,000223
оон 1,560648 0,000894
опасности 2,525729 0,000161
оператор 1,609438 0,000102
оператора 1,966113 0,000250
операторов 1,347074 0,000257
операторы 1,514128 0,000193
опираются 3,218876 0,000205
описание -0,009950 -0,000001
описанием 2,813411 0,000179
оплатить 3,506558 0,000670
оплатой 3,912023 0,000249
оплаты 1,966113 0,000375
ополчение 2,302585 0,000147
ополчением 3,218876 0,000205
ополчения 2,207275 0,000141
опорная 2,813411 0,000179
опорно-двигательного 3,912023 0,000249
опорной 2,659260 0,000339
определении 2,407946 0,000153
определению 2,813411 0,000179
определения 1,560648 0,000099
определенной 1,832581 0,000117
определил 2,407946 0,000153
определяются 2,302585 0,000147
опричнину 2,995732 0,000191
оптико 3,912023 0,000249
оптимизации 2,813411 0,000179
оптовой 2,407946 0,000460
опубликовано 2,525729 0,000482
опускается 2,040221 0,000130
орган 1,203973 0,000383
органами 2,120264 0,000405
органах 2,659260 0,000169
организации -0,009950 -0,000006
организаций 0,776529 0,000643
организацию 2,207275 0,000281
организация 0,891598 0,000397
организмов 2,659260 0,000169
организована 2,207275 0,000281
организованные 3,218876 0,000205
организованный 2,525729 0,000161
организовано 2,040221 0,000390
организовать 3,218876 0,000205
организовывались 3,506558 0,000223
органично 3,912023 0,000249
органов 0,994252 0,000127
органы 0,891598 0,000341
орден 1,966113 0,000250
ордена 1,714798 0,000109
орденом 1,021651 0,000130
оренбургская 2,040221 0,000130
орехово-борисово 3,912023 0,000498
орешниковая 3,912023 0,000498
оригинала 0,162519 0,000424
орлова 2,995732 0,000191
орловская 2,995732 0,000191
орлом 3,506558 0,000223
ортса 0,000000 0,000000
орудия 2,995732 0,000191
оружия 1,560648 0,000099
осада 2,407946 0,001226
осаде 2,995732 0,000191
осадков 0,544727 0,000243
осадное 3,912023 0,000498
освободили 3,218876 0,000205
освободить 3,506558 0,000223
освобождение 2,525729 0,000161
осень 1,469676 0,000094
осень-зима 3,912023 0,000249
осенью 1,309333 0,000083
осетины 1,771957 0,000226
осетия 2,659260 0,000169
осипов 0,527633 0,000101
осиповича 3,912023 0,000249
осло 3,218876 0,000205
оснастить 3,912023 0,000249
оснащены 3,506558 0,000223
основа 1,832581 0,000117
основан 0,579818 0,000111
основание 1,272966 0,000243
основании 1,427116 0,000091
основанную 3,218876 0,000205
основанные 0,776529 0,000099
основе 0,494296 0,000031
основная 0,116534 0,000208
основном 0,510826 0,000130
основную 1,832581 0,000117
основные 0,223144 0,000128
основным 0,616186 0,000039
основными 1,203973 0,000077
основы 1,560648 0,000099
основывается 2,207275 0,000281
особая 2,525729 0,000322
особенно 0,562119 0,000107
особенностей 1,832581 0,000233
особенности 0,994252 0,000127
особо 1,237874 0,000473
особую 2,120264 0,000135
особых 2,995732 0,000191
оставшиеся 2,659260 0,000169
остается 0,891598 0,000227
остались 1,714798 0,000109
остальной 1,966113 0,000501
остальные 0,891598 0,000057
остальных 1,660731 0,000106
останкино 3,506558 0,000670
останкинская 3,912023 0,000498
останкинский 3,912023 0,000249
останкинской 3,506558 0,000223
остановках 2,995732 0,000191
остановки 2,302585 0,000147
остановлено 2,659260 0,000169
остановок 2,659260 0,000169
остафьево 3,912023 0,000249
остоженки 3,912023 0,000249
остров 1,139434 0,000798
острова 1,078810 0,000137
острой 3,506558 0,000223
осуждении 3,912023 0,000249
осуществлении 2,995732 0,000191
осуществляет 1,203973 0,000077
осуществляется 0,776529 0,000198
осуществляют 1,469676 0,000281
осуществляются 1,714798 0,000109
отброшены 3,218876 0,000205
отв 0,755023 0,000336
ответвлений 3,506558 0,000223
ответственности -0,009950 -0,000001
отвечаю 3,912023 0,000249
отвечающим 3,912023 0,000249
отделение 1,139434 0,000073
отдельную 1,832581 0,000233
отдельные 1,078810 0,000206
отдельных -0,009950 -0,000001
отелей 2,407946 0,000153
отечественной 0,673345 0,000171
отечественные 2,813411 0,000179
отказ -0,009950 -0,000001
отказались 2,407946 0,000153
отказалось 3,506558 0,000223
откололся 3,912023 0,000249
откроется 2,525729 0,000161
откроют 2,659260 0,000169
откроются 3,912023 0,000249
открывается 1,660731 0,000106
открыл 1,609438 0,000102
открылась 1,309333 0,000083
открылись 2,659260 0,000169
открылось 1,966113 0,000250
открылся 0,941609 0,000420
открыт 0,798508 0,000152
открыта 0,967584 0,000123
открытая 1,771957 0,000113
открытие 0,941609 0,000060
открытия 0,916291 0,000117
открыто 1,078810 0,000206
открыты 1,049822 0,000134
открытый 1,049822 0,000067
открытым 1,309333 0,000167
открытых 1,897120 0,000121
откуда 0,000000 0,000000
отливки 3,912023 0,000249
отличается 0,579818 0,000037
отличие 0,891598 0,000114
отложений 2,813411 0,000537
отложениях 2,995732 0,000191
отм 3,506558 0,000670
отметить 1,714798 0,000109
отметка 2,659260 0,000169
отметки 1,966113 0,000125
отмечается 1,309333 0,000167
отмечал 2,525729 0,000161
отмечаться 3,218876 0,000205
отмечена 2,525729 0,000161
отмечены 2,207275 0,000281
отнести 2,207275 0,000141
относительно 0,415515 0,000053
относится 0,733969 0,000047
отношении 1,203973 0,000077
отношению 1,966113 0,000125
отношения 0,994252 0,000063
отправлялись 2,525729 0,000161
отправляющимися 3,912023 0,000249
отра 3,912023 0,000249
отрадное 2,813411 0,000179
отраслевых 2,813411 0,000179
отраслях 2,659260 0,000169
отредактирована -0,009950 -0,000001
отредактировать 0,967584 0,000185
отремонтировали 3,506558 0,000223
отремонтировано 3,506558 0,000223
отставкой 3,506558 0,000223
отстроенный 3,912023 0,000249
отсутствуют 1,897120 0,000121
оттепели 2,302585 0,000147
оттуда 2,525729 0,000161
отчет 1,660731 0,000317
отчета 2,813411 0,000179
офисные 3,506558 0,000223
офисы 2,995732 0,000191
официальная 1,609438 0,000205
официально 0,693147 0,000132
официальной 1,469676 0,000094
официальные 1,469676 0,000187
официальный 0,510826 0,000585
официальным 1,272966 0,000243
охватывает 1,771957 0,000113
охватывала 3,506558 0,000223
охот 3,912023 0,000249
охотном 3,912023 0,000249
охраной 2,659260 0,000169
охраняемых 2,407946 0,000153
оценивалась 2,813411 0,000179
оценкам 1,609438 0,000410
оценке 1,560648 0,000199
очакове 3,912023 0,000249
очаково-матвеевское 3,912023 0,000249
очень 0,494296 0,000094
очередь 0,527633 0,000134
очерк 1,237874 0,000079
очерки 1,171183 0,000075
ошибкекак -0,009950 -0,000001
ошибки 1,897120 0,000121
павелецкого 3,912023 0,000747
павильоны 2,813411 0,000179
павлинов 1,771957 0,000113
падеж 3,912023 0,000249
падежа 3,912023 0,000249
пала 2,995732 0,000191
палеолитические 3,506558 0,000223
палеонтолог 3,912023 0,000249
палеонтологические 3,912023 0,000249
палеонтологический 3,912023 0,000249
палеонтология 3,506558 0,000446
палеоэкология 3,912023 0,000249
палех 3,506558 0,000223
памятник 0,693147 0,000088
памятниками 2,040221 0,000260
памятниках 2,302585 0,000147
памятники 0,733969 0,000280
памятников 0,820981 0,000105
панельных 3,506558 0,000223
паника 3,912023 0,000249
панорама 1,386294 0,000265
панютина 3,912023 0,000249
парад 2,207275 0,000562
параллели 2,659260 0,000169
париж 2,302585 0,000586
парижу 3,912023 0,000249
парк 0,693147 0,000662
парка 1,021651 0,000390
парках 2,659260 0,000169
парке 1,171183 0,000224
парки 1,272966 0,000081
паркинга 3,912023 0,000249
парков 1,514128 0,000193
парковать 3,912023 0,000249
парковка 3,506558 0,002902
парковками 2,995732 0,000191
парковки 2,407946 0,003219
парковку 3,506558 0,001116
парковок 2,525729 0,000965
парковочного 3,912023 0,001743
парковочном 3,912023 0,000249
парковочных 3,218876 0,000820
парковые 3,218876 0,000205
парковых 3,218876 0,000205
парламента 2,659260 0,000169
партнерские 2,407946 0,000153
пассажиров 1,309333 0,000833
пассажиропотоку 2,659260 0,000169
пассажирских 1,609438 0,000205
пассажирского 1,609438 0,000205
пассажирское 2,525729 0,000161
пассажиры 3,506558 0,000223
патриарх 2,525729 0,000161
патриархат 3,218876 0,000205
патриархата 2,995732 0,000191
патриархии 2,995732 0,000191
патриархия 2,995732 0,000191
паутины 2,407946 0,000153
пахмутова 3,912023 0,000249
пдд 3,912023 0,000249
певцы 2,813411 0,000179
педагогических 2,995732 0,000191
пейзаж 2,813411 0,000179
пекин 2,659260 0,000169
пензенская 2,207275 0,000141
пер 1,108663 0,000071
первая 0,430783 0,000384
первичности 3,912023 0,000249
первого 0,733969 0,000093
первое 0,544727 0,000243
первой 0,462035 0,000176
первом 1,237874 0,000158
первоначально 1,203973 0,000077
первоначального 2,302585 0,000147
первооткрывателя 3,506558 0,000223
первопрестольной 3,506558 0,000670
первопрестольный 3,912023 0,000249
первосвятители 3,912023 0,000249
первую 0,867501 0,000166
первые 0,494296 0,000378
первый 0,385662 0,000123
первым 0,597837 0,000114
первыми 1,609438 0,000102
первых 0,653926 0,000167
переведена 2,659260 0,000169
переведены 2,207275 0,000141
переводится 2,995732 0,000191
перевозит 2,813411 0,000179
перевозится 2,995732 0,000191
перевозках 2,813411 0,000179
перевозки 1,203973 0,000230
перевозок 1,469676 0,000468
перевозят 2,659260 0,000169
переволоки 2,407946 0,000153
переворота 3,218876 0,000205
перегруженности 3,912023 0,000249
передавалось 3,506558 0,000223
передан 2,040221 0,000130
передатчики 2,995732 0,000191
передачи 1,560648 0,000099
передвижение 3,912023 0,000249
передвижении 3,912023 0,000249
передвижения 2,995732 0,000191
переезд 3,218876 0,000205
переезжает 3,218876 0,000205
переехал 2,659260 0,000169
переживали 3,912023 0,000249
переименована 1,771957 0,000113
перейти -0,009950 -0,000001
перекладными 3,912023 0,000249
переключаться 3,912023 0,000249
переключение 2,995732 0,000191
перекрестке 1,966113 0,000125
перекрестки 3,506558 0,000223
перем 0,000000 0,000000
перемежаются 3,912023 0,000249
перемены 3,218876 0,000205
перенаправляется 1,771957 0,000226
перенаселенным 3,912023 0,000249
перенес 2,995732 0,000191
перенесен 2,040221 0,000130
переносу 3,506558 0,000223
переносят 3,506558 0,000223
перепелятник 3,506558 0,000223
переписей 2,995732 0,000191
переписи 0,755023 0,000433
переписной 3,912023 0,000249
перепись 0,820981 0,000314
переписям 2,995732 0,000191
перепробегов 3,912023 0,000249
пересадки 3,912023 0,000747
пересадочные 3,912023 0,000249
пересадочный 3,506558 0,000223
пересекает 2,302585 0,000147
пересекать 3,912023 0,000249
пересечение 2,302585 0,000147
пересечении 1,427116 0,000091
переславль-залесский 3,506558 0,000223
перестраивается 3,218876 0,000205
перестройке 3,218876 0,000205
перестройку 3,506558 0,000223
переулках 3,506558 0,000223
переходит 2,302585 0,000293
переходу 2,995732 0,000191
перечислены 2,813411 0,000179
перечня 2,120264 0,000135
периметр 3,912023 0,000249
период 0,342490 0,000545
периода 0,967584 0,000123
периоде 2,525729 0,000161
периодов 2,040221 0,000130
периодом 1,897120 0,000242
периоды 1,560648 0,000099
пермский 2,659260 0,000169
пермь 0,994252 0,000063
перово 3,912023 0,000249
персонала 2,525729 0,000161
персональные -0,009950 -0,000001
персональными 3,912023 0,000249
перспективе 2,120264 0,000135
песенный 3,506558 0,000223
песни 1,514128 0,000193
петербург 1,897120 0,000483
петербурге 2,995732 0,000381
петр 1,108663 0,000141
петра 1,078810 0,000069
петре 2,659260 0,000339
петровка 3,912023 0,000249
петровская 2,659260 0,000169
петроград 2,659260 0,000169
петрограда 3,506558 0,000223
петрограде 2,813411 0,000358
печати -0,009950 -0,000001
печатная 3,218876 0,000410
печатники 3,912023 0,000249
печатный 2,813411 0,000179
печать -0,009950 -0,000001
печенкин 3,506558 0,000446
пик 1,966113 0,000125
пирамида 2,659260 0,000169
пирогов 3,218876 0,000205
письменное 2,659260 0,000169
письменном 3,912023 0,000249
письменных 2,407946 0,000153
пко 3,218876 0,000205
плаванию 3,506558 0,000223
плавательный 2,995732 0,000191
план 0,755023 0,000192
плана 1,272966 0,000081
планам 2,995732 0,000191
планерная 3,912023 0,000498
планетарий 1,832581 0,000117
планировка 1,771957 0,000226
планировки 2,040221 0,000130
планируется 1,021651 0,000260
планы 1,347074 0,000172
плата 1,832581 0,000117
платная 3,506558 0,000893
платного 2,659260 0,000169
платной 2,813411 0,000895
платные 2,525729 0,001447
платными 3,506558 0,000223
платных 2,302585 0,001026
платформам 3,912023 0,000249
платформах 2,995732 0,000191
платформы 1,272966 0,000162
платы 2,659260 0,000169
плес 1,966113 0,000125
плите 3,506558 0,000223
плотности 2,407946 0,000307
плотность 0,693147 0,000176
площади 0,510826 0,000650
площадок 1,714798 0,000218
площадь 0,478036 0,000365
победой 2,525729 0,000161
победоносца 2,407946 0,000153
победу 1,897120 0,000121
победы 0,916291 0,000292
побиты 3,912023 0,000249
поведения -0,009950 -0,000001
повелел 2,995732 0,000191
повесть 2,525729 0,000161
поворотов 3,912023 0,000249
повреждениям 3,912023 0,000249
повысить 2,995732 0,000381
повышение 1,609438 0,000102
погода 0,776529 0,000148
погодные 2,995732 0,000191
погодных 2,659260 0,000169
подавляющее 2,207275 0,000141
подверглась 2,813411 0,000179
подвергся 2,813411 0,000179
подвижного 2,120264 0,000135
подгорица 3,912023 0,000249
подгот 3,218876 0,000205
подготовка 1,771957 0,000338
поддерживающими 3,506558 0,000223
подземной 3,912023 0,000249
подмосковных 3,912023 0,000249
подмосковье 3,912023 0,000747
подмосковья 3,506558 0,000893
поднепровье 3,912023 0,000249
поднимается 1,966113 0,000125
поднялась 2,659260 0,000339
поднятия 3,912023 0,000249
подобное 2,525729 0,000161
подобным 2,995732 0,000191
подписан 1,897120 0,000121
подпольных 3,218876 0,000205
подробнее -0,009950 -0,000001
подсвечиваются 3,912023 0,000249
подступает 3,912023 0,000249
подступили 3,506558 0,000223
подходов 2,525729 0,000161
подходом 2,995732 0,000191
подчеркивания 3,912023 0,000249
подчинении 2,525729 0,000322
подчинения 1,386294 0,000088
поезда 1,272966 0,000081
поездах 3,506558 0,000223
поездке 3,912023 0,000498
поездов 1,609438 0,000307
пожар 1,966113 0,000501
пожара 1,966113 0,000250
пожарским 3,506558 0,000223
пожарскому 3,506558 0,000223
пожары 2,302585 0,000147
позволили 2,207275 0,000141
позволило 1,514128 0,000096
позволяющие 2,525729 0,000161
позднее 0,798508 0,000051
поздним 2,659260 0,000169
позже 0,733969 0,000047
позиционируется 3,218876 0,000205
позицию 2,302585 0,000147
поиск -0,009950 -0,000001
поиска 1,966113 0,000125
поисках 2,813411 0,000179
поиску -0,009950 -0,000003
поймах 3,506558 0,000446
пойме 2,207275 0,000141
пока 0,843970 0,000054
показала 2,659260 0,000339
показателем 2,525729 0,000161
показатели 0,994252 0,000127
показатель 0,713350 0,000318
показывать 2,995732 0,000191
покидает 3,218876 0,000205
покинуть 2,995732 0,000191
поклонная 3,912023 0,000249
покров 1,469676 0,000094
покрова 1,203973 0,000077
покровитель 2,995732 0,000191
покровский 1,771957 0,000113
покровское-стрешнево 3,912023 0,000249
покупки 2,659260 0,000169
покушений 3,912023 0,000249
покушения 3,912023 0,000249
пол 1,897120 0,000121
полагают 2,659260 0,000169
полдень 0,916291 0,000058
поле 0,798508 0,000152
полевка 3,218876 0,000205
полиграфической 3,506558 0,000223
поликлиники 1,966113 0,000125
полимасштабный 3,912023 0,000249
политехнический 2,040221 0,000130
политиздат 3,218876 0,000205
политика -0,009950 -0,000001
политике 2,120264 0,000135
политики 1,237874 0,000079
политических 1,660731 0,000106
политическое 2,995732 0,000191
полмиллиона 2,995732 0,000191
полного 1,660731 0,000106
полномасштабной 3,218876 0,000205
полномочий 1,609438 0,000102
полностью 0,400478 0,000127
полноценная 3,218876 0,000205
полным 2,040221 0,000130
половина 1,171183 0,000075
половине 0,634878 0,000040
половину 1,660731 0,000106
половины 0,994252 0,000190
положение 0,510826 0,000325
положивший 3,218876 0,000205
положительная 2,525729 0,000161
положительные 2,995732 0,000191
положительным 3,506558 0,000446
полос 2,407946 0,000920
полоса 1,771957 0,000226
полосы 1,469676 0,000281
полотнище 1,609438 0,000102
получат 2,659260 0,000169
получено 2,995732 0,000191
получившая 2,813411 0,000179
получившей 2,813411 0,000179
получивших 2,813411 0,000179
получил 0,713350 0,000045
получила 0,653926 0,000083
получили 0,967584 0,000062
получить 1,427116 0,000182
пользоваться 2,525729 0,000161
пользуются 1,966113 0,000125
польские 3,218876 0,000410
польша 1,966113 0,000125
польше 2,659260 0,000169
поля 1,427116 0,000182
поляками 3,506558 0,000223
поляков 0,916291 0,000233
помазан 3,912023 0,000249
помещений 2,120264 0,000135
помещения 2,407946 0,000307
помимо 0,562119 0,000143
поминутной 3,912023 0,000249
помог 3,912023 0,000249
помогут 3,506558 0,000223
помощи 0,843970 0,000107
помощь 1,714798 0,000109
помощью 0,634878 0,000121
пониматься 3,912023 0,000249
попасть 2,302585 0,000147
попов 1,966113 0,000250
пополнили 3,506558 0,000223
популярный 2,525729 0,000161
популяция 2,995732 0,000191
попытка 2,120264 0,000270
попытками 3,506558 0,000223
попытки 1,660731 0,000317
попыток 2,407946 0,000153
поражающего 3,912023 0,000249
поражения 2,407946 0,000153
породы 1,966113 0,000125
порт 0,941609 0,000120
порта 1,309333 0,000083
портал 0,342490 0,000087
портах 3,506558 0,000223
порту 2,207275 0,000141
поры 3,912023 0,000249
порядка 1,139434 0,000073
порядковые 1,714798 0,000109
порядковым 3,912023 0,000249
посад 1,660731 0,000106
посадки 2,302585 0,000147
посадом 2,995732 0,000191
посвятили 3,218876 0,000205
посвящен 2,207275 0,000141
посвященных 1,966113 0,000250
поселение 1,309333 0,000500
поселений 0,798508 0,000203
поселения 0,941609 0,000539
поселились 3,218876 0,000205
поселка 1,309333 0,000083
поселках 2,813411 0,000179
поселков 1,469676 0,000094
посетителей 1,966113 0,000125
посещаемых 2,995732 0,000191
посещают 2,525729 0,000161
посещение 2,525729 0,000161
последнее 1,347074 0,000257
последней 1,714798 0,000218
последние 0,755023 0,000240
последний -0,009950 -0,000001
последняя 0,342490 0,000044
последующий 2,995732 0,000191
пособие 1,609438 0,000102
посольства 2,120264 0,000135
поспелов 1,021651 0,000195
посредством 1,771957 0,000113
пост 1,514128 0,000193
поставил 2,659260 0,000169
постановление 1,139434 0,000145
постановлением 1,469676 0,000094
постоянно 1,108663 0,000212
постоянного 0,693147 0,000132
постоянную 2,525729 0,000161
постоянный 2,040221 0,000130
пострадавших 2,995732 0,000191
пострадала 2,813411 0,000179
построен 0,798508 0,000203
построена 0,916291 0,000117
построенных 1,771957 0,000113
построено 0,867501 0,000110
построены 1,021651 0,000065
построить 1,427116 0,000091
постсоветский 2,207275 0,000141
постсоветское 2,407946 0,000153
поступлений 3,912023 0,000249
поступления 2,120264 0,000135
пот 0,000000 0,000000
потенциал 1,347074 0,000257
потенциалов 3,912023 0,000249
потенциалом 2,659260 0,000169
потери 1,966113 0,000250
потеря 2,813411 0,000179
потеряла 2,525729 0,000161
потеряли 3,218876 0,000205
потока 2,302585 0,000293
потоки 2,040221 0,000130
потребителей 2,207275 0,000141
поход 1,897120 0,000121
похода 1,897120 0,000121
почасовой 3,506558 0,000223
почетного 1,237874 0,000236
почетные 1,108663 0,000141
почетный 1,469676 0,000094
почтовые 1,469676 0,000094
почтовый 1,108663 0,000071
почтовых 2,525729 0,000322
почтой 3,912023 0,000498
поэтому 0,616186 0,000078
появилась 0,820981 0,000209
появились 0,579818 0,000258
появился 0,693147 0,000132
появится 1,832581 0,000117
появиться 2,525729 0,000161
появление 1,469676 0,000094
появлением 1,347074 0,000086
появляется 1,560648 0,000099
появляться 1,771957 0,000226
появляясь 3,912023 0,000249
пояс 0,693147 0,000088
пояса 1,560648 0,000199
поясе 2,207275 0,000141
пояснительным 3,912023 0,000249
ппм 3,912023 0,000249
прав 1,514128 0,000096
правда 0,891598 0,000057
правил 1,771957 0,000226
правило 0,891598 0,000057
правителей 2,659260 0,000169
правительства 0,693147 0,000309
правительственных 2,813411 0,000179
правительство 0,843970 0,000967
правительством 1,832581 0,000233
править -0,009950 -0,000001
правка 0,328504 0,000021
правкиновые -0,009950 -0,000001
правкипостоянная -0,009950 -0,000001
правление 2,040221 0,000130
правлению 3,912023 0,000249
правления 1,966113 0,000250
правового 3,218876 0,000205
правовыми 3,912023 0,000249
правого 1,560648 0,000099
православная 1,272966 0,000243
православной 1,203973 0,000153
православные 1,347074 0,000257
православными 2,995732 0,000191
православных 1,427116 0,000182
правые 2,995732 0,000191
прага 3,218876 0,000205
празднование 2,525729 0,000161
практически 0,755023 0,000096
практическом 3,912023 0,000249
пребывала 3,506558 0,000223
пребывают 3,912023 0,000249
превысила 2,207275 0,000281
превышает 0,967584 0,000062
превышал 2,995732 0,000191
пред 3,218876 0,000205
предание 2,659260 0,000169
предварительные 2,659260 0,000169
предварительным 2,995732 0,000381
пределами 1,714798 0,000218
пределах 0,510826 0,000195
пределов 3,218876 0,000205
пределы 1,966113 0,000250
предисл 2,120264 0,000135
предложений 3,218876 0,000205
предложениях 3,912023 0,000249
предложила 2,995732 0,000191
предметом 1,560648 0,000199
предмету 2,995732 0,000381
предоставляют 1,427116 0,000182
предоставляющих 2,995732 0,000191
предотвращение 2,995732 0,000381
предполагавший 3,912023 0,000249
предполагается 1,560648 0,000099
предприняло 3,218876 0,000205
предприятий 0,713350 0,000091
предприятия 0,713350 0,000136
председ 1,203973 0,000077
представились -0,009950 -0,000001
представителей 1,469676 0,000094
представителем 2,659260 0,000169
представительными 3,912023 0,000249
представлена 1,171183 0,000075
представлению 2,525729 0,000161
представленный 2,659260 0,000169
представленных 2,659260 0,000169
представлены 0,867501 0,000166
представляет 0,446287 0,000057
представляют 1,237874 0,000236
представляющих 2,659260 0,000169
предусмотрены 2,995732 0,000191
предшественник 3,912023 0,000249
преемник 2,813411 0,000179
прежнее 2,120264 0,000135
прежние 1,171183 0,000075
прежних 2,659260 0,000169
прежняя 3,912023 0,000249
президента 0,916291 0,000350
президиум 2,407946 0,000153
президиума 1,272966 0,000162
преимущественно 0,776529 0,000148
преимущество 2,659260 0,000169
прекратили 2,040221 0,000130
прекращении 2,813411 0,000179
премию 1,966113 0,000250
премьер-лиги 3,218876 0,000205
преобладали 2,995732 0,000191
преобладание 2,525729 0,000161
преображенское 3,506558 0,000223
преобразование 2,302585 0,000147
преобразованием 3,912023 0,000249
преобразованные 3,912023 0,000249
пресненский 3,912023 0,000498
пресня 3,912023 0,000249
прессы 2,040221 0,000130
престол 2,813411 0,000179
преступлений 2,040221 0,000779
преступности 2,120264 0,000405
преступность 1,897120 0,000242
претворяется 3,912023 0,000249
префектур 3,506558 0,000223
префектуры 3,218876 0,000410
прецедентом 3,912023 0,000249
прибалтийско-финского 3,912023 0,000498
прибалтике 3,218876 0,000205
приблизились 3,912023 0,000249
приблизительно 1,514128 0,000096
приборов 2,120264 0,000270
приборостроения 2,525729 0,000161
привел 2,040221 0,000130
привели 1,560648 0,000199
приверженцами 3,912023 0,000249
привлекательности 2,040221 0,000520
привлекающий 3,506558 0,000223
приводит 1,171183 0,000149
приводящая 3,912023 0,000249
привычное 3,218876 0,000205
привязкой 2,995732 0,000191
пригородах 3,218876 0,000205
пригородное 1,966113 0,000125
пригородную 3,506558 0,000223
пригородные 1,469676 0,000187
пригородными 2,995732 0,000191
пригородов 2,995732 0,000191
пригороды 3,506558 0,000446
придомовые 3,912023 0,000249
приезжих 3,218876 0,000410
признает 2,995732 0,000191
признается 2,659260 0,000339
признаку 3,218876 0,000205
признала 2,407946 0,000460
признали 2,407946 0,000460
признания 0,916291 0,000058
признанныегосударства 3,912023 0,000249
призы 3,218876 0,000205
призывался 3,912023 0,000249
приказ 1,714798 0,000109
приказе 2,995732 0,000191
приказом 1,966113 0,000125
приказу 2,040221 0,000130
прилегающей 2,813411 0,000179
прилегающих 2,040221 0,000260
приложение 1,309333 0,000083
приложения 1,514128 0,000096
применен 3,912023 0,000249
применение 1,469676 0,000094
применения 1,272966 0,000081
применяемого 0,843970 0,000054
применяемым 0,941609 0,000060
применяется 1,714798 0,000218
примерно 0,634878 0,000081
примеров 2,120264 0,000945
примечания -0,009950 -0,000001
примечаниями 3,912023 0,000249
приморский 2,207275 0,000141
примыкает 2,207275 0,000141
примыкают 2,995732 0,000191
примыкающего 3,912023 0,000249
примыкающий 3,506558 0,000223
принадлежало 2,525729 0,000161
принадлежат 1,966113 0,000125
принадлежит 1,203973 0,000077
принимает 1,469676 0,000094
принимал 2,207275 0,000281
принимала 2,525729 0,000482
принимали 1,966113 0,000125
принцип 1,832581 0,000117
принципу 2,302585 0,000147
принципы 1,771957 0,000113
приняла 1,966113 0,000375
принято 0,713350 0,000045
приняты 2,207275 0,000141
приобрели 2,995732 0,000191
приобрести 2,995732 0,000191
приобретает 2,659260 0,000339
приоритеты 2,525729 0,000161
приписывается 2,813411 0,000179
природа 1,309333 0,000167
природного 2,302585 0,000147
природной 1,897120 0,000121
природный 1,660731 0,000106
природных 1,108663 0,000071
прирост 1,427116 0,000091
прироста 2,407946 0,000307
присваивалось 3,218876 0,000205
присвоение 2,813411 0,000179
присоединения 1,897120 0,000121
присоединены 2,813411 0,000179
присоединяемых 3,912023 0,000249
присоединялись 3,912023 0,000249
приток 1,427116 0,000273
притока 2,120264 0,000135
притоками 2,659260 0,000169
притоки 1,832581 0,000233
притоков 2,407946 0,000153
притоком 2,120264 0,000135
приуроченных 3,912023 0,000249
приход 1,832581 0,000233
приходится 0,776529 0,000099
причалы 2,995732 0,000191
причем 0,994252 0,000190
причин 1,897120 0,000121
причина 2,407946 0,000153
причинам 1,966113 0,000125
причисленные 3,912023 0,000249
приштина 3,912023 0,000249
пробкам 3,912023 0,000249
пробках 3,218876 0,000205
пробки 2,659260 0,000846
проблема 1,237874 0,000079
проблемных 2,525729 0,000161
проблемой 1,660731 0,000106
проблему 1,514128 0,000289
проблемы 0,544727 0,000069
пробок 3,218876 0,000820
проведен 1,897120 0,000121
проведению 2,040221 0,000260
проведения 0,843970 0,000161
проведенные 2,995732 0,000191
проведено 2,207275 0,000141
проведены 1,966113 0,000250
провели 2,659260 0,000169
проверенная 1,049822 0,000067
проверяема 0,967584 0,000185
проводились 1,771957 0,000338
проводился 2,525729 0,000161
проводимый 2,995732 0,000191
проводится 1,108663 0,000282
проводиться 3,218876 0,000205
проводятся 1,203973 0,000077
провоз 3,912023 0,000498
программа 0,994252 0,000190
программу 1,609438 0,000102
программы 0,713350 0,000045
прогрелся 3,912023 0,000249
прогресс 1,514128 0,000096
прогрессивный 3,912023 0,000747
прогулки 2,120264 0,000135
прогулок 2,659260 0,000169
продолжается 1,560648 0,000099
продолжались 3,506558 0,000223
продолжение 1,832581 0,000117
продолжением 2,207275 0,000141
продолжительности 2,525729 0,000161
продолжительность 1,171183 0,000373
продукции 1,021651 0,000065
проезд 1,897120 0,000845
проезда 1,560648 0,000199
проезжать 3,912023 0,000249
проект 0,400478 0,000178
проекта 0,616186 0,000078
проектах -0,009950 -0,000001
проектахзначения 1,237874 0,000079
проектируется 3,218876 0,000205
проектных 2,813411 0,000358
проектом 2,040221 0,000260
проекту 1,049822 0,000067
проживает 1,771957 0,000113
проживания 1,832581 0,000117
проживают 1,966113 0,000250
проживающих 2,659260 0,000169
прозва 3,912023 0,000249
произведение 2,407946 0,000153
произведениях 2,302585 0,000440
произведенный 3,912023 0,000249
производителей 1,897120 0,000121
производится 1,714798 0,000109
производства 0,616186 0,000118
производство 0,941609 0,000240
производству 1,427116 0,000091
произносительной 3,912023 0,000249
произношение 2,995732 0,000381
произношением 3,912023 0,000249
произношениео 2,813411 0,000179
произошел 1,171183 0,000075
произошла 1,714798 0,000218
произошли 1,832581 0,000467
произошло 0,733969 0,000140
происходили 2,207275 0,000141
происходит 0,634878 0,000121
происходят 1,966113 0,000250
происхождение 1,427116 0,000091
происхождении 1,514128 0,000289
пройти 1,897120 0,000121
прокат 2,813411 0,000179
прокате 3,912023 0,000249
прокатные 3,506558 0,000223
прокинова 3,912023 0,000498
прокопия 2,995732 0,000191
прокуратуры 2,813411 0,000179
пролетарского 3,218876 0,000205
проложены 2,659260 0,000169
проложить 3,218876 0,000205
промышленного 1,171183 0,000075
промышленное 1,660731 0,000106
промышленности 0,579818 0,000074
промышленность 0,693147 0,000044
промышленные 1,171183 0,000149
промышленных 0,916291 0,000058
проносится 3,912023 0,000249
пропаганды 2,659260 0,000169
прописаны 3,506558 0,000223
просвещения 1,897120 0,000121
прославлен 3,912023 0,000249
просмотры -0,009950 -0,000001
проспект 1,021651 0,000130
проспекта 1,347074 0,000257
проспекте 1,427116 0,000273
проспекты 2,407946 0,000307
пространства 1,049822 0,000334
пространстве 1,897120 0,000121
протва 3,218876 0,000410
протекает 1,609438 0,000102
протекают 2,407946 0,000307
протестантизм 2,040221 0,000130
протестанты 2,407946 0,000153
против 0,798508 0,000051
противники 3,218876 0,000205
противном 2,813411 0,000358
противодействие 2,813411 0,000179
противодействовать 3,912023 0,000249
противостояние 2,813411 0,000179
противостояния 2,995732 0,000191
протон 3,218876 0,000205
протяжении 0,867501 0,000055
протяженности 2,659260 0,000169
протяженность 0,941609 0,000240
протяженностью 1,386294 0,000088
профиздат 3,912023 0,000249
профилактические 3,912023 0,000249
профиля 1,966113 0,000125
проходил 1,660731 0,000106
проходили 1,427116 0,000182
проходило 2,407946 0,000153
проходимость 3,912023 0,000498
проходит 0,693147 0,000088
проходят 0,941609 0,000180
прохоров 1,078810 0,000137
процветания 3,912023 0,000498
проценко 3,912023 0,000249
процент 2,302585 0,000293
процесс 1,108663 0,000212
прочее 0,653926 0,000042
прочие 1,203973 0,000153
прошедших 2,813411 0,000179
прошел 0,994252 0,000127
прошла 1,560648 0,000099
прошли 1,309333 0,000167
прошлом 1,108663 0,000071
проявленные 2,525729 0,000322
прудов 2,207275 0,000281
пруды 2,525729 0,000161
пруссия 3,506558 0,000223
прямо 1,714798 0,000109
прямое 2,525729 0,000161
прямоугольное 1,771957 0,000113
прямые 1,966113 0,000250
псковская 3,506558 0,000223
псрл 3,218876 0,000410
птенцов 3,506558 0,000223
птиц 1,469676 0,000094
публикаций 2,407946 0,000460
публичная 1,966113 0,000125
пункта 1,514128 0,000096
пунктами 1,897120 0,000121
пунктов 0,653926 0,000167
пункты 0,616186 0,000118
пустельга 3,506558 0,000223
путеводитель 0,713350 0,000182
путей 0,916291 0,000058
путем 0,941609 0,000060
путепровода 3,218876 0,000205
путешествие 1,897120 0,000121
пути 0,693147 0,000265
путин 1,714798 0,000109
путч 3,218876 0,000410
путь 0,820981 0,000052
путям 2,995732 0,000191
путях 3,218876 0,000205
пушечный 3,218876 0,000205
пушкина 1,139434 0,000145
пушкинской 2,659260 0,000169
пыляев 3,506558 0,000223
пяти 1,203973 0,000153
пятиуровневая 3,912023 0,000249
пятнистые 3,912023 0,000249
пятницкое 3,506558 0,000223
пятницу 2,813411 0,000179
пятое 2,207275 0,000141
пятый 1,427116 0,000091
работ 0,941609 0,000060
работа 0,891598 0,000057
работает 0,755023 0,000385
работала 2,525729 0,000161
работало 1,660731 0,000106
работать 1,108663 0,000071
работают 0,673345 0,000257
работающими 3,218876 0,000205
работе 1,237874 0,000079
работу 0,693147 0,000088
работы 0,314711 0,000060
рабочая 2,207275 0,000281
рабочий 1,427116 0,000273
рабочих 1,108663 0,000071
рабства 3,912023 0,000498
рабство 2,995732 0,000191
равен 2,120264 0,000135
равнины 1,309333 0,000250
рада 3,218876 0,000205
ради 2,525729 0,000482
радиально-кольцевой 3,506558 0,000223
радиальные 3,506558 0,000223
радикальные 3,218876 0,000205
радио 0,891598 0,000057
радиовещательная 2,207275 0,000141
радиоканала 3,506558 0,000223
радиоканалов 3,506558 0,000223
радиомачты 3,912023 0,000249
радиосистеме 3,912023 0,000249
радиостанций 1,771957 0,000451
радиоуглеродное 3,912023 0,000249
радиоэлектронных 3,218876 0,000205
радиусе 3,506558 0,000223
раза 0,867501 0,000221
разбили 2,995732 0,000191
разбитый 3,912023 0,000249
разбои 3,506558 0,000223
развернулось 2,813411 0,000179
разветвленная 3,506558 0,000223
развивается 1,609438 0,000102
развивалась 1,966113 0,000250
развиваются 1,832581 0,000117
развивающаяся 3,506558 0,000223
развивающейся 3,912023 0,000249
развивающим 3,912023 0,000249
развивающихся 2,407946 0,000153
развитая 2,040221 0,000260
развитие 0,314711 0,000080
развитием 1,171183 0,000075
развитии 1,078810 0,000137
развитию 0,843970 0,000322
развития 0,287682 0,000128
развитой 2,040221 0,000260
развиты 1,714798 0,000109
развлекательная 3,912023 0,000249
развлекательной 3,912023 0,000249
развлекательные 2,525729 0,000161
развлечений 2,659260 0,000508
разворачивался 3,912023 0,000249
разворотов 3,912023 0,000249
развязка 2,302585 0,000293
развязки 2,120264 0,000135
развязок 2,302585 0,000293
разграблена 3,912023 0,000249
разгром 2,813411 0,000179
разгрузки 3,912023 0,000249
раздел 0,891598 0,000057
раздела 1,514128 0,000289
разделами 0,891598 0,000057
разделе 0,776529 0,000148
разделена 2,040221 0,000130
разделения 1,966113 0,000125
раздуло 3,912023 0,000249
различной 2,040221 0,000130
различные 0,693147 0,000044
различных 0,385662 0,000172
размере 1,897120 0,000121
размеру 2,407946 0,000153
размеры 2,040221 0,000130
разметка 3,912023 0,000249
размещена 2,525729 0,000161
размещение 2,120264 0,000135
размещено 2,813411 0,000179
разнообразие 2,407946 0,000307
разнообразна 3,218876 0,000205
разносуффиксальные 3,912023 0,000249
разным 1,609438 0,000205
разных 0,510826 0,000130
разорваны 3,218876 0,000205
разрабатываются 2,813411 0,000179
разработана 2,659260 0,000169
разработанный 1,966113 0,000125
разработчики -0,009950 -0,000001
разрешен 3,506558 0,000223
разрешена 3,912023 0,000249
разрешит 3,912023 0,000249
разрешить 2,813411 0,000179
разрушен 2,120264 0,000135
разрушений 3,218876 0,000205
разрушению 2,813411 0,000179
разрушенного 2,813411 0,000179
разрушительных 2,659260 0,000169
разы 3,218876 0,000205
райбман 3,912023 0,000249
район 0,597837 0,000228
района 0,673345 0,000086
районами 1,347074 0,000086
районах 0,941609 0,000300
районе 0,527633 0,000369
районированию 3,218876 0,000205
районные 1,966113 0,000250
районных 2,120264 0,000135
районов 0,562119 0,000394
районом 1,714798 0,000109
районы 0,653926 0,000291
ракета-носитель 3,506558 0,000223
рамблер 3,506558 0,000223
раменки 3,912023 0,000498
рамках 0,544727 0,000069
ранее 0,430783 0,000137
раннюю 3,912023 0,000249
ранняя 2,525729 0,000161
раскаленного 3,912023 0,000249
раскольники 3,912023 0,000249
раскоп 3,506558 0,000223
раскопки 2,659260 0,000339
раскрываемости 3,506558 0,000446
раскрываемость 3,218876 0,000410
раскрыто 2,995732 0,000191
раскрыты 3,912023 0,000249
распада 1,714798 0,000109
располагает 1,609438 0,000102
располагается 0,994252 0,000380
располагались 1,966113 0,000125
располагаются 1,108663 0,000071
расположена 0,916291 0,000117
расположение 1,139434 0,000073
расположения 1,832581 0,000233
расположенная 1,609438 0,000102
расположенного 1,832581 0,000233
расположенной 2,302585 0,000147
расположенных 1,427116 0,000091
расположено 0,916291 0,000117
расположены 0,673345 0,000086
расположившись 3,506558 0,000223
распопова 3,912023 0,000249
распределен 3,912023 0,000249
распределены 1,771957 0,000113
распространение 1,237874 0,000158
распространению 2,302585 0,000147
рассвет 2,813411 0,000179
расселения 1,966113 0,000125
рассказы 2,302585 0,000147
рассмотрения 2,525729 0,000322
расстояние 0,843970 0,000054
расстрел 3,218876 0,000410
расстреляны 2,407946 0,000153
рассчитанному 3,912023 0,000249
растет 1,660731 0,000317
растительность 1,427116 0,000182
растущий 3,506558 0,000223
растянувшийся 3,912023 0,000249
расчета 2,407946 0,000153
расчетном 3,912023 0,000249
расчету 3,218876 0,000205
расширение 0,527633 0,000168
расширении 2,659260 0,000169
расширению 2,813411 0,000358
расширения 1,514128 0,000675
расширенном 2,995732 0,000191
расширилась 2,995732 0,000572
расширились 3,218876 0,000410
расширять 3,506558 0,000223
ратенский 3,912023 0,000249
рах 3,912023 0,000498
раховском 3,912023 0,000249
рбк 1,386294 0,000441
рвом 3,218876 0,000205
реализации 0,994252 0,000063
реализация 1,560648 0,000099
реализован 1,660731 0,000211
ребенка 2,407946 0,000153
ревизским 3,912023 0,000249
революции 0,693147 0,000132
революциинаселенные 2,120264 0,000135
революционные 2,659260 0,000169
регби 2,302585 0,000147
регион 1,021651 0,000130
региона 0,776529 0,000049
регионального 1,108663 0,000141
региональной 1,966113 0,000125
региональные 1,171183 0,000149
региональных 1,203973 0,000077
регионов 0,941609 0,000060
регистрации 2,207275 0,000281
регистрацию 2,995732 0,000381
регистрируются 3,218876 0,000205
регулярно 1,272966 0,000081
регулярное 1,714798 0,000218
ред 0,235722 0,000180
редактирования 1,897120 0,000121
редактор 1,609438 0,000307
редакция 1,469676 0,000187
редкие 2,040221 0,000390
редко 1,832581 0,000117
редкое 3,506558 0,000223
редок 3,912023 0,000249
режимов 3,506558 0,000446
режиму 3,506558 0,000223
резиденцией 2,525729 0,000322
резиденция 2,207275 0,000422
резко 0,967584 0,000062
результатам 1,049822 0,000067
результатах 2,525729 0,000161
результате 0,342490 0,000109
результаты 1,237874 0,000079
рейкьявик 3,912023 0,000249
рейсы 1,427116 0,000091
рейтинг 1,272966 0,000162
рейтинга 1,832581 0,000350
рейтингах 2,995732 0,000191
рейтинге 1,203973 0,000536
рек 0,820981 0,000366
река 0,733969 0,000234
реке 0,713350 0,000136
реки 0,462035 0,000471
рекламные 2,659260 0,000169
рекой 1,714798 0,000109
рекомендации 0,843970 0,000161
рекомендациями 3,506558 0,000223
реконструирована 3,218876 0,000205
реконструированы 2,525729 0,000161
реконструкции 0,967584 0,000185
реконструкция 1,203973 0,000230
рекорды 2,207275 0,000141
рекреационных 2,995732 0,000191
религии 2,040221 0,000130
религий 2,302585 0,000147
религиозные 1,609438 0,000102
религиозный 2,813411 0,000537
религиозных 1,469676 0,000281
религия 0,843970 0,000161
рельеф 0,941609 0,000060
ремесла 2,525729 0,000161
ремесленным 3,912023 0,000249
реорганизацию 3,912023 0,000249
репортер 2,120264 0,000135
репродуктивным 3,912023 0,000249
республик 1,609438 0,000307
республиканского 2,040221 0,000130
республике 1,714798 0,000109
ресторанов 2,302585 0,000147
ресурс 1,514128 0,000193
ресурсов 0,798508 0,000051
ресурсы 0,020203 0,000001
ретрансляции 3,218876 0,000205
реформа 2,525729 0,000161
речного 1,139434 0,000073
речное 2,120264 0,000135
речной 0,916291 0,000292
речные 1,897120 0,000121
речных 1,609438 0,000307
речь 2,120264 0,000270
решение 0,755023 0,000096
решению 1,609438 0,000102
решения 0,967584 0,000062
решено 2,120264 0,000135
ржд 1,832581 0,000117
риа 1,049822 0,000468
рига 2,813411 0,000358
рижского 3,912023 0,000249
рим 3,506558 0,000670
римзлатоглаваяпервопрестольнаяпорт 3,912023 0,000249
рио-де-жанейро 3,218876 0,000205
рисунков 3,218876 0,000205
ркка 1,966113 0,000125
роде 2,995732 0,000191
родильных 3,218876 0,000205
родиной 2,207275 0,000281
родной 1,897120 0,000121
роднойязык 3,912023 0,000249
родному 2,813411 0,000179
родные 3,506558 0,000223
родными 3,912023 0,000249
родственных 0,755023 0,000048
рожают 3,912023 0,000498
рождаемости 2,120264 0,000540
рождаемость 2,302585 0,001026
рождественская 3,218876 0,000205
роза 1,021651 0,000065
розничной 1,514128 0,000193
роликов 3,912023 0,000249
роль 0,579818 0,000037
роман 1,771957 0,000113
романовых 2,813411 0,000537
росбалт 3,218876 0,000205
роскартография 2,813411 0,000358
росла 3,218876 0,000410
росписному 3,912023 0,000249
россией 1,427116 0,000182
россии 0,186330 0,000569
россиигорода 1,309333 0,000167
россиизолотое 3,912023 0,000249
россиимосковский 3,912023 0,000249
россииобластные 2,207275 0,000141
россиистолицы 2,813411 0,000179
российская 0,186330 0,000225
российские 0,994252 0,000190
российский 0,634878 0,000081
российским 1,514128 0,000193
российских 0,733969 0,000140
российско-украинской 1,108663 0,000071
российского 0,634878 0,000121
российской 0,385662 0,000638
российскую 2,407946 0,000153
россия 0,371064 0,000165
россолимо 3,506558 0,000223
росстат 0,776529 0,000049
росстата 2,207275 0,000141
росстатом 3,506558 0,000223
рост 0,967584 0,000431
роста 1,386294 0,000176
росте 2,813411 0,000179
ростиславича 3,912023 0,000249
ростов 2,120264 0,000135
ростов-на-дону 1,237874 0,000079
ростово-суздальский 3,912023 0,000249
ростовом-на-дону 3,218876 0,000205
ростовская 2,659260 0,000169
ростокино 3,912023 0,000249
ростом 2,120264 0,000135
росту 1,832581 0,000350
рохленко 3,912023 0,000249
роща 1,514128 0,000193
роще 2,813411 0,000179
роющих 3,912023 0,000249
рск 3,912023 0,000249
рсфср 0,733969 0,000280
руб 1,171183 0,000298
рублей 0,755023 0,000529
рудневки 3,912023 0,000249
руза 3,912023 0,000249
рук 2,040221 0,000130
руководимые 3,912023 0,000249
руководитель 1,966113 0,000125
руководством 0,941609 0,000060
руководящие 2,813411 0,000179
рукописей 3,218876 0,000205
румянцевский 3,912023 0,000249
рус 0,162519 0,000290
русак 3,912023 0,000249
руси 1,347074 0,000429
русигорода 3,912023 0,000249
русиньскый 0,000000 0,000000
русская 0,867501 0,000276
русские 0,544727 0,000173
русский -0,009950 -0,000004
русским 1,560648 0,000099
русских 0,843970 0,000376
русского 0,494296 0,000378
русское 0,755023 0,000096
русской 0,673345 0,000214
русском 1,049822 0,000067
русь 1,966113 0,000125
ручей 2,040221 0,000130
ручьев 2,659260 0,000339
рхги 3,506558 0,000223
рыбаком 3,912023 0,000249
рыбина 3,912023 0,000249
рыбинск 1,203973 0,000077
рыбинского 2,040221 0,000130
рывок 3,218876 0,000205
рынка 1,237874 0,000079
рынки 2,995732 0,000191
рынок 1,021651 0,000065
рыночной 2,525729 0,000161
рябчик 2,995732 0,000191
ряд 0,385662 0,000246
ряда 0,994252 0,000063
рядом 0,733969 0,000234
ряду 1,832581 0,000233
ряды 2,407946 0,000153
рязанская 2,407946 0,000153
рязанский 3,218876 0,000205
рязанского 2,995732 0,000191
рязань 1,049822 0,000067
с-в 0,000000 0,000000
с-з 0,000000 0,000000
савелки 3,912023 0,000249
савеловская 3,912023 0,000498
савеловский 3,912023 0,000747
саврасов 2,995732 0,000191
сад 1,108663 0,000141
садовничий 3,912023 0,000249
садово-парковое 3,912023 0,000249
садового 3,912023 0,001245
садовое 3,506558 0,000670
садовым 3,912023 0,000249
саду 1,660731 0,000106
сады 1,660731 0,000211
сайт 0,371064 0,000543
сайта 1,771957 0,000113
сайте 0,967584 0,000062
сайты 0,478036 0,000030
салон 2,813411 0,000179
самара 0,891598 0,000057
самарская 2,207275 0,000141
самая 0,798508 0,000407
самих 2,659260 0,000169
самка 3,912023 0,000249
самого 0,891598 0,000057
самое 0,994252 0,000127
самозваного 3,912023 0,000249
самозванца 2,995732 0,000381
самой 0,916291 0,000058
самойлов 3,218876 0,000205
самойловича 3,912023 0,000249
самом 1,108663 0,000071
самосознания 3,506558 0,000223
самостоятельным 2,813411 0,000179
самоуправления 0,994252 0,000253
самые 1,021651 0,000260
самый 0,579818 0,000258
самым 0,653926 0,000375
самыми 1,832581 0,000350
самых 0,544727 0,000139
сан-марино 3,218876 0,000205
санкт-петербург 0,776529 0,000395
санкт-петербурга 1,514128 0,000193
санкт-петербурге 1,771957 0,000226
санкт-петербургом 1,832581 0,000350
санкт-петербургу 2,659260 0,000169
сапсан 2,525729 0,000161
сараево 2,995732 0,000191
саратовская 2,525729 0,000161
саха 2,813411 0,000358
сахалинская 2,813411 0,000179
сборник 0,653926 0,000167
сбыться 3,506558 0,000223
свекровь 3,912023 0,000249
свекры 3,912023 0,000249
свердловская 2,659260 0,000169
свержения 3,218876 0,000205
сверху 1,347074 0,000086
светового 2,407946 0,000153
светофорами 3,912023 0,000249
светофорных 3,506558 0,000223
светофоров 3,506558 0,000223
светофоры 3,506558 0,000223
свиблово 3,912023 0,000249
свидетели 3,506558 0,000223
свидетельствуют 2,407946 0,000307
свободной -0,009950 -0,000001
свободных 2,040221 0,000130
свободы 1,714798 0,000109
свое 0,616186 0,000039
своего 0,776529 0,000148
своей 0,776529 0,000099
своем 1,560648 0,000099
свои 0,755023 0,000048
своими 1,427116 0,000091
своих 0,776529 0,000049
свой 0,653926 0,000083
свойство 0,653926 0,000042
свыше 0,891598 0,000170
свяжитесь -0,009950 -0,000001
связан 1,171183 0,000075
связанных 1,171183 0,000075
связи 0,235722 0,000135
связывают 1,609438 0,000102
связывающие 2,659260 0,000169
связь 0,616186 0,000039
святителе 3,912023 0,000249
святителя 2,040221 0,000130
святого 1,078810 0,000137
святой 1,272966 0,000081
святославом 3,506558 0,000223
сгорело 2,659260 0,000169
сданы 3,912023 0,000249
сдачи 2,995732 0,000191
сделать 1,386294 0,000088
сделают 3,218876 0,000205
севастополь 1,771957 0,000338
северная 1,078810 0,000069
севернее 1,966113 0,000125
северного 1,021651 0,000260
северное 1,514128 0,000578
северном 1,469676 0,000094
северный 0,820981 0,000366
северных 1,897120 0,000121
северо-востоку 2,302585 0,000147
северо-восточной 2,040221 0,000130
северо-восточный 3,912023 0,000747
северо-двинской 3,912023 0,000249
северо-запада 2,302585 0,000147
северо-западе 1,966113 0,000125
северо-западное 2,995732 0,000191
северо-западной 2,659260 0,000169
северо-западный 2,207275 0,000422
северо-западных 3,218876 0,000205
северу 1,832581 0,000117
сезон 1,347074 0,000086
сезонностью 3,506558 0,000223
сезоны 2,407946 0,000153
села 1,203973 0,000153
селеверстов 3,912023 0,000249
селиванов 2,995732 0,000191
село 1,469676 0,000094
сельских 0,776529 0,000099
сельскохозяйственных 1,966113 0,000125
селятся 3,912023 0,000249
семи 1,386294 0,000088
семинара 2,995732 0,000191
семь 1,309333 0,000167
семьи 1,272966 0,000081
семьям 3,218876 0,000205
сен 2,407946 0,000153
сенатская 3,506558 0,000223
сенатский 3,912023 0,000249
сенатского 3,912023 0,000249
сент 0,843970 0,000107
сент-луис 3,506558 0,000223
сент-питер-порт 3,912023 0,000249
сент-хелиер 3,912023 0,000249
сентябре 0,994252 0,000190
сентябрю 3,506558 0,000223
сентября 0,072571 0,000397
серая 2,813411 0,000179
сервис 2,207275 0,000281
сервиса 1,514128 0,000096
сергей 0,967584 0,000123
сергея 1,469676 0,000281
сергиев 3,506558 0,000223
серебряном 2,207275 0,000141
середина 2,120264 0,000270
середине 0,562119 0,000143
середины 0,967584 0,000062
сериалов 3,218876 0,000205
серия 1,237874 0,000158
серпуховско-тимирязевская 3,912023 0,000249
серые 2,813411 0,000179
серый 3,218876 0,000205
серьезно 1,897120 0,000121
серьезной 3,218876 0,000205
серьезную 2,407946 0,000153
серьезным 2,813411 0,000179
сес 0,000000 0,000000
сетей 1,272966 0,000162
сети 0,494296 0,000283
сетуни 3,912023 0,000249
сетунь 3,912023 0,000249
сеть 0,616186 0,000431
сетях 1,139434 0,000073
сеул 3,218876 0,000205
сибирских 1,966113 0,000125
сиволап 3,912023 0,000249
сигизмунда 3,506558 0,000223
сиднеем 3,506558 0,000223
сидней 3,912023 0,000249
сизая 3,912023 0,000249
силами 1,309333 0,000083
силино 3,912023 0,000249
силу 1,021651 0,000130
сильная 2,995732 0,000191
сильно 0,776529 0,000049
сильные 1,660731 0,000106
сильных 1,771957 0,000113
символ 1,203973 0,000077
символика 1,272966 0,000162
символики 2,659260 0,000169
символов 1,560648 0,000099
символы 1,386294 0,000176
симеизской 2,813411 0,000179
симферополь 1,897120 0,000121
синагог 3,912023 0,000249
сингапуром 3,912023 0,000249
синеклиза 3,912023 0,000249
синоним 3,506558 0,000223
синоптики 2,813411 0,000179
система 0,235722 0,000120
системе 0,733969 0,000140
системеобсуждениевкладсоздать -0,009950 -0,000001
системой 1,309333 0,000083
систему 0,673345 0,000214
системы 0,342490 0,000087
сити 2,120264 0,000135
ситикар 3,912023 0,000249
ситуации 1,347074 0,000172
ситуацию 1,771957 0,000226
сияние 2,302585 0,000293
сияния 2,407946 0,000460
сказано 2,407946 0,000153
сказкам 3,912023 0,000249
скай 3,506558 0,000223
скачать -0,009950 -0,000001
скачек 3,912023 0,000249
сква 0,000000 0,000000
скверов 2,302585 0,000293
скитания 3,912023 0,000249
скликання 3,912023 0,000249
склонения 3,506558 0,000446
сколько 0,653926 0,000042
скопина-шуйского 3,912023 0,000249
скопье 3,218876 0,000205
скорой 1,832581 0,000117
скорости 1,897120 0,000121
скорость 0,867501 0,000110
скр 3,506558 0,000223
скульптура 1,171183 0,000075
скульптуры 1,609438 0,000102
славяне 2,813411 0,000179
славяно-греко-латинской 3,912023 0,000249
славянского 2,813411 0,000179
славянской 2,302585 0,000440
славянском 3,912023 0,000498
слаще 3,912023 0,000249
слева 1,108663 0,000212
следования 2,302585 0,000147
следует 0,755023 0,000048
следующие 0,544727 0,000069
следующим 1,386294 0,000265
следующих 1,386294 0,000265
слепоте 3,912023 0,000249
слияния 1,966113 0,000125
слобод 2,659260 0,000169
слобода 1,660731 0,000211
слов 1,560648 0,000099
слова 0,562119 0,000107
словаре 2,525729 0,000161
словари 0,116534 0,000007
словарь 0,274437 0,000122
словарь-справочник 1,560648 0,000397
слово 0,673345 0,000171
словообразовательной 3,912023 0,000249
слое 2,525729 0,000161
сложившейся 2,525729 0,000161
сложности 1,347074 0,000086
сложность 2,040221 0,000130
сложным 0,867501 0,000055
служба 0,693147 0,000265
службой 2,207275 0,000141
службы 0,798508 0,000356
служит 2,302585 0,000147
слуха 3,218876 0,000205
слухай 3,912023 0,000249
случае 0,843970 0,000269
случаев 1,469676 0,000094
случаи 1,714798 0,000109
случаются 2,302585 0,000147
случаях -0,009950 -0,000001
случилась 3,912023 0,000249
слякотное 3,912023 0,000249
слякотный 3,912023 0,000249
смартфонами 3,912023 0,000249
смене 2,995732 0,000191
смерти 1,771957 0,000113
смерчи 3,506558 0,000223
смещение 0,798508 0,000051
сми 0,867501 0,000110
смоленск 2,040221 0,000130
смоленская 2,525729 0,000161
смоленско-московской 3,912023 0,000249
смолицкая 3,912023 0,000249
смутного 2,813411 0,000358
сначала 1,386294 0,000088
снежного 1,966113 0,000125
снежном 3,912023 0,000249
снежный 1,660731 0,000106
снесенная 3,912023 0,000249
снесено 2,813411 0,000179
снесены 2,302585 0,000147
снизилась 2,302585 0,000147
снизить 2,302585 0,000147
снк 2,659260 0,000169
снос 2,302585 0,000147
сносок 0,843970 0,000161
снята 2,659260 0,000169
снятия 3,218876 0,000205
снято 3,218876 0,000205
сняты 2,525729 0,000161
соблюдения 2,995732 0,000191
собой 0,328504 0,000084
собор 0,755023 0,000144
собора 1,108663 0,000141
соборная 1,272966 0,000081
собрание 0,941609 0,000060
собрания 1,139434 0,000145
собственному 2,813411 0,000179
событий 1,386294 0,000353
событию 3,912023 0,000249
события 1,108663 0,000141
событияпожертвовать -0,009950 -0,000001
собянин 3,218876 0,001434
собянина 3,912023 0,000747
совершаются 2,995732 0,000191
совершен 2,813411 0,000179
совершила 3,218876 0,000205
совет 0,916291 0,000058
совета 0,798508 0,000051
советов 0,820981 0,000157
советская 0,371064 0,000165
советские 1,347074 0,000343
советский 0,755023 0,000144
советских 1,386294 0,000265
советского 0,776529 0,000049
советское 0,994252 0,000127
советской 0,755023 0,000144
совещание 2,659260 0,000339
совместно 1,427116 0,000091
совместных 2,995732 0,000191
совмещенный 2,995732 0,000191
совпадающие 3,506558 0,000223
совр 2,813411 0,001075
современная 1,108663 0,000212
современник 2,813411 0,000179
современного 0,653926 0,000042
современной 0,579818 0,000148
современном 1,272966 0,000162
современность 1,609438 0,000307
современные 0,916291 0,000058
современный 0,967584 0,000123
современных 0,713350 0,000045
совы 3,218876 0,000205
согласно 0,301105 0,000192
согласованных 3,912023 0,000249
соделать 3,912023 0,000249
содержание 0,010050 0,000002
содержащая 3,218876 0,000205
соединение 2,302585 0,000147
соединительными 3,912023 0,000249
соединяют 2,525729 0,000322
соединяющие 2,995732 0,000381
сожжен 3,506558 0,000223
сожжена 3,912023 0,000249
сожжение 3,912023 0,000249
сожжены 2,995732 0,000191
созванное 3,912023 0,000249
создается 1,832581 0,000117
создана 0,891598 0,000170
создание 0,733969 0,000093
созданию 1,609438 0,000102
созданное 2,407946 0,000153
создано 1,347074 0,000086
созданы 1,078810 0,000137
создать 1,171183 0,000149
создаются 2,040221 0,000130
сокол 2,302585 0,000147
соколиная 3,912023 0,000249
сокольники 3,912023 0,000498
сокр 2,525729 0,000161
сократился 2,407946 0,000153
сократите 3,912023 0,000249
сокращена 3,218876 0,000205
сокращением 2,525729 0,000161
сокращению 2,407946 0,000153
сокращения 1,714798 0,000327
сокращениявикипедия 3,912023 0,000249
солдата 3,506558 0,000223
солнечного 1,714798 0,000327
солнечногорским 3,912023 0,000249
солнечное 2,525729 0,000322
солнечный 0,843970 0,000054
солнца 1,966113 0,000125
солнцево 3,506558 0,000223
соляной 2,995732 0,000191
соляным 3,912023 0,000249
сомнения 2,813411 0,000179
соня 3,912023 0,000498
сообщает 2,207275 0,000141
сообщение 1,049822 0,000334
сообщения 0,820981 0,000105
сообщества 2,120264 0,000135
сообщил 2,659260 0,000169
сообщили 2,659260 0,000169
сообщило 3,506558 0,000223
сообщить -0,009950 -0,000001
сооружение 1,469676 0,000094
сооружений 1,078810 0,000343
сооружения 0,941609 0,000120
соответственно 1,021651 0,000195
соответствии 0,446287 0,000085
соответствующей 2,120264 0,000135
соответствующих 1,609438 0,000102
сопоставима 3,506558 0,000223
сопредельные 3,506558 0,000223
сопредельных 2,995732 0,000191
сопровождение 2,995732 0,000191
сопротивление 2,407946 0,000153
сопутствует 3,912023 0,000249
соревнования 1,514128 0,000289
сориентироваться 3,912023 0,000249
сословие 3,506558 0,000223
сосредотачиваться 3,506558 0,000223
сосредоточено 1,897120 0,000121
сосредоточилось 3,912023 0,000249
сост 0,597837 0,000152
состав 0,400478 0,000408
состава 1,171183 0,000224
составе 0,616186 0,000196
составил 0,916291 0,000175
составила 1,021651 0,000455
составило 1,272966 0,000162
составит 2,525729 0,000482
составитель 2,407946 0,000153
составлен 1,771957 0,000113
составлении 2,659260 0,000169
составленном 2,207275 0,000141
составляет 0,314711 0,000240
составлял 1,771957 0,000113
составляла 1,272966 0,000567
составляли 1,660731 0,000211
составляло 1,347074 0,000172
составлять 3,506558 0,000223
состоит 0,755023 0,000144
состояли 2,995732 0,000191
состоялись 2,120264 0,000270
состоялось 1,171183 0,000075
состоялся 1,237874 0,000315
состояние 0,733969 0,000047
состоянию 0,544727 0,000277
состоящая 2,302585 0,000147
состоящим 3,218876 0,000205
сотню 3,218876 0,000205
сотовой 1,469676 0,000094
сотовый 3,506558 0,000223
софия 3,218876 0,000205
софрино 3,912023 0,000249
сохранение 1,609438 0,000102
сохранением -0,009950 -0,000001
сохранившимися 3,912023 0,000249
сохранила 3,506558 0,000223
социалистических 2,659260 0,000169
социалистической 1,897120 0,000121
социальная 1,514128 0,000193
социально-экономических 2,659260 0,000169
социально-экономическое 2,302585 0,000733
социальной 1,386294 0,000088
социальных 0,941609 0,000180
союз 1,203973 0,000077
союза 0,733969 0,000047
союзмультфильм 3,912023 0,000249
союзников 2,813411 0,000179
союзных 2,407946 0,000153
союзом 2,120264 0,000135
спартак 1,771957 0,000564
спасителя 2,659260 0,001185
спасская 2,659260 0,000339
спасские 3,912023 0,000249
спасской 2,813411 0,000179
спб 0,385662 0,000221
специализируются 3,218876 0,000205
специалистов 1,078810 0,000137
специалисты 1,714798 0,000109
специально 1,714798 0,000109
специальной 2,120264 0,000135
специальностей 3,218876 0,000205
специальные 1,660731 0,000106
специальными 3,218876 0,000205
специальных 1,514128 0,000096
списка 1,469676 0,000281
спискам 2,525729 0,000322
списками 2,525729 0,000482
списке 1,966113 0,000125
списку 2,995732 0,000191
список 0,248461 0,000301
сплавов 3,912023 0,000249
спонсируемые 3,912023 0,000249
спорно 3,912023 0,000249
спорт 0,776529 0,000099
спорта 0,916291 0,000058
спортивная 2,040221 0,000260
спортивные 1,078810 0,000206
спортивный 1,514128 0,000096
спортивных 1,108663 0,000494
спорят 3,506558 0,000223
способе 3,218876 0,000205
способен 2,407946 0,000153
способны 2,207275 0,000141
способствовал 2,813411 0,000179
способствовала 2,995732 0,000191
способствовали 2,659260 0,000169
способствовало 1,609438 0,000102
способствует 1,609438 0,000102
справка 1,272966 0,000243
справочник 0,916291 0,000117
справочные 2,659260 0,000169
спутник 2,207275 0,000141
спутника 2,525729 0,000161
сравнению 1,078810 0,000343
сравнения 1,966113 0,000250
сравнима 3,912023 0,000249
сразу 0,994252 0,000127
среда 1,386294 0,000176
среди 0,198451 0,000253
средневековая 2,407946 0,000153
средневековья 1,897120 0,000121
среднего 1,049822 0,000267
среднегодовая 1,078810 0,000275
среднегодовое 1,897120 0,000121
среднегодовой 2,120264 0,000270
среднее 1,272966 0,000081
среднем 0,693147 0,000353
среднемесячная 1,771957 0,000113
среднероссийскими 3,912023 0,000249
среднесуточная 2,659260 0,000169
среднесуточной 3,912023 0,000498
средние 0,941609 0,000240
средний 0,494296 0,000220
средних 1,078810 0,000206
средняя 0,510826 0,000260
средства 0,415515 0,000079
средством 2,207275 0,000141
среды 0,755023 0,000096
сретенке 3,912023 0,000249
срока 2,525729 0,000161
сроки 1,966113 0,000125
српски 0,000000 0,000000
српскохрватски 0,000000 0,000000
срубов 3,506558 0,000223
ссср 0,314711 0,000321
сссргорода 2,813411 0,000179
ссылка 0,274437 0,000035
ссылками 0,186330 0,000047
ссылкасведения -0,009950 -0,000001
ссылки -0,009950 -0,000008
ссылок 0,693147 0,000221
ста 2,040221 0,000130
стабильная 0,994252 0,000063
став 1,771957 0,000113
ставропольский 2,659260 0,000169
ставших 3,218876 0,000205
ставят 2,659260 0,000169
стадии 1,966113 0,000375
стадион 1,108663 0,000353
стадиона 1,832581 0,000350
стадионами 3,912023 0,000249
стадионах 3,218876 0,000205
стадионе 1,966113 0,000125
стадионов 1,660731 0,000211
стал 0,314711 0,000120
стала 0,462035 0,000294
стали 0,430783 0,000165
сталинодар 3,912023 0,000249
сталинская 3,506558 0,000223
сталинских 3,218876 0,000205
стало 0,494296 0,000063
стамбула 3,506558 0,000223
стан 3,506558 0,000223
стандартах 2,995732 0,000381
стандарте 2,525729 0,000161
стандартная 2,207275 0,000281
стандартной 2,525729 0,000161
станет 1,309333 0,000167
станислава 3,218876 0,000205
станко 3,912023 0,000249
становится 0,527633 0,000168
становлению 2,813411 0,000179
становятся 1,714798 0,000218
станцией 2,207275 0,000281
станции 0,693147 0,000309
станций 1,309333 0,000583
станцию 1,897120 0,000242
станция 0,798508 0,000407
станциям 3,912023 0,000249
старая 0,430783 0,000055
старейшая 1,897120 0,000121
старейшей 2,813411 0,000179
старейший 1,609438 0,000205
старикова 3,506558 0,000446
старинные 2,407946 0,000153
старинных 2,302585 0,000147
стародавн 0,000000 0,000000
старое 1,771957 0,000113
старой 1,514128 0,000096
старообрядческая 1,560648 0,000099
старообрядческие 2,659260 0,000169
старообрядческой 2,407946 0,000153
старостой 3,218876 0,000205
старшинства 3,912023 0,000249
старые 1,771957 0,000226
старых 1,560648 0,000298
статей 0,967584 0,000062
статистика -0,009950 -0,000001
статистике 0,916291 0,000117
статистики 0,713350 0,000500
статистический 0,755023 0,000048
статистического 2,120264 0,000135
статус 0,510826 0,000293
статуса 1,309333 0,000417
статье 0,941609 0,000120
статьестатьи 0,843970 0,000054
статьи 0,072571 0,000134
статьислучайная -0,009950 -0,000001
статьисообществофорумсправкасвежие -0,009950 -0,000001
статью 0,616186 0,000196
статья 0,105361 0,000195
статьяобсуждение -0,009950 -0,000001
статьятекущие -0,009950 -0,000001
стационарное 3,506558 0,000223
стационарных 1,660731 0,000106
стб 2,995732 0,000191
стен 1,771957 0,000113
стенами 2,302585 0,000147
стены 1,771957 0,000226
степанова 3,506558 0,000223
стер 2,207275 0,000141
стиль 1,714798 0,000218
стихи 2,407946 0,000153
стлб 3,506558 0,000223
стоимости 1,966113 0,000375
стоимость 1,237874 0,000158
стойкость 2,407946 0,000153
стокгольм 2,995732 0,000381
столетие 2,407946 0,000307
столиц 2,120264 0,000270
столица 0,967584 0,000986
столицам 3,912023 0,000249
столице 2,120264 0,001080
столицей 1,171183 0,000373
столицу 2,120264 0,000135
столицы 1,049822 0,001270
столичного 3,218876 0,001229
столичной 2,813411 0,000537
столичном 3,912023 0,000249
столичному 3,912023 0,000249
столичный 3,218876 0,000205
столичным 3,506558 0,000223
столичными 3,506558 0,000223
столкнулась 3,506558 0,000223
столкнулся 3,912023 0,000249
столько 1,832581 0,000117
стоматологических 2,302585 0,000147
сторожев 2,995732 0,000191
сторон 1,660731 0,000106
стороне 1,139434 0,000073
сторонников 3,506558 0,000223
сторону 1,171183 0,000075
стороны 0,430783 0,000082
стоят 2,302585 0,000293
стоять 2,659260 0,000169
стран 0,597837 0,000038
страна 0,462035 0,000059
стране 0,867501 0,000221
страница -0,009950 -0,000002
страницасодержаниеизбранные -0,009950 -0,000001
страницецитировать -0,009950 -0,000001
страницуполучить -0,009950 -0,000001
страницы -0,009950 -0,000003
страницыслужебные -0,009950 -0,000001
страны 0,634878 0,000323
страстной 3,912023 0,000249
страта 3,912023 0,000249
стрелецкий 3,912023 0,000747
стрелецкими 3,912023 0,000249
стрельбой 3,912023 0,000249
стремительными 3,912023 0,000249
строгине 3,912023 0,000249
строгино 3,912023 0,000249
строек 3,506558 0,000223
строении 2,659260 0,000169
строений 1,660731 0,000106
строениями 3,912023 0,000249
строилась 2,525729 0,000322
строитель 1,897120 0,000121
строительного 2,525729 0,000161
строительное 3,506558 0,000223
строительной 2,120264 0,000135
строительный 1,897120 0,000362
строительных 1,427116 0,000091
строительства 0,673345 0,000214
строительстве 1,078810 0,000069
строительство 0,510826 0,000260
строительству 1,469676 0,000281
строится 1,272966 0,000162
строить 1,832581 0,000117
строиться 2,525729 0,000161
стройкомплекса 3,912023 0,000249
строчку 2,995732 0,000381
строятся 1,714798 0,000109
структура 0,967584 0,000062
структурные 2,995732 0,000191
студентов 1,272966 0,000243
стыке 1,966113 0,000125
суббота 2,120264 0,000135
субсидии 3,506558 0,000223
субсидировать 3,912023 0,000249
субсидирует 3,912023 0,000249
субурбанизации 3,912023 0,000249
субъект 0,820981 0,000157
субъектов 0,755023 0,000048
субъектом 3,912023 0,000249
субъекты 1,897120 0,000121
суд 1,469676 0,000187
суда 1,078810 0,000206
судебные 2,659260 0,000169
судо 3,912023 0,000249
судьба 1,966113 0,000125
суждено 3,218876 0,000205
сужение 3,506558 0,000446
суздаль 2,995732 0,000191
суздальского 3,218876 0,000205
суток 2,207275 0,000141
суточный 0,820981 0,000261
суть 2,813411 0,000179
существенного 3,912023 0,000249
существенную 2,525729 0,000161
существовавших 2,302585 0,000147
существовала 1,386294 0,000088
существовало 1,427116 0,000091
существовании 2,302585 0,000147
существования 1,272966 0,000081
существует 0,446287 0,000114
существуют 0,162519 0,000021
существующие 2,040221 0,000130
существующих 1,714798 0,000109
сферах 2,120264 0,000135
сфере 0,967584 0,000062
сформировалась 2,302585 0,000147
сформировано 2,302585 0,000147
схемы 1,771957 0,000113
сходит 2,813411 0,000179
сходненской 3,912023 0,000249
сходни 3,912023 0,000498
сходня 3,912023 0,000249
сходом 3,912023 0,000249
счет 0,673345 0,000086
счету 2,813411 0,000179
считавшийся 3,912023 0,000249
съемки 2,407946 0,000153
сыну 3,218876 0,000205
сырой 2,995732 0,000191
сырья 2,120264 0,000135
сытина 1,560648 0,000099
сыч 3,506558 0,000223
ська 0,000000 0,000000
сько 0,000000 0,000000
сьомого 3,912023 0,000249
сюда 1,108663 0,000212
сюдасвязанные -0,009950 -0,000001
сюжет 3,506558 0,000223
таблица 0,653926 0,000042
табличной 1,309333 0,000083
табло 3,506558 0,000223
таборы 3,912023 0,000249
таганке 3,912023 0,000249
таганский 3,506558 0,000446
таджиках 3,912023 0,000249
таджики 1,347074 0,000257
таджикские 3,912023 0,000249
таджикский 3,912023 0,000249
таджикских 3,912023 0,000249
тайницкая 3,506558 0,000223
тайницкой 3,506558 0,000223
такая 1,386294 0,000176
также 0,000000 0,000000
такие 0,261365 0,000133
таким 0,527633 0,000101
такими 1,660731 0,000211
таких 0,510826 0,000098
таковой 2,813411 0,000179
такое 1,108663 0,000071
таком 1,660731 0,000106
такси 1,021651 0,000065
тактический 3,912023 0,000249
таллин 2,995732 0,000191
тамбовская 3,218876 0,000205
тарашкев 0,000000 0,000000
тариф 2,813411 0,000537
тарификацией 3,912023 0,000249
тасс 1,171183 0,000224
татар 1,469676 0,000187
татарами 2,659260 0,000169
татарика 2,659260 0,000169
татарский 1,771957 0,000113
татарстан 2,120264 0,000135
татарча 0,000000 0,000000
татары 0,798508 0,000152
тверская 3,218876 0,000820
тверская-ямская 3,912023 0,000249
тверской 2,995732 0,001526
тверь 1,514128 0,000289
театр 0,713350 0,000318
театральный 1,660731 0,000106
театров 1,203973 0,000077
театры 0,941609 0,000060
тегераном 3,912023 0,000498
текст -0,009950 -0,000001
текста 1,966113 0,000125
текстильщики 3,912023 0,000249
текстом 2,659260 0,000169
текущего 2,120264 0,000135
текущем 0,544727 0,000035
текущим 1,771957 0,000113
текущия 3,912023 0,000249
теле 2,207275 0,000141
телебашни 2,995732 0,000381
телебашня 2,040221 0,000260
телевидение 0,967584 0,000123
телевидения 1,237874 0,000079
телевизионная 1,714798 0,000109
телевизионное 2,302585 0,000440
телевизионных 2,813411 0,000179
телефонами 3,506558 0,000223
телефонный 0,776529 0,000049
телецентр 2,207275 0,000141
телецентра 2,302585 0,000147
телеэкрана 3,912023 0,000249
телка 3,912023 0,000249
тель-авивом 3,912023 0,000249
тема 1,897120 0,000242
тематические 0,510826 0,000033
темно-красные 3,912023 0,000249
темное 3,506558 0,000223
темный 2,995732 0,000191
темпами 2,302585 0,000586
температура 0,562119 0,000608
температуре 2,207275 0,000141
температурой 1,966113 0,000501
температуры 1,139434 0,000218
тему 1,771957 0,000226
тенденция 1,832581 0,000117
теннисные 2,813411 0,000179
теннисный 2,407946 0,000153
теоретической 2,659260 0,000169
тепла 1,832581 0,000117
теплостанской 3,912023 0,000249
теплоходы 2,120264 0,000135
теплоэлектростанции 3,912023 0,000249
теплый 1,609438 0,000102
теплым 2,302585 0,000586
теплыми 3,912023 0,000249
теракт 3,218876 0,000205
теракты 3,912023 0,000498
термин 1,049822 0,000067
термина 0,400478 0,000025
терминал 1,771957 0,000226
терпят 3,506558 0,000223
территориальная 2,995732 0,000381
территориальному 3,506558 0,000223
территориальные 1,897120 0,000121
территориальными 2,995732 0,000191
территориальных 0,776529 0,000049
территорией 1,469676 0,000187
территории 0,400478 0,000918
территорий 1,049822 0,000334
территорию 0,941609 0,000060
территория 0,755023 0,000288
территориях 0,916291 0,000117
террор 2,813411 0,000179
террора 2,525729 0,000161
терроризма 3,506558 0,000223
террористических 2,995732 0,000191
техника 1,660731 0,000106
технико-эксплуатационные 3,506558 0,000223
технический 1,021651 0,000130
технических 1,771957 0,000113
технического 1,514128 0,000096
технологии 0,798508 0,000152
технологическая 3,506558 0,000223
течении 1,660731 0,000211
течению 1,714798 0,000218
тикунов 3,912023 0,000249
тил 3,912023 0,000249
тимирязева 3,506558 0,000223
тимирязевский 3,912023 0,000498
тип 0,356675 0,000068
типа 0,462035 0,000118
типовых 2,525729 0,000161
типу 2,995732 0,000191
тирана 3,912023 0,000249
тирасполь 2,995732 0,000191
тисы 3,912023 0,000249
титва 3,912023 0,000249
титонский 3,912023 0,000249
титул 2,302585 0,000293
тихомиров 2,813411 0,000179
тишков 2,995732 0,000763
тканей 3,506558 0,000223
товарный -0,009950 -0,000001
той 1,049822 0,000067
токио 2,302585 0,000440
толковый 2,525729 0,000161
томская 2,407946 0,000153
тому 1,108663 0,000141
тонн 1,108663 0,000071
топкий 3,912023 0,000249
топкое 3,506558 0,000223
топлива 2,302585 0,000147
топонима 1,386294 0,000088
топонимический 0,798508 0,000152
топонимия 2,995732 0,000191
топоров 2,995732 0,001144
топорова 3,912023 0,000249
топью 3,912023 0,000249
торговли 0,867501 0,000387
торговые 1,203973 0,000153
торговым 2,207275 0,000141
торговых 1,108663 0,000141
торжественных 2,659260 0,000169
торпедо 2,995732 0,000191
торсхавн 3,912023 0,000249
тоталитарных 3,912023 0,000249
тохтамыша 3,912023 0,000498
точек 2,120264 0,000270
точечной 3,506558 0,000223
точка 1,309333 0,000167
точки 1,049822 0,000134
точно 2,207275 0,000281
тпу 3,506558 0,000670
трагедия 3,506558 0,000446
трактует 3,912023 0,000249
трамваев 1,897120 0,000242
трамвай 0,967584 0,000123
трамвайная 2,120264 0,000135
трамвайные 1,966113 0,000375
трамвайных 1,660731 0,000106
трамвая 1,347074 0,000086
транзитного 1,897120 0,000121
транзитные 2,813411 0,000179
транзитных 2,813411 0,000179
транслирующие 3,912023 0,000249
транспорт 0,693147 0,000441
транспорта 0,776529 0,001137
транспорте 1,514128 0,000193
транспортная 1,237874 0,000394
транспортно-пересадочных 3,506558 0,000223
транспортного 1,660731 0,000529
транспортное 2,040221 0,000390
транспортной 1,108663 0,000353
транспортном 2,813411 0,000358
транспортный 1,171183 0,000149
транспортным 1,714798 0,000218
транспортных 0,891598 0,000170
транспортом 1,469676 0,000094
трассах 3,506558 0,000223
трассы 1,609438 0,000102
тратить 3,912023 0,000249
траутшольд 3,912023 0,000498
требует 1,427116 0,000091
требующие 1,347074 0,000343
трети 1,897120 0,000121
третий 1,203973 0,000153
треть 2,207275 0,000281
третье 1,560648 0,000298
третьего 1,771957 0,000451
третьей 1,832581 0,000117
третьяков 3,912023 0,000249
третьяковскую 3,912023 0,000498
тридцати 2,813411 0,000179
триколор 3,506558 0,000223
триллион 3,912023 0,000249
триумфальной 3,912023 0,000249
троицк 3,506558 0,000223
троицкая 2,120264 0,000135
троицкий 1,560648 0,000596
троицкого 2,659260 0,000169
тройка 3,506558 0,000446
троллейбусного 2,207275 0,000141
троллейбусные 2,407946 0,000153
троллейбусный 2,302585 0,000293
троллейбусов 1,832581 0,000233
тропарево-никулино 3,912023 0,000249
тропаревской 3,912023 0,000249
трубачев 3,218876 0,000205
трубачева 2,407946 0,000153
трубецкого 3,506558 0,000223
трубчатые 3,912023 0,000249
труда 1,139434 0,000145
трудно 2,407946 0,000153
трудовых 2,995732 0,000191
трудящимися 2,207275 0,000141
трудящихся 2,120264 0,000135
тсха 3,912023 0,000498
ттк 2,525729 0,000322
тула 1,897120 0,000121
тульская 2,995732 0,000191
тульскую 3,506558 0,000223
туманы 2,302585 0,000147
туриста 3,506558 0,000223
туристическая 2,207275 0,000141
туристический 1,897120 0,000483
туристическое 2,995732 0,000191
туристическую 2,813411 0,000179
турнир 2,302585 0,000440
турнира 2,525729 0,000161
турниры 2,813411 0,000358
тутаев 2,040221 0,000130
тушине 3,912023 0,000249
тушино 3,912023 0,000498
тушинский 3,506558 0,000223
тыва 2,995732 0,000381
тыла 1,897120 0,000121
тыс 0,430783 0,000110
тысяч 0,415515 0,000714
тысячам 2,995732 0,000191
тысячелетия 2,040221 0,000130
тысячи 0,597837 0,000381
тысячу 1,897120 0,000121
тэц 1,272966 0,000081
тюменская 2,813411 0,000179
тюменской 2,659260 0,000169
тяжких 2,659260 0,001185
тяжкого 2,995732 0,000191
убедительные 3,506558 0,000223
убежища 3,218876 0,000205
убийств 2,407946 0,000307
убийства 2,407946 0,000153
убийствам 3,912023 0,000249
убит 2,659260 0,000169
убранстве 3,506558 0,000223
убраны 3,218876 0,000205
убытки 2,995732 0,000191
увеличат 3,912023 0,000249
увеличения 1,771957 0,000113
увеличивается 1,832581 0,000117
увеличила 3,506558 0,000223
увеличилась 1,427116 0,000545
увеличили 3,506558 0,000223
увеличилось 1,309333 0,000250
увеличился 1,832581 0,000233
увенчались 2,995732 0,000191
увидеть 1,714798 0,000218
углич 2,040221 0,000130
угнанных 3,506558 0,000223
уголовное 3,506558 0,000223
угрозой 2,407946 0,000307
удается 2,813411 0,000179
удален 2,813411 0,000358
удалена 0,941609 0,000180
удаленных 3,218876 0,000205
удалось 1,237874 0,000079
ударной 3,912023 0,000249
удачный 2,995732 0,000191
удвоение 3,506558 0,000223
удерживавшая 3,912023 0,000249
удк 2,813411 0,000179
удмуртия 2,659260 0,000169
удобнее 3,506558 0,000223
удобный 2,659260 0,000169
удобными 3,912023 0,000498
удостоенные 3,912023 0,000249
удостоенных 3,912023 0,000249
уефа 2,525729 0,000322
узбеки 1,386294 0,000176
узбекский 3,912023 0,000249
узел 0,891598 0,000284
узле 2,302585 0,000147
узлов 1,660731 0,000106
узлом 1,609438 0,000102
узорочье 3,506558 0,000223
указ 0,941609 0,000060
указавшие 1,771957 0,000113
указавших 2,302585 0,000293
указавшихпринадлежность 3,506558 0,000446
указавшихродной 3,912023 0,000747
указали 2,040221 0,000260
указан 0,139262 0,000009
указание 3,218876 0,000205
указанием -0,009950 -0,000001
указания 1,714798 0,000109
указано 0,733969 0,000047
указатели 3,218876 0,000205
указывает 1,660731 0,000106
укв 2,407946 0,000460
укр 2,040221 0,000390
укра 0,000000 0,000000
украине 2,407946 0,000153
украинский 2,120264 0,000135
украинцев 2,659260 0,000339
украинцы 0,891598 0,000170
украины 0,616186 0,000235
укрепления 1,966113 0,000125
укрепленная 2,659260 0,000169
улейма 3,506558 0,000223
улиц 0,891598 0,000227
улица 0,994252 0,000380
улицам 1,832581 0,000117
улицах 1,660731 0,000740
улице 0,916291 0,000175
улицы 0,843970 0,000591
уличного 2,813411 0,000179
уличные 2,813411 0,000179
улучшения 1,966113 0,000125
улучшить 2,040221 0,000130
ульяновская 2,207275 0,000141
уменьшилась 2,995732 0,000381
уменьшилось 2,407946 0,000153
умеренно 1,021651 0,000130
умеренного 1,897120 0,000121
умысла 3,506558 0,000223
ун-т 0,000000 0,000000
универсальная 0,891598 0,000057
универсиада 3,218876 0,000205
универсиадгорода-миллионеры 3,912023 0,000249
университет 0,562119 0,000143
университета 0,446287 0,000057
университете 1,560648 0,000199
университетов 1,660731 0,000106
университетом 2,040221 0,000130
уникальными 2,995732 0,000191
уникальных 2,040221 0,000130
уничтожению 2,995732 0,000381
уничтожены 2,302585 0,000147
упоминание 1,237874 0,000158
упоминанием 3,506558 0,000446
упоминаются 2,813411 0,000179
упомянута 3,506558 0,000223
упомянуть 3,506558 0,000223
упорное 3,506558 0,000223
управ 3,506558 0,000223
управление 0,527633 0,000134
управлением 1,427116 0,000091
управления 0,415515 0,000132
управы 2,040221 0,000130
упразднение 2,995732 0,000191
упразднено 3,506558 0,000223
ураган 3,506558 0,000223
ураганов 2,995732 0,000191
ураганы 3,218876 0,000205
уровень 0,579818 0,000185
уровнем 0,798508 0,000102
уровню 1,897120 0,000242
уровня 0,634878 0,000081
усадьба 2,040221 0,000130
усиление 2,120264 0,000135
ускорению 2,995732 0,000191
ускорилось 3,506558 0,000223
условий -0,009950 -0,000001
условия -0,009950 -0,000002
условиях 1,049822 0,000067
услуг 0,967584 0,000246
услугами 2,525729 0,000161
услуги 0,994252 0,000063
успенского 2,525729 0,000161
успехи 1,832581 0,000117
успехом 2,120264 0,000135
успешного 2,207275 0,000141
устав 0,941609 0,000060
уставе 2,525729 0,000161
уставом 1,966113 0,000250
установке 2,813411 0,000179
установлена 1,237874 0,000079
установление 2,120264 0,000135
установленных 2,659260 0,000169
установлено 1,714798 0,000109
установлены 1,560648 0,000099
устар 2,525729 0,000161
устаревание 3,912023 0,000249
устаревшим 2,995732 0,000191
устойчиво 3,912023 0,000498
уступая 2,207275 0,000141
уступив 3,218876 0,000205
уступили 3,506558 0,000223
устьем 3,218876 0,000205
устья 1,171183 0,000075
утверждении 1,427116 0,000091
утвержденные 3,218876 0,000205
утверждены 2,813411 0,000179
утеряли 3,912023 0,000249
утка 3,506558 0,000223
утки 3,218876 0,000410
уточнения 1,514128 0,000096
утратил 2,407946 0,000307
уф-индекс 3,912023 0,000498
уфа 0,967584 0,000062
уфмс 3,912023 0,000249
уча 3,912023 0,000249
участвовать 2,995732 0,000191
участие -0,009950 -0,000001
участии 2,120264 0,000135
участка 1,609438 0,000102
участках 2,120264 0,000135
участке 1,469676 0,000094
участки 1,514128 0,000096
участок 1,203973 0,000077
учебник 1,771957 0,000113
учебники 2,813411 0,000179
учебного 2,813411 0,000179
учебное 1,469676 0,000094
учебные 1,108663 0,000141
учебных 1,049822 0,000267
учеников 2,995732 0,000191
ученых 1,203973 0,000077
учет 2,813411 0,000358
учета 1,560648 0,000298
учете 2,995732 0,000191
учетную -0,009950 -0,000001
учетом 0,755023 0,000144
училищ 1,966113 0,000125
училища 1,514128 0,000096
учителей 2,040221 0,000130
учитывается 3,218876 0,000205
учитывать 2,120264 0,000135
учитывают 3,912023 0,000249
учреждается 3,506558 0,000223
учреждена 1,897120 0,000121
учреждением 2,407946 0,000153
учреждений 0,891598 0,000284
учреждения 0,843970 0,000161
ушастая 3,506558 0,000223
ушли 2,659260 0,000169
фабрики 1,832581 0,000117
фазаны 3,912023 0,000249
файле 2,120264 0,000135
факт 1,514128 0,000096
фактах 2,995732 0,000191
фактически 0,916291 0,000058
фактической 3,506558 0,000223
фактов 1,386294 0,000176
фактологический 3,912023 0,000249
фактором 2,040221 0,000130
факты 1,108663 0,000071
фан-зона 3,218876 0,000205
фасмер 1,966113 0,000250
фатьяновской 3,912023 0,000249
фауна 1,272966 0,000162
фев 2,525729 0,000161
февр 0,820981 0,000105
феврале 1,203973 0,000077
февраль 1,272966 0,000162
февраля 0,051293 0,000193
фед 3,506558 0,000223
федеральная 0,713350 0,000272
федерального 0,673345 0,000257
федеральной 0,891598 0,000397
федеральные 1,272966 0,000486
федеральный 0,653926 0,000083
федеральным 1,771957 0,000113
федеральных 0,776529 0,000099
федерации 0,544727 0,000659
федерацииреспублики 3,506558 0,000223
федорович 1,771957 0,000113
феория 3,912023 0,000249
фестивалей 1,966113 0,000125
фестивали 1,427116 0,000091
фестиваля 1,714798 0,000109
фигурному 2,659260 0,000169
фидлера 3,912023 0,000249
физики 1,560648 0,000099
физико-географическая 0,843970 0,000107
физико-химический 3,218876 0,000205
физику 3,218876 0,000205
физический 2,995732 0,000191
физкультура 2,525729 0,000322
филатов 3,218876 0,000205
филевский 3,912023 0,000498
фили 3,912023 0,000249
фили-давыдково 3,912023 0,000249
фили-кунцевский 3,912023 0,000249
филиалов 1,347074 0,000086
филимонковский 3,912023 0,000249
филиппов 2,525729 0,000161
филолога 3,506558 0,000223
фильм 1,386294 0,000088
фильмов 1,660731 0,000106
финал 2,407946 0,000307
финальный 3,506558 0,000223
финанс 3,912023 0,000249
финансированием 2,995732 0,000191
финансовый 1,609438 0,000102
финно-угорских 3,218876 0,000205
финно-угорском 3,506558 0,000223
финского 2,813411 0,000179
фитнес-центрами 3,912023 0,000249
флаг 0,673345 0,000171
флора 1,171183 0,000075
фмс 3,912023 0,000498
фоменко 2,995732 0,000191
фонд -0,009950 -0,000001
фоне 1,560648 0,000099
фонтан 1,609438 0,000102
фораминиферы 3,912023 0,000249
форма 1,514128 0,000289
формальная 2,995732 0,000191
формально 2,525729 0,000161
форме 0,941609 0,000060
формироваться 2,302585 0,000147
формой 2,407946 0,000307
формы 0,941609 0,000120
фото 1,203973 0,000077
фотовидеофиксации 3,912023 0,000249
фотографии 1,203973 0,000307
французов 3,218876 0,000205
французская 2,813411 0,000179
фронт 1,714798 0,000109
фрунзенской 3,912023 0,000249
фряжский 3,912023 0,000249
функцией 2,659260 0,000339
функций 1,660731 0,000106
функционировал 2,995732 0,000191
функционировании 3,912023 0,000249
функционирования 1,897120 0,000242
функционирует 1,203973 0,000077
функционируют 1,427116 0,000091
функциями 2,659260 0,000169
футболу 1,560648 0,000596
футбольные 2,120264 0,000135
футбольный 1,203973 0,000307
футбольных 3,506558 0,000223
хабаровский 2,813411 0,000179
хабом 3,912023 0,000249
хабургаев 3,912023 0,000249
хазарское 3,506558 0,000223
хакасия 2,659260 0,000169
хаковой 3,912023 0,000249
хамовники 3,912023 0,000747
ханом 3,218876 0,000205
ханты-мансийский 2,813411 0,000179
характер 0,994252 0,000063
характера 1,771957 0,000113
характеристик 2,207275 0,000141
характеристика 0,713350 0,000091
хватает 0,843970 0,000215
хельсинки 2,525729 0,000322
херсонская 2,525729 0,000161
химической 1,560648 0,000099
химка 3,912023 0,000498
химки 3,506558 0,000223
химкинского 3,912023 0,000249
хирург 2,995732 0,000191
хирша 3,912023 0,000249
хищник 3,912023 0,000249
хищники 3,506558 0,000223
хованский 3,912023 0,000249
хованском 3,912023 0,000249
ховрино 3,912023 0,000249
ходе 0,562119 0,000215
ходы 3,912023 0,000249
ходынская 3,912023 0,000498
ходынского 3,912023 0,000249
ходынском 3,506558 0,000223
ходят 1,966113 0,000125
хозяев 3,506558 0,000223
хозяйства 0,755023 0,000048
хозяйству 2,525729 0,000161
хоккей 1,660731 0,000106
хоккейной 1,966113 0,000125
хоккейные 3,506558 0,000446
хоккею 1,347074 0,000172
холл 3,506558 0,000223
холле 3,912023 0,000249
холма 2,813411 0,000358
холмах 2,040221 0,000130
холмахмск 3,912023 0,000249
холмы 2,525729 0,000161
холодным 2,995732 0,000381
холодов 3,506558 0,000223
хомяк 3,218876 0,000205
хорватская 1,897120 0,000121
хорошево-мневники 3,912023 0,000249
хорошевский 3,912023 0,000498
хорь 3,506558 0,000223
хотя 0,653926 0,000167
хохлов 3,218876 0,000410
храм 0,843970 0,000322
храма 1,272966 0,000567
храмах 3,912023 0,000249
храмов 1,386294 0,000441
храмы 1,049822 0,000067
хранители 3,912023 0,000249
хранитель 2,813411 0,000179
христа 1,966113 0,000876
христиан-баптистов 1,771957 0,000113
христиане 2,407946 0,000153
христианский 2,995732 0,000191
хруничева 3,912023 0,000249
художественных 2,120264 0,000135
художника 1,771957 0,000113
худший 3,506558 0,000223
цаги 3,912023 0,000249
цапли 3,912023 0,000249
царем 2,813411 0,000179
царицыно 3,912023 0,000747
царицынском 3,506558 0,000223
царская 2,813411 0,000179
царских 3,218876 0,000205
царского 2,995732 0,000191
царства 1,469676 0,000187
царство 2,040221 0,000390
царя 1,469676 0,000281
цветной 2,525729 0,000161
целая 2,813411 0,000179
целом 0,755023 0,000240
целому 2,995732 0,000191
целью 0,733969 0,000047
цена 2,120264 0,000540
цене 3,506558 0,000223
центр 0,400478 0,000790
центра 0,562119 0,000286
центрально-промышленная 3,912023 0,000249
центральноазиатских 3,912023 0,000249
центрального 0,967584 0,000062
центральное 1,966113 0,000876
центральной 0,843970 0,000161
центральном 1,714798 0,000109
центральному 2,813411 0,000179
центральные 2,120264 0,000270
центральный 0,673345 0,000300
центральных 1,427116 0,000091
центрам 3,218876 0,000205
центрами 1,469676 0,000094
центре 0,673345 0,000429
центров 0,776529 0,000099
центром 0,713350 0,000318
центру 1,966113 0,000125
центры 0,713350 0,000045
церкви 0,916291 0,000175
церковь 0,843970 0,000322
цивилизации 2,040221 0,000130
цит 2,995732 0,000191
цифр 2,659260 0,000339
цифрах 1,966113 0,000250
цифровые 0,673345 0,000043
цкад 3,912023 0,000249
цодд 3,912023 0,000249
цска 3,506558 0,001786
цфо 3,506558 0,000223
цыганах 3,912023 0,000249
цыгане 1,714798 0,000109
цьркы 3,912023 0,000249
чайки 2,813411 0,000179
час 1,714798 0,000546
часа 2,302585 0,000147
часов 1,078810 0,000481
часовен 2,407946 0,000460
часовнях 3,912023 0,000249
часовой 0,755023 0,000096
части 0,198451 0,000114
частичная 1,897120 0,000121
частично 0,653926 0,000208
частичное 2,995732 0,000191
частности 0,462035 0,000059
частные 1,514128 0,000096
частными 2,120264 0,000135
частных 1,108663 0,000212
часто 0,415515 0,000053
частотами 3,912023 0,000249
частоты 2,995732 0,000191
часты 3,218876 0,000205
часть 0,105361 0,000074
частью 0,755023 0,000096
частях 1,609438 0,000102
часы 2,302585 0,000147
чаше 3,912023 0,000249
чаще 1,171183 0,000224
чел 0,713350 0,000045
человек 0,400478 0,000816
человека 0,579818 0,000037
челябинск 0,994252 0,000063
челябинская 2,302585 0,000147
чемпионат 1,237874 0,000315
чемпионата 1,309333 0,000250
чемпионату 2,659260 0,000339
чемпионаты 2,659260 0,000169
чемпионов 1,966113 0,000125
чему 1,897120 0,000121
черемушки 2,302585 0,000147
череповец 3,506558 0,000223
черного 1,609438 0,000512
черное 2,040221 0,000130
черной 2,120264 0,000270
черный 1,386294 0,000176
чернянский 3,912023 0,000249
чертаново 3,912023 0,000747
черте 1,272966 0,000243
чертежей 3,506558 0,000223
черту 1,714798 0,000109
честь 0,562119 0,000072
четвертичного 2,995732 0,000191
четвертичных 3,506558 0,000223
четвертого 2,525729 0,000161
четвертое 2,040221 0,000130
четвертый 1,714798 0,000109
четко 1,897120 0,000121
четырехсот 3,912023 0,000249
чехова 2,207275 0,000141
чеченцах 3,912023 0,000249
чеченцы 1,714798 0,000218
чечеры 3,912023 0,000249
чечня 2,995732 0,000191
чибис 3,912023 0,000249
чине 3,506558 0,000223
чиновников 2,302585 0,000147
числа 0,891598 0,000170
числе 0,248461 0,000158
численности 0,653926 0,000333
численность 0,653926 0,000541
число 0,478036 0,000274
числу 1,514128 0,000386
читатьпросмотр 2,040221 0,000130
чка 0,000000 0,000000
чкаловский 3,218876 0,000205
члены 1,966113 0,000375
чрезвычайная 3,506558 0,000223
чтимый 3,912023 0,000249
чуваши 1,237874 0,000158
чувашия 2,659260 0,000169
чувство 2,995732 0,000191
чувствует 3,912023 0,000249
чудо 2,813411 0,000179
чудотворца 2,302585 0,000147
чукотский 2,995732 0,000191
чумной 3,912023 0,000249
чье 3,218876 0,000205
шаблонами 0,634878 0,000040
шаблоном 1,897120 0,000242
шаболовка 3,912023 0,000249
шаговой 3,912023 0,000249
шайбой 1,966113 0,000250
шведовой 3,912023 0,000249
шведскими 3,912023 0,000249
шевченко 2,302585 0,000147
шелепихинская 3,912023 0,000249
шення 0,000000 0,000000
шереметьево 2,813411 0,000537
шереметьевская 3,912023 0,000249
шестая 2,995732 0,000191
шесть 1,272966 0,000081
шилов 3,506558 0,000223
широко 0,673345 0,000043
широкое 1,660731 0,000106
широкую 2,525729 0,000161
школ 0,994252 0,000127
школа 0,891598 0,000057
школы 0,673345 0,000043
шмидт 2,659260 0,000169
шоссе 1,427116 0,000636
штаб 1,897120 0,000121
штаб-квартир 3,506558 0,000223
штаб-квартиры 2,813411 0,000179
штрафов 3,506558 0,000223
штрафы 3,218876 0,000205
штурма 2,813411 0,000179
шувалова 3,218876 0,000205
шуваловым 3,912023 0,000249
шуйского 2,995732 0,000381
шуховской 3,912023 0,000249
щелковском 3,912023 0,000249
щербинка 3,506558 0,000223
щит 1,609438 0,000102
щукино 3,912023 0,000249
ъ-власть 0,000000 0,000000
эвакуаторов 3,912023 0,000249
эвакуацию 3,912023 0,000249
эвакуация 2,659260 0,000169
эвакуированы 2,040221 0,000130
экз 0,415515 0,000132
экологический 1,832581 0,000117
экологического 1,771957 0,000226
экологическую 2,407946 0,000153
экологию 3,218876 0,000205
экология 0,693147 0,000221
экономика 0,510826 0,000130
экономики 0,713350 0,000182
экономическим 2,659260 0,000169
экосистемы 2,302585 0,000147
экран 2,659260 0,000169
экрана 3,218876 0,000205
экранами 3,912023 0,000249
экранах 3,506558 0,000223
экранов 3,506558 0,000223
экраны 2,813411 0,000179
экс-чиновников 3,912023 0,000249
эксклавами 3,912023 0,000249
эксклавом 3,912023 0,000249
экскурс 2,995732 0,000191
экспериментальной 3,218876 0,000205
экспериментаниум 3,912023 0,000498
эксперт 1,714798 0,000109
экспертов 2,407946 0,000613
эксперты 2,040221 0,000520
эксплуатацию 0,994252 0,000190
эксплуатация 2,659260 0,000169
экспозиции 1,714798 0,000109
экспозициях 3,506558 0,000223
экспорт -0,009950 -0,000001
экспрессами 3,912023 0,000249
экстенсивного 3,912023 0,000249
электричками 3,912023 0,000249
электрички 2,302585 0,000293
электричку 3,506558 0,000223
электробайков 3,912023 0,000249
электробусами 2,995732 0,000191
электробусов 3,218876 0,000205
электромобилям 3,912023 0,000249
электронный 1,469676 0,000187
электронных 1,897120 0,000121
элементов 1,309333 0,000083
элементы 0,891598 0,000114
элитное 3,912023 0,000249
энергетика 1,660731 0,000106
энергии 1,514128 0,000096
энергомашиностроения 3,912023 0,000249
энциклопедии -0,009950 -0,000003
энциклопедический 0,733969 0,000280
энциклопедия 0,210721 0,000228
эпитеты 3,506558 0,000223
эпоха 1,771957 0,000113
эпохи 1,139434 0,000145
эпоху 1,386294 0,000265
эрзянь 0,000000 0,000000
эсбевикипедия 2,995732 0,000191
эскалаторам 3,912023 0,000249
эстакад 3,912023 0,000249
эстакадами 3,218876 0,000205
эстетической 3,912023 0,000249
эта 0,000000 0,000000
эталон 3,912023 0,000249
этим 0,693147 0,000044
этими 1,560648 0,000099
этимологии 2,407946 0,000460
этимологический 2,040221 0,000130
этимология 0,616186 0,000235
этих 0,400478 0,000051
этнический 3,218876 0,000820
этнических 3,218876 0,000410
этнического 3,506558 0,000223
этнографических 3,912023 0,000249
этноконфессиональном 3,912023 0,000249
этнонимы 3,506558 0,000223
это 0,000000 0,000000
этому 0,755023 0,000048
этюд 3,912023 0,000249
эфира 2,525729 0,000161
ю-в 0,000000 0,000000
ю-з 0,000000 0,000000
юбилейные 3,218876 0,000205
ювао 3,912023 0,000249
ювелирных 2,995732 0,000191
юго-востока 2,207275 0,000141
юго-востоке 1,771957 0,000226
юго-восточной 1,660731 0,000211
юго-восточный 2,659260 0,000508
юго-западе 2,302585 0,000147
юго-западной 2,302585 0,000147
юго-западный 2,207275 0,000422
юго-западных 2,995732 0,000191
югра 3,218876 0,000205
южноазиатских 3,912023 0,000249
южного 1,139434 0,000073
южное 1,832581 0,000583
южном 1,237874 0,000158
южнопортовый 3,912023 0,000498
южный 0,755023 0,000144
юнеско 1,660731 0,000423
юнкера 3,506558 0,000223
юнкерами 3,506558 0,000223
юношеские 3,218876 0,000205
юридических 2,207275 0,000141
юридическую 3,218876 0,000205
юрием 2,302585 0,000147
юрии 3,912023 0,000249
юрий 1,203973 0,000307
юрия 1,660731 0,000106
юрского 3,506558 0,000223
юрьев-польский 3,506558 0,000223
явлением 3,218876 0,000205
явления 1,771957 0,000113
является 0,094311 0,000156
являлись 1,897120 0,000121
являются 0,248461 0,000158
являющийся 1,966113 0,000125
ядерная 2,995732 0,000191
ядерной 2,407946 0,000153
язык 0,116534 0,000052
языка 0,798508 0,000203
языками 1,386294 0,000088
языках -0,009950 -0,000001
языке 0,867501 0,000055
языки 1,309333 0,000500
языков 1,203973 0,000230
языкознание 3,218876 0,000205
языку 2,302585 0,000147
якиманка 3,912023 0,000498
якоть 3,912023 0,000249
якутия 2,407946 0,000153
ямало-ненецкий 2,813411 0,000179
ямская 2,659260 0,000169
яна 2,302585 0,000147
янв 0,820981 0,000157
январе 1,427116 0,000182
январь 0,941609 0,000240
января 0,116534 0,000579
яндекс 1,714798 0,000109
янишевский 3,912023 0,000498
ярко 2,659260 0,000169
ярком 3,912023 0,000249
ярославль 1,078810 0,000069
ярославская 2,659260 0,000169
ярославский 3,218876 0,000205
ярославского 3,218876 0,000410
ярославском 3,506558 0,000223
яруса 2,813411 0,000179
ясенево 3,912023 0,000249
яуза 3,218876 0,000410
яузы 3,912023 0,000249
