аба 3,912023 0,000755
абагур-лесной 3,218876 0,000621
абагуровский 3,912023 0,000377
абагурская 3,912023 0,000377
абакан 2,659260 0,000257
абакана 3,506558 0,000338
абашево 3,912023 0,000377
абашевская 3,506558 0,000338
абашевское 3,912023 0,000377
абду 3,912023 0,000377
абинском 3,912023 0,000377
абсолютное 2,813411 0,000271
абсолютный 0,798508 0,000154
авг 0,820981 0,000158
август 1,237874 0,000239
августа 0,072571 0,000525
августе 0,994252 0,000096
авдеев 3,506558 0,000677
авиасообщение 2,813411 0,000271
авиаторов 2,995732 0,000289
авт 1,469676 0,000425
авто 2,525729 0,000244
автобус 1,021651 0,000394
автобусные 1,966113 0,000190
автобусных 1,609438 0,000311
автобусов 1,469676 0,000284
автобусы 1,386294 0,000134
автовокзал 1,427116 0,000275
автовокзала 1,660731 0,000160
автовокзалов 2,813411 0,000271
автодорогам 1,078810 0,000208
автомобилей 1,272966 0,000123
автомобильная 1,897120 0,000183
автомобильные 1,347074 0,000260
автомобильных 1,386294 0,000134
автомототехники 3,912023 0,000377
автономная 1,469676 0,000142
автор 0,994252 0,000192
авторадио 1,897120 0,000183
авторитетные 0,941609 0,000091
авторов 1,386294 0,000134
авторства -0,009950 -0,000001
агеева 1,469676 0,000142
агентство 1,049822 0,000304
агзс 3,506558 0,000338
агломерации 0,916291 0,000265
агломерация 0,867501 0,000167
аглофабрика 3,912023 0,000377
агнкс 3,506558 0,000338
адвентистов 1,714798 0,000496
адвокатские 3,912023 0,000377
адм 2,525729 0,000244
административно-территориального 1,660731 0,000160
административно-территориальное 0,820981 0,000238
административно-территориальном 1,309333 0,000126
административное 0,843970 0,000163
административный 0,843970 0,000081
административными 2,302585 0,000222
администрации 0,843970 0,000977
администрация 0,941609 0,000182
азербайджанцы 1,139434 0,000220
азиатского 2,995732 0,000289
азота 1,832581 0,000707
айзенхюттенштадт 3,506558 0,000338
академии 0,693147 0,000201
академик 1,660731 0,000160
академика 1,714798 0,000165
академики 2,995732 0,000289
академия 0,798508 0,000077
акварелей 3,912023 0,000377
актер 2,659260 0,000770
активно 0,755023 0,000073
активное 1,469676 0,000142
активному 3,218876 0,000311
актриса 2,813411 0,000271
алатау 3,506558 0,000677
алдан 1,309333 0,000126
александр 0,693147 0,000267
александра 0,820981 0,000158
алексеевича 2,995732 0,000289
алексей 1,049822 0,000101
алина 3,218876 0,000311
алоян 3,912023 0,000377
алтайский 2,302585 0,000222
алтайского 2,525729 0,000244
алфавитуматериалы 3,912023 0,000377
алфавитунаселенные 0,867501 0,000084
альфа-групп 3,912023 0,000377
алюминиевый 2,995732 0,000867
алюминщиков 3,912023 0,000377
аман 3,506558 0,000677
американский 1,897120 0,000183
американской 2,207275 0,000213
аммиак 3,506558 0,000338
аналогичный 2,659260 0,000257
ананда 3,912023 0,000377
анатолий 1,714798 0,000331
андрей 0,967584 0,000187
андрея 1,832581 0,000177
анжеро-судженск 3,506558 0,000677
анжеро-судженский 3,506558 0,000338
аннексия 0,994252 0,000096
ано 2,813411 0,000271
апекс-радио 3,912023 0,000377
апостола 2,525729 0,000244
апостолов 2,525729 0,000244
апр 0,798508 0,000154
апреле 0,994252 0,000096
апреля 0,174353 0,000437
арены 2,813411 0,000271
арефьева 3,912023 0,000377
аристарх 3,506558 0,000338
армии 1,049822 0,000203
армяне 1,021651 0,000197
артист 2,525729 0,001218
артиста 3,506558 0,000338
артистка 2,659260 0,000513
артышту 3,912023 0,000755
археологии 1,309333 0,000379
архив 0,462035 0,000134
архивированная 1,560648 0,000151
архивировано 0,020203 0,000286
архивная 0,400478 0,000348
архистратига 3,218876 0,000311
архитектор 1,427116 0,001101
архитекторов 2,525729 0,000244
архитектором 2,407946 0,000232
архитекторы 1,469676 0,000284
архитектура 0,755023 0,000146
архитектуры 0,755023 0,000073
ассоциации 1,771957 0,000684
ассоциацию 2,995732 0,000289
ассоциация 2,407946 0,000465
асср 1,966113 0,000190
аст 0,820981 0,000079
астрахань 0,967584 0,000093
астрель 1,049822 0,000101
атаманово 2,995732 0,000289
атмосфера 2,525729 0,000244
атмосфере 2,302585 0,000222
атмосферу 1,514128 0,000876
атмосферы 1,469676 0,000425
атомной 2,302585 0,000222
афиш 3,912023 0,000377
ахпун 3,912023 0,000377
ачинск 3,506558 0,000338
аэропорта 1,049822 0,000203
аэропортом 2,407946 0,000232
аэропорту 1,609438 0,000155
базируются 1,966113 0,000190
базы 1,108663 0,000107
байдаевский 3,912023 0,000755
байдаевское 3,912023 0,000755
балетмейстер 3,912023 0,000377
балтийская 2,813411 0,000271
балыкса 3,218876 0,000311
банк 1,078810 0,000416
банка 0,941609 0,000091
банками 2,525729 0,000244
банков 1,272966 0,000123
банкротства 2,525729 0,000487
баптистов 2,525729 0,000244
барабинка 3,218876 0,000311
бардин 3,912023 0,000377
бардина 3,506558 0,001691
бардину 3,912023 0,000377
барнаул 1,203973 0,000232
баскетболист 3,912023 0,000377
бассейн 1,078810 0,000208
бассейны 1,660731 0,000160
бахарев 3,506558 0,000338
баш 3,506558 0,000338
башкиры 1,347074 0,000130
бегущий 3,218876 0,000621
беженцев 3,506558 0,000338
безморозного 3,506558 0,000338
безналичным 3,506558 0,000677
безруково 3,218876 0,000311
безуглая 3,912023 0,000377
беларускаябългарскибуряад 0,000000 0,000000
белово 3,218876 0,001553
беловский 3,218876 0,000932
белок 3,506558 0,000338
белом 2,995732 0,000289
белорусы 1,203973 0,000116
белый 1,514128 0,000146
бенз 3,218876 0,000621
бензапирен 3,912023 0,000755
берег 1,021651 0,000099
берега 0,916291 0,000177
береговая 1,966113 0,000190
берегу 0,616186 0,000238
березовский 2,659260 0,000513
бесплатные 2,302585 0,000222
беспризорных 3,912023 0,000377
беспроводной 2,995732 0,000289
библиографических 0,094311 0,000009
библиотека 0,462035 0,000312
библиотеки 0,843970 0,000244
библиотекой 2,207275 0,000213
библиотечной 3,218876 0,000311
бизнес-проекты 3,912023 0,000377
бизнеса 0,967584 0,000373
бизнесе 3,218876 0,000311
бийск 2,995732 0,000289
билайн 1,272966 0,000123
биография 2,525729 0,000487
биорегуляции 3,912023 0,000377
бирмингем 3,506558 0,000338
битва 2,207275 0,000213
благодаря 0,527633 0,000051
благочиний 3,506558 0,000338
блаженной 3,218876 0,000311
ближайшие 2,040221 0,000197
ближайших 2,040221 0,000197
ближнее 3,218876 0,000311
близ 1,237874 0,000119
блог 2,302585 0,000222
блю 3,912023 0,000377
бобровский 3,506558 0,000338
богатеев 3,912023 0,000377
богатствам 3,506558 0,000338
богородицы 1,272966 0,000491
богослужения 2,813411 0,000271
боевое 3,218876 0,000311
боевой 1,832581 0,000177
боевые 2,995732 0,000289
божией 1,609438 0,000155
божьей 1,966113 0,000190
боксер 3,506558 0,000338
болдырев 3,912023 0,000377
болезней 2,525729 0,000244
бологое 1,347074 0,000130
больниц 1,966113 0,000190
больница 1,469676 0,000284
больницы 1,347074 0,000260
больничный 3,912023 0,000377
большая 0,072571 0,000049
большевиков 1,966113 0,000190
большинство 0,597837 0,000058
большой 0,328504 0,000158
большом 1,714798 0,000165
большую 0,891598 0,000086
бомбардировке 2,995732 0,000289
бомжей 3,912023 0,000377
борец 2,813411 0,000271
бориса 1,832581 0,000177
боровичи 1,347074 0,000130
борцам 2,407946 0,000232
борьба 1,897120 0,000183
борьбе 1,469676 0,000142
борьбы 1,386294 0,000267
братья 2,407946 0,000232
брашов 3,506558 0,000338
бренд 2,207275 0,000213
бровкин 3,912023 0,000377
брокгауза 0,328504 0,000095
бронзовый 2,207275 0,000213
бст-банк 3,912023 0,000377
буддизм 2,525729 0,000487
буддийская 2,995732 0,000289
буддистов 3,506558 0,000338
будем 3,506558 0,000338
будучи 1,714798 0,000165
будущего 1,427116 0,000138
будущее 1,386294 0,000134
будущим 3,506558 0,000338
бульвар 1,714798 0,000165
бульвары 2,302585 0,000222
бумаги 2,525729 0,000244
бунгурское 3,912023 0,000377
буревестник 2,302585 0,000222
бурильщики 3,912023 0,000377
бхагавана 3,912023 0,000377
бывшего 1,021651 0,000197
бывшей 1,514128 0,000292
бывшие 1,771957 0,000342
бызово 3,912023 0,000377
бызовское 3,912023 0,000755
бызовском 3,912023 0,000377
быкова 2,995732 0,000289
быстрого 1,966113 0,000190
быта 2,525729 0,000244
бытовые 2,813411 0,000543
бытовых 2,302585 0,001111
бюджетным 3,912023 0,000377
важный 1,514128 0,000292
валерий 1,714798 0,000165
валовой 2,120264 0,000205
ваня 2,813411 0,000271
варвары 3,218876 0,000311
вариант 1,386294 0,000267
варна 2,525729 0,000244
васильевича 2,813411 0,000271
вблизи 1,139434 0,000110
вверху 2,659260 0,000513
вдобавок 3,218876 0,000311
ведется 0,994252 0,000192
ведомости 1,049822 0,000101
века 0,248461 0,000096
векегорода 1,966113 0,000190
веков 0,713350 0,000138
велика 2,407946 0,000232
великой 0,653926 0,000189
великомученика 2,525729 0,000244
великомученицы 2,813411 0,000271
величине 1,771957 0,000171
велось 1,966113 0,000190
венецианов 3,506558 0,000338
венчании 3,912023 0,000377
вера 1,560648 0,000151
версии 0,446287 0,000086
версия -0,009950 -0,000004
версияправитьправить 1,237874 0,000119
верх-тайменка 3,218876 0,000311
верхнего 1,609438 0,000155
верхнее 2,040221 0,000197
верхней 1,272966 0,000246
верхняя 1,108663 0,000321
верховного 1,272966 0,000246
вершине 2,525729 0,000244
вершинино 3,218876 0,000311
веры 1,560648 0,001355
вес 1,966113 0,000190
весна 1,469676 0,000284
весной 1,049822 0,000101
вести 0,843970 0,000081
весь 0,755023 0,000073
ветераны 3,218876 0,000311
ветра 1,049822 0,000101
ветров 0,843970 0,000244
вечером 2,525729 0,000244
вечным 3,912023 0,000755
вешал 3,912023 0,000377
вещание 1,203973 0,000232
вещателей 3,912023 0,000377
вещают 2,302585 0,000222
веществ 1,171183 0,000452
вещества 2,207275 0,000426
веществами 2,525729 0,000244
вещи 2,407946 0,000232
взвешенные 3,506558 0,000338
взвешенных 2,659260 0,000257
взрослым 3,912023 0,000377
видами 1,469676 0,000142
виде 0,235722 0,000023
видимой 3,912023 0,000377
видимых 3,506558 0,000338
видов 0,616186 0,000059
виды 0,798508 0,000077
викигиде 0,776529 0,000075
викигидепортал 1,469676 0,000142
викигидстатьи 2,120264 0,000205
викиданных -0,009950 -0,000001
викиданныхвикипедия 0,891598 0,000172
викимедиа -0,009950 -0,000001
википедии -0,009950 -0,000003
википедия -0,009950 -0,000009
викискладвикиновостивикигидэлемент 1,609438 0,000155
викискладе 0,174353 0,000017
викискладепутеводитель 0,713350 0,000069
викискладстатьи 0,891598 0,000086
виктор 1,386294 0,000267
виктория 2,659260 0,000257
викторова 3,912023 0,000377
виленского 3,912023 0,000377
виленское 3,912023 0,000377
винный 3,506558 0,000338
вираж 3,506558 0,000338
вифлеемских 3,912023 0,000377
вице-чемпион 3,912023 0,000377
вклад 1,108663 0,000214
включался 2,995732 0,000289
включая 0,527633 0,000102
включен 1,560648 0,000151
включено 3,218876 0,000311
включить 2,407946 0,000232
вкусно 2,813411 0,000543
владельцем 3,218876 0,000311
владивостока 2,525729 0,000487
владимир 0,733969 0,000283
владимира 1,309333 0,000253
влажное 2,407946 0,000232
властей 1,714798 0,000165
власти 0,634878 0,000612
власть 0,733969 0,000071
влево 2,995732 0,000289
влияние 0,776529 0,000150
влксм 2,302585 0,000222
вместо 0,798508 0,000154
вне 1,560648 0,000151
внесен 2,659260 0,000257
внесении 1,966113 0,000190
внеусадебные 3,912023 0,000377
внешнего 2,302585 0,000222
внешние 0,051293 0,000005
внешних 1,966113 0,000190
вниигидроуголь 3,912023 0,000377
внимание 1,347074 0,000130
вновь 0,755023 0,000437
вносят 2,659260 0,000257
внутреннее 0,733969 0,000071
внутри 0,000000 0,000000
внутригородских 1,514128 0,000292
во-кузнецк 0,000000 0,000000
вов 2,120264 0,000614
вода 1,203973 0,000116
водная 1,771957 0,000171
водный 1,237874 0,000119
водопад 3,912023 0,000377
водопадная 3,912023 0,000377
водопадный 3,912023 0,000377
водоразделов 3,912023 0,000377
водорастворимыми 3,912023 0,000377
водород 3,912023 0,000755
водорода 3,218876 0,000311
воды 0,653926 0,000063
военачальником 3,912023 0,000377
военной 1,347074 0,000130
военную 2,813411 0,000271
возведенный 3,912023 0,000377
возведены 2,120264 0,000205
возвращен 2,525729 0,000244
возвращено 2,207275 0,000213
воздействие 1,514128 0,000146
воздух 1,660731 0,000320
воздуха 0,733969 0,000496
возле 1,386294 0,000267
возможно 0,867501 0,000084
вознесенская 2,813411 0,000271
возник 1,469676 0,000142
возникновения 1,469676 0,000142
возобновилось 3,218876 0,000311
возраста 1,560648 0,000452
возрастное 3,506558 0,000338
возрождения 1,966113 0,000190
возросло 2,407946 0,000232
воина 2,659260 0,000513
война 1,171183 0,000113
войне 1,049822 0,000203
войну 1,966113 0,000190
войны 0,478036 0,000184
вокзал 0,820981 0,000317
вокзала 0,967584 0,000280
вокзалом 2,407946 0,000232
вокзалы 1,771957 0,000342
вокзальная 3,218876 0,000311
вокруг 0,693147 0,000201
волгоград 1,139434 0,000110
волк 2,995732 0,001734
волка 3,506558 0,000677
волкова 2,207275 0,000213
волколошадь 3,912023 0,000377
волна 1,427116 0,000138
вологда 1,203973 0,000116
волшебные 0,040822 0,000004
вопрос 0,967584 0,000093
воркута 1,237874 0,000119
восемь 1,660731 0,000160
воскресенье 1,771957 0,000342
воскресная 3,506558 0,000677
воскрешения 3,912023 0,000755
воспламенил 3,912023 0,000377
восстановление 1,609438 0,000155
востнигри 3,912023 0,000377
восточнее 2,407946 0,000232
восточный 1,021651 0,000099
восхищался 3,912023 0,000377
воткинск 1,309333 0,000126
вошла 1,609438 0,000155
впадения 1,514128 0,000292
впадинами 3,218876 0,000311
впервые 0,385662 0,000149
впоследствии 0,653926 0,000063
враг 3,218876 0,000311
вратарь 2,995732 0,000289
врачей 1,897120 0,000366
вредных 2,120264 0,000205
вредоносные 3,506558 0,000338
времен 0,941609 0,000182
времени 0,186330 0,000090
время 0,030459 0,000035
вручено 3,506558 0,000338
всем 0,891598 0,000258
всеми 1,386294 0,000134
всероссийская 0,843970 0,000163
всероссийской 0,713350 0,000344
всесоюзная 0,843970 0,000244
всея 2,207275 0,000213
вставлена 3,912023 0,000377
вставленные 3,912023 0,000377
вся 0,994252 0,000096
всякому 3,912023 0,000377
втб 1,714798 0,000165
вторичных 2,813411 0,000543
второго 1,139434 0,000110
второе 1,272966 0,000246
второй 0,274437 0,000026
вуз 1,832581 0,000177
вуза 2,302585 0,000444
вузов 0,891598 0,000086
вухин 3,912023 0,000377
входит 0,653926 0,000315
входят 0,713350 0,000138
вцик 1,832581 0,000707
выборы 1,347074 0,000130
выбрали 2,659260 0,000257
выбран 2,525729 0,000244
выброс 3,506558 0,000338
выбросов 1,609438 0,001242
выбросы 1,771957 0,000342
выброшено 3,218876 0,000311
выдающихся 2,302585 0,000444
выделяются 1,386294 0,000134
вымпел 3,218876 0,000311
вынужденной 3,506558 0,000338
выпадает 1,203973 0,000116
выповым 3,912023 0,000377
выполнении 2,659260 0,000257
выполняется 2,207275 0,000213
выполняли 2,995732 0,000289
выполняются 1,660731 0,000160
выпускал 3,218876 0,000311
выпуске 2,995732 0,000289
выпустил 2,040221 0,000590
выпущена 1,609438 0,000155
выражению 3,218876 0,000311
вырезано 3,912023 0,000377
выросший 3,506558 0,000338
высокая 1,237874 0,000119
высокий 1,347074 0,000130
высокое 1,660731 0,000160
высокотехнологичная 3,912023 0,000377
высокую 1,832581 0,000354
высота 0,562119 0,000054
высоте 1,514128 0,000292
высотный 3,218876 0,000311
высоцкий 2,813411 0,000271
выставки 1,660731 0,000160
выставочного 3,506558 0,000338
выстоял 3,912023 0,000377
выстроен 2,813411 0,000271
выстроены 3,218876 0,000311
выступления 1,897120 0,000183
высунутым 3,912023 0,000377
высшая 1,386294 0,000134
высшее 1,021651 0,000197
высшей 1,272966 0,000123
выше 0,616186 0,000059
вышел 1,469676 0,000142
вышеперечисленных 3,218876 0,000311
газами 3,912023 0,000377
газета 0,616186 0,000594
газетами 2,813411 0,000271
газеты 0,994252 0,000096
газозаправочные 3,912023 0,000377
газонаполнительные 3,912023 0,000377
газообразные 3,218876 0,000311
газоочистных 3,912023 0,000377
газпром 1,714798 0,000165
газпромбанк 2,407946 0,000232
гайслера 3,912023 0,000377
гамма-фон 3,912023 0,000377
гамулин 3,912023 0,000377
гарий 3,912023 0,000377
гата 3,912023 0,000377
гектаров 1,771957 0,000171
генерал-лейтенант 3,506558 0,000338
генеральной 2,995732 0,000289
генеральный 0,967584 0,000187
генпланам 3,912023 0,000377
географические 0,713350 0,000069
географическое 0,693147 0,000134
география 0,462035 0,000134
геоморфологических 3,912023 0,000377
георгиевский 2,995732 0,000289
георгия 1,897120 0,000366
геральдика 2,659260 0,000257
геральдики 2,659260 0,000257
геральдический 1,897120 0,000366
геральдическое 2,995732 0,000289
геральдической 2,995732 0,000289
герасименко 2,995732 0,000867
геращенко 3,506558 0,000338
герб 0,820981 0,001267
герба 1,427116 0,000413
гербе 1,609438 0,000311
героев 2,120264 0,000205
герои 2,207275 0,000639
герой 1,560648 0,000301
геронтологии 3,912023 0,000377
героя 1,832581 0,000177
герхардом 3,912023 0,000377
гигиены 3,218876 0,000932
гидроотвал 3,912023 0,000377
гидув 3,912023 0,000377
гималаям 3,912023 0,000377
гимн 0,820981 0,000713
гимна 2,302585 0,000666
гимне 3,218876 0,000621
гипрококс 3,912023 0,000377
гкб 3,506558 0,000338
глава 0,673345 0,000130
главного 1,237874 0,000119
главный 0,916291 0,000088
главным 0,967584 0,000093
главными 1,832581 0,000177
главы 0,967584 0,000187
глобус 2,659260 0,000513
глотов 3,506558 0,000338
глубина 1,609438 0,000155
глухом 3,912023 0,000377
гмпр 3,912023 0,000377
говор 3,506558 0,000677
гоголя 2,407946 0,001858
год 0,235722 0,000614
года -0,009950 -0,000262
годавикипедия 0,616186 0,000119
годах 0,385662 0,000372
годов 0,356675 0,000275
годовыми 2,995732 0,000289
годом 0,941609 0,000091
году 0,072571 0,000525
годугорода 1,714798 0,000331
годы 0,356675 0,000172
голов 2,659260 0,000257
головная 3,912023 0,000377
голову 2,407946 0,000232
гончарова 2,659260 0,000257
гор 1,309333 0,000253
гора 1,139434 0,000220
горбатого 3,912023 0,000377
гордится 3,912023 0,000377
горе 1,771957 0,000171
горисполкома 2,120264 0,000205
горит 2,813411 0,000271
горка 2,407946 0,000232
горкома 2,813411 0,000271
горловка 1,309333 0,000126
горно-алтайск 3,506558 0,000338
горно-транспортный 3,912023 0,000377
горной 2,525729 0,000487
горнолыжная 2,995732 0,000289
горнолыжный 2,659260 0,000257
горными 2,995732 0,000289
горняков 3,912023 0,000377
город 0,544727 0,003573
города 0,430783 0,004280
города-побратимы 0,891598 0,000344
городам 0,798508 0,000077
городами 0,916291 0,000088
городах 1,272966 0,000123
городе 0,693147 0,002474
городновокузнецк 3,912023 0,000377
городов 0,579818 0,001007
городовая 3,506558 0,000338
городок 1,386294 0,000134
городом 0,798508 0,000385
городпро 0,867501 0,000084
городработ 3,506558 0,000338
городс 3,506558 0,000338
городская 0,843970 0,000570
городские 0,941609 0,000182
городским 0,798508 0,000077
городскими 2,207275 0,000213
городских 0,713350 0,000963
городского 0,693147 0,001739
городской 0,755023 0,000656
городском 1,427116 0,000413
городскую 1,609438 0,000155
городу 0,798508 0,000924
городя 3,912023 0,000377
горожан 1,309333 0,000505
горсовета 2,120264 0,000205
горы 1,108663 0,000321
горький 2,525729 0,000244
горьковская 3,506558 0,000338
госкомстат 0,891598 0,000172
господня 2,207275 0,000213
гостиница 1,386294 0,000134
гостиницы 1,347074 0,000130
государева 3,506558 0,000338
государственная 0,941609 0,000091
государственного 0,616186 0,000119
государственное 0,776529 0,000075
государственной 0,616186 0,000178
государственный 0,430783 0,000416
государственными 2,659260 0,000257
готовят 3,218876 0,000311
готовящихся 3,912023 0,000377
гоудод 3,912023 0,000377
грабарь 3,506558 0,000338
градусов 1,897120 0,000183
граждан 1,309333 0,000126
гражданская 1,514128 0,000146
гражданской 0,967584 0,000187
гражданскую 2,995732 0,000289
гранд 2,995732 0,000289
грани 2,302585 0,000222
гранит 3,912023 0,000755
границ 0,916291 0,000088
границах 1,078810 0,000208
граничит 2,040221 0,000197
гранула 3,912023 0,000377
граффити-портрет 3,912023 0,000377
граффити-портретам 3,912023 0,000377
граффити-портретах 3,912023 0,000377
греко-католический 3,912023 0,000377
греко-римского 3,912023 0,000377
греко-римской 2,813411 0,000271
грибы 2,813411 0,000271
гривой 3,506558 0,000338
григорий 1,832581 0,000177
гринвича 3,506558 0,000338
грицюка 3,912023 0,000377
группа 0,693147 0,000401
группами 2,995732 0,000578
группы 0,634878 0,000061
гтрк 1,049822 0,000101
губернатор 1,272966 0,000368
губернии 0,994252 0,000384
гужевая 3,912023 0,000377
гуманитарно-педагогический 3,218876 0,000311
гуманитарно-технический 3,506558 0,000338
гумбург 3,912023 0,000377
гурьевск 3,218876 0,000932
гурьевска 3,506558 0,000677
гурьевский 3,218876 0,000932
далее 0,693147 0,000134
даллас 3,912023 0,000377
дальнее 2,995732 0,000289
дальнейшее 1,832581 0,000177
данное 1,966113 0,000190
данным 0,415515 0,000200
данных 0,616186 0,000059
дань 2,659260 0,000257
дата 0,030459 0,000411
даты 1,427116 0,000138
дача 1,832581 0,000177
дашевский 3,912023 0,000377
двадцатых 3,912023 0,000377
дважды 1,272966 0,000123
две 0,527633 0,000153
двенадцатью 3,912023 0,000377
двери 2,659260 0,000257
движение 0,820981 0,000158
движения 0,733969 0,000071
двое 3,506558 0,000338
дворец 0,967584 0,000280
двукратный 2,407946 0,000232
двух 0,462035 0,000089
девяти 2,995732 0,000289
действиях 2,813411 0,000271
действовал 1,660731 0,000160
действовала 1,832581 0,000177
действовать -0,009950 -0,000002
действует 0,634878 0,000612
действуют 0,867501 0,000167
действующая 2,407946 0,000232
действующий 2,040221 0,000394
дек 0,820981 0,000158
декабрь 1,108663 0,000107
декабря 0,105361 0,000203
декоративная 3,506558 0,000338
дела 1,469676 0,000142
деление 0,673345 0,000260
дело 1,078810 0,000104
деловому 3,912023 0,000377
демидов 3,218876 0,000311
демидова 2,525729 0,000244
демоскоп 0,820981 0,000238
денис 2,040221 0,000197
день 0,562119 0,000488
депутат 2,040221 0,000197
депутатов 0,891598 0,001118
депутаты 1,347074 0,000130
деревьев 1,469676 0,000142
деревянного 2,207275 0,000213
деревянный 1,966113 0,000379
десталинизации 3,506558 0,000338
десяти 1,560648 0,000151
десятикратный 3,912023 0,000377
детей 0,941609 0,000091
детская 0,916291 0,000088
детские 1,660731 0,000320
детских 1,272966 0,000246
детское 2,120264 0,000205
детской 2,040221 0,000197
детям 2,525729 0,000244
деятелей 2,040221 0,000394
деятельности 0,446287 0,000086
деятельность 0,653926 0,000126
деятеля 2,407946 0,000232
джекетс 3,912023 0,000377
дзержинск 1,347074 0,000130
дзэн 3,912023 0,000377
диагностики 3,218876 0,000311
диалком 3,912023 0,000377
диапазоне 2,302585 0,000222
дивизии 2,207275 0,000213
дизайна 2,302585 0,000222
димитрова 2,813411 0,000271
диоксид 2,995732 0,001734
директор 1,832581 0,000177
дислокации 3,218876 0,000311
дитя 3,912023 0,000377
длится 2,040221 0,000197
дней 0,446287 0,000301
днейнп 3,912023 0,000377
дня 0,478036 0,000461
добавив 0,941609 0,000091
доблести 1,347074 0,000910
доблестиновокузнецкпереименованные 3,912023 0,000377
добрый 2,659260 0,000257
добычу 2,407946 0,000232
доватора 3,912023 0,000377
доверия 2,995732 0,000578
додин 3,506558 0,000338
дождь 2,407946 0,000232
доз 3,912023 0,000377
дозы 3,912023 0,000377
доклад 1,514128 0,000730
докладу 3,218876 0,001242
доктор 1,714798 0,000165
документах 1,560648 0,000151
документом 3,218876 0,000621
документы 1,386294 0,000134
должен 1,078810 0,000312
должна 0,544727 0,000053
долин 2,813411 0,000271
доля 0,733969 0,000142
дом 0,562119 0,000434
дома 0,798508 0,000616
дома-гиганты 3,912023 0,000755
дома-музея 3,912023 0,000377
домам-коробкам 3,912023 0,000755
домах 2,120264 0,000205
доме 1,427116 0,000275
доменной 3,912023 0,000377
домов 1,078810 0,000520
домостроительная 3,912023 0,000377
домостроительного 3,912023 0,000377
доп 0,597837 0,000173
допобразования 3,912023 0,000377
дополнений 3,218876 0,000311
дополнительно 2,525729 0,000244
дополнительные -0,009950 -0,000001
допустимых 2,659260 0,000257
дорога 0,798508 0,000077
дорогами 2,120264 0,000205
дороги 0,713350 0,000138
дорожное 1,771957 0,000171
дорофеев 3,506558 0,000677
дорофеева 3,506558 0,000677
досок 2,813411 0,000271
достаточно 0,820981 0,000158
достаточного 2,995732 0,000289
достигал 2,995732 0,000289
достигала 2,995732 0,000289
достигнутые 2,040221 0,000197
достоевский 3,218876 0,000932
достоевского 2,525729 0,001218
достопримечательности 1,049822 0,000203
достраивает 3,912023 0,000377
доступ 1,203973 0,000116
доступен -0,009950 -0,000001
доступность 2,407946 0,000232
доходными 3,506558 0,000338
драгоценного 3,912023 0,000377
драматический 1,203973 0,000348
драматического 2,525729 0,000487
драматург 3,218876 0,000311
драмтеатр 2,995732 0,000289
драмтеатра 3,218876 0,000311
дрег-рейсингу 3,912023 0,000377
дроздецкий 3,912023 0,000377
другие 0,030459 0,000026
другим 0,733969 0,000142
других -0,009950 -0,000005
дружба 1,832581 0,000177
дружбы 1,560648 0,000602
дублирует 3,912023 0,000377
дублируя 3,912023 0,000377
дунауйварош 3,506558 0,000338
духовная 1,386294 0,000267
духовного 1,966113 0,000379
духовное 2,040221 0,000197
духовной 1,771957 0,000171
духовную 3,506558 0,000677
душанбе 2,659260 0,000257
дыхания 2,659260 0,000257
дышать 3,218876 0,000311
евангельских 1,660731 0,000160
евангельской 2,120264 0,001432
евгений 1,347074 0,000130
евдокимов 3,218876 0,000311
евраз 3,506558 0,000677
евраз-сибирь 3,912023 0,000377
евразу 3,912023 0,000377
евреев 2,813411 0,000271
евреи 1,203973 0,000232
еврейская 0,843970 0,000081
евромед 3,506558 0,000338
европа 0,941609 0,000091
европы 0,673345 0,000130
единая 1,469676 0,000142
единиц 0,673345 0,000260
единой 1,771957 0,000171
единственный 1,171183 0,000113
единый 1,469676 0,000142
ежегодник 0,820981 0,000950
екатеринбург 0,843970 0,000163
екатерины 1,514128 0,000146
елена 1,560648 0,000151
ели 2,525729 0,000244
елисаветы 3,218876 0,000311
емелин 3,912023 0,000377
емельянов 3,218876 0,000311
епархии 1,108663 0,000107
епархия 1,560648 0,000151
епископа 2,525729 0,000244
ермакова 3,912023 0,001510
ерунаково 3,218876 0,000932
ефимова 3,218876 0,000311
ефрона 0,328504 0,000095
жара 2,525729 0,000244
желающих 2,995732 0,000289
железнодорожная 1,309333 0,000126
железнодорожного 0,967584 0,000187
железнодорожный 0,755023 0,000364
железнодорожным 1,771957 0,000171
железной 0,755023 0,000146
желтая 2,995732 0,000289
женского 2,040221 0,000197
женщин 1,386294 0,000134
живая 2,525729 0,000244
живописцев 2,995732 0,000289
животному 3,506558 0,000338
жидкие 3,218876 0,000311
жидкость 3,912023 0,000377
жил 2,302585 0,000444
жилищное 2,407946 0,000465
жилищному 3,218876 0,000311
жилого 1,966113 0,000190
жилое 2,659260 0,000257
жилой 1,560648 0,000151
жилье 2,120264 0,000409
жителей 0,673345 0,000325
жители 1,049822 0,000101
жителями 1,609438 0,000155
жить 2,407946 0,000232
жрк 3,912023 0,000377
журнал 0,510826 0,000049
журнала 1,427116 0,000138
журналами 3,912023 0,000377
журналист 2,995732 0,000289
журналом 3,218876 0,000621
журналы 1,609438 0,000155
забастовки 3,218876 0,000621
заболеваний 2,207275 0,000426
заверил 3,912023 0,000377
завершено 1,609438 0,000155
завершившейся 3,912023 0,000377
завершил 3,912023 0,000377
завод 0,798508 0,000385
завода 0,941609 0,000363
заводе 1,660731 0,000160
заводов 1,203973 0,000116
заводоуправления 3,506558 0,000338
заводским 3,218876 0,000621
заводское 3,506558 0,000338
заводской 2,995732 0,001445
заводском 3,912023 0,003774
заводу 2,659260 0,000257
заводы 1,237874 0,000239
заглавная -0,009950 -0,000001
загрязнена 3,218876 0,000311
загрязнение 1,309333 0,000505
загрязнения 1,203973 0,000465
загрязненных 2,407946 0,000465
загрязнители 3,218876 0,000311
загрязняющими 3,912023 0,000377
загрязняющих 1,660731 0,000481
загса 3,506558 0,000338
заданий 3,506558 0,000338
задача 1,660731 0,000160
задачах 2,995732 0,000289
задачи 1,469676 0,000142
задержек 3,912023 0,000377
задней 3,912023 0,000377
зажатым 3,912023 0,000377
заживо 3,912023 0,000377
зайцев 2,207275 0,000213
заказ 2,813411 0,000271
заключенную 3,912023 0,000377
закон 0,616186 0,000178
законом 2,407946 0,000232
закончил 3,506558 0,000338
закрывается 3,218876 0,000311
закрылись 3,912023 0,000377
закрыт 1,386294 0,000134
закрытии 2,995732 0,000578
закрыто 2,040221 0,000197
закрыты 1,966113 0,000190
закрыть 3,912023 0,000377
заменить 0,562119 0,000108
замок 2,659260 0,000257
заморозками 3,218876 0,000311
занимает 0,616186 0,000119
занимал 1,469676 0,000142
занимая 2,040221 0,000197
занял 1,139434 0,000550
занялось 3,912023 0,000377
зао 1,514128 0,000584
зап-сибтранстелеком 3,912023 0,000377
запад 1,427116 0,000138
запада 1,021651 0,000099
западно-сибирский 2,525729 0,000487
западно-сибирского 2,813411 0,001357
западно-сибирской 2,120264 0,000205
западно-сибирскую 2,995732 0,000289
западной 0,994252 0,000096
записьвойти -0,009950 -0,000001
запланировано 2,207275 0,000213
запорожская 2,659260 0,000257
запорожской 3,218876 0,000311
запорожье 3,506558 0,000338
заправочные 3,506558 0,000338
запрос 1,514128 0,000146
запсиб 3,912023 0,000377
запсиба 3,912023 0,000377
запсибовец 3,912023 0,000755
запсибовский 3,912023 0,000377
запсибовцев 3,912023 0,000377
запуск 2,120264 0,000205
запустили 1,897120 0,000183
запущен 1,386294 0,000134
запылена 3,912023 0,000377
заработавшего 3,912023 0,000377
зарегистрировал 3,912023 0,000377
зарегистрирована 2,040221 0,000197
зарегистрированный -0,009950 -0,000001
зарегистрировано 1,309333 0,000126
зарегистрированы 1,771957 0,000171
заринск 3,506558 0,000338
зарождение 2,525729 0,000487
зарплата 2,525729 0,000487
зарплаты 2,659260 0,000257
заря 1,560648 0,000151
заседании 1,771957 0,000171
заслуги 1,966113 0,000190
заслуженная 3,506558 0,000338
заслуженного 3,218876 0,000311
заслуженный 2,040221 0,000984
застоя 3,218876 0,000311
застройка 1,272966 0,000123
затем 0,527633 0,000102
затон 1,560648 0,000151
зафиксирован 2,207275 0,000213
захватчиков 2,659260 0,000257
захоронений 2,407946 0,000232
зачатия 3,506558 0,000677
заявление -0,009950 -0,000001
збекча 0,000000 0,000000
звания 1,203973 0,000116
звезда 1,237874 0,000119
зверски 3,912023 0,000377
зверства 3,912023 0,000377
звукового 3,218876 0,000311
звуковой 3,506558 0,000338
здание 0,776529 0,000599
зданием 1,660731 0,000320
здании 1,171183 0,000113
зданий 1,049822 0,000203
здания 0,867501 0,000167
здоровое 3,912023 0,000377
здоровье 1,609438 0,000311
здоровья 1,771957 0,000855
здравоохранение 0,941609 0,000182
зелени 3,218876 0,000311
зеленин 3,912023 0,000377
зеленогорский 3,218876 0,000311
зеленодольск 1,237874 0,000119
зеленое 2,525729 0,000244
зеленой 2,040221 0,000394
зеленом 2,207275 0,000213
зеленому 3,912023 0,000377
земельные 2,995732 0,000289
земельный 2,407946 0,000232
земельными 3,912023 0,000377
земле 0,994252 0,000192
землей 2,302585 0,000222
земли 0,634878 0,000122
зима 1,021651 0,000099
зимний 1,660731 0,000160
зиновьев 3,218876 0,000311
зинченко 3,506558 0,000338
зияет 3,912023 0,000377
златоуст 1,347074 0,000130
златоуста 3,218876 0,000621
знак -0,009950 -0,000001
знаков 2,120264 0,000205
знаковый 3,912023 0,000377
знамени 1,832581 0,000354
знаменинаселенные 2,302585 0,000222
знаменит 2,995732 0,000289
знаменитостей 3,912023 0,000377
знаменитости 3,912023 0,000377
знаменитые 2,302585 0,000222
знаменитых 2,995732 0,000578
знамя 2,040221 0,000590
значение 0,314711 0,000030
значения 0,105361 0,000051
значимости 2,302585 0,000222
значит 1,560648 0,000151
значительное 1,309333 0,000126
значительный 1,347074 0,000130
значительными 2,813411 0,000271
знаю 3,506558 0,001353
зня 0,000000 0,000000
зовет 3,506558 0,000338
золоте 3,912023 0,000377
золотое 2,207275 0,000213
золотой 0,843970 0,000244
золотом 1,966113 0,000379
золотые 2,040221 0,000197
золотыми 2,995732 0,000578
зона 0,891598 0,000086
зональная 2,995732 0,000289
зоне 0,527633 0,000153
зсиц 3,912023 0,000377
зсмк 3,912023 0,005283
зубцах 2,995732 0,000289
зыряновка 3,912023 0,000377
зыряновская 3,912023 0,000377
зыряновской 3,912023 0,000377
иван 0,843970 0,000081
ивана 1,078810 0,000104
иваново 1,139434 0,000110
иверской 2,813411 0,000271
игр 1,609438 0,000776
игре 2,525729 0,000244
идентификаторы 0,693147 0,000067
идет 1,078810 0,000208
иеговы 3,218876 0,000932
ижевск 1,139434 0,000110
ижморский 3,506558 0,000677
из-за 0,415515 0,000040
избираемых 1,897120 0,000366
избран 1,386294 0,000134
избранные 2,302585 0,000222
избранный 2,995732 0,000289
известен 1,203973 0,000116
известного 1,609438 0,000155
известное 2,407946 0,000232
известный 0,941609 0,000273
известных 1,171183 0,000226
извещения 3,912023 0,000377
изд 0,314711 0,000121
издается 2,120264 0,000205
издание 0,776529 0,000075
изданием 2,659260 0,000257
издания 1,049822 0,000101
издательский 1,514128 0,000146
издательство 0,510826 0,000197
излучения 2,995732 0,000289
изменен 2,813411 0,000271
изменении 2,302585 0,000222
изменений 1,272966 0,000123
изменения 0,562119 0,000108
изменениями 1,427116 0,000138
изменениях 2,407946 0,000232
изменилась 2,407946 0,000232
изменяется 1,771957 0,000171
изображение 1,427116 0,000275
изображением 1,966113 0,000190
изопропиловый 3,912023 0,000377
изумрудный 3,218876 0,000311
иисуса 2,407946 0,000232
икона 2,995732 0,000289
иконный 3,912023 0,000377
иконы 1,347074 0,000650
ильвеса 3,912023 0,000377
ильин 2,525729 0,000244
ильинка 2,813411 0,000271
ильинские 3,912023 0,000377
ильинский 2,813411 0,000271
имевший 2,525729 0,000244
имеет 0,235722 0,000023
имеется 0,653926 0,000505
имелись 2,525729 0,000244
именем 1,272966 0,000246
имени 0,462035 0,000401
именно 0,544727 0,000053
именовался 2,407946 0,000465
именуются 2,995732 0,000289
имеют 0,371064 0,000036
имеются 0,843970 0,000570
имеющие 1,714798 0,000165
имеющих 1,272966 0,000123
императорские 3,912023 0,000377
императорской 2,659260 0,000257
имя 0,891598 0,000344
иначе 0,733969 0,000071
инвалидов 2,407946 0,000465
индекс 0,941609 0,000091
индексом 3,912023 0,000377
индуизм 3,506558 0,001015
индустриализации 2,120264 0,000409
индустриализация 3,218876 0,000311
индустриальный 1,966113 0,000569
инженер 2,407946 0,000232
инженера 2,207275 0,000213
инокини 3,912023 0,000377
институт 0,478036 0,000646
института 0,755023 0,000146
институты 1,660731 0,000320
инструменты -0,009950 -0,000003
интернет 0,916291 0,000088
интернет-телевидение 3,506558 0,000338
информации 0,446287 0,000215
информационно-библиотечную 3,912023 0,000377
информационно-досуговый 3,912023 0,000377
информационное 1,469676 0,000142
информация 0,446287 0,000086
инфраструктура 1,347074 0,000130
инфраструктуры 1,272966 0,000123
инэка 3,912023 0,000377
иоанна 1,469676 0,000851
ионин 3,912023 0,000377
иосифа 2,407946 0,000232
ирина 1,660731 0,000160
иркутск 1,171183 0,000226
иркутского 2,659260 0,000257
ирон 0,000000 0,000000
исаевой 3,912023 0,000755
исключением 1,347074 0,000130
искусств 0,916291 0,000177
искусства 0,733969 0,000071
искусство 0,994252 0,000192
ислам 1,427116 0,000275
исполнения 1,469676 0,000142
исполнитель 3,506558 0,000338
исполнительница 3,912023 0,000377
исполнительно-распорядительный 2,302585 0,000222
исполняет 2,407946 0,000232
использования -0,009950 -0,000001
используется 0,616186 0,000119
использующие 0,040822 0,000008
испр 1,832581 0,000177
исправить 1,832581 0,000177
испытательный 3,506558 0,000338
исследованием 3,218876 0,000311
исследователь 2,207275 0,000213
истока 1,021651 0,000099
истоку 3,912023 0,000377
истории 0,248461 0,000240
историко-архитектурном 3,912023 0,000377
исторические 0,941609 0,000182
исторический 0,653926 0,000189
историческое 1,660731 0,000160
историческому 3,218876 0,000311
история 0,051293 0,000049
источник -0,009950 -0,000007
источниками 0,776529 0,000150
источники 0,415515 0,000160
источников 0,371064 0,000179
истребят 3,912023 0,000377
исходят 3,912023 0,000377
исчислении 0,843970 0,000081
итогам 1,139434 0,000110
итоге 1,427116 0,000138
итоги 0,713350 0,000138
итогов 0,891598 0,000172
иудаизм 1,966113 0,000379
иудаизма 2,995732 0,000289
иудейская 2,813411 0,000271
ишимбай 1,309333 0,000126
июль 0,579818 0,000112
июль-август 3,912023 0,000377
июля 0,116534 0,000506
июне 0,967584 0,000187
июнь 0,544727 0,000105
июня 0,116534 0,000427
кавалер 2,659260 0,000257
казаков 1,660731 0,000160
казань 0,891598 0,000172
казахи 1,514128 0,000146
казахская 3,506558 0,000338
казахской 3,506558 0,000338
казачьи 2,659260 0,000257
казначейства 2,995732 0,000289
календарного 3,912023 0,000377
калтан 3,506558 0,000677
калтанский 3,506558 0,000338
калтанским 3,912023 0,000377
камбурова 3,912023 0,000377
каменный 1,714798 0,000165
каменных 1,832581 0,000177
каменск-уральский 1,347074 0,000130
камерный 1,966113 0,000379
камне 2,659260 0,000513
камский 2,995732 0,000289
канал 0,843970 0,000244
каналах 3,218876 0,000311
каналов 1,427116 0,000138
каньон 3,506558 0,000338
капризов 3,506558 0,000338
карлык 3,912023 0,000755
карта 0,776529 0,000075
картами 0,562119 0,000054
карте 1,108663 0,000214
карты 0,941609 0,000091
каскадный 3,912023 0,000377
касперовской 3,912023 0,000377
каспийск 1,272966 0,000123
каталанская 0,527633 0,000051
каталогах 0,094311 0,000009
категории -0,009950 -0,000002
категорий 1,966113 0,000190
катовице 3,506558 0,000338
католицизм 2,207275 0,000426
католический 1,714798 0,000165
католической 2,525729 0,000487
кафтанчиково 3,218876 0,000311
качества 1,078810 0,000104
качестве 0,478036 0,000092
квадрат 2,995732 0,000289
квартале 2,407946 0,000232
квн 2,659260 0,000257
кгпи 3,912023 0,001132
кемгу 3,506558 0,002368
кемерова 3,218876 0,000311
кемерово 1,237874 0,001314
кемеровская 2,407946 0,001626
кемеровский 3,506558 0,001691
кемеровского 2,995732 0,000578
кемеровское 3,506558 0,001015
кемеровской 2,659260 0,006670
кзф 3,912023 0,000377
километров 1,078810 0,000104
кино 0,994252 0,000575
киноактер 3,912023 0,000755
кинозал 2,659260 0,000257
кинозала 2,813411 0,000271
кинозалов 2,525729 0,000487
кинозалы 2,995732 0,000289
кинотеатр 1,108663 0,000321
кинотеатра 1,771957 0,000342
кинотеатров 1,237874 0,000119
кинотеатры 1,078810 0,000208
кира 3,506558 0,000338
киргизы 1,560648 0,000151
кирилл 2,302585 0,000889
кирилла 1,966113 0,000190
киров 1,309333 0,000126
кирова 1,386294 0,000401
кирпичную 3,506558 0,000338
киселевск 3,218876 0,001242
киселевский 3,506558 0,000338
киселевским 3,912023 0,000377
кислицына 3,912023 0,000377
кисловодска 3,218876 0,000311
кислоторастворимых 3,912023 0,000377
кифсин 3,912023 0,000377
кктс 3,912023 0,000377
кладбища 1,560648 0,000602
кладбищами 3,912023 0,000377
класса 1,203973 0,000116
классов 1,660731 0,000160
классовой 3,506558 0,000338
клещи 3,506558 0,000338
климасенко 3,912023 0,000755
климат 0,494296 0,000334
климата 0,733969 0,000071
климатом 2,040221 0,000197
клименко 2,995732 0,000289
клиника 3,218876 0,000311
клинические 3,218876 0,000621
клинических 3,218876 0,000311
клуба 1,660731 0,000160
клубы 1,108663 0,000214
кмк 3,506558 0,004059
книге 1,309333 0,000126
книги 0,916291 0,000177
книгогид 3,912023 0,000377
книжное 1,078810 0,000312
княгини 2,813411 0,000271
кого 2,207275 0,000213
код -0,009950 -0,000062
кода 0,798508 0,000077
кодекс -0,009950 -0,000001
кодистория 0,116534 0,000011
козелем 3,912023 0,000377
козюлино 3,218876 0,000311
коламбус 3,912023 0,000377
коларово 3,218876 0,000311
колебаниями 2,995732 0,000289
количества 0,941609 0,000182
количестве 1,714798 0,000165
количество 0,328504 0,000063
количеству 1,309333 0,000253
коллегии 2,995732 0,000289
колледж 1,386294 0,000936
колледж-интернат 3,912023 0,000377
колледжи 2,525729 0,000244
коллектив 2,407946 0,000465
коллективами 3,912023 0,000377
коллекцию 2,995732 0,000289
коллекция 1,714798 0,000165
коломна 1,272966 0,000123
колонии 2,407946 0,000232
колония 2,302585 0,000444
колчака 2,302585 0,000222
кольцевая 2,659260 0,000257
кольцевые 3,912023 0,000377
кольчезас 3,218876 0,000311
ком 2,813411 0,000271
команда 1,272966 0,000246
командир 2,813411 0,000271
командиров 3,912023 0,000377
командном 3,912023 0,000377
комбинат 1,171183 0,000678
комбината 2,525729 0,001462
комитет 0,755023 0,000073
комитета 1,203973 0,000116
комлайн 3,912023 0,000377
комментарии 1,386294 0,000134
коммерческий 2,207275 0,000213
коммерческое 2,407946 0,000232
коммунар 3,218876 0,000621
комната 3,218876 0,000311
компании 0,579818 0,000112
компанию 2,302585 0,000222
компания 0,653926 0,000126
комплекс 0,653926 0,000315
комплекса 1,272966 0,000246
комплексных 2,659260 0,000513
комплексов 1,386294 0,000134
комплексы 1,514128 0,000146
композитор 1,966113 0,000190
композиций 2,813411 0,000543
компрессорные 3,506558 0,000338
комсомольск-на-амуре 1,203973 0,000116
комсомольская 1,171183 0,000339
комфортабельности 3,912023 0,000377
комфортнее 3,506558 0,000338
комягин 3,912023 0,000377
кондома 3,912023 0,000377
кондомское 3,912023 0,000377
кондомском 3,912023 0,000377
кондомы 3,912023 0,000755
конечной 2,525729 0,000487
конкурс 1,832581 0,000177
конные 3,506558 0,000338
константинович 3,218876 0,000311
константиновича 3,218876 0,000311
консультантплюс 3,218876 0,000311
консультанты 3,912023 0,000377
континент 2,120264 0,000409
континента 3,218876 0,000311
континентальный 0,776529 0,000075
континентальным 2,525729 0,000244
контролировал 3,506558 0,000338
контролирующих 2,995732 0,000289
контрольный 2,659260 0,000257
контроля 1,560648 0,000301
конфиденциальности -0,009950 -0,000001
конца 0,562119 0,000163
конце 0,430783 0,000083
концентрация 2,040221 0,000197
концу 0,994252 0,000096
конь 3,218876 0,000621
копированной 3,912023 0,000377
копия 0,328504 0,000317
копытами 3,912023 0,000377
корабельная 3,506558 0,000338
коренного 3,506558 0,000338
коренное 3,506558 0,000338
корона 2,302585 0,000222
короной 2,207275 0,000213
короткий -0,009950 -0,000001
короткое 2,659260 0,000513
короче 3,506558 0,000338
корпус 1,272966 0,000123
корты 2,995732 0,000289
косилова 3,912023 0,000755
космическое 3,218876 0,000311
космонавтов 2,040221 0,000197
кострома 1,171183 0,000113
костяницын 3,912023 0,000377
косыгина 3,218876 0,000311
котельных 2,407946 0,000232
котловины 2,659260 0,000257
котова 3,506558 0,000338
которая 0,287682 0,000056
которого 0,301105 0,000145
которое 0,478036 0,000092
которой 0,174353 0,000101
котором 0,301105 0,000116
которые 0,162519 0,000031
который 0,105361 0,000071
которых 0,094311 0,000073
кпрф 2,207275 0,000213
кпсс 1,832581 0,000354
кравец 1,386294 0,000134
кравчук 3,218876 0,000311
краеведческий 1,237874 0,000239
крайне 1,832581 0,000177
крапивинский 3,218876 0,000932
красилов 3,912023 0,000755
красилова 3,912023 0,000377
красная 1,108663 0,000107
красноармейцами 3,912023 0,000377
красного 1,272966 0,000491
красной 0,967584 0,000187
красноярск 0,967584 0,000280
красный 0,941609 0,000454
красных 2,120264 0,000205
кратный 2,813411 0,000271
края 0,713350 0,000413
крематорий 3,218876 0,000311
крепости 1,203973 0,000232
крепостной 2,659260 0,000257
крепость 1,078810 0,000624
крест 2,120264 0,000205
креста 2,040221 0,000394
крещения 3,912023 0,000377
кризис 1,897120 0,000183
критериям 2,302585 0,000222
кришны 2,813411 0,000271
кровавым 3,506558 0,000338
кровавых 3,506558 0,000338
кроме 0,235722 0,000091
кронштадтского 2,995732 0,000289
кругленькое 3,912023 0,000377
крупная 1,514128 0,000146
крупнейший 0,755023 0,000073
крупнейшим 1,203973 0,000232
крупнейших 0,634878 0,000245
крупные 0,579818 0,000056
крупным 1,021651 0,000099
кручина 3,912023 0,000377
крыма 0,843970 0,000081
кряжа 3,218876 0,000311
ксении 3,218876 0,000311
кубка 1,347074 0,000130
кузанский 2,995732 0,000289
кузбасс 3,218876 0,001553
кузбасс-пригород 3,912023 0,000377
кузбасса 3,218876 0,004347
кузбассе 3,506558 0,002706
кузбасская 3,506558 0,001691
кузбасские 3,912023 0,000377
кузбасский 3,506558 0,001353
кузбасского 2,995732 0,000578
кузбасской 3,912023 0,001510
кузбасскую 3,506558 0,000677
кузгпа 3,912023 0,000377
кузгту 3,506558 0,000338
кузне 0,000000 0,000000
кузнецк 2,302585 0,002443
кузнецк-сталинск-новокузнецк 3,912023 0,000755
кузнецка 2,995732 0,003468
кузнецка-сталинска-новокузнецка 3,912023 0,000377
кузнецкая 3,912023 0,003019
кузнецкбизнесбанк 3,912023 0,000377
кузнецкдо 3,912023 0,000377
кузнецке 3,912023 0,002642
кузнецкие 3,912023 0,000377
кузнецкий 3,218876 0,011179
кузнецким 3,506558 0,000338
кузнецкими 3,912023 0,000755
кузнецких 3,506558 0,001015
кузнецкметаллургстрой 3,912023 0,000377
кузнецкого 3,218876 0,002795
кузнецкое 3,912023 0,000755
кузнецкой 3,506558 0,002368
кузнецком 3,218876 0,002174
кузнецкому 3,912023 0,000755
кузнецкпромстрой 3,912023 0,000377
кузнецкстрое 3,912023 0,001510
кузнецкстроевский 3,912023 0,000377
кузнецкстрой 3,912023 0,001132
кузнецкстроя 3,912023 0,000377
кузнецктяжстрой 3,912023 0,000377
кузнецку 3,912023 0,000377
кузнецов 1,714798 0,000496
кузнецова 2,040221 0,000197
кузнечан 3,912023 0,000377
кузнечного 2,995732 0,000578
кузнечное 3,218876 0,000311
кузница 3,506558 0,001015
кузню 3,912023 0,000377
кузня 3,912023 0,000755
кузпресс 3,912023 0,000755
кузярина 3,912023 0,000377
куйбышева 2,207275 0,000213
куйбышево 3,912023 0,000755
куйбышевский 1,771957 0,001026
куйбышевском 3,218876 0,002484
куки -0,009950 -0,000001
кукол 0,916291 0,000442
культура 0,653926 0,000252
культурно-методический 3,912023 0,000755
культурного 0,916291 0,000177
культурный 1,108663 0,000107
культурой 2,813411 0,000271
культуры 0,462035 0,000312
купеческих 3,218876 0,000311
купца 1,560648 0,000151
курако 3,912023 0,001510
курбатова 3,912023 0,000377
курган 1,237874 0,000119
курлек 3,218876 0,000311
курса 2,813411 0,000271
курсировал 2,813411 0,000271
курсируют 2,407946 0,000232
кучова 3,506558 0,000338
кыргызча 0,000000 0,000000
лаборатория 1,771957 0,000171
лазаря 3,218876 0,000621
лайт 3,912023 0,000377
лдпр 2,525729 0,000244
лев 1,832581 0,000177
левитан 3,218876 0,000311
левобережная 2,995732 0,000289
левобережной 2,207275 0,000213
левого 1,966113 0,000190
левом 1,309333 0,000253
левый 1,309333 0,000253
легионер 3,912023 0,000377
легче 2,995732 0,000289
ледовые 2,813411 0,000271
лежит 1,560648 0,000151
лекции 2,302585 0,000222
ленин 2,207275 0,000213
ленина 0,867501 0,000251
ленинград 2,120264 0,000205
ленинск-кузнецкий 1,347074 0,000780
лентулов 3,912023 0,000377
леонидович 3,218876 0,000311
леонтий 3,506558 0,000338
лесная 1,660731 0,000160
лесников 3,912023 0,000377
лет 0,223144 0,000409
летие 1,309333 0,000379
летию 1,078810 0,000104
летнего 1,771957 0,000342
летнему 2,813411 0,000271
лето 0,891598 0,000172
летом 0,597837 0,000058
летопись 1,832581 0,000177
лечебные 2,659260 0,000257
лечения 2,659260 0,000257
либо 0,000000 0,000000
лиги 1,386294 0,000267
лизогуб 3,506558 0,005074
ликвидации 1,609438 0,000155
ликвидирован 2,120264 0,000409
ликвидировано 2,525729 0,000244
ликвидировать 2,659260 0,000257
линия 0,891598 0,000086
линск 0,000000 0,000000
липового 3,912023 0,000377
лисин 3,912023 0,000377
лисина 3,912023 0,000377
листвяги 3,912023 0,000755
листвянское 3,912023 0,000377
лит 2,302585 0,000222
литвяков 3,912023 0,000377
литература 0,061875 0,000012
литературе 1,514128 0,000146
литературно-мемориального 3,912023 0,000377
литературно-мемориальный 3,506558 0,000338
литературно-художественным 3,912023 0,000377
литературного 2,120264 0,000205
литуев 3,912023 0,000377
лиц 1,427116 0,000413
лицензии -0,009950 -0,000001
личном 3,218876 0,000311
личные 1,966113 0,000190
лишь 0,478036 0,000046
локальное 1,108663 0,000107
лондон 3,218876 0,000311
лондоне 2,995732 0,000289
лошадь 2,813411 0,000814
луганск 1,203973 0,000116
лужба 3,218876 0,000311
лука 2,659260 0,000257
лучи 2,525729 0,000244
лучшие 1,560648 0,000151
лучших 1,049822 0,000304
лучшую 3,506558 0,000338
лыжные 2,659260 0,000257
лысьва 1,347074 0,000130
льгот 3,218876 0,000311
льготы 3,218876 0,000311
любви 2,407946 0,000232
любили 3,506558 0,000338
любови 2,995732 0,000289
люди 0,755023 0,000291
людьми 1,609438 0,000155
людях 3,506558 0,001015
магадан 1,237874 0,000119
магеллан 3,506558 0,000338
магистрали 1,078810 0,000104
магнитогорск 1,272966 0,000123
мае 0,867501 0,000084
май 0,597837 0,000173
максимум 0,733969 0,000212
макулатуры 3,912023 0,000377
маленькую 3,912023 0,000377
малинина 3,506558 0,000338
малиновку 3,912023 0,000377
малоимущих 3,912023 0,000377
малые 1,832581 0,000177
малый 0,371064 0,000036
малышей 3,506558 0,000338
манеев 3,912023 0,000377
марга 3,506558 0,000338
марией 3,506558 0,000338
мариинск 3,218876 0,001242
мариинский 1,897120 0,000549
мариймонгол 0,000000 0,000000
марка 0,867501 0,000167
март 0,616186 0,000119
марта 0,139262 0,000349
марте 0,967584 0,000280
мартенами 3,912023 0,000377
маршрут 1,272966 0,000368
маршрута 1,469676 0,000284
маршруте 2,407946 0,000232
маршрутках 3,218876 0,000311
маршрутное 2,120264 0,000205
маршрутов 0,967584 0,000467
маршруты 1,272966 0,000246
масло 2,995732 0,000289
маслов 3,218876 0,000932
маслова 3,506558 0,001015
масса 1,609438 0,000155
массовая 2,120264 0,000205
массовой 0,916291 0,000265
мастер 2,040221 0,000787
мастера 2,302585 0,000444
масштабный 3,218876 0,000311
матери 1,347074 0,000260
материал -0,009950 -0,000001
материалов 0,755023 0,000073
материалы 0,843970 0,000081
матросова 3,506558 0,000338
матч 1,347074 0,000130
мать 2,659260 0,000257
машины 1,514128 0,000146
машков 3,506558 0,000677
машковых 3,912023 0,000377
мая 0,139262 0,000618
маяк 1,108663 0,000107
маяковой 3,912023 0,000755
маяковский 2,995732 0,000867
маяковского 2,040221 0,000590
маяковскому 3,218876 0,000311
мвд 1,309333 0,000126
мегафон 1,237874 0,000239
медведи 2,525729 0,000244
медведков 3,912023 0,000377
медиафайлы 0,301105 0,000058
медика 3,506558 0,000338
медиков 2,995732 0,000289
медитационная 3,912023 0,000377
медитация 3,912023 0,000377
медицина 1,897120 0,000732
медицинский 0,891598 0,000344
медицинских 1,427116 0,000826
медицинской 1,514128 0,000146
медицины 1,514128 0,000146
междугородный 2,207275 0,000426
междугородных 3,218876 0,000311
международно 1,139434 0,000110
международного 0,733969 0,000142
международное 1,714798 0,000165
международным 1,966113 0,000190
междуреченск 3,218876 0,002174
междуреченский 3,506558 0,001015
мемориал 1,609438 0,000155
мемориалы 2,995732 0,000289
мемориальный 1,469676 0,000425
мемориальных 2,302585 0,000444
менее 0,314711 0,000030
меньше 0,755023 0,000073
мер 2,040221 0,000197
мерой 3,506558 0,000338
мероприятий 1,514128 0,000292
мероприятиям 3,218876 0,000311
мессершмидта 3,506558 0,000338
мест 0,713350 0,000069
места 0,579818 0,000168
месте 0,544727 0,000158
местная 2,120264 0,002045
местное 1,427116 0,000138
местной 1,832581 0,000177
местные 1,049822 0,000203
местных 1,108663 0,000107
место 0,371064 0,000394
месяцевикипедия 0,776529 0,000075
металлист 2,813411 0,000271
металлов 1,771957 0,000171
металлург 2,659260 0,001539
металлурга 3,506558 0,000338
металлурги 2,995732 0,000289
металлургии 2,040221 0,001181
металлургический 2,407946 0,001858
металлургических 3,218876 0,000311
металлургического 2,525729 0,001218
металлургическом 3,506558 0,000338
металлургическому 3,506558 0,000338
металлургическую 3,218876 0,000311
металлургию 3,506558 0,000338
металлургов 2,813411 0,002714
метан 3,912023 0,000755
метров 0,776529 0,000150
метровый 2,813411 0,000543
мефодия 1,966113 0,000190
меха 3,218876 0,000311
миасс 1,309333 0,000126
миком 3,912023 0,000377
микрорайон 1,660731 0,000481
микрорайона 1,771957 0,000171
микрорайонов 2,040221 0,000197
милицейская 3,218876 0,000311
миллиардер 3,912023 0,000377
мини-футболу 2,995732 0,000289
минимум 0,693147 0,000201
министерства 0,891598 0,000086
министерство 1,108663 0,000535
министерством 1,609438 0,000155
мир 0,342490 0,000033
мира 0,415515 0,000401
мировых 1,560648 0,000151
миронов 2,995732 0,000289
миру 1,560648 0,000301
митинг 2,813411 0,000543
митинское 3,912023 0,000377
митрополии 1,897120 0,000366
митрополит 2,207275 0,000213
митрополита 2,525729 0,000244
михаил 0,916291 0,000354
михаила 1,171183 0,000452
михайлович 1,386294 0,000267
мкр 3,218876 0,000311
младенцев 3,912023 0,000377
млн 0,462035 0,000089
мнению 0,967584 0,000093
многими 2,040221 0,000197
многопрофильных 3,506558 0,000677
многотопливные 3,912023 0,000377
многоуровневые 2,995732 0,000289
многочисленные 1,139434 0,000110
многочисленным 2,813411 0,000271
множество 0,597837 0,000058
мобайл 2,813411 0,000271
мобильная -0,009950 -0,000002
мог 1,609438 0,000155
могила 2,525729 0,000244
могилы 2,120264 0,000205
могут -0,009950 -0,000001
модернизации 1,966113 0,000190
модулем 1,021651 0,000099
можете 0,653926 0,000063
мозолей 3,912023 0,000377
моисеевым 3,506558 0,000338
моисеенко 3,506558 0,000338
мокшеньолык 0,000000 0,000000
молл 2,525729 0,000244
молодежный 1,309333 0,000253
молодой 1,832581 0,000177
молодцами 3,912023 0,000377
моложе 2,207275 0,000213
молот 2,813411 0,000271
молочно-овощную 3,912023 0,000377
монет 2,040221 0,000197
монету 2,040221 0,000394
монеты 2,207275 0,000213
мониторинга 1,714798 0,000331
монумент 1,560648 0,000151
мончегорск 1,347074 0,000130
моргунов 3,506558 0,000338
мордва 1,309333 0,000126
мориса 3,506558 0,000338
мормоны 3,506558 0,000677
моря 0,579818 0,000056
моряковский 3,218876 0,000311
мосалева 3,912023 0,000377
москва 0,400478 0,000039
москвакемерово 3,912023 0,000377
москву 1,139434 0,000110
москвы 0,653926 0,000189
московский 0,891598 0,000172
московских 2,040221 0,000197
мост 0,967584 0,000933
моста 1,139434 0,000110
мостов 1,560648 0,000301
мосты 1,427116 0,000138
моховая 3,506558 0,000338
мощевик 3,912023 0,000377
мощей 3,218876 0,000932
мощность 2,207275 0,000426
мро 3,912023 0,000755
мск 0,843970 0,000081
мтзс 3,912023 0,000377
мтс 1,237874 0,000239
мужчин 1,609438 0,000155
музее 1,771957 0,000855
музеем 1,966113 0,000190
музеи 0,820981 0,000158
музей 0,776529 0,000749
музея 1,021651 0,000690
музыка 1,347074 0,000260
музыкальная 2,207275 0,000213
музыкальной 1,832581 0,000177
музыкальный 1,469676 0,000142
музыки 1,469676 0,000284
музыку 2,302585 0,000222
мультиплексов 2,407946 0,000232
мульча 3,912023 0,000377
мундыбаш 3,912023 0,000377
муниципально-территориального 3,506558 0,000338
муниципального 0,891598 0,000172
муниципальное 1,139434 0,000110
муниципальной 1,966113 0,000190
муниципальную 3,218876 0,000311
муниципальные 1,309333 0,000379
муниципальный 1,386294 0,000267
муниципальным 0,776529 0,001124
муниципальными 1,660731 0,000320
муниципальных 0,776529 0,000300
мурманская 2,813411 0,000271
мурманской 3,506558 0,000338
мурованной 3,912023 0,000377
мусора 2,120264 0,000205
мусульман 1,660731 0,000641
мученика 3,506558 0,000338
мучеников 3,912023 0,000377
мучениц 3,912023 0,000377
мыски 3,218876 0,001553
мысковский 3,506558 0,000338
мысковским 3,912023 0,000377
мэр 1,347074 0,000130
мэру 2,995732 0,000578
мясо 2,995732 0,000289
наблюдается 1,021651 0,000099
навек 3,912023 0,000377
навигации -0,009950 -0,000001
навигация -0,009950 -0,000002
наголову 3,506558 0,000338
наградами 3,218876 0,000311
награды 0,867501 0,000418
награжден 1,514128 0,000292
награждении 2,813411 0,000543
награжденные 1,021651 0,000197
награждены 2,813411 0,000271
надежды 2,407946 0,000232
надолго 2,813411 0,000271
назвали 1,609438 0,000155
назван 1,078810 0,000104
названа 1,660731 0,000320
название 0,198451 0,000077
названием 0,820981 0,000079
названий 1,078810 0,000104
названия 0,342490 0,000066
названные 1,771957 0,000171
названы 1,386294 0,000134
назвать 2,120264 0,000205
называвшиеся 2,813411 0,000271
назывался 1,347074 0,000130
наиболее 0,139262 0,000013
наибольший 1,966113 0,000190
наименований 1,832581 0,000177
наказаний 2,659260 0,000257
накануне 2,302585 0,000222
наковальня 3,912023 0,000377
накрест 3,912023 0,000377
наличным 3,506558 0,000677
налоговые 2,995732 0,000289
нами -0,009950 -0,000001
наоборот 1,832581 0,000177
нападающий 3,912023 0,000377
наперсный 3,912023 0,000377
направление 1,203973 0,000232
направлении 1,108663 0,000107
направлению 2,040221 0,000197
направления 0,755023 0,000073
направлениях 1,832581 0,000177
напрямую 1,660731 0,000160
народа 1,714798 0,000165
народная 0,713350 0,000344
народного 1,171183 0,000113
народное 0,798508 0,000154
народные 1,832581 0,000177
народный 1,469676 0,000567
народных 1,203973 0,001278
народов 0,798508 0,000077
нарушает 2,525729 0,000244
население 0,693147 0,001003
населению 1,832581 0,000177
населения 0,494296 0,002575
населениягод 0,000000 0,000000
населенного 2,525729 0,000244
населенные 0,673345 0,000260
населенный 1,609438 0,000155
населенными 1,966113 0,000190
населенных 0,693147 0,000134
насильственное 3,912023 0,000377
наследия 0,820981 0,000158
настольному 2,995732 0,000867
насчитывает 1,347074 0,000130
насчитывается 1,427116 0,000138
натурального 3,218876 0,000311
наук 0,693147 0,000267
наука 0,301105 0,000058
науч 1,714798 0,000165
научно-исследовательский 1,237874 0,000478
научно-исследовательского 2,995732 0,000289
научно-практический 3,912023 0,000377
научно-техническая 2,659260 0,000513
научно-технического 3,218876 0,000311
научно-технологического 3,912023 0,000377
научное 0,891598 0,000086
научные 1,049822 0,000101
научный 0,941609 0,000091
находился 0,776529 0,000150
находится 0,328504 0,000222
находка 1,171183 0,000113
национального 1,469676 0,000142
национальности 0,867501 0,000084
национальность 1,237874 0,000239
национальный 0,597837 0,000115
национальных 1,832581 0,000177
начала 0,314711 0,000030
началась 0,967584 0,000187
начале 0,314711 0,000030
начали 0,891598 0,000086
началом 1,171183 0,000113
началось 0,616186 0,000059
началу 1,171183 0,000113
начато 1,469676 0,000142
начинает 1,771957 0,000513
начинается 0,755023 0,000073
начиная 0,733969 0,000071
начнет 2,207275 0,000213
наш 1,609438 0,000155
наше 1,609438 0,000155
наши 1,609438 0,000155
ндск 3,912023 0,000755
неблагополучна 3,912023 0,000377
небольшой 1,427116 0,000138
неверно 3,506558 0,000338
негативное 2,813411 0,000271
недалеко 1,469676 0,000142
недостатков 0,653926 0,000063
недрагоценных 3,912023 0,000377
независимых 2,302585 0,000222
неизвестный 3,506558 0,000338
неизвестным 2,995732 0,000289
неисправном 3,912023 0,000377
некоммерческие 3,912023 0,000755
некоммерческой -0,009950 -0,000001
некорректные 2,813411 0,000543
некоторое 1,771957 0,000342
некоторые 0,301105 0,000058
некоторых 0,494296 0,000048
нем 0,356675 0,000069
немецкий 1,427116 0,000138
немецко-фашистских 2,525729 0,000244
немиров 3,912023 0,000377
нему 1,203973 0,000232
немцы 1,203973 0,000116
немченко 3,912023 0,000377
необходимой 2,407946 0,000232
неофициальное 2,120264 0,000205
непорочного 2,995732 0,000578
непролетарских 3,912023 0,000377
несанкционированные 3,506558 0,000338
несанкционированных 2,813411 0,000814
нескольких 0,755023 0,000219
несколько 0,150823 0,000131
несмотря 0,755023 0,000219
несоразмерно 3,912023 0,000377
неудача 3,912023 0,000377
нефф 3,912023 0,000377
нечетная 3,912023 0,000377
нечетной 3,912023 0,000755
неэнциклопедичен 2,995732 0,000289
ниже 0,693147 0,000067
нижневартовска 3,912023 0,000377
нижнее 1,966113 0,000190
нижней 1,514128 0,000146
нижний 0,673345 0,000195
нижняя 1,203973 0,000116
нии 1,237874 0,000119
ника 3,506558 0,000338
никита 2,302585 0,000222
николаевич 1,309333 0,000126
николай 0,867501 0,000418
николая 0,916291 0,000177
ними 1,049822 0,000203
нин 0,000000 0,000000
нина 2,659260 0,000257
нка 0,000000 0,000000
нказ 3,912023 0,001510
нкмк 3,912023 0,000377
новая 0,634878 0,000061
новгород 0,867501 0,000084
ново-аралическое 3,912023 0,000377
ново-бессоновское 3,912023 0,000377
ново-горбуновское 3,912023 0,000377
ново-кузнецк 3,912023 0,000377
ново-кузнецкдо 3,912023 0,000377
ново-тв 3,912023 0,000377
ново-черноусовское 3,912023 0,000377
новобайдаевка 3,912023 0,000377
новобайдаевский 3,912023 0,000377
нового 0,579818 0,000112
новоильинский 3,912023 0,002642
новоильинским 3,912023 0,000377
новоильинского 3,912023 0,000755
новоильинское 3,912023 0,000377
новоильинском 3,912023 0,000755
новокиб 3,912023 0,000377
новокузне 0,000000 0,000000
новокузнецк 1,272966 0,009824
новокузнецк-новосибирск 3,912023 0,000377
новокузнецк-северный 3,912023 0,000377
новокузнецка 3,218876 0,028258
новокузнецкарайоны 3,912023 0,000377
новокузнецкая 3,506558 0,003044
новокузнецкгерб 3,912023 0,000377
новокузнецке 3,912023 0,021889
новокузнецкий 3,506558 0,014546
новокузнецким 3,912023 0,001132
новокузнецких 3,912023 0,000377
новокузнецкого 3,912023 0,008303
новокузнецкое 3,912023 0,000755
новокузнецкой 3,912023 0,000755
новокузнецком 3,912023 0,002642
новокузнецкстатистика 0,000000 0,000000
новокузнецктелефонстрой 3,912023 0,000377
новокузнецку 3,912023 0,003397
новокузнецку-северному 3,912023 0,000377
новокузнеча 0,000000 0,000000
новокузнечан 3,912023 0,001132
новокузнечане 3,912023 0,000377
новом 1,386294 0,000134
новомосковск 1,203973 0,000232
новописаная 3,912023 0,000377
новороманово 3,218876 0,000311
новороссийская 3,218876 0,000311
новоселов 3,218876 0,000311
новосибирск 0,916291 0,000442
новостей 1,771957 0,000171
новости 0,579818 0,000112
новотелеком 3,912023 0,000377
новые 0,342490 0,000033
новый 0,446287 0,000301
новых 0,430783 0,000083
номиналом 1,966113 0,000379
норильск 1,203973 0,000116
норма 0,798508 0,000154
нормы 1,514128 0,000146
носит 1,309333 0,000126
нохчийн 0,000000 0,000000
ночной 2,525729 0,000244
нояб 0,820981 0,000158
ноябре 0,994252 0,000096
ноября 0,127833 0,000222
нська 0,000000 0,000000
нтв 1,427116 0,000138
нттт 3,912023 0,000377
нуля 2,040221 0,000197
нумерация 2,525729 0,000731
нумизматика 3,218876 0,000621
нфи 3,912023 0,001510
нхл 3,506558 0,000338
ныне 0,653926 0,000252
оао 0,916291 0,000442
оба 1,386294 0,000134
обвенчался 3,912023 0,000377
обернулось 3,506558 0,000338
обеспечении 2,525729 0,000244
обладатель 1,832581 0,000177
области 0,223144 0,000646
областигородские 3,218876 0,000311
областного 1,108663 0,000535
областной 1,078810 0,000208
областным 2,207275 0,000213
область 0,385662 0,000223
областьгорода 1,309333 0,000126
обликом 3,506558 0,000338
обновленного 3,506558 0,000338
обновленное 3,506558 0,000338
обнорского 3,912023 0,000377
обогнав 3,218876 0,000621
обогнал 2,659260 0,000257
обороны 1,309333 0,000126
образ 1,771957 0,000171
образному 3,912023 0,000377
образовалось 2,525729 0,000244
образован 1,347074 0,000260
образование 0,494296 0,000572
образованию 2,040221 0,000197
образования 0,478036 0,000231
образованиям 0,776529 0,001124
образованиями 1,966113 0,000190
образовано 1,609438 0,000155
образовательное 2,302585 0,000222
образовательных 1,427116 0,000138
образом 0,371064 0,000107
образует 0,994252 0,000096
образующихся 3,912023 0,000377
образца 2,407946 0,000232
образцы 2,207275 0,000213
обратили 3,218876 0,000311
обращение 1,832581 0,000707
обращения 0,030459 0,000411
обращено 3,506558 0,000338
обрушился 3,506558 0,000338
обслуживания 1,469676 0,000142
обстановки 2,407946 0,000232
обстановкой 2,659260 0,000257
обстановку 2,813411 0,000271
обсудили 3,218876 0,000311
обусловлено 2,207275 0,000426
общая 0,673345 0,000325
общегородской 2,995732 0,000289
общей 0,597837 0,000115
общества 0,776529 0,000150
общественно-политическая 2,525729 0,000244
общественного 0,916291 0,000088
общественное 1,966113 0,000190
общественном 1,897120 0,000183
общественность 3,218876 0,000311
общественных 1,021651 0,000296
общество 0,713350 0,000138
общин 1,897120 0,000183
община 1,609438 0,000311
объединена 2,995732 0,000289
объединение 1,171183 0,000113
объединении 2,659260 0,000257
объединенному 3,912023 0,000377
объединенный 2,302585 0,000444
объединены 1,832581 0,000177
объединяющая 2,995732 0,000289
объездными 3,506558 0,000338
объектах 2,525729 0,000244
объектов 0,527633 0,000102
объекты 0,478036 0,000092
объем 0,616186 0,000119
объявлен 2,302585 0,000222
обычно 0,693147 0,000067
обь 2,302585 0,000222
обязывает 3,912023 0,000377
овостей 0,000000 0,000000
овощного 3,912023 0,000377
огибдд 3,912023 0,000377
огнедышащая 3,912023 0,000377
огнем 2,813411 0,000543
огненно-пиротехническое 3,912023 0,000377
огненный 3,506558 0,000338
огнеупорные 3,912023 0,000377
огню 3,912023 0,000377
огонь 1,771957 0,000171
ограблены 3,912023 0,000377
огромной 2,525729 0,000244
одигитриевская 3,912023 0,000755
одигитриевской 3,912023 0,000755
одна 0,527633 0,000102
однако 0,174353 0,000084
одним 0,494296 0,000191
одними 2,207275 0,000213
одновременно 0,776529 0,000150
одного 0,544727 0,000053
одной 0,371064 0,000036
одномандатным 2,120264 0,000205
одобрено 3,218876 0,000311
ожидают 1,897120 0,000183
озерный 2,995732 0,000289
оказывает 1,427116 0,000138
оказываются 2,302585 0,000222
окато 0,820981 0,000158
океан 1,714798 0,000165
окном 3,218876 0,000311
около 0,000000 0,000000
окон 2,813411 0,000271
оконечности 2,302585 0,000222
окрестностях 1,469676 0,000142
окрестные 2,995732 0,000289
округ 0,673345 0,000260
округа 0,653926 0,001199
округам 1,660731 0,000160
округами 2,659260 0,000257
округов 0,776529 0,000150
окружающей 1,049822 0,000911
окружающую 2,525729 0,000244
окружен 2,407946 0,000232
окружный 3,912023 0,000377
оксид 3,506558 0,000677
окт 0,798508 0,000154
октмо 0,843970 0,000081
октябре 0,967584 0,000187
октябрь 0,867501 0,000167
октябрьский 1,078810 0,000104
октябрьской 1,078810 0,000312
октября 0,083382 0,000145
олбэст 3,912023 0,000377
олещенко 3,912023 0,000377
олимпийских 1,897120 0,000915
олимпийского 1,714798 0,000165
олицетворяющем 3,912023 0,000377
омск 1,021651 0,000296
онлайн 0,198451 0,000019
оно 0,000000 0,000000
ооо 0,843970 0,000977
оператор 1,609438 0,000155
оператора 1,966113 0,000190
опережающего 2,995732 0,000289
оперный 2,407946 0,000232
описание -0,009950 -0,000003
оплаты 1,966113 0,000190
опорная 2,813411 0,000271
определенным 2,120264 0,000205
определяется 1,609438 0,000155
опубликованному 2,995732 0,000289
опускается 2,040221 0,000197
орашул-сталин 3,506558 0,000338
орган 1,203973 0,000348
организации -0,009950 -0,000009
организаций 0,776529 0,000300
организация 0,891598 0,001118
организациях 1,832581 0,000177
организована 2,207275 0,000213
органов 0,994252 0,000192
органом 1,514128 0,000146
органы 0,891598 0,000430
орденом 1,021651 0,000591
орджоникидзе 2,040221 0,000590
орджоникидзевский 2,813411 0,001628
орджоникидзевского 3,218876 0,000311
орджоникидзевском 3,912023 0,002642
оренбург 1,966113 0,000190
оригинала 0,162519 0,000141
ориентировка 3,912023 0,000377
орловка 2,995732 0,000289
орск 1,272966 0,000123
ортсабеларуская 0,000000 0,000000
орудиями 3,506558 0,000338
осадками 1,771957 0,000171
осадков 0,544727 0,000158
освещенных 3,912023 0,000377
освятил 2,659260 0,000770
осдюсшор 3,912023 0,000377
осинники 3,506558 0,000677
осинниковский 3,506558 0,000338
осинниковским 3,912023 0,000377
осинового 3,912023 0,000377
осиновое 3,218876 0,000311
осипов 0,527633 0,000051
осквернены 3,506558 0,000338
осколки 3,506558 0,000338
основан 0,579818 0,000224
основания 0,713350 0,000138
основанного 2,207275 0,000213
основанные 0,776529 0,000150
основанный 1,386294 0,000134
основатели 2,995732 0,000289
основе 0,494296 0,000048
основная 0,116534 0,000101
основное 1,347074 0,000130
основной 0,653926 0,000063
основном 0,510826 0,000049
основные 0,223144 0,000086
основным 0,616186 0,000059
основными 1,203973 0,000116
основных 0,634878 0,000061
особенно 0,562119 0,000108
особенности 0,994252 0,000096
особый 2,040221 0,000197
оставался 1,966113 0,000190
осталась 2,525729 0,000244
остальные 0,891598 0,000172
остальных 1,660731 0,000160
останется 2,207275 0,000213
остановками 3,506558 0,000338
остановки 2,302585 0,001333
остановкой 3,506558 0,000677
остановлены 3,506558 0,000338
островская 3,218876 0,000311
островские 3,912023 0,000377
острог 2,120264 0,001227
острога 2,302585 0,000222
острогдо 3,506558 0,000338
осуществления 1,832581 0,000177
осуществляется 0,776529 0,000075
осуществляли 2,659260 0,000257
осьмеркин 3,912023 0,000377
отв 0,755023 0,000146
ответственности -0,009950 -0,000001
отвечал 2,813411 0,000271
отделами 3,218876 0,000311
отделением 2,525729 0,000244
отделения 1,021651 0,000197
отделениями 3,218876 0,000621
отдельных -0,009950 -0,000001
отечественной 0,673345 0,000130
отзывы 3,218876 0,000311
отказ -0,009950 -0,000001
открывается 1,660731 0,000160
открылся 0,941609 0,000273
открыт 0,798508 0,000539
открытие 0,941609 0,000091
открытием 2,302585 0,000222
открытия 0,916291 0,000177
открыты 1,049822 0,000101
отличается 0,579818 0,000056
отличие 0,891598 0,000086
отличия 2,525729 0,000244
отличная 3,506558 0,000338
отмежеваться 3,912023 0,000377
отменен 2,407946 0,000232
отметили 2,120264 0,000205
отмечая 3,506558 0,000338
относительно 0,415515 0,000040
относятся 0,713350 0,000069
отношение 1,609438 0,000155
отношений 1,309333 0,000126
отомед 3,912023 0,000377
отражении 3,912023 0,000377
отраслевые 2,813411 0,000271
отрасли 1,078810 0,000208
отредактирована -0,009950 -0,000001
отредактировать 0,967584 0,000093
отрубал 3,912023 0,000377
отрублено 3,912023 0,000377
отряда 2,659260 0,000257
отсюда 1,897120 0,000183
отходв 3,912023 0,000377
отходов 1,966113 0,002276
отходоперерабатывающих 3,912023 0,000377
отходы 2,207275 0,000426
отчитка 3,912023 0,000377
отчуждения 3,506558 0,000338
офицеров 1,771957 0,000171
официально 0,693147 0,000334
официальной 1,469676 0,000142
официальные 1,469676 0,000284
официальный 0,510826 0,000148
оха 1,347074 0,000130
охотска 3,506558 0,000338
охране 1,609438 0,001087
оценена 3,912023 0,000377
оценивается 2,120264 0,000205
оценить 3,218876 0,000311
оценка 0,693147 0,000201
оценкам 1,609438 0,000155
очень 0,494296 0,000048
очередной 2,040221 0,000394
очередь 0,527633 0,000051
очерке 3,506558 0,000338
ошибкекак -0,009950 -0,000001
павел 1,469676 0,000284
павла 1,714798 0,000165
павлович 2,302585 0,000222
павловского 3,506558 0,001015
пакт 3,506558 0,000338
палаты 2,302585 0,000222
памяти 1,078810 0,000104
памятник 0,693147 0,000134
памятника 1,078810 0,000104
памятники 0,733969 0,000283
памятную 2,407946 0,000232
памятных 1,714798 0,000331
память 0,891598 0,000258
панорама 1,386294 0,000134
панорамы 2,040221 0,000197
пантелеимона 2,659260 0,000257
пантеон 3,912023 0,000377
пао 1,427116 0,000551
параллельна 3,506558 0,000338
парламент 2,813411 0,000814
партизан 2,813411 0,000271
партизана 3,912023 0,000377
партизанами 3,912023 0,000755
партизанского 3,506558 0,000338
партийным 2,525729 0,000244
партнер 3,218876 0,000311
парус 2,813411 0,000543
паспорт 2,120264 0,000614
пассажиравтотранс 3,506558 0,000338
пассажиропоток 1,966113 0,000190
пассажиропотоку 2,659260 0,000257
пассажирского 1,609438 0,000155
пастырь 3,912023 0,000377
патриарх 2,525729 0,000487
патриархат 3,218876 0,000311
пдв 3,912023 0,000377
пдк 2,207275 0,000639
певец 2,407946 0,000232
певица 3,506558 0,000338
педагоги 3,506558 0,000338
педагогическая 3,218876 0,000311
педагогический 1,078810 0,000208
педагогического 1,897120 0,000183
пекин 2,659260 0,000257
пекине 3,506558 0,000338
пенза 1,108663 0,000107
пензенской 2,813411 0,000271
пенсионер 3,218876 0,000311
пенсионеров 2,407946 0,000232
первая 0,430783 0,000125
первенствах 3,912023 0,000377
первого 0,733969 0,000142
первое 0,544727 0,000263
первозванного 2,659260 0,000257
первой 0,462035 0,000045
первоначальным 3,218876 0,000311
первую 0,867501 0,000084
первый 0,385662 0,000446
первым 0,597837 0,000173
первых 0,653926 0,000063
перевод 1,427116 0,000138
передано 2,407946 0,000465
передней 3,218876 0,000311
переехала 2,995732 0,000289
переименовали 2,302585 0,000222
переименован 1,347074 0,000390
переименована 1,771957 0,000513
переименованный 2,813411 0,000543
перейти -0,009950 -0,000002
перекресток 1,714798 0,000331
перенаправляется 1,771957 0,000171
перенесли 2,995732 0,000578
переносится 3,912023 0,000377
переносов 3,912023 0,000377
переписи 0,755023 0,000510
перепись 0,820981 0,000396
перераб 1,609438 0,000155
переработано 3,912023 0,000377
переработки 2,525729 0,000244
переработчиков 3,912023 0,000755
пересекает 2,302585 0,000222
пересеченном 3,912023 0,000377
перестала 2,995732 0,000289
перестроен 2,302585 0,000222
перестройка 2,659260 0,000257
переходом 2,302585 0,000222
переходят 2,659260 0,000257
перинатальном 3,506558 0,000338
период 0,342490 0,000198
периода 0,967584 0,000280
периодом 1,897120 0,000183
пермь 0,994252 0,000096
перпендикулярна 3,218876 0,000311
персональные -0,009950 -0,000001
перу 2,813411 0,000271
песен 2,120264 0,000205
песня 1,609438 0,000155
петербургской 2,995732 0,000289
петр 1,108663 0,001818
петра 1,078810 0,000208
петракова 3,912023 0,000377
петренко 3,912023 0,000377
петровичев 3,912023 0,000377
петром 2,120264 0,000205
петропавловском 3,506558 0,000338
пехотного 2,995732 0,000289
пехотное 3,218876 0,000311
печально 3,506558 0,000338
печати -0,009950 -0,000002
печатные 1,514128 0,000146
печать -0,009950 -0,000004
печи 3,218876 0,000311
печь 3,218876 0,000311
пик 1,966113 0,000190
пиковая 3,912023 0,000377
пилой 3,912023 0,000377
пирен 3,912023 0,000377
пиреном 3,506558 0,000338
пиролизная 3,912023 0,000377
писаная 3,218876 0,000311
писателей 1,714798 0,000165
писатель 1,514128 0,000292
писателя 1,660731 0,000320
письма 1,897120 0,000183
питания 1,272966 0,000123
питтсбург 3,912023 0,000755
питьевой 2,302585 0,000222
пищевой 1,514128 0,000146
плавательные 2,995732 0,000289
план 0,755023 0,000146
плана 1,272966 0,000123
планам 2,995732 0,000289
планета 2,207275 0,000639
планетарий 1,832581 0,000530
планирования 1,714798 0,000165
планом 2,407946 0,000232
плану 1,386294 0,000134
пленкин 3,912023 0,000377
плеса 3,506558 0,000338
плесо 3,218876 0,000311
плеяду 3,912023 0,000377
плитка 3,912023 0,000755
плотность 0,693147 0,000067
площадей 1,897120 0,000183
площади 0,510826 0,000296
площадка 1,514128 0,000146
площадки 1,714798 0,000165
площадку 2,525729 0,000244
площадок 1,714798 0,000165
площадь 0,478036 0,000231
плюс 1,386294 0,000267
по-новому 3,506558 0,000338
победивший 3,912023 0,000377
победила 3,506558 0,000338
победоносца 2,407946 0,000465
победы 0,916291 0,000177
повалено 3,912023 0,000377
поведения -0,009950 -0,000001
поверх 2,407946 0,000232
поверхностных 1,714798 0,000165
поворачивает 2,995732 0,000289
повреждены 3,506558 0,000338
повторившие 3,912023 0,000377
повторяемость 3,218876 0,000311
повышенной 2,813411 0,000271
погибло 2,040221 0,000197
погибшим 1,832581 0,000177
погибших 1,714798 0,000496
погода 0,776529 0,000150
погоды 2,040221 0,000197
подавляющий 3,912023 0,000377
подарен 3,912023 0,000377
подарил 2,995732 0,000289
подачи 2,659260 0,000257
подвиг 2,659260 0,000257
подготовкой 2,995732 0,000289
поддержке 1,469676 0,000142
поддубный 3,912023 0,000377
подлежавших 3,912023 0,000377
подлинные 2,995732 0,000289
подножья 3,912023 0,000377
поднялся 2,207275 0,000213
подобные 1,609438 0,000155
подольск 1,272966 0,000123
подорожает 3,506558 0,000338
подписал 2,040221 0,000394
подробнее -0,009950 -0,000001
подсчетам 2,813411 0,000271
подходит 2,207275 0,000426
подчинении 2,525729 0,000244
подчинения 1,386294 0,000669
подчиненный 3,218876 0,000311
поезда 1,272966 0,000123
поездов 1,609438 0,000311
пожароопасных 3,912023 0,000377
поздеева 3,218876 0,000311
позднее 0,798508 0,000077
позже 0,733969 0,000212
позицию 2,302585 0,000222
поиск -0,009950 -0,000001
поиску -0,009950 -0,000002
пойменное 3,912023 0,000377
пока 0,843970 0,000163
показатели 0,994252 0,000096
показатель 0,713350 0,000138
показателю 1,897120 0,000183
поколение 2,407946 0,000232
поколений 1,897120 0,000183
покрова 1,203973 0,000116
покрытие 2,813411 0,000271
покрышкина 3,506558 0,000338
покупательной 3,506558 0,000338
поле 0,798508 0,000231
полет 2,659260 0,000257
полигон 2,407946 0,000929
полигона 3,218876 0,000311
полигоны 2,995732 0,000289
поликлиник 2,207275 0,000213
полимерная 3,912023 0,000377
полимерпесчаная 3,912023 0,000377
политика -0,009950 -0,000002
полное 1,139434 0,000110
полномочий 1,609438 0,000311
полным 2,040221 0,000197
положение 0,510826 0,000148
положением 2,120264 0,000205
положительную 3,912023 0,000377
полосу 2,407946 0,000232
полосухин 3,912023 0,000377
полосухино 3,912023 0,000377
полутора 2,525729 0,000244
полухин 3,506558 0,000338
получат 2,659260 0,000257
получил 0,713350 0,000069
получила 0,653926 0,000063
получили 0,967584 0,000093
получить 1,427116 0,000138
полысаево 3,218876 0,000621
пользовались 2,995732 0,000289
полю 3,912023 0,000377
поля 1,427116 0,000138
помещается 2,995732 0,000289
помещено 2,995732 0,000289
помимо 0,562119 0,000054
помощи 0,843970 0,000081
понедельник 3,506558 0,000338
попал 1,897120 0,000183
пор 0,941609 0,000091
порт 0,941609 0,000363
портал 0,342490 0,000033
порталстатьи 2,040221 0,000197
портрет 2,813411 0,000814
портретов 3,912023 0,000377
пос 2,040221 0,000197
посвященная 1,714798 0,000331
посвященные 1,966113 0,000190
посвященных 1,966113 0,000190
посвящено 2,995732 0,000289
посвящены 2,525729 0,000244
поселений 0,798508 0,000385
поселка 1,309333 0,000126
поселкам 0,891598 0,000086
поселке 1,609438 0,000155
поселков 1,469676 0,000142
поселок 1,108663 0,000214
посланием 3,912023 0,000377
послевоенным 3,912023 0,000377
последние 0,755023 0,000146
последний -0,009950 -0,000004
последних 1,347074 0,000130
последняя 0,342490 0,000033
последующие 1,660731 0,000160
посмотреть 2,813411 0,000271
поспелов 1,021651 0,000197
постановил 2,659260 0,000257
постановление 1,139434 0,000220
постановлением 1,469676 0,000425
постарел 3,912023 0,000377
постоянно 1,108663 0,000107
постоянного 0,693147 0,000535
постоянное 2,120264 0,000205
постоянный 2,040221 0,000197
пострадал 2,302585 0,000222
построен 0,798508 0,000308
построена 0,916291 0,000088
построенная 1,897120 0,000183
построенного 2,407946 0,000232
построенном 2,813411 0,000543
построенных 1,771957 0,000171
построено 0,867501 0,000084
построили 1,832581 0,000177
постройками 2,995732 0,000289
постройки 1,139434 0,000110
постсоветское 2,407946 0,000232
потребления 2,302585 0,000444
потребовал 3,218876 0,000311
почва 2,813411 0,000271
почвы 1,609438 0,000311
почему 0,000000 0,000000
почетного 1,237874 0,000119
почетный 1,469676 0,000142
почтовая 1,078810 0,000208
почтовый 1,108663 0,000107
поэт 1,897120 0,000549
поэта 1,966113 0,000190
поэта-новатора 3,912023 0,000377
появилась 0,820981 0,000079
появляется 1,560648 0,000602
пояс 0,693147 0,000067
поясе 2,207275 0,000213
пр-д 0,000000 0,000000
пр-кт 3,912023 0,006038
правда 0,891598 0,000086
праведного 2,995732 0,000867
правилам 1,660731 0,000160
правило 0,891598 0,000086
правительства 0,693147 0,000201
правительство 0,843970 0,000081
править -0,009950 -0,000123
правка 0,328504 0,000032
правкиновые -0,009950 -0,000001
правкипостоянная -0,009950 -0,000001
правовой 1,469676 0,000284
правого 1,560648 0,000301
правозащитные 3,912023 0,000377
правом 1,171183 0,000226
православие 1,560648 0,000301
православная 1,272966 0,000491
православное 3,218876 0,000311
православной 1,203973 0,000465
православную 3,506558 0,000677
православные 1,347074 0,000130
православных 1,427116 0,000275
праздник 1,714798 0,000165
праздников 2,302585 0,000222
празднования 1,832581 0,000177
празднуется 2,407946 0,000232
превратила 3,912023 0,000377
превысило 1,966113 0,000190
превышает 0,967584 0,000187
превышение 2,040221 0,000197
предано 3,912023 0,000377
предварительным 2,995732 0,000289
предгорий 3,218876 0,000311
преддверии 2,995732 0,000289
предельно 2,302585 0,000222
предложенный 3,218876 0,000311
предметом 1,560648 0,000151
предоставляют 1,427116 0,000138
предпринимателей 2,040221 0,000394
предприниматель 2,302585 0,000444
предпринимательской 3,218876 0,000311
предприятие 1,237874 0,000119
предприятием 2,120264 0,000205
предприятий 0,713350 0,000619
предприятия 0,713350 0,000206
председ 1,203973 0,000116
председателем 1,469676 0,000142
представились -0,009950 -0,000001
представитель 1,897120 0,000183
представительный 1,771957 0,000171
представительным 2,207275 0,000213
представительств 2,040221 0,000197
представлен 0,891598 0,000258
представления 1,469676 0,000142
представлено 1,560648 0,000452
представлены 0,867501 0,000167
представляет 0,446287 0,000086
представляют 1,237874 0,000119
предстоятель 3,912023 0,000377
предусматривающий 2,659260 0,000257
преемственности 2,995732 0,000289
прежние 1,171183 0,000113
президент 1,386294 0,000134
президента 0,916291 0,000088
президиум 2,407946 0,000232
президиума 1,272966 0,000491
преимуществ 2,525729 0,000244
преобладающее 3,218876 0,000311
преобразовано 2,302585 0,000222
преподобного 2,207275 0,000213
преподобномучениц 3,912023 0,000377
пресвятой 1,272966 0,000246
пресс-релиз 2,813411 0,000271
пресс-служба 2,995732 0,000289
престиж-интернет 3,912023 0,000377
престольный 3,912023 0,000377
прибрать 3,912023 0,000377
привел 2,040221 0,000197
привела 1,771957 0,000171
привокзальная 2,659260 0,000257
пригородного 2,813411 0,000271
пригородные 1,469676 0,000284
пригородных 1,609438 0,000311
призер 1,771957 0,000342
признавая 3,912023 0,000377
признана 2,040221 0,000197
признания 0,916291 0,000088
признанных 0,967584 0,000093
прил 3,506558 0,001015
прилегающие 2,040221 0,000197
применяемого 0,843970 0,000081
примечания -0,009950 -0,000002
принадлежат 1,966113 0,000190
принадлежит 1,203973 0,000116
принял 1,272966 0,000123
приняла 1,966113 0,000190
приняли 1,347074 0,000130
принято 0,713350 0,000069
принять 2,207275 0,000213
приобретенная 3,506558 0,000338
природной 1,897120 0,000183
природные 1,108663 0,000107
природным 2,525729 0,000487
природными 2,659260 0,000257
природных 1,108663 0,000749
природоохранным 3,912023 0,000377
природу 2,302585 0,000222
природы 1,021651 0,000197
присвоении 1,386294 0,000134
присвоено 1,078810 0,000312
присоединен 2,813411 0,001086
присоединение 2,407946 0,000232
присутствие 2,659260 0,000257
приток 1,427116 0,000138
притом 3,506558 0,000338
притомский 3,218876 0,000621
притомское 3,912023 0,000377
притомском 3,912023 0,000377
приуроченностью 3,912023 0,000377
приход 1,832581 0,000707
прихода 2,120264 0,000205
приходится 0,776529 0,000300
приходы 2,040221 0,000197
причем 0,994252 0,000096
причинам 1,966113 0,000190
пришел 1,714798 0,000165
пришелся 2,813411 0,000271
пришли 1,771957 0,000342
проблем 0,798508 0,000154
проблемы 0,544727 0,000053
проверена 3,506558 0,000338
проверки 0,994252 0,000096
проверяема 0,967584 0,000093
проводимые 3,506558 0,000338
проводят 2,407946 0,000232
проводятся 1,203973 0,000232
программ 1,203973 0,000116
программы 0,713350 0,000138
прогрессивного 3,912023 0,000377
продвижение 2,659260 0,000257
продолжение 1,832581 0,000177
продолжительное 2,813411 0,000543
продолжительность 1,171183 0,000339
продукции 1,021651 0,000099
продукцию 2,302585 0,000444
продукция 2,120264 0,000205
проезд 1,897120 0,000732
проезда 1,560648 0,000452
проект 0,400478 0,000039
проекта 0,616186 0,000297
проектах -0,009950 -0,000001
проектную 3,218876 0,000311
проектные 2,995732 0,000289
проектом 2,040221 0,000197
проекту 1,049822 0,000203
проектывикипедия 2,040221 0,000197
проживавший 3,506558 0,000338
проживания 1,832581 0,000177
прозвучал 3,912023 0,000377
произведения 1,427116 0,000138
произведениями 2,995732 0,000289
производится 1,714798 0,000165
производства 0,616186 0,000297
производственных 2,407946 0,000232
производят 1,966113 0,000190
происхождения 1,272966 0,000123
прокопьевск 1,272966 0,000614
прокопьевский 3,506558 0,001353
прокопьевским 3,912023 0,000755
прокопьевского 3,912023 0,000377
пролетарская 3,912023 0,000377
проложена 2,207275 0,000213
промгаз 3,912023 0,000377
промерзания 2,995732 0,000289
промзона 3,218876 0,000932
промзоны 3,506558 0,000338
промстройпроект 3,912023 0,000377
промуглепроект 3,912023 0,000377
промышленная 1,771957 0,000171
промышленновский 3,506558 0,000677
промышленное 1,660731 0,000160
промышленности 0,579818 0,000280
промышленные 1,171183 0,000113
промышленный 1,203973 0,000232
промышленными 1,897120 0,000183
промышленных 0,916291 0,000265
прорывного 3,912023 0,000377
просвещение 2,302585 0,000222
прославленных 3,912023 0,000755
просмотры -0,009950 -0,000001
проспект 1,021651 0,000099
проспекта 1,347074 0,000130
проспекте 1,427116 0,000275
проспекту 2,040221 0,000394
проспекты 2,407946 0,000232
просто 1,272966 0,000123
простор 2,813411 0,000271
пространственная 3,506558 0,000338
протестантизм 2,040221 0,000394
против 0,798508 0,000308
протопопова 3,912023 0,000377
протяжении 0,867501 0,000084
протяженность 0,941609 0,000182
профессионального 1,427116 0,000138
профессиональное 2,040221 0,001181
профессиональный 1,897120 0,000183
профессиональных 1,771957 0,000513
профессор 1,660731 0,000160
профзаболеваний 3,912023 0,000377
профилактории 3,506558 0,000338
профилакторий 3,912023 0,000377
профиль 2,525729 0,000244
профмедосмотр 3,912023 0,000377
профсоюзные 3,912023 0,000377
прочее 0,653926 0,000063
прочие 1,203973 0,000116
прочих 1,560648 0,000151
прошел 0,994252 0,000096
прошли 1,309333 0,000126
прошлому 3,506558 0,000338
прямой 1,347074 0,000260
психиатрическая 2,525729 0,000244
публикации 1,832581 0,000177
публикаций 2,407946 0,000232
публицист 3,506558 0,000338
пулевой 3,912023 0,000377
пункт 1,203973 0,000116
пункта 1,514128 0,000146
пунктами 1,897120 0,000183
пунктов 0,653926 0,000126
пункты 0,616186 0,000357
путать 1,771957 0,000171
путеводитель 0,713350 0,000138
путешественник 2,407946 0,000232
путилов 3,912023 0,000377
путин 1,714798 0,000165
путь 0,820981 0,000079
пушкина 1,139434 0,000110
пущены 3,506558 0,000338
пылью 3,506558 0,000338
пытались 2,120264 0,000205
пышма 1,309333 0,000126
пятая 2,813411 0,000271
пяти 1,203973 0,000232
пятидесятников 2,525729 0,000487
пятилетнего 2,995732 0,000289
пятый 1,427116 0,000138
пять 1,108663 0,000214
работа 0,891598 0,000086
работавших 3,218876 0,000311
работает 0,755023 0,000437
работал 1,309333 0,000632
работать 1,108663 0,000214
работают 0,673345 0,000130
работу 0,693147 0,000134
работы 0,314711 0,000030
рабочий 1,427116 0,001377
рабочих 1,108663 0,000214
равноапостольных 2,995732 0,000289
раджниша 3,912023 0,000377
радио 0,891598 0,000688
радиовещание 1,771957 0,000171
радиостанциями 3,506558 0,000338
радонежского 2,525729 0,000244
радость 2,525729 0,000487
радуют 3,506558 0,000338
раза 0,867501 0,000335
разбит 2,813411 0,000271
разбиты 2,525729 0,000487
разведчиков 3,912023 0,000755
развивается 1,609438 0,000155
развитие 0,314711 0,000030
развитии 1,078810 0,000208
развития 0,287682 0,000083
развязки 2,120264 0,000205
разг 3,506558 0,000338
разгром 2,813411 0,000271
разгрома 2,659260 0,000257
разделами 0,891598 0,000086
разделе 0,776529 0,000075
разделен 1,171183 0,000113
различного 1,714798 0,000165
размере 1,897120 0,000183
размещен 2,302585 0,000222
разнонаправленные 3,912023 0,000377
разноцветная 3,912023 0,000377
разработчики -0,009950 -0,000001
разреза 3,506558 0,000338
разрезов 3,218876 0,000311
разрушенной 2,995732 0,000289
разрушены 2,207275 0,000213
разрушительных 2,659260 0,000257
разъезд 2,995732 0,000289
райком 3,506558 0,000338
район 0,597837 0,001961
района 0,673345 0,000455
районам 0,820981 0,000079
районами 1,347074 0,000520
районах 0,941609 0,000727
районе 0,527633 0,000865
районного 2,302585 0,000222
районные 1,966113 0,000190
районов 0,562119 0,000542
районы 0,653926 0,000252
рамках 0,544727 0,000158
рамн 2,302585 0,000222
ранее 0,430783 0,000208
раньше 1,171183 0,000113
рапси 3,912023 0,000377
раритетные 3,912023 0,000377
распилен 3,912023 0,000377
расписание 1,966113 0,001328
располагает 1,609438 0,000155
располагаются 1,108663 0,000107
расположен 0,733969 0,000425
расположена 0,916291 0,000265
расположение 1,139434 0,000110
расположено 0,916291 0,000177
расположены 0,673345 0,000065
распределение 1,560648 0,000151
распределились 3,218876 0,000311
распространено 2,302585 0,000222
расселения 1,966113 0,000190
расскажут 3,506558 0,000338
рассказ 2,659260 0,000770
рассказали 3,218876 0,000311
рассказам 3,506558 0,000338
рассказывает 2,659260 0,000257
расследований 3,912023 0,000377
расстояние 0,843970 0,000244
расстреливал 3,912023 0,000377
растительному 3,912023 0,000377
расширен 2,525729 0,000244
расширение 0,527633 0,000051
расширении 2,659260 0,000513
рахманова 3,912023 0,000377
рахмон 3,912023 0,000377
рбк 1,386294 0,000134
ргада 3,506558 0,000338
ргвиа 3,912023 0,000377
реабилитации 2,813411 0,000271
реализуется 2,302585 0,000222
реаниматологии 3,912023 0,000377
революции 0,693147 0,000334
революциигорода 2,813411 0,000271
регбист 3,912023 0,000377
региона 0,776529 0,000075
региональным 2,302585 0,000222
региональных 1,203973 0,000116
регионов 0,941609 0,000091
регистр 2,120264 0,000409
регулируемый 3,506558 0,000338
регулярные 1,514128 0,000146
ред 0,235722 0,000045
редаково 3,912023 0,000377
редаковское 3,912023 0,000377
редактор 1,609438 0,000311
редакция 1,469676 0,000284
режим 1,108663 0,000214
режиме 1,514128 0,000146
режиссер 2,207275 0,000426
резерва 1,714798 0,000165
резиновая 3,912023 0,000377
резиновое 3,912023 0,000377
резко 0,967584 0,000187
результатом 1,771957 0,000171
рейсы 1,427116 0,000413
рейтинг 1,272966 0,000246
рейтинге 1,203973 0,000465
река 0,733969 0,000212
реке 0,713350 0,000069
реки 0,462035 0,000134
реклама 2,995732 0,000867
рекомендации 0,843970 0,000081
реконструировали 3,912023 0,000377
реконструировано 2,659260 0,000257
реконструкции 0,967584 0,000093
реконструкцию 2,040221 0,000197
реконструкция 1,203973 0,000116
рекордные 2,995732 0,000289
ректор 2,659260 0,000513
реку 1,171183 0,000678
религиозная 2,120264 0,002864
религиозное 2,995732 0,000289
религиозной 2,407946 0,000232
религиозных 1,469676 0,000284
религия 0,843970 0,000163
рембыттехника 3,912023 0,000377
ремезова 2,659260 0,000257
ремесла 2,525729 0,000244
реорганизован 3,218876 0,000311
репродукции 3,218876 0,000621
рериха 2,813411 0,000271
рерихов 3,506558 0,001015
республик 1,609438 0,000155
республика 0,843970 0,000081
ресторанов 2,302585 0,000222
ресурсам 2,813411 0,000271
ресурсов 0,798508 0,000693
ресурсы 0,020203 0,000002
ретро 1,897120 0,000183
ретропарк 3,912023 0,000377
реформа 2,525729 0,000244
реформы 1,609438 0,000155
речного 1,139434 0,000110
речной 0,916291 0,000177
речных 1,609438 0,000155
решен 3,506558 0,000338
решение 0,755023 0,000219
решением 1,078810 0,000416
ржд 1,832581 0,000177
риа 1,049822 0,000101
римско-католический 2,659260 0,000257
риск 2,659260 0,000257
рисуют 3,912023 0,000377
ркка 1,966113 0,000190
рогов 3,218876 0,000621
рогова 3,218876 0,000621
роговского 3,912023 0,000377
роговцами 3,912023 0,000377
роговщины 3,912023 0,000377
роговым 3,912023 0,000377
родились 3,218876 0,000932
родился 1,660731 0,000320
родниковый 3,912023 0,000377
рождества 1,714798 0,000993
роза 1,021651 0,000099
розами 3,912023 0,000377
розочки 3,912023 0,000377
роли 1,966113 0,000190
роль 0,579818 0,000056
росгидромета 2,995732 0,000289
россии 0,186330 0,000521
россиигорода 1,309333 0,000126
российская 0,186330 0,000072
российские 0,994252 0,000096
российский 0,634878 0,000857
российско-украинской 1,108663 0,000107
российского 0,634878 0,000061
российское 1,771957 0,000171
российской 0,385662 0,001228
россия 0,371064 0,000286
росстат 0,776529 0,000375
рост 0,967584 0,000187
ростелеком 1,386294 0,000134
росуглепрофа 3,912023 0,000377
ротко 3,912023 0,000377
рсфср 0,733969 0,000354
рублей 0,755023 0,000583
рубля 1,832581 0,000707
рубцовск 1,347074 0,000260
рудокопровая 3,912023 0,000377
руках 2,120264 0,000205
руководителей 2,120264 0,000205
руководство 1,272966 0,000246
руководством 0,941609 0,000182
рукописной 3,912023 0,000377
рукописный 3,912023 0,000377
рус 0,162519 0,002101
русал 3,506558 0,000677
руси 1,347074 0,000130
русские 0,544727 0,000158
русский -0,009950 -0,000001
русским 1,560648 0,000151
русских 0,843970 0,000244
русского 0,494296 0,000048
русское 0,755023 0,000073
русской 0,673345 0,000260
рцтк 3,912023 0,000377
рыбака 3,506558 0,000338
рыбакова 3,506558 0,000338
рыбинск 1,203973 0,000116
рынок 1,021651 0,000099
ряд 0,385662 0,000149
рязань 1,049822 0,000101
сад 1,108663 0,000214
сад-город 3,912023 0,001132
сад-города 3,912023 0,000377
садов 2,040221 0,000197
саду 1,660731 0,000481
сады 1,660731 0,000160
сажа 3,506558 0,000338
сайт 0,371064 0,000107
сайты 0,478036 0,000046
салаир 3,506558 0,000677
салаира 3,912023 0,000377
салаирского 3,506558 0,000338
салехард 1,347074 0,000130
салтымаково 3,218876 0,000311
сама 1,469676 0,000284
самара 0,891598 0,000086
самая 0,798508 0,000077
самоуправления 0,994252 0,000096
самусь 3,218876 0,000311
самый 0,579818 0,000280
самых 0,544727 0,000158
санкт-петербурга 1,514128 0,000146
санкт-петербургского 2,207275 0,000213
сантехпроект 3,912023 0,000377
саратов 0,967584 0,000093
сахаджа-йога 3,912023 0,000377
сбербанк 1,966113 0,000190
сбора 1,832581 0,000177
свалки 2,995732 0,000289
свалок 2,659260 0,000770
свет 1,560648 0,000151
светличный 3,912023 0,000377
светомузыкальный 3,218876 0,000311
светофоров 3,506558 0,000338
свидетелей 3,218876 0,000311
свидетели 3,506558 0,000677
свидетельствует 1,771957 0,000171
свинца 2,407946 0,000232
свободной -0,009950 -0,000001
сводного 3,912023 0,000377
своими 1,427116 0,000275
свыше 0,891598 0,000086
свяжитесь -0,009950 -0,000001
связан 1,171183 0,000113
связана 1,078810 0,000104
связанное 1,897120 0,000183
связанные 1,021651 0,000296
связанных 1,171183 0,000226
связано 1,078810 0,000104
связаны 1,237874 0,000119
связи 0,235722 0,000068
связывают 1,609438 0,000155
связь 0,616186 0,000238
святителя 2,040221 0,000590
свято-никольская 3,506558 0,000338
святого 1,078810 0,000520
святой 1,272966 0,000246
святынями 3,912023 0,000377
святых 1,427116 0,000688
священного 2,813411 0,000271
сдан 1,897120 0,000183
сделали 2,407946 0,000232
сделаны 2,659260 0,000257
север 1,171183 0,000226
северное 1,514128 0,000146
северной 0,693147 0,000067
северных 1,897120 0,000183
северо-восток 2,525729 0,000244
северодвинск 1,171183 0,000113
северск 3,218876 0,000311
сегодняшний 1,660731 0,000160
седьмого 1,609438 0,000466
седьмое 2,659260 0,000257
седьмом 3,506558 0,000338
сек 3,218876 0,000311
сектора 1,832581 0,000177
селективного 3,912023 0,000377
селения 2,525729 0,000244
сельских 0,776529 0,000225
семейной 3,506558 0,000338
семена 2,813411 0,000271
семинарии 2,407946 0,000232
семинарию 3,218876 0,000621
семинария 1,469676 0,000284
семнадцатью 3,912023 0,000377
семь 1,309333 0,000126
семьи 1,272966 0,000368
семьсот 3,912023 0,000377
семья 1,897120 0,000183
сент 0,843970 0,000163
сентябре 0,994252 0,000096
сентябрь 1,309333 0,000379
сентября 0,072571 0,000098
сервиса 1,514128 0,000146
сергеевич 2,302585 0,000222
сергей 0,967584 0,000747
сергея 1,469676 0,000142
сергия 2,525729 0,000244
сердцевинами 3,912023 0,000377
серебрякова 3,218876 0,000311
серебряную 2,813411 0,000271
серебряный 1,386294 0,000401
серебряными 2,995732 0,000289
сержантом 3,506558 0,000338
серией 3,506558 0,000338
серии 1,386294 0,000134
сероводород 3,506558 0,000338
серы 2,302585 0,000444
серый 3,218876 0,000311
серьезно 1,897120 0,000183
сестричество 3,912023 0,000755
сетевое 2,407946 0,000232
сетевой 2,813411 0,000271
сетевые 1,832581 0,000177
сети 0,494296 0,000095
сеть 0,616186 0,000238
сзо 3,912023 0,000377
сибггма 3,912023 0,000377
сибгипрококс 3,912023 0,000377
сибгипромез 3,912023 0,000377
сибгиу 3,912023 0,001887
сибдепо 3,506558 0,000338
сибири 1,347074 0,001170
сибирские 2,207275 0,000426
сибирский 1,469676 0,000992
сибирских 1,966113 0,000190
сибирского 1,714798 0,000165
сибирской 1,832581 0,000177
сибирскую 2,407946 0,000232
сибирь 1,469676 0,000142
сибниистромпроект 3,912023 0,000377
сибпроектстальконструкция 3,912023 0,000377
сибруда 3,912023 0,000377
сибсвязь 3,912023 0,000377
сибтранзит 3,912023 0,000377
сибшахтострой 3,912023 0,000377
сибшахтостройпроект 3,912023 0,000377
сизо 3,506558 0,000338
символ 1,203973 0,000232
символе 3,506558 0,000338
символизирующие 3,912023 0,000377
символизирующий 2,813411 0,000271
символика 1,272966 0,000123
символы 1,386294 0,000267
синода 2,813411 0,000271
синтезис 3,912023 0,000377
синтетические 3,218876 0,000311
система 0,235722 0,000023
системах 1,771957 0,000171
системеобсуждениевкладсоздать -0,009950 -0,000001
системой 1,309333 0,000379
систему 0,673345 0,000130
сити 2,120264 0,000205
ситуация 1,469676 0,000425
сих 1,078810 0,000104
сказ 2,813411 0,001086
скачать -0,009950 -0,000001
скачет 3,912023 0,000377
скачков 3,506558 0,000338
скачущий 3,506558 0,000338
сквере 1,560648 0,000151
сквозным 3,912023 0,000377
склад 3,506558 0,000338
склеенного 3,912023 0,000377
скорбящим 3,912023 0,000755
скоростная 3,506558 0,000338
скоростной 2,120264 0,000205
скорость 0,867501 0,000167
скульптор 1,427116 0,000413
славгород 3,506558 0,000338
славы 1,078810 0,000208
слева 1,108663 0,000107
следует 0,755023 0,000146
следуют 2,207275 0,000213
следующим 1,386294 0,000401
слепых 1,832581 0,000177
слов 1,560648 0,000301
слова 0,562119 0,000163
словари 0,116534 0,000022
словарь 0,274437 0,000079
слово 0,673345 0,000065
сложенные 3,506558 0,000338
слоях 2,407946 0,000232
служба 0,693147 0,000201
службой 2,207275 0,000213
службы 0,798508 0,000077
служебной 3,218876 0,000311
служебными 3,912023 0,000377
слуха 3,218876 0,000311
случаях -0,009950 -0,000001
сменил 2,813411 0,000271
смену 1,966113 0,000379
смещение 0,798508 0,000077
смирнов 2,302585 0,000222
смирнова 2,525729 0,000244
смольянинова 3,506558 0,000338
снарядов 2,995732 0,000289
снаряжение 2,995732 0,000289
снг 1,714798 0,000165
снежного 1,966113 0,000190
снесена 3,218876 0,000311
снижается 1,714798 0,000165
снижен 3,912023 0,000377
снижение 1,609438 0,000155
снижения 1,714798 0,000165
снизился 2,525729 0,000244
снизить 2,302585 0,000222
снова 1,386294 0,000267
сносок 0,843970 0,000081
собой 0,328504 0,000063
собор 0,755023 0,000656
собора 1,108663 0,000107
соборов 2,995732 0,000289
собран 2,995732 0,000289
собрание 0,941609 0,000091
собрания 1,139434 0,000110
собственных 1,771957 0,000171
событий 1,386294 0,000267
события 1,108663 0,000107
событияпожертвовать -0,009950 -0,000001
совет 0,916291 0,000265
совета 0,798508 0,000462
совете 2,525729 0,000487
советом 1,897120 0,000366
советская 0,371064 0,000107
советские 1,347074 0,000260
советский 0,755023 0,000291
советских 1,386294 0,000134
советского 0,776529 0,000150
советское 0,994252 0,000192
советской 0,755023 0,000291
совокупный 3,218876 0,000311
современного 0,653926 0,000063
современном 1,272966 0,000123
современность 1,609438 0,000466
современные 0,916291 0,000088
современный 0,967584 0,000093
современных 0,713350 0,000138
согласно 0,301105 0,000203
содержание 0,010050 0,000001
соединений 2,120264 0,000205
сожжены 2,995732 0,000289
создается 1,832581 0,000354
создан 0,693147 0,000067
создана 0,891598 0,000258
создание 0,733969 0,000212
создано 1,347074 0,000260
созданы 1,078810 0,000104
сознания 2,120264 0,000205
соколиные 3,912023 0,000377
соколиных 3,912023 0,000377
сокращение 1,714798 0,000165
сокращенным 3,912023 0,000377
солдат 2,120264 0,000205
солнечных 2,207275 0,000213
солнц 3,912023 0,000377
солнца 1,966113 0,000190
соловьев 2,040221 0,000197
соломина 3,912023 0,000377
соломиной 3,912023 0,000755
сообщает 2,207275 0,000213
сообщить -0,009950 -0,000001
сооружений 1,078810 0,000104
сооружениями 2,995732 0,000289
соответственно 1,021651 0,000296
соответствии 0,446287 0,000086
соответствовал 3,506558 0,000338
соответствовать 2,407946 0,000232
сопровожденный 3,912023 0,000377
сорвало 3,912023 0,000377
соревнования 1,514128 0,000146
сортов 3,506558 0,000338
сосновый 2,302585 0,000222
сосредоточение 3,218876 0,000311
сост 0,597837 0,000058
состав 0,400478 0,000155
составе 0,616186 0,000059
составил 0,916291 0,000088
составила 1,021651 0,000099
составленного 3,912023 0,000377
составляет 0,314711 0,000364
составляло 1,347074 0,000260
составлялся 3,506558 0,000338
состоит 0,755023 0,000364
состояло 3,912023 0,000377
состоялось 1,171183 0,000113
состоялся 1,237874 0,000239
состояние 0,733969 0,000071
состоянии 1,309333 0,001137
состоянию 0,544727 0,000263
состоят 2,207275 0,000213
состоящая 2,302585 0,000222
сотню 3,218876 0,000311
сотовой 1,469676 0,000142
сотрудничает 2,813411 0,000271
софии 2,813411 0,000271
софрония 3,912023 0,000377
сохранением -0,009950 -0,000001
сохранившийся 2,995732 0,000289
сохранились 1,609438 0,000155
соцгород 2,813411 0,000271
соцгорода 3,912023 0,001510
соцгородов 3,506558 0,000338
социалистическая 2,813411 0,000271
социалистическом 3,912023 0,000377
социально-художественный 3,912023 0,000377
социально-экономического 1,237874 0,000239
социальных 0,941609 0,000091
соцтруда 3,912023 0,000377
сочинений 2,525729 0,000244
сочленения 3,912023 0,000377
союз 1,203973 0,000465
союза 0,733969 0,000071
союзов 3,218876 0,000311
спасо-преображенский 1,966113 0,000948
спасский 2,207275 0,000213
спб 0,385662 0,000074
спектр 1,897120 0,000183
специалисты 1,714798 0,000165
специальное 2,040221 0,000197
спирт 3,912023 0,000377
спискам 2,525729 0,000244
списке 1,966113 0,000190
списки 1,714798 0,000165
список 0,248461 0,000024
спиченково 3,912023 0,000755
спорт 0,776529 0,000225
спорта 0,916291 0,000619
спортивные 1,078810 0,000208
спортивных 1,108663 0,000214
спортсменов 2,302585 0,000222
способности 2,120264 0,000205
способом 1,771957 0,000342
справа 1,714798 0,000165
справедливая 2,525729 0,000244
справка 1,272966 0,000123
справочник 0,916291 0,000177
сравнительно 1,897120 0,000183
среди 0,198451 0,000230
среднеазиатских 3,506558 0,000338
среднего 1,049822 0,000101
среднегодовая 1,078810 0,000208
среднее 1,272966 0,000982
среднем 0,693147 0,000267
среднесуточная 2,659260 0,000257
среднесуточных 3,506558 0,000338
средний 0,494296 0,000191
средняя 0,510826 0,000394
средств 0,597837 0,000115
средства 0,415515 0,000120
среду 1,897120 0,000183
среды 0,755023 0,000656
срок 1,237874 0,000119
сроки 1,966113 0,000379
српски 0,000000 0,000000
ссср 0,314711 0,000425
ссылками 0,186330 0,000072
ссылкасведения -0,009950 -0,000001
ссылки -0,009950 -0,000007
ссылкойвикипедия 1,660731 0,000160
ссылок 0,693147 0,000134
ста 2,040221 0,000197
стабильная 0,994252 0,000096
став 1,771957 0,000171
ставшие 2,302585 0,000222
стадионов 1,660731 0,000160
стадионы 1,714798 0,000165
стал 0,314711 0,000182
стала 0,462035 0,000134
сталевары 3,912023 0,000377
стали 0,430783 0,000125
сталин 2,525729 0,000487
сталина 2,040221 0,000394
сталинабад 3,506558 0,000338
сталинаскрытые 3,912023 0,000377
сталинварош 3,506558 0,000338
сталинград 2,995732 0,000289
сталинири 3,506558 0,000338
сталиниси 3,506558 0,000338
сталинки 3,506558 0,000677
сталиногорск 3,218876 0,000311
сталиногруд 3,506558 0,000338
сталинск 3,506558 0,003383
сталинск-кузнецк 3,912023 0,000377
сталинска 3,912023 0,000755
сталинская 3,506558 0,000338
сталинском-новокузнецком 3,912023 0,000377
сталинску 3,912023 0,000377
сталинштадт 3,506558 0,000338
стало 0,494296 0,000048
стандарт 1,966113 0,000190
стандарта 2,120264 0,000205
стандартам 2,207275 0,000213
станет 1,309333 0,000126
станцией 2,207275 0,000213
станции 0,693147 0,000401
станцию 1,897120 0,000366
станция 0,798508 0,000308
старая 0,430783 0,000042
старейшая 1,897120 0,000183
старейшим 2,120264 0,000409
старейшими 2,813411 0,000543
старейших 1,309333 0,000126
старинная 2,995732 0,000289
старинные 2,407946 0,000232
старого 1,347074 0,000260
старожилов 2,995732 0,000289
старой 1,514128 0,000146
старокузнецк 3,912023 0,000377
старообрядец 3,218876 0,000311
старообрядческая 1,560648 0,000151
стартовала 2,995732 0,000289
старше 1,966113 0,000379
старшеклассников 3,218876 0,000311
старый 1,049822 0,000405
стат 2,302585 0,000222
статистика -0,009950 -0,000001
статистики 0,713350 0,000206
статистический 0,755023 0,000947
статус 0,510826 0,000148
стать 1,203973 0,000116
статьи 0,072571 0,000056
статьивикипедия 2,813411 0,000271
статьислучайная -0,009950 -0,000001
статьисообществофорумсправкасвежие -0,009950 -0,000001
статью 0,616186 0,000119
статья 0,105361 0,000102
статьяобсуждение -0,009950 -0,000001
статьятекущие -0,009950 -0,000001
стела 1,469676 0,000142
стен 1,771957 0,000171
стене 2,813411 0,000271
стеннозубчатой 3,506558 0,000338
стены 1,771957 0,000171
степень 1,714798 0,000165
стереотип 1,514128 0,000146
стефана 3,506558 0,000338
стилизованное 2,995732 0,000289
стилистически 2,995732 0,000578
стилистическим 2,813411 0,000271
стиль 1,714798 0,000165
стиля 1,714798 0,000165
стихи 2,407946 0,000232
стихотворение 2,525729 0,000731
стоимость 1,237874 0,000358
столица 0,967584 0,000187
столице 2,120264 0,000409
стоматологических 2,302585 0,000222
сторона 2,040221 0,000394
сторонам 2,302585 0,000222
стороне 1,139434 0,000220
сторону 1,171183 0,000113
стороны 0,430783 0,000166
стоящая 3,218876 0,000621
стран 0,597837 0,000058
страна 0,462035 0,000089
стране 0,867501 0,000251
страница -0,009950 -0,000001
страницасодержаниеизбранные -0,009950 -0,000001
страницецитировать -0,009950 -0,000001
страницуполучить -0,009950 -0,000001
страницы -0,009950 -0,000006
страницыслужебные -0,009950 -0,000001
страны 0,634878 0,000184
стратегических 2,813411 0,000271
стрелковой 2,995732 0,000289
стрельбе 2,813411 0,000271
стрельбы 2,995732 0,000289
строил 3,218876 0,000932
строился 2,407946 0,000232
строителей 2,040221 0,000590
строительные 1,966113 0,000379
строительных 1,427116 0,000275
строительства 0,673345 0,000195
строительстве 1,078810 0,000104
строительство 0,510826 0,000444
строительству 1,469676 0,000142
строится 1,272966 0,000246
строящемся 3,506558 0,000338
структур 2,659260 0,000257
струны 3,218876 0,000311
студентов 1,272966 0,000123
ступино 1,347074 0,000130
субъект 0,820981 0,000079
субъектов 0,755023 0,000146
суд-расправу 3,912023 0,000377
суда 1,078810 0,000104
судебное 3,912023 0,000377
судебной 3,506558 0,000338
судебные 2,659260 0,000513
судей 3,506558 0,000338
судоходства 2,040221 0,000197
суды 2,407946 0,000465
суржиков 3,912023 0,000377
суслова 3,912023 0,000377
суточный 0,820981 0,000317
суточными 3,218876 0,000311
существенное 2,207275 0,000213
существовал 1,469676 0,000284
существует 0,446287 0,000086
существуют 0,162519 0,000031
существующей 2,302585 0,000222
сферы 1,309333 0,000126
схема 1,386294 0,000134
считающиеся 3,506558 0,000338
сызрань 1,237874 0,000119
сыроваткин 3,912023 0,000377
сюда 1,108663 0,000107
сюдасвязанные -0,009950 -0,000001
таблица 0,653926 0,000189
тагил 1,272966 0,000246
таджики 1,347074 0,000130
таежный 3,218876 0,000311
таинству 3,912023 0,000377
тайга 1,966113 0,000379
тайгинский 3,506558 0,000338
также 0,000000 0,000000
такие 0,261365 0,000050
такси 1,021651 0,000099
танковых 3,218876 0,000311
танцор 3,912023 0,000377
танцующие 3,912023 0,000377
тарашкев 0,000000 0,000000
тариф 2,813411 0,000271
тасс 1,171183 0,000113
татарами 2,659260 0,000257
татарча 0,000000 0,000000
татары 0,798508 0,000154
татьяна 1,609438 0,000155
тахтамышево 3,218876 0,000311
таштагол 3,506558 0,002030
таштагольский 3,506558 0,000677
таштагольской 3,912023 0,000377
твердые 3,912023 0,000755
твердых 2,525729 0,000244
твн 3,912023 0,000377
твоем 3,218876 0,000311
твои 3,912023 0,000377
творческих 2,525729 0,000244
творческую 3,506558 0,000338
творчестве 2,302585 0,000222
творчество 1,966113 0,000190
театр 0,713350 0,000688
театра 1,021651 0,000591
театра-мюзикла 3,912023 0,000377
театральный 1,660731 0,000160
театральными 3,912023 0,000377
театральных 2,207275 0,000213
театре 1,966113 0,000190
театров 1,203973 0,000116
театры 0,941609 0,000182
теба 3,218876 0,000311
текст -0,009950 -0,000002
текущем 0,544727 0,000053
телевидение 0,967584 0,000093
телевидения 1,237874 0,000239
телеканалах 2,995732 0,000289
телеком 2,302585 0,000666
телекоммуникационных 2,995732 0,000289
телеуты 2,995732 0,000578
телефона 2,659260 0,000257
телефонной 1,714798 0,000165
телефонный 0,776529 0,000150
тематические 0,510826 0,000049
температур 1,609438 0,000311
температура 0,562119 0,000217
тенденцию 3,218876 0,000311
теннисные 2,813411 0,000271
теннису 2,995732 0,000867
теофания 3,912023 0,000377
теплое 1,832581 0,000177
теплоход 2,120264 0,000205
теплый 1,609438 0,000155
термина 0,400478 0,000039
тернистый 3,912023 0,000377
террасу 3,218876 0,000621
территориального 2,207275 0,000426
территориальных 0,776529 0,000225
территории 0,400478 0,000464
территория 0,755023 0,000437
территориях 0,916291 0,000088
террор 2,813411 0,001086
террором 3,912023 0,000377
тестовом 2,813411 0,000271
тех 0,798508 0,000077
техники 0,867501 0,000084
техникум 1,714798 0,001323
техникумы 2,813411 0,000271
технический 1,021651 0,000197
технического 1,514128 0,000146
технолог 3,912023 0,000377
технологии 0,798508 0,000077
технологий 0,653926 0,000126
течение 0,527633 0,000051
течет 2,525729 0,000244
тибето-монголо-бурятская 3,912023 0,000377
тивяков 3,912023 0,000377
тип 0,356675 0,000069
типа 0,462035 0,000045
типов 1,386294 0,000134
тисульский 3,506558 0,000677
тобольского 2,813411 0,000271
товарный -0,009950 -0,000001
толбухина 3,506558 0,000338
толстогузов 3,912023 0,000377
тольятти 1,514128 0,000438
тома 3,218876 0,000311
томи 3,218876 0,002484
томипоявились 3,912023 0,000377
томск 1,108663 0,000321
томска 2,995732 0,000289
томской 2,659260 0,001283
томском 3,218876 0,000311
томусинскую 3,912023 0,000377
томь 3,218876 0,002174
тонн 1,108663 0,001925
тонна 3,912023 0,000377
тонны 2,813411 0,000543
топки 3,506558 0,001015
топкинский 3,506558 0,001015
топольники 3,912023 0,000755
топонимический 0,798508 0,000077
торгово-развлекательный 2,407946 0,000232
торгово-развлекательных 2,659260 0,000257
торгово-экономический 2,995732 0,000289
тореза 3,506558 0,000338
торжественно 1,660731 0,000160
торжественного 3,218876 0,000311
тос 3,912023 0,000377
точилино 3,912023 0,000377
точка 1,309333 0,000379
травертины 3,912023 0,000377
травмобезопасное 3,912023 0,000377
традиций 2,207275 0,000213
традиция 2,207275 0,000213
трамваев 1,897120 0,000183
трамваи 1,897120 0,000183
трамвай 0,967584 0,000373
трамвайной 2,120264 0,000409
трамвайных 1,660731 0,000160
трамвая 1,347074 0,000130
транслируемые 3,912023 0,000377
транспорт 0,693147 0,000267
транспорта 0,776529 0,000225
транспорте 1,514128 0,000292
транспортная 1,237874 0,000239
транспортно-технологический 3,912023 0,000377
транспортной 1,108663 0,000214
транспортный 1,171183 0,000113
транспортных 0,891598 0,000172
трансформация 2,995732 0,000289
трансцендентальная 3,912023 0,000377
трапезная 3,506558 0,000338
трасса 1,427116 0,000138
требованию 2,995732 0,000289
требованиям 2,525729 0,000487
тренер 2,659260 0,000257
трехэтажных 3,912023 0,000377
три-четыре 3,912023 0,000377
тридцатых 3,912023 0,000377
тридцать 2,659260 0,000257
трижды 2,120264 0,000205
трк 1,771957 0,000171
троицы 2,040221 0,000197
троллейбус 0,994252 0,000288
троллейбусного 2,207275 0,000213
троллейбусное 2,302585 0,000222
троллейбусных 1,347074 0,000130
троллейбусов 1,832581 0,000177
троллейбусы 1,714798 0,000165
тротуарная 3,912023 0,000377
трофеи 3,912023 0,000377
трудный 3,506558 0,000338
трудового 1,966113 0,000569
трудовой 1,237874 0,001194
трудоспособного 1,771957 0,000513
трудящимися 2,207275 0,000213
трудящихся 2,120264 0,000205
трц 1,660731 0,000801
тула 1,897120 0,000183
тулеев 3,506558 0,001015
тулеева 3,912023 0,000377
туржанский 3,912023 0,000377
туркменская 3,912023 0,000377
тушинская 3,912023 0,000377
тыс 0,430783 0,000208
тысяч 0,415515 0,000361
тэц 1,272966 0,000491
тюмень 1,171183 0,000113
тюремный 2,995732 0,000289
тяжелоатлеты 3,912023 0,000377
тяжелой 2,407946 0,000232
тяжинский 3,506558 0,000677
тяжпромэлектропроект 3,506558 0,000338
убит 2,659260 0,000257
уважением 3,912023 0,000377
уважения 3,506558 0,000338
увековечиваться 3,912023 0,000377
увенчан 2,040221 0,000197
увлажнения 2,302585 0,000222
угла 2,302585 0,000222
углах 3,912023 0,000377
угле 3,506558 0,000338
угледобывающий 3,912023 0,000377
угледобывающих 3,912023 0,000377
углерод 3,912023 0,000377
углерода 1,897120 0,000366
углу 1,832581 0,000177
угля 2,525729 0,000487
угодиями 3,912023 0,000377
угольной 3,218876 0,000932
угольную 3,506558 0,000338
угольных 3,218876 0,000311
удалена 0,941609 0,000091
уездное 2,659260 0,000257
уезжают 3,506558 0,000338
узел 0,891598 0,000086
указ 0,941609 0,000182
указавших 2,302585 0,000222
указали 2,040221 0,000197
указан 0,139262 0,000040
указанием -0,009950 -0,000001
указанного 1,078810 0,000104
указом 0,941609 0,000273
укра 0,000000 0,000000
украинцы 0,891598 0,000086
украины 0,616186 0,000059
украсит 3,912023 0,000377
укрепление 2,407946 0,000465
укрепленного 3,912023 0,000377
улан-удэ 1,237874 0,000239
улиц 0,891598 0,000344
улица 0,994252 0,000384
улицами 1,897120 0,000183
улице 0,916291 0,000442
улицей 2,120264 0,000205
улицы 0,843970 0,000651
улично-дорожной 2,207275 0,000213
уличные 2,813411 0,000271
улучшения 1,966113 0,000379
ульяновск 1,078810 0,000104
университет 0,562119 0,000108
университета 0,446287 0,000086
университетский 2,525729 0,000244
уникальный 1,560648 0,000151
уникальных 2,040221 0,000197
упадок 2,659260 0,000257
упоминание 1,237874 0,000119
управления 0,415515 0,000120
ураганов 2,995732 0,000289
урала 1,609438 0,000155
уралом 1,609438 0,000311
уровень 0,579818 0,000168
уровнем 0,798508 0,000077
усадебными 3,506558 0,000338
усеченной 3,912023 0,000377
условий -0,009950 -0,000001
условия -0,009950 -0,000002
условное 3,912023 0,000377
услуг 0,967584 0,000093
усовершенствования 3,218876 0,000621
успевают 3,506558 0,000338
успехи 1,832581 0,000177
устав 0,941609 0,000273
устава 1,897120 0,000183
установлен 0,941609 0,000091
установленного 2,407946 0,000232
устинова 3,218876 0,000311
устраивает 3,912023 0,000377
устроенных 3,912023 0,000377
устройства 1,309333 0,000253
устройстве 1,171183 0,000113
устройство 1,021651 0,000197
усть-нарык 3,218876 0,000311
устью 1,078810 0,000104
устья 1,171183 0,000113
устюжин 3,912023 0,000377
утверждается 2,659260 0,000257
утвержден 1,171183 0,000565
утверждена 2,995732 0,000289
утверждение 1,832581 0,000177
утверждениями 0,713350 0,000069
утвержденным 3,218876 0,000311
утверждено 3,218876 0,000311
утилизируют 3,912023 0,000377
утрачены 2,659260 0,000257
утро 2,813411 0,000271
уфа 0,967584 0,000093
участие -0,009950 -0,000001
участки 1,514128 0,000146
участник 1,609438 0,000466
участниками 1,309333 0,000126
участники 1,771957 0,000171
участок 1,203973 0,000116
ученики 3,506558 0,000677
учета 1,560648 0,000151
учете 2,995732 0,000289
учетную -0,009950 -0,000001
учетом 0,755023 0,000146
училища 1,514128 0,000146
училище 1,021651 0,000394
учился 2,995732 0,000289
учитывать 2,120264 0,000205
учрежден 1,832581 0,000177
учреждение 1,237874 0,000119
учреждений 0,891598 0,000258
учреждения 0,843970 0,000407
учреждениях 2,040221 0,000197
ушедшей 3,912023 0,000377
ушли 2,659260 0,000257
факт 1,514128 0,000146
фальк 3,912023 0,000377
фамилия 2,995732 0,000289
фасад 3,218876 0,000311
февр 0,820981 0,000158
февраль 1,272966 0,000123
февраля 0,051293 0,000134
федеральная 0,713350 0,000206
федерального 0,673345 0,000130
федеральной 0,891598 0,000086
федеральный 0,653926 0,000063
федеральным 1,771957 0,000171
федеральными 1,966113 0,000190
федеральных 0,776529 0,000150
федерации 0,544727 0,001682
федерация 1,714798 0,000165
федорова 2,207275 0,000426
федорович 1,771957 0,000171
фенол 3,912023 0,000377
ферма 2,813411 0,000271
ферму 3,912023 0,000377
ферросплавный 3,912023 0,000755
ферросплавов 3,506558 0,000677
ферросплавы 3,912023 0,000755
фески 3,912023 0,000377
физико-географическая 0,843970 0,000163
филателия 2,995732 0,000578
филиал 0,798508 0,000385
филиалами 2,525729 0,000487
фильмов 1,660731 0,000160
фильмы 2,207275 0,000213
финансово-промышленными 3,912023 0,000377
финансового 1,897120 0,000183
финансовый 1,609438 0,000155
фирмы 2,120264 0,000205
флаг 0,673345 0,000585
флюсы 3,912023 0,000377
фойгт 3,912023 0,000377
фонарева 3,912023 0,000377
фонд -0,009950 -0,000002
фонда 1,309333 0,000126
фондом 2,525729 0,000487
фоне 1,560648 0,000151
фонтан 1,609438 0,001087
фонтанов 2,659260 0,000257
фонтаны 2,407946 0,000232
форм 1,347074 0,000130
формальдегид 3,912023 0,001132
формами 2,659260 0,000257
формата 1,966113 0,000190
формула 2,525729 0,000244
форштадт 3,218876 0,000311
фото 1,203973 0,000232
фотогр 3,912023 0,000377
фотограф 2,995732 0,000289
фотографии 1,203973 0,000116
фотографий 2,659260 0,000513
фрагмент 2,407946 0,000232
франт-объявления 3,912023 0,000377
фрегат 3,912023 0,000377
фрейн 3,912023 0,000377
фронт 1,714798 0,000165
фронтовые 3,912023 0,000377
фтора 3,506558 0,000338
фторид 3,912023 0,000377
фтористый 3,912023 0,000377
функций 1,660731 0,000160
футболист 3,506558 0,000338
ханты-мансийск 1,347074 0,000130
характеризуется 0,941609 0,000091
характеристика 0,713350 0,000275
хашури 3,506558 0,000338
хватает 0,843970 0,000081
хвостом 3,218876 0,000311
химико-фармацевтический 3,912023 0,000377
хлебозаводская 3,912023 0,000377
ходе 0,562119 0,000163
хозяйства 0,755023 0,000146
хозяйство 0,713350 0,000138
хоккеист 3,912023 0,000377
хоккеисты 3,506558 0,000338
хоккейной 1,966113 0,000190
холдинг 2,040221 0,000197
холдинга 3,506558 0,000338
холдинговую 3,506558 0,000338
хор 2,407946 0,000232
храм 0,843970 0,001140
храм-мемориал 3,912023 0,000377
храм-памятник 3,506558 0,000338
храма 1,272966 0,000123
храме 2,525729 0,002193
храмов 1,386294 0,000134
храмом 1,897120 0,000366
хранение 2,207275 0,000213
хранится 2,407946 0,000232
хренова 3,912023 0,001132
христа 1,966113 0,000190
христиан 1,771957 0,001880
христова 1,966113 0,001138
хроника 2,207275 0,000852
худ 3,218876 0,000311
худож 3,506558 0,000338
художественная 1,714798 0,000165
художественной 1,469676 0,000142
художественном 3,506558 0,000677
художественным 2,813411 0,000271
художник 1,660731 0,000160
художник-авангардист 3,912023 0,000377
художников 1,609438 0,000311
царя 1,469676 0,000142
цвесть 3,912023 0,000755
цвета 1,171183 0,000226
цветной 2,525729 0,000244
цгб 3,912023 0,002264
целая 2,813411 0,000271
целый 1,609438 0,000155
целью 0,733969 0,000071
целях 1,171183 0,000113
цементного 3,506558 0,000338
цементный 3,218876 0,000311
центр 0,400478 0,000734
центра 0,562119 0,000108
централизованная 2,302585 0,000222
централизованной 2,813411 0,000543
центральная 0,755023 0,000219
центрального 0,967584 0,000187
центральном 1,714798 0,001489
центральные 2,120264 0,000205
центральный 0,673345 0,000390
центральным 2,040221 0,000394
центрами 1,469676 0,000142
центре 0,673345 0,000195
центров 0,776529 0,000375
центром 0,713350 0,000138
центры 0,713350 0,000069
церквей 1,560648 0,000602
церкви 0,916291 0,000884
церковь 0,843970 0,002117
цехов 3,218876 0,000311
цианистый 3,912023 0,000377
цик 2,207275 0,000213
цикл 2,207275 0,000213
цинка 2,813411 0,000271
циолковского 2,525729 0,000244
цирк 1,078810 0,000208
цифрового 1,832581 0,000177
цифровые 0,673345 0,000065
цифровых 1,771957 0,000171
цсу 2,659260 0,000257
цхинвал 2,995732 0,000289
цыгане 1,714798 0,000165
чалая 3,912023 0,000377
часов 1,078810 0,000104
часовня 1,771957 0,000171
часовой 0,755023 0,000146
часовом 3,218876 0,000311
части 0,198451 0,000077
частиц 2,659260 0,000257
частица 2,995732 0,000578
частицей 3,912023 0,000377
частично 0,653926 0,000063
частного 2,207275 0,000213
частности 0,462035 0,000045
частный 1,832581 0,000354
частных 1,108663 0,000107
частотах 3,218876 0,000621
часть 0,105361 0,000081
чашей 3,912023 0,000377
чашелистиками 3,912023 0,000377
чаще 1,171183 0,000113
чебоксары 1,171183 0,000113
чебулинский 3,506558 0,000677
чел 0,713350 0,000069
человек 0,400478 0,000348
человека 0,579818 0,000112
челюскина 3,506558 0,000338
челябинск 0,994252 0,000096
чемпион 1,660731 0,001442
червленая 3,506558 0,000338
червленую 3,912023 0,000377
червленый 2,525729 0,000244
черемнов 3,912023 0,000755
черемнова 3,912023 0,000377
черной 2,120264 0,000818
черную 3,912023 0,000377
черный 1,386294 0,000134
черными 3,912023 0,000377
чертежной 2,813411 0,000271
черту 1,714798 0,000165
честь 0,562119 0,000271
четвертая 2,302585 0,000222
четвертый 1,714798 0,000165
четная 3,912023 0,000377
четной 3,912023 0,000755
четыре 0,713350 0,000275
четырех 1,203973 0,000116
чигишев 3,912023 0,000377
чинил 3,912023 0,000377
чинмоя 3,912023 0,000377
числе 0,248461 0,000192
численности 0,653926 0,000379
численность 0,653926 0,001703
численностьнаселения 3,506558 0,000338
число 0,478036 0,000184
чистый 2,120264 0,000205
чита 1,237874 0,000119
читатьтекущая 1,237874 0,000119
читу 3,218876 0,000311
членом-корреспондентом 3,506558 0,000338
чрезмерной 3,506558 0,000338
чуваши 1,237874 0,000119
чугун 3,506558 0,000338
чугунаш 3,912023 0,000377
чулпан 3,912023 0,000377
чурбаке 3,912023 0,000377
чья 2,302585 0,000222
шаблонами 0,634878 0,000061
шаблонов 2,302585 0,000222
шадрина 3,506558 0,000338
шакуро 3,912023 0,000377
шансон 2,302585 0,000222
шапошников 3,912023 0,000377
шарифулин 3,912023 0,000755
шахматист 3,506558 0,000338
шахта 2,995732 0,000289
шахтер 3,506558 0,000338
шахтера 3,912023 0,000377
шахтерам 3,506558 0,000677
шахтерах 3,912023 0,001132
шахтеров 3,912023 0,001132
шахтерской 3,912023 0,000377
шелковникова 3,912023 0,000377
шерегеш 3,912023 0,000755
шести 1,966113 0,000190
шестизначная 2,995732 0,000289
шесть 1,272966 0,000246
шинхи 3,912023 0,000377
широтном 2,995732 0,000289
школ 0,994252 0,000192
школа 0,891598 0,000172
школы 0,673345 0,000065
школьников 1,966113 0,000190
шории 3,912023 0,000755
шорцев 3,912023 0,000377
шорцы 2,525729 0,000731
шоссе 1,427116 0,000413
шоссейная 3,506558 0,000338
шоу 2,995732 0,000289
шпалопропиточное 3,912023 0,000377
шри 3,912023 0,000377
штилевой 3,912023 0,000377
штиль 3,218876 0,000311
штоколов 3,912023 0,000377
шубарин 3,912023 0,000377
шунков 3,912023 0,000377
щит 1,609438 0,000466
щита 1,771957 0,000342
щиток 3,506558 0,000338
щорса 3,506558 0,000338
эвакуировали 3,218876 0,000311
эвакуированные 2,995732 0,000289
эвакуировано 2,525729 0,000244
эдуард 2,525729 0,000244
экз 0,415515 0,000200
экземпляры 3,506558 0,000338
эко-бюллетень 3,912023 0,000377
экологии 1,203973 0,000813
экологическая 1,560648 0,000753
экологические 1,560648 0,000151
экологический 1,832581 0,000177
экологическим 2,525729 0,000244
экологического 1,771957 0,000171
экологической 1,560648 0,000301
экологическую 2,407946 0,000232
экологичная 3,912023 0,000377
экология 0,693147 0,000267
эколэнд 3,912023 0,000755
экономика 0,510826 0,000246
экономический 1,139434 0,000220
экономических 1,560648 0,000151
экономической 1,237874 0,000119
экскурсии 2,659260 0,000513
экспозиции 1,714798 0,000165
экспозиция 2,040221 0,000394
экспонат 2,995732 0,000289
экспонатами 2,813411 0,000271
экспонируются 3,506558 0,000338
экспорт -0,009950 -0,000001
экстремистской 3,506558 0,000338
электричек 3,218876 0,000311
электричка 2,207275 0,000213
электрички 2,302585 0,000222
электронная 1,237874 0,000119
электропоезд 2,995732 0,000578
электропоезда 2,207275 0,000639
электропоездов 2,407946 0,000232
электроэнергии 1,660731 0,000160
элементов 1,309333 0,000126
элементы 0,891598 0,000086
эмма 3,506558 0,000338
энергетики 2,120264 0,000205
энергию 2,659260 0,000257
энтузиазмом 3,912023 0,000377
энтузиастов 2,813411 0,000271
энфорта 2,813411 0,000271
энциклопедии -0,009950 -0,000002
энциклопедический 0,733969 0,000142
энциклопедия 0,210721 0,000061
эсбестатьи 3,912023 0,000377
эстрады 2,659260 0,000257
эта 0,000000 0,000000
этажные 3,218876 0,000621
этажный 2,659260 0,000513
этим 0,693147 0,000134
этимология 0,616186 0,000119
этих 0,400478 0,000077
этнографии 2,207275 0,000213
это 0,000000 0,000000
этому 0,755023 0,000073
эушта 3,218876 0,000311
эфирное 1,714798 0,000165
эффективной 3,506558 0,000338
юбилейный 0,820981 0,000079
юбилею 1,966113 0,000190
юга 1,171183 0,000113
юге 1,078810 0,000104
юго-востока 2,207275 0,000213
юго-западное 2,659260 0,000257
южкузбасстрой 3,912023 0,000755
южкузбассуголь 3,912023 0,000755
южная 0,941609 0,000182
южное 1,832581 0,000177
южной 0,733969 0,000071
юмор 1,966113 0,000190
юрга 2,813411 0,000814
юргинский 3,218876 0,000932
юридический 1,714798 0,000165
юрисдикции 3,218876 0,000311
является 0,094311 0,000091
являются 0,248461 0,000096
являющихся 2,120264 0,000409
являясь 1,771957 0,000171
яворский 3,912023 0,000377
ядром 1,832581 0,000177
язык 0,116534 0,000011
языка 0,798508 0,000077
языках -0,009950 -0,000001
языком 1,514128 0,000292
яйский 3,506558 0,000677
якутск 1,203973 0,000116
янв 0,820981 0,000158
январе 1,427116 0,000138
января 0,116534 0,001045
ярославль 1,078810 0,000104
ярославская 2,659260 0,000513
ярское 3,218876 0,000311
ячменюха 3,218876 0,000311
ячменюхи 3,912023 0,000377
яшкинский 3,506558 0,000677
