абазин 2,207275 0,000167
абрамова 2,995732 0,000679
абсолютный 0,616186 0,000093
абхаз 1,771957 0,000134
абхазия 2,040221 0,000154
абхазский 2,302585 0,000174
абюрамова 3,912023 0,001183
авангард 1,660731 0,000126
аварец 1,771957 0,000134
авг 0,820981 0,000124
август 0,072571 0,000104
авиабаза 3,218876 0,000243
авиадартс 3,912023 0,000296
авиаперевозки 2,995732 0,000226
авиаплощадка 3,912023 0,000296
авиаполигон 3,912023 0,000296
авиаремонтный 3,218876 0,000243
авиационный 1,386294 0,000210
авиация 1,237874 0,000468
авт 1,469676 0,000111
автобус 0,820981 0,000186
автобусный 1,021651 0,001004
автовокзал 1,078810 0,000489
автодорога 0,891598 0,000674
автомобиль 1,108663 0,000251
автомобильный 0,713350 0,000377
автономный 0,867501 0,000131
автопарк 2,659260 0,000402
автор 0,462035 0,000070
авторадио 1,897120 0,000143
авторитетный 0,891598 0,000472
авторские 1,966113 0,000149
авторство -0,009950 -0,000001
автостанция 1,714798 0,000130
автотранспорт 1,609438 0,000243
автотранспортный 1,897120 0,000143
агломерация 0,798508 0,000302
агропромышленный 2,813411 0,000213
агротехнологии 3,912023 0,000296
агротехнологический 3,218876 0,000243
агроэкологический 3,912023 0,000296
агул 1,832581 0,000138
адвентист 1,560648 0,000118
административно-территориальная 2,302585 0,000174
административно-территориальное 0,820981 0,000186
административно-территориальном 1,309333 0,000099
административный 0,597837 0,000316
администрация 0,755023 0,001484
адмирал 1,832581 0,000138
адыгеец 1,897120 0,000143
азербайджанец 1,139434 0,000172
азиатский 1,609438 0,000122
азия 0,755023 0,000228
айкидо 3,912023 0,000296
айрапетовской 3,912023 0,000296
айсберг 2,995732 0,000226
академик 1,203973 0,000273
академия 0,544727 0,000041
аквамед 3,912023 0,000296
аквапарк 2,407946 0,000546
акватория 1,560648 0,000236
аксеново 3,506558 0,000265
акт 1,237874 0,000187
актер 1,386294 0,000105
активность 1,309333 0,000396
активный 0,527633 0,000080
актриса 2,407946 0,000182
акульшин 3,912023 0,000296
акция 1,660731 0,000126
алдан 1,309333 0,000099
александр 0,462035 0,000140
александро-невский 2,207275 0,000167
алексея 1,514128 0,000229
алексин 3,218876 0,000243
алессандрия 3,912023 0,000591
алешино 3,912023 0,000296
аллея 1,347074 0,000102
алпатьево 3,912023 0,000296
алтаец 1,966113 0,000149
алфавитувикипедия 0,776529 0,000059
алфавитунаселенные 0,867501 0,000066
альтернативный 1,203973 0,000091
амакс 3,506558 0,000265
ампир 2,302585 0,000522
амурский 1,966113 0,000149
анализ 0,967584 0,000073
аналогичный 1,139434 0,000086
англ 0,174353 0,000026
английский 1,309333 0,000099
андрей 0,967584 0,000073
андрея 1,832581 0,000138
анна 1,560648 0,000118
аннексия 0,941609 0,000071
ансамбль 0,994252 0,000601
антициклон 2,407946 0,000364
антонов 2,302585 0,000348
антропоморфный 3,506558 0,000265
апр 0,798508 0,000121
апрель 0,150823 0,000171
ар-деко 3,506558 0,000265
араб 1,609438 0,000122
арбалет 3,218876 0,000487
аргумент 1,108663 0,000168
арен 1,237874 0,000094
арк 1,966113 0,000149
аркадия 1,832581 0,000138
армения 2,040221 0,000154
армия 0,916291 0,000069
армянин 1,021651 0,000154
арсания 3,912023 0,000296
арт-клуб 3,912023 0,000591
артемия 3,506558 0,000265
артемьев 2,813411 0,000213
артерия 2,302585 0,000348
артиллерийский 1,609438 0,000122
артист 1,832581 0,000415
артхаусный 3,912023 0,000296
арх 0,544727 0,000082
архангельск 1,771957 0,000134
архангельский 1,832581 0,000138
археолог 2,040221 0,000308
археологический 1,309333 0,000198
архив 0,446287 0,000034
архивировать 0,020203 0,000159
архивный 0,248461 0,000038
архиепископ 2,302585 0,000174
архиерейский 2,525729 0,000191
архипов 3,506558 0,000265
архитектор 0,916291 0,000069
архитектура 0,462035 0,000594
архитектурный 1,078810 0,001141
ассириец 1,832581 0,000138
ассоциация 1,309333 0,000099
астраханский 1,832581 0,000277
астрахань 0,967584 0,000073
астрономический 2,040221 0,000154
астрономия 2,207275 0,000167
атлантики 2,659260 0,000201
атлас 1,108663 0,000084
аттракцион 2,120264 0,000160
афганец 1,966113 0,000149
афон 2,995732 0,000679
аэродром 1,237874 0,000561
аэрокосмический 2,813411 0,000425
аэропорт 0,776529 0,000352
бабино 3,506558 0,000265
баграмово 3,912023 0,000296
баз 0,371064 0,000224
база 2,040221 0,000154
бакинский 2,407946 0,000182
баланс 1,609438 0,000122
балет 1,469676 0,000222
бандит 3,506558 0,000265
банк 0,693147 0,000052
баптист 2,207275 0,000167
баран 2,659260 0,000201
барбарис 3,506558 0,000265
барнаул 1,203973 0,000091
барокко 1,560648 0,000118
баррикадирования 3,912023 0,000296
бархат 3,218876 0,000243
баскетбольный 1,714798 0,000130
бассейн 0,653926 0,000049
батарейка 3,506558 0,000265
баш 3,506558 0,000265
башенка 3,506558 0,000265
башкир 1,347074 0,000102
башня 1,139434 0,000603
бедный 2,302585 0,000174
бежать 2,407946 0,000182
бездомный 3,912023 0,000296
безналичный 2,302585 0,000174
беларусь 1,237874 0,000094
белев 2,995732 0,000226
белое 0,994252 0,000075
белокаменный 2,659260 0,000201
белоозерский 3,506558 0,000265
белоомут 3,506558 0,000265
белорус 1,171183 0,000177
белорусский 2,302585 0,000174
белый 0,867501 0,000066
бензин 2,995732 0,000226
бензиновый 3,912023 0,000296
берег 0,478036 0,000795
береза 1,714798 0,000389
бесперебойный 2,813411 0,000425
бесплатно 2,207275 0,000167
бесплатный 1,386294 0,000314
беспорядок 3,506558 0,000265
беспроводной 2,207275 0,000167
библиографический 0,083382 0,000006
библиотека 0,328504 0,000372
бизнес 0,820981 0,000062
билайн 1,272966 0,000096
билет 2,302585 0,000522
битва 1,560648 0,000118
битум 3,912023 0,000296
благодаря 0,527633 0,000479
благоприятный 1,660731 0,000126
благородный 1,966113 0,000149
благородство 3,218876 0,000243
благоустройство 1,560648 0,000472
ближний 1,469676 0,000222
ближнихгородские 3,912023 0,000296
близкий 0,820981 0,000062
близлежащий 2,040221 0,000154
блокировать 2,659260 0,000402
богадельня 2,995732 0,000226
богатый 1,049822 0,000317
богородица 1,272966 0,000096
божатково 3,912023 0,000296
болгарин 1,427116 0,000108
болгария 1,272966 0,000096
болгарский 2,813411 0,000425
бологое 1,347074 0,000102
болотистый 2,525729 0,000764
болото 1,771957 0,000268
больница 1,078810 0,000245
больничный 2,207275 0,000167
большее 1,309333 0,000099
большинство 0,342490 0,000129
большое 0,385662 0,000146
большой 0,040822 0,000052
бордовый 3,912023 0,000296
борис 1,660731 0,000377
бориса 1,832581 0,000138
борисов-глебов 3,912023 0,000296
борисоглебский 3,218876 0,000243
борковские 3,912023 0,000296
борковских 3,912023 0,000296
борковского 3,912023 0,000296
борковской 3,912023 0,000591
борковском 3,912023 0,000296
боровичи 1,347074 0,000102
борок 2,813411 0,000213
борьба 0,820981 0,000062
ботанический 1,427116 0,000108
боярский 2,040221 0,000154
братислава 3,218876 0,000243
братский 1,832581 0,000415
брессюир 3,912023 0,000296
брессюиром 3,912023 0,000296
брест 2,525729 0,000573
брокгауза 0,328504 0,000050
бронницы 2,813411 0,000425
буква 1,427116 0,000108
буково 3,912023 0,000296
бульвар 1,237874 0,000655
бум 1,897120 0,000143
буревестник 2,207275 0,000167
бурный 1,660731 0,000126
бурят 1,609438 0,000122
бухвостовым 3,912023 0,000296
бывало 3,912023 0,000296
бывать 1,660731 0,000126
быково 2,995732 0,000226
быстрецких 3,912023 0,000296
быстро 0,967584 0,000292
быть -0,009950 -0,000008
бюджет 1,171183 0,000089
бюджетный 1,514128 0,000114
бюро 1,427116 0,000216
вагнера 3,218876 0,000243
вагонный 2,813411 0,000213
вадим 2,407946 0,000182
важный 0,494296 0,000075
вал 1,514128 0,000343
валентин 2,659260 0,000201
валентины 2,995732 0,000226
валовой 1,832581 0,000277
ваня 2,813411 0,000213
вариант 0,634878 0,000048
варской 3,912023 0,000296
василий 1,078810 0,000082
вблизи 1,139434 0,000258
введение 1,078810 0,000082
введенской 3,912023 0,000296
ввести 0,634878 0,000096
вводиться 1,966113 0,000149
вдв 3,506558 0,000530
вднх 2,995732 0,000679
вдоль 0,755023 0,000057
ведомость 0,994252 0,000150
веерный 3,506558 0,000265
век 0,248461 0,000789
векеобластные 3,218876 0,000243
вектор 2,525729 0,000191
великий 0,356675 0,000108
велодвижения 3,506558 0,000265
веломагистралей 3,912023 0,000296
велосипед 2,659260 0,000201
велосипедный 2,407946 0,000182
венгр 1,966113 0,000149
вера 1,049822 0,000079
вероятность 2,040221 0,000154
версия -0,009950 -0,000009
версияправитьправить 1,237874 0,000094
вертолет 2,207275 0,000167
верхний 0,494296 0,000187
весенний 1,660731 0,000628
весна 0,713350 0,000216
вести 0,356675 0,000135
вестись 0,673345 0,000102
весь 0,301105 0,000182
ветер 0,713350 0,000270
вечер 1,966113 0,000149
вечерний 1,347074 0,000204
вечный 1,309333 0,000099
вещание 1,108663 0,000168
вещество 0,994252 0,000301
взамен 1,832581 0,000138
взгляд 1,309333 0,000198
взлетно-посадочный 2,302585 0,000174
взрыв 1,771957 0,000670
взтм 3,506558 0,000265
вид 0,061875 0,000061
видеонаблюдения 3,218876 0,000243
видеофайлыдокументальный 3,912023 0,000296
вики-разметкой 1,309333 0,000099
викигидвикипедия 1,427116 0,000108
викигиде 0,776529 0,000176
викиданные 0,776529 0,000059
викиданных -0,009950 -0,000001
викиданныхвикипедия 0,891598 0,000067
викимапиипро 1,427116 0,000108
викимедиа -0,009950 -0,000001
википедии -0,009950 -0,000002
википедия -0,009950 -0,000008
викискладвикиновостивикицитатниквикигидэлемент 1,272966 0,000096
викискладе 0,174353 0,000026
викискладепутеводитель 0,713350 0,000054
викискладстатьи 0,891598 0,000067
викисловарецитаты 1,108663 0,000084
викисловарьстатьи 1,347074 0,000102
викицитатникемедиафайлы 1,469676 0,000111
викицитатникстатьи 2,207275 0,000167
виктор 1,386294 0,000105
винный 3,218876 0,000243
виноградово 3,506558 0,000265
вице-губернатор 2,813411 0,000213
вишня 2,995732 0,000226
включать 0,235722 0,000089
включить 0,634878 0,000096
влага 2,407946 0,000182
владение 0,916291 0,000069
владимир 0,653926 0,000247
владимировна 2,813411 0,000213
владимирский 1,897120 0,000143
влажность 1,108663 0,000084
влажный 1,427116 0,000108
власть 0,544727 0,000165
влияние 0,527633 0,000040
вместе 0,510826 0,000154
вмз 3,506558 0,000265
внеуличный 2,995732 0,000226
внешний 0,051293 0,000019
вниз 1,171183 0,000089
внимание 1,108663 0,000168
внутренний 0,314711 0,000119
внутригородской 0,867501 0,000066
внутрь 3,218876 0,000243
вода 0,527633 0,000479
водитель 2,525729 0,000382
водительский 3,912023 0,000296
водиться 1,897120 0,000287
водный 0,562119 0,000425
водоем 1,139434 0,000086
водозаборный 3,506558 0,000265
водоплавающий 3,506558 0,000265
водопровод 1,714798 0,000130
водопроницаемость 3,506558 0,000265
водоснабжение 1,514128 0,000114
военное 0,916291 0,000138
военный 0,494296 0,000336
вожа 3,912023 0,000591
вожжа 3,912023 0,000296
возведение 1,609438 0,000243
возвести 1,139434 0,000172
возвращаться 1,897120 0,000143
возвысить 2,207275 0,000167
возвышение 2,525729 0,000191
возглавлять 1,203973 0,000091
воздействие 1,021651 0,000154
возделываться 3,912023 0,000591
воздух 0,616186 0,000047
воздушно-десантного 3,912023 0,000296
воздушно-десантное 3,912023 0,000591
воздушно-десантные 3,506558 0,000265
воздушно-десантных 3,506558 0,000530
воздушный 0,798508 0,000302
возложить 2,813411 0,000213
возможно 0,867501 0,000197
возможность 0,314711 0,000119
вознесенской 3,506558 0,000795
возникнуть 0,653926 0,000049
возобновить 1,832581 0,000138
возобновляться 2,813411 0,000213
возраст 1,078810 0,000082
возрождение 1,660731 0,000126
воин 1,714798 0,000130
воинский 1,469676 0,000111
война 0,430783 0,000293
войско 0,798508 0,000181
войти 0,634878 0,000144
вокзал 0,755023 0,000685
вокзальный 2,659260 0,000201
вокруг 0,693147 0,000733
волга 1,347074 0,000102
волейбольный 1,514128 0,000114
волк 1,771957 0,000134
вологда 1,203973 0,000091
волшебный 0,030459 0,000002
вооружить 1,609438 0,000243
вопрос 0,371064 0,000028
воркута 1,237874 0,000094
ворот 1,078810 0,000245
воскресенск 3,912023 0,000296
воспеть 3,912023 0,000591
воспользоваться 2,120264 0,000320
восстановление 1,078810 0,000163
восток 0,494296 0,000149
востоковед 3,912023 0,000296
восточно-европейской 1,832581 0,000415
восточный 0,430783 0,000098
восход 2,120264 0,000160
воткинск 1,309333 0,000099
впадать 1,309333 0,000099
впервые 0,385662 0,000117
вплести 3,912023 0,000296
вплоть 1,108663 0,000503
впоследствии 0,653926 0,000198
вправо 2,659260 0,000201
враг 2,207275 0,000167
врач 1,347074 0,000102
врачебный 2,813411 0,000213
временник 3,506558 0,000795
временно 1,309333 0,000099
время 0,020203 0,000082
все 0,040822 0,000022
всемирный 0,891598 0,000067
всеобщий 1,237874 0,000094
всероссийский 0,634878 0,000288
всесоюзный 0,776529 0,000352
вскрываться 2,995732 0,000226
вснх 3,506558 0,000265
всплеск 3,218876 0,000243
вставка 1,272966 0,000096
встретить 1,966113 0,000446
вступление 1,966113 0,000149
втора 0,274437 0,000145
второй 0,891598 0,000135
вуз 0,820981 0,000434
вход 0,755023 0,000171
входить 0,287682 0,000217
вхождение 2,302585 0,000174
вцспс 2,995732 0,000226
выбираться 2,813411 0,000213
выбор 0,634878 0,000144
вывеска 3,506558 0,000265
выгодный 1,771957 0,000134
выдвинуть 1,897120 0,000143
выделить 0,544727 0,000041
выдержать 1,832581 0,000138
выезжать 3,218876 0,000243
вызвать 1,049822 0,000079
выйти 0,798508 0,000060
выкопать 3,218876 0,000243
вынашиваться 3,912023 0,000296
вып 0,798508 0,000241
выпадать 1,139434 0,000172
выполнить 0,843970 0,000319
выполнять 0,867501 0,000066
выпускать 1,237874 0,000094
выработать 2,659260 0,000201
выработка 2,120264 0,000160
выражение 1,714798 0,000130
выразить 1,427116 0,000108
вырастать 2,995732 0,000226
вырасти 1,108663 0,000251
высадить 2,525729 0,000573
высадиться 2,659260 0,000201
выселок 2,995732 0,000226
высокий 0,139262 0,000232
высоководного 3,912023 0,000591
высоководный 3,506558 0,000265
высоководными 3,912023 0,000296
высококвалифицированный 3,506558 0,000265
высокотехнологичный 2,040221 0,000154
высота 0,415515 0,000031
высочайше 2,659260 0,000201
выставка 1,139434 0,000431
выставочный 1,171183 0,000797
выстроить 1,771957 0,000402
вытянуть 2,207275 0,000500
выходит 1,427116 0,000108
выходить 1,309333 0,000099
выходное 3,506558 0,000265
выхолаживаться 3,912023 0,000591
выше 0,616186 0,000047
вьетнамец 2,040221 0,000154
вяз 2,659260 0,000201
гавань 1,966113 0,000149
гавриила 3,506558 0,000265
гаврилой 3,912023 0,000296
гагарина 1,427116 0,000108
гагауз 1,966113 0,000149
газета 0,579818 0,000088
газетный 2,525729 0,000191
газомоторном 3,506558 0,000265
гайдар 3,506558 0,000265
галерея 1,049822 0,000635
галерея-клуб 3,912023 0,000296
ганькино 3,912023 0,000296
гарин 3,218876 0,000487
гауптвахта 2,813411 0,000213
гбу 3,218876 0,000243
гвардейский 1,966113 0,000149
гейта 3,912023 0,000296
гексоген 3,912023 0,000591
генеральный 0,755023 0,000742
генплан 1,560648 0,000118
генуя 3,912023 0,000296
географический 0,356675 0,000189
география 0,415515 0,000283
геогрия 3,912023 0,000296
георгий 1,139434 0,000086
геральдист 2,995732 0,000226
геральдический 1,560648 0,000354
герб 0,798508 0,001388
герберштейн 3,218876 0,000243
гербовник 2,995732 0,000226
гербовый 3,506558 0,000530
германий 0,843970 0,000064
германский 2,302585 0,000174
героизм 2,302585 0,000348
герцовская 3,912023 0,000296
герцовской 3,912023 0,000296
гидрография 1,427116 0,000216
гидроузел 2,407946 0,000182
гидроэлектростанция 2,525729 0,000191
гимн 0,776529 0,000176
гимназия 1,108663 0,000168
гимнастика 1,966113 0,000149
гипрогор 3,912023 0,000591
глава 0,494296 0,000187
главное 1,469676 0,000222
главный 0,210721 0,000303
главпочтамт 2,525729 0,000191
глагол 2,995732 0,000226
глебово-городище 3,912023 0,000296
глебовская 3,912023 0,000296
глебовской 3,912023 0,000296
глемпингах 3,912023 0,000296
глубокий 1,078810 0,000245
говор 2,659260 0,000201
год -0,009950 -0,000246
годавикипедия 0,616186 0,000140
годугорода 1,714798 0,000130
голова 1,427116 0,000216
голосование 1,309333 0,000198
гоночный 3,218876 0,000243
гора 0,616186 0,000047
гораздо 1,714798 0,000130
горбатов 3,506558 0,000265
гордость 1,966113 0,000149
горизонт 1,897120 0,000430
горисполком 1,966113 0,000594
горка 1,897120 0,000143
горловка 1,309333 0,000099
горнолыжный 1,897120 0,000143
город 0,371064 0,008637
город-побратим 0,843970 0,000191
городище 1,469676 0,000444
городок 1,272966 0,000096
городпро 0,867501 0,000066
городрязань 3,912023 0,000296
городской 0,544727 0,005434
городцов 3,506558 0,000265
горожанин 1,139434 0,000517
горький 0,941609 0,000498
горячко 1,609438 0,000122
госкомстат 0,891598 0,000135
господство 2,207275 0,000167
господствовать 1,897120 0,000143
гостевой 2,659260 0,000201
гостиница 0,843970 0,000255
гостиничный 2,525729 0,000382
гостиный 1,966113 0,000149
гость 1,347074 0,000305
государев 2,040221 0,000154
государствгорода 3,506558 0,000265
государственный 0,261365 0,000533
готовиться 2,407946 0,000182
готовый 1,386294 0,000105
гпиб 3,506558 0,000265
граб 3,218876 0,000243
градостроительный 1,660731 0,000628
градотека 3,912023 0,000296
градус 1,514128 0,000572
гражданин 0,733969 0,000555
гражданский 0,733969 0,000444
гранат 1,386294 0,000105
граница 0,356675 0,000162
граничить 1,832581 0,000138
графический 1,897120 0,000143
грек 1,560648 0,000118
гриб 2,525729 0,000382
грибной 3,506558 0,000265
грива 2,659260 0,000201
григорий 1,832581 0,000138
григорьева 2,813411 0,000213
грифонофеникс 3,912023 0,000296
гроза 1,966113 0,000297
грозный 1,272966 0,000096
груз 1,309333 0,000099
грузин 1,560648 0,000118
грузовая 1,139434 0,000431
грузовой 2,813411 0,000213
грузоперевозка 2,659260 0,000201
грунтовой 1,832581 0,000138
группа 0,314711 0,000095
группировка 2,207275 0,000334
грязный 1,771957 0,000134
гтрк 1,049822 0,000159
губернатор 0,967584 0,000366
губернеской 3,912023 0,000296
губерния 0,891598 0,000404
губернский 1,309333 0,000396
гуляние 3,218876 0,000243
гулять 2,813411 0,000213
гуманитарный 0,994252 0,000075
густой 2,525729 0,000191
густота 3,506558 0,000265
давать 0,820981 0,000310
далее 0,693147 0,000105
далеко 1,347074 0,000305
далласа 3,912023 0,000296
дальний 0,446287 0,000202
дальность 3,218876 0,000243
даниил 2,659260 0,000201
дань 2,407946 0,000182
даргинец 1,832581 0,000138
дарьялы 3,912023 0,000296
дата 0,030459 0,000260
дать 0,072571 0,000049
дача 1,469676 0,000111
дашкова-песочня 3,912023 0,000296
дашковский 3,912023 0,000296
два 0,150823 0,000057
дважды 1,272966 0,000096
движение 0,544727 0,000247
двоевластие 3,506558 0,000265
двор 1,078810 0,000489
дворец 0,843970 0,000383
дворцовый 2,525729 0,000191
дворянский 2,040221 0,000308
девиз 2,407946 0,000728
дежурный 3,912023 0,000296
действовать -0,009950 -0,000012
дек 0,820981 0,000124
декабрь 0,094311 0,000200
делегация 2,302585 0,000348
деление 0,579818 0,000351
делиться 1,078810 0,000163
дело 0,562119 0,000127
деловой 1,237874 0,000094
дельфийский 2,525729 0,000191
демкин 3,912023 0,000887
демографический 1,609438 0,000122
демонстрироваться 2,813411 0,000213
демоскоп 0,820981 0,000186
дендропарк 2,659260 0,000402
дендрофлоры 3,912023 0,000296
денисьев 3,912023 0,000887
день 0,210721 0,000334
департамент 1,386294 0,000210
депо 1,771957 0,000134
депутат 0,776529 0,000528
деревня 1,021651 0,000077
дерево 0,867501 0,000066
деревообрабатывающий 2,302585 0,000174
деревянный 0,941609 0,000427
державина 3,506558 0,000265
держатель 3,218876 0,000487
держать 1,966113 0,000446
держаться 2,040221 0,000154
дерново-подзолистых 3,912023 0,000296
десятилетие 1,203973 0,000182
десятка 1,139434 0,000258
десяток 1,660731 0,000251
детская 0,653926 0,000198
детский 0,967584 0,000292
детско-юношеская 3,218876 0,000243
детство 2,207275 0,000167
дешевый 2,302585 0,000174
деятель 1,108663 0,000251
деятельность 0,342490 0,000207
дзержинск 1,347074 0,000204
дизайн-код 3,912023 0,000296
дизельный 2,659260 0,000201
дикий 1,469676 0,000444
димитрова 2,813411 0,000425
династия 2,207275 0,000167
директор 1,272966 0,000096
диспансер 1,832581 0,000138
диспетчерский 3,912023 0,000296
диссертация 2,040221 0,000154
дитя 0,867501 0,000131
дифференцировать 3,218876 0,000243
длинный 1,237874 0,000094
длиться 1,771957 0,000268
дмитриевы 3,506558 0,000265
дневной 1,832581 0,000277
днейвикипедия 0,967584 0,000073
дно 1,469676 0,000111
добавить 0,562119 0,000297
доблестирязаньгорода 3,912023 0,000296
доблесть 1,309333 0,000495
добраться 2,120264 0,000320
добровольный 2,525729 0,000191
дождливый 2,407946 0,000182
дождь 1,469676 0,000111
дойти 1,560648 0,000354
доклад 1,237874 0,000094
документ 0,415515 0,000063
документальный 1,427116 0,000108
долгий 1,021651 0,000232
долгота 0,820981 0,000186
должен 1,078810 0,000082
должно 1,714798 0,000130
должностной 1,514128 0,000229
должность 1,049822 0,000238
должный 0,356675 0,000216
долина 0,916291 0,000346
доля 0,544727 0,000082
дом 0,446287 0,000809
дом-яйцо 3,912023 0,000296
домашний 1,237874 0,000094
доминанта 2,659260 0,000603
доминировать 1,897120 0,000143
дон 1,660731 0,000126
донской 1,714798 0,000130
доп 0,597837 0,000045
дополнительный -0,009950 -0,000003
дополнить 1,714798 0,000518
дополнять 2,995732 0,000453
дорога 0,527633 0,000718
дороги-петли 3,912023 0,000296
дорогое 2,659260 0,000201
дорожно-транспортные 3,912023 0,000296
дорожный 1,021651 0,000232
дославянский 3,912023 0,000296
доставить 1,966113 0,000149
доставка 1,966113 0,000149
достигать 0,843970 0,000064
достигнуть 1,272966 0,000096
достижение 1,139434 0,000431
достичь 0,733969 0,000055
достоверно 2,995732 0,000226
достоверность 2,207275 0,000167
достойный 2,659260 0,000402
доступ 0,755023 0,000285
доступный -0,009950 -0,000002
досчатое 3,506558 0,000265
дошкольный 1,309333 0,000198
драма 1,469676 0,000333
драматический 1,108663 0,000168
древнерусский 1,427116 0,000216
древние 0,967584 0,000658
древний 0,653926 0,000692
дремучий 3,912023 0,000591
дробно -0,009950 -0,000001
дрозд 2,525729 0,000382
друг 0,916291 0,000138
другое 0,462035 0,000070
другой -0,009950 -0,000020
дружба 1,171183 0,000177
дружина 2,302585 0,000174
дуб 1,966113 0,000297
дубка 2,813411 0,000213
дублироваться 3,218876 0,000243
дубровичи 3,912023 0,000591
дугна 3,506558 0,000265
дуденево 3,506558 0,000265
дужик 3,912023 0,000296
дума 0,916291 0,001385
дунайчик 3,912023 0,000296
дунганин 2,659260 0,000201
дух 1,897120 0,000287
духовского 3,912023 0,000296
духовской 3,912023 0,000296
дягилево 3,912023 0,000887
дягилевский 3,506558 0,000795
евлашево 2,813411 0,000213
евразийский 1,966113 0,000149
еврей 1,203973 0,000091
европа 0,301105 0,000137
европейский 0,494296 0,000075
единица 0,478036 0,000253
единовременно 3,912023 0,000296
единственное 1,021651 0,000077
единственный 0,891598 0,000067
единство 1,897120 0,000143
единый 0,544727 0,000082
еж 2,407946 0,000182
ежевика 3,912023 0,000296
ежегодник 0,820981 0,000869
ежегодно 0,916291 0,000692
ежегодный 1,171183 0,000177
ежедневно 1,714798 0,000130
ежедневный 2,207275 0,000167
ежемесячно 2,813411 0,000213
еженедельно 2,995732 0,000226
езид 1,771957 0,000134
екатеринбург 0,843970 0,000064
екатеринискому 3,912023 0,000296
екатериной 1,897120 0,000430
екатерины 1,514128 0,000229
екимецкой 3,912023 0,000296
елатьма 3,506558 0,000265
ель 2,120264 0,000160
епархиальный 2,302585 0,000348
епархия 0,967584 0,000073
ереван 2,120264 0,000160
ермишинский 3,912023 0,000296
есенин 3,506558 0,001060
есенина 2,995732 0,001358
есенинский 3,912023 0,000296
есениным 3,912023 0,000296
естественный 0,776529 0,000059
ефимов 3,912023 0,000296
ефрона 0,328504 0,000050
жалоба 2,995732 0,000226
жар 2,040221 0,000308
жаркий 1,514128 0,000229
железнодорожный 0,579818 0,001052
железный 0,616186 0,000419
желнино 3,506558 0,000265
желтый 1,609438 0,000122
женский 0,867501 0,000197
животное 0,798508 0,000121
животный 1,714798 0,000259
жигулевск 1,832581 0,000138
жиздра 3,506558 0,000265
жизнь 0,342490 0,000207
жила 1,386294 0,000314
жилой 0,941609 0,000498
жилье 1,203973 0,000182
жиромская 1,021651 0,000077
житель 0,562119 0,000297
житово 3,506558 0,000265
жить 0,820981 0,000248
жуковский 2,407946 0,000182
журналист 1,660731 0,000251
журналистка 3,912023 0,000296
забирать 3,506558 0,000265
заболачиваться 3,506558 0,000265
забросить 1,966113 0,000149
заведение 0,867501 0,000328
зависеть 1,171183 0,000089
зависимость 0,713350 0,000108
завладеть 3,218876 0,000243
завод 0,693147 0,000419
заглавный -0,009950 -0,000001
загорново 3,912023 0,000296
загородный 1,966113 0,000446
загоскина 3,912023 0,000296
загрузить 2,207275 0,000167
задача 0,820981 0,000062
задержание 2,813411 0,000213
заезжать 3,912023 0,000296
заказ 1,660731 0,000126
заказник 2,407946 0,000182
заказное 3,218876 0,000243
заключаться 1,609438 0,000122
закон 0,462035 0,000175
законодательный 1,347074 0,000204
законодательство 1,609438 0,000122
закрыть 0,798508 0,000362
зал 0,843970 0,000574
заливать 2,995732 0,000226
заливной 3,218876 0,000243
заложить 0,843970 0,000064
замахиваться 3,912023 0,000296
замерзать 2,120264 0,000160
замещение 3,506558 0,000265
замок 2,207275 0,000500
замысел 2,659260 0,000201
занести 1,714798 0,000130
занимать 0,430783 0,000130
заниматься 0,634878 0,000096
занять 0,693147 0,000052
заокский 3,506558 0,000265
запад 0,634878 0,000144
западнославянский 3,912023 0,000296
западный 0,462035 0,000175
запасной 2,995732 0,000226
запираться 3,912023 0,000296
записка 1,139434 0,000086
запись 1,237874 0,000187
записьвойти -0,009950 -0,000001
запланировать 1,832581 0,000277
заповедник 1,714798 0,000648
заповедный 2,302585 0,000522
заправка 3,912023 0,000296
запустить 0,755023 0,000057
зарастать 3,912023 0,000296
зарегистрировать -0,009950 -0,000002
зарождение 1,832581 0,000138
зарубежный 0,994252 0,000075
зарубежье 2,407946 0,000182
заря 1,347074 0,000204
засаживаться 3,912023 0,000296
заседание 1,309333 0,000297
заселять 2,813411 0,000213
заслуга 1,660731 0,000126
заслужить 1,714798 0,000130
застройка 0,916291 0,000692
затапливать 3,506558 0,000530
затем 0,527633 0,000239
затинная 3,912023 0,000296
затинной 3,912023 0,000296
затопить 1,832581 0,000138
затоплять 3,218876 0,000973
затопляться 3,912023 0,000296
затор 2,302585 0,000174
затрагивать 3,506558 0,000265
затрата 2,407946 0,000182
затянуться 2,813411 0,000213
захаровский 3,506558 0,000265
заход 2,813411 0,000213
защита 0,616186 0,000186
защитник 1,832581 0,000138
защитный 2,407946 0,000728
защищать 2,302585 0,000174
заявитель 3,912023 0,000296
заявка 2,120264 0,000481
заявление -0,009950 -0,000001
звание 0,891598 0,000337
звать 2,659260 0,000201
звезда 0,916291 0,000208
звено 2,302585 0,000174
здание 0,673345 0,001018
здоровье 1,203973 0,000091
здравоохранение 0,843970 0,000255
зеленовка 2,813411 0,000213
зеленодольск 1,237874 0,000094
зеленые 1,203973 0,000273
зеленый 0,755023 0,000285
земельный 1,514128 0,000114
земля 0,400478 0,000363
земляника 3,912023 0,000296
земский 1,609438 0,000122
зима 0,478036 0,000325
зимний 0,798508 0,000060
зиу 2,525729 0,000382
злаковые 3,912023 0,000591
златоуст 1,347074 0,000102
знак -0,009950 -0,000005
знаменитый 0,967584 0,000219
знаменный 3,506558 0,000265
знамя 1,386294 0,000419
знание 1,108663 0,000084
значение 0,061875 0,000047
значительно 0,510826 0,000077
значительный 0,328504 0,000074
значиться 2,995732 0,000226
значок 3,218876 0,000243
зодчий 2,813411 0,000213
золото 1,469676 0,000222
золотово 3,912023 0,000296
золотой 0,597837 0,000407
зона 0,400478 0,000484
зритель 1,108663 0,000168
зубова 2,407946 0,000182
зуша 3,506558 0,000265
ибрагимов 3,506558 0,000265
ива 2,407946 0,000182
иван 0,843970 0,000128
ивана 1,078810 0,000408
иванов 1,560648 0,000118
иванович 1,560648 0,000118
ивановка 2,525729 0,000191
иваново 1,139434 0,000086
игра 0,843970 0,000191
играть 0,867501 0,000131
идеальный 2,525729 0,000191
идентификатор 0,693147 0,000052
идея 1,108663 0,000168
идти 0,820981 0,000062
иеговы 3,218876 0,000243
ижевск 1,139434 0,000086
из-за 0,415515 0,000157
избирательный 1,609438 0,000365
избираться 1,427116 0,000216
избрать 0,967584 0,000073
избыток 3,506558 0,000265
избыточный 2,659260 0,000201
известно 1,237874 0,000094
известный 0,287682 0,000217
извилистый 2,813411 0,000213
изготовить 2,407946 0,000182
изд 0,314711 0,000048
издание 0,415515 0,000094
издатель 2,995732 0,000226
издательство 0,494296 0,000075
издать 1,386294 0,000105
излишество 3,506558 0,000265
излюбить 2,813411 0,000213
изменение 0,301105 0,000068
изменяться 1,203973 0,000182
изображаться 2,995732 0,000226
изображение 0,693147 0,000471
изобразить 1,386294 0,000210
изучить 2,040221 0,000154
иконостас 2,995732 0,000226
иллюзион 2,813411 0,000213
ильина 3,218876 0,000243
ильинская 2,659260 0,000201
ильинский 2,813411 0,000213
именно 0,544727 0,000247
именоваться 1,469676 0,000111
иметь 0,094311 0,000086
империя 0,653926 0,000544
имперский 2,813411 0,000213
имущество 1,660731 0,000126
имя 0,274437 0,000270
иначе 0,733969 0,000388
инвестиционный 1,514128 0,000114
инвестиция 1,237874 0,000094
ингуш 1,897120 0,000143
индекс 0,634878 0,000048
индрик 3,912023 0,000296
индустриализация 1,832581 0,000138
индустриальный 1,309333 0,000297
индустрия 1,514128 0,000114
инженеры-конструкторы 3,912023 0,000296
иной 0,867501 0,000066
иностранный 0,916291 0,000138
институт 0,371064 0,000196
инструмент -0,009950 -0,000002
интерактивный 1,560648 0,000118
интерес 1,021651 0,000154
интернациональный 2,995732 0,000453
интернет 0,755023 0,000171
интернет-доступа 3,912023 0,000296
интерьер 2,659260 0,000201
интрига 3,912023 0,000296
инфо 2,659260 0,000201
информационный 0,462035 0,000105
информация 0,162519 0,000135
инфраструктура 0,891598 0,000067
инцидент 3,506558 0,000265
ион 2,995732 0,000226
ипатьевская 3,506558 0,000265
ипподром 1,966113 0,000149
ирина 1,609438 0,000122
иркутск 1,171183 0,000089
исаково 3,912023 0,000296
искусный 3,506558 0,000265
искусственный 0,916291 0,000069
искусство 0,478036 0,000325
искусствовед 2,995732 0,000226
исламский 1,771957 0,000268
испанец 2,120264 0,000160
испещрить 3,912023 0,000591
исполнение 0,867501 0,000066
исполнительный 1,171183 0,000354
использование -0,009950 -0,000002
использовать 0,020203 0,000008
использоваться 0,223144 0,000152
исследование 0,462035 0,000070
исследователь 0,941609 0,000071
исток 0,755023 0,000114
историко-архитектурного 3,218876 0,000243
историко-архитектурный 2,407946 0,000546
историко-культурным 3,506558 0,000265
исторически 1,078810 0,000082
исторический 0,314711 0,000404
история 0,051293 0,000097
источник -0,009950 -0,000026
исчисление 0,776529 0,000059
италия 1,609438 0,000243
итальянец 1,714798 0,000130
итальянский 1,139434 0,000086
итог 0,494296 0,000224
итого 1,609438 0,000122
ишимбай 1,309333 0,000099
июль 0,116534 0,000141
июнь 0,116534 0,000370
кабан 2,813411 0,000213
кабардинец 1,832581 0,000138
кабельный 1,514128 0,000114
кабинет 2,207275 0,000167
каблук 3,912023 0,000296
кавказ 1,771957 0,000134
кадомский 3,912023 0,000296
кадр 1,514128 0,000801
каждый 0,261365 0,000158
казань 0,891598 0,000067
казарма 1,966113 0,000149
казах 1,427116 0,000108
какой-то 1,560648 0,000118
калина 2,525729 0,000191
калмык 1,560648 0,000118
калуга 2,302585 0,000696
каменный 0,733969 0,000388
каменск-уральский 1,347074 0,000102
камень 0,994252 0,000075
камера 2,407946 0,000182
камерный 1,660731 0,000126
кампус 2,813411 0,000425
канадей 2,813411 0,000213
канал 0,673345 0,000204
кандидат 1,272966 0,000096
канищево 3,912023 0,000591
капиталистический 2,659260 0,000201
капитальный 1,660731 0,000126
каракалпак 2,120264 0,000160
карат 2,813411 0,000213
карачаевец 1,966113 0,000149
карел 1,897120 0,000143
каркас 3,912023 0,000296
карт 0,301105 0,000114
картина 1,347074 0,000102
картинговый 3,506558 0,000265
картинный 2,120264 0,000320
карточкевикипедия 1,469676 0,000111
карточкивикипедия 1,309333 0,000099
карусель 1,771957 0,000134
карцевские 3,912023 0,000296
карьер 2,207275 0,000334
касимов 2,813411 0,000425
касимовом 3,912023 0,000296
касимовский 3,912023 0,000296
каспийск 1,272966 0,000096
каспийский 1,514128 0,000114
касса 2,995732 0,000226
каталог 0,094311 0,000014
катание 1,966113 0,000149
катастрофа 1,514128 0,000114
категория -0,009950 -0,000002
катить 2,995732 0,000226
католик 2,120264 0,000160
кафедра 1,660731 0,000502
кафедральный 0,967584 0,000219
качество 0,287682 0,000065
кашира 3,506558 0,000265
каширине 3,912023 0,000296
кашкаров 3,912023 0,000296
каштан 2,525729 0,000191
квалификационный 3,218876 0,000243
квалифицировать 2,207275 0,000667
квартал 0,994252 0,000225
квартира 1,966113 0,000446
квн 2,659260 0,000201
кемерово 1,237874 0,000094
кемпинг 3,506558 0,000265
керосин 3,912023 0,000296
килограмм 3,506558 0,000265
километр 0,693147 0,000210
кино 0,994252 0,000075
киноаттракционов 3,912023 0,000296
кинозал 2,040221 0,000154
киноклуб 2,813411 0,000213
кинокомплексов 3,912023 0,000296
кинолента 2,995732 0,000226
кинолюкс 3,912023 0,000296
киномакс 2,120264 0,000320
кинотеатр 0,891598 0,000606
кинотеатральная 3,912023 0,000296
кинофестиваль 1,832581 0,000138
кинофильм 2,659260 0,000201
киноэпохи 3,912023 0,000296
киргиз 1,386294 0,000105
киров 1,309333 0,000099
кирпич 2,207275 0,000167
кирьянова 3,912023 0,000296
китаец 1,609438 0,000122
китай 0,776529 0,000117
китайский 0,653926 0,000049
кладбище 1,237874 0,000187
класс 0,616186 0,000093
классик 2,120264 0,000481
классический 0,755023 0,000171
кластер 2,120264 0,000320
клен 1,966113 0,000149
клепиковский 3,912023 0,000296
климат 0,446287 0,000438
климатический 1,049822 0,000238
клинический 1,386294 0,000210
клишева 3,912023 0,000296
клуб 0,798508 0,000603
клубный 2,659260 0,000402
ключ 1,309333 0,000099
клязьма 3,506558 0,000265
кмастрахань 3,218876 0,000243
кмберлин 3,912023 0,000296
кмвладивосток 2,813411 0,000213
кмволгоград 2,659260 0,000201
кмвологда 3,218876 0,000243
кмворонеж 3,218876 0,000243
кмкалининград 3,218876 0,000243
кмкиев 3,506558 0,000265
кмкиров 2,995732 0,000226
кмкраснодар 3,218876 0,000243
кмкрасноярск 2,995732 0,000226
кммосква 1,832581 0,000138
кмнижний 2,525729 0,000191
кморел 3,912023 0,000296
кмпариж 3,912023 0,000296
кмпенза 3,218876 0,000243
кмростов-на-дону 3,218876 0,000243
кмсамара 2,407946 0,000182
кмсмоленск 2,995732 0,000226
кмтверь 3,506558 0,000265
кмчелябинск 2,407946 0,000182
кмярославль 3,506558 0,000265
книга 0,415515 0,000031
книжный 0,798508 0,000121
кнопка 2,120264 0,000160
княжеский 2,995732 0,000906
княжество 1,714798 0,000778
князев 2,995732 0,000226
князь 0,867501 0,000590
ковалева 2,302585 0,000174
код -0,009950 -0,000050
кодекс -0,009950 -0,000001
кодистория 0,116534 0,000009
кожевенный 1,966113 0,000149
кожнова 3,912023 0,000296
козлова 2,813411 0,000213
колесникова 3,912023 0,000296
колея 2,659260 0,000201
количество 0,210721 0,000127
колкий 3,912023 0,000296
колледж 1,108663 0,000335
коллекция 1,309333 0,000198
колокольня 2,040221 0,000771
коломенский 2,813411 0,000213
коломна 1,272966 0,000385
коломной 3,912023 0,000296
колония 1,771957 0,000134
колонна 2,120264 0,000160
колонный 3,506558 0,000265
кольцевой 1,714798 0,000259
кольцо 1,021651 0,000540
кольцова 3,506558 0,000265
кольчуга 3,506558 0,000265
командный 1,347074 0,000102
комета 2,813411 0,000213
коми 1,514128 0,000114
комиссар 2,207275 0,000167
комиссия 0,967584 0,000219
комитет 0,653926 0,000297
коммерсант 2,040221 0,000154
коммерсантъ 1,139434 0,000172
коммерческий 1,021651 0,000232
коммунист 2,659260 0,000402
компания 0,371064 0,000168
комплекс 0,579818 0,000876
комплексный 1,078810 0,000082
композиция 1,386294 0,000105
компонент 0,967584 0,000073
комсомол 2,813411 0,000213
комсомолец 1,560648 0,000118
комсомольск-на-амуре 1,203973 0,000091
комсомольский 0,891598 0,000135
комфортность 2,995732 0,000226
кондуктор 2,995732 0,000226
конев-бор 3,912023 0,000296
коневодство 3,912023 0,000296
конек 2,207275 0,000167
конец 0,198451 0,000105
конкуренция 2,120264 0,000320
конкурс 1,171183 0,000177
конкурс-фестиваль 2,995732 0,000226
конкурсный 2,207275 0,000167
конный 2,207275 0,000167
конобеево 3,912023 0,000296
конопкин 3,912023 0,000296
константин 1,560648 0,000472
константиново 3,218876 0,000730
конструктивистский 3,218876 0,000243
конструкторский 2,407946 0,000364
континентальный 0,527633 0,000080
контракт 1,609438 0,000122
контроль 0,994252 0,000075
конференция 0,941609 0,000071
конфессиональный 3,218876 0,000243
конфиденциальность -0,009950 -0,000001
концентрация 1,203973 0,000091
концепция 0,967584 0,000146
концерн 2,120264 0,000160
концерт 1,832581 0,000277
концертный 1,108663 0,000251
кооператив 2,659260 0,000201
координата 1,347074 0,000102
копие 0,223144 0,000017
кора 1,897120 0,000143
кораблино 3,912023 0,000296
кораблинский 3,912023 0,000296
корабль 1,469676 0,000333
кореец 1,514128 0,000114
корейский 1,832581 0,000138
коридор 1,966113 0,000594
кормовой 2,813411 0,000850
коронавирусных 3,912023 0,000296
короткий -0,009950 -0,000004
корпус 1,171183 0,000443
коса 2,407946 0,000182
космический 1,309333 0,000297
космонавт 1,514128 0,000114
космонавтика 2,040221 0,000154
кострома 1,171183 0,000089
костычева 3,912023 0,000591
костюм 2,995732 0,000226
косуля 2,525729 0,000191
кот 1,966113 0,000149
который 0,000000 0,000000
кочевник 2,040221 0,000154
коэффициент 2,040221 0,000154
кпрф 2,207275 0,000334
кравец 1,386294 0,000105
краевед 1,714798 0,000130
край 0,544727 0,000124
крайне 1,832581 0,000138
крайний 1,514128 0,000229
красково 3,912023 0,000296
красная 0,713350 0,000054
краснорядский 3,912023 0,000296
красноярск 0,967584 0,000073
красный 0,597837 0,000316
красота 2,407946 0,000182
краткий 0,653926 0,000049
кратный 2,813411 0,000213
кратово 3,912023 0,000296
кремлевский 2,659260 0,001608
кремль 1,660731 0,003891
крепостной 1,714798 0,000389
крепость 0,994252 0,000451
крестьянский 1,714798 0,000130
криминальный 2,302585 0,000174
критический 1,966113 0,000149
кром 0,235722 0,000107
кронверк-синема 3,912023 0,000296
крот 2,659260 0,000201
круг 0,967584 0,000073
круглогодичный 2,525729 0,000382
круглосуточно 3,506558 0,000265
круглый 1,897120 0,000573
круиз 2,407946 0,000728
круизный 2,040221 0,000308
крупный 0,210721 0,000701
крупской 2,207275 0,000167
крушевац 3,218876 0,000243
крылечко 3,912023 0,000296
крыма 0,843970 0,000064
крымские 1,771957 0,000134
крыть 1,609438 0,000122
крыша 2,207275 0,000334
ксения 2,302585 0,000174
кузнецк 2,302585 0,000174
кузнецов 1,771957 0,000134
кузьмин 2,525729 0,000382
кузьминский 3,506558 0,000265
кузьминского 3,912023 0,000296
куки -0,009950 -0,000001
кукла 0,891598 0,000067
кукольный 2,525729 0,000191
культура 0,356675 0,000323
культурно-выставочные 3,912023 0,000296
культурно-исторический 2,525729 0,000191
культурно-познавательный 3,912023 0,000296
культурно-развлекательные 3,912023 0,000296
культурный 0,597837 0,000542
кумык 1,832581 0,000138
куница 3,218876 0,000243
купец 1,078810 0,000082
купеческий 1,832581 0,000554
купить 2,525729 0,000382
купол 2,407946 0,000546
курган 1,203973 0,000091
курд 2,040221 0,000154
курорт 1,560648 0,000118
курортный 2,302585 0,001044
курс 1,171183 0,000177
курсировать 1,514128 0,000114
кусова 3,912023 0,000296
кустаревкой 3,912023 0,000296
лаборатория 1,309333 0,000099
лавка 2,120264 0,000160
лагерь 1,514128 0,000343
лазаревское 2,659260 0,000201
лакец 1,832581 0,000138
ландшафт 1,427116 0,000108
ларионова 3,912023 0,000296
ласковским 3,912023 0,000296
ласковское 3,912023 0,000591
латыш 1,660731 0,000126
лауреат 1,609438 0,000243
лашма 3,506558 0,000265
лдпр 2,525729 0,000191
лебедева 2,995732 0,000226
лев 0,967584 0,000292
левобережье 1,832581 0,000138
левосторонний 3,912023 0,000591
левый 1,021651 0,000849
легендарный 1,897120 0,000143
легкий 0,967584 0,000073
леденец 3,506558 0,000265
ледовый 1,078810 0,000082
лежать 0,994252 0,000075
лезгин 1,771957 0,000134
лекционный 3,506558 0,000265
ленин 0,755023 0,000571
ленинграда 2,207275 0,000167
ленинск-кузнецкий 1,347074 0,000102
ленинский 0,941609 0,000071
лента 1,203973 0,000273
лес 0,733969 0,001276
лесной 0,843970 0,000191
лесопарк 1,897120 0,000717
лесопарковый 2,659260 0,000201
лесополоса 3,218876 0,000487
лесопосадка 3,506558 0,000265
лесостепной 1,771957 0,000536
лет 0,597837 0,000407
летия 1,108663 0,000084
летний 0,579818 0,000219
летный 3,506558 0,000265
лето 0,891598 0,000135
летопись 1,237874 0,000094
лечебно-медицинский 3,912023 0,000296
лечебный 1,771957 0,000134
лещина 3,218876 0,000243
лиаза 2,659260 0,000603
ливень 2,995732 0,000226
лига 0,941609 0,000071
ликвидация 1,609438 0,000122
ликвидировать 1,309333 0,000099
линейно-петлевой 3,912023 0,000296
линия 0,462035 0,000594
липа 2,120264 0,000320
лист 1,203973 0,000091
листань 3,912023 0,000296
лиственница 2,407946 0,000182
листопадный 3,506558 0,000265
литвиново 3,912023 0,000296
литература 0,051293 0,000008
литературный 0,867501 0,000066
литовец 1,897120 0,000143
лихвин 3,506558 0,000265
лицензия -0,009950 -0,000001
лицо 0,673345 0,000051
личное 1,714798 0,000130
лишь 0,478036 0,000036
ловеч 3,912023 0,000591
ловечем 3,912023 0,000296
логистический 2,813411 0,000213
логос 3,912023 0,000296
логотип 2,813411 0,000425
лодка 1,660731 0,000126
лодочный 3,506558 0,000265
локальный 0,673345 0,000051
локомотив 1,714798 0,000130
локомотивный 2,525729 0,000191
лом 2,525729 0,000191
лось 2,407946 0,000182
лох 3,506558 0,000265
лошадь 1,966113 0,000446
лощадь 3,912023 0,000296
луг 1,660731 0,001004
луганск 1,203973 0,000091
лук 1,771957 0,000268
луковский 3,912023 0,000296
луковского 3,912023 0,000296
луховицы 2,659260 0,000603
лучший 0,776529 0,000059
лыбеди 3,912023 0,001183
лыбедский 3,912023 0,001183
лыбедского 3,912023 0,000887
лыбедь 3,912023 0,000887
лысьва 1,347074 0,000102
люберцы 3,506558 0,000265
любить 1,832581 0,000138
любое 1,139434 0,000086
любомудр 3,912023 0,000591
люди 0,755023 0,000171
лютеранин 2,525729 0,000191
ляпунова 3,506558 0,000265
магадан 1,237874 0,000094
магазин 1,272966 0,000096
магистраль 0,867501 0,000262
магистральный 1,771957 0,000134
магнитогорск 1,272966 0,000096
магнолия 2,813411 0,000213
маз 2,995732 0,000453
мазут 2,525729 0,000191
май 0,127833 0,000483
макеты-реконструкции 3,912023 0,000296
макса 1,897120 0,000143
максимилиан 3,912023 0,000296
максимум 0,579818 0,000131
мала 1,237874 0,000094
малаховка 3,912023 0,000296
малина 3,912023 0,000887
мало 0,579818 0,000088
малое 0,994252 0,000150
малой 0,776529 0,000352
малый 0,139262 0,000021
малышево 2,995732 0,000226
мальшина 3,912023 0,000591
мальшинской 3,912023 0,000296
маникин 3,912023 0,000296
мариец 1,609438 0,000122
марий 2,525729 0,000191
марина 2,207275 0,000334
марков 2,995732 0,000226
март 0,116534 0,000150
маршрут 0,673345 0,001170
маскотов 3,912023 0,000296
масса 0,916291 0,000069
массовый 0,494296 0,000112
мастер 1,171183 0,000089
масштабный 1,139434 0,000258
материал -0,009950 -0,000002
матч 1,108663 0,000084
машина 0,713350 0,000054
машиностроение 1,049822 0,000079
маяк 1,078810 0,000082
маяковского 2,040221 0,000308
маятниковый 3,218876 0,000243
мвд 1,309333 0,000396
мга 2,040221 0,000154
мегафон 1,237874 0,000094
медаль 1,609438 0,000122
медальон 3,506558 0,000265
медведь 1,660731 0,000126
медиарязань 3,912023 0,000887
медиафайлы 0,301105 0,000023
медик 2,525729 0,000382
медицина 1,309333 0,000297
медицинский 0,653926 0,000593
медленно 1,832581 0,000138
медпункт 3,912023 0,000296
междугородная 1,832581 0,000138
междугородный 1,832581 0,000277
международный 0,385662 0,000321
межрегиональный 1,771957 0,000268
мелкий 1,309333 0,000297
менять 1,714798 0,000130
меняться 1,272966 0,000289
мера 0,820981 0,000062
мервино 3,912023 0,000296
мероприятие 0,916291 0,000485
местность 1,049822 0,000238
местный 0,478036 0,000253
место 0,139262 0,000147
месяц 0,415515 0,000157
месяцевикипедия 0,776529 0,000059
месячный 2,659260 0,000201
метеорологический 2,302585 0,000174
метерологических 3,912023 0,000296
метр 0,653926 0,000148
меч 2,995732 0,001132
мешок 2,525729 0,000573
мещера 3,912023 0,000591
мещерский 2,995732 0,003396
миасс 1,309333 0,000198
миграция 1,309333 0,000198
микрорайон 0,916291 0,000138
микросады 3,912023 0,000296
милиция 2,120264 0,000160
миллион 0,776529 0,000059
милославский 3,912023 0,000296
мина 2,302585 0,000174
мини-футбольный 2,207275 0,000167
минимум 0,653926 0,000198
министерство 0,653926 0,000198
министр 1,171183 0,000177
минорским 3,912023 0,000296
минута 1,272966 0,000096
мир 0,094311 0,000050
мирный 2,207275 0,000167
мировая 0,527633 0,000120
митрополия 1,660731 0,000377
михаил 0,916291 0,000138
михаила 1,171183 0,000089
михайлов 2,120264 0,000160
михайловича 2,525729 0,000191
михайловский 2,407946 0,000182
михайловском 3,506558 0,000265
мичуринска 3,912023 0,000296
мичуринский 2,995732 0,000226
мкад 2,407946 0,000182
млн 0,462035 0,000140
многие 0,356675 0,000189
многий 1,237874 0,000094
много 0,150823 0,000034
многозальные 3,506558 0,000265
многоуровневый 2,407946 0,000182
многочисленный 0,693147 0,000105
многоэтажный 1,832581 0,000415
множество 0,462035 0,000663
мобильный -0,009950 -0,000002
мода 2,407946 0,000364
модель 0,891598 0,000067
модерн 1,609438 0,000243
модернистский 3,912023 0,000296
модный 2,525729 0,000191
модуль 0,562119 0,000042
мокша 3,218876 0,000243
мокшанин 2,659260 0,000201
молдаванин 1,714798 0,000130
молодежка 3,912023 0,000296
молодежный 1,078810 0,000245
молодой 1,021651 0,000077
момент 0,527633 0,000199
монастырь 0,867501 0,000393
монгол 1,660731 0,000251
монета 0,994252 0,000150
монетыгорода 2,995732 0,000226
мономаха 2,813411 0,000425
монополизировать 3,506558 0,000265
монополия 2,525729 0,000191
монте-карло 2,407946 0,000182
монументальный 1,714798 0,000130
мончегорск 1,347074 0,000102
мордва 1,309333 0,000198
мордки 3,912023 0,000296
мордовия 2,302585 0,000174
мордочка 3,912023 0,000296
море 0,562119 0,000170
морить 3,218876 0,000243
мороз 1,386294 0,000210
морозный 2,207275 0,000167
морской 0,994252 0,000075
москва 0,400478 0,000333
москвамосквамосковская 2,813411 0,000213
москварязань 3,912023 0,000296
москве 1,171183 0,000089
москвой 1,237874 0,000281
москвы 0,653926 0,000198
московский 0,527633 0,000678
московско-казанским 3,912023 0,000296
московско-рязанская 3,912023 0,000296
московско-рязанский 3,912023 0,000296
московско-рязанского 3,912023 0,000591
мост 0,713350 0,000377
мотив 2,120264 0,000160
мох 2,302585 0,000174
мочь -0,009950 -0,000008
мощный 1,021651 0,000154
мрд 3,912023 0,000296
мск 0,843970 0,000064
мтб 3,506558 0,000265
мтс 1,237874 0,000281
мтт 3,218876 0,000243
мужество 2,040221 0,000154
мужской 1,108663 0,000084
муз-тв 1,966113 0,000149
муза 2,120264 0,000160
музеем-заповедником 3,912023 0,000296
музеефицировать 3,506558 0,000265
музей 0,653926 0,001285
музей-заповедник 1,832581 0,000554
музей-усадьба 2,525729 0,000191
музейный 1,514128 0,000114
музея-заповедника 2,525729 0,000191
музыка 0,941609 0,000213
музыкальный 0,867501 0,000197
мультиплекс 1,514128 0,000572
муниципалитет 1,966113 0,001040
муниципальный 0,713350 0,001402
мурома 2,659260 0,000201
мусульман 1,171183 0,000089
мухтасибат 3,506558 0,000265
мчс 2,120264 0,000160
мыс 1,386294 0,000419
мэр 1,078810 0,000978
мэрия 1,560648 0,000118
мюнстер 3,506558 0,000265
мюнстера 3,912023 0,000296
мюнстером 3,506558 0,000265
мюнстерский 3,912023 0,000296
мягкий 1,714798 0,000389
набег 1,660731 0,000126
набережная 0,891598 0,000202
наблюдение 1,108663 0,000251
навигация -0,009950 -0,000004
навигацияссылки 3,912023 0,000296
наводнение 2,120264 0,000160
награда 0,798508 0,000241
нагреваться 3,218876 0,000243
надбавка 3,912023 0,000296
надежда 1,469676 0,000555
надзор 2,040221 0,000154
надзорный 2,995732 0,000226
название 0,105361 0,000119
назвать 0,371064 0,000140
назначать 2,207275 0,000500
назначение 1,108663 0,000168
назначить 1,203973 0,000091
называть 0,174353 0,000026
называться 0,328504 0,000099
наиболее 0,139262 0,000063
наилок 3,912023 0,000591
найти 0,733969 0,000444
накапливаться 2,995732 0,000226
наличие 0,867501 0,000197
наличник 3,506558 0,000265
наличные 2,302585 0,000174
налоговый 1,966113 0,000149
наместничество 1,514128 0,000343
нанос 3,506558 0,000265
наноситься 3,506558 0,000265
нападение 1,832581 0,000138
наперсток 3,912023 0,000296
написать 0,867501 0,000066
напоминать 1,714798 0,000130
напорный 3,912023 0,000591
направление 0,385662 0,000291
направленность 2,120264 0,000160
направо 1,560648 0,000118
например 0,328504 0,000124
напротив 1,237874 0,000187
напрямую 1,660731 0,000377
народ 0,579818 0,000044
народный 0,616186 0,000605
насаждение 1,469676 0,000111
население 0,462035 0,002165
населить 0,597837 0,000633
насколько 2,525729 0,000191
наследие 0,713350 0,000108
настоящее 0,287682 0,000087
настоящий 1,272966 0,000096
наступать 0,843970 0,000191
насчитывать 1,203973 0,000091
наука 0,235722 0,000107
научно-исследовательский 0,798508 0,000060
научно-технический 1,386294 0,000105
научный 0,248461 0,000169
находиться 0,174353 0,000488
находка 0,994252 0,000075
национальность 0,867501 0,000262
национальный 0,342490 0,000259
начало 0,116534 0,000255
началось 0,616186 0,000093
начать 0,510826 0,000077
начаться 0,562119 0,000340
начинать 1,049822 0,000317
начинаться 0,527633 0,000518
начиная 0,733969 0,000166
наш 0,527633 0,000080
нашествие 2,120264 0,000160
небо 1,272966 0,000385
небольшой 0,494296 0,000149
небоскреб 2,659260 0,000201
невский 1,272966 0,000096
невыплата 3,506558 0,000530
недвижимость 1,897120 0,000143
неделя 1,309333 0,000297
недостаток 0,579818 0,000044
недоступный 0,446287 0,000067
незавершенный 2,525729 0,000382
независимо 1,966113 0,000149
незадолго 2,995732 0,000226
неизвестно 2,659260 0,000402
неизвестное 2,207275 0,000167
неисправность 3,506558 0,000265
некоммерческий -0,009950 -0,000001
некоторые 0,127833 0,000039
некоторый 1,237874 0,000094
некрополь 2,120264 0,000160
немец 1,108663 0,000084
немецкий 0,798508 0,000060
немного 1,309333 0,000297
ненец 2,120264 0,000160
необходимость 1,139434 0,000258
необходимый 1,078810 0,000082
необычный 1,832581 0,000138
неоготоческом 3,912023 0,000296
неоднократно 1,139434 0,000086
неопределенный 2,813411 0,000213
неподалеку 2,040221 0,003084
непосредственно 0,478036 0,000036
непрерывно 2,120264 0,000160
непрерывный 1,714798 0,000259
непроходимый 3,218876 0,000487
неразрывно 2,995732 0,000226
нередкий 2,659260 0,000201
нередко 1,108663 0,000503
несанкционированный 2,407946 0,000182
несколько 0,116534 0,000141
нести 1,609438 0,000122
неукрепленный 3,218876 0,000243
нефаз 2,407946 0,000182
нефтеналивной 3,506558 0,000265
нефтеперерабатывающий 2,302585 0,000348
нефтепродукт 1,660731 0,000126
нефтехимический 1,966113 0,000149
нефтехимия 2,813411 0,000213
ниже 0,693147 0,000105
нижнее 0,916291 0,000138
нижний 0,494296 0,000299
низкий 0,843970 0,000446
низменность 1,714798 0,000389
низменный 1,897120 0,000287
нииип 3,912023 0,000887
николаевна 2,659260 0,000201
николай 0,867501 0,000262
николодворянской 3,912023 0,000296
никто 2,120264 0,000160
нить 2,813411 0,000213
нквд 2,813411 0,000213
нобелевский 2,207275 0,000334
новгород 0,867501 0,000197
новое 0,287682 0,000239
новокузнецк 1,272966 0,000096
новомичуринск 3,912023 0,000296
новомичуринском 3,912023 0,000296
новомосковск 1,203973 0,000091
новосел 3,218876 0,000243
новосибирск 0,916291 0,000069
новослободской 3,912023 0,000296
новоспасское 2,659260 0,000201
новость 0,544727 0,000082
новый 0,083382 0,000151
ногаец 1,771957 0,000134
номер 0,634878 0,000048
номерной 2,659260 0,000201
норвежский 0,248461 0,000019
норильск 1,203973 0,000091
норма 0,597837 0,000181
носить 0,798508 0,000121
ночь 1,309333 0,000198
нояб 0,820981 0,000124
ноябрь 0,127833 0,000213
нтв 1,427116 0,000108
нужно 1,049822 0,000079
нулевой 1,609438 0,000243
нурислам 3,912023 0,000296
ныне 0,653926 0,000049
нэп 2,813411 0,000213
оба 0,597837 0,000226
обеспечение 0,634878 0,000144
обеспечивать 0,415515 0,000251
обещать 2,407946 0,000182
обзор 1,078810 0,000082
обилие 2,407946 0,000182
обильный 2,525729 0,000191
обитание 2,040221 0,000154
обком 2,207275 0,000167
обкомовский 3,912023 0,000296
обладатель 1,514128 0,000114
обладать 0,843970 0,000128
облако 2,207275 0,000334
областигорода 2,407946 0,000364
областискрытые 2,525729 0,000191
областной 0,994252 0,001202
область 0,150823 0,000718
областьгорода 1,309333 0,000099
областьсеверноетатарстанбавлыбашкортостан 2,813411 0,000213
облегчение 3,218876 0,000243
облик 1,203973 0,000273
обмен 1,309333 0,000198
обнаружение 2,995732 0,000226
обнаружить 1,021651 0,000154
обнести 2,407946 0,000182
обогащение 2,813411 0,000213
обозначаться 2,813411 0,000213
обозначить 1,771957 0,000134
обозрение 1,897120 0,000143
обойтись 2,040221 0,000154
оборона 1,108663 0,000251
оборонительный 1,660731 0,000251
оборонный 1,771957 0,000134
оборудование 0,653926 0,000049
оборудовать 1,897120 0,000573
обособить 2,302585 0,000348
образ 0,287682 0,000109
образец 1,203973 0,000091
образование 0,356675 0,000674
образовательный 0,891598 0,000067
образовать 0,385662 0,000146
образовываться 2,995732 0,000226
обрамить 2,525729 0,000191
обратно 1,714798 0,000130
обращение 0,030459 0,000253
обсадить 3,912023 0,000296
обслуживание 0,941609 0,000142
обслуживать 1,469676 0,000333
обслуживаться 2,525729 0,000191
обусловить 1,237874 0,000187
обширный 1,078810 0,001141
общее 0,301105 0,000068
общественно-политическая 2,525729 0,000191
общественность 2,120264 0,000160
общественный 0,494296 0,000822
общество 0,415515 0,000126
общий 0,186330 0,000113
община 1,078810 0,000245
общинный 2,659260 0,000201
объединение 0,776529 0,000059
объединить 0,867501 0,000131
объединять 1,108663 0,000084
объездной 1,897120 0,000143
объезжать 3,912023 0,000296
объект 0,235722 0,000107
объем 0,400478 0,000061
обычно 0,693147 0,000314
обычный 1,347074 0,000102
обязанность 1,347074 0,000102
обязательно 2,040221 0,000154
обязать 1,609438 0,000122
овраг 1,660731 0,001004
огибать 2,659260 0,000402
оградить 3,912023 0,000296
огромный 0,776529 0,000059
один 0,051293 0,000128
однако 0,174353 0,000092
одновременно 0,776529 0,000059
одноименный 0,967584 0,000585
одномандатный 2,040221 0,000154
одолеть 3,506558 0,000265
оживление 3,912023 0,000591
оздоровительный 2,407946 0,000364
озеленение 2,040221 0,000308
озера-старицы 3,912023 0,000296
озеро 0,673345 0,000560
озеры 3,506558 0,000265
ознаменоваться 2,120264 0,000320
означать 0,798508 0,000121
ока 2,525729 0,011262
оказать 1,427116 0,000108
оказаться 0,820981 0,000062
оказывается 2,813411 0,000213
оказывать 0,867501 0,000066
оказываться 1,966113 0,000149
окато 0,820981 0,000124
окепереименованные 3,912023 0,000296
окончание 1,309333 0,000198
окпц 3,912023 0,000296
окраина 1,049822 0,000079
окрестный 2,659260 0,000201
округ 0,562119 0,000722
окружать 0,755023 0,000114
окружить 1,771957 0,000268
окружной 1,609438 0,000487
окский 3,218876 0,003649
окт 0,798508 0,000121
октмо 0,843970 0,000064
октябрь 0,072571 0,000176
октябрьский 0,776529 0,000176
олег 1,427116 0,000324
олега 1,966113 0,000297
олегом 3,218876 0,000243
олимпиец 2,995732 0,000226
олимпийский 1,108663 0,000084
ольха 2,995732 0,000226
омиш 3,912023 0,000296
омск 1,021651 0,000077
онлайн 0,198451 0,000015
опасный 1,272966 0,000096
опг 3,506558 0,001060
оперативный 1,832581 0,000138
оператор 0,941609 0,000071
оперный 1,897120 0,000143
опираться 1,560648 0,000236
описание -0,009950 -0,000001
оплата 1,609438 0,000365
оплачивать 2,995732 0,000226
оплачиваться 3,912023 0,000296
оплетать 3,912023 0,000296
ополчение 1,897120 0,000143
опорный 1,560648 0,000118
оппозиционный 2,995732 0,000226
определить 0,527633 0,000080
определять 0,867501 0,000131
опубликование 2,302585 0,000174
опыт 1,427116 0,000108
опытный 1,108663 0,000168
орган 0,616186 0,000279
организация -0,009950 -0,000004
организовать 0,634878 0,000144
органический 1,832581 0,000138
ордынский 2,525729 0,000191
орел 1,386294 0,000105
оренбургский 1,714798 0,000130
ореховый 3,506558 0,000265
оригинал 0,139262 0,000126
оригинальный 1,771957 0,000134
оркестр 1,386294 0,000105
орлеана 3,912023 0,000296
орлик 3,218876 0,000243
орнаментальный 3,506558 0,000265
орск 1,272966 0,000096
осадок 0,544727 0,000124
освобождаться 2,813411 0,000213
освоение 1,309333 0,000099
осень 0,941609 0,000213
осетин 1,771957 0,000134
осина 2,813411 0,000425
осипов 0,527633 0,000080
оснастка 3,506558 0,000265
основа 0,210721 0,000143
основание 0,494296 0,000187
основатель 0,967584 0,000292
основать 0,274437 0,000145
основное 0,235722 0,000125
основной 0,040822 0,000059
основополагающий 2,659260 0,000201
основоположник 2,995732 0,000226
особа 1,966113 0,000149
особняк 1,771957 0,000134
особо 1,237874 0,000374
особый 0,776529 0,000117
оставаться 0,544727 0,000165
оставить 1,427116 0,000108
остальной 0,616186 0,000093
остановить 1,832581 0,000138
остановиться 2,120264 0,000160
остановка 1,514128 0,000229
остаток 1,203973 0,000182
остаться 0,867501 0,000131
остров 0,820981 0,000558
острог 1,897120 0,000573
острув-мазовецка 3,912023 0,000591
осуществить 1,237874 0,000094
осуществление 1,427116 0,000216
осуществлять 0,597837 0,000361
осуществляться 0,616186 0,000419
ось 2,207275 0,000334
отборочный 2,995732 0,000226
отв 0,755023 0,000057
ответ 0,941609 0,000071
ответить 2,659260 0,000201
ответственность -0,009950 -0,000001
отвечать 1,609438 0,000122
отд 2,525729 0,000382
отдавать 2,525729 0,000191
отдать 2,407946 0,000182
отдел 1,171183 0,000177
отделение 0,713350 0,000054
отдельный -0,009950 -0,000002
отдых 0,941609 0,000498
отдыхать 2,302585 0,000174
отечественный 0,634878 0,000192
отечество 1,966113 0,000149
отказ -0,009950 -0,000001
отказаться 1,427116 0,000216
откладываться 2,995732 0,000226
открывать 1,771957 0,000134
открываться 1,347074 0,000305
открыто 1,078810 0,000082
открыть 0,150823 0,000137
открыться 0,820981 0,000124
отличаться 0,342490 0,000052
отличие 0,798508 0,000060
отличительный 2,407946 0,000182
отменить 1,427116 0,000108
отменять 2,659260 0,000201
отмечаться 0,994252 0,000075
относительно 0,415515 0,000031
относить 1,469676 0,000111
относиться 0,328504 0,000199
отношение 0,430783 0,000098
отправиться 2,040221 0,000154
отправляться 1,427116 0,000539
отр 1,832581 0,000138
отразиться 2,659260 0,000201
отрасль 0,653926 0,000099
отредактировать -0,009950 -0,000006
отрезать 3,506558 0,001060
отрезка 2,525729 0,000382
отсутствовать 0,776529 0,000059
отсюда 1,897120 0,000143
отталкивать 3,912023 0,000296
оттепель 1,609438 0,000365
отходить 1,897120 0,000143
офис 1,560648 0,000118
офисный 2,302585 0,000174
офиц 3,912023 0,000296
офицерский 3,218876 0,000243
официально 0,693147 0,000052
официальный 0,356675 0,000108
ох 1,347074 0,000102
охватывать 1,237874 0,000094
охрана 0,843970 0,000191
охранять 1,427116 0,000216
оценка 0,400478 0,000030
очередной 1,560648 0,000118
очередь 0,510826 0,000193
очерк 0,733969 0,000055
очистка 1,771957 0,000268
очищаться 2,813411 0,000213
ошибкекак -0,009950 -0,000001
ошибочно 2,813411 0,000213
ошибочный 2,813411 0,000213
павел 1,078810 0,000163
павильон 2,040221 0,000154
павлин 1,714798 0,000130
павлова 2,525729 0,000954
павловка 3,912023 0,000296
павловке 3,912023 0,000296
павлово 3,218876 0,000243
павловская 3,218876 0,000243
паводок 2,120264 0,000160
пакистанец 2,120264 0,000160
палата 1,347074 0,000102
паломнический 3,218876 0,000243
памирец 2,525729 0,000191
памятник 0,597837 0,000678
памятный 0,798508 0,000121
память 0,820981 0,000372
панорама 1,203973 0,000637
панфилова 3,218876 0,000487
папоротник 3,218876 0,000243
парадиз 3,912023 0,000296
парадная 3,506558 0,000530
парадное 3,506558 0,000530
парадный 3,912023 0,000296
параметромвикипедия 3,506558 0,000265
парк 0,653926 0,001087
парковка 2,120264 0,000320
парламент 2,120264 0,000481
парламентский 2,813411 0,000213
партийный 1,660731 0,000126
партия 1,514128 0,000343
партнер 1,514128 0,000114
партнерский 2,207275 0,000334
парфеновка 3,506558 0,000265
пасмурный 1,966113 0,000297
пассажир 1,272966 0,000192
пассажирский 0,941609 0,000427
пастбище 2,995732 0,000453
патрулировать 3,912023 0,000296
патруль 3,218876 0,000243
паттерном 3,912023 0,000296
паустовский 3,506558 0,000795
паустовского 3,506558 0,000795
пахотный 3,218876 0,000243
пациент 2,302585 0,000522
певческая 3,506558 0,000265
педагогический 0,867501 0,000066
пейджер 3,912023 0,000296
пенза 1,108663 0,000168
пензенская 2,207275 0,000167
пенсионер 2,207275 0,000167
первое 0,150823 0,000205
первомайский 1,347074 0,000305
первоначально 1,203973 0,000273
первый 0,162519 0,000258
перевить 3,218876 0,000243
переводить 2,813411 0,000213
перевозить 1,832581 0,000415
перевозка 0,891598 0,000404
переволок 2,302585 0,000174
перегруженность 3,506558 0,000265
передать 0,798508 0,000060
передача 1,078810 0,000082
передвижной 2,659260 0,000201
передовая 2,659260 0,000201
переезжать 2,813411 0,000425
переехать 1,966113 0,000149
переименование 1,469676 0,000111
переименовать 0,941609 0,000071
перейти -0,009950 -0,000002
перекидывать 3,912023 0,000296
перекресток 1,237874 0,000094
перекрытие 3,218876 0,000243
переменный 2,813411 0,000213
перемещение 2,659260 0,000201
перенести 0,994252 0,000075
перенять 2,995732 0,000226
переписной 1,714798 0,000130
перепись 0,755023 0,000856
перерасти 2,813411 0,000213
пересечение 1,171183 0,000089
перестройка 1,771957 0,000268
переть 1,108663 0,000084
переулок 1,514128 0,000114
переучивание 3,912023 0,000296
переход 0,653926 0,000099
переходить 1,237874 0,000374
перешить 3,912023 0,000296
переяславлем 3,912023 0,000296
переяславль 3,506558 0,001855
переяславль-рязанский 3,912023 0,000887
переяславля 3,912023 0,000591
переяславля-рязанского 3,912023 0,000296
перинатальный 2,040221 0,000154
период 0,274437 0,000311
периодический 1,560648 0,000118
пермь 0,994252 0,000150
персональный -0,009950 -0,000001
перспектива 1,049822 0,000159
перчатка 3,912023 0,000296
песок 1,714798 0,000130
песочни 3,912023 0,000296
песочный 3,506558 0,000265
петля 2,995732 0,000226
петров 2,207275 0,000167
петрова 2,302585 0,000174
петром 2,120264 0,000160
печататься 2,407946 0,000182
печать -0,009950 -0,000004
печерский 2,302585 0,000174
пешеходный 1,560648 0,000708
пешком 3,506558 0,000265
пионер 1,427116 0,000108
пироговый 3,912023 0,000296
писатель 0,916291 0,000415
писать 0,820981 0,000310
питание 1,171183 0,000089
питательный 3,218876 0,000243
пителинский 3,912023 0,000296
питьевой 1,897120 0,000143
пихта 2,407946 0,000182
пищевой 0,916291 0,000208
пктс 3,506558 0,000265
плавно 2,407946 0,000182
плавной 3,506558 0,000265
план 0,527633 0,001156
планетарий 1,832581 0,000277
планирование 1,427116 0,000108
планировать 1,272966 0,000289
планироваться 0,891598 0,000539
планировка 1,427116 0,000431
платный 1,469676 0,000222
плетенка 3,912023 0,000296
плотность 0,634878 0,000096
площадка 0,867501 0,000721
площадь 0,385662 0,000583
плюс 1,272966 0,000096
пляж 1,609438 0,000487
пмо 3,218876 0,000243
победа 0,755023 0,000057
победитель 1,514128 0,000114
победить 1,609438 0,000122
побережье 1,171183 0,000177
поведение -0,009950 -0,000001
повести 1,832581 0,000138
повислый 3,218876 0,000243
повлиять 1,609438 0,000122
повод 1,897120 0,000143
повысить 1,021651 0,000154
повыситься 2,407946 0,000364
повышение 1,078810 0,000082
погода 0,693147 0,000367
погружение 2,995732 0,000226
подать 1,714798 0,000130
подача 2,207275 0,000167
подбелка 3,912023 0,000296
подвал 3,912023 0,000296
подверженный 2,040221 0,000308
подвеска 3,506558 0,000265
подвижной 1,832581 0,000138
подвозить 3,506558 0,000265
подготовить 1,386294 0,000105
подготовка 0,916291 0,000485
поддерживать 0,994252 0,000075
поддержка 0,653926 0,000247
подземный 1,469676 0,000111
подзолистый 2,995732 0,000226
подконтрольный 2,813411 0,000213
подкрепить 3,218876 0,000243
подлесок 2,525729 0,000382
подлипки 3,912023 0,000296
подмечать 3,912023 0,000296
подниматься 1,427116 0,000108
подобный 0,994252 0,000225
подольск 1,272966 0,000096
подписать 0,941609 0,000142
подписывать 3,218876 0,000243
подрыв 3,506558 0,000265
подряд 2,525729 0,000191
подтоплять 3,506558 0,000265
подход 0,994252 0,000075
подчиняться 1,660731 0,000251
подъем 1,386294 0,000314
поезд 1,021651 0,000309
поездка 2,120264 0,000481
поехать 3,218876 0,000243
пожалостина 3,912023 0,001183
пожалуйста 1,469676 0,000111
позволить 0,967584 0,000219
позволять 0,462035 0,000419
поздний 1,171183 0,000089
поздно 0,713350 0,000216
позже 0,733969 0,000111
поиск -0,009950 -0,000009
пойма 1,609438 0,002189
пойменный 2,302585 0,001044
пока 0,843970 0,000064
показ 2,207275 0,000167
показатель 0,494296 0,000224
показательи 3,912023 0,000296
показать 0,891598 0,000202
показывать 1,237874 0,000094
поколение 1,203973 0,000182
покров 0,843970 0,000064
покровитель 2,207275 0,000167
покрытие 1,560648 0,000118
покрыть 1,309333 0,000297
покушение 3,506558 0,000265
пол 0,446287 0,000337
полдень 0,916291 0,000069
поле 1,049822 0,000714
полигон 2,120264 0,000481
политехнический 1,560648 0,000354
политик -0,009950 -0,000004
политический 0,597837 0,000226
полицейский 2,995732 0,000453
полиция 2,207275 0,000334
полк 1,469676 0,000222
полномочие 1,203973 0,000273
полностью 0,400478 0,000272
полноценный 1,771957 0,000268
полный 0,328504 0,000074
половина 0,430783 0,000228
половодье 2,207275 0,000667
пологий 2,302585 0,000348
положение 0,415515 0,000188
полонский 3,506558 0,000265
полоса 0,916291 0,000138
полотнище 1,609438 0,000243
полотно 2,040221 0,000154
полузаброшенный 3,912023 0,000296
полуночь 3,912023 0,000296
полуостров 1,171183 0,000089
получать 0,916291 0,000346
получить 0,150823 0,000160
польза 1,714798 0,000130
польский 1,347074 0,000102
польша 1,966113 0,000149
поляк 0,820981 0,000124
поляна 1,427116 0,000324
полянский 3,912023 0,000296
полярный 1,347074 0,000102
поместить 1,609438 0,000365
помешать 2,659260 0,000201
помещать 2,407946 0,000182
помимо 0,562119 0,000255
помор 2,659260 0,000201
помощь 0,342490 0,000078
понижение 2,040221 0,000154
понимание 1,560648 0,000118
понятие 0,967584 0,000073
попасть 1,049822 0,000159
поперечный 2,525729 0,000191
популяризатор 2,995732 0,000226
пора 0,776529 0,000235
порог 2,040221 0,000154
порода 1,427116 0,000108
породниться 3,912023 0,000296
порт 0,733969 0,000333
портал 0,342490 0,000052
посад 1,469676 0,000555
посадка 1,897120 0,000287
посвятить 0,634878 0,000048
поселенец 2,407946 0,000182
поселение 0,634878 0,000624
поселок 0,634878 0,000240
посещать 1,560648 0,000354
посещение 1,714798 0,000130
последний -0,009950 -0,000004
последующее 1,714798 0,000259
последующий 1,272966 0,000096
послужить 1,469676 0,000222
посреди 2,659260 0,001407
пост 1,078810 0,000082
постамент 2,407946 0,000364
постановление 0,891598 0,000067
постепенно 0,867501 0,000131
постоянная 0,843970 0,000064
постоянно 1,108663 0,000419
постоянный 0,579818 0,000263
построить 0,301105 0,000546
постройка 0,867501 0,000131
посылка 2,995732 0,000226
потенциал 0,967584 0,000219
похожее 2,659260 0,000201
почва 1,272966 0,000770
почетный 0,820981 0,000620
почтовый 0,653926 0,000297
поэт 1,049822 0,000159
поэтесса 3,218876 0,000243
поэтому 0,616186 0,000186
появиться 0,248461 0,000169
появление 0,653926 0,000049
появляться 0,733969 0,000388
пояс 0,597837 0,000136
правда 0,820981 0,000186
правильный 1,966113 0,000149
правитель 1,771957 0,000268
правительство 0,510826 0,000116
править -0,009950 -0,000098
правка 0,274437 0,000041
правкиновые -0,009950 -0,000001
правкипостоянная -0,009950 -0,000001
право 0,314711 0,000119
правовой 1,021651 0,000077
праволыбедской 3,912023 0,000296
православный 0,755023 0,000057
правосторонний 3,506558 0,000265
правый 0,798508 0,000543
праздник 1,203973 0,000182
праздничный 2,302585 0,000174
празднование 1,309333 0,000099
практик 1,049822 0,000159
практически 0,755023 0,000114
практический 1,560648 0,000118
превалировать 2,995732 0,000226
превратить 1,832581 0,000554
превратиться 1,386294 0,000210
превращаться 1,660731 0,000251
превращение 2,207275 0,000167
превысить 1,427116 0,000108
превышать 0,673345 0,000051
предательский 3,912023 0,000296
предварительный 1,832581 0,000138
предводительство 1,897120 0,000143
предельно 2,302585 0,000174
предлагать 1,514128 0,000114
предмет 0,713350 0,000108
предназначаться 2,525729 0,000191
предоставить 1,714798 0,000130
предоставление 1,609438 0,000122
предоставлять 0,713350 0,000054
предоставляться 2,207275 0,000167
предполагать 1,171183 0,000443
предположение 1,897120 0,000143
предпринимательский 2,659260 0,000201
предприятие 0,527633 0,000399
председ 1,203973 0,000091
председатель 0,916291 0,000692
представитель 0,653926 0,000198
представительство 0,994252 0,000075
представить 0,328504 0,000174
представиться -0,009950 -0,000001
представлять 0,328504 0,000273
предусматриваться 2,525729 0,000191
предусмотреть 1,427116 0,000108
предшествовать 1,771957 0,000134
предыдущее 2,040221 0,000154
прежде 1,049822 0,000079
прежний 1,021651 0,000077
президент 0,597837 0,000045
президентский 2,120264 0,000160
преимущественно 0,776529 0,000059
прекрасный 2,407946 0,000182
премия 1,272966 0,000096
премьер 1,966113 0,000149
преобладание 1,660731 0,000251
преобладать 0,713350 0,000054
преобразование 1,347074 0,000102
преобразовать 0,967584 0,000073
преподавание 2,525729 0,000191
преподаватель 2,120264 0,000160
препятствие 2,302585 0,000174
пресвятой 1,272966 0,000096
пресс 1,272966 0,000289
престол 2,525729 0,000382
преступление 1,514128 0,000114
преступность 1,771957 0,000536
преступный 2,525729 0,000382
претендент 2,995732 0,000226
префект 3,506558 0,000795
префектура 2,995732 0,001811
прибор 1,660731 0,000126
прибывание 3,912023 0,000296
прибывать 2,207275 0,000167
прибыль 1,897120 0,000143
прибытие 1,897120 0,000143
прибыть 1,514128 0,000229
привезти 2,040221 0,000154
привести 0,356675 0,000081
привлекательность 1,832581 0,000138
привлекать 1,609438 0,000365
привлечение 1,660731 0,000126
привлечь 2,040221 0,000154
привносить 3,912023 0,000296
приводить 0,776529 0,000235
пригородный 0,967584 0,000585
приграничный 2,995732 0,000226
придать 2,407946 0,000182
придти 0,755023 0,000057
приезжать 2,040221 0,000154
прием 1,347074 0,000102
приехать 2,040221 0,000154
призвать 1,560648 0,000118
признание 0,867501 0,000131
признать 0,494296 0,000075
прийтись 1,469676 0,000222
прилегать 1,237874 0,000374
приложение 0,733969 0,000111
применение 0,967584 0,000073
применять 0,510826 0,000077
пример 0,527633 0,000120
примечание -0,009950 -0,000002
примыкать 1,386294 0,000105
принадлежать 0,755023 0,000228
принадлежность 1,272966 0,000289
принимать 0,634878 0,000240
приносить 2,040221 0,000308
принять 0,248461 0,000131
прио-банка 3,912023 0,000296
приобрести 1,139434 0,000086
приобретать 1,966113 0,000297
приобретаться 3,912023 0,000591
приокский 3,218876 0,002433
приоритетный 2,040221 0,000154
приписка 3,218876 0,000243
природа 0,653926 0,000099
природно-рекреационным 3,912023 0,000296
природный 0,510826 0,000077
присвоить 0,798508 0,000121
пристань 1,427116 0,000647
присутствие 1,514128 0,000114
присутствовать 1,021651 0,000077
притка 1,427116 0,001294
приток 1,078810 0,000245
прифронтовой 2,813411 0,000213
приходить 1,309333 0,000198
приходиться 0,693147 0,000105
причал 1,897120 0,000287
причаливать 3,912023 0,000296
причина 0,562119 0,000042
приют 2,525729 0,000191
проблема 0,274437 0,000145
пробный 2,302585 0,000174
пробуждаться 3,506558 0,000265
проведение 0,673345 0,000102
проверить 0,478036 0,000072
проверка 0,843970 0,000064
проверять 0,820981 0,000434
проверяться 1,714798 0,000130
провести 0,579818 0,000088
провод 2,995732 0,000226
проводить 0,843970 0,000638
проводиться 0,653926 0,000148
провоторова 3,912023 0,000296
прогимназия 3,912023 0,000296
программа 0,415515 0,000251
прогреваться 2,407946 0,000182
прогресс 1,309333 0,000099
прогулка 1,609438 0,000122
прогулочный 2,525729 0,000382
проделать 2,995732 0,000226
продлить 2,120264 0,000160
продолжать 1,049822 0,000079
продолжительность 1,021651 0,000077
продолжительный 1,560648 0,000118
продолжить 1,771957 0,000134
продольный 2,407946 0,000182
продукция 0,941609 0,000285
проезд 1,171183 0,000620
проездной 2,525729 0,000191
проект -0,009950 -0,000011
проектироваться 2,407946 0,000364
проектный 1,514128 0,000114
проживать 0,776529 0,000411
произведение 1,021651 0,000232
произвести 1,203973 0,000182
производиться 1,108663 0,000084
производство 0,527633 0,000080
произойти 0,430783 0,000098
происходить 0,328504 0,000174
происхождение 0,776529 0,000411
происшествие 2,207275 0,000167
пройти 0,544727 0,000247
прокат 2,120264 0,000481
прокатный 2,995732 0,000226
прокладка 2,659260 0,000201
прокопия 2,995732 0,000226
прокопьевск 1,272966 0,000096
промежуточный 1,771957 0,000134
променад 3,506558 0,000265
промышленность 0,494296 0,000261
промышлять 0,462035 0,000384
пронский 3,912023 0,000591
пронском 3,912023 0,000296
проня 3,506558 0,000265
пропорция 3,506558 0,000265
пропускной 2,040221 0,000154
пропустить 2,995732 0,000226
проработать 2,525729 0,000191
прорва 3,912023 0,000591
прорывать 3,506558 0,000265
прославить 2,659260 0,000201
прослеживаться 2,120264 0,000641
просмотр -0,009950 -0,000001
проспект 0,891598 0,000270
простираться 1,714798 0,000130
просторный 2,525729 0,000191
пространство 0,634878 0,000240
протасово 3,912023 0,000591
протва 3,218876 0,000243
протвино 3,506558 0,000265
протекать 1,108663 0,000251
противодействие 2,659260 0,000201
противоположить 3,912023 0,000296
проток 1,660731 0,000251
протяжение 0,843970 0,000255
протяженность 0,776529 0,000059
протянуться 1,897120 0,000143
профессиональный 0,733969 0,000055
профессор 0,967584 0,000073
прохлада 3,506558 0,000265
прохладный 2,659260 0,000402
проходить 0,462035 0,000663
процедура 1,714798 0,000130
прочее 0,544727 0,000041
прошлое 0,673345 0,000102
проявить 2,120264 0,000160
проясняться 3,506558 0,000265
прямая 0,867501 0,000262
прямо 1,714798 0,000259
прямоугольник 2,995732 0,000226
прямоугольный 1,560648 0,000118
пряник 3,218876 0,000243
псалтырь 3,912023 0,000591
птица 1,272966 0,000096
публичный 1,078810 0,000163
пункт 0,494296 0,000598
путеводитель 0,713350 0,000108
путепровод 2,207275 0,000167
путешественник 1,714798 0,000518
путина 1,386294 0,000105
путь 0,261365 0,000138
путятино 2,813411 0,000213
путятинский 3,912023 0,000296
пущино 3,506558 0,000265
пчеловодство 3,218876 0,000243
пышма 1,309333 0,000099
пышный 3,912023 0,000296
пятидесятник 2,040221 0,000154
пятикратный 2,995732 0,000226
пятница 1,427116 0,000108
пятый 0,994252 0,000075
пять 0,693147 0,000105
работа 0,127833 0,000174
работать 0,314711 0,000690
работник 1,108663 0,000084
рабочий 0,597837 0,000542
равнина 0,867501 0,000197
равный 1,203973 0,000273
радикальный 2,207275 0,000167
радио 0,891598 0,001550
радиовещание 1,714798 0,000259
радиоволна 3,506558 0,000265
радиотехнический 2,659260 0,000402
радиоэлектроника 2,659260 0,000201
радиоэлектронный 2,207275 0,000334
радищева 2,995732 0,000906
раз -0,009950 -0,000005
разбить 1,514128 0,000114
разбросать 3,218876 0,000243
развернуть 1,660731 0,000126
разветвить 2,813411 0,000213
развивать 1,660731 0,000126
развиваться 0,597837 0,000045
развитие 0,127833 0,000164
развить 0,616186 0,000093
развлекательный 1,714798 0,000259
развязка 1,469676 0,000111
раздел 0,342490 0,000311
разделамивикипедия 2,813411 0,000213
разделить 0,527633 0,000120
разделять 1,609438 0,000122
разделяться 2,040221 0,000308
разлив 2,207275 0,000834
разливаться 2,995732 0,000453
различный 0,116534 0,000044
размер 0,755023 0,000114
разместить 1,108663 0,000168
размещаться 1,560648 0,000118
размещение 0,673345 0,000051
разное 1,078810 0,000163
разнообразный 1,139434 0,000086
разный 0,314711 0,000071
разобрать 2,040221 0,000308
разорение 2,995732 0,000226
разрабатывать 1,609438 0,000122
разрабатываться 1,660731 0,000126
разработать 0,616186 0,000326
разработка 0,653926 0,000099
разработчик -0,009950 -0,000001
район 0,430783 0,002279
районный 1,171183 0,000354
райцентр 0,941609 0,000071
раменское 3,912023 0,000591
рамка 0,478036 0,000181
ранний 0,733969 0,000111
рано 0,261365 0,000040
раскопка 1,897120 0,000143
располагать 1,386294 0,000524
располагаться 0,544727 0,001317
расположить 0,385662 0,001457
расположиться 2,040221 0,000154
распоряжаться 3,912023 0,000296
распоряжение 1,139434 0,000258
распространить 0,616186 0,000047
рассказ 1,514128 0,000229
рассказывать 1,832581 0,000138
расстояние 0,713350 0,000162
рассчитать 1,514128 0,000114
рассылаться 3,912023 0,000296
растапливать 3,912023 0,000296
растение 1,171183 0,000177
расти 0,941609 0,000142
растительность 1,309333 0,000495
растительный 1,386294 0,000314
расходиться 2,207275 0,000167
расцвет 2,040221 0,000308
расчет 0,820981 0,000062
расчистка 3,218876 0,000243
расширение 0,415515 0,000126
ратный 3,506558 0,000265
ргпи 3,912023 0,000296
ргу 3,506558 0,000530
реализация 0,798508 0,000060
реализовать 0,673345 0,000051
реализоваться 1,966113 0,000297
реальный 0,967584 0,000073
революционер 2,302585 0,000174
революция 0,562119 0,000170
регалия 3,912023 0,000296
регион 0,385662 0,000175
региональный 0,634878 0,000048
регистрация 1,832581 0,000138
регулярный 0,798508 0,000543
ред 0,235722 0,000053
редко 1,514128 0,000114
редутный 3,912023 0,000296
резанов 3,506558 0,000265
резануть 3,912023 0,000296
резань 3,912023 0,000296
резанье 3,912023 0,000591
резать 3,912023 0,000296
резиденция 1,832581 0,000277
резко 0,967584 0,000073
резной 2,995732 0,000226
результат 0,174353 0,000105
резьба 2,813411 0,000213
рейдерство 3,912023 0,000296
рейс 1,171183 0,000531
река 0,446287 0,000641
рекомендация 0,776529 0,000411
реконструировать 1,237874 0,000094
реконструкция 0,820981 0,000186
рекорд 1,427116 0,000216
рекреационный 1,469676 0,000111
религиозный 0,891598 0,000067
религия 0,755023 0,000114
рельеф 0,798508 0,000241
ремесленное 2,120264 0,000160
ремонт 1,139434 0,000086
рен 1,660731 0,000126
реновация 3,218876 0,000730
ресторан 1,469676 0,000222
ресурс 0,020203 0,000002
ретро 1,897120 0,000143
референдум 2,040221 0,000308
реформа 1,108663 0,000168
речник 3,506558 0,000265
речной 0,693147 0,000471
решение 0,328504 0,000074
ржд 1,832581 0,000277
риа 1,049822 0,000079
риамз 3,912023 0,000591
ров 1,966113 0,000594
рог 2,407946 0,000182
рогатый 3,506558 0,000265
род 0,843970 0,000064
родина 1,108663 0,000084
родиться 1,237874 0,000561
родной 1,609438 0,000365
родственный 0,579818 0,000044
роза 0,916291 0,000069
розанова 3,912023 0,000296
роль 0,494296 0,000075
романовский 2,659260 0,000201
романтизм 2,995732 0,000226
роспечать 3,912023 0,000296
россиинаселенные 2,302585 0,000174
россиистолицы 2,813411 0,000213
российский 0,105361 0,000462
российско-украинской 1,108663 0,000084
россия 0,174353 0,000672
росспэн 0,994252 0,000075
росстат 0,776529 0,000059
рост 0,597837 0,000361
ростелеком 1,386294 0,000210
ротонда 2,407946 0,000182
роща 1,469676 0,000222
рпц 2,302585 0,000174
рсфср 0,733969 0,000333
рубеж 1,021651 0,000154
рубль 0,755023 0,000228
рубцовск 1,347074 0,000102
ружинская 3,912023 0,002070
рука 1,139434 0,000344
рукав 2,120264 0,000160
руководство 0,544727 0,000124
рукотворный 3,218876 0,000243
румын 1,897120 0,000143
румыния 2,120264 0,000320
рус 0,162519 0,000872
русин 2,207275 0,000167
русирайонные 3,506558 0,000265
русло 1,386294 0,000419
русский -0,009950 -0,000014
русь 1,139434 0,000172
рутулец 1,897120 0,000143
ручеек 3,506558 0,000265
рыба 1,514128 0,000114
рыбацкий 2,813411 0,000213
рыбинск 1,203973 0,000091
рыбновский 3,912023 0,000296
рыбновского 3,912023 0,000591
рыбновском 3,912023 0,000296
рыбное 2,813411 0,000850
рынок 0,713350 0,000216
рэкет 3,506558 0,000265
рюмин 3,912023 0,000296
рюмина 3,912023 0,000591
рюминым 3,912023 0,000296
рябина 2,813411 0,000213
ряд 0,223144 0,000304
рядовой 2,813411 0,000213
ряж 3,912023 0,000296
ряжск 3,218876 0,000487
ряжский 3,218876 0,000243
ряжском 3,912023 0,000296
рязани 3,506558 0,049556
рязанский 1,966113 0,027489
рязанщина 3,912023 0,000296
рязань 1,049822 0,009203
рязань-вдв 3,912023 0,000296
рязань-пристань 3,912023 0,000296
рязаньавтотранс 3,912023 0,000296
рязаньи 3,912023 0,000296
рязаньстат 3,912023 0,000296
рязанью 3,912023 0,001478
рязгордума 3,912023 0,000296
ряса 3,912023 0,000296
рясск 3,912023 0,000296
рясское 3,912023 0,000296
сад 0,843970 0,000319
садовый 1,966113 0,000297
сайт 0,210721 0,000048
салехард 1,347074 0,000102
салон 2,120264 0,000160
салтыков-щедрин 2,813411 0,000213
салтыкова-щедрина 3,218876 0,000243
сам 0,162519 0,000049
самара 0,891598 0,000067
самарская 2,207275 0,000167
самбо 2,995732 0,000226
самолет 1,237874 0,000094
самолетов-заправщиков 3,912023 0,000296
самоотверженность 2,813411 0,000213
самостоятельно 2,120264 0,000320
самоуправление 0,891598 0,000135
самый 0,174353 0,000198
санаторий 1,714798 0,000389
санаторно-курортный 2,525729 0,000191
санитарный 2,120264 0,000160
санкт-петербург 0,616186 0,000047
сапожковский 3,912023 0,000296
сараевский 3,912023 0,000296
саранск 2,302585 0,000174
саратов 0,967584 0,000146
сасово 3,912023 0,000296
сасовский 3,912023 0,000296
сасовым 3,912023 0,000296
сафоново 3,506558 0,000265
сахар 2,525729 0,000382
сборник 0,597837 0,000136
сборный 2,813411 0,000213
свалка 1,897120 0,000143
свая 3,506558 0,000265
сведение 0,579818 0,000131
сверху 1,347074 0,000204
свет 0,941609 0,000142
светлый 1,386294 0,000210
световой 2,040221 0,000308
светский 2,659260 0,000201
свидетель 2,813411 0,000213
сво 3,218876 0,000243
свобода 1,108663 0,000670
свободный -0,009950 -0,000001
свод 2,120264 0,000320
свое 0,287682 0,000065
свой 0,150823 0,000148
свойство 0,415515 0,000031
свыше 0,891598 0,000067
связать 0,174353 0,000079
связаться -0,009950 -0,000001
связующий 2,659260 0,000201
связывать 0,916291 0,000138
связь 0,174353 0,000171
себя 0,198451 0,000090
север 0,527633 0,000279
северный 0,385662 0,000117
северо-восток 1,237874 0,000187
северо-восточный 1,386294 0,000105
северо-запад 1,469676 0,000777
северо-западный 1,078810 0,000163
северодвинск 1,171183 0,000089
сегдено 3,912023 0,000296
сегденское 3,912023 0,000296
сегодня 0,616186 0,000838
сегодняшнее 3,218876 0,000487
сегодняшний 1,560648 0,000236
седьмой 1,139434 0,000086
сезон 0,916291 0,000277
сей 0,693147 0,000262
сектор 1,049822 0,000079
секунда 2,207275 0,000167
село 0,891598 0,000606
сельский 0,634878 0,000576
сельскохозяйственный 0,941609 0,000213
сельхозтехника 2,659260 0,000201
семен 1,966113 0,000149
семинар 2,302585 0,000174
семинарий 1,386294 0,000105
семинарский 3,912023 0,001478
семь 0,820981 0,000124
семья 0,843970 0,000191
сен-жан-де-люз 2,813411 0,000425
сент 0,843970 0,000128
сентябрь 0,072571 0,000115
серб 1,897120 0,000143
сербия 2,525729 0,000191
сергеем 2,407946 0,000182
сергей 0,967584 0,000366
серебристый 2,995732 0,000226
серебряный 0,891598 0,000337
середа 3,912023 0,000296
середина 0,356675 0,000270
середине-конце 3,506558 0,000265
серия 0,713350 0,000162
серпухов 3,218876 0,000243
сестра 2,407946 0,000182
сеть 0,356675 0,000350
сеча 3,506558 0,000265
сибирью 2,207275 0,000167
сигнал 2,040221 0,000154
сила 0,494296 0,000149
силок 3,912023 0,000296
сильный 0,544727 0,000124
символ 0,733969 0,000721
символизировать 1,469676 0,000222
символика 1,237874 0,000374
симметрично 3,506558 0,000265
симфонический 1,560648 0,000118
синдром 3,506558 0,000265
сирень 3,218876 0,000243
система 0,051293 0,000023
системеобсуждениевкладсоздать -0,009950 -0,000001
ситник 3,218876 0,000243
скачать -0,009950 -0,000001
скважина 2,525729 0,000191
сквер 0,941609 0,000142
склад 2,040221 0,000154
сколько 0,653926 0,000049
скоморошинская 3,912023 0,000296
скопин 3,912023 0,000296
скопином 3,912023 0,000296
скопинский 3,912023 0,000296
скорбященском 3,912023 0,000296
скоростной 1,309333 0,000198
скорость 0,755023 0,000057
скот 2,659260 0,000201
скульптура 0,916291 0,000069
слабый 1,660731 0,000251
слава 0,941609 0,000213
славный 2,407946 0,000364
славянский 1,386294 0,000105
слева 1,108663 0,000168
слегка 2,813411 0,000213
след 1,427116 0,000324
следить 3,506558 0,000265
следованный 3,912023 0,000296
следованой 3,912023 0,000296
следовать 0,235722 0,000071
следственный 2,120264 0,000160
следствие 1,560648 0,000236
слепой 1,771957 0,000134
слив 3,218876 0,000243
слияние 1,609438 0,000122
слобода 1,347074 0,000713
словак 2,813411 0,000213
словарь 0,094311 0,000014
слово 0,210721 0,000032
сложность 1,049822 0,000079
сложный 0,446287 0,000101
слой 1,272966 0,000192
слон 2,207275 0,000167
слоновская 3,912023 0,000296
слоновской 3,912023 0,000296
служба 0,527633 0,000359
служить 0,820981 0,000062
случай -0,009950 -0,000002
слушание 2,525729 0,000573
смелый 3,912023 0,000296
смена 1,272966 0,000096
сменить 1,714798 0,000130
сместить 3,218876 0,000243
смешать 1,309333 0,000198
смещение 0,733969 0,000055
смотрины 3,912023 0,000296
смочь 1,203973 0,000273
смутный 2,302585 0,000174
смягчение 3,506558 0,000265
снег 1,386294 0,000105
снежный 1,078810 0,000082
снижение 1,171183 0,000089
снос 1,897120 0,000143
сноска 0,733969 0,000444
собирать 1,966113 0,000297
собор 0,733969 0,000610
соборный 1,049822 0,000714
собрание 0,634878 0,000144
собственность 1,309333 0,000099
собственный 0,446287 0,000270
событие 0,733969 0,000277
событийный 2,659260 0,000201
событияпожертвовать -0,009950 -0,000001
совершаться 2,120264 0,000160
совет 0,462035 0,000454
советский 0,261365 0,000375
советско-болгарской 3,912023 0,000296
совнархоз 3,912023 0,000296
совпасть 2,407946 0,000364
современник 1,609438 0,000243
современный 0,150823 0,000171
совхоз 2,659260 0,000201
согласно 0,301105 0,000114
соглашение 0,994252 0,000225
содействие 2,120264 0,000160
содержание 0,010050 0,000001
соединить 0,994252 0,000150
соединять 1,108663 0,000251
соединяться 2,120264 0,000160
создавать 0,798508 0,000121
создаваться 1,078810 0,000082
создание 0,301105 0,000137
создать 0,210721 0,000143
созыв 1,514128 0,000343
сокол 1,469676 0,000111
сокращать 3,218876 0,000243
сокращаться 1,897120 0,000143
солженицын 2,995732 0,000226
солженицына 3,506558 0,000265
солнечный 0,597837 0,000361
солнце 1,347074 0,000305
солодовник 3,912023 0,000296
солотча 3,912023 0,003252
солотче 3,912023 0,001478
солотчи 3,912023 0,002365
солотчинский 3,912023 0,002956
сообщать 1,966113 0,000297
сообщение 0,478036 0,000072
сообщить -0,009950 -0,000001
соорудить 1,897120 0,000143
сооружение 0,733969 0,000277
соответствие 0,371064 0,000028
соответствовать 0,371064 0,000028
сопровождаться 1,609438 0,000122
соревнование 1,108663 0,000084
соревноваться 2,995732 0,000226
сорт 2,659260 0,000201
сортировочная 2,659260 0,000201
сосна 1,897120 0,000143
сосновый 1,897120 0,000287
сосредоточить 1,171183 0,000177
сост 0,597837 0,000226
состав 0,248461 0,000263
составить 0,400478 0,000091
составлять 0,198451 0,000180
состояние 0,248461 0,000094
состоять 0,385662 0,000146
состояться 0,713350 0,000108
сотком 3,912023 0,000296
сотня 1,609438 0,000122
сотрудничество 1,078810 0,000082
сохранение -0,009950 -0,000001
сохраниться 0,820981 0,000869
сохранять 1,427116 0,000108
сохраняться 1,108663 0,000084
социально 2,995732 0,000226
социально-экономического 1,237874 0,000094
социальный 0,527633 0,000080
сочетать 2,040221 0,000154
союз 0,579818 0,000482
спад 2,120264 0,000320
спартак 1,771957 0,000134
спас 1,609438 0,000122
спас-клепики 3,912023 0,000296
спасательный 3,506558 0,000265
спасск 2,813411 0,000213
спасск-рязанский 3,506558 0,000530
спасский 2,207275 0,000334
спасского 2,995732 0,000226
спасти 3,218876 0,000243
спб 0,385662 0,000262
спектр 1,609438 0,000122
специализировать 0,994252 0,000150
специалист 0,755023 0,000285
специально 1,714798 0,000259
список 0,210721 0,000096
спланировать 3,912023 0,000296
спорт 0,713350 0,000162
спортивный 0,891598 0,000876
спортсмен 1,771957 0,000134
способность 1,139434 0,000086
способствовать 0,867501 0,000262
справа 1,714798 0,000130
справедливый 2,120264 0,000160
спуск 1,897120 0,000287
спускаться 2,995732 0,000226
спуститься 3,912023 0,000296
срабатывание 3,912023 0,000296
сравнение 0,733969 0,000055
сражение 2,120264 0,000160
сразу 0,994252 0,000301
среда 0,385662 0,000087
среди 0,198451 0,000120
средневековый 1,386294 0,000524
среднегодовой 0,776529 0,000059
среднее 0,342490 0,000233
средний 0,371064 0,000421
средство 0,287682 0,000065
срок 0,798508 0,000181
сруб 2,813411 0,000213
сср 0,820981 0,000186
ссср 0,314711 0,000238
ссылка -0,009950 -0,000022
ссылкасведения -0,009950 -0,000001
стабильность 2,207275 0,000167
стабильный 0,820981 0,000062
ставить 1,469676 0,000111
стадион 0,891598 0,000135
сталь 0,415515 0,000063
станкостроительный 2,407946 0,000182
становиться 0,415515 0,000251
станционный 3,218876 0,000243
станция 0,579818 0,000657
старина 2,525729 0,000191
старинный 1,309333 0,000099
старица 1,897120 0,000430
старое 0,941609 0,000142
старожиловский 3,912023 0,000296
старолетово 3,912023 0,000296
старообрядец 1,771957 0,000134
старший 1,386294 0,000105
старый 0,314711 0,000618
стат 2,302585 0,000696
статистик -0,009950 -0,000007
статистический 0,713350 0,001294
статус 0,430783 0,000260
стать 0,083382 0,000113
статьислучайная -0,009950 -0,000001
статьисообществофорумсправкасвежие -0,009950 -0,000001
статья 0,020203 0,000044
статьяобсуждение -0,009950 -0,000001
статьятекущие -0,009950 -0,000001
стационарный 1,108663 0,000084
стен 0,967584 0,000366
стена 2,302585 0,000174
степанщино 2,813411 0,000213
степень 0,673345 0,000051
степь 1,469676 0,000111
стер 2,207275 0,000167
стилизовать 2,207275 0,000167
стилистика 2,813411 0,000638
стиль 0,673345 0,000305
стих 1,966113 0,000149
сто 1,514128 0,000114
стоимость 1,021651 0,000232
стоить 0,891598 0,000337
стойкость 2,407946 0,000182
столетие 1,469676 0,000222
столица 0,755023 0,000285
столичный 1,660731 0,000377
столовая 2,525729 0,000191
сторожевой 2,040221 0,000308
сторона 0,235722 0,000160
стоянка 1,897120 0,000143
стоять 1,386294 0,000105
стр 1,309333 0,000099
страдать 2,207275 0,000167
страж 2,525729 0,000191
страна 0,235722 0,000338
страница -0,009950 -0,000005
страницасодержаниеизбранные -0,009950 -0,000001
страницецитировать -0,009950 -0,000001
страницуполучить -0,009950 -0,000001
страницыслужебные -0,009950 -0,000001
стратегический 1,469676 0,000222
стратегия 1,514128 0,000114
стрельба 2,407946 0,000364
стремиться 2,120264 0,000160
строгий 1,897120 0,000143
строитель 1,272966 0,000192
строительный 0,891598 0,000135
строительство 0,462035 0,001292
строиться 0,693147 0,000419
строй 1,609438 0,000122
строка 1,078810 0,000082
структура 0,400478 0,000061
стс 1,714798 0,000130
студент 1,237874 0,000281
студенческий 1,609438 0,000122
студия 1,560648 0,000118
ступино 1,347074 0,000204
стык 1,832581 0,000138
субъект 0,597837 0,000271
сувенирный 3,912023 0,000591
суд 0,693147 0,000314
судебный 1,560648 0,000354
судоходный 1,714798 0,000389
суммарно 2,995732 0,000226
суровый 1,714798 0,000130
суточный 0,755023 0,000228
суффикс 2,995732 0,000226
суходол 2,525729 0,000191
существенно 1,108663 0,000168
существенное 1,714798 0,000259
существенный 1,237874 0,000187
существовать 0,020203 0,000012
сфера 0,562119 0,000255
сформировать 1,078810 0,000163
сформироваться 1,347074 0,000407
сходить 2,813411 0,000213
сцена 1,514128 0,000229
счастье 2,120264 0,000160
счет 0,562119 0,000085
считать 0,597837 0,000045
считаться 0,385662 0,000029
сша 0,562119 0,000042
съезд 1,560648 0,000118
съемный 3,912023 0,000296
сызрань 1,237874 0,000187
сысоева 3,506558 0,000265
сюдасвязанные -0,009950 -0,000001
сюйчжоу 3,912023 0,000591
сят 3,506558 0,000265
табасаран 1,832581 0,000138
табл 0,867501 0,000066
таблица 0,544727 0,000329
табличка 2,525729 0,000191
табличный 1,237874 0,000094
тагил 1,272966 0,000096
таджик 1,272966 0,000096
таймер 3,912023 0,000296
тайницкая 3,506558 0,000265
тайницкой 3,506558 0,000265
тайный 1,832581 0,000138
таковой 1,514128 0,000343
такое 0,328504 0,000199
такой 0,162519 0,000074
такси 1,021651 0,000154
талый 2,813411 0,000425
талыш 1,897120 0,000143
тамбов 2,302585 0,000174
тамга 3,912023 0,001478
танаидом 3,912023 0,000296
танец 1,832581 0,000138
танцевальный 2,525729 0,000382
тарабрин 3,912023 0,000296
тариф 2,120264 0,000320
тартария 3,506558 0,000265
таруса 3,506558 0,000265
тасс 1,171183 0,000089
татарин 0,733969 0,000166
татьяна 1,609438 0,000243
творчество 1,021651 0,000309
театр 0,713350 0,001294
театральный 1,049822 0,000238
текст -0,009950 -0,000002
телеведущий 3,218876 0,000243
телевещание 1,966113 0,000149
телевидение 0,820981 0,000186
телеграмма 2,525729 0,000191
телеканал 0,916291 0,000138
телекомпания 1,832581 0,000138
телерадиокомпания 2,302585 0,000348
телерадиопередающий 3,912023 0,000296
телефон 1,347074 0,000102
телефония 2,813411 0,000425
телефонный 0,776529 0,000176
тематика 1,897120 0,000143
тематический 0,510826 0,000077
темная 2,407946 0,000182
температура 0,510826 0,000347
тенденция 1,237874 0,000187
теория 1,049822 0,000159
тепло 1,386294 0,000210
теплое 1,309333 0,000198
теплый 1,171183 0,000177
термин 0,198451 0,000090
территориальный 0,713350 0,000485
территория 0,356675 0,001456
терроризм 2,995732 0,000226
террорист 3,506558 0,000530
террористический 2,407946 0,000182
тестовый 2,407946 0,000182
техник 0,713350 0,000162
техникум 1,272966 0,000192
технический 0,462035 0,000105
технологический 1,272966 0,000096
технология 0,400478 0,000091
течение 0,314711 0,000166
течь 0,274437 0,000083
теша 3,506558 0,000265
тип 0,072571 0,000027
типичный 1,427116 0,000216
титул 1,832581 0,000138
ткр 3,912023 0,000887
тнт 1,714798 0,000130
товарный -0,009950 -0,000001
тождество 3,506558 0,000265
той 0,994252 0,000075
ток 2,813411 0,000213
толкуновой 3,912023 0,000296
тольятти 1,514128 0,000114
томилино 3,912023 0,000296
томск 1,108663 0,000084
топкий 3,218876 0,000243
топливо 2,040221 0,000308
тополь 2,120264 0,000320
топоним 1,078810 0,000163
топонимика 1,897120 0,000287
торг 2,659260 0,000201
торговля 0,579818 0,000044
торговый 0,597837 0,000181
торф 3,218876 0,000243
торфодобывающий 3,912023 0,000296
торфоразработка 3,912023 0,000296
торфяной 2,995732 0,000453
точка 0,478036 0,000145
точный 1,347074 0,000204
трава 1,609438 0,000608
традиционно 1,347074 0,000102
традиционный 0,941609 0,000071
традиция 0,891598 0,000135
тракт 1,832581 0,000138
трамвай 0,891598 0,000337
трамвайный 1,139434 0,000086
транзит 2,525729 0,000191
транзитный 1,237874 0,000094
транспорт 0,616186 0,001630
транспортный 0,616186 0,000652
транстелеком 2,813411 0,000213
трасс 0,941609 0,000213
трафик 2,207275 0,000167
требовать 0,562119 0,000085
требоваться 1,386294 0,000105
тревожный 3,506558 0,000265
трек 3,218876 0,000243
тренажер 3,506558 0,000265
тренер 2,525729 0,000191
тренировочный 2,813411 0,000425
третий 0,616186 0,000093
трехзначный 3,912023 0,000296
трехлучье 3,912023 0,000296
три 0,248461 0,000075
троицкая 2,120264 0,000320
троицкой 3,506558 0,000265
троллейбус 0,867501 0,000393
троллейбусный 0,967584 0,000146
троп 2,659260 0,000603
трубачев 3,218876 0,000243
трубачева 2,407946 0,000182
трубеж 3,912023 0,001183
трубежа 3,912023 0,000887
трубеже 3,912023 0,000887
трубежной 3,912023 0,000296
трубежу 3,912023 0,000296
труд 0,597837 0,000045
трудиться 1,560648 0,000118
трудный 2,525729 0,000191
трудовой 0,967584 0,000439
труженик 2,302585 0,000174
труппа 2,207275 0,000167
тувинец 1,966113 0,000149
тул 1,832581 0,000138
тума 3,506558 0,000265
тумботино 3,506558 0,000265
тур 1,609438 0,000122
туризм 1,078810 0,000734
турист 1,309333 0,000693
туристический 1,021651 0,001544
туристский 2,407946 0,000182
туристско-рекреационного 3,912023 0,000296
турка 1,469676 0,000111
туркмен 1,966113 0,000149
турлатово 3,912023 0,000591
турпоток 3,506558 0,000265
тыл 1,771957 0,000268
тыс 0,430783 0,000098
тысяча 0,371064 0,000224
тысячелетие 1,427116 0,000324
тысячелетний 3,912023 0,000296
тюмень 1,171183 0,000089
тюремный 2,525729 0,000191
тяжелый 1,108663 0,000084
тянуться 2,407946 0,000182
убер 3,912023 0,000296
убийство 1,714798 0,000130
убоп 3,912023 0,000296
убранство 2,995732 0,000226
убывать 3,218876 0,000243
увеличиваться 1,309333 0,000099
увеличить 1,309333 0,000198
увеличиться 0,843970 0,000064
увенчать 1,897120 0,000143
уверить 2,995732 0,000226
увидеть 1,560648 0,000236
увлажнение 2,120264 0,000320
угловая 2,659260 0,000402
угловой 3,912023 0,000296
углубить 1,897120 0,000143
угодье 2,207275 0,000334
угол 1,108663 0,000168
уголовно-исполнительной 3,506558 0,000265
угр 3,218876 0,000243
удаваться 2,813411 0,000213
удаление 1,966113 0,000149
удаленно 3,506558 0,000265
удалить 0,579818 0,000307
удаться 1,203973 0,000273
удельный 1,897120 0,000143
уделять 2,813411 0,000213
удмурт 1,660731 0,000126
удостоить 1,514128 0,000114
уездный 1,469676 0,000111
ужд 3,912023 0,000296
узбек 1,347074 0,000102
узел 0,527633 0,000399
узкий 1,171183 0,000089
узкоколейный 2,659260 0,000603
узкоспециализированный 3,506558 0,000265
узнавать 2,813411 0,000213
узор 2,995732 0,000226
узорчатый 3,506558 0,000265
уйгур 2,040221 0,000154
уйльта 2,995732 0,000226
указ 0,733969 0,000111
указание -0,009950 -0,000002
указать 0,083382 0,000088
указываться 2,040221 0,000154
уклад 2,813411 0,000213
уклон 2,207275 0,000167
украина 0,527633 0,000040
украинец 0,867501 0,000131
украинский 1,469676 0,000111
украсить 2,120264 0,000160
укрепить 1,427116 0,000108
укрепление 1,272966 0,000289
улан-удэ 1,237874 0,000094
улица 0,776529 0,003991
улично-дорожной 2,207275 0,000167
уличный 1,714798 0,000259
улучшить 1,049822 0,000079
ульяновск 1,078810 0,000082
ульяновский 1,966113 0,000149
умеренно 1,021651 0,000077
умеренно-континентальный 2,659260 0,000201
умерить 1,049822 0,000317
умет 2,659260 0,000201
умка 3,912023 0,000591
универмаг 2,525729 0,000191
универсальный 0,544727 0,000124
университет 0,328504 0,000497
уникальный 0,776529 0,000176
уничтожение 1,660731 0,000126
уничтожить 1,203973 0,000182
упоминание 0,967584 0,000073
упоминать 2,207275 0,000167
употребляться 1,832581 0,000138
управа 1,714798 0,000130
управленец 3,506558 0,000265
управление 0,248461 0,000413
управляемый 2,302585 0,000174
управлять 0,967584 0,000292
упругий 3,912023 0,000296
урал 1,560648 0,000590
уралом 1,609438 0,000122
уржинское 3,912023 0,000591
урицкого 2,525729 0,000191
уровень 0,150823 0,000046
уроженец 1,660731 0,000377
усадьба 1,832581 0,001523
усилие 1,660731 0,000126
условие -0,009950 -0,000004
услуга 0,755023 0,000342
услышать 2,525729 0,000191
успение 2,207275 0,000167
успенский 1,237874 0,000748
устав 0,843970 0,000510
устанавливаться 1,609438 0,000365
установить 0,328504 0,000124
установка 1,272966 0,000096
установление 1,021651 0,000077
устареть 0,941609 0,000071
устранение 2,525729 0,000191
устройство 0,527633 0,000120
устье 0,634878 0,000048
утварь 3,218876 0,000243
утвердить 0,755023 0,000114
утверждать 1,660731 0,000126
утверждение 0,400478 0,000061
уткина 3,912023 0,000296
уточнить 1,714798 0,000130
утратить 1,272966 0,000096
утренний 2,407946 0,000182
утро 1,771957 0,000268
уфа 0,967584 0,000146
уходить 1,386294 0,000210
ухоловский 3,912023 0,000296
участвовать 1,021651 0,000077
участие -0,009950 -0,000003
участник 0,510826 0,000077
участок 0,616186 0,000233
учебно-тренировочный 3,506558 0,000265
учебный 0,673345 0,000458
ученый 0,653926 0,000247
учет 0,597837 0,000090
учетный -0,009950 -0,000001
училище 0,967584 0,000366
учитель 1,427116 0,000216
учительский 2,659260 0,000402
учиться 1,272966 0,000096
учредить 1,108663 0,000335
учреждение 0,653926 0,000593
ущерб 1,897120 0,000143
факт 0,634878 0,000048
фактически 0,916291 0,000138
фактор 0,994252 0,000225
факторович 3,912023 0,000296
фамильный 3,912023 0,000296
фасад 1,897120 0,000287
фасмер 1,966113 0,000149
фатюшин 3,912023 0,000296
фаустово 3,912023 0,000296
февр 0,820981 0,000124
февраль 0,051293 0,000128
федеральный 0,462035 0,000663
федерация 0,510826 0,001004
федора 1,771957 0,000134
федоров 2,302585 0,000174
федоровича 2,813411 0,000213
фестиваль 1,021651 0,000695
фигура 1,514128 0,000229
фигурка 2,659260 0,000201
фигурный 2,207275 0,000167
физик 1,309333 0,000099
физико-географический 0,693147 0,000105
физиолог 3,506558 0,000795
физический 0,798508 0,000060
физкультура 2,040221 0,000463
фиксировать 1,427116 0,000108
филиальный 3,912023 0,000296
филолог 2,995732 0,000226
фильм 1,049822 0,000159
финансовый 0,733969 0,000055
финансы 0,733969 0,000055
финн 1,966113 0,000149
фирменный 2,040221 0,000154
флаг 0,597837 0,000316
фон 1,203973 0,000273
фонд -0,009950 -0,000003
фонтан-памятник 3,506558 0,000265
форма 0,287682 0,000065
формат 0,843970 0,000191
формирование 0,597837 0,000045
формироваться 1,078810 0,000163
форпост 2,659260 0,000201
форум 1,203973 0,000546
фотографе-исследователе 3,912023 0,000296
фотография 1,108663 0,000168
фотокружок 3,912023 0,000296
фотостудии 3,912023 0,000296
фракция 2,813411 0,000213
франций 1,139434 0,000086
француз 1,660731 0,000126
французский 1,309333 0,000198
фронт 1,078810 0,000163
фруктовый 3,912023 0,000296
фсин 2,813411 0,000213
функционировать 0,798508 0,000181
футбольный 0,941609 0,000142
хакас 2,040221 0,000154
хамбушевская 3,912023 0,000296
хант 2,207275 0,000167
ханты-мансийск 1,347074 0,000102
характер 0,653926 0,000148
характеризоваться 0,891598 0,000202
характеристика 0,415515 0,000094
характерный 0,693147 0,000210
харизматов 3,912023 0,000296
хватать 0,820981 0,000434
хвойные 2,120264 0,000160
хвост 2,302585 0,000174
хвощинских 3,912023 0,000296
химик 2,207275 0,000167
хирургический 2,995732 0,000226
хлеб 1,832581 0,000138
хлебзавода 3,912023 0,000296
хлебная 2,302585 0,000348
ход 0,510826 0,000154
ходить 1,514128 0,000114
хозяйственный 1,203973 0,000182
хозяйство 0,579818 0,000701
хоккейный 1,108663 0,000084
холм 1,386294 0,000733
холодный 1,771957 0,000134
хорватия 2,525729 0,000191
хорошово 3,912023 0,000296
хостелах 3,912023 0,000296
хот-споты 3,912023 0,000296
хотя 0,653926 0,000148
храм 0,733969 0,000277
храниться 1,560648 0,000118
хрущевский 2,813411 0,000213
художественный 0,653926 0,000297
художник 0,967584 0,000366
художника-гравера 3,912023 0,000296
хьюстона 3,912023 0,000296
царство 1,237874 0,000094
царствование 2,407946 0,000182
цахур 2,040221 0,000154
цвет 0,941609 0,000071
цветение 2,995732 0,000226
целое 0,634878 0,000192
целый 1,108663 0,000335
цель 0,371064 0,000056
ценный 1,714798 0,000259
центр 0,287682 0,001457
центральный 0,400478 0,000605
цепь 2,040221 0,000154
церемониальный 3,912023 0,000296
церковь 0,673345 0,000356
цибино 3,912023 0,000296
циолковский 3,218876 0,000487
циолковского 2,525729 0,000191
цирк 1,078810 0,000163
цифирный 2,995732 0,000226
цифровой 0,562119 0,000085
цфо 3,506558 0,000265
цыган 1,714798 0,000130
чаадаевка 2,813411 0,000213
чаек 1,660731 0,000126
час 0,867501 0,000197
часовой 0,713350 0,000216
частичка 3,506558 0,000265
частично 0,653926 0,000049
частность 0,462035 0,000035
часто 0,415515 0,000094
частый 1,309333 0,000198
часть 0,061875 0,000094
чаща 1,108663 0,000084
чащоба 3,912023 0,000296
чебаркуль 2,659260 0,000201
чебоксары 1,171183 0,000089
чекалин 3,218876 0,000243
чеканить 2,659260 0,000201
чеканный 3,912023 0,000296
чело 0,713350 0,000162
человек 0,186330 0,000352
челябинск 0,994252 0,000150
челябинска 2,302585 0,000174
челябинская 2,302585 0,000174
чемодановка 2,813411 0,000213
чемодурово 3,912023 0,000296
чемпион 1,203973 0,000091
червленый 1,897120 0,000143
чередоваться 2,813411 0,000213
черезовка 3,912023 0,000296
черемуха 2,995732 0,000226
черкес 1,771957 0,000134
черненький 3,912023 0,000296
черника 2,813411 0,000213
черновцы 3,912023 0,000296
черное 1,237874 0,000374
чернозем 2,407946 0,000182
черный 0,843970 0,000128
черт 0,916291 0,000208
черта 0,994252 0,000075
честь 0,562119 0,000170
четверо 3,218876 0,000243
четвертичные 2,995732 0,000226
четвертый 0,994252 0,000150
четырехзвездочную 3,912023 0,000296
четырехъярусный 3,912023 0,000296
чехословацкий 2,407946 0,000182
чеченец 1,714798 0,000130
чиновника-дворянина 3,912023 0,000296
численность 0,616186 0,001444
числиться 2,407946 0,000182
число 0,186330 0,000056
чистова 3,912023 0,000296
чита 1,203973 0,000091
читатьтекущая 1,237874 0,000094
член 0,755023 0,000399
чуваш 1,237874 0,000094
чугунный 2,659260 0,000201
чукча 2,207275 0,000167
чулково 2,659260 0,000201
чумакова 3,912023 0,001774
чумаковой 3,912023 0,000296
чучковский 3,912023 0,000296
шаблон 0,462035 0,000070
шансон 2,302585 0,000174
шапка 2,659260 0,000402
шатровый 2,659260 0,000201
шацк 2,813411 0,000425
шацкий 3,912023 0,000296
шелковенко 3,912023 0,000591
шесть 1,021651 0,000077
шилово 3,218876 0,000243
шиловский 2,995732 0,000226
шиморское 3,506558 0,000265
широкий 0,494296 0,000037
широколиственные 2,207275 0,000167
широта 1,237874 0,000094
широтный 1,897120 0,000143
школа 0,478036 0,000181
школьный 1,966113 0,000297
шлюз 2,525729 0,000382
шорец 2,525729 0,000191
шоссе 1,427116 0,000647
шпак 3,912023 0,000296
штаб 1,560648 0,000354
штаб-квартира 1,832581 0,000277
штера 3,912023 0,000296
штормовой 2,995732 0,000226
шумашский 3,912023 0,000296
шумашь 3,912023 0,000296
шумашьский 3,912023 0,000296
шумашьской 3,912023 0,000296
щельпино 3,912023 0,000296
щит 1,171183 0,000531
щитодержаталей 3,912023 0,000296
щитодержатели 2,659260 0,000201
щитодержателями 3,912023 0,000296
эдуард 2,525729 0,000191
экз 0,415515 0,000031
экземпляр 1,237874 0,000094
экзогенный 3,218876 0,000243
экзотический 2,525729 0,000191
эклектичность 3,912023 0,000296
эколог 2,302585 0,000174
экологический 0,693147 0,000105
эколого-градостроительные 3,912023 0,000296
экономика 0,400478 0,000242
экономический 0,478036 0,000145
экосистема 1,966113 0,000297
экотропы 3,506558 0,000265
эксклав 3,506558 0,000265
экскурсия 2,040221 0,000154
эксперимент 1,832581 0,000277
экспериментальный 1,660731 0,000126
эксплуатация 0,776529 0,000117
эксплуатироваться 2,207275 0,000334
экспозиция 1,272966 0,000096
экспонат 1,832581 0,000415
экспорт -0,009950 -0,000001
экспресс 2,120264 0,000160
экстремальный 2,207275 0,000167
элекс-фаворит 3,912023 0,000296
электрический 1,309333 0,000099
электроника 2,120264 0,000320
электронный 0,478036 0,000108
электросамокатов 3,506558 0,000265
электростанция 2,040221 0,000154
эмблема 2,407946 0,000546
эмиграция 2,813411 0,000213
энко 3,218876 0,000730
энциклопедия -0,009950 -0,000006
эпоха 0,713350 0,000054
эр-телеком 1,897120 0,000143
эраст 3,912023 0,000591
эстафета 3,912023 0,000296
эстонец 1,771957 0,000134
этаж 1,832581 0,000138
этап 0,634878 0,000048
этимологический 2,040221 0,000154
этимология 0,616186 0,000093
этнографический 2,040221 0,000154
эфирный 1,427116 0,000108
эхо 2,407946 0,000182
юбилей 1,560648 0,000354
юбилейный 0,798508 0,000121
юг 0,693147 0,000105
юго 3,506558 0,000265
юго-восток 1,171183 0,000620
юго-восточный 1,108663 0,000335
юго-запад 1,309333 0,000099
юго-западный 1,049822 0,000159
южнее 1,832581 0,000138
южный 0,385662 0,000321
юмор 1,966113 0,000149
юнеско 1,660731 0,000126
юность 1,660731 0,000251
юный 1,309333 0,000198
юридически 2,995732 0,000226
юрово 3,912023 0,000296
юрюзань 2,813411 0,000213
яблоко 2,407946 0,000182
яблонь 3,218876 0,000243
явление 1,021651 0,000154
являться 0,040822 0,000093
ядро 1,171183 0,000266
язык -0,009950 -0,000004
як 2,040221 0,000154
якание 3,912023 0,000296
яковом 3,912023 0,000296
якут 1,660731 0,000126
якутск 1,203973 0,000091
ямбирно 2,813411 0,000213
янв 0,820981 0,000124
январь 0,105361 0,000207
яндекс 1,714798 0,000259
яркий 1,771957 0,000536
ярмарка 1,660731 0,000251
ярославль 1,078810 0,000082
ярус 2,120264 0,000320
ясень 2,525729 0,000191
ясинский 3,218876 0,000487
ясинскийпредседатель 3,912023 0,000296
ясинского 3,912023 0,000296
ясный 1,347074 0,000204
яхт-клуб 2,659260 0,000201
яхта 3,506558 0,000265
