абазины 2,207275 0,000290
абдухамиду 3,912023 0,000514
абдыл-рахман 3,912023 0,000514
абсолютный 0,798508 0,000210
абхазы 1,832581 0,000241
авар 3,912023 0,000514
аварцы 1,771957 0,000233
авг 0,820981 0,000108
август 1,237874 0,000163
августа 0,072571 0,000124
авиакомпании 2,525729 0,000332
автобусов 1,469676 0,000193
автобусы 1,386294 0,000364
автовокзал 1,427116 0,000375
автовокзала 1,660731 0,000218
автодорогам 1,078810 0,000142
автодороге 2,525729 0,000332
автономной 1,832581 0,000241
автор 0,994252 0,000131
авторадио 1,897120 0,000249
автореферат 2,659260 0,000349
авторитетные 0,941609 0,000247
авторитетных 2,207275 0,000290
авторитетов 3,912023 0,000514
авторства -0,009950 -0,000001
автостанций 3,218876 0,000423
агентства 1,714798 0,000225
агентство 1,049822 0,000138
агломерации 0,916291 0,000120
агломерация 0,867501 0,000114
агу 3,506558 0,001382
агулы 1,832581 0,000241
адам 2,407946 0,000316
аджи 3,506558 0,000921
административно 1,966113 0,000258
административно-территориальное 0,820981 0,000539
административно-территориальном 1,309333 0,000172
административное 0,843970 0,000222
административные 1,514128 0,000199
административный 0,843970 0,000222
административных 1,309333 0,000172
администрации 0,843970 0,001109
администрацию 2,207275 0,000290
адмирала 2,207275 0,001160
адмиралтейская 3,218876 0,001692
адыгейцы 1,897120 0,000249
адыгэбзэ 0,000000 0,000000
адяш 3,912023 0,000514
аждархан 3,912023 0,000514
аждерха 3,912023 0,000514
аждерхан 3,912023 0,001028
аз-торок-кань 3,912023 0,000514
аза 3,912023 0,000514
азак 3,506558 0,000921
азгур 3,912023 0,001542
азербайджан 2,659260 0,001747
азербайджанский 3,506558 0,000921
азербайджанцы 1,139434 0,000150
ази 3,912023 0,000514
азию 2,407946 0,000316
азкураканы 3,912023 0,000514
азов 2,525729 0,000664
азовско-донского 3,912023 0,001028
азсторокань 3,912023 0,000514
азтаракань 3,912023 0,000514
азтарокань 3,912023 0,000514
азторакань 3,912023 0,000514
азтороканское 3,912023 0,000514
азторокань 3,912023 0,001028
азторохань 3,912023 0,000514
азтураканы 3,912023 0,000514
академика 1,714798 0,000451
аксарайская 3,912023 0,001028
аксарайское 3,912023 0,000514
актау 2,995732 0,001574
активно 0,755023 0,000198
активным 2,407946 0,000316
акционерное 2,813411 0,000370
акчагыльский 0,000000 0,000000
аладжа 3,218876 0,000423
аладьина 3,912023 0,000514
аланы 3,506558 0,000461
алг 3,912023 0,000514
алдан 1,309333 0,000172
александра 0,820981 0,000108
александрийского 3,912023 0,000514
александро-мариинская 3,912023 0,000514
александрова 2,525729 0,000996
александровск-сахалинский 3,218876 0,000423
алексеева 2,407946 0,000316
алена 2,995732 0,000394
алиева 3,506558 0,000461
аллея 1,832581 0,002408
алтайцы 1,966113 0,000258
алфавитувикипедия 0,776529 0,000102
алфавитунаселенные 0,867501 0,000114
алят 3,218876 0,000423
амброджо 3,912023 0,000514
амдерма 2,995732 0,000394
американцы 1,966113 0,000258
амирабад 3,218876 0,000423
амплитудами 3,506558 0,000461
анадырь 2,813411 0,000370
анапа 1,966113 0,000258
анатолия 2,407946 0,000949
анатольевич 2,407946 0,000316
англ 0,174353 0,000023
андийцы 2,995732 0,000394
анкилоз 2,995732 0,000394
аннексия 0,994252 0,000392
анри 2,659260 0,000349
антибольшевистски 3,912023 0,000514
апр 0,798508 0,000105
апреля 0,174353 0,000206
арабского 2,407946 0,000633
арабы 1,832581 0,000241
арбах 3,912023 0,000514
арбуз 3,912023 0,000514
ареной 2,120264 0,000279
арестован 2,525729 0,000332
арестом 3,506558 0,000461
арзамас 3,218876 0,000423
арка 2,207275 0,000290
аркада 3,506558 0,000461
аркадия 2,659260 0,000349
армада 3,912023 0,000514
армения 2,040221 0,000804
армией 2,302585 0,000303
армии 1,049822 0,000138
армия 2,120264 0,000279
армяне 1,021651 0,000134
армянская 1,771957 0,000233
армянский 2,302585 0,000303
армянское 2,995732 0,000394
арочной 3,912023 0,000514
арх 0,544727 0,000072
архангельск 1,771957 0,000233
археологически 3,912023 0,000514
археологических 2,525729 0,000332
архив 0,462035 0,000061
архивировано 0,020203 0,000234
архивная 0,400478 0,000421
архивной 0,713350 0,000094
архиерейский 3,218876 0,000423
архитектор 1,427116 0,000563
архитектура 0,755023 0,000198
архитектурный 1,660731 0,000218
аршанская 3,912023 0,001028
ас-тархан 3,912023 0,001028
асами 3,912023 0,000514
аскуракани 3,912023 0,000514
асов 3,912023 0,001028
аспо 3,912023 0,000514
асра 3,912023 0,000514
ассирийцы 1,832581 0,000241
ассоциаций 3,506558 0,000461
астана 2,813411 0,000370
астара 3,218876 0,000846
астаракан 3,912023 0,000514
астер-хан 3,912023 0,000514
асторогань 3,912023 0,000514
асторокань 3,912023 0,000514
асторохань 3,912023 0,000514
астра 3,506558 0,000461
астратекс 3,912023 0,000514
астраханец 3,912023 0,000514
астрахани 2,407946 0,026259
астраханка 3,506558 0,000461
астраханочка 3,912023 0,000514
астраханская 2,302585 0,004841
астраханские 2,995732 0,000394
астраханский 2,995732 0,011808
астраханским 3,912023 0,000514
астраханских 3,912023 0,002056
астраханского 2,813411 0,005545
астраханское 2,995732 0,003936
астраханской 2,525729 0,005973
астраханском 3,912023 0,002056
астраханцев 3,912023 0,000514
астраханцы 3,912023 0,001028
астрахань 0,967584 0,010933
астрахань-зиген 3,912023 0,000514
астраханьстатистика 0,000000 0,000000
астраханьстекло 3,912023 0,001028
астраханью 3,218876 0,000423
астре 3,912023 0,000514
астрохань 3,912023 0,000514
астсырпром 3,912023 0,000514
астурохани 3,912023 0,000514
асы 3,912023 0,000514
атамана 2,659260 0,000349
атаманом 2,995732 0,000394
атлантида 3,506558 0,000461
атрз 3,912023 0,000514
атырау 2,659260 0,001747
аудит-ит 3,912023 0,001028
афанасий 2,659260 0,000349
афанасия 2,525729 0,000332
афганцы 2,120264 0,000279
ахмадабад 3,912023 0,000514
ахматовская 3,912023 0,000514
ахмеда 3,218876 0,000423
ахмеров 3,912023 0,000514
ахтубинск 3,506558 0,000461
ахтубинский 3,912023 0,000514
ахшарумова 3,912023 0,000514
ацкк 3,912023 0,001028
аштар-хан 3,912023 0,000514
аэродром 1,514128 0,000199
аэродрома 1,832581 0,000241
аэропорт 0,843970 0,000111
аэропорта 1,049822 0,000138
аэропортом 2,407946 0,000316
аэрофлот 2,995732 0,000394
б-р 0,000000 0,000000
бабаева 3,912023 0,000514
бабаевского 3,912023 0,000514
бабефа 3,912023 0,001028
бабольсер 3,218876 0,000423
бабушкина 3,218876 0,000423
база 0,916291 0,000120
базарами 3,912023 0,000514
базируются 1,966113 0,000258
базы 1,108663 0,000146
бакинская 3,218876 0,000423
баку 2,207275 0,001740
балаково 2,120264 0,000279
балахна 2,120264 0,000279
балета 1,560648 0,000410
балкарцы 2,040221 0,000268
балластные 3,912023 0,001028
балтийского 1,897120 0,000249
банка 0,941609 0,000495
банки 1,560648 0,000205
барбаро 3,912023 0,001028
барбюса 3,912023 0,000514
баренцева 2,659260 0,000349
бармин 3,912023 0,000514
барнаул 1,203973 0,000158
баррикады 2,040221 0,000268
баттута 3,912023 0,000514
баттуты 3,912023 0,000514
бату 3,912023 0,000514
баутино 3,218876 0,000423
баш 3,506558 0,000461
башкиры 1,347074 0,000177
башня 1,469676 0,000386
башнями 2,302585 0,000605
безжалостного 3,912023 0,000514
безобразова 3,912023 0,000514
безчинский 2,995732 0,000394
беларускаябългарски 0,000000 0,000000
беларусь 1,237874 0,000325
белая 1,832581 0,000482
белев 2,995732 0,000394
белогвардейцев 2,659260 0,000349
белого 1,609438 0,000423
белозерск 3,912023 0,000514
белокаменными 3,506558 0,000461
беломорск 3,218876 0,000423
белорусы 1,203973 0,000158
белуга-терминал 3,912023 0,001028
белый 1,514128 0,000199
бендер-торкемен 3,218876 0,000423
бендер-энзели 3,218876 0,000423
бенин 3,218876 0,000423
берегу 0,616186 0,000324
беринга 3,506558 0,000461
берингова 2,995732 0,000394
беринговский 3,218876 0,000423
бертюльская 3,912023 0,000514
беспокойного 3,912023 0,000514
беспошлинно 3,912023 0,000514
бесчетнова 3,912023 0,000514
библиографическим 3,912023 0,000514
библиографических 0,094311 0,000012
библиотека 0,462035 0,000304
битвы 2,120264 0,000279
благовещенский 2,120264 0,000279
благовещенского 2,813411 0,000370
благовещенской 3,506558 0,000461
благоговением 3,912023 0,000514
благочестивцев 3,912023 0,000514
богатствами 3,912023 0,000514
богатым 3,506558 0,000921
богородицы 1,272966 0,000669
боевая 2,995732 0,000787
боевой 1,832581 0,000241
божьей 1,966113 0,000258
бои 2,207275 0,000290
болгар 1,966113 0,000258
болгария 1,386294 0,000182
болгары 1,897120 0,000249
болда 3,506558 0,000461
бологое 1,347074 0,000177
больница 1,469676 0,002317
больницы 1,347074 0,000354
большая 0,072571 0,000048
большевики 2,207275 0,000290
большими 2,207275 0,000870
большинства 1,609438 0,000211
больших 1,272966 0,000335
большое 0,544727 0,000143
большой 0,328504 0,000129
бомб 3,218876 0,000423
бомбила 3,912023 0,000514
бор 1,427116 0,000188
бориса 1,832581 0,000241
боровичи 1,347074 0,000177
боровск 3,912023 0,000514
борцам 2,407946 0,000316
боснийцы 3,506558 0,000461
бошняково 3,218876 0,000423
боя 2,302585 0,000303
боям 3,912023 0,000514
боярина 3,218876 0,000423
брата 2,659260 0,000699
братский 2,995732 0,000394
братьев 1,832581 0,000241
братьям 3,218876 0,000423
брест 2,525729 0,000332
британцы 2,120264 0,000279
брокгауза 0,328504 0,000388
бронзовый 2,207275 0,000290
бронка 2,995732 0,000394
бугор 3,912023 0,001542
буграми 3,912023 0,000514
будучи 1,714798 0,000225
будущей 2,659260 0,000699
буквами 2,813411 0,000370
бульвар 1,714798 0,000451
бульваре 2,659260 0,000349
бульварный 3,912023 0,000514
бумажников 3,912023 0,001028
бунта 3,506558 0,000461
бунте 3,506558 0,000461
буряад 0,000000 0,000000
буряты 1,714798 0,000225
бухары 3,218876 0,000423
бухта 2,407946 0,000316
бывает 1,660731 0,000218
бывал 3,218876 0,000423
бывшая 1,660731 0,000218
бывшего 1,021651 0,000537
бывшее 1,897120 0,000249
бывшем 2,040221 0,000268
бывший 1,108663 0,000291
быстро 1,139434 0,000150
бюджета 1,309333 0,000172
бюст 2,407946 0,001266
важным 1,386294 0,000182
валахии 3,912023 0,000514
валом 2,995732 0,000394
вальковский 3,912023 0,000514
ванино 3,218876 0,000423
варандей 3,218876 0,000423
варианта 2,302585 0,000303
василия 1,771957 0,000931
васильева 2,207275 0,000580
васильевич 1,609438 0,000423
васильево 2,120264 0,000279
васильсурск 2,120264 0,000279
ватерпольный 3,218876 0,000423
вашла 0,000000 0,000000
введенский 2,659260 0,000349
вдоль 0,755023 0,000099
ведет 1,203973 0,000158
ведется 0,994252 0,000131
ведущее 2,813411 0,000370
век 0,733969 0,000096
века 0,248461 0,000359
веках 1,021651 0,000134
веке 0,597837 0,000393
векеисторические 3,506558 0,000461
веков 0,713350 0,000094
велась 2,407946 0,000316
великий 1,469676 0,000579
великой 0,653926 0,000258
великомученика 2,525729 0,000332
велимира 3,912023 0,000514
велосипедистов 3,218876 0,000423
вельяминов 3,912023 0,000514
венгры 1,966113 0,000258
венецианец 3,912023 0,000514
венецианские 3,912023 0,000514
венецианского 3,218876 0,000423
вера 1,560648 0,000410
верности 2,995732 0,000787
верность 3,218876 0,000423
версии 0,446287 0,000059
версий 1,347074 0,000177
версию 2,207275 0,000290
версия -0,009950 -0,000010
верфи 2,995732 0,000394
верхней 1,272966 0,000167
верхняя 1,108663 0,000146
верхотурье 2,995732 0,000394
верхушка 3,506558 0,000461
веры 1,560648 0,000205
весной 1,049822 0,000138
вести 0,843970 0,000554
весь 0,755023 0,000099
весьма 1,514128 0,000398
ветеранов 2,407946 0,000633
ветров 0,843970 0,000111
ветры 1,897120 0,000249
вещания 2,040221 0,000268
взаимопомощи 3,912023 0,000514
взяли 2,407946 0,000316
взятки 3,506558 0,000461
вид 0,494296 0,000065
виде 0,235722 0,000062
видна 2,995732 0,000394
видно 2,407946 0,000316
викигиде 0,776529 0,000204
викигидепроект 3,218876 0,000423
викигидстатьи 2,120264 0,000279
викиданные 0,776529 0,000204
викиданных -0,009950 -0,000001
викиданныхвикипедия 0,891598 0,000234
викимапиипро 1,427116 0,000188
викимедиа -0,009950 -0,000001
википедии -0,009950 -0,000003
википедия -0,009950 -0,000016
викискладвикиновостивикицитатниквикигидэлемент 1,272966 0,000167
викискладе 0,174353 0,000023
викискладепутеводитель 0,713350 0,000094
викискладстатьи 0,891598 0,000117
викицитатник 1,272966 0,000167
викицитатникемедиафайлы 1,469676 0,000193
вильямса 3,912023 0,000514
витино 3,218876 0,000423
включает 0,462035 0,000182
включена 1,514128 0,000199
включения 1,771957 0,000233
владение 1,427116 0,000188
владивосток 1,897120 0,000249
владикавказ 2,120264 0,000279
владимир 0,733969 0,000193
владимира 1,309333 0,000344
влажность 1,171183 0,000154
власти 0,634878 0,000751
власть 0,733969 0,000482
властями 2,120264 0,000279
влияния 1,609438 0,000211
вместе 0,510826 0,000067
вместимости 2,995732 0,000394
вместо 0,798508 0,000105
внешние 0,051293 0,000020
внизу 2,302585 0,000303
внимание 1,347074 0,000177
вновь 0,755023 0,000099
внутреннее 0,733969 0,000096
внутри 0,000000 0,000000
внутригородским 0,967584 0,000127
вобла-кормилица 3,912023 0,000514
водам 3,506558 0,000461
водами 1,897120 0,000249
водный 1,237874 0,000163
водохранилища 1,272966 0,000335
воды 0,653926 0,000172
воевод 2,659260 0,000349
воевода 2,302585 0,000605
воеводой 2,525729 0,000332
воеводу 3,506558 0,000461
военная 1,108663 0,000146
военно-исторический 1,832581 0,000241
военный 1,272966 0,000167
военным 2,040221 0,000268
возведены 2,120264 0,000279
возвращаясь 2,995732 0,000394
возглавляемую 3,912023 0,000514
возглавлял 2,040221 0,000268
воздуха 0,733969 0,000096
возле 1,386294 0,000182
вознесенская 2,813411 0,000739
вознесенском 3,218876 0,000423
возникло 2,040221 0,000268
возникновении 2,813411 0,000370
возов 3,912023 0,000514
воина 2,659260 0,000349
воинам 2,659260 0,000699
воинов-интернационалистов 3,912023 0,000514
воинской 1,660731 0,000436
войн 1,897120 0,000249
война 1,171183 0,000308
войне 1,049822 0,000138
войны 0,478036 0,000314
войска 1,237874 0,000651
войскам 2,813411 0,000370
войско 2,040221 0,000268
вокзал 0,820981 0,000108
вокруг 0,693147 0,000091
волгарь 2,995732 0,000787
волге 1,771957 0,000931
волгегорода 2,525729 0,000332
волги 1,771957 0,002328
волго-каспийского 3,912023 0,000514
волговерховье 2,120264 0,000557
волгоград 1,139434 0,000449
волгореченск 2,120264 0,000279
волжск 2,120264 0,000279
волжский 2,120264 0,000279
волжских 2,813411 0,000370
волжского 2,302585 0,000303
волжской 2,120264 0,000279
волжском 2,525729 0,000332
волкова 2,207275 0,000290
волна 1,427116 0,000188
вологда 1,203973 0,000158
володарский 3,218876 0,000423
володарского 2,407946 0,000316
волшебные 0,040822 0,000005
вольск 2,120264 0,000557
вопрос 0,967584 0,000127
вопросу 1,386294 0,000182
вопросы 1,049822 0,000138
вор 3,218876 0,000423
воркута 1,237874 0,000163
воробьева 2,659260 0,000349
воронеж 1,203973 0,000316
ворот 2,659260 0,000349
воротами 1,832581 0,000241
воскресенье 1,771957 0,000233
восставшими 3,912023 0,000514
восстанием 2,407946 0,000316
восстания 1,660731 0,000436
восстановлена 2,120264 0,000279
восток 1,021651 0,000134
восточная 1,309333 0,000172
восточно-европейской 1,832581 0,000241
восточно-сибирского 2,659260 0,000349
восточные 2,659260 0,000699
восточный 1,021651 0,000134
восточными 2,813411 0,000370
восточных 1,897120 0,000249
восхода 3,506558 0,000461
восьмерик 3,912023 0,000514
воткинск 1,309333 0,000172
впустили 3,912023 0,000514
враждебно 3,912023 0,000514
вратарь 2,995732 0,000394
врачебно-физкультурный 3,506558 0,000461
врезки 3,218876 0,000423
времен 0,941609 0,000124
времена 1,108663 0,000146
временем 0,616186 0,000081
времени 0,186330 0,000171
временно 1,309333 0,000344
время 0,030459 0,000044
врио 2,302585 0,000303
всем 0,891598 0,000117
всемирная 1,714798 0,000225
всемирной 1,897120 0,000249
всемирный 1,966113 0,000258
всеобщая 2,040221 0,000268
всеобщего 2,407946 0,000316
всероссийская 0,843970 0,000111
всероссийской 0,713350 0,000375
всесоюзная 0,843970 0,000665
вставками 3,218876 0,000423
встречается 1,203973 0,000475
вступив 3,506558 0,000461
всякой 3,218876 0,000423
всяком 3,506558 0,000461
всячески 3,912023 0,000514
вторая 0,994252 0,000131
вторичных 2,813411 0,000370
второе 1,272966 0,000167
второй 0,274437 0,000036
входа 1,832581 0,000482
входила 2,207275 0,000290
входит 0,653926 0,000344
входом 0,994252 0,000131
входят 0,713350 0,000094
выборг 2,302585 0,000605
выборов 1,897120 0,000249
выборы 1,347074 0,000177
выгнали 3,912023 0,000514
выделена 3,506558 0,000461
выделены 1,560648 0,000205
выдержала 2,659260 0,000349
выдерживает 3,912023 0,000514
выдумал 3,506558 0,000461
выполнил 3,506558 0,000461
выпуск 0,916291 0,000120
вырабатывается 3,506558 0,000461
выродкова 3,912023 0,001028
выслал 3,912023 0,000514
высокая 1,237874 0,000163
высоком 2,040221 0,000536
высота 0,562119 0,000148
высотой 1,108663 0,000146
высоцк 3,218876 0,000423
выставки 1,660731 0,000218
выстроена 2,995732 0,000394
выстроило 3,912023 0,000514
выступил 2,302585 0,000303
высшим 1,609438 0,000211
высших 1,078810 0,000142
выше 0,616186 0,000081
вьетнамцы 2,040221 0,000268
вязовые 2,120264 0,000279
вячеславовна 3,506558 0,000461
габдулле 3,506558 0,000461
габдуллы 3,506558 0,000461
гавань 2,302585 0,000303
гагаузы 1,966113 0,000258
гаджи-тархань 3,912023 0,000514
газа 1,309333 0,000172
газовиков 3,912023 0,000514
газоконденсатное 3,506558 0,000461
газпром 1,714798 0,000225
галерах 3,912023 0,000514
галереей 3,912023 0,000514
галерея 1,203973 0,000316
галич 3,506558 0,000461
гандбольный 2,407946 0,000633
гарабогаз 3,218876 0,000423
гауптвахта 2,995732 0,000394
гвардии 2,407946 0,000633
геленджик 2,407946 0,000316
генерал-губернатора 2,995732 0,000394
генерал-губернаторской 3,912023 0,000514
генеральное 2,407946 0,000633
генеральный 0,967584 0,000381
генерации 2,995732 0,000394
генконсульства 0,000000 0,000000
генуэзские 3,218876 0,000423
географическим 2,040221 0,000268
географического 1,386294 0,000182
географическое 0,693147 0,000182
географической 0,798508 0,000105
география 0,462035 0,000182
геолога 3,506558 0,000461
геоморфология 3,912023 0,001028
герб 0,820981 0,000216
героизм 2,302585 0,000303
героя 1,832581 0,000241
героям 2,040221 0,000268
гибели 2,302585 0,000303
гигиены 3,218876 0,000423
гидрометеорологии 2,659260 0,000349
гидрометслужбы 3,912023 0,000514
гильом 3,912023 0,001028
гильома 3,912023 0,000514
гимн 0,820981 0,000108
гинтрахань 3,912023 0,000514
гкгн 0,994252 0,000131
гкгнпро 0,916291 0,000120
глава 0,673345 0,000177
главе 1,237874 0,000163
главная 1,078810 0,000142
главного 1,237874 0,000163
главной 0,941609 0,000124
главную 2,659260 0,000349
главными 1,832581 0,000241
главой 1,309333 0,000688
главы 0,967584 0,001017
гладцин 0,000000 0,000000
глинобитные 3,912023 0,000514
глубине 2,525729 0,000332
глухими 3,912023 0,000514
гмелин 3,218876 0,000423
говорили 3,218876 0,000423
год 0,235722 0,000527
года -0,009950 -0,000230
годавикипедия 0,616186 0,000243
годах 0,385662 0,000203
годов 0,356675 0,000187
годовая 2,120264 0,000279
годовыми 2,995732 0,000394
году 0,072571 0,000343
годупорты 3,218876 0,000423
годы 0,356675 0,000234
голосами 3,912023 0,000514
голосовании 2,813411 0,000370
гончарное 3,912023 0,000514
гордость 2,120264 0,000279
горловка 1,309333 0,000172
город 0,544727 0,003292
город-побратим 2,120264 0,000279
города 0,430783 0,003905
городам 0,798508 0,000105
городами 0,916291 0,000120
городами-побратимами 1,714798 0,000676
городастрахань 3,912023 0,000514
городе 0,693147 0,001639
городец 2,120264 0,000279
городишко 3,912023 0,000514
городища 2,120264 0,000279
городищах 3,912023 0,000514
городище 1,609438 0,000211
городов 0,579818 0,000838
городов-побратимов 1,660731 0,000436
городом 0,798508 0,000210
городпро 0,867501 0,000114
городская 0,843970 0,000554
городским 0,798508 0,000105
городских 0,713350 0,001781
городского 0,693147 0,000638
городской 0,755023 0,000893
городу 0,798508 0,000315
гороховец 2,525729 0,000332
горького 1,139434 0,000150
горюче-смазочных 3,912023 0,000514
гос 1,609438 0,000211
госкомстат 0,891598 0,000234
госпиталей 3,506558 0,000461
гостиных 3,506558 0,000461
государей 3,912023 0,000514
государственная 0,941609 0,000247
государственное 0,776529 0,000102
государственной 0,616186 0,000486
государственный 0,430783 0,000566
государством 2,040221 0,000268
гражданами 2,302585 0,000303
гражданская 1,514128 0,000199
гражданской 0,967584 0,000127
грамотой 3,218876 0,000423
гран-попо 3,912023 0,000514
границ 0,916291 0,000120
границами 2,813411 0,000370
границы 0,867501 0,000114
грань 3,218876 0,000423
грачевка 3,506558 0,000461
греки 1,660731 0,000218
грозного 1,966113 0,000258
грозный 1,771957 0,000466
грузины 1,609438 0,000211
грузовая 3,218876 0,000423
грузовой 1,514128 0,000199
грузовые 1,771957 0,000233
группу 1,897120 0,000249
группы 0,634878 0,000167
грэс 2,525729 0,000332
гтрк 1,049822 0,001103
губанова 3,912023 0,000514
губастый 3,912023 0,000514
губернатора 1,237874 0,000488
губернии 0,994252 0,000261
губерний 1,714798 0,000451
губерния 1,427116 0,000375
губернского 1,714798 0,000225
губина 3,506558 0,000461
губиных 3,912023 0,000514
гужвина 3,912023 0,001542
далее 0,693147 0,000182
далекие 3,506558 0,000461
дальше 1,897120 0,000249
дама 3,218876 0,000423
данная 2,207275 0,000290
данной 1,609438 0,000211
данные 0,510826 0,000201
данный 0,713350 0,000094
данным 0,415515 0,000164
данных 0,616186 0,000081
даргинцы 1,832581 0,000241
дархан 3,912023 0,000514
дасаев 3,912023 0,000514
дастархан 3,912023 0,000514
дата 0,030459 0,000356
даты 1,427116 0,000375
дача 1,832581 0,000241
две 0,527633 0,000069
дворах 3,218876 0,000423
дворе 2,040221 0,000268
двум 2,207275 0,000290
двух 0,462035 0,000061
двухнедельным 3,912023 0,000514
де-кастри 3,218876 0,000423
дей 3,912023 0,000514
действовать -0,009950 -0,000001
действующие 2,040221 0,000268
дек 0,820981 0,000108
декабря 0,105361 0,000083
декором 3,912023 0,001028
деление 0,673345 0,000531
делится 1,427116 0,000188
деловой 1,560648 0,000410
деловые 2,995732 0,000394
дельту 3,218876 0,000423
дельты 2,659260 0,000349
демидовское 3,912023 0,000514
демонологический 3,912023 0,000514
демоскоп 0,820981 0,000431
день 0,562119 0,000295
депо 1,771957 0,000233
депутатами 2,040221 0,000268
депутатов 0,891598 0,000234
дербент 2,525729 0,000664
дербентский 3,506558 0,000461
дербетовка 3,506558 0,000461
дербыш 3,912023 0,001028
дервиш-али 3,912023 0,001028
деревней 3,218876 0,000423
деревня 1,609438 0,000211
деревянной 2,120264 0,000557
деревянные 2,040221 0,000268
деревянными 2,813411 0,000370
деревянных 2,407946 0,000316
десятидневную 3,912023 0,000514
десятилетие 2,040221 0,000268
дети 1,966113 0,000258
детская 0,916291 0,000722
детские 1,660731 0,000218
детское 2,120264 0,000279
джалилю 3,506558 0,000461
джангар 3,912023 0,000514
джанибекова 3,912023 0,000514
джанибекову 3,912023 0,000514
дженкинсон 3,506558 0,000461
джигит 3,912023 0,000514
джона 2,995732 0,000394
дзержинск 1,347074 0,000177
дзержинский 2,302585 0,000303
дзержинского 1,660731 0,001091
дивизиона 2,659260 0,000349
дивное 3,506558 0,000461
диксон 2,813411 0,000370
динамо 1,171183 0,000308
дипломата 3,912023 0,000514
диспансер 2,120264 0,001671
диспансеры 2,995732 0,000394
диссертации 2,525729 0,000332
длина 1,171183 0,000616
длинная 3,218876 0,000423
дней 0,446287 0,000293
днейвикипедия 0,967584 0,000127
дня 0,478036 0,000126
добавив 0,941609 0,000247
доблести 1,347074 0,000708
доблестиастраханьгорода 3,912023 0,000514
добыча 1,966113 0,000517
догадина 3,912023 0,000514
договор 1,771957 0,000233
дождь 2,407946 0,000316
документов 0,653926 0,000086
долгое 1,386294 0,000182
долготой 0,941609 0,000124
должен 1,078810 0,000142
должна 0,544727 0,000143
должностным 1,966113 0,000258
должность 1,203973 0,000633
доля 0,733969 0,000193
дом 0,562119 0,000517
дом-музей 1,660731 0,000655
дома 0,798508 0,000105
домашний 1,660731 0,000218
доминант 3,218876 0,000423
домов 1,078810 0,000142
домовой 3,218876 0,000423
дона 2,407946 0,000316
донского 2,207275 0,000580
доп 0,597837 0,000157
дополнительного 1,609438 0,000211
дополнительные -0,009950 -0,000001
дорог 0,891598 0,000117
дорога 0,798508 0,000105
дороги 0,713350 0,000094
дорожное 1,771957 0,000233
дорофей 3,912023 0,001028
досааф 2,407946 0,000316
достижение 2,302585 0,000303
достоинстве 3,912023 0,000514
достопримечательности 1,049822 0,000414
достопримечательность 2,995732 0,000394
доступен -0,009950 -0,000001
доступны 2,302585 0,000605
дочери 3,506558 0,000461
дошкольных 1,771957 0,000233
дракон 2,995732 0,000394
дракона 2,995732 0,000787
драконе 3,912023 0,000514
драконий 3,912023 0,000514
драматический 1,203973 0,000316
древности 1,469676 0,000386
друг 1,108663 0,000146
друга 1,560648 0,000205
другие 0,030459 0,000020
другими 0,616186 0,000081
других -0,009950 -0,000005
другое 1,049822 0,000414
дружба 1,832581 0,000482
дуб 2,659260 0,000349
дубна 2,120264 0,000279
дубовка 2,040221 0,000268
дудинка 2,813411 0,000370
дума 1,108663 0,000437
думы 1,078810 0,000992
дунай 2,813411 0,000370
дурно 3,912023 0,000514
духовенство 3,218876 0,000423
духовницкое 2,120264 0,000279
духосошественская 3,912023 0,000514
душанбе 2,659260 0,000349
дюбенди 3,218876 0,000423
евпатория 2,525729 0,000332
евразийского 3,218876 0,000423
евразия 2,120264 0,000279
евреи 1,203973 0,000316
еврейская 0,843970 0,000333
еврейский 1,832581 0,000241
европа 0,941609 0,000124
европейской 0,891598 0,000234
европы 0,673345 0,000177
егорова 2,659260 0,000699
единая 1,469676 0,000386
единиц 0,673345 0,000354
единоверческая 2,995732 0,000394
единогласно 2,813411 0,000370
единственно 2,995732 0,000394
единственный 1,171183 0,000154
единый 1,469676 0,000193
ежегодник 0,820981 0,001510
ежедневные 2,813411 0,000370
ездят 2,995732 0,000394
езиды 1,771957 0,000233
ейск 2,659260 0,000349
екатеринбург 0,843970 0,000111
елабуга 2,813411 0,000370
елена 1,560648 0,000205
елец 2,407946 0,000316
ему-то 3,912023 0,000514
енисейск 2,813411 0,000370
енотаевский 3,912023 0,000514
енотаевской 3,506558 0,000461
епископа 2,525729 0,000332
ереван 2,120264 0,000279
ерика 3,912023 0,000514
ерики 3,912023 0,000514
ефрона 0,328504 0,000345
жары 2,995732 0,000394
ждали 3,912023 0,000514
железная 1,171183 0,000154
железнодорожников 2,120264 0,000279
железнодорожный 0,755023 0,000099
железной 0,755023 0,000099
женский 1,309333 0,000344
женщины 1,714798 0,000225
жестокого 3,912023 0,000514
живут 1,771957 0,000233
жигулевск 1,832581 0,000241
жизни 0,562119 0,000148
жилая 2,659260 0,000349
жилгородок 3,506558 0,000461
жили 1,832581 0,000241
жилой 1,560648 0,000410
жилые 1,347074 0,000354
жиромская 1,021651 0,000134
жителей 0,673345 0,000442
жители 1,049822 0,000414
жителям 1,966113 0,000517
жителями 1,609438 0,000211
журнал 0,510826 0,000067
журналистов 2,525729 0,000332
забытое 3,506558 0,000461
заведений 1,203973 0,000158
заведения 1,108663 0,000146
завод 0,798508 0,000629
завода 0,941609 0,000124
заводов 1,203973 0,000158
заводоуправление 3,506558 0,000461
завоевание 2,995732 0,000394
заволжск 2,120264 0,000279
заволжье 2,040221 0,000268
заглавная -0,009950 -0,000001
зайцев 2,207275 0,001450
закавказье 2,525729 0,000332
закладки 2,407946 0,000316
заключило 3,912023 0,000514
закон 0,616186 0,000162
законодательную 2,659260 0,000349
законом 2,407946 0,000316
закончилась 2,659260 0,000349
законы 2,120264 0,000279
закрыт 1,386294 0,000364
залегают 3,912023 0,000514
заложенная 3,218876 0,000423
заменить 0,562119 0,000074
замерзает 2,525729 0,000332
замерзают 3,506558 0,000461
заместитель 1,897120 0,000249
замком 3,912023 0,000514
занимавшая 3,912023 0,000514
занимает 0,616186 0,000081
занимала 2,813411 0,000739
занимающейся 3,912023 0,000514
занял 1,139434 0,000150
запад 1,427116 0,000375
западного 1,560648 0,000205
западном 1,714798 0,000451
записанной 3,218876 0,000423
записках 2,659260 0,001398
записьвойти -0,009950 -0,000001
зарайск 3,912023 0,000514
зарегистрированный -0,009950 -0,000001
зарубино 3,218876 0,000423
заседании 1,771957 0,000233
засеки 3,912023 0,000514
застал 3,506558 0,000921
застроена 3,218876 0,000423
застроенной 3,506558 0,000461
засушливый 2,659260 0,000699
засушливым 3,506558 0,000461
затем 0,527633 0,000416
зато 1,560648 0,000205
затон 1,560648 0,000205
затона 3,912023 0,003084
захватили 2,525729 0,000332
захода 3,218876 0,000423
зачислен 3,912023 0,000514
защиты 0,941609 0,000124
защищен 3,912023 0,000514
заявление -0,009950 -0,000001
заячьем 3,506558 0,000461
збекча 0,000000 0,000000
звание 1,049822 0,000276
звезда 1,237874 0,000163
звездная 3,506558 0,001843
звенигово 2,120264 0,000279
зверинский 3,912023 0,000514
звуков 3,506558 0,000461
звучанию 3,912023 0,000514
звучания 3,218876 0,000423
здание 0,776529 0,000612
здании 1,171183 0,000154
зданий 1,049822 0,000138
здания 0,867501 0,000684
зданиями 1,771957 0,000233
здравоохранение 0,941609 0,000247
зеленая 1,771957 0,000233
зеленодольск 1,237874 0,000325
земле 0,994252 0,000131
земли 0,634878 0,000083
земляным 3,506558 0,000461
зиланте 3,912023 0,000514
зима 1,021651 0,000134
зимней 2,659260 0,000699
зимним 2,995732 0,000394
зимой 0,713350 0,000187
зиря 3,218876 0,000423
зис 3,506558 0,000461
златоуст 1,347074 0,000177
златоуста 3,218876 0,000423
злобный 3,912023 0,000514
змее 3,912023 0,000514
знак -0,009950 -0,000001
знаменск 3,506558 0,000461
знаний 1,660731 0,000218
значение 0,314711 0,000124
значения 0,105361 0,000042
значимостивикипедия 2,813411 0,000370
значимость 2,525729 0,000332
значит 1,560648 0,000205
значительно 0,510826 0,000067
значительную 1,309333 0,000172
зодчий 3,506558 0,000921
золотарев 3,912023 0,000514
золотой 0,843970 0,000554
золотоордынских 3,506558 0,000921
золотоордынского 2,995732 0,000394
зоне 0,527633 0,000208
зорь 3,912023 0,000514
зрения 1,272966 0,000167
зрителя 1,427116 0,000375
зубцов 2,040221 0,000268
ибн 2,659260 0,000699
ибн-баттута 3,912023 0,000514
иван 0,843970 0,000665
ивана 1,078810 0,000142
иванович 1,560648 0,000205
ивановна 2,813411 0,000370
иваново 1,139434 0,000299
иваньковского 2,120264 0,000279
игарка 2,813411 0,000370
игореве 2,813411 0,000370
игорь 1,714798 0,000225
игоря 2,659260 0,000349
играл 2,302585 0,000303
идентификаторы 0,693147 0,000091
ижевск 1,139434 0,000150
из-за 0,415515 0,000055
избираемый 2,813411 0,000370
избираемых 1,897120 0,000249
избирательного 2,995732 0,000394
избирательным 2,407946 0,000633
избрали 2,659260 0,000349
избран 1,386294 0,000182
избрана 3,218876 0,000423
избранные 2,302585 0,000605
известие 3,506558 0,000461
известно 1,237874 0,000163
известные 0,891598 0,000117
извлечение 2,995732 0,000394
издание 0,776529 0,000204
издательский 1,514128 0,000199
издательство 0,510826 0,000201
изменением 2,995732 0,000394
изменило 3,218876 0,000423
изменялась 3,506558 0,000461
изразцов 3,912023 0,000514
изъятое 3,912023 0,000514
иконы 1,347074 0,000177
икрянинский 3,912023 0,000514
ильинка 2,813411 0,000370
имеет 0,235722 0,000031
имеется 0,653926 0,000086
имени 0,462035 0,000607
именно 0,544727 0,000215
именует 3,506558 0,000461
иметь 1,272966 0,000167
имеются 0,843970 0,000222
империи 0,733969 0,000289
имуществом 2,407946 0,000316
имя 0,891598 0,000234
иначе 0,733969 0,000193
инвестиционной 2,302585 0,000303
инвестиционную 3,912023 0,000514
ингуши 1,897120 0,000249
индексы 1,514128 0,000199
индийское 3,506558 0,000461
индийцы 2,120264 0,000279
индия 2,120264 0,000279
индустрии 1,771957 0,000233
инициативе 1,427116 0,000188
иной 1,714798 0,000451
института 0,755023 0,000099
инструменты -0,009950 -0,000003
интенсивная 2,995732 0,000394
интересам 2,995732 0,000394
интересную 3,506558 0,000461
интернационала 2,995732 0,000394
инфекционная 2,813411 0,000370
информации 0,446287 0,000059
информационном 3,218876 0,000423
информацию 1,237874 0,000163
информация 0,446287 0,000117
иоанна 1,469676 0,000193
иоанно-предтеченская 3,506558 0,000461
иоанно-предтеченский 3,912023 0,000514
иоано-златоустовский 3,912023 0,000514
иосафата 3,912023 0,000514
иосафато 3,912023 0,000514
иосифа 2,407946 0,000316
ипатово 3,506558 0,000461
иран 2,207275 0,001160
иранский 3,912023 0,000514
ирина 1,660731 0,000436
иркутск 1,171183 0,000308
ирон 0,000000 0,000000
исаак 3,218876 0,000423
искажении 3,912023 0,000514
искусства 0,733969 0,000096
ислам 1,427116 0,000375
исламской 2,813411 0,000370
испанцы 2,120264 0,000279
испаряемостью 3,912023 0,000514
исполнением 3,506558 0,000461
исполнительную 2,302585 0,000303
исполнительные 2,525729 0,000332
исполнительных 3,506558 0,000921
исполняющим 2,040221 0,000268
использования -0,009950 -0,000001
использующие 0,040822 0,000011
исследования 0,733969 0,000096
исследовательский 1,771957 0,000233
исток 1,469676 0,000193
истока 1,021651 0,000134
истории 0,248461 0,000098
историко-архитектурный 2,407946 0,000316
историко-топографического 3,912023 0,000514
историческая 1,237874 0,000163
исторически 1,078810 0,000142
исторические 0,941609 0,000247
исторических 1,139434 0,000599
исторической 1,171183 0,000154
история 0,051293 0,000081
источник -0,009950 -0,000004
источниками 0,776529 0,000102
источниках 1,386294 0,000546
источники 0,415515 0,000328
источников 0,371064 0,000293
источниковвикипедия 1,966113 0,000258
истребить 3,912023 0,000514
истреблены 3,912023 0,000514
исчислении 0,843970 0,000111
итальянскую 3,912023 0,000514
итальянцы 1,771957 0,000233
итиле 3,912023 0,000514
итилии 3,912023 0,000514
итогам 1,139434 0,000299
итоги 0,713350 0,000375
итого 1,609438 0,000211
итогов 0,891598 0,000117
ихтиологическая 3,506558 0,000461
ишимбай 1,309333 0,000172
июль 0,579818 0,000076
июля 0,116534 0,000352
июнь 0,544727 0,000072
июня 0,116534 0,000168
йошкар-ола 3,218876 0,000423
кабардинцы 1,832581 0,000241
кавказ 1,771957 0,000233
кавказа 1,660731 0,000873
кавказе 2,207275 0,000290
каждое 1,714798 0,000225
казака 3,218876 0,000846
казаками 2,207275 0,000290
казаков 1,660731 0,000218
казани 1,771957 0,000233
казанская 2,120264 0,000279
казанской 1,469676 0,000193
казань 0,891598 0,000586
казахи 1,514128 0,000597
казахов 2,813411 0,000370
казахстан 1,469676 0,001352
казахстана 1,966113 0,000258
казачества 2,407946 0,000316
казачий 2,120264 0,000279
казачьего 1,966113 0,000258
каковое 3,912023 0,000514
каком 2,659260 0,000349
калинина 2,207275 0,000870
калининград 2,407946 0,000316
калмыки 1,897120 0,000249
калмыцкой 3,218876 0,000846
калыханка 3,912023 0,000514
калязин 2,040221 0,000268
каменной 1,832581 0,000241
каменные 2,040221 0,000268
каменск-уральский 1,347074 0,000177
камское 1,966113 0,000258
камызяк 3,506558 0,000461
камызякский 3,912023 0,000514
камыш-бурун 2,995732 0,000394
камышин 2,120264 0,000279
канал 0,843970 0,000444
каналов 1,427116 0,000188
кандалакша 3,218876 0,000423
кандидат 2,659260 0,000349
кандидата 2,207275 0,000290
капитана 2,659260 0,000349
капитанская 3,912023 0,001028
караванном 3,912023 0,000514
караваны 3,218876 0,000846
каракалпаки 2,120264 0,000279
карантин 2,995732 0,000394
карачаевцы 1,966113 0,000258
каргополь 3,912023 0,000514
кардиологический 2,659260 0,000349
карелы 2,040221 0,000268
карла 1,560648 0,000205
карон 3,912023 0,000514
карского 2,813411 0,000370
карта 0,776529 0,000102
картами 0,562119 0,000074
картах-портоланах 3,912023 0,000514
картинная 2,207275 0,000580
карты 0,941609 0,000124
карусель 1,832581 0,000241
карьеру 3,218876 0,000423
касим-хан 3,912023 0,000514
касимов 2,813411 0,000739
каспийск 1,272966 0,000167
каспийский 2,995732 0,000787
каспийского 1,897120 0,001246
каспийское 1,897120 0,000249
каспийскую 3,506558 0,001382
каталогах 0,094311 0,000012
категории -0,009950 -0,000003
католическая 2,207275 0,000290
католическим 3,506558 0,000461
кафедральный 1,021651 0,000268
квадратной 3,912023 0,000514
кванъян 3,912023 0,001028
квасов 3,218876 0,000423
кемерово 1,237874 0,000163
кемь 2,995732 0,000394
керчь 1,966113 0,000258
кианлы 3,218876 0,000423
кизань 3,912023 0,000514
кизлярской 3,912023 0,000514
километрах 1,514128 0,000199
кимры 2,120264 0,000279
кинешма 2,120264 0,000557
кинотеатр 1,108663 0,000146
кинофестивали 2,995732 0,000394
киргизы 1,560648 0,000205
кирилловская 3,912023 0,000514
киров 1,309333 0,000172
кирова 1,386294 0,001093
кировский 1,237874 0,000488
кирову 2,659260 0,000699
кирпича 2,302585 0,000303
кирха 1,897120 0,000249
кисловодск 3,218876 0,000423
китайцы 1,660731 0,000218
клавдия 3,506558 0,000461
кладут 3,912023 0,000514
класс 1,514128 0,000199
классицизма 1,832581 0,000241
климат 0,494296 0,000390
климата 0,733969 0,000193
клиническая 1,714798 0,002478
клинический 2,207275 0,000290
клуб 0,916291 0,000482
клубы 1,108663 0,000146
ключевого 3,218876 0,000423
книги 0,916291 0,000120
кнопка 2,525729 0,000664
княжество 2,120264 0,000279
князем 1,714798 0,000225
князь 1,771957 0,000233
князя 1,139434 0,000449
ковров 2,659260 0,000349
код -0,009950 -0,000047
кода 0,798508 0,000105
кодекс -0,009950 -0,000001
кодистория 0,116534 0,000015
кожно-венерологический 3,218876 0,000423
козино 2,120264 0,000279
козловка 2,120264 0,000279
козьмодемьянск 2,120264 0,000279
количество 0,328504 0,000043
количеством 1,514128 0,000199
количеству 1,309333 0,000172
колокольня 2,407946 0,000949
коломна 1,272966 0,000335
колонизация 2,525729 0,000332
колонию 3,506558 0,000461
комарова 2,302585 0,000303
комбинаты 2,659260 0,000349
коми 1,514128 0,000199
коми-пермяки 2,040221 0,000268
комикыргызча 0,000000 0,000000
комитет 0,755023 0,000099
комментарии 1,386294 0,000182
коммунистическая 3,506558 0,001843
компании 0,579818 0,000152
компаний 0,967584 0,000127
компания 0,653926 0,000344
комплекс 0,653926 0,000258
комплексами 2,995732 0,000394
комсомольск-на-амуре 1,203973 0,000158
комсомольская 1,171183 0,000616
конаково 2,120264 0,000279
конвенции 2,995732 0,000394
конденсата 3,506558 0,000461
кондитерская 2,040221 0,000268
конец 0,798508 0,000315
коновалова 2,995732 0,000394
кононенко 3,506558 0,001843
консерватория 2,302585 0,000303
консервный 3,912023 0,000514
константиновский 1,966113 0,000258
консульства 2,120264 0,000279
консульство 1,966113 0,001033
консультация 3,912023 0,000514
контарини 3,912023 0,000514
контексте 1,560648 0,000205
континентальный 0,776529 0,000102
контрольно-счетная 2,207275 0,000290
контроля 1,560648 0,000410
конфессии 1,237874 0,000163
конфессий 2,207275 0,000290
конфиденциальности -0,009950 -0,000001
конце 0,430783 0,000057
координаты 1,469676 0,000193
копии 0,653926 0,000086
копия 0,328504 0,000345
кораблям 3,506558 0,000461
корейцы 1,609438 0,000211
корея 1,897120 0,000249
королева 2,207275 0,000580
короткий -0,009950 -0,000001
короткое 2,659260 0,000349
корсаков 3,218876 0,000423
корчева 2,040221 0,000268
космонавта 2,813411 0,000370
космонавтов 2,040221 0,000268
кострома 1,171183 0,000462
которая 0,287682 0,000113
которого 0,301105 0,000079
которое 0,478036 0,000063
которой 0,174353 0,000046
котором 0,301105 0,000079
которому 0,843970 0,000222
которые 0,162519 0,000064
который 0,105361 0,000208
которых 0,094311 0,000062
кочевавшим 3,912023 0,000514
кочевого 3,912023 0,000514
кпрф 2,207275 0,000290
кравец 1,386294 0,000182
краеведа 2,995732 0,000394
краеведческий 1,237874 0,000163
крапивна 3,912023 0,000514
красная 1,108663 0,000583
краснова 3,506558 0,000461
краснодар 1,386294 0,000364
красное-на-волге 2,120264 0,000279
краснослободск 2,120264 0,000279
красноярск 0,967584 0,000127
красноярский 2,207275 0,000290
красные 1,660731 0,000218
краткая 0,967584 0,000127
краткое 2,813411 0,000370
края 0,713350 0,000656
кремле 2,525729 0,000332
кремль 1,714798 0,000901
кремля 1,966113 0,001292
крепкую 3,912023 0,000514
крепости 1,203973 0,000633
крепость 1,078810 0,000709
крепостью 2,813411 0,000370
крепостях 3,506558 0,000461
крест 2,120264 0,000279
крестовоздвиженская 2,659260 0,000349
критерий 2,302585 0,000303
критики 2,407946 0,000316
кругах 2,659260 0,000349
круизные 2,659260 0,000349
крупнейшая 1,347074 0,000354
крупнейшими 1,771957 0,000233
крупнейших 0,634878 0,000083
крупном 2,659260 0,000349
крупные 0,579818 0,000152
крупным 1,021651 0,000268
крупных 0,494296 0,000065
крупской 2,207275 0,000580
крым 1,660731 0,000218
крыма 0,843970 0,000111
крымом 2,995732 0,000394
крымские 1,771957 0,000233
крымско-османского 3,912023 0,000514
крымского 1,832581 0,000482
крымчаки 2,659260 0,000349
крымчанами 3,912023 0,000514
кряшены 2,813411 0,000370
кстово 2,040221 0,000268
кубани 2,995732 0,000394
кубанская 2,995732 0,000787
кубинцы 2,207275 0,000290
кубический 3,912023 0,000514
куйбышева 2,207275 0,000290
куйбышевский 1,771957 0,000233
куки -0,009950 -0,000001
кукол 0,916291 0,000241
культур 1,309333 0,000172
культура 0,653926 0,000172
культурно-массовые 3,218876 0,000423
культурной 2,207275 0,000290
культурный 1,108663 0,000146
культуры 0,462035 0,000486
кумыки 1,832581 0,000241
купцов 2,302585 0,000303
купцы 1,832581 0,000482
курган 1,237874 0,000163
курды 2,040221 0,000268
курильских 3,218876 0,000423
курмангазы 3,912023 0,000514
курык 3,218876 0,000423
кусков 3,912023 0,000514
кустодиева 3,912023 0,001028
кутум 3,506558 0,001382
кутума 3,912023 0,000514
кушнерев 2,995732 0,000394
кяхта 3,912023 0,000514
лагань 2,813411 0,000370
лазарева 2,302585 0,000303
лайнерах 3,912023 0,000514
лаккулезги 0,000000 0,000000
лакцы 1,832581 0,000241
лаптевых 2,302585 0,000303
латинскими 3,912023 0,000514
латышева 3,506558 0,000461
латыши 1,897120 0,000249
лдпр 2,525729 0,000332
лебединого 3,506558 0,000461
лебединое 3,912023 0,000514
левому 2,813411 0,000370
левый 1,309333 0,000172
легенда 2,407946 0,000633
легендарных 3,912023 0,000514
легенде 2,813411 0,000370
легендой 3,506558 0,000921
легенду 2,995732 0,000394
легенды 2,207275 0,000290
лед 1,897120 0,000249
лежащей 3,506558 0,000461
лезгины 1,771957 0,000233
лексикон 2,995732 0,000394
ленартович 3,912023 0,000514
ленина 0,867501 0,001026
ленинск-кузнецкий 1,347074 0,000177
ленинский 1,078810 0,000425
ленину 1,272966 0,001004
ленкорань 3,218876 0,000423
лет 0,223144 0,000205
летия 1,108663 0,000583
летний 1,108663 0,000146
летними 2,995732 0,000394
лето 0,891598 0,000117
летом 0,597837 0,000314
летом-осенью 3,912023 0,000514
летописей 3,218876 0,000423
летописях 2,659260 0,000699
лжедмитрий 3,506558 0,000461
лиги 1,386294 0,000182
лидваль 3,912023 0,000514
лидером 2,207275 0,000290
ликвидировано 2,525729 0,000332
лиманский 3,506558 0,000461
линейная 3,218876 0,000423
линии 0,755023 0,000198
листах 2,040221 0,000268
литература 0,061875 0,000024
литературе 1,514128 0,000199
литературоведческие 3,912023 0,000514
литовцы 1,966113 0,000258
лица 1,272966 0,000167
лицензии -0,009950 -0,000001
лицом 1,897120 0,000249
лишилась 3,912023 0,000514
лобным 3,912023 0,000514
логистичекой 3,912023 0,000514
логистическую 3,912023 0,000514
локальное 1,108663 0,000146
ломоносов 2,120264 0,000279
лотос 3,218876 0,003383
луганск 1,203973 0,000158
лукойл-астраханьэнерго 3,912023 0,000514
лукойл-нижневолжскнефть 3,912023 0,000514
луначарского 2,813411 0,000370
лучший 2,040221 0,000268
лучших 1,049822 0,000138
лысково 2,040221 0,000268
лысьва 1,347074 0,000177
льда 1,832581 0,000241
любви 2,407946 0,000633
любительских 2,525729 0,000332
любляна 3,506558 0,000461
любовью 3,506558 0,000461
людей 0,693147 0,000182
лютеранская 1,897120 0,000249
люфтваффе 3,506558 0,000461
магадан 1,237874 0,000325
магнитогорск 1,272966 0,000167
мае-сентябре 3,912023 0,000514
май 0,597837 0,000079
майна 2,040221 0,000268
макарьево 2,120264 0,000279
максаковой 3,912023 0,001028
максима 2,120264 0,000279
максимальная 1,560648 0,001025
максимум 0,733969 0,000193
мало 1,427116 0,000188
малой 1,514128 0,000199
малый 0,371064 0,000098
малым 2,813411 0,000370
малыми 2,302585 0,000303
малых 1,309333 0,000172
мальчик-чистильщик 3,912023 0,000514
маневренная 3,912023 0,000514
манси 2,813411 0,000370
марии 2,040221 0,000536
мариинский 1,897120 0,000249
мариймакедонскимонгол 0,000000 0,000000
марийцы 1,714798 0,000225
марина 2,525729 0,000332
мария 1,832581 0,001204
маркс 1,897120 0,000249
маркса 1,609438 0,000211
март 0,616186 0,000081
марта 0,139262 0,000329
маршрут 1,272966 0,000167
маршрутные 2,302585 0,000303
маршрутов 0,967584 0,000381
маршруты 1,272966 0,000167
масса 1,609438 0,000211
мастера 2,302585 0,000303
масштаб 1,897120 0,000249
матери 1,347074 0,000177
материал -0,009950 -0,000003
материалам 2,207275 0,000290
материалов 0,755023 0,000198
материальное 3,218876 0,000423
матч 1,347074 0,000177
махачкала 2,813411 0,001109
махтумкули 3,912023 0,000514
машиностроительный 1,897120 0,000249
мая 0,139262 0,000512
маяк 1,108663 0,000728
мгц 1,897120 0,006730
медиа 1,966113 0,000517
медиафайлы 0,301105 0,000040
медико-санитарная 3,218876 0,000423
медиков 2,995732 0,000394
медицинский 0,891598 0,000234
меж 3,218876 0,000423
международно 1,139434 0,000150
международного 0,733969 0,000289
международной 1,203973 0,000158
международные 0,941609 0,000124
мезень 3,218876 0,000423
менее 0,314711 0,000041
меняет 2,659260 0,000349
меняется 1,714798 0,000225
мероприятия 1,272966 0,000167
места 0,579818 0,000076
месте 0,544727 0,000358
местного 0,941609 0,000619
местное 1,427116 0,000375
местностью 3,218876 0,000423
местные 1,049822 0,000414
местный 2,207275 0,000290
местных 1,108663 0,000146
место 0,371064 0,000293
местом 1,049822 0,000138
месторождение 2,302585 0,000303
месторождений 2,040221 0,000268
месяца 1,347074 0,000177
месяцам 2,659260 0,000349
месяцев 1,171183 0,000154
месяцевикипедия 0,776529 0,000102
месячные 2,995732 0,000394
металлообработка 2,525729 0,000332
метеостанция 2,813411 0,000370
методический 3,506558 0,000921
метров 0,776529 0,000510
мефодия 1,966113 0,000258
мехоношина 3,912023 0,000514
мечети 1,560648 0,000205
мечеть 1,078810 0,000992
мечом 3,506558 0,000921
миасс 1,309333 0,000172
микрорайоны 1,609438 0,000211
милости 3,912023 0,000514
минеральной 3,506558 0,000461
минимум 0,693147 0,000182
министерство 1,108663 0,000146
минусинская 3,912023 0,000514
минут 1,386294 0,000364
мир 0,342490 0,000090
мира 0,415515 0,000164
митрополита 2,525729 0,000332
михаил 0,916291 0,000241
михаила 1,171183 0,000154
млн 0,462035 0,000061
мнении 3,506558 0,000461
мнишек 3,218876 0,000423
многих 0,494296 0,000130
многократный 2,525729 0,000332
многолюдна 3,912023 0,000514
многочисленными 1,966113 0,000258
множество 0,597837 0,000157
мобильная -0,009950 -0,000001
могилев 2,525729 0,000664
могут -0,009950 -0,000001
модерн 2,040221 0,000268
модуль 0,941609 0,000124
можете 0,653926 0,000172
моих 3,912023 0,000514
мокшеньолык 0,000000 0,000000
молдаване 1,714798 0,000225
молога 2,120264 0,000279
молодой 1,832581 0,000482
момент 0,597837 0,000079
монастыре 2,995732 0,000394
монастырей 2,120264 0,000557
монастырская 2,813411 0,000370
монастырь 1,139434 0,000749
монастыря 1,309333 0,000516
монастырях 3,218876 0,000423
монголов 2,813411 0,000370
монголы 1,897120 0,000249
монет 2,040221 0,000268
мониторингу 2,995732 0,000394
мончегорск 1,347074 0,000177
мордва 1,309333 0,000172
море 1,049822 0,000138
морзии 3,912023 0,000514
морские 1,609438 0,000423
морских 1,832581 0,000241
морской 1,309333 0,000344
моря 0,579818 0,001371
морямыс 3,218876 0,000423
моряроссия 3,218876 0,000423
мосина 3,218876 0,000846
москальво 3,218876 0,000423
москва 0,400478 0,000421
москваастрахань 3,912023 0,000514
москве 1,171183 0,000154
москву 1,139434 0,000150
москвы 0,653926 0,000172
московский 0,891598 0,000117
московским 1,832581 0,000482
московского 0,867501 0,000228
мостами 2,813411 0,000370
мостов 1,560648 0,000205
мощным 2,995732 0,000394
мск 0,843970 0,000111
мужа 3,912023 0,000514
мужской 1,560648 0,000205
мужском 3,506558 0,000461
мужчина 3,218876 0,000423
мужчины 1,832581 0,000241
муз-тв 1,966113 0,000258
музей 0,776529 0,000408
музей-заповедник 1,832581 0,000482
музыкальные 1,966113 0,000258
мультиплекса 1,897120 0,000499
муниципального 0,891598 0,000469
муниципальной 1,966113 0,000258
муниципальный 1,386294 0,000182
муниципальным 0,776529 0,001428
муниципальных 0,776529 0,000510
мурадханова 3,912023 0,001028
мурманск 2,207275 0,000290
мурмолке 3,912023 0,000514
муромским 3,218876 0,000423
мусе 3,506558 0,000461
мусульманских 3,218876 0,000423
мусульманское 3,218876 0,000423
мухаммед 3,912023 0,000514
мыс 1,966113 0,000517
мышкин 2,120264 0,000279
мэр 1,347074 0,000177
мэра 1,347074 0,000708
мэром 1,714798 0,000451
мякишев 3,912023 0,001028
мясокомбинат 2,302585 0,000303
набережная 1,139434 0,002096
набережной 1,272966 0,000335
набережные 2,040221 0,000268
наблюдательного 3,912023 0,000514
наблюдаются 1,966113 0,000258
наблюдений 1,386294 0,000182
наблюдения 1,714798 0,000225
навигации -0,009950 -0,000001
навигация -0,009950 -0,000003
наволоки 2,120264 0,000279
нагайбаки 2,813411 0,000370
награды 0,867501 0,000114
награжденные 1,021651 0,000134
надвратная 3,506558 0,000461
надежды 2,407946 0,000316
назад 1,108663 0,000146
назван 1,078810 0,000142
название 0,198451 0,000235
названий 1,078810 0,000283
названия 0,342490 0,000360
названиях 1,897120 0,000249
назвать 2,120264 0,000279
назначена 3,506558 0,001382
назначение 2,525729 0,000332
называемая 2,120264 0,000279
наиболее 0,139262 0,000018
нальчик 2,407946 0,000316
нами -0,009950 -0,000001
нанайцы 2,407946 0,000316
нападению 3,912023 0,000514
напал 3,506558 0,000461
напасти 3,912023 0,000514
написание 2,207275 0,000290
написании 2,995732 0,000394
направлениям 1,660731 0,000218
напротив 1,237874 0,000325
наращивают 3,912023 0,000514
нариманов 2,120264 0,000557
нариманово 3,912023 0,000514
наримановский 3,912023 0,000514
наркологический 3,218876 0,000423
народ 2,120264 0,000279
народа 1,714798 0,000225
народная 0,713350 0,000094
народного 1,171183 0,000154
народное 0,798508 0,000315
народной 1,966113 0,000517
нарьян-мар 2,995732 0,000394
население 0,693147 0,001002
населением 0,776529 0,000204
населения 0,494296 0,003247
населениягод 0,000000 0,000000
населенные 0,673345 0,000265
населенных 0,693147 0,000546
насмешками 3,912023 0,000514
настоящее 0,328504 0,000043
настроенного 3,912023 0,000514
настроенный 3,912023 0,000514
настроенных 3,506558 0,000461
наступает 0,916291 0,000120
наступательным 3,912023 0,000514
наступит 3,912023 0,000514
наук 0,693147 0,000091
наука 0,301105 0,000079
науке 1,897120 0,000249
научная 0,798508 0,000210
научное 0,891598 0,000117
научных 0,776529 0,000102
нахимова 3,506558 0,001843
находившуюся 3,912023 0,000514
находился 0,776529 0,000102
находится 0,328504 0,000216
находка 1,171183 0,000308
находясь 2,302585 0,000303
находятся 0,527633 0,000069
находящийся 1,966113 0,000258
находящимся 3,218876 0,000423
национальная 1,108663 0,000146
национального 1,469676 0,000193
национальной 1,272966 0,000669
национальностей 2,120264 0,000279
национальности 0,867501 0,000342
национальность 1,237874 0,000163
национальный 0,597837 0,000471
национальных 1,832581 0,000241
начал 0,798508 0,000210
начала 0,314711 0,000041
началась 0,967584 0,000127
начале 0,314711 0,000124
начали 0,891598 0,000234
начало 0,415515 0,000055
началовское 3,912023 0,001542
началось 0,616186 0,000081
начальник 2,659260 0,000349
начальным 3,506558 0,000461
начинает 1,771957 0,000233
начинал 2,995732 0,000394
наше 1,609438 0,000211
нашего 2,040221 0,000268
небольшими 2,120264 0,000279
небольшой 1,427116 0,000188
невельск 3,218876 0,000423
невероятные 3,218876 0,000423
невского 1,427116 0,000188
недавно 2,207275 0,000290
недели 2,120264 0,000279
недостатков 0,653926 0,000086
недоступная 0,527633 0,000277
недоступные 0,755023 0,000099
незнакомому 3,912023 0,000514
неизменный 3,506558 0,000921
нека 3,218876 0,000423
некое 3,912023 0,000514
неком 3,912023 0,000514
некоммерческой -0,009950 -0,000001
некоторые 0,301105 0,000040
некрасовское 2,120264 0,000279
нем 0,356675 0,000234
немало 1,966113 0,000258
немецкие 1,966113 0,000258
немецкий 1,427116 0,000188
немцы 1,203973 0,000158
неподалеку 2,040221 0,000804
непосредственно 0,478036 0,000063
нескольких 0,755023 0,000099
несколько 0,150823 0,000119
несмотря 0,755023 0,000099
несомненно 3,218876 0,000423
несостоятельной 3,912023 0,000514
неупорядоченный 2,995732 0,000394
неупорядоченными 2,995732 0,000787
нефтедобычи 3,912023 0,000514
нефтяник 2,525729 0,000332
нефтяника 3,912023 0,000514
нею 3,506558 0,000921
ниже 0,693147 0,000091
нижне-волжского 3,912023 0,000514
нижне-волжской 3,218876 0,000423
нижнего 1,514128 0,000398
нижней 1,514128 0,000199
нижнем 1,660731 0,000218
нижние 1,660731 0,000218
нижний 0,673345 0,000442
низ 3,506558 0,000461
низкая 1,660731 0,000218
низкой 1,771957 0,000233
низменности 1,897120 0,000499
низовье 3,506558 0,000461
никакой 2,659260 0,000349
никитин 2,302585 0,000303
никитина 2,302585 0,000303
николаевич 1,309333 0,000344
николаевна 2,659260 0,000699
николаевск 1,966113 0,000258
николаевск-на-амуре 2,525729 0,000332
николаю 2,407946 0,000316
николая 0,916291 0,000120
никольская 2,525729 0,000332
никому 3,912023 0,000514
ними 1,049822 0,000138
ничоги 3,912023 0,000514
нова 3,506558 0,001382
новгород 0,867501 0,000228
нового 0,579818 0,000076
новодевичье 2,120264 0,000279
новое 0,755023 0,000099
новой 0,653926 0,000086
новокузнецк 1,272966 0,000167
новокуйбышевск 2,120264 0,000279
новомосковск 1,203973 0,000158
новороссийск 1,966113 0,000258
новосибирск 0,916291 0,000120
новости 0,579818 0,000152
новоульяновск 2,120264 0,000279
новочебоксарск 2,120264 0,000279
новую 1,171183 0,000154
новые 0,342490 0,000090
новый 0,446287 0,000059
новым 1,049822 0,000138
новых 0,430783 0,000057
ногайская 3,218876 0,000423
ногайской 3,218876 0,000423
ногайцы 1,897120 0,000249
номер 0,820981 0,000108
норвежская 0,248461 0,000033
норильск 1,203973 0,000158
норма 0,798508 0,000210
нохчийн 0,000000 0,000000
нояб 0,820981 0,000108
ноябре 0,994252 0,000131
ноября 0,127833 0,000739
нська 0,000000 0,000000
нтв 1,427116 0,000188
ныне 0,653926 0,000172
нынешней 1,966113 0,000258
оао 0,916291 0,000241
обеспечению 2,407946 0,000316
обеспечивается 2,120264 0,000279
обилие 2,995732 0,000394
обитал 3,912023 0,001028
обладающими 3,506558 0,000461
области 0,223144 0,000469
областигорода 2,407946 0,000316
областная 1,309333 0,001548
областной 1,078810 0,001276
область 0,385662 0,000203
областьгорода 1,309333 0,000172
обнаруженных 2,813411 0,000370
обнесенным 3,912023 0,000514
обновленное 3,506558 0,000461
обобщающих 2,995732 0,000394
обожженного 3,912023 0,000514
оборудования 1,049822 0,000138
обоснования 3,912023 0,000514
обоснованной 3,218876 0,000423
обосновать 3,218876 0,000423
обошлись 3,506558 0,000461
образовалась 2,813411 0,000370
образована 1,427116 0,000188
образование 0,494296 0,000130
образованием 1,966113 0,000258
образований 1,386294 0,000182
образования 0,478036 0,000314
образованиям 0,776529 0,001428
образом 0,371064 0,000049
образует 0,994252 0,000131
образцовым 3,912023 0,000514
обращения 0,030459 0,000356
обрела 2,995732 0,000394
обслуживание 1,832581 0,000482
обслуживанием 3,218876 0,000423
обуви 2,995732 0,000394
обусловило 3,218876 0,000423
обустроены 3,912023 0,000514
обширных 2,659260 0,000349
общего 0,713350 0,000094
общедоступный 2,525729 0,000664
общей 0,597837 0,000079
общеобразовательных 1,203973 0,000158
общепризнанной 2,995732 0,000394
обществ 2,995732 0,000394
общественного 0,916291 0,000120
общественный 0,941609 0,000124
общественных 1,021651 0,000134
общество 0,713350 0,000094
общие 0,673345 0,000088
объединение 1,171183 0,000154
объединений 2,040221 0,000268
объединенные 2,302585 0,000605
объединенный 2,302585 0,000303
объединяет 1,771957 0,000233
объема 1,237874 0,000163
объявился 3,912023 0,000514
объяснить 2,659260 0,000349
объясняется 1,771957 0,000233
объяснял 3,506558 0,000461
обыкновенно 3,912023 0,000514
обязанности 1,427116 0,000188
обязательный 2,813411 0,000739
огласовывали 3,912023 0,000514
огмв 3,218876 0,000846
ограды 2,813411 0,000370
одна 0,527633 0,000139
однако 0,174353 0,000092
одним 0,494296 0,000065
одного 0,544727 0,000143
одномандатным 2,120264 0,000279
одну 1,237874 0,000163
ожесточенные 3,218876 0,000423
озера 0,967584 0,000127
озеро 1,049822 0,000138
озером 2,407946 0,000316
ознакомление 3,912023 0,000514
означает 1,237874 0,000163
ойконим 3,506558 0,000461
оказывать 2,813411 0,000370
окато 0,820981 0,000216
около 0,000000 0,000000
окрестностях 1,469676 0,000386
округ 0,673345 0,000177
округа 0,653926 0,000172
округам 1,660731 0,000218
округов 0,776529 0,000714
окружающей 1,049822 0,000138
окружении 2,659260 0,000349
окт 0,798508 0,000105
октмо 0,843970 0,000111
октябре 0,967584 0,000127
октябрь 0,867501 0,000114
октябрьск 2,120264 0,000279
октябрьская 1,897120 0,000249
октябрьской 1,078810 0,000142
октября 0,083382 0,000372
олеарий 3,912023 0,000514
олеария 2,813411 0,000739
олег 1,427116 0,000188
ольга 1,427116 0,000188
оля 2,995732 0,000787
омару 3,912023 0,000514
омск 1,021651 0,000134
омцнк 3,912023 0,000514
омываемый 3,912023 0,000514
онега 2,995732 0,000394
онкологический 2,120264 0,000279
онлайн 0,198451 0,000026
оно 0,000000 0,000000
оном 3,506558 0,000461
оон 1,560648 0,000205
ооо 0,843970 0,001552
операциям 2,995732 0,000394
оперы 1,660731 0,000436
описание -0,009950 -0,000001
оплот 3,506558 0,000461
оплота 3,912023 0,000514
опорный 2,407946 0,000316
определяла 3,218876 0,000423
опубликованные 3,218876 0,000423
организации -0,009950 -0,000005
организация 0,891598 0,000117
органов 0,994252 0,000523
органы 0,891598 0,000351
орденом 1,021651 0,000134
орды 1,966113 0,001550
оренбург 1,966113 0,001033
оренбурга 3,218876 0,000423
оренбургской 2,525729 0,000332
оригинала 0,162519 0,000384
орск 1,272966 0,000167
ортсабеларуская 0,000000 0,000000
оружием 2,525729 0,000332
осадил 3,912023 0,000514
осадка 3,218876 0,002115
осадками 1,771957 0,000233
осадков 0,544727 0,000286
осаду 2,207275 0,000290
осады 3,506558 0,000461
освободил 3,506558 0,000461
осетины 1,771957 0,000233
осетрами 3,912023 0,000514
осетровых 2,813411 0,000370
осипов 0,527633 0,000069
основан 0,579818 0,000152
основание 1,272966 0,000167
основании 1,427116 0,000188
основания 0,713350 0,000375
основанной 2,302585 0,000303
основанные 0,776529 0,000204
основанный 1,386294 0,000182
основе 0,494296 0,000065
основная 0,116534 0,000077
основные 0,223144 0,000088
основным 0,616186 0,000162
основой 1,237874 0,000163
основывать 2,813411 0,000370
особняк 2,302585 0,000303
особняками 3,912023 0,000514
особняки 2,813411 0,000370
особо 1,237874 0,000325
остается 0,891598 0,000117
остальное 2,525729 0,000332
остальные 0,891598 0,000117
останавливаются 3,218876 0,000423
остановилось 2,995732 0,000394
остатки 1,469676 0,000193
осташков 3,912023 0,000514
остров 1,139434 0,000299
островах 2,302585 0,000605
острове 1,660731 0,000218
острововпетропавловск-камчатскийчерного 3,218876 0,000423
островского 2,407946 0,002847
осуществления 1,832581 0,000241
осуществляет 1,203973 0,000316
осуществляется 0,776529 0,000204
осуществляют 1,469676 0,000193
осыпной 3,912023 0,000514
отв 0,755023 0,000099
отвергнуты 3,506558 0,000461
ответ 1,560648 0,000205
ответственности -0,009950 -0,000001
ответы 1,514128 0,000199
отвечает 2,302585 0,000303
отдал 3,912023 0,001028
отделение 1,139434 0,000150
отделения 1,021651 0,000134
отдельные 1,078810 0,000142
отдельными 2,407946 0,000316
отдельных -0,009950 -0,000001
отдыха 1,049822 0,000276
отечественной 0,673345 0,000177
отказ -0,009950 -0,000001
открыли 1,237874 0,000163
открылось 1,966113 0,000258
открылся 0,941609 0,000247
открыт 0,798508 0,000210
открыта 0,967584 0,000127
открытой 2,207275 0,000290
отличается 0,579818 0,000076
отложения 3,218876 0,000423
отметил 2,120264 0,000279
отметили 2,120264 0,000279
отмечает 2,040221 0,000268
отмечается 1,309333 0,000172
отмечали 3,218876 0,000423
отмеченная 2,995732 0,000394
относительно 0,415515 0,000055
относительной 2,407946 0,000316
относятся 0,713350 0,000094
оториноларингологии 3,912023 0,000514
отправились 2,995732 0,000394
отправлялись 2,525729 0,000332
отправляются 1,771957 0,000233
отпраздновала 3,912023 0,000514
отр 1,832581 0,000722
отражает 2,040221 0,000268
отредактирована -0,009950 -0,000001
отредактировать 0,967584 0,000254
отряд 2,120264 0,000279
отстроен 2,659260 0,000349
отходящими 3,912023 0,000514
официальная 1,609438 0,000211
официально 0,693147 0,000182
официальной 1,469676 0,000193
официальный 0,510826 0,000403
оха 1,347074 0,000177
охваченные 2,525729 0,000332
охотск 2,813411 0,000370
охотского 2,813411 0,000370
оценка 0,693147 0,000091
очередь 0,527633 0,000069
ошибкекак -0,009950 -0,000001
ошибки 1,897120 0,000249
павла 1,714798 0,000225
пакет 1,714798 0,000676
пакистанцы 2,120264 0,000279
палата 1,660731 0,000218
палеография 3,912023 0,001028
паломника 3,912023 0,000514
памирцы 2,525729 0,000332
памятник 0,693147 0,002459
памятник-мемориал 3,912023 0,000514
памятники 0,733969 0,000386
пантелеимона 2,659260 0,000349
параллель 3,506558 0,000461
парк 0,693147 0,001457
парка 1,021651 0,000134
парке 1,171183 0,000308
парки 1,272966 0,000502
парковая 2,525729 0,000332
партии 1,966113 0,000258
партия 2,407946 0,000316
пассажирский 1,514128 0,000199
пгу 3,218876 0,000846
певек 3,218876 0,000846
педагогического 1,897120 0,000249
пемброк-пайнс 3,912023 0,000514
пенза 1,108663 0,000146
пер 1,108663 0,000291
первая 0,430783 0,000057
первенства 2,207275 0,000580
первого 0,733969 0,000193
первое 0,544727 0,000215
первой 0,462035 0,000121
первом 1,237874 0,000163
первоначальное 2,525729 0,000332
первые 0,494296 0,000065
первый 0,385662 0,000101
первым 0,597837 0,000079
перебил 3,912023 0,000514
перевалочным 3,218876 0,000423
перевод 1,427116 0,000188
передан 2,040221 0,000268
перейти -0,009950 -0,000003
перекинутых 3,912023 0,000514
переписи 0,755023 0,000794
переписных 1,897120 0,000249
перепись 0,820981 0,000971
пересечена 3,506558 0,000461
пересечении 1,427116 0,000750
пересказывали 3,912023 0,000514
перестроен 2,302585 0,000303
перестроена 3,506558 0,000921
перехода 1,514128 0,000199
перечень 1,469676 0,000193
перешла 1,660731 0,000218
периметру 3,218876 0,000423
период 0,342490 0,000045
пермь 0,994252 0,000131
пермякова 3,506558 0,002304
персидская 3,506558 0,000461
персидские 3,506558 0,000461
персидское 3,912023 0,001028
персонаж 3,218876 0,000423
персонал 2,813411 0,000370
персональные -0,009950 -0,000001
персы 1,966113 0,000258
петербург 1,897120 0,000249
петербургом 2,659260 0,000349
петербургского 2,302585 0,000303
петр 1,108663 0,000146
петра 1,078810 0,000425
петровская 2,659260 0,001048
петровский 2,302585 0,000303
петропавловская 2,813411 0,000370
петру 1,771957 0,000466
печати -0,009950 -0,000001
печать -0,009950 -0,000001
печенегская 3,912023 0,001542
пиканта 3,912023 0,000514
писал 1,514128 0,000398
писатели 2,407946 0,000316
писателя 1,660731 0,000218
письменных 2,407946 0,000316
пишет 1,966113 0,000775
пищевой 1,514128 0,000398
пкф 3,912023 0,001028
план 0,755023 0,000397
плана 1,272966 0,000167
планета 2,207275 0,000290
планировка 1,771957 0,000233
планировку 2,302585 0,000303
пластун 3,218876 0,000423
плац-парадной 3,912023 0,000514
плейстоцена 3,506558 0,000461
племенем 3,912023 0,000514
племени 2,525729 0,000332
плес 1,966113 0,000517
плиоцена 3,912023 0,000514
плодоовощные 3,912023 0,000514
плоско 3,912023 0,000514
плотность 0,693147 0,000091
площади 0,510826 0,000268
площадь 0,478036 0,000377
площадью 0,994252 0,000131
плюс 1,386294 0,000182
по-разному 2,407946 0,000316
победа 1,609438 0,000211
победил 2,302585 0,000303
победы 0,916291 0,000843
побережью 2,813411 0,000370
побережья 1,427116 0,000188
побережьякамчатки 3,218876 0,000423
побратимом 2,525729 0,000332
побывавший 3,912023 0,000514
поведения -0,009950 -0,000001
повелел 2,995732 0,000394
поволжье 1,832581 0,000482
поволжья 1,714798 0,000451
повторно 2,813411 0,000370
повторном 3,506558 0,000461
погибают 3,218876 0,000423
погибшим 1,832581 0,000963
погода 0,776529 0,000204
погодой 2,207275 0,000290
пограничникам 3,506558 0,000461
подарками 3,912023 0,000514
податей 3,506558 0,000461
подвергался 2,813411 0,000370
подворье 2,995732 0,001968
подворья 3,506558 0,000461
поддержке 1,469676 0,000193
поджег 3,912023 0,000514
подкупаемая 3,912023 0,000514
подозрении 3,912023 0,000514
подольск 1,272966 0,000167
подонье 3,506558 0,000461
подонья 3,912023 0,000514
подразделение 2,407946 0,000949
подробнее -0,009950 -0,000001
подступах 3,506558 0,000461
подходили 3,912023 0,000514
подходить 3,218876 0,000423
пожалуйста 1,469676 0,000193
позднее 0,798508 0,000210
поиск -0,009950 -0,000001
поисках 2,813411 0,000370
поиску -0,009950 -0,000004
пока 0,843970 0,000111
показателей 1,203973 0,000158
показатели 0,994252 0,000131
показатель 0,713350 0,000094
показателю 1,897120 0,000249
покинула 2,995732 0,000787
поклялся 3,912023 0,001542
покровская 2,302585 0,000605
покровский 1,771957 0,000233
полагал 3,506558 0,000461
полдень 0,916291 0,000120
политика -0,009950 -0,000001
политическая 0,843970 0,000111
политическим 2,407946 0,000316
полихромных 3,912023 0,000514
полку 2,813411 0,000370
полное 1,139434 0,000150
полностью 0,400478 0,000053
половине 0,634878 0,000167
половиной 2,995732 0,000394
положение 0,510826 0,000201
положением 2,120264 0,000279
положения 1,309333 0,000172
полу 0,916291 0,000482
полужирным 1,966113 0,000258
полулегендарных 3,912023 0,000514
полумордвинов 3,912023 0,000514
полупустынь 2,813411 0,000739
получается 2,659260 0,000349
получать 2,302585 0,000303
получении 2,995732 0,000394
полученной 2,995732 0,000394
получивший 2,120264 0,000279
получил 0,713350 0,000187
получила 0,653926 0,000344
поляки 1,469676 0,000193
поляков 0,916291 0,000120
помещают 3,218876 0,000423
поморы 2,659260 0,000349
помянутым 3,912023 0,000514
поныне 2,813411 0,000370
попытка 2,120264 0,000279
пор 0,941609 0,000247
породненных 2,659260 0,000349
поронайск 3,218876 0,000423
порт 0,941609 0,000866
порта 1,309333 0,000344
портал 0,342490 0,000090
портале 2,813411 0,000370
портового 3,218876 0,000423
порты 1,714798 0,000451
поручение 3,218876 0,000423
порядка 1,139434 0,000150
посад 1,660731 0,000436
поселение 1,309333 0,000172
поселений 0,798508 0,000839
поселения 0,941609 0,000247
поселениям 0,967584 0,000127
поселка 1,309333 0,000172
поселкам 0,891598 0,000117
поселков 1,469676 0,000193
посетившего 3,506558 0,000461
посетил 1,897120 0,000499
поскольку 0,941609 0,000371
послал 2,659260 0,000699
последний -0,009950 -0,000003
последняя 0,342490 0,000045
последующие 1,660731 0,000218
послом 3,912023 0,000514
послы 3,506558 0,000461
пособие 1,609438 0,000423
поспешно 3,506558 0,000461
пост 1,514128 0,000597
поставили 2,302585 0,000303
постоянного 0,693147 0,000455
построен 0,798508 0,000210
построена 0,916291 0,000120
построенный 1,237874 0,000163
построены 1,021651 0,000134
построили 1,832581 0,000241
постройки 1,139434 0,000150
поступали 3,506558 0,000461
поступают 2,813411 0,000370
посьет 2,995732 0,000394
потребность 2,995732 0,000394
поход 1,897120 0,000748
почетное 1,560648 0,000410
почтовые 1,469676 0,000193
пощады 3,912023 0,000514
поэту 2,995732 0,000394
появившегося 3,506558 0,000461
появилась 0,820981 0,000216
появилось 1,171183 0,000154
появятся 2,813411 0,000370
пояс 0,693147 0,000273
пр-д 0,000000 0,000000
пр-т 0,000000 0,000000
права 0,755023 0,000099
правда 0,891598 0,000117
правдоподобности 3,912023 0,000514
правившем 3,912023 0,000514
правитель 2,995732 0,000394
правительством 1,832581 0,000241
править -0,009950 -0,000089
правка 0,328504 0,000043
правкиновые -0,009950 -0,000001
правкипостоянная -0,009950 -0,000001
правления 1,966113 0,000258
правового 3,218876 0,000423
правовом 2,659260 0,000349
правовому 3,912023 0,000514
правом 1,171183 0,000154
православной 1,203973 0,000158
православных 1,427116 0,000188
правящая 3,506558 0,000461
правящего 3,912023 0,000514
праздник 1,714798 0,000451
праздничный 3,506558 0,000461
пребывать 3,912023 0,000514
пребывающий 3,912023 0,000514
превращении 3,912023 0,000514
предание 2,659260 0,000349
предводителя 3,912023 0,000514
пределам 3,506558 0,000461
пределах 0,510826 0,000067
предкавказские 3,912023 0,000514
предложенные 3,218876 0,000423
предмете 2,813411 0,000370
предмонгольское 3,912023 0,000514
предосторожность 3,912023 0,000514
предполагается 1,560648 0,000205
предпочтительно 2,995732 0,000394
предприятия 0,713350 0,000469
председ 1,203973 0,000158
председатель 1,347074 0,000177
председателя 1,514128 0,000199
представились -0,009950 -0,000001
представители 1,272966 0,000167
представление 1,514128 0,000199
представленный 2,659260 0,000349
представляет 0,446287 0,000117
представлял 2,302585 0,000303
представлялось 3,506558 0,000461
прежде 1,049822 0,000276
прежние 1,171183 0,000154
президент 1,386294 0,000182
прекратил 1,660731 0,000436
прекращена 2,659260 0,000349
преображение 2,407946 0,000316
преобразования 2,120264 0,000279
преобразовано 2,302585 0,000303
пресвятой 1,272966 0,000502
преследования 3,506558 0,000461
пречистенская 3,912023 0,000514
пречистенских 3,912023 0,000514
прибывали 3,506558 0,000461
прибывшим 3,912023 0,000514
прибыли 2,207275 0,000290
прибытия 2,659260 0,000349
приведите 2,995732 0,000394
привезти 3,912023 0,000514
привела 1,771957 0,000233
привилегии 2,995732 0,000394
привлекать 2,995732 0,000394
приводит 1,171183 0,000154
привокзальной 2,525729 0,000332
приволжская 3,506558 0,000461
приволжский 1,897120 0,000748
приволжского 1,832581 0,001685
приволжской 2,207275 0,000290
приволжье 3,506558 0,000461
пригородное 1,966113 0,000258
пригородных 1,609438 0,000211
приготовить 3,912023 0,000514
призвав 3,912023 0,000514
призер 1,771957 0,000466
признания 0,916291 0,000361
признанных 0,967584 0,000127
приказывает 3,912023 0,000514
прикаспий 3,506558 0,000461
прикаспийской 3,218876 0,000846
прикаспия 3,506558 0,001382
приложивший 3,912023 0,000514
применяемого 0,843970 0,000111
применяемым 0,941609 0,000124
примерно 0,634878 0,000250
примечания -0,009950 -0,000004
приморск 2,995732 0,000394
приморско-ахтарск 2,659260 0,000349
принадлежит 1,203973 0,000158
принадлежности 1,514128 0,000597
принадлежность 1,609438 0,000211
принесло 3,912023 0,000514
приняла 1,966113 0,000258
принят 1,427116 0,000188
приобрел 2,040221 0,000268
природа 1,309333 0,000172
природного 2,302585 0,000303
природными 2,659260 0,000349
природой 2,813411 0,000370
природы 1,021651 0,000134
присвоено 1,078810 0,000283
приспосабливали 3,912023 0,000514
пристань 1,714798 0,000225
приступом 3,506558 0,000461
присутствии 2,207275 0,000290
присутствуют 1,897120 0,000249
присягу 3,218876 0,000423
притязания 3,506558 0,000461
прихода 2,120264 0,000279
приходили 2,813411 0,000370
приходит 1,897120 0,000249
причалы 2,995732 0,000787
причальной 3,912023 0,002056
причине 1,771957 0,000233
пришла 2,120264 0,000279
приютное 3,506558 0,000461
проверьте 3,506558 0,000461
проверяема 0,967584 0,000254
провидения 2,995732 0,000394
проводить 2,302585 0,000303
проводником 3,506558 0,000461
проводят 2,407946 0,000316
программ 1,203973 0,000158
программы 0,713350 0,000187
продолжительность 1,171183 0,000154
продукции 1,021651 0,000134
проездными 3,912023 0,000514
проезжал 3,912023 0,000514
проект 0,400478 0,000053
проектам 2,040221 0,000268
проектах -0,009950 -0,000001
проектывикипедия 2,040221 0,000268
проживали 1,660731 0,000218
проживают 1,966113 0,000258
проживающими 3,506558 0,000461
прозвище 3,218876 0,000423
прозоровского 3,506558 0,000921
прозывался 3,912023 0,000514
произведения 1,427116 0,000188
производителем 2,813411 0,000370
производства 0,616186 0,000243
производственное 2,302585 0,000303
производственной 2,302585 0,000303
производство 0,941609 0,000124
производством 1,966113 0,000258
производят 1,966113 0,000258
производящий 3,912023 0,000514
произошло 0,733969 0,000096
происходит 0,634878 0,000167
происхождение 1,427116 0,000375
происхождении 1,514128 0,000597
происхождения 1,272966 0,000502
прокопьевск 1,272966 0,000167
промосковски 3,912023 0,000514
промышленности 0,579818 0,000229
промышленность 0,693147 0,000182
пронским 3,912023 0,000514
пропагандировавшаяся 3,912023 0,000514
прорезь 3,912023 0,000514
просмотры -0,009950 -0,000001
проспект 1,021651 0,000134
пространстве 1,897120 0,000249
против 0,798508 0,000105
противотуберкулезный 2,995732 0,000394
протока 2,525729 0,000332
протоками 3,218876 0,000423
протяженностью 1,386294 0,000182
протянулся 2,407946 0,000316
протянутыми 3,912023 0,000514
профессионального 1,427116 0,000188
прохлады 3,912023 0,000514
проход 3,218876 0,000423
проходил 1,660731 0,000218
проходной 2,995732 0,000394
проходят 0,941609 0,000247
прочее 0,653926 0,000086
прочтении 3,912023 0,000514
прошел 0,994252 0,000131
прошла 1,560648 0,000205
прошлом 1,108663 0,000146
прямого 2,302585 0,000303
психиатрическая 2,525729 0,000332
псрл 3,218876 0,000423
птолемея 3,218876 0,000423
пункт 1,203973 0,000158
пункта 1,514128 0,000398
пунктов 0,653926 0,000516
пунктом 1,832581 0,000241
пункты 0,616186 0,000486
путеводитель 0,713350 0,000281
путевых 2,995732 0,000787
путей 0,916291 0,000120
путешественника 2,813411 0,001479
путешественники 2,659260 0,000699
путешествие 1,897120 0,000997
путешествия 2,525729 0,000332
пути 0,693147 0,000364
путь 0,820981 0,000108
пучеж 2,120264 0,000279
пушки 3,218876 0,000423
пушкина 1,139434 0,000150
пушкину 1,897120 0,000249
пышма 1,309333 0,000172
пятиглавый 3,218876 0,000423
пятигорск 2,813411 0,000739
пятнадцати 3,506558 0,000461
пятница 1,771957 0,000233
пятого 2,302585 0,000605
пятый 1,427116 0,000188
работа 0,891598 0,000117
работает 0,755023 0,000198
работал 1,309333 0,000172
работало 1,660731 0,000218
работах 2,120264 0,000279
работают 0,673345 0,000265
работы 0,314711 0,000041
равнинный 2,813411 0,000370
равнины 1,309333 0,000172
равноапостольного 2,659260 0,000699
равного 2,995732 0,000394
радик 3,912023 0,000514
радио 0,891598 0,002109
радиовещание 1,771957 0,000931
радиоканал 2,302585 0,000303
радиостанции 1,347074 0,000177
радиостанция 1,966113 0,000258
радиостанциях 3,506558 0,000461
раза 0,867501 0,000114
разбили 2,995732 0,000394
разбиты 2,525729 0,000332
разведке 3,912023 0,000514
развитию 0,843970 0,000111
развития 0,287682 0,000038
развиты 1,714798 0,000451
разгневался 3,912023 0,000514
разгорелись 3,912023 0,000514
разграбление 3,912023 0,000514
раздел 0,891598 0,000234
разделам 2,659260 0,000349
разделами 0,891598 0,000234
разделе 0,776529 0,000204
разделен 1,171183 0,000154
раздора 3,506558 0,000461
разина 2,207275 0,000580
разинаскрытые 2,525729 0,000332
различные 0,693147 0,000182
различных 0,385662 0,000051
размере 1,897120 0,000249
разметкой 3,218876 0,000423
размещения 0,843970 0,000111
разнесите 2,995732 0,000394
разнообразных 1,966113 0,000775
разные 1,139434 0,000150
разных 0,510826 0,000067
разрабатывает 2,302585 0,000303
разработку 1,897120 0,000249
разработчики -0,009950 -0,000001
разрушена 2,525729 0,000332
разрушенный 2,813411 0,000370
разрушил 3,912023 0,000514
район 0,597837 0,000393
района 0,673345 0,000265
районам 0,820981 0,000431
районе 0,527633 0,000069
районная 2,659260 0,000349
районов 0,562119 0,000591
районы 0,653926 0,000172
райцентров 0,941609 0,000124
ранг 2,995732 0,000394
ранее 0,430783 0,000113
раннее 2,659260 0,000349
раскопок 2,525729 0,000332
располагается 0,994252 0,000261
располагался 1,660731 0,000436
располагаясь 3,912023 0,000514
расположена 0,916291 0,000120
расположенный 1,203973 0,000316
расположены 0,673345 0,000177
распоряжению 2,207275 0,000290
распоряжения 2,813411 0,000370
распределение 1,560648 0,000205
распространенной 2,659260 0,000349
распространенный 2,659260 0,000349
распространенных 2,120264 0,000279
расстояние 0,843970 0,000333
расстоянии 1,966113 0,000258
расстояний 1,469676 0,000193
расформирован 3,218876 0,000423
расхожем 3,912023 0,000514
расчет 1,386294 0,000182
расширение 0,527633 0,000069
раудиновна 3,912023 0,000514
реальном 2,525729 0,000332
ребенком 3,912023 0,000514
революциинаселенные 2,120264 0,000279
революция 1,427116 0,000188
регион 1,021651 0,000134
региона 0,776529 0,000102
регионального 1,108663 0,000437
региональные 1,171183 0,000308
региональный 1,347074 0,000177
региональных 1,203973 0,000158
регионе 1,049822 0,000138
регулярную 3,506558 0,000461
регулярные 1,514128 0,000199
ред 0,235722 0,000031
редькин 3,912023 0,000514
резко 0,967584 0,000127
резко-континентальный 3,912023 0,000514
резню 3,912023 0,000514
результате 0,342490 0,000090
рейсы 1,427116 0,000375
рек 0,820981 0,000108
река 0,733969 0,000096
реке 0,713350 0,000281
реки 0,462035 0,000243
рекомендации 0,843970 0,000222
реконструирована 3,218876 0,000423
реконструкции 0,967584 0,000381
реконструкция 1,203973 0,000316
религиозные 1,609438 0,000211
религиозных 1,469676 0,000386
религию 3,218876 0,000423
рельеф 0,941609 0,000124
ремесло 2,813411 0,000370
ремонт 1,714798 0,000225
рен 1,660731 0,000218
реорганизаций 3,912023 0,000514
республики 0,916291 0,000241
реставрацию 3,506558 0,000461
реставрирован 3,912023 0,000514
ресурсы 0,020203 0,000003
ретро 1,897120 0,000249
реформы 1,609438 0,000211
речные 1,897120 0,000249
речных 1,609438 0,000423
решением 1,078810 0,000283
решено 2,120264 0,000279
решили 2,207275 0,000290
решительно 3,218876 0,000423
решт 3,506558 0,000921
ржд-медицина 3,912023 0,000514
ржев 1,771957 0,000233
рида 3,912023 0,000514
римско-католический 2,659260 0,000699
ринат 3,218876 0,000423
ровное 2,120264 0,000279
роднит 3,912023 0,000514
родного 3,218876 0,000423
родному 2,813411 0,000370
родным 2,813411 0,000370
родных 3,218876 0,000423
родом 3,218876 0,000423
рождества 1,714798 0,000451
роза 1,021651 0,000134
роль 0,579818 0,000076
ропетовском 3,912023 0,000514
роскольникова 3,912023 0,000514
роскошные 3,912023 0,000514
россии 0,186330 0,000563
россииазовского 3,218876 0,000423
россиибывшие 2,995732 0,000394
россиигорода 1,309333 0,000172
россииобластные 2,207275 0,000290
российская 0,186330 0,000171
российский 0,634878 0,001001
российских 0,733969 0,000096
российско-украинской 1,108663 0,000146
российского 0,634878 0,000083
российской 0,385662 0,001165
россию 1,966113 0,000258
россия 0,371064 0,000780
росспэн 0,994252 0,000131
росстат 0,776529 0,000204
ростов 2,120264 0,000279
ростов-на-дону 1,237874 0,000488
роща 1,514128 0,000199
рсфср 0,733969 0,000386
ртрс 1,514128 0,001592
рубрук 3,912023 0,001028
рубрука 3,912023 0,000514
рубцовск 1,347074 0,000177
рудная 2,995732 0,000394
рукавами 3,506558 0,000461
руководством 0,941609 0,000247
румыны 1,897120 0,000249
рус 0,162519 0,001004
русе 3,506558 0,000461
руси 1,347074 0,000354
русины 2,302585 0,000303
русиньскыйсаха 0,000000 0,000000
русла 2,302585 0,000303
русса 2,525729 0,000332
русская 0,867501 0,000342
русские 0,544727 0,000286
русский -0,009950 -0,000004
русскими 1,660731 0,000436
русских 0,843970 0,000222
русское 0,755023 0,000099
русской 0,673345 0,000265
русском 1,049822 0,000138
русскому 1,966113 0,000258
русскоязычное 3,912023 0,000514
рутульцы 1,897120 0,000249
рыбинск 1,203973 0,000316
рыбинского 2,040221 0,000268
рыбный 2,302585 0,000303
рыбоперерабатывающей 3,506558 0,000461
рынком 2,995732 0,000394
рынок 1,021651 0,000134
ряд 0,385662 0,000051
ряда 0,994252 0,000131
ряду 1,832581 0,000241
рязань 1,049822 0,000138
с-в 0,000000 0,000000
с-з 0,000000 0,000000
сабантуй 3,218876 0,000423
сабетта 2,995732 0,000394
савушкина 3,912023 0,001028
сад 1,108663 0,000728
садом-дендрарием 3,912023 0,000514
сайт 0,371064 0,000293
сайты 0,478036 0,000063
салехард 1,347074 0,000177
самара 0,891598 0,000234
самарканд 2,813411 0,000370
самая 0,798508 0,000210
саммит 2,120264 0,000557
самое 0,994252 0,000131
самой 0,916291 0,000120
самом 1,108663 0,000146
самоотверженность 2,813411 0,000370
самоуправления 0,994252 0,000523
самым 0,653926 0,000086
сангачалы 3,218876 0,000423
санкт-петербург 0,776529 0,000306
сарай 3,506558 0,000461
сарай-хан 3,912023 0,000514
саратов 0,967584 0,000381
саратове 2,813411 0,000370
сарая 3,506558 0,000461
сартаку 3,912023 0,000514
сафаргалиев 3,912023 0,000514
сафинат 3,912023 0,001028
сахалинская 2,813411 0,000370
сборник 0,653926 0,000172
свап 3,912023 0,001028
сведения 0,867501 0,000114
сведениям 1,966113 0,000258
свергнут 3,912023 0,000514
свердлова 2,525729 0,000332
свержения 3,218876 0,000423
светлая 2,813411 0,000370
светлоград 3,506558 0,000461
светлый 1,832581 0,000241
свидетельство 2,525729 0,000664
свияжск 2,120264 0,000279
свободной -0,009950 -0,000001
свое 0,616186 0,000081
своего 0,776529 0,000102
своем 1,560648 0,000205
своеобразным 2,995732 0,000394
своими 1,427116 0,000188
своих 0,776529 0,000102
свой 0,653926 0,000086
свойство 0,653926 0,000172
свяжитесь -0,009950 -0,000001
связи 0,235722 0,000155
связывают 1,609438 0,000211
свято-никольский 2,995732 0,000394
святого 1,078810 0,000142
святой 1,272966 0,000167
святым 2,659260 0,000349
сдали 3,218876 0,000423
сдать 3,912023 0,000514
сделала 2,659260 0,000349
сделалось 3,912023 0,000514
севастиана 3,912023 0,000514
севастополь 1,771957 0,000698
севастополя 2,813411 0,000370
север 1,171183 0,000154
северного 1,021651 0,000134
северной 0,693147 0,000091
северном 1,469676 0,000193
северный 0,820981 0,000108
северо-восточные 3,506558 0,000461
северо-западнее 3,506558 0,000461
северодвинск 1,171183 0,000308
сего 2,659260 0,000349
сегодня 0,616186 0,000243
сезон 1,347074 0,000177
сезонов 2,995732 0,000394
секуляризационной 3,912023 0,000514
секущими 3,912023 0,000514
селе 2,120264 0,000279
селижарово 2,120264 0,000279
селькупы 3,218876 0,000423
сельских 0,776529 0,000714
семьи 1,272966 0,000335
семью 2,813411 0,000370
семья 1,897120 0,000249
сенгилей 2,120264 0,000279
сент 0,843970 0,000111
сентября 0,072571 0,000315
сербы 1,897120 0,000249
сергеева 2,813411 0,000370
сердечно-сосудистой 2,995732 0,000394
серебряный 1,386294 0,000182
серии 1,386294 0,000182
сероводорода 2,995732 0,000394
серы 2,302585 0,000303
сетке 3,912023 0,000514
силах 3,506558 0,000461
силищевой 3,912023 0,002056
силу 1,021651 0,000134
силы 1,427116 0,000188
сильно 0,776529 0,000102
сильное 1,897120 0,000249
символе 3,506558 0,000461
симеонова 3,912023 0,000514
симферополь 1,897120 0,000249
системеобсуждениевкладсоздать -0,009950 -0,000001
систему 0,673345 0,000088
сити-менеджера 2,995732 0,000394
сих 1,078810 0,000142
скачать -0,009950 -0,000001
сквер 1,203973 0,002689
сквера 2,207275 0,000290
сквере 1,560648 0,000820
скверы 1,714798 0,000451
скифских 3,912023 0,000514
сколько 0,653926 0,000172
скоморохову 3,912023 0,000514
скончался 3,506558 0,000461
скрывалась 3,912023 0,000514
скульптор 1,427116 0,000563
скульптура 1,171183 0,000308
скульптурным 3,912023 0,000514
скульптуры 1,609438 0,000211
славы 1,078810 0,000567
славянка 2,813411 0,000370
славянского 2,813411 0,000370
следах 3,912023 0,000514
следствия 2,813411 0,000370
следующие 0,544727 0,000215
слепых 1,832581 0,000241
слов 1,560648 0,000410
слова 0,562119 0,000074
словаки 2,813411 0,000370
словам 1,897120 0,000249
словари 0,116534 0,000015
словарь 0,274437 0,000072
словения 2,525729 0,000332
словенцы 2,995732 0,000394
сложившееся 3,218876 0,000423
сложным 0,867501 0,000114
служащая 3,218876 0,000423
служба 0,693147 0,000455
служивых 3,912023 0,000514
служил 2,407946 0,000316
случае 0,843970 0,000111
случаях -0,009950 -0,000001
случившихся 3,912023 0,000514
случилось 3,912023 0,000514
сменяли 3,506558 0,000461
смещение 0,798508 0,000105
смоленск 2,040221 0,000268
смоляной 3,912023 0,000514
смут 3,912023 0,000514
смуты 2,995732 0,000394
снабжена 3,912023 0,000514
снесена 3,218876 0,002115
снова 1,386294 0,000182
сноске 1,897120 0,000249
сносок 0,843970 0,000222
собачкой 3,218876 0,000423
соблюдением 3,218876 0,000423
собой 0,328504 0,000129
собор 0,755023 0,000694
соборная 1,272966 0,000167
собрав 3,912023 0,000514
собрание 0,941609 0,000124
собственного 1,427116 0,000188
собственности 1,514128 0,000199
событияпожертвовать -0,009950 -0,000001
советов 0,820981 0,000216
советская 0,371064 0,000341
советский 0,755023 0,000298
советское 0,994252 0,000261
советской 0,755023 0,000298
совместно 1,427116 0,000188
совпадавшая 3,912023 0,000514
современная 1,108663 0,000146
современной 0,579818 0,000076
современные 0,916291 0,000120
современными 2,407946 0,000316
современных 0,713350 0,000094
согласно 0,301105 0,000119
согласовывались 3,506558 0,000461
содержание 0,010050 0,000001
содержащих 2,525729 0,000332
содружества 3,506558 0,000461
соединенные 2,995732 0,000394
соединенным 3,912023 0,000514
соединены 2,995732 0,000394
создана 0,891598 0,000117
созданная 2,040221 0,000268
создано 1,347074 0,000177
созыва 1,609438 0,000634
соискание 3,218876 0,000423
сокольское 2,040221 0,000268
сокращение 1,714798 0,000225
сокращением 2,525729 0,000332
солнечный 0,843970 0,000111
солнечных 2,207275 0,000290
солнца 1,966113 0,000258
солнце 1,714798 0,000225
соломы 3,912023 0,000514
сольвычегодск 3,912023 0,000514
солью 2,995732 0,000394
сообщения 0,820981 0,000108
сообщить -0,009950 -0,000001
сооружения 0,941609 0,000124
сооружены 3,218876 0,000423
соответствии 0,446287 0,000176
соответствующим 1,897120 0,000249
соседствуют 3,912023 0,000514
сосредоточено 1,897120 0,000249
сост 0,597837 0,000079
состав 0,400478 0,000526
состава 1,171183 0,000154
составе 0,616186 0,000081
составляет 0,314711 0,000207
составляют 0,798508 0,000105
составляющие 2,407946 0,000316
составляющий 3,506558 0,000461
состоялся 1,237874 0,000325
состоянию 0,544727 0,000143
состоящая 2,302585 0,000303
сохранением -0,009950 -0,000001
сохранил 2,659260 0,000349
сохранилась 2,120264 0,000279
сохранились 1,609438 0,000211
сохраняет 2,207275 0,000290
сочи 1,514128 0,000199
союз 1,203973 0,000158
союза 0,733969 0,000193
союзе 2,525729 0,000332
спас 1,897120 0,000249
спасителя 2,659260 0,000349
спасо-преображенская 3,218876 0,000423
спасо-преображенского 3,218876 0,000846
спб 0,385662 0,000101
специи 3,506558 0,000461
спецназу 3,912023 0,000514
списками 2,525729 0,000664
списки 1,714798 0,000225
список 0,248461 0,000098
сплотившийся 3,912023 0,000514
сплошной 3,506558 0,000461
спорные 2,995732 0,000394
спорт 0,776529 0,000204
спортивной 2,040221 0,000268
спортивные 1,078810 0,000142
спортивных 1,108663 0,000146
справедливая 2,525729 0,000332
справка 1,272966 0,000167
спускающийся 3,912023 0,000514
спустя 1,609438 0,000211
среди 0,198451 0,000052
среднеазиатские 3,218876 0,000423
средневековые 2,659260 0,000349
средневековых 2,659260 0,000699
среднее 1,272966 0,000167
средней 0,867501 0,000114
среднем 0,693147 0,000091
средние 0,941609 0,000124
средний 0,494296 0,000195
средняя 0,510826 0,000134
среды 0,755023 0,000099
срок 1,237874 0,000163
сроком 1,966113 0,000258
српски 0,000000 0,000000
српскохрватски 0,000000 0,000000
сср 0,820981 0,000216
ссср 0,314711 0,000413
ссылка 0,274437 0,000216
ссылками 0,186330 0,000073
ссылкасведения -0,009950 -0,000001
ссылки -0,009950 -0,000012
ссылок 0,693147 0,000364
ставившего 3,912023 0,000514
ставился 3,506558 0,000461
ставкой 3,506558 0,000461
ставкою 3,912023 0,000514
ставрополь 2,207275 0,001160
ставшие 2,302585 0,000303
стадион 1,108663 0,000146
стал 0,314711 0,000124
стала 0,462035 0,000243
стали 0,430783 0,000113
сталинградского 3,506558 0,000461
сталинградской 3,218876 0,001269
стало 0,494296 0,000130
станут 2,120264 0,000279
станции 0,693147 0,000091
старая 0,430783 0,000170
старейший 1,609438 0,000211
старинные 2,407946 0,000316
старица 2,040221 0,000268
староастраханская 3,912023 0,000514
старомарьевка 3,506558 0,000461
старому 2,040221 0,000268
старообрядческая 1,560648 0,000205
старочеркасск 3,506558 0,000461
старые 1,771957 0,000233
старых 1,560648 0,000205
статистика -0,009950 -0,000003
статистике 0,916291 0,000120
статистики 0,713350 0,000469
статистический 0,755023 0,001488
статистическое 0,994252 0,000131
статус 0,510826 0,000201
статусе 1,560648 0,000205
статьестатьи 0,843970 0,000111
статьи 0,072571 0,000143
статьислучайная -0,009950 -0,000001
статьисообществофорумсправкасвежие -0,009950 -0,000001
статью 0,616186 0,000162
статья 0,105361 0,000083
статьяобсуждение -0,009950 -0,000001
статьятекущие -0,009950 -0,000001
стекловолокно 3,506558 0,000921
стенами 2,302585 0,000605
стенки 3,912023 0,002056
стеной 2,302585 0,000303
стену 3,218876 0,000423
стены 1,771957 0,000466
стеньку 3,912023 0,000514
степана 1,966113 0,000517
степей 2,407946 0,000316
степени 0,843970 0,000111
степи 1,966113 0,000775
степях 3,218876 0,000846
стивидорная 3,912023 0,000514
стиле 0,994252 0,000392
стилю 1,832581 0,000241
столетия 1,966113 0,000258
столицей 1,171183 0,000308
столицу 2,120264 0,000836
столицыгородские 3,912023 0,000514
столь 1,714798 0,000225
столяров 3,912023 0,000514
столярова 3,912023 0,000514
стороны 0,430783 0,000057
стоять 2,659260 0,000349
стоящей 3,506558 0,000461
страленбергом 3,912023 0,000514
стран 0,597837 0,000079
страна 0,462035 0,000182
страница -0,009950 -0,000001
страницасодержаниеизбранные -0,009950 -0,000001
страницецитировать -0,009950 -0,000001
страницуполучить -0,009950 -0,000001
страницы -0,009950 -0,000005
страницыслужебные -0,009950 -0,000001
страны 0,634878 0,000167
страхань 3,912023 0,001542
стрелецкое 3,912023 0,000514
стрельцов 2,659260 0,000349
строителей 2,040221 0,000268
строители 2,659260 0,000349
строительстве 1,078810 0,000142
строительство 0,510826 0,000201
строится 1,272966 0,000167
строке 1,609438 0,000211
структура 0,967584 0,000127
структурное 2,995732 0,001181
структуру 1,514128 0,000199
стс 1,714798 0,000225
студенческий 2,525729 0,001327
стужа 3,912023 0,000514
стужи 3,912023 0,000514
ступино 1,347074 0,000177
стычки 3,912023 0,000514
субъект 0,820981 0,000108
субъектов 0,755023 0,000397
суда 1,078810 0,000142
судов 1,237874 0,000976
судостроитель 3,912023 0,000514
судостроительно-судоремонтный 3,912023 0,001542
судостроительное 3,506558 0,000461
судостроительных 3,912023 0,000514
судя 2,813411 0,000370
суздаль 2,995732 0,000394
султан 3,506558 0,000921
султаном 3,912023 0,000514
сумгаит 3,218876 0,000423
суммеркента 3,912023 0,000514
сун 3,912023 0,001028
суточный 0,820981 0,000216
суточными 3,218876 0,000423
суховеи 3,218876 0,000423
существовавшее 2,813411 0,000370
существовала 1,386294 0,000364
существовало 1,427116 0,000188
существование 1,049822 0,000276
существовании 2,302585 0,000303
существует 0,446287 0,000176
существуют 0,162519 0,000043
сформировавшиеся 3,506558 0,000461
сформировано 2,302585 0,000303
сформированы 2,302585 0,000303
схема 1,386294 0,000182
счет 0,673345 0,000088
считается 0,693147 0,000091
считалась 2,525729 0,000332
сша 0,562119 0,000148
сыграли 2,659260 0,000349
сызранов 3,912023 0,001028
сызрань 1,237874 0,000325
сыновья 3,506558 0,000921
сыну 3,218876 0,000423
сырцового 3,912023 0,000514
сытина 1,560648 0,000205
сюда 1,108663 0,000146
сюдасвязанные -0,009950 -0,000001
т-во 0,000000 0,000000
табасараны 1,832581 0,000241
табл 0,867501 0,000114
таблица 0,653926 0,000430
таблицы 2,040221 0,000268
таганрог 2,407946 0,000949
тагил 1,272966 0,000167
таджики 1,347074 0,000177
тайном 3,218876 0,000423
такая 1,386294 0,000182
также 0,000000 0,000000
таким 0,527633 0,000069
такси 1,021651 0,000134
талыши 1,897120 0,000249
тамань 2,813411 0,000739
танк 2,407946 0,000316
таны 3,912023 0,000514
тар 3,912023 0,000514
таракан 3,912023 0,000514
тарашкев 0,000000 0,000000
таркан 3,912023 0,000514
тархан 3,912023 0,001542
тарханной 3,912023 0,000514
тары 3,506558 0,000921
тасс 1,171183 0,000154
татар 1,469676 0,000579
татар-мишарей 3,912023 0,000514
татарами 2,659260 0,000349
татарский 1,771957 0,000233
татарча 0,000000 0,000000
татары 0,798508 0,000525
татищев 2,813411 0,001109
татищева 2,813411 0,004436
татищевым 3,218876 0,000846
таты 2,525729 0,000332
тверь 1,514128 0,000199
твк 2,040221 0,000268
театр 0,713350 0,000750
театра 1,021651 0,000268
театральный 1,660731 0,000655
театральных 2,207275 0,000290
тезики 3,912023 0,000514
текст -0,009950 -0,000003
текущем 0,544727 0,000072
телебашня 2,040221 0,000536
телевидение 0,967584 0,000763
телевизионный 2,040221 0,000536
телеканал 1,309333 0,000516
телеканала 2,407946 0,000949
телеканалах 2,995732 0,000394
телеканалов 1,386294 0,000364
телепрограмм 3,912023 0,000514
телефонный 0,776529 0,000102
тематические 0,510826 0,000067
температура 0,562119 0,000148
температуры 1,139434 0,000150
темрюк 2,525729 0,000332
теории 1,514128 0,000199
тепловоз 3,506558 0,000461
тепловозов 3,506558 0,000461
тепловозоремонтный 3,506558 0,000921
теплоходах 2,813411 0,000370
терлике 3,912023 0,000514
термина 0,400478 0,000053
терминал 1,771957 0,000233
терминалов 3,506558 0,000461
территориальных 0,776529 0,000408
территории 0,400478 0,000263
территория 0,755023 0,000397
территориях 0,916291 0,000120
тетюши 2,120264 0,000279
тех 0,798508 0,000105
технико-экономические 3,218876 0,000423
технический 1,021651 0,000134
течение 0,527633 0,000069
тикси 2,659260 0,000349
тимур 3,218876 0,000423
тимура 3,912023 0,000514
тинаки 3,912023 0,000514
тип 0,356675 0,000187
типа 0,462035 0,000121
типография 1,203973 0,000633
тихоокеанского 2,302585 0,000303
тмутараканские 3,912023 0,000514
тмутаракань 3,912023 0,000514
тнт 1,714798 0,000225
товарами 2,525729 0,000664
товарный -0,009950 -0,000001
тождественности 3,912023 0,000514
толстого 1,714798 0,000225
тольятти 1,514128 0,000199
томск 1,108663 0,000291
тонут 3,912023 0,000514
топливно-энергетический 3,506558 0,000461
топонима 1,386294 0,000182
топонимика 2,407946 0,000316
тор 3,506558 0,000461
торговли 0,867501 0,000228
торгово-пассажирский 3,218876 0,000423
торгово-политический 3,912023 0,000514
торговое 3,506558 0,000461
торговую 3,218876 0,000423
торговые 1,203973 0,000158
торговый 1,237874 0,000325
торговыми 1,897120 0,000249
торговых 1,108663 0,000146
торжественно 1,660731 0,000218
торжок 3,506558 0,000461
торопец 3,912023 0,000514
торопицын 3,912023 0,000514
тотчас 3,912023 0,000514
тотьма 3,912023 0,000514
точке 2,407946 0,000316
травы 2,659260 0,000349
трамвай 0,967584 0,000127
транзитной 2,659260 0,000349
транслитерации 3,912023 0,000514
трансляцию 2,659260 0,000699
транспорт 0,693147 0,000455
транспорта 0,776529 0,000102
трассе 2,525729 0,000332
требует 1,427116 0,000188
требующие 1,347074 0,000177
тредиаковского 3,912023 0,002056
трем 2,525729 0,000332
тремя 1,609438 0,000211
третье 1,560648 0,000205
третьего 1,771957 0,000233
третьим 2,120264 0,000279
трз 3,912023 0,000514
триумфальная 2,302585 0,000303
троицкий 1,560648 0,000410
троллейбуса 1,897120 0,000249
трубопроводы 3,218876 0,000846
трудовой 1,237874 0,000976
труды 1,469676 0,000193
трусова 3,912023 0,000514
трусовский 3,912023 0,002570
трусовском 3,912023 0,000514
трусову 3,912023 0,000514
туапсе 1,897120 0,000249
тувинцы 2,120264 0,000279
туда 2,525729 0,000664
тукаю 3,506558 0,000461
тукая 3,506558 0,000461
тур 2,407946 0,000633
турецко-татарской 3,912023 0,000514
турецкого 2,995732 0,000787
туристический 1,897120 0,000249
турки 1,832581 0,000241
туркменбаши 3,218876 0,000423
туркменистан 2,813411 0,000739
туркменистана 3,506558 0,000921
туркменскому 3,912023 0,000514
туркмены 1,966113 0,000258
турции 2,407946 0,000316
тутаев 2,040221 0,000536
тыла 1,897120 0,000249
тысяч 0,415515 0,000382
тысячи 0,597837 0,000157
тэм 0,000000 0,000000
тэц 1,272966 0,000335
тюльпан 3,912023 0,000514
тюмень 1,171183 0,000154
тюркских 2,302585 0,000303
тюркского 2,407946 0,000949
тюркском 2,995732 0,000394
убив 3,506558 0,000461
убиении 3,912023 0,000514
увеличилось 1,309333 0,000172
углегорск 3,218876 0,000423
углич 2,040221 0,000268
угоду 3,912023 0,000514
удалена 0,941609 0,000247
удачного 3,218876 0,000423
удины 2,525729 0,000332
удмурт 3,506558 0,000461
удмурты 1,660731 0,000218
уезд 1,897120 0,000499
уездам 3,506558 0,000461
узбек-ханом 3,912023 0,000514
узбеки 1,386294 0,000182
узлом 1,609438 0,000211
узнав 2,995732 0,000394
уйгуры 2,040221 0,000268
указавшие 1,771957 0,000233
указан 0,139262 0,000037
указана 1,427116 0,000188
указанием -0,009950 -0,000001
указанного 1,078810 0,000142
указано 0,733969 0,000193
указателем 3,912023 0,000514
указом 0,941609 0,000124
указывали 3,506558 0,000461
укра 0,000000 0,000000
украинцы 0,891598 0,000117
украины 0,616186 0,000081
укреплена 3,506558 0,000461
укреплений 2,813411 0,000739
укрепления 1,966113 0,000258
укреплены 3,912023 0,000514
улан-удэ 1,237874 0,000163
улиц 0,891598 0,000234
улицами 1,897120 0,000249
улице 0,916291 0,000722
уличным 3,218876 0,000423
уловов 3,912023 0,000514
ульдючины 3,506558 0,000461
ульяновск 1,078810 0,000425
ульяновых 3,506558 0,000461
унесла 3,506558 0,000461
университет 0,562119 0,000222
уникальным 2,407946 0,000316
уничтожить 3,912023 0,000514
упадка 3,506558 0,000461
упаковки 3,912023 0,001028
упало 2,995732 0,000394
упоминает 2,995732 0,000394
упоминание 1,237874 0,000488
упоминаются 2,813411 0,000370
упомянувший 3,218876 0,000423
управления 0,415515 0,000109
упразднен 2,659260 0,000349
уровень 0,579818 0,000076
уровнем 0,798508 0,000105
уроженец 2,659260 0,000349
усадебными 3,506558 0,000461
усердием 3,912023 0,000514
усиливается 2,995732 0,000394
усилий 2,525729 0,000332
условий -0,009950 -0,000001
условия -0,009950 -0,000003
услышав 3,912023 0,001028
успения 2,207275 0,000580
успенский 1,514128 0,000597
устав 0,941609 0,000371
устава 1,897120 0,000249
установили 1,832581 0,000241
установление 2,120264 0,000557
установления 1,832581 0,000241
устроил 2,813411 0,000370
устройстве 1,171183 0,000154
устройство 1,021651 0,000268
усть-луга 2,813411 0,000370
устье 0,994252 0,000131
устью 1,078810 0,000142
устюг 3,506558 0,000461
утвердить 3,506558 0,000461
утвержден 1,171183 0,000308
утверждениями 0,713350 0,000187
уточнения 1,514128 0,000199
уточнить 2,120264 0,000279
утраченные 2,995732 0,000394
уфа 0,967584 0,000254
уфсб 3,506558 0,000461
уходят 2,407946 0,000316
участвует 2,302585 0,000303
участие -0,009950 -0,000001
участник 1,609438 0,000634
учеб 2,995732 0,000787
учебных 1,049822 0,000138
ученого 2,207275 0,000290
ученой 2,659260 0,000349
ученым 2,207275 0,000290
учетную -0,009950 -0,000001
учетом 0,755023 0,000198
училище 1,021651 0,000134
учитывать 2,120264 0,000279
учпедгиз 0,000000 0,000000
учреждений 0,891598 0,000351
учреждения 0,843970 0,000111
ушакова 2,207275 0,000290
ушедшие 3,506558 0,000461
фабрика 1,272966 0,000502
факта 2,302585 0,000303
фактически 0,916291 0,000120
фактов 1,386294 0,000364
фактоввикипедия 3,506558 0,000461
фасада 3,506558 0,000461
фбуз 3,912023 0,000514
фгбу 2,659260 0,000349
февр 0,820981 0,000108
февраля 0,051293 0,000081
февронии 2,525729 0,000332
федеральная 0,713350 0,000469
федерального 0,673345 0,000177
федеральный 0,653926 0,000258
федеральным 1,771957 0,000233
федеральных 0,776529 0,000306
федерации 0,544727 0,001575
федор 1,560648 0,000205
феодосия 1,966113 0,000258
физико-географическая 0,843970 0,000222
фиксируются 2,813411 0,000370
филармонии 1,469676 0,000193
филармония 1,237874 0,000163
филиал 0,798508 0,000210
философу 3,506558 0,000461
финансы 0,798508 0,000105
финны 2,040221 0,000268
флаг 0,673345 0,000177
флеминга 3,912023 0,000514
фмба 2,995732 0,000394
фольклор 2,659260 0,000349
фольклоре 3,218876 0,000423
фонд -0,009950 -0,000001
формата 1,966113 0,000258
форпостом 3,506558 0,000461
форт-лодердейл 3,912023 0,000514
форт-шевченко 3,218876 0,000423
фотогалерея 3,218876 0,000846
фотографии 1,203973 0,000316
фраги 3,912023 0,000514
фракции 3,218876 0,000423
французы 2,040221 0,000268
фредерик 3,506558 0,000461
фронта 1,514128 0,000199
функционировал 2,995732 0,000394
функционируют 1,427116 0,000375
функция 1,832581 0,000241
футбола 2,120264 0,000279
футбольной 2,525729 0,000332
футбольный 1,203973 0,000158
хаджи 2,813411 0,000739
хаджи-тархан 3,912023 0,004112
хаджи-тархана 3,912023 0,001542
хаджи-тархане 3,912023 0,000514
хаджитархану 3,912023 0,000514
хазар 2,995732 0,000394
хазторокань 3,912023 0,000514
хайяму 3,912023 0,000514
хакасы 2,040221 0,000268
хан 2,659260 0,000349
хана 2,302585 0,001210
хане 3,912023 0,000514
ханен 3,912023 0,000514
ханов 2,995732 0,000394
ханства 2,207275 0,001450
ханстве 3,912023 0,000514
ханство 2,207275 0,002320
ханты-мансийск 1,347074 0,000177
ханы 3,218876 0,000423
харабали 3,506558 0,000461
харабалинский 3,912023 0,000514
характер 0,994252 0,000131
характеристика 0,713350 0,000187
характерны 1,514128 0,000199
харисов 3,912023 0,000514
хатанга 3,218876 0,000423
хвалынск 2,120264 0,000279
хватает 0,843970 0,000222
хибинская 3,912023 0,000514
химической 1,560648 0,000205
хирургии 2,525729 0,000332
хит 2,659260 0,000349
хлебникова 3,912023 0,000514
хлебозавод 2,659260 0,000699
хмельницкого 3,218876 0,000423
ходатайству 2,995732 0,000394
ходе 0,562119 0,000148
хожение 3,218876 0,000846
хозяйство 0,713350 0,000281
холма 2,813411 0,000370
холме 2,407946 0,000316
холмск 3,218876 0,000423
хорошие 2,207275 0,000290
хотел 3,218876 0,000423
хотя 0,653926 0,000086
храм 0,843970 0,000887
храмом 1,897120 0,000249
храмы 1,049822 0,000138
христа 1,966113 0,000258
христианство 1,832581 0,000241
христорождественская 3,912023 0,000514
хрущева 3,218876 0,000423
хулхута 3,506558 0,000461
царев 3,506558 0,000461
царева 3,912023 0,000514
царский 2,525729 0,000332
царском 3,218876 0,000423
царства 1,469676 0,000193
царство 2,040221 0,000536
царь 1,966113 0,000775
царю 2,040221 0,000268
цахуры 2,040221 0,000268
целая 2,813411 0,000370
целителя 2,813411 0,000370
целью 0,733969 0,000096
целях 1,171183 0,000154
центр 0,400478 0,000737
центра 0,562119 0,000369
центральная 0,755023 0,000198
центрального 0,967584 0,000127
центральную 1,832581 0,000241
центральный 0,673345 0,000088
центре 0,673345 0,000177
центром 0,713350 0,000281
центры 0,713350 0,000375
церкви 0,916291 0,000241
церковь 0,843970 0,001996
церковью 2,207275 0,000290
цирк 1,078810 0,000142
цитархан 3,912023 0,000514
цитаты 2,813411 0,000370
цитрахан 3,912023 0,000514
цитрахане 3,912023 0,000514
цифре 3,506558 0,000461
цифровое 1,514128 0,000398
цифровую 3,218876 0,000423
цифровые 0,673345 0,000088
цума 2,995732 0,000394
цыгане 1,714798 0,000225
цытрахань 3,912023 0,000514
чалус 3,218876 0,000423
часов 1,078810 0,000283
часовня 1,771957 0,000233
часовой 0,755023 0,000397
части 0,198451 0,000078
часто 0,415515 0,000055
частота 1,660731 0,000873
частоту 3,506558 0,000461
часть 0,105361 0,000083
частями 1,714798 0,000225
чебоксары 1,171183 0,000308
чеканки 3,218876 0,000423
чел 0,713350 0,000281
челеби 3,506558 0,000461
человек 0,400478 0,000631
челябинск 0,994252 0,000131
чемпион 1,660731 0,000436
чемпионатов 2,302585 0,000303
черемисинов 3,912023 0,000514
черкесии 3,506558 0,000461
черкесск 3,218876 0,000423
черкесы 1,832581 0,000241
черная 1,714798 0,000225
чернобыльский 3,912023 0,000514
черном 2,659260 0,000349
черноморского 2,407946 0,000316
черноморское 2,120264 0,000279
черноярский 3,912023 0,000514
черный 1,386294 0,000182
чернышевского 2,659260 0,000349
чернышеского 3,912023 0,000514
черский 2,995732 0,000394
честь 0,562119 0,000222
четверике 3,912023 0,000514
четко 1,897120 0,000249
чехи 2,040221 0,000268
чехова 2,207275 0,000290
чеченцы 1,714798 0,000225
чин 3,912023 0,000514
числе 0,248461 0,000033
численности 0,653926 0,000258
численность 0,653926 0,002406
численностью 1,049822 0,000276
числилось 3,506558 0,000461
число 0,478036 0,000126
чистополь 2,995732 0,000394
чита 1,237874 0,000163
читается 3,218876 0,000423
читатьправитьправить 0,494296 0,000065
чкаловск 2,040221 0,000268
членом 1,897120 0,000249
члены 1,966113 0,000258
чуваши 1,237874 0,000163
чукотского 2,995732 0,000394
чукчи 2,207275 0,000290
чумы 3,912023 0,000514
чуркинский 3,912023 0,000514
шаблонами 0,634878 0,000083
шапке 3,506558 0,000461
шареный 3,912023 0,001028
шатровая 3,506558 0,000461
шахтерск 3,218876 0,000423
шелк 3,218876 0,000423
школа 0,891598 0,000117
шлюмберже 3,912023 0,000514
шмидта 2,407946 0,000633
шнайдштейн 3,912023 0,000514
шоссе 1,427116 0,000563
шрифтом 2,040221 0,000268
штатам 3,912023 0,000514
шуя 3,912023 0,000514
эвенки 2,120264 0,000279
эвены 2,407946 0,000316
эвлии 3,912023 0,000514
эгвекинот 3,218876 0,000423
эгидой 2,302585 0,000303
экерем 3,218876 0,000423
экз 0,415515 0,000109
экономика 0,510826 0,000201
экономический 1,139434 0,000150
экспорт -0,009950 -0,000001
электронная 1,237874 0,000163
электропоезда 2,207275 0,000290
электростанциями 3,912023 0,000514
электротранспорта 2,659260 0,000349
электроэнергии 1,660731 0,000436
элементов 1,309333 0,000172
элиста 2,813411 0,000739
элисту 3,218876 0,000423
эльвира 3,218876 0,000846
эльга 3,218876 0,000423
энгельс 1,832581 0,000241
энергетиков 3,218876 0,000423
энергия 2,040221 0,000268
энерджи 3,506558 0,000461
энтони 2,995732 0,000394
энтузиасты-астраханцы 3,912023 0,000514
энциклопедии -0,009950 -0,000004
энциклопедический 0,733969 0,000386
энциклопедия 0,210721 0,000166
эпидемиологии 3,218876 0,000423
эпидемия 2,995732 0,000394
эпоха 1,771957 0,000233
эпоху 1,386294 0,000911
эрзянь 0,000000 0,000000
эспланадная 3,912023 0,000514
эспланадной 3,912023 0,000514
эстонцы 1,771957 0,000233
эта 0,000000 0,000000
этимология 0,616186 0,000162
этнограф 3,218876 0,000423
этноса 3,912023 0,000514
это 0,000000 0,000000
этому 0,755023 0,000099
эфире 2,813411 0,000370
эфирное 1,714798 0,000451
эшелоне 3,912023 0,000514
ю-в 0,000000 0,000000
ю-з 0,000000 0,000000
юбилей 2,207275 0,000290
юбилейный 0,820981 0,000216
ювелирное 3,912023 0,000514
юг-терминал 3,912023 0,001028
юго-восток 2,120264 0,000279
юго-востоке 1,771957 0,000466
юго-востоку 2,040221 0,000268
юго-восточные 2,659260 0,000349
южная 0,941609 0,000247
южнокорейского 3,912023 0,000514
юмор 1,966113 0,000258
юного 1,560648 0,000410
юношеская 2,120264 0,000279
юрием 2,302585 0,000303
юрино 2,120264 0,000279
юрьевец 2,120264 0,000279
юрьевна 2,813411 0,000370
яблоком 3,506558 0,000461
яблочкова 3,506558 0,000461
является 0,094311 0,000149
являлась 2,040221 0,000268
являлся 1,347074 0,000531
являются 0,248461 0,000033
явно 2,659260 0,000699
явных 3,912023 0,000514
ядро 1,660731 0,000218
язык 0,116534 0,000015
языками 1,386294 0,000182
языках -0,009950 -0,000004
языки 1,309333 0,000172
языком 1,514128 0,000199
языку 2,302585 0,000303
якобы 2,995732 0,000394
якутск 1,203973 0,000158
якуты 1,714798 0,000225
ялта 2,659260 0,000349
ямгурчеем 3,912023 0,000514
ямгурчей 3,912023 0,000514
ямгурчею 3,912023 0,000514
ямгурчея 3,912023 0,000514
ямки 3,506558 0,000461
янв 0,820981 0,000108
январе 1,427116 0,000188
январь 0,941609 0,000124
января 0,116534 0,000505
японского 2,659260 0,000349
японцы 2,120264 0,000279
ярославль 1,078810 0,000425
яру 2,995732 0,000394
ярус 2,525729 0,000332
ясы 3,912023 0,000514
ят-сена 3,912023 0,001028
яшкуль 3,506558 0,000461
