абсолютный 0,798508 0,000160
абхазы 1,832581 0,000184
аванпорт 3,912023 0,000392
аварии 2,120264 0,000212
аварий 2,813411 0,000282
аварцы 1,771957 0,000177
авг 0,820981 0,000082
август 1,237874 0,000248
августа 0,072571 0,000218
августе 0,994252 0,000299
августовна 3,912023 0,000392
авиа 3,218876 0,000322
авиакомпания 2,302585 0,000231
авиалинии 2,525729 0,000506
авиацией 2,995732 0,000600
авиационных 2,813411 0,000282
австрии 2,659260 0,000266
авто 2,525729 0,000253
автобус 1,021651 0,000102
автобуса 2,207275 0,000221
автобусное 2,040221 0,000409
автобусные 1,966113 0,000197
автобусный 2,120264 0,000212
автобусных 1,609438 0,000322
автобусов 1,469676 0,000147
автобусом 2,659260 0,000266
автовокзал 1,427116 0,000286
автовокзале 3,912023 0,000392
автовокзалом 3,506558 0,000351
автодорога 1,427116 0,000286
автодороги 1,609438 0,000484
автокинотеатр 3,506558 0,000351
автомагистрали 2,120264 0,000212
автомобилей 1,272966 0,000765
автомобилестроительное 3,912023 0,000392
автомобили 1,966113 0,000197
автомобилизированных 3,912023 0,000392
автомобильного 1,771957 0,000177
автомобильный 1,049822 0,000421
автоперевозчик 3,912023 0,000392
автор 0,994252 0,000100
авторадио 1,897120 0,000190
авторитетные 0,941609 0,000094
авторов 1,386294 0,000139
авторства -0,009950 -0,000001
авторы 1,660731 0,000166
автотор 3,912023 0,000392
автотранспорта 1,897120 0,000190
автотранспортный 2,813411 0,000282
автотранспортом 2,813411 0,000282
агломерации 0,916291 0,000184
агломерация 0,867501 0,000087
агулы 1,832581 0,000184
адальберта 3,912023 0,000784
адам 2,407946 0,000241
адамсит 3,912023 0,000392
адаптации 2,995732 0,000300
адлер 2,659260 0,000266
административно-территориальное 0,820981 0,000082
административно-территориальном 1,309333 0,000131
административное 0,843970 0,000254
административную 2,995732 0,000300
административные 1,514128 0,000152
административный 0,843970 0,000085
административных 1,309333 0,000131
администрации 0,843970 0,001268
администрацию 2,207275 0,000221
администрация 0,941609 0,000566
адмирала 2,207275 0,000221
адрес 1,609438 0,000161
адреса 1,897120 0,000190
адресу 1,966113 0,000197
адыгейцы 1,897120 0,000190
аза 3,912023 0,000392
азербайджанцы 1,139434 0,000114
айбулатов 3,912023 0,000392
айвазовский 2,659260 0,000266
айвазовского 2,659260 0,000266
айзикович 3,912023 0,000392
айнбек 3,912023 0,000392
академии 0,693147 0,000069
академия 0,798508 0,000240
акватории 1,660731 0,000166
активно 0,755023 0,000076
активное 1,469676 0,000147
александр 0,693147 0,000347
александра 0,820981 0,000411
александрович 1,609438 0,000484
александровна 3,506558 0,000703
александру 1,966113 0,000394
алексеев 2,207275 0,000221
алексеевич 2,040221 0,000204
алексей 1,049822 0,000210
алексея 1,514128 0,000152
ален 3,912023 0,000392
алиханова 3,912023 0,000392
алихановым 3,912023 0,000392
алла 2,995732 0,000300
аллендорф 3,912023 0,000392
алтайцы 1,966113 0,000197
алфавитувикипедия 0,776529 0,000078
алфавитунаселенные 0,867501 0,000087
альбом 2,120264 0,000425
альбрехта 3,506558 0,000351
альбрехту 3,912023 0,000392
альпина 2,407946 0,000241
альт-россгартенская 3,912023 0,000392
альтена 3,912023 0,000392
альтштадт 3,912023 0,000392
альтштадтская 3,912023 0,000392
альфельд 3,912023 0,000392
амадея 3,912023 0,000392
амалиенау 3,912023 0,000392
американского 2,207275 0,000221
американскому 2,995732 0,000300
американцы 1,966113 0,000197
аминов 3,912023 0,000784
аналогичных 2,659260 0,000266
ананьевич 3,912023 0,000392
анатолий 1,714798 0,000172
англ 0,174353 0,000070
англо-американской 3,912023 0,000392
андрей 0,967584 0,000388
андрея 1,832581 0,000551
аникушин 3,912023 0,000784
анималистических 3,912023 0,000392
анна 1,714798 0,000172
антверпен 3,506558 0,000351
антигитлеровской 3,506558 0,000351
антона 3,506558 0,000351
антоном 3,912023 0,000392
апарт-отель 3,912023 0,000392
апкмк 3,912023 0,000392
аполлон-лихтшпилле 3,912023 0,000392
апполонова 3,912023 0,000392
апр 0,798508 0,000080
апреле 0,994252 0,000100
апрель 1,469676 0,000147
апреля 0,174353 0,000646
арабы 1,832581 0,000184
арбитражный 2,207275 0,000221
арена 1,427116 0,000143
арене 2,525729 0,000253
аркадий 2,302585 0,000461
армении 2,302585 0,000231
армения 2,040221 0,000204
армией 2,302585 0,000231
армии 1,049822 0,000105
армяне 1,021651 0,000307
арнем 3,912023 0,000392
арнсберг 3,912023 0,000392
арсентьевич 3,912023 0,000392
артемович 3,912023 0,000784
артиллерийской 3,218876 0,000322
артмович 3,912023 0,000392
артподготовки 3,912023 0,000392
арунас 3,912023 0,000392
арх 0,544727 0,000055
архив 0,462035 0,000093
архивировано 0,020203 0,000275
архивная 0,400478 0,000361
архивной 0,713350 0,000071
архипович 3,506558 0,000351
архитектор 1,427116 0,000143
архитекторов 2,525729 0,000253
архитекторы 1,469676 0,000294
архитектура 0,755023 0,000227
архитектуре 1,609438 0,000161
архитектурный 1,660731 0,000166
архитектурных 1,832581 0,000184
ассирийцы 1,832581 0,000184
аст 0,820981 0,000082
астрономический 3,218876 0,000645
астрономическим 3,506558 0,000351
атаки 2,995732 0,000300
атеисты 3,912023 0,000392
атлантического 2,207275 0,000221
атлантическому 3,912023 0,000392
атомных 3,218876 0,000322
аттендорн 3,912023 0,000392
аусфальские 3,912023 0,000392
ауэрсвальд 3,912023 0,000392
афанасий 2,659260 0,000266
афанасьевич 2,995732 0,000300
ашерслебен 3,912023 0,000392
ашманна 3,912023 0,000784
аэродром 1,514128 0,000152
аэропорт 0,843970 0,000338
аэропорта 1,049822 0,000315
аэропортов 2,302585 0,000231
аэропортом 2,407946 0,000241
аэропорту 1,609438 0,000161
аэс 3,218876 0,000322
багратионовск 3,912023 0,000784
багратионовский 3,912023 0,000392
базе 0,776529 0,000078
базировалась 3,506558 0,000351
базируется 2,407946 0,000241
байк-шоу 3,912023 0,000392
балдур 3,912023 0,000392
балкарцы 2,040221 0,000204
балтийск 3,218876 0,002257
балтийска 3,912023 0,000392
балтийская 2,813411 0,000564
балтийские 3,218876 0,000322
балтийский 2,813411 0,001973
балтийского 1,897120 0,001710
балтийское 2,407946 0,000241
балтийском 2,995732 0,001500
балтик 3,912023 0,000392
балтика 2,659260 0,000533
балтика-тарко 3,912023 0,000392
балтике 3,218876 0,000322
балтики 3,506558 0,001054
бальве 3,912023 0,000392
барановичи 3,912023 0,000392
барнеков 3,912023 0,000392
барону 3,912023 0,000392
баррикады 2,040221 0,000204
бастион 3,218876 0,000967
бастионом 3,912023 0,000392
бастионы 3,912023 0,000392
баху 3,506558 0,000351
баш 3,506558 0,000351
башен 2,207275 0,000221
башкиры 1,347074 0,000135
башне 3,218876 0,000322
башней 2,995732 0,000300
башни 1,771957 0,000355
башня 1,469676 0,000294
башнях 3,912023 0,000392
бгарф 3,912023 0,000392
бедефельд 3,912023 0,000392
безвизового 3,912023 0,000392
безопасности 1,139434 0,000114
беккум 3,912023 0,000392
бел 3,912023 0,000392
беларуская 0,000000 0,000000
беларускаябългарски 0,000000 0,000000
беларусь 1,237874 0,000868
беларусью 3,506558 0,000351
белекке 3,912023 0,000392
белобородов 3,912023 0,000392
белогова 3,912023 0,000392
белое 1,714798 0,000172
белорусов 2,813411 0,000564
белоруссия 3,912023 0,000392
белорусы 1,203973 0,000362
белосток 3,912023 0,000784
бельгия 2,525729 0,000253
беляев 2,407946 0,000241
берген 3,912023 0,000392
бергене 3,506558 0,000351
берег 1,021651 0,000205
берега 0,916291 0,000092
берегах 1,386294 0,000139
берегу 0,616186 0,000123
берик-апон-туид 3,912023 0,000392
берлин 2,813411 0,000845
берлин-лихтенберг 3,912023 0,000392
берлинский 3,912023 0,000392
берлинской 2,995732 0,000300
беспересадочным 3,912023 0,000392
бесселя 3,912023 0,000392
библиографических 0,094311 0,000009
библиотек 0,967584 0,000097
библиотека 0,462035 0,000231
библиотеки 0,843970 0,000507
бигорк 3,912023 0,000392
бизнеса 0,967584 0,000291
билета 3,218876 0,000322
билефельд 3,912023 0,000392
билль 3,912023 0,000392
биометрический 3,912023 0,000392
биполярная 3,912023 0,000392
биржа 2,407946 0,000241
биржи 2,302585 0,000231
благодаря 0,527633 0,000053
благочиние 3,218876 0,000322
благочиний 3,506558 0,000351
бланкенштайн 3,912023 0,000392
ближе 2,120264 0,000212
близости 1,897120 0,000570
бмв 3,912023 0,000392
бобровски 3,912023 0,000392
богатова 3,506558 0,000351
богданов 2,995732 0,000300
богородицы 1,272966 0,000128
боденвердер 3,912023 0,000392
боевых 1,966113 0,000788
бой 2,659260 0,000266
бокарева 3,506558 0,000351
боккенем 3,912023 0,000392
болгарии 2,302585 0,000231
болгары 1,897120 0,000190
большаково 3,912023 0,000784
большая 0,072571 0,000051
большие 0,891598 0,000089
больших 1,272966 0,000128
большое 0,544727 0,000055
большой 0,328504 0,000165
большую 0,891598 0,000179
бомб 3,218876 0,000645
бомбардировка 3,506558 0,000703
бомбардировки 3,912023 0,000392
боргентрайх 3,912023 0,000392
борис 1,660731 0,000166
борисов 2,659260 0,000266
боркен 3,912023 0,000392
борьбу 2,302585 0,000231
борьбы 1,386294 0,000139
борющиеся 3,912023 0,000784
бостон 3,912023 0,000392
ботанический 1,609438 0,000322
бохольт 3,912023 0,000392
бохум 3,912023 0,000392
боцман 3,912023 0,000392
бочек 3,506558 0,000351
бракель 3,912023 0,000392
бранд 3,912023 0,000392
бранденбург 3,912023 0,000392
бранденбург-на-хафеле 3,912023 0,000392
бранденбургские 3,912023 0,000784
бранево 3,912023 0,000392
браун 3,506558 0,000351
браунсберг 3,912023 0,000392
брауншвейг 3,506558 0,000351
бреккерфельд 3,912023 0,000392
бремен 3,912023 0,000392
бремерхафен 3,912023 0,000392
бреслау 3,912023 0,000392
брест 2,525729 0,000506
брилон 3,912023 0,000392
британской 2,813411 0,000282
британцы 2,120264 0,000212
брокгауза 0,328504 0,000099
бронзарт 3,912023 0,000392
бруно 3,506558 0,000351
брусничная 3,912023 0,000392
брусничной 3,912023 0,000392
брусчаткой 3,912023 0,000392
брюгге 3,912023 0,000392
брюгген 3,912023 0,000392
будапешт 3,506558 0,000351
будущем 1,966113 0,000197
букстехуде 3,912023 0,000392
бургкирха 3,912023 0,000392
бургомистры 3,912023 0,000392
буряад 0,000000 0,000000
буряты 1,714798 0,000172
буткова 3,912023 0,000392
бфу 3,912023 0,000784
бывшая 1,660731 0,001331
бывшего 1,021651 0,000409
бывшее 1,897120 0,000380
бывшей 1,514128 0,000455
бывшие 1,771957 0,000177
бывший 1,108663 0,000333
бывших 1,897120 0,000380
быстрорастущей 3,912023 0,000392
быстрыми 2,813411 0,000282
бюджет 1,771957 0,000177
бюджета 1,309333 0,000131
бюро 1,427116 0,000143
бялогард 3,912023 0,000392
вагоном 3,912023 0,000392
вагоностроительной 3,912023 0,000392
вагоностроительном 3,912023 0,000392
вадим 2,407946 0,000482
важнейшие 2,302585 0,000231
важнейшим 2,407946 0,000241
важную 1,771957 0,000177
важных 1,714798 0,000172
вал 2,207275 0,000221
вала 2,995732 0,000300
валерий 1,714798 0,000172
валерьевич 2,659260 0,000266
валленродта 3,912023 0,000392
валы 2,407946 0,000241
вального 3,912023 0,001176
варбург 3,912023 0,000392
варендорф 3,912023 0,000392
варианты 1,309333 0,000131
варшава 2,813411 0,000282
варштайн 3,912023 0,000392
василевский 3,506558 0,000351
василевского 3,912023 0,000392
василевскому 3,912023 0,000392
василий 1,386294 0,000139
васильевич 1,609438 0,000322
ваттеншайд 3,912023 0,000392
вашла 0,000000 0,000000
введена 1,897120 0,000190
введенская 3,218876 0,000322
ввысь 3,506558 0,000351
вгтрк 2,525729 0,000506
ведет 1,203973 0,000121
везель 3,912023 0,000392
век 0,733969 0,000074
века 0,248461 0,000124
веках 1,021651 0,000102
веке 0,597837 0,000060
великая 1,514128 0,000152
великих 1,832581 0,000184
великого 1,203973 0,000121
великой 0,653926 0,000131
велось 1,966113 0,000197
вена 3,218876 0,000322
венгры 1,966113 0,000197
венден 3,912023 0,000392
венло 3,912023 0,000392
вентспилс 3,506558 0,000351
вепсы 2,525729 0,000253
вера 1,560648 0,000156
вербен 3,912023 0,000392
верль 3,912023 0,000392
вермахту 3,218876 0,000322
верне 3,912023 0,000392
версии 0,446287 0,000045
версия -0,009950 -0,000004
верхнего 1,609438 0,000322
верхний 1,427116 0,000429
верховного 1,272966 0,000255
веселов 3,218876 0,000322
весенний 2,207275 0,000221
весна 1,469676 0,000147
вест 3,912023 0,000784
вест-звезда 3,912023 0,000392
вести 0,843970 0,000085
вестфалия 3,912023 0,000392
вестхофен 3,912023 0,000392
весь 0,755023 0,000151
ветеранам-восстановителям 3,912023 0,000392
ветераны 3,218876 0,000322
ветка 2,120264 0,000212
ветра 1,049822 0,000105
ветров 0,843970 0,000085
веттер 3,912023 0,000392
вец 0,000000 0,000000
вечерние 2,813411 0,000282
вещание 1,203973 0,000121
вещанием 2,995732 0,000300
вещей 2,207275 0,000221
веществ 1,171183 0,000587
взаимное 3,506558 0,000351
взамен 1,832581 0,000184
взваливает 3,912023 0,000392
взяли 2,407946 0,000482
взятие 3,218876 0,000322
виде 0,235722 0,000024
виденбрюк 3,912023 0,000392
видов 0,616186 0,000185
видоизменялась 3,912023 0,000392
визитов 3,506558 0,000351
визовую 3,912023 0,000392
визовые 2,995732 0,000600
визовый 2,525729 0,000506
визу 3,218876 0,000322
викигид 1,660731 0,000166
викигиде 0,776529 0,000156
викигидепроект 3,218876 0,000322
викиданные 0,776529 0,000078
викиданных -0,009950 -0,000001
викиданныхнп 2,995732 0,000300
викимедиа -0,009950 -0,000001
викиновостейвикипедия 3,218876 0,000322
викиновостях 3,218876 0,000322
википедии -0,009950 -0,000002
википедия -0,009950 -0,000010
викискладвикиновостивикицитатниквикигидэлемент 1,272966 0,000128
викискладвикипедия 1,469676 0,000147
викискладе 0,174353 0,000017
викискладепутеводитель 0,713350 0,000071
викитекемедиафайлы 1,272966 0,000128
викитеку 1,347074 0,000135
викицитатник 1,272966 0,000128
викицитатникетексты 1,427116 0,000143
виктор 1,386294 0,000417
викторенко 3,912023 0,000392
викторович 2,207275 0,000442
вилл 3,218876 0,000322
вильгельм 3,218876 0,000322
вильно 0,000000 0,000000
вильнюс 2,995732 0,000900
вильнюса 3,506558 0,000351
виндава 3,912023 0,000392
висбю 3,912023 0,000392
висмар 3,912023 0,000392
витязь 3,912023 0,000784
включает 0,462035 0,000046
включая 0,527633 0,000053
включены 1,560648 0,000156
включили 2,995732 0,000300
включительно 2,995732 0,000300
владение 1,427116 0,000143
владениями 3,506558 0,000351
владивостока 2,525729 0,000253
владимир 0,733969 0,000294
владимиров 3,506558 0,000703
владимировна 2,813411 0,000282
влажность 1,171183 0,000117
властей 1,714798 0,000344
власти 0,634878 0,000318
власть 0,733969 0,000074
влаф 3,912023 0,000784
влиянию 3,218876 0,000322
вместе 0,510826 0,000154
вместимость 2,813411 0,000282
вместо 0,798508 0,000080
вмещают 3,506558 0,000351
вмф 2,207275 0,000442
внешние 0,051293 0,000005
вновь 0,755023 0,000076
внутреннего 2,120264 0,000212
внутреннее 0,733969 0,000074
внутренних 1,237874 0,000124
внутригородских 1,514128 0,000152
вов 2,120264 0,000212
водный 1,237874 0,000248
воды 0,653926 0,000066
воениздат 2,813411 0,000282
военная 1,108663 0,000111
военно-исторический 1,832581 0,000367
военно-морская 3,506558 0,000351
военно-морского 2,407946 0,000724
военно-морское 3,218876 0,000322
военно-морской 2,995732 0,000600
военного 1,309333 0,000131
военному 3,506558 0,000351
военные 1,237874 0,000124
военный 1,272966 0,000255
возврат 2,407946 0,000241
возвращении 2,525729 0,000253
возглавляемая 3,506558 0,000351
возглавляет 2,120264 0,000212
воздвигнута 3,218876 0,000322
воздействие 1,514128 0,000152
воздействия 1,714798 0,000344
воздуха 0,733969 0,000074
воздушная 3,218876 0,000322
воздушной 2,407946 0,000241
воздушный 1,514128 0,000303
воздушных 1,347074 0,000135
возложено 3,506558 0,000351
возможен 2,120264 0,000212
возможность 0,616186 0,000062
возникновению 2,525729 0,000253
воинам-интернационалистам 3,218876 0,000322
воинам-танкистам 3,506558 0,000351
войне 1,049822 0,000315
войны 0,478036 0,000766
войск 1,347074 0,000270
войска 1,237874 0,000124
войсками 1,386294 0,000417
вокзал 0,820981 0,000411
вокзала 0,967584 0,000485
вокзале 2,525729 0,000253
вокруг 0,693147 0,000069
волейбола 3,218876 0,000322
волейболу 2,207275 0,000221
волейбольной 2,813411 0,000282
волейбольный 1,966113 0,000197
волик 3,912023 0,000392
волин 3,506558 0,000351
волки 2,995732 0,000300
волна 1,427116 0,000143
вологда 1,203973 0,000121
волшебные 0,040822 0,000004
вольмар 3,912023 0,000392
вопрос 0,967584 0,000291
ворот 2,659260 0,000533
ворота 1,347074 0,001619
воротах 3,912023 0,000392
восемь 1,660731 0,000166
воскресения 2,659260 0,000266
воспитанниками 3,506558 0,000351
воссоздание 2,995732 0,000300
восстанавливался 3,218876 0,000645
восстанавливать 2,995732 0,000600
восстановить 2,120264 0,000212
восстановлен 1,771957 0,000355
восстановление 1,609438 0,000161
восстановлении 2,659260 0,000266
восстановлению 2,207275 0,000442
восстановления 1,897120 0,000380
восстановленный 2,813411 0,000282
восстановлено 2,525729 0,000506
востоку 1,514128 0,000152
восточная 1,309333 0,000262
восточно-прусская 3,912023 0,000392
восточно-прусской 3,912023 0,000392
восточной 0,693147 0,000139
восход 2,302585 0,000231
восьми 2,407946 0,000241
впадает 1,771957 0,000532
впадении 1,660731 0,000166
впадения 1,514128 0,000152
впервые 0,385662 0,000077
вплоть 1,108663 0,000222
впоследствии 0,653926 0,000131
врангель 3,912023 0,000392
врангеля 2,659260 0,000266
врасплох 3,912023 0,000392
врачи 2,659260 0,000266
врезками 3,218876 0,000322
временем 0,616186 0,000062
времени 0,186330 0,000168
временно 1,309333 0,000131
время 0,030459 0,000034
врио 2,302585 0,000231
всей 0,693147 0,000069
всероссийская 0,843970 0,000085
всероссийский 1,469676 0,000147
всероссийской 0,713350 0,000286
всесоюзная 0,843970 0,000338
всесоюзного 2,813411 0,000282
всея 2,207275 0,000221
вследствие 1,203973 0,000121
вступила 2,525729 0,000253
вступление 2,659260 0,000266
вторжения 1,771957 0,000177
вторичном 3,506558 0,000351
второго 1,139434 0,000342
второй 0,274437 0,000385
второстепенные 3,506558 0,000351
вузов 0,891598 0,000089
вучетич 3,912023 0,000392
входит 0,653926 0,000262
входят 0,713350 0,000071
вхождения 2,995732 0,000300
вширь 3,912023 0,000392
въезд 2,813411 0,000282
въезжает 3,912023 0,000392
выбирает 2,995732 0,000300
выборах 1,514128 0,000152
выборов 1,897120 0,000190
выборы 1,347074 0,000405
выглядел 2,995732 0,000300
выгодным 2,813411 0,000282
выдается 2,813411 0,000282
выдано 3,912023 0,000392
выделены 1,560648 0,000156
выделить 1,386294 0,000139
выезд 3,218876 0,000322
вызванном 3,912023 0,000392
вып 0,798508 0,000160
выпуск 0,916291 0,000092
выпуске 2,995732 0,000300
выпуски 3,218876 0,000322
выселены 3,506558 0,000351
высказался 2,813411 0,000282
высказываются 3,506558 0,000351
высокий 1,347074 0,000135
высокого 1,514128 0,000303
высоком 2,040221 0,000204
высота 0,562119 0,000056
высоцкому 2,995732 0,000300
выставок 2,525729 0,000253
выставочных 2,302585 0,000231
выступал 2,525729 0,000253
выступающий 2,407946 0,000241
выступил 2,302585 0,000231
высшая 1,386294 0,000139
высшее 1,021651 0,000716
вытекает 3,218876 0,000322
выходила 2,659260 0,000266
выходить 2,525729 0,000253
вэнс 3,912023 0,000392
гагаузы 1,966113 0,000197
гаевской 3,912023 0,000392
газета 0,616186 0,000185
газманов 3,912023 0,000392
гайдара 2,525729 0,000506
галереи 1,771957 0,000177
галина 2,207275 0,000221
галле 3,506558 0,000351
гамбург 3,506558 0,000703
гамбурга 3,506558 0,000351
ганзапобережье 3,912023 0,000392
ганзейская 3,912023 0,000392
ганновер 3,912023 0,000392
гаранина 3,506558 0,000351
гарделеген 3,912023 0,000392
гарнизон 2,302585 0,000231
гауль 3,912023 0,000392
гауля 3,912023 0,000392
гбоу 3,218876 0,000322
гвардейск 3,912023 0,000784
гвардейские 3,912023 0,000392
гвардейский 3,506558 0,000351
гвардейском 3,506558 0,000703
гвардейцам 3,912023 0,000784
гданьск 2,813411 0,001973
гдыня 3,506558 0,000703
гезеке 3,912023 0,000392
гелиопарк 3,912023 0,000392
гельвиг 3,912023 0,000392
генерала 1,832581 0,000551
генерального 1,514128 0,000303
генеральное 2,407946 0,000724
генеральным 2,525729 0,000253
геннадий 2,302585 0,000231
геннадьевна 3,912023 0,000392
генпланом 2,995732 0,000300
географическое 0,693147 0,000139
географической 0,798508 0,000080
география 0,462035 0,000231
геологии 2,407946 0,000241
геологической 2,525729 0,000253
геополитическим 3,912023 0,000392
георг 2,995732 0,000300
георгий 1,560648 0,000156
георгия 1,897120 0,000380
герб 0,820981 0,000247
германией 2,302585 0,000923
германии 1,427116 0,000715
германиивоенные 3,912023 0,000392
германию 2,813411 0,000564
германия 1,203973 0,001085
героям 2,040221 0,001022
героям-комсомольцам 3,912023 0,000392
герцог 3,506558 0,000351
герцога 3,912023 0,000392
герцогу 3,912023 0,000392
гершбург 3,912023 0,000392
гетеборг 3,912023 0,000392
геттинген 3,912023 0,000392
гидробиологический 3,506558 0,000351
гидрографических 3,218876 0,000322
гимн 0,820981 0,000082
гимназии 1,469676 0,000147
гиндерзинн 3,912023 0,000784
гиппель 3,912023 0,000392
гкгн 0,994252 0,000100
гкгнпро 0,916291 0,000092
глава 0,673345 0,000742
главная 1,078810 0,000324
главнейших 3,912023 0,000392
главного 1,237874 0,000124
главной 0,941609 0,000094
главный 0,916291 0,000184
главным 0,967584 0,000097
главой 1,309333 0,000262
главы 0,967584 0,000388
глобальный 2,302585 0,000231
гмии 3,912023 0,000392
гнейзенау 3,912023 0,000392
год 0,235722 0,000874
года -0,009950 -0,000252
годавикипедия 0,616186 0,000062
годах 0,385662 0,000309
годов 0,356675 0,000250
году 0,072571 0,000393
годуглавы 3,912023 0,000392
годы 0,356675 0,000250
голенюв 3,912023 0,000392
голосования 2,207275 0,000221
голубой 2,040221 0,000204
гольдинген 3,912023 0,000392
гольфстрима 3,506558 0,000351
гомель 1,966113 0,000197
гора 1,139434 0,000228
гордость 2,120264 0,000212
горе 1,771957 0,000532
город 0,544727 0,002183
город-спутник 2,407946 0,000241
города 0,430783 0,003150
города-партнеры 1,771957 0,000355
города-побратимы 0,891598 0,000179
городам 0,798508 0,000080
городами 0,916291 0,000092
городе 0,693147 0,001597
городецкая 1,660731 0,000166
городилов 3,912023 0,000392
городища 2,120264 0,000212
городкалининград 3,912023 0,000392
городов 0,579818 0,000871
городов-организаторов 3,506558 0,000351
городов-хозяев 3,506558 0,000351
городом 0,798508 0,000320
городом-крепостью 3,912023 0,000392
городпро 0,867501 0,000087
городская 0,843970 0,000085
городские 0,941609 0,000660
городским 0,798508 0,000160
городских 0,713350 0,001429
городского 0,693147 0,001041
городское 1,203973 0,000241
городской 0,755023 0,001134
городском 1,427116 0,000143
городу 0,798508 0,000560
госархив 3,912023 0,000392
госбюджет 3,506558 0,000351
госкомстат 0,891598 0,000179
гослар 3,912023 0,000392
госпиталь 2,659260 0,000266
гостиниц 1,427116 0,000143
гостиницами 2,995732 0,000300
гостиницах 3,506558 0,000351
гостиницей 2,813411 0,000282
гостиницы 1,347074 0,000405
государств 1,203973 0,000121
государственная 0,941609 0,000189
государственного 0,616186 0,000062
государственное 0,776529 0,000078
государственной 0,616186 0,000432
государственном 1,714798 0,000172
государственный 0,430783 0,000345
государственными 2,659260 0,000266
готики 3,912023 0,000392
готский 3,912023 0,000392
гофмана 3,506558 0,001054
гоффманн 3,912023 0,000392
градоначальники 1,771957 0,000177
градостроительства 1,966113 0,000197
граждан 1,309333 0,000393
гражданам 2,995732 0,000900
граждане 1,108663 0,000555
гражданин 1,309333 0,000262
гражданских 2,525729 0,000253
гражданской 0,967584 0,000097
гражданство 2,995732 0,000300
грайфсвальд 3,912023 0,000392
гран-при 2,207275 0,000221
гранд-холл 3,912023 0,000392
границ 0,916291 0,000184
граница 1,139434 0,000228
границах 1,078810 0,000108
границе 1,347074 0,000135
границы 0,867501 0,000174
графов 2,995732 0,000300
гребен 3,912023 0,000392
грейт-ярмут 3,912023 0,000392
греки 1,660731 0,000166
грефенштайн 3,912023 0,000392
греции 1,560648 0,000156
греция 2,302585 0,000231
греческий 2,813411 0,000282
григорий 1,832581 0,000367
григорьевич 2,207275 0,000663
грит 3,912023 0,000392
гришковец 3,912023 0,000392
гродно 3,218876 0,000645
грозмани 3,912023 0,000392
грольман 3,912023 0,000392
гронау 3,912023 0,000392
гронинген 3,912023 0,000784
грузины 1,609438 0,000161
грузовой 1,514128 0,000152
грузовые 1,771957 0,000177
грузооборот 2,525729 0,000253
груничева 3,912023 0,000392
групп 1,514128 0,000152
группа 0,693147 0,000069
группового 3,218876 0,000322
грыфице 3,912023 0,000392
гтрк 1,049822 0,000526
губернатор 1,272966 0,000255
губернатора 1,237874 0,000496
губернаторов 2,995732 0,000300
губернатором 1,966113 0,000197
гузий 3,912023 0,000392
гуп 2,813411 0,000282
гурьевск 3,218876 0,000645
гурьевский 3,218876 0,000322
гусев 2,813411 0,000282
гусевский 3,912023 0,000392
гуюань 3,912023 0,000392
гюцков 3,912023 0,000392
далее 0,693147 0,000278
дальнего 1,514128 0,000152
дальнейшем 1,309333 0,000131
далянь 3,506558 0,000351
дамме 3,912023 0,000392
дании 2,659260 0,000266
дания 2,407946 0,000482
данному 1,966113 0,000197
данным 0,415515 0,000042
данциг 3,912023 0,000392
дар 2,525729 0,000253
даргинцы 1,832581 0,000184
дарлово 3,912023 0,000392
дата 0,030459 0,000375
датская 0,342490 0,000034
датских 3,218876 0,000322
двадцать 2,040221 0,000204
движение 0,820981 0,000164
движения 0,733969 0,000294
двор 1,771957 0,000532
дворец 0,967584 0,000097
двукратная 3,218876 0,000322
двукратное 3,912023 0,000392
двукратным 3,912023 0,000392
двумя 1,021651 0,000102
двух 0,462035 0,000093
двухуровневая 3,506558 0,000351
двухъярусный 3,912023 0,001176
двухэтажных 3,506558 0,000351
де-факто 2,302585 0,000461
девау 3,912023 0,000392
девентер 3,912023 0,000392
девушка 3,506558 0,000351
девять 1,714798 0,000172
деен 3,912023 0,000392
действие 1,897120 0,000190
действительно 2,302585 0,000231
действовал 1,660731 0,000166
действовать -0,009950 -0,000002
действует 0,634878 0,000127
действуют 0,867501 0,000087
действующее 3,506558 0,000351
действующий 2,040221 0,000204
действующим 2,302585 0,000231
действующих 1,514128 0,000303
действующую 3,506558 0,000351
дек 0,820981 0,000082
декабре 0,798508 0,000320
декабрь 1,108663 0,000111
декабря 0,105361 0,000359
дел 1,469676 0,000147
деле 1,660731 0,000166
деление 0,673345 0,000337
делится 1,427116 0,000143
делят 3,912023 0,000392
деммин 3,912023 0,000392
демонстрирующих 3,506558 0,000351
демоскоп 0,820981 0,000247
денис 2,040221 0,000204
денисов 3,218876 0,000645
денхофф 3,912023 0,000784
депортации 3,506558 0,000351
депортированы 3,912023 0,000392
депутатами 2,040221 0,000204
депутатов 0,891598 0,000982
депутаты 1,347074 0,000135
дер 3,506558 0,000351
деревне 2,525729 0,000253
деревни 1,660731 0,000499
деревня 1,609438 0,000322
деревяго 3,912023 0,000392
деревянный 1,966113 0,000394
держав 3,218876 0,000322
дерпт 3,912023 0,000392
десяти 1,560648 0,000313
десятилетия 2,120264 0,000212
детская 0,916291 0,000092
детский 1,171183 0,000117
детской 2,040221 0,000204
дец 0,000000 0,000000
деятельности 0,446287 0,000045
деятельность 0,653926 0,000066
деятеля 2,407946 0,000241
джаз 2,813411 0,000282
джазовой 3,218876 0,000322
джазовый 2,525729 0,000253
дженерал 3,912023 0,000392
дзержинская-новая 3,912023 0,000392
дзержинского 1,660731 0,000499
дизельных 3,912023 0,000392
динамично 2,659260 0,000266
динамо-москва 3,912023 0,000392
динамо-янтарь 3,912023 0,000392
динан 3,912023 0,000392
дипломатические 2,525729 0,000253
директора 1,897120 0,000190
дирекцией 3,912023 0,000392
дирекция 2,995732 0,000300
диссертация 2,525729 0,000253
дифосген 3,912023 0,000392
дка 0,000000 0,000000
дмитрий 0,967584 0,000097
дмитрия 1,560648 0,000156
дней 0,446287 0,000045
дня 0,478036 0,000048
дням 3,912023 0,000392
добавив 0,941609 0,000094
добавить 2,813411 0,000282
довоенной 3,912023 0,000784
довоенных 3,218876 0,000645
довторой 3,912023 0,000392
договор 1,771957 0,000355
договоров 2,813411 0,000282
договором 3,218876 0,000322
дождь 2,407946 0,000241
дозор 3,912023 0,000392
документ 2,525729 0,000506
документы 1,386294 0,000139
долготой 0,941609 0,000094
долгушин 3,912023 0,000392
должна 0,544727 0,000055
должностное 2,813411 0,000564
должностными 3,912023 0,000392
должность 1,203973 0,000603
должны 1,021651 0,000205
доли 1,832581 0,000184
доля 0,733969 0,000294
дом 0,562119 0,000338
домами 2,120264 0,000212
домашние 2,813411 0,000282
домашний 1,660731 0,000333
доме 1,427116 0,000143
домов 1,078810 0,000324
дон 1,966113 0,000197
дона 2,407946 0,001447
донского 2,207275 0,000221
дополнительные -0,009950 -0,000001
допущены 3,218876 0,000645
дорог 0,891598 0,000089
дорога 0,798508 0,000080
дороге 1,427116 0,000143
дороги 0,713350 0,000786
дорогой 1,832581 0,000184
дорожное 1,771957 0,000177
дорстен 3,912023 0,000392
дортмунд 3,506558 0,000351
достоевскому 3,506558 0,000703
достоинством 3,912023 0,000392
достопримечательностей 1,660731 0,000166
достопримечательности 1,049822 0,000315
достопримечательностям 2,525729 0,000253
доступен -0,009950 -0,000002
дошли 2,659260 0,000266
драматический 1,203973 0,000241
драматического 2,525729 0,000253
древние 1,560648 0,000156
дрезден 3,912023 0,000392
дрольсхаген 3,912023 0,000392
дронов 3,506558 0,000351
другие 0,030459 0,000031
других -0,009950 -0,000009
другое 1,049822 0,000105
дружба 1,832581 0,000184
дружбы 1,560648 0,000156
дудерштадт 3,912023 0,000392
дума 1,108663 0,000111
дунгане 2,659260 0,000266
дуниковский 3,912023 0,000392
дуниман 3,912023 0,000392
дурнева 3,506558 0,000351
дусбург 3,912023 0,000392
духовной 1,771957 0,000177
дцы 0,000000 0,000000
дюльмен 3,912023 0,000392
дюны 3,912023 0,000392
дюссельдорф 3,912023 0,000392
дятлова 3,912023 0,000784
дятлово 3,912023 0,000392
дятлову 3,912023 0,000392
евгений 1,347074 0,000405
евгеньевич 2,659260 0,000266
евпатории 3,506558 0,000351
евразии 1,609438 0,000322
евреи 1,203973 0,000121
еврейская 0,843970 0,000085
еврейское 2,995732 0,000300
европа 0,941609 0,000189
европе 0,916291 0,000184
европейская 2,407946 0,000241
европейского 1,966113 0,000197
европейской 0,891598 0,000089
европы 0,673345 0,000067
евросоюза 2,995732 0,000300
егоров 2,813411 0,000282
единая 1,469676 0,000147
единиц 0,673345 0,000337
единственный 1,171183 0,000117
единственным 1,347074 0,000135
едунов 3,912023 0,001567
ежегодник 0,820981 0,001151
ежегодно 0,916291 0,000184
ежегодные 2,813411 0,000282
ежедневно 1,714798 0,000344
ежедневным 3,912023 0,000392
езиды 1,771957 0,000177
елена 1,560648 0,000313
елену 3,506558 0,000351
елисаветы 3,218876 0,000322
ельцина 2,659260 0,000266
епархии 1,108663 0,000222
ереван 2,120264 0,000212
ефрона 0,328504 0,000099
жанровая 3,912023 0,000392
жвк 3,506558 0,000351
жданова 3,218876 0,000322
железная 1,171183 0,000117
железнодорожная 1,309333 0,000393
железнодорожного 0,967584 0,000097
железнодорожной 1,347074 0,000135
железнодорожную 3,218876 0,000322
железнодорожные 1,272966 0,000255
железнодорожный 0,755023 0,000303
железнодорожным 1,771957 0,000177
железной 0,755023 0,000681
железные 1,771957 0,000177
железных 1,832581 0,000184
женский 1,309333 0,000131
женской 2,040221 0,000204
жерве 3,912023 0,000392
живших 2,813411 0,000282
жизни 0,562119 0,000169
жизнь 0,693147 0,000069
жилое 2,659260 0,000266
жилых 1,237874 0,000124
жилья 1,514128 0,000152
жителей 0,673345 0,000405
жители 1,049822 0,000105
житель 1,714798 0,000172
жителями 1,609438 0,000161
жкх 2,120264 0,000212
журнал 0,510826 0,000205
журнала 1,427116 0,000286
забже 3,912023 0,000392
забрать 3,506558 0,000351
заброшенная 3,506558 0,000351
забытым 3,506558 0,000351
заведение 1,897120 0,000190
заведений 1,203973 0,000121
заведения 1,108663 0,000222
заведениях 2,207275 0,000221
завершена 2,302585 0,000461
заводе 1,660731 0,000333
заглавная -0,009950 -0,000001
загранпаспорт 3,912023 0,000392
задача 1,660731 0,000166
заднем 2,659260 0,000533
заднеприводных 3,912023 0,000392
заканчивается 2,525729 0,000253
закладки 2,407946 0,000241
закон 0,616186 0,000185
закона 1,966113 0,000197
законов 1,660731 0,000166
законодательное 2,207275 0,000221
законодательные 2,525729 0,000253
законодательства 2,407946 0,000482
закончилось 2,995732 0,000300
закрыт 1,386294 0,000278
закхаймская 3,912023 0,000392
закхаймские 3,912023 0,000392
зал 1,021651 0,000614
залах 2,995732 0,000300
залив 1,897120 0,000570
заливы 2,525729 0,000253
залтбоммел 3,912023 0,000392
залы 1,469676 0,000294
зальцведель 3,912023 0,000392
заменен 2,813411 0,000282
заменили 2,659260 0,000266
заменить 0,562119 0,000113
заметный 2,659260 0,000266
заметным 3,218876 0,000322
замка 3,218876 0,000645
замкнуто 3,912023 0,000392
замков 3,218876 0,000322
замковая 3,912023 0,000392
замок 2,659260 0,000533
замятин 3,506558 0,000351
занимает 0,616186 0,000185
занимательных 2,995732 0,000600
занимаются 1,660731 0,000166
занял 1,139434 0,000228
занятия 2,207275 0,000221
запад 1,427116 0,000286
западная 1,560648 0,000156
западной 0,994252 0,000299
западный 1,560648 0,000156
западный-новый 3,912023 0,000392
западным 2,813411 0,000282
западу 1,771957 0,000177
записьвойти -0,009950 -0,000001
запросу 3,506558 0,000351
запуске 2,995732 0,000300
запущена 1,714798 0,000172
запущены 3,218876 0,000322
зарегистрированный -0,009950 -0,000001
зарегистрировано 1,309333 0,000131
зарин 3,912023 0,000392
зарубежного 3,218876 0,000322
зарубежными 2,659260 0,000266
заря 1,560648 0,000313
заселяться 3,506558 0,000351
застать 3,912023 0,000392
застраиваемого 3,912023 0,000392
застраивался 3,912023 0,000392
застройка 1,272966 0,000128
застройке 2,120264 0,000212
застройки 1,021651 0,000205
затем 0,527633 0,000317
затоплением 3,218876 0,000322
затопления 2,659260 0,000266
затяжной 2,995732 0,000600
затянувшийся 3,912023 0,000392
зауэрланд 3,912023 0,000392
захоронение 2,995732 0,000300
защитника 3,506558 0,000351
защиты 0,941609 0,000189
заявил 1,771957 0,000177
заявили 2,525729 0,000253
заявление -0,009950 -0,000001
заявлено 3,912023 0,000392
збекча 0,000000 0,000000
звание 1,049822 0,000105
звезда 1,237874 0,000372
звездочный 3,218876 0,000322
зволле 3,912023 0,000784
здание 0,776529 0,000856
зданием 1,660731 0,000166
здании 1,171183 0,001290
зданий 1,049822 0,000736
здания 0,867501 0,000348
зеленого 2,302585 0,000231
зеленоградск 3,218876 0,000645
зеленоградский 3,506558 0,000351
зеленоградском 3,912023 0,000784
зеленые 2,120264 0,000212
зельке 3,912023 0,000392
зехаузен 3,912023 0,000392
зима 1,021651 0,000205
знак -0,009950 -0,000007
знаковые 3,506558 0,000351
знаменинаселенные 2,302585 0,000231
знаменитого 2,995732 0,000300
знамя 2,040221 0,000204
значения 0,105361 0,000053
значимых 2,302585 0,000231
значительно 0,510826 0,000102
значительное 1,309333 0,000131
значительные 1,514128 0,000152
значительных 1,771957 0,000177
золинген 3,912023 0,000392
зоне 0,527633 0,000211
зоной 2,302585 0,000231
зоны 0,755023 0,000151
зоопарк 1,771957 0,000177
зоопарков 2,659260 0,000266
зост 3,912023 0,000392
зрителей 1,714798 0,000515
зрительские 3,506558 0,000351
зубры 3,912023 0,000784
зундерн 3,912023 0,000392
зютфен 3,912023 0,000392
ибург 3,912023 0,000392
иван 0,843970 0,000169
иванович 1,560648 0,000782
игорь 1,714798 0,000172
играет 1,386294 0,000139
играющие 3,506558 0,000351
игры 1,203973 0,000121
идентификаторы 0,693147 0,000069
идентичности 2,995732 0,000300
из-за 0,415515 0,000250
избежать 2,207275 0,000221
избираемых 1,897120 0,000190
избирается 2,120264 0,000425
избран 1,386294 0,000139
известия 1,021651 0,000102
известна 1,897120 0,000190
известное 2,407946 0,000241
известные 0,891598 0,000089
изготовлена 3,506558 0,000351
издание 0,776529 0,000078
издательство 0,510826 0,000205
изерлон 3,912023 0,000392
изменения 0,562119 0,000169
изменены 2,995732 0,000300
изображением 1,966113 0,000197
изобразительных 1,771957 0,000710
изофатова 3,912023 0,000392
иллюстрированный 2,813411 0,000564
иллюстрирующих 3,912023 0,000392
ильин 2,525729 0,000253
ильич 2,525729 0,000253
ильцен 3,912023 0,000392
имеет 0,235722 0,000094
имеется 0,653926 0,000197
имел 1,469676 0,000589
имели 1,386294 0,000139
имени 0,462035 0,000509
именовали 2,813411 0,000282
именуемая 3,912023 0,000392
иметь 1,272966 0,000128
имеют 0,371064 0,000037
имеются 0,843970 0,000085
имеющие 1,714798 0,000172
имеющим 2,525729 0,000253
имеющих 1,272966 0,000128
иммануила 3,506558 0,000351
иммануилу 3,912023 0,000784
импера 3,912023 0,000392
императора 1,514128 0,000152
императорского 2,040221 0,000204
императору 2,407946 0,000241
империи 0,733969 0,000074
имперская 3,912023 0,000392
имперский 3,912023 0,000392
имперских 3,912023 0,000392
имущества 2,525729 0,000253
имя 0,891598 0,000089
иначе 0,733969 0,000074
инвестиций 1,560648 0,000156
ингуши 1,897120 0,000190
индекс 0,941609 0,000094
индексу 2,659260 0,000266
индивидуальных 2,659260 0,000266
индийцы 2,120264 0,000212
инженерное 2,659260 0,000533
инженерных 2,302585 0,000231
иномарками 3,912023 0,000392
иномарок 3,506558 0,001054
иностранных 1,203973 0,000121
иностранцами 2,525729 0,000253
иностранцев 2,040221 0,000204
институт 0,478036 0,000383
институте 1,832581 0,000184
инструменты -0,009950 -0,000002
интерактивных 3,218876 0,000322
интерфакс 1,832581 0,000184
информационно-развлекательный 3,218876 0,000322
информационное 1,469676 0,000147
информационную 2,995732 0,000300
информационный 1,427116 0,000286
информация 0,446287 0,000045
иосифа 2,407946 0,000241
иосифович 3,218876 0,000322
иприт 3,912023 0,000392
ипсуич 3,912023 0,000392
ирбенский 3,912023 0,000392
ирина 1,660731 0,000166
ирон 0,000000 0,000000
исаакович 3,506558 0,000351
исаев 2,995732 0,000600
исаков 3,506558 0,000351
исключением 1,347074 0,000270
исключительно 1,272966 0,000128
искусств 0,916291 0,000642
искусства 0,733969 0,000074
искусство 0,994252 0,000100
исламский 2,525729 0,000253
исландия 2,407946 0,000241
испании 2,659260 0,000266
исполнительно-распорядительные 3,912023 0,000392
исполнительно-распорядительный 2,302585 0,000461
исполнительные 2,525729 0,000253
использовался 1,771957 0,000177
использования -0,009950 -0,000001
используется 0,616186 0,000123
использующие 0,040822 0,000012
испытал 2,995732 0,000300
исследования 0,733969 0,000074
истории 0,248461 0,000075
историко-художественного 3,912023 0,000784
историко-художественный 3,912023 0,001567
историков 2,525729 0,000253
исторический 0,653926 0,000197
исторических 1,139434 0,000114
исторического 1,049822 0,000736
исторической 1,171183 0,000117
историческом 1,771957 0,000177
историю 0,843970 0,000085
история 0,051293 0,000067
источник -0,009950 -0,000002
источниками 0,776529 0,000078
источнике 2,407946 0,000482
источникевикипедия 2,302585 0,000231
источники 0,415515 0,000125
источников 0,371064 0,000112
исчислении 0,843970 0,000085
италии 1,966113 0,000394
италия 1,609438 0,000484
итальянцы 1,771957 0,000177
итогам 1,139434 0,000571
итоги 0,713350 0,000214
итого 1,609438 0,000161
итогов 0,891598 0,000089
итогом 2,995732 0,000300
ищенко 3,506558 0,000351
июле 0,967584 0,000097
июль 0,579818 0,000116
июля 0,116534 0,000350
июне 0,967584 0,000097
июнь 0,544727 0,000055
июня 0,116534 0,000292
йорк 3,912023 0,000392
кабанчук 3,912023 0,000392
кабардинцы 1,832581 0,000184
кабельный 3,506558 0,000351
кабинет 2,995732 0,000300
кадетов 3,506558 0,000351
кадетская 2,995732 0,000300
кадетский 2,525729 0,000759
каджоян 3,912023 0,000392
каждую 2,525729 0,000253
каждый 0,733969 0,000074
казарма 2,407946 0,000482
казармы 2,659260 0,000266
казахи 1,514128 0,000152
кайзерхоф 3,912023 0,000392
календарной 2,995732 0,000300
календарь 1,514128 0,000152
калинин 3,506558 0,001054
калинина 2,207275 0,001106
калининапереименованные 3,912023 0,000392
калинингра 0,000000 0,000000
калининград 2,407946 0,020985
калининград-гурьевск 3,912023 0,000392
калининград-лесное 3,912023 0,000392
калининград-пассажирский 3,912023 0,001176
калининград-северный 3,912023 0,000392
калининграда 3,506558 0,023183
калининградабургомистры 3,912023 0,000392
калининградаганзабывшие 3,912023 0,000392
калининградапостроенные 3,912023 0,000392
калининградгазавтоматика 3,912023 0,000392
калининграде 3,912023 0,023120
калининградоблстата 3,912023 0,000392
калининградом 2,813411 0,000282
калининградская 2,995732 0,005402
калининградские 3,912023 0,000392
калининградский 3,506558 0,012294
калининградских 3,912023 0,000392
калининградского 3,912023 0,000784
калининградское 3,912023 0,001959
калининградской 3,218876 0,012897
калининградском 3,912023 0,000392
калининградскую 3,912023 0,000392
калининградстат 3,912023 0,000392
калининградстатистика 0,000000 0,000000
калининграду 3,912023 0,000392
калинину 3,218876 0,000645
калленхардт 3,912023 0,000392
калмыки 1,897120 0,000190
калугина 3,912023 0,000392
кальмар 3,912023 0,000784
кальтхофе 3,912023 0,000392
кальяри 3,506558 0,000351
камен 3,506558 0,000351
камень 1,714798 0,000172
камня 2,040221 0,000204
кампен 3,912023 0,000392
камской 3,912023 0,000392
канавы 3,912023 0,000392
канал 0,843970 0,000507
канала 1,771957 0,000355
каналах 3,218876 0,000322
каналом 2,995732 0,000300
каналы 2,120264 0,000212
кандидата 2,207275 0,000221
кандидатов 1,897120 0,000380
канитц 3,912023 0,000392
канта 3,218876 0,002257
канту 3,506558 0,000703
канцеляризмы 2,995732 0,000300
канцелярия 2,407946 0,000241
капелла 2,995732 0,000300
капитолина 3,912023 0,000392
капитонович 3,506558 0,000351
каралевец 0,000000 0,000000
карачаевцы 1,966113 0,000197
карелы 2,040221 0,000204
кари 3,912023 0,000392
каро 2,813411 0,000282
картами 0,562119 0,000056
карте 1,108663 0,000222
карусель 1,832581 0,000184
карьеров 3,912023 0,000392
касается 2,207275 0,000221
каскад 2,407946 0,000965
кассир 3,912023 0,000392
каталогах 0,094311 0,000009
катания 2,813411 0,000282
катастроф 2,120264 0,000212
категории -0,009950 -0,000003
категорий 1,966113 0,000197
категория 0,916291 0,000184
католики 2,407946 0,000241
католиков 2,813411 0,000282
католических 3,506558 0,000351
католической 2,525729 0,000253
катюша 3,506558 0,000351
каунас 3,912023 0,001176
кауэр 3,912023 0,000784
кафедрального 2,120264 0,000637
кафедральном 3,506558 0,000351
кафедральному 3,912023 0,000392
кафедральный 1,021651 0,000819
качества 1,078810 0,000108
квакенбрюк 3,912023 0,000392
квартал 1,660731 0,000166
квартала 2,120264 0,000425
кварталов 1,897120 0,000190
кввму 3,912023 0,000392
кведлинбург 3,912023 0,000392
кведнау 3,912023 0,000392
квиму 3,912023 0,000392
квиуив 3,912023 0,000392
кга 3,912023 0,000392
кгту 3,218876 0,000645
кгу 3,218876 0,000645
кезлин 3,912023 0,000392
келльн 3,912023 0,000392
кельн 3,506558 0,000351
кенигавто 3,912023 0,001176
кенигсбе 0,000000 0,000000
кенигсберг 3,912023 0,008229
кенигсберг-калининград 3,912023 0,000392
кенигсберга 3,912023 0,007446
кенигсбергаворота 3,912023 0,000392
кенигсберге 3,912023 0,001176
кенигсбергом 3,912023 0,000784
кенигсбергская 3,912023 0,001176
кенигсбергский 3,912023 0,001176
кенигсбергских 3,912023 0,000392
кенигсбергского 3,912023 0,000784
кенигсбергской 3,912023 0,000392
кенигсбергскому 3,912023 0,000392
кентшиньски 3,912023 0,000392
кеппена 2,813411 0,000282
кербель 3,912023 0,000392
керте 3,912023 0,000392
кестер 3,912023 0,000392
киа 3,912023 0,000392
киев 1,560648 0,000313
киевская 3,506558 0,001054
киевской 2,525729 0,000759
киевскую 3,506558 0,000351
кизеветтер 3,912023 0,000392
километр 2,407946 0,000241
километрового 3,218876 0,000322
киль 3,218876 0,000967
кингс-линн 3,912023 0,000392
кингстон-апон-халл 3,912023 0,000392
кинокомплекс 3,218876 0,001612
киноконцертный 2,995732 0,000300
киноленд 3,912023 0,000392
кинотеатр 1,108663 0,001666
кинотеатра 1,771957 0,000710
кинотеатром 2,813411 0,000564
кинотеатры 1,078810 0,000432
киношный 3,912023 0,000392
киргизы 1,560648 0,000156
кирилл 2,302585 0,000461
кириллович 3,218876 0,000322
кириц 3,912023 0,000392
кирова 1,386294 0,000139
кирпичной 3,506558 0,000351
кирх 3,912023 0,000392
кирха 1,897120 0,004751
кирхи 2,813411 0,000282
китай 0,867501 0,000174
китайская 0,776529 0,000078
китайцы 1,660731 0,000166
кишке 3,912023 0,000392
кладбища 1,560648 0,000313
кладбище 1,347074 0,000540
клайпеда 3,506558 0,000703
клайпеду 3,912023 0,000392
классификации 1,832581 0,000184
классической 1,609438 0,000161
клевер-хаус 3,912023 0,000392
клемешев 3,912023 0,000392
климат 0,494296 0,000297
климата 0,733969 0,000074
климатическая 2,659260 0,000266
климатов 2,995732 0,000300
клопс 3,912023 0,000784
клуб 0,916291 0,000459
клуба 1,660731 0,000166
клубы 1,108663 0,000222
ключ-с 0,000000 0,000000
кнайпхоф 3,912023 0,002743
книжного 3,218876 0,000322
книжное 1,078810 0,000108
княгини 2,813411 0,000564
коалиции 3,218876 0,000322
ковалева 2,302585 0,000231
код -0,009950 -0,000055
кодекс -0,009950 -0,000001
кодистория 0,116534 0,000012
кожемякин 3,506558 0,000351
кокенгаузен 3,912023 0,000392
колеей 3,912023 0,000392
колеи 2,813411 0,000282
колесных 3,506558 0,000351
колея 3,912023 0,000392
количества 0,941609 0,000094
количество 0,328504 0,000066
количеству 1,309333 0,000262
колледж 1,386294 0,000833
коллектив 2,407946 0,000241
коллекции 1,560648 0,000156
колобжег 3,506558 0,000351
коломенский 3,506558 0,000351
колонна 2,525729 0,000759
колонну 3,912023 0,000392
колосов 3,912023 0,000392
кольберг 3,912023 0,000392
кольца 2,120264 0,000212
кольцо 1,514128 0,000303
команда 1,272966 0,000128
команде 3,506558 0,000351
командованием 1,771957 0,000177
командой 2,407946 0,000241
командор 3,506558 0,000351
команды 1,560648 0,000156
коменданты 3,506558 0,000351
коми 1,514128 0,000152
коми-пермяки 2,040221 0,000204
комикыргызча 0,000000 0,000000
комиссариат 3,218876 0,000322
комиссией 2,120264 0,000425
комитет 0,755023 0,000076
комитета 1,203973 0,000121
коммерсант 2,207275 0,000221
коммерсантъ 1,139434 0,000342
коммунально-строительный 3,218876 0,000322
комнату 3,912023 0,000392
компаний 0,967584 0,000097
компания 0,653926 0,000066
комсомольская 1,171183 0,000117
комфортности 2,995732 0,000300
конец 0,798508 0,000240
конкурса 1,660731 0,000499
конкурсе 2,407946 0,000241
конкурсной 2,525729 0,000506
конкурсу 3,912023 0,000784
конкурсы 2,525729 0,000253
консолидированное 3,912023 0,000392
консулы 3,912023 0,000392
консульского 3,912023 0,000392
консульской 3,912023 0,000392
консульства 2,120264 0,000637
консульство 1,966113 0,000591
контейнеров 2,525729 0,000506
континентальному 2,813411 0,000282
конторы 2,995732 0,000600
контрольно-счетная 2,207275 0,000221
конференции 1,139434 0,000571
конфессии 1,237874 0,000124
конфиденциальности -0,009950 -0,000001
конфликта 2,120264 0,000212
конфликты 2,995732 0,000300
конца 0,562119 0,000169
конце 0,430783 0,000129
концепция 1,966113 0,000197
концернов 3,912023 0,000392
концертные 2,040221 0,000409
концертный 1,660731 0,000499
концерты 2,120264 0,000212
концу 0,994252 0,000199
кончиной 3,912023 0,000392
координации 2,407946 0,000241
копенгаген 3,218876 0,000322
копернику 3,506558 0,000351
копии 0,653926 0,000066
копия 0,328504 0,000395
корейцы 1,609438 0,000161
корецкий 3,912023 0,000392
корея 1,897120 0,000190
коридора 2,995732 0,000300
коридоров 3,506558 0,000351
коровкин 3,912023 0,000392
короле 3,912023 0,000392
королев 2,407946 0,000241
королева 2,207275 0,000221
королевец 3,912023 0,000392
королевом 3,912023 0,000392
королевская 3,912023 0,000392
королевские 3,218876 0,001612
королевский 3,506558 0,000351
королевской 3,912023 0,000392
королевы 3,912023 0,001176
королем 3,912023 0,000784
король 3,218876 0,001935
короля 2,659260 0,000266
короткий -0,009950 -0,000001
корпус 1,272966 0,000510
корпусов 2,120264 0,000212
кортежей 3,218876 0,000322
косе 3,218876 0,000322
космической 2,120264 0,000212
космодемьянского 3,912023 0,001567
космонавт 2,407946 0,000241
космонавтам-землякам 3,912023 0,000392
костанов 3,912023 0,000392
костел 2,813411 0,000282
костоглодов 3,912023 0,000392
костяшов 3,912023 0,000392
косфельд 3,912023 0,000392
которая 0,287682 0,000086
которого 0,301105 0,000121
которой 0,174353 0,000052
котором 0,301105 0,000030
которые 0,162519 0,000065
который 0,105361 0,000053
которым 0,798508 0,000160
которых 0,094311 0,000076
коттеджей 3,506558 0,000351
коту 3,912023 0,000392
коту-охотнику 3,912023 0,000392
кошалин 3,506558 0,000351
кошевого 3,912023 0,000392
кра 3,912023 0,000392
кравец 1,386294 0,000139
кравцов 3,912023 0,000392
краеведов 3,218876 0,000322
краеведческий 1,237874 0,000124
край 0,891598 0,000089
краков 3,912023 0,000784
красивый 2,525729 0,000253
красивых 2,525729 0,000253
красин 3,912023 0,000392
красного 1,272966 0,000128
красное 1,832581 0,000184
краснознаменск 3,912023 0,000392
краснознаменский 3,912023 0,000392
красной 0,967584 0,000194
красноярск 0,967584 0,000097
краткий 1,560648 0,000156
крепости 1,203973 0,000362
крепость 1,078810 0,000216
креста 2,040221 0,000204
крестовоздвиженский 2,995732 0,000600
кризис 1,897120 0,000570
кройцкирхи 3,912023 0,000392
кроме 0,235722 0,000047
кроне 0,000000 0,000000
кронпринц 3,912023 0,000784
кропоткин 2,659260 0,000266
крулевец 3,912023 0,000392
крупнейшее 2,040221 0,000204
крупнейший 0,755023 0,000076
крупнейших 0,634878 0,000191
крупномасштабной 3,912023 0,000392
крупные 0,579818 0,000058
крупный 0,798508 0,000160
крупным 1,021651 0,000307
крупных 0,494296 0,000149
крутые 2,995732 0,000300
крхл 3,912023 0,000392
крыма 0,843970 0,000085
крымские 1,771957 0,000177
ксаверий 3,912023 0,000392
ктирпих 3,912023 0,000392
кубасов 3,912023 0,000392
кубинцы 2,207275 0,000221
кубка 1,347074 0,000135
кузнецова 2,040221 0,000204
куки -0,009950 -0,000001
кукол 0,916291 0,000275
кулаков 3,912023 0,000784
кульм 3,912023 0,000392
культовые 2,407946 0,000241
культур 1,309333 0,000131
культура 0,653926 0,000262
культурно-деловой 3,912023 0,000392
культурно-религиозный 3,912023 0,000392
культурного 0,916291 0,000092
культуры 0,462035 0,000417
кумыки 1,832581 0,000184
кункель 3,912023 0,000392
курортами 3,506558 0,000351
курсивом 2,995732 0,000300
курсировавший 3,912023 0,000392
курсировал 2,813411 0,000282
курсировать 2,813411 0,000282
курсируют 2,407946 0,000241
куршской 3,506558 0,000351
кутузово-новое 3,912023 0,000392
кутузову 3,912023 0,000392
кши 3,912023 0,000784
кюи 3,912023 0,000392
лавочного 3,912023 0,000392
ладушкин 3,912023 0,000784
лакцы 1,832581 0,000184
лангшайд 3,912023 0,000392
лапидус 3,912023 0,000392
лапин 3,506558 0,000703
латвией 3,912023 0,000392
латвийской 3,912023 0,000392
латвию 3,912023 0,000392
латыши 1,897120 0,000190
лебенихтская 3,912023 0,000392
лев 1,832581 0,000184
левашов 1,660731 0,000166
левобережной 2,207275 0,000221
ледокол 2,659260 0,000266
лезгины 1,771957 0,000177
лемго 3,912023 0,000392
лемзаль 3,912023 0,000392
лендорф 3,912023 0,000392
ленинград 2,120264 0,000425
ленинградский 2,207275 0,000663
ленинского 1,771957 0,000177
ленинском 2,302585 0,000231
ленину 1,272966 0,000255
леонарда 3,218876 0,000322
леонов 2,659260 0,000266
лерман 3,912023 0,000392
лесное 2,525729 0,000253
лесное-новое 3,912023 0,000392
лесопарк 2,302585 0,000231
лесопарковой 3,506558 0,000351
лет 0,223144 0,000156
летию 1,078810 0,000216
летия 1,108663 0,000111
летнего 1,771957 0,000177
летний 1,108663 0,000444
лето 0,891598 0,000089
летом 0,597837 0,000120
летчикам 3,912023 0,000784
ливония 3,912023 0,000392
лига 1,897120 0,000190
лиге 1,609438 0,000322
лиги 1,386294 0,000555
лидеру 3,912023 0,000392
лидирует 2,995732 0,000300
лиепая 3,506558 0,000351
ликвидаторам 3,218876 0,000645
ликвидировать 2,659260 0,000266
линии 0,755023 0,000303
линий 1,309333 0,000262
линия 0,891598 0,000447
линиями 2,813411 0,000282
липпштадт 3,912023 0,000392
лист 1,966113 0,000197
листах 2,040221 0,000204
лит 2,302585 0,000461
литва 2,407946 0,001206
литвой 2,995732 0,000300
литвы 3,218876 0,003224
литература 0,061875 0,000012
литовская 1,309333 0,000131
литовский 3,218876 0,000322
литовского 3,912023 0,000392
литовской 3,218876 0,000967
литовцы 1,966113 0,000591
лиухто 3,912023 0,000392
лихтбильдбюне 3,912023 0,000392
лица 1,272966 0,000128
лицами 2,525729 0,000253
лицеев 1,771957 0,000177
лицензии -0,009950 -0,000001
лицензиям 3,912023 0,000392
лицо 1,771957 0,000355
личного 2,302585 0,000231
лишен 2,525729 0,000253
лишь 0,478036 0,000096
логер 3,912023 0,000392
логистика 2,995732 0,000300
лодзь 3,218876 0,000645
лодка 2,659260 0,000266
локомотив 1,771957 0,000532
локомотив-калининградская 3,912023 0,000392
ломайер 3,912023 0,000392
ломзе 3,912023 0,000392
лондоне 2,995732 0,000300
лошкарев 3,912023 0,000392
луиза 3,912023 0,000392
луизы 3,912023 0,001176
лурье 3,218876 0,000322
лучшие 1,560648 0,000156
лучший 2,040221 0,000204
лучшим 1,514128 0,000152
лучшими 2,813411 0,000564
лучших 1,049822 0,000315
львов 2,995732 0,000300
львович 2,995732 0,000300
любек 3,506558 0,000351
любивый 3,912023 0,000784
людвигу 3,912023 0,000392
люденшайд 3,912023 0,000392
людмила 2,207275 0,000442
люизит 3,912023 0,000392
люкс 2,995732 0,000600
люмен 3,506558 0,000351
люнебург 3,912023 0,000392
люнен 3,912023 0,000392
лютера 3,912023 0,000392
лютеранская 1,897120 0,000190
лютеранских 3,912023 0,000392
маас 3,912023 0,000392
магдебург 3,912023 0,000392
магистра 3,912023 0,000392
мае 0,867501 0,000087
мажоритарной 3,506558 0,000351
май 0,597837 0,000060
македония 2,813411 0,000282
македонски 0,000000 0,000000
макса 3,218876 0,000645
максим 1,560648 0,000156
максимум 0,733969 0,000294
малашенко 3,912023 0,000392
малой 1,514128 0,000152
малый 0,371064 0,000037
мальме 3,912023 0,000784
мальты 3,912023 0,000392
мамоново 3,912023 0,001176
мандатов 3,506558 0,000351
марауненхоф 3,912023 0,000392
марий 2,525729 0,000253
марийцы 1,714798 0,000172
маринеско 3,912023 0,000392
марка 0,867501 0,000174
март 0,616186 0,000062
марта 0,139262 0,000711
маршала 2,302585 0,000461
маршалу 3,218876 0,000322
маршрут 1,272966 0,000765
маршрута 1,469676 0,000442
маршрутная 2,995732 0,001200
маршрутной 2,995732 0,000300
маршрутным 3,506558 0,000351
маршрутов 0,967584 0,000194
маршруту 1,832581 0,000551
маршруты 1,272966 0,000638
массированная 3,912023 0,000392
массированные 3,506558 0,000351
массовая 2,120264 0,000212
масштабах 2,813411 0,000282
матвеев 2,040221 0,000204
математика 2,120264 0,000212
материал -0,009950 -0,000001
материалов 0,755023 0,000076
материалы 0,843970 0,000085
материка 2,659260 0,000266
материковых 3,218876 0,000645
матч 1,347074 0,000270
матча 3,506558 0,000351
матчи 1,832581 0,000551
мать-россия 3,912023 0,001176
машин 1,139434 0,000228
машины 1,514128 0,000152
мая 0,139262 0,000363
маяк 1,108663 0,000222
маяковского 2,040221 0,000204
мвд 1,309333 0,000525
мгц 1,897120 0,000190
мега-маркет 3,912023 0,000392
медали 2,302585 0,000461
медведев 2,525729 0,000253
медиа 1,966113 0,000197
медиафайлы 0,301105 0,000030
медленнее 2,813411 0,000282
медовый 3,912023 0,000392
междугородное 2,407946 0,000482
международного 0,733969 0,000221
международное 1,714798 0,000344
международной 1,203973 0,000241
международные 0,941609 0,000189
международный 0,713350 0,000357
международным 1,966113 0,000197
международных 0,967584 0,000194
межрегионального 3,218876 0,000322
мелехова 3,912023 0,000392
мелле 3,912023 0,000392
мемориал 1,609438 0,000322
мемориальное 3,912023 0,000392
мемориальный 1,469676 0,000147
менден 3,912023 0,000392
менее 0,314711 0,000095
меньше 0,755023 0,000076
меняться 3,506558 0,000351
мерзебург 3,912023 0,000392
мест 0,713350 0,000214
места 0,579818 0,000058
месте 0,544727 0,000382
местного 0,941609 0,000566
местное 1,427116 0,000429
местности 1,427116 0,000143
местность 1,660731 0,000166
местных 1,108663 0,000111
место 0,371064 0,000223
месяца 1,347074 0,000135
месяцевикипедия 0,776529 0,000078
метгетене 3,912023 0,000392
метро 1,272966 0,000128
метровагонмаш 3,912023 0,000392
механизма 2,813411 0,000282
миграционного 2,813411 0,000564
микенас 3,912023 0,000392
микрорайон 1,660731 0,000166
микрорайоне 1,771957 0,000177
милиции 2,207275 0,000221
мин 2,525729 0,000506
минден 3,912023 0,000392
минеральных 1,609438 0,000161
миниатюр 3,506558 0,000351
минимум 0,693147 0,000139
министерства 0,891598 0,000447
министерство 1,108663 0,000111
министр 2,120264 0,000212
министра 2,525729 0,000253
минск 1,714798 0,000687
мир 0,342490 0,000069
мира 0,415515 0,000458
мирной 3,218876 0,000322
мирового 1,609438 0,000967
мировой 0,733969 0,001029
мирошниченко 3,506558 0,000351
митинги 3,912023 0,000392
митрофанов 3,912023 0,000392
митрофановна 3,912023 0,000392
мифы 2,302585 0,000231
михаил 0,916291 0,000092
михаила 1,171183 0,000235
михаилу 2,525729 0,000506
михайлов 2,120264 0,000212
михайлович 1,386294 0,000139
михайловна 3,218876 0,000322
мкр 3,218876 0,000645
млн 0,462035 0,000093
многие 0,356675 0,000036
многоквартирных 2,302585 0,000231
многократное 2,995732 0,000300
многообразием 3,506558 0,000351
многоэтажных 2,525729 0,000253
множество 0,597837 0,000120
мобильная -0,009950 -0,000001
мог 1,609438 0,000161
могут -0,009950 -0,000001
моделей 2,207275 0,000221
модель 1,469676 0,000147
модулем 1,021651 0,000102
можете 0,653926 0,000066
моисеевич 3,218876 0,000322
молдаване 1,714798 0,000172
молодежный 1,309333 0,000131
молодых 1,660731 0,000166
моложе 2,207275 0,000221
молчит 3,506558 0,000351
момент 0,597837 0,000060
монастырь 1,139434 0,000114
монгол 0,000000 0,000000
монета 1,309333 0,000131
монетыобластные 3,912023 0,000392
монография 2,659260 0,000266
монте-карло 2,407946 0,000241
монумент 1,560648 0,000469
монументе 3,912023 0,000392
моргунов 3,506558 0,000351
мордва 1,309333 0,000131
мордухович 3,912023 0,000392
море 1,049822 0,000421
мореходное 3,912023 0,000392
мороз 3,218876 0,000322
морских 1,832581 0,000184
морского 1,897120 0,000570
морское 2,407946 0,000241
морской 1,309333 0,001049
моря 0,579818 0,000290
морякам-балтийцам 3,912023 0,000392
моряков 3,218876 0,000322
москва 0,400478 0,000401
москва-рига-кенигсберг 3,912023 0,000392
москвакалининград 3,912023 0,000392
москвы 0,653926 0,000066
московский 0,891598 0,000625
московским 1,832581 0,000551
московского 0,867501 0,000087
московской 1,237874 0,000248
московском 2,120264 0,000425
мост 0,967584 0,001938
моста 1,139434 0,000457
мостах 3,506558 0,000351
мостов 1,560648 0,001251
мостом 2,407946 0,000241
мосту 2,040221 0,000613
мосты 1,427116 0,000429
моторс 3,912023 0,000392
мощенных 3,912023 0,000392
мск 0,843970 0,000085
мужской 1,560648 0,000156
муз-тв 1,966113 0,000197
музеев 1,309333 0,000393
музеи 0,820981 0,000411
музей 0,776529 0,002411
музейными 3,218876 0,000322
музея 1,021651 0,000614
музыкальная 2,207275 0,000442
музыкальной 1,832581 0,000184
музыкальные 1,966113 0,000197
музыкальный 1,469676 0,000294
музыки 1,469676 0,000294
мультиплекс 2,659260 0,000799
муниципального 0,891598 0,000179
муниципальным 0,776529 0,001089
муниципальных 0,776529 0,000467
муравьеву-виленскому 0,000000 0,000000
мурашко 3,912023 0,000392
муромской 3,912023 0,000392
мусульман 1,660731 0,000333
мухин 3,506558 0,000351
мухомор 3,912023 0,000784
мфа 2,995732 0,000300
мчс 2,120264 0,000212
мысль 1,897120 0,000190
мэр 1,347074 0,000405
мэра 1,347074 0,000405
мэрии 1,966113 0,000591
мэрия 1,897120 0,000380
мэры 2,995732 0,000300
мюлленхайм 3,912023 0,000392
мюльхаузен 3,912023 0,000392
мюнстер 3,506558 0,000351
мюнхгаузену 3,912023 0,000392
мягкая 2,995732 0,000300
мячей 3,912023 0,000392
набережной 1,272966 0,000128
наблюдается 1,021651 0,000102
навершия 3,912023 0,000392
навигации -0,009950 -0,000001
навигация -0,009950 -0,000002
наглядно 2,995732 0,000300
награды 0,867501 0,000087
награжденные 1,021651 0,000102
назван 1,078810 0,000216
название 0,198451 0,000159
названием 0,820981 0,000164
названия 0,342490 0,000137
названные 1,771957 0,000177
наземного 2,525729 0,000253
назначался 2,995732 0,000300
назначен 1,386294 0,000139
назначили 3,218876 0,000322
называлась 2,525729 0,000253
назывался 1,347074 0,000135
наиболее 0,139262 0,000028
найденными 2,813411 0,000282
найденных 3,506558 0,000703
накануне 2,302585 0,000231
нами -0,009950 -0,000001
намного 2,302585 0,000231
наоборот 1,832581 0,000184
направлений 1,108663 0,000111
например 0,328504 0,000033
напротив 1,237874 0,000248
народ 2,120264 0,000212
народная 0,713350 0,000071
народного 1,171183 0,000117
народное 0,798508 0,000240
народный 1,469676 0,000147
народов 0,798508 0,000080
народы 1,832581 0,000184
население 0,693147 0,000625
населением 0,776529 0,000233
населения 0,494296 0,002080
населениягод 0,000000 0,000000
населенные 0,673345 0,000067
населенных 0,693147 0,000417
наследия 0,820981 0,000082
настоящего 2,040221 0,000204
настоящее 0,328504 0,000132
настоящий 1,609438 0,000161
наступает 0,916291 0,000459
насчитывается 1,427116 0,000143
насыщенностью 3,912023 0,000392
натальи 2,995732 0,000300
натолкнуло 3,912023 0,000392
наук 0,693147 0,000139
наука 0,301105 0,000030
науки 0,820981 0,000082
наумбург 3,912023 0,000392
научная 0,798508 0,000160
научно-исследовательский 1,237874 0,000124
научно-исследовательское 3,506558 0,000351
научное 0,891598 0,000089
научной 1,108663 0,000111
научный 0,941609 0,000094
нахимовского 3,506558 0,001054
находился 0,776529 0,000156
находится 0,328504 0,000165
находятся 0,527633 0,000159
нац 2,995732 0,000300
национальная 1,108663 0,000111
национальной 1,272966 0,000255
национальностей 2,120264 0,000212
национальности 0,867501 0,000348
национальность 1,237874 0,000124
национальный 0,597837 0,000120
начавшийся 3,506558 0,000351
начала 0,314711 0,000032
началась 0,967584 0,000097
начале 0,314711 0,000063
начали 0,891598 0,000089
начались 1,660731 0,000166
начало 0,415515 0,000042
началось 0,616186 0,000062
начался 1,347074 0,000270
началу 1,171183 0,000235
начато 1,469676 0,000147
начинает 1,771957 0,000177
начинкой 3,912023 0,000392
начнет 2,207275 0,000442
наше 1,609438 0,000161
нашего 2,040221 0,000204
наших 1,469676 0,000147
нгсте 0,000000 0,000000
неайм 3,912023 0,000392
небольшой 1,427116 0,000143
невского 1,427116 0,000429
невскому 2,813411 0,000564
недавно 2,207275 0,000221
недалеко 1,469676 0,000294
недвижимость 2,525729 0,000253
недействующие 2,813411 0,000282
недостатков 0,653926 0,000066
недоступная 0,527633 0,000264
недоступные 0,755023 0,000076
независимая 1,966113 0,000197
незамерзающий 3,506558 0,000351
неймеген 3,912023 0,000392
некипелов 3,506558 0,000351
некоммерческой -0,009950 -0,000001
некоторые 0,301105 0,000060
нем 0,356675 0,000929
неман 3,506558 0,000703
неманский 3,912023 0,000392
немецкая 1,966113 0,000197
немецкие 1,966113 0,000197
немецкий 1,427116 0,000429
немецких 2,302585 0,000461
немецко-русский 3,912023 0,000392
немецкого 2,207275 0,001769
немецкое 2,995732 0,000900
немецкой 1,897120 0,000950
немецком 2,813411 0,000564
немецкому 3,218876 0,000322
немцев 2,207275 0,000221
немцы 1,203973 0,000362
ненцы 2,120264 0,000212
необходимую 3,912023 0,000392
неоготических 3,912023 0,000392
неоднократно 1,139434 0,000228
неподалеку 2,040221 0,000204
непосредственно 0,478036 0,000144
непосредственной 1,966113 0,000197
нерабочими 1,021651 0,000102
нерентабельностью 3,912023 0,000392
нерушимость 3,912023 0,000392
нескольких 0,755023 0,000227
несколько 0,150823 0,000060
несмотря 0,755023 0,000076
несохранившиеся 3,912023 0,000392
нессельбек 3,912023 0,000392
нестеров 2,659260 0,000533
нестеровский 3,912023 0,000392
нетреба 3,912023 0,000392
нефтепродуктов 1,966113 0,000197
нефтяные 2,995732 0,000300
нидерландов 2,813411 0,000282
нидерланды 2,525729 0,000759
ниду 3,912023 0,000392
ниже 0,693147 0,000139
нижнем 1,660731 0,000166
нижний 0,673345 0,000202
низкобюджетных 3,912023 0,000392
нии 1,237874 0,000124
никак 2,813411 0,000282
никакого 2,525729 0,000253
николаевич 1,309333 0,000393
николаевна 2,659260 0,000533
николай 0,867501 0,000261
николаю 2,407946 0,000724
никонов 2,659260 0,000533
нина 2,659260 0,000799
нинся 3,912023 0,000392
нихайм 3,912023 0,000392
ничьи 3,912023 0,000392
новая 0,634878 0,000382
новгороде 2,659260 0,000533
нового 0,579818 0,000116
новое 0,755023 0,000151
новой 0,653926 0,000131
новому 1,832581 0,000184
новосибирск 0,916291 0,000092
новости 0,579818 0,000116
новые 0,342490 0,000069
новый 0,446287 0,000134
новых 0,430783 0,000043
ногайцы 1,897120 0,000190
нойендорфе 3,912023 0,000392
нойенраде 3,912023 0,000392
нойс 3,912023 0,000392
нойштадт 3,912023 0,000392
номер 0,820981 0,000082
норвегии 2,659260 0,000266
норвежская 0,248461 0,000025
нордхаузен 3,912023 0,000392
норма 0,798508 0,000080
нормандия-неман 3,912023 0,000392
нортхайм 3,912023 0,000392
норфолк 3,506558 0,000351
носаль 3,912023 0,000392
носившим 3,912023 0,000784
носил 2,302585 0,000231
носит 1,309333 0,000131
нохчийн 0,000000 0,000000
ночной 2,525729 0,000253
ночные 3,218876 0,000322
нояб 0,820981 0,000082
ноябре 0,994252 0,000100
ноября 0,127833 0,000295
нська 0,000000 0,000000
нтв 1,427116 0,000286
ныне 0,653926 0,000590
нынешнего 1,771957 0,000177
нынешний 2,040221 0,000204
ньскъ 0,000000 0,000000
ньюкасл-апон-тайн 3,912023 0,000392
нючепинг 3,912023 0,000392
оао 0,916291 0,000092
оба 1,386294 0,000278
обвинителя 3,506558 0,000351
обвода 3,506558 0,000703
обертайх 3,912023 0,000784
обеспечивают 1,514128 0,000152
обеспечивающих 2,207275 0,000221
обладатель 1,832581 0,000184
области 0,223144 0,001006
областикалининграднаселенные 3,912023 0,000392
областная 1,309333 0,000787
областного 1,108663 0,000555
областное 2,302585 0,000231
областной 1,078810 0,001729
областные 1,771957 0,000355
областным 2,207275 0,000221
область 0,385662 0,000386
областьгорода 1,309333 0,000131
облегчило 3,506558 0,000351
облик 1,272966 0,000128
обнаружено 2,207275 0,000221
обозначено 3,506558 0,000351
обозначившее 3,912023 0,000392
обоими 3,506558 0,000351
обоих 1,469676 0,000147
оборонительная 3,506558 0,000351
оборонительной 2,525729 0,000253
оборонительные 2,525729 0,000253
обороны 1,309333 0,000262
оборудована 3,506558 0,000351
обособленным 3,506558 0,000351
образована 1,427116 0,000143
образование 0,494296 0,000099
образования 0,478036 0,000192
образованиям 0,776529 0,001089
образует 0,994252 0,000100
обратной 2,407946 0,000241
обращения 0,030459 0,000375
обсерватории 2,207275 0,000221
обслуживает 1,771957 0,000355
обслуживают 2,659260 0,000266
обслуживающего 3,912023 0,000392
обстановка 1,966113 0,000394
обсуждались 3,506558 0,000351
обусловленная 3,218876 0,000322
обхода 2,207275 0,000442
общая 0,673345 0,000067
общего 0,713350 0,000143
общежитии 3,912023 0,000392
общежитий 3,912023 0,000392
общежития 3,506558 0,000351
общей 0,597837 0,000240
общеобразовательных 1,203973 0,000121
общероссийских 2,302585 0,000231
общественного 0,916291 0,000459
общественной 1,832581 0,000184
общественный 0,941609 0,000377
общественных 1,021651 0,000102
общество 0,713350 0,000286
общий 0,916291 0,000184
общим 1,427116 0,000143
общинный 3,218876 0,000322
объектов 0,527633 0,000106
объем 0,616186 0,000062
объявлено 1,832581 0,000184
объят 3,912023 0,000392
обыграли 3,912023 0,000392
обычно 0,693147 0,000069
обязательно 2,040221 0,000204
овсянов 3,912023 0,000392
огня 2,525729 0,000506
одер 3,506558 0,000703
одержал 2,995732 0,000300
одиннадцати 3,218876 0,000322
одинцов 3,912023 0,000392
одна 0,527633 0,000106
однако 0,174353 0,000070
одним 0,494296 0,000149
одно 0,693147 0,000139
одновременно 0,776529 0,000078
одного 0,544727 0,000055
одной 0,371064 0,000037
одном 1,139434 0,000342
одну 1,237874 0,000124
ожесточенностью 3,912023 0,000392
озер 1,609438 0,000161
озеро 1,049822 0,000210
озерск 3,506558 0,000351
озерский 3,912023 0,000392
ойленбург 3,912023 0,000392
оказались 1,514128 0,000152
окато 0,820981 0,000082
океана 1,272966 0,000765
океанографии 3,506558 0,000351
океану 2,813411 0,000282
оккупированной 2,995732 0,000300
около 0,000000 0,000000
окончания 1,714798 0,000344
окраинам 2,813411 0,000282
округ 0,673345 0,000135
округа 0,653926 0,000524
округе 1,309333 0,000131
округов 0,776529 0,000544
окружающей 1,049822 0,000105
окружного 2,659260 0,000533
окружной 2,207275 0,000442
окт 0,798508 0,000080
октмо 0,843970 0,000085
октябре 0,967584 0,000097
октябрь 0,867501 0,000087
октябрьская 1,897120 0,000190
октябрьский 1,078810 0,000540
октябрьским 3,506558 0,000703
октябрьском 2,525729 0,000253
октябрьскую 3,912023 0,000392
октября 0,083382 0,000200
олдензал 3,912023 0,000392
олег 1,427116 0,000286
олега 1,966113 0,000197
олма 3,912023 0,000392
олык 0,000000 0,000000
ольборг 3,912023 0,000392
ольги 2,659260 0,000266
ольпе 3,912023 0,000392
ольхов 3,912023 0,000392
ольштын 3,912023 0,001176
оммен 3,912023 0,000392
омск 1,021651 0,000102
онлайн 0,198451 0,000020
опасность 2,525729 0,000253
опасных 2,302585 0,000231
оперативное 3,506558 0,000351
операции 1,139434 0,000114
операция 2,040221 0,000613
описание -0,009950 -0,000001
опорах 3,506558 0,000351
опубликованному 2,995732 0,000300
орган 1,203973 0,000724
органа 1,966113 0,000197
органами 2,120264 0,000637
организации -0,009950 -0,000001
организация 0,891598 0,000179
организован 1,660731 0,000166
организованы 2,040221 0,000204
органной 2,813411 0,000564
органный 2,302585 0,000461
органов 0,994252 0,000199
органом 1,514128 0,000152
органы 0,891598 0,000268
орден 1,966113 0,000197
ордена 1,714798 0,000344
орденом 1,021651 0,000205
оригинала 0,162519 0,000326
ориентированный 3,912023 0,000392
ортса 0,000000 0,000000
оружия 1,560648 0,000625
осадков 0,544727 0,000055
освятил 2,659260 0,000266
освятили 3,506558 0,000351
осень 1,469676 0,000442
осетины 1,771957 0,000177
осипов 0,527633 0,000053
осиян 3,912023 0,000392
ослабленного 3,912023 0,000392
осло 3,218876 0,000322
оснабрюк 3,912023 0,000392
основ 2,659260 0,000266
основан 0,579818 0,000348
основана 1,272966 0,000128
основание 1,272966 0,000128
основании 1,427116 0,000143
основанная 2,040221 0,000204
основанные 0,776529 0,000078
основная 0,116534 0,000093
основной 0,653926 0,000066
основные 0,223144 0,000112
основных 0,634878 0,000064
особняков 2,995732 0,000300
особой 2,120264 0,000425
особые 2,120264 0,000212
оставался 1,966113 0,000197
остается 0,891598 0,000089
осталось 2,040221 0,000409
остался 2,407946 0,000241
остальной 1,966113 0,000197
остальные 0,891598 0,000179
остановок 2,659260 0,000266
остановочный 3,506558 0,001756
остербург 3,912023 0,000392
остерна 3,912023 0,000392
остероде-ам-харц 3,912023 0,000392
остров 1,139434 0,000685
острова 1,078810 0,000108
острове 1,660731 0,000499
островом 3,218876 0,000967
осуществляется 0,776529 0,000156
осуществляющим 2,995732 0,000300
отакара 3,912023 0,000392
отакаром 3,912023 0,000392
отбора 2,407946 0,000241
отборные 3,912023 0,000392
отв 0,755023 0,000076
ответвлений 3,506558 0,000351
ответвления 2,813411 0,000282
ответственности -0,009950 -0,000001
ответы 1,514128 0,000152
отдела 2,207275 0,000221
отделение 1,139434 0,000457
отдельных -0,009950 -0,000002
отдыха 1,049822 0,000210
отелей 2,407946 0,000241
отеля 2,813411 0,000282
отечественного 2,525729 0,000253
отечественной 0,673345 0,000067
отказ -0,009950 -0,000001
открывает 2,120264 0,000212
открывали 3,218876 0,000322
открывшийся 3,218876 0,000322
открылась 1,309333 0,000131
открыли 1,237874 0,000372
открылся 0,941609 0,000377
открыт 0,798508 0,000800
открыта 0,967584 0,000097
открытие 0,941609 0,000283
открыто 1,078810 0,000108
отличается 0,579818 0,000058
отличался 2,995732 0,000300
отмене 2,659260 0,000266
отменен 2,407946 0,000482
отменили 2,995732 0,000300
отменить 2,659260 0,000266
отменяют 3,506558 0,000351
отмечавшегося 3,912023 0,000392
относительно 0,415515 0,000042
относится 0,733969 0,000147
относятся 0,713350 0,000071
отношение 1,609438 0,000161
отношения 0,994252 0,000199
отправления 2,995732 0,000300
отправлены 3,506558 0,000351
отправляет 2,813411 0,000282
отправлялись 2,525729 0,000253
отр 1,832581 0,000367
отравляющих 3,218876 0,001612
отрасль 1,897120 0,000190
отредактирована -0,009950 -0,000001
отредактировать 0,967584 0,000097
отреставрирован 3,506558 0,000351
отреставрированы 2,813411 0,000282
отсутствия 1,714798 0,000172
официального 2,040221 0,000204
официальном 2,120264 0,000212
официальный 0,510826 0,000307
официальным 1,272966 0,000128
охранявший 3,912023 0,000392
оценивается 2,120264 0,000212
оценка 0,693147 0,000069
очереди 1,966113 0,000197
очередь 0,527633 0,000159
очко 3,912023 0,000392
ошвартован 3,912023 0,000392
ошибкекак -0,009950 -0,000001
паблишер 2,659260 0,000266
павел 1,469676 0,000294
павлантьевич 3,912023 0,000392
павлов 2,525729 0,000253
павлович 2,302585 0,000231
павловна 3,506558 0,000351
павшим 2,659260 0,000266
падает 2,813411 0,000282
падерборн 3,912023 0,000392
палас 3,912023 0,000392
палата 1,660731 0,000166
палаты 2,302585 0,000231
пальмбургский 3,912023 0,000392
пальмовский 3,912023 0,000392
памяти 1,078810 0,000865
памятная 1,660731 0,000166
памятник 0,693147 0,002986
памятника 1,078810 0,000432
памятнике 2,525729 0,000253
памятники 0,733969 0,000147
памятников 0,820981 0,000164
памятный 2,207275 0,001106
память 0,891598 0,000357
паневежис 3,506558 0,000351
панельными 3,912023 0,000392
пар 2,525729 0,000253
парк 0,693147 0,000972
парка 1,021651 0,000205
парке 1,171183 0,000352
парки 1,272966 0,000255
парковый 2,525729 0,000253
паром 2,813411 0,001409
паромная 3,506558 0,000703
паромные 2,813411 0,000282
партийного 2,995732 0,000300
партнеры 2,302585 0,000231
пассажиров 1,309333 0,000131
пассажирская 2,407946 0,000241
пассажирские 1,427116 0,000143
пассажирский 1,514128 0,000152
патриарх 2,525729 0,000506
патронатом 3,218876 0,000322
патры 3,912023 0,000784
пацаев 3,912023 0,000392
пгт 2,302585 0,000231
педагогический 1,078810 0,000108
педагогическом 3,218876 0,000322
пеккельсхайм 3,912023 0,000392
пенсионного 3,506558 0,000351
пер 1,108663 0,000111
первая 0,430783 0,000086
первенстве 2,659260 0,000266
первого 0,733969 0,000074
первое 0,544727 0,000055
первозванного 2,659260 0,000799
первой 0,462035 0,000185
первом 1,237874 0,000124
первому 2,207275 0,000221
первоначально 1,203973 0,000121
первую 0,867501 0,000174
первые 0,494296 0,000149
первый 0,385662 0,000232
первым 0,597837 0,000060
первых 0,653926 0,000197
переведен 2,040221 0,000204
перевод 1,427116 0,000143
перевозка 2,813411 0,000282
перевозки 1,203973 0,000121
передан 2,040221 0,000409
передана 2,120264 0,000212
переданного 3,506558 0,000351
передано 2,407946 0,000241
передача 1,514128 0,000152
передачи 1,560648 0,000156
передвигается 3,912023 0,000392
переименовали 2,302585 0,000231
переименован 1,347074 0,000270
переименовании 1,897120 0,000190
переименования 2,525729 0,000506
переименовать 2,813411 0,000282
перейти -0,009950 -0,000002
перекинут 3,506558 0,000703
перекрестке 1,966113 0,000197
перем 0,000000 0,000000
переменам 3,506558 0,000351
перемещенных 3,912023 0,000392
переписи 0,755023 0,000378
переписных 1,897120 0,000190
перепись 0,820981 0,000493
переправы 1,832581 0,000184
переприцепкой 3,912023 0,000392
пересекает 2,302585 0,000231
переселены 3,218876 0,000322
пересечение 2,302585 0,000231
пересечением 3,912023 0,000392
пересечении 1,427116 0,000143
перестановки 3,506558 0,000351
перестроен 2,302585 0,000231
перетекает 3,912023 0,000392
перехода 1,514128 0,000152
переходный 2,407946 0,000241
перечня 2,120264 0,000212
период 0,342490 0,000172
периода 0,967584 0,000097
периферийные 3,218876 0,000322
периферийными 3,912023 0,000392
перлеберг 3,912023 0,000392
пернов 3,912023 0,000392
персональные -0,009950 -0,000001
перспективы 1,347074 0,000135
персы 1,966113 0,000197
петау 3,912023 0,000392
петр 1,108663 0,000222
петра 1,078810 0,000216
петрикин 3,912023 0,000392
петру 1,771957 0,000177
пехотной 3,506558 0,000351
печати -0,009950 -0,000001
печать -0,009950 -0,000001
пешеходной 2,813411 0,000282
пешеходные 3,218876 0,000322
пешеходный 2,525729 0,000506
пешеходным 3,506558 0,000351
пешеходных 2,302585 0,000231
пик 1,966113 0,000197
пикеты 3,912023 0,000392
пионерский 2,995732 0,000600
пионерским 3,912023 0,000784
писателя 1,660731 0,000166
плавучий 3,912023 0,000392
плаза 3,218876 0,000322
пламенем 3,912023 0,000392
плане 1,660731 0,000333
планировалось 1,832581 0,000184
планируется 1,021651 0,000409
планом 2,407946 0,000241
планы 1,347074 0,000135
платформа 1,714798 0,000172
платформой 2,525729 0,000253
платформы 1,272966 0,000128
племени 2,525729 0,000253
плеттенберг 3,912023 0,000392
плотность 0,693147 0,000069
площади 0,510826 0,000409
площадь 0,478036 0,000144
площадью 0,994252 0,000398
плюс 1,386294 0,000278
побед 2,813411 0,000282
победа 1,609438 0,000322
победоносца 2,407946 0,000241
победу 1,897120 0,000190
победы 0,916291 0,001010
побережье 1,560648 0,000313
побережья 1,427116 0,000143
побратимами 2,813411 0,000282
побывали 3,506558 0,000351
поведения -0,009950 -0,000001
повят 3,912023 0,000392
погибшим 1,832581 0,000184
погибших 1,714798 0,000344
погода 0,776529 0,000078
пограничный 2,659260 0,000266
подавших 3,912023 0,000392
подвига 3,912023 0,000392
подводная 2,659260 0,000266
подвоз 3,912023 0,000392
подвозящий 3,912023 0,000392
подготовки 1,309333 0,000262
поддержку 1,469676 0,000147
подержанных 3,506558 0,000351
подземных 1,966113 0,000197
поднимался 3,912023 0,000392
поднятием 3,506558 0,000703
поднято 3,912023 0,000392
подписании 3,506558 0,000351
подробнее -0,009950 -0,000001
подступы 3,218876 0,000322
подтверждена 3,218876 0,000322
подходе 2,659260 0,000266
подходящие 3,218876 0,000322
подъем 1,832581 0,000367
поезд 1,560648 0,000469
поезда 1,272966 0,000765
поездам 3,506558 0,000351
поездах 3,506558 0,000351
поездов 1,609438 0,000322
поездом 3,218876 0,000322
позволило 1,514128 0,000152
позволяет 0,755023 0,000076
позднее 0,798508 0,000240
позже 0,733969 0,000074
поиск -0,009950 -0,000003
поиску -0,009950 -0,000002
показал 1,832581 0,000184
показатель 0,713350 0,000071
поколения 1,897120 0,000190
покрова 1,203973 0,000121
покупке 3,218876 0,000322
пол 1,897120 0,001710
полдень 0,916291 0,000092
поле 0,798508 0,000080
полесск 3,912023 0,000784
полесский 3,912023 0,000392
полина 2,995732 0,000300
политика -0,009950 -0,000002
политическая 0,843970 0,000085
полицайпрезидиум 3,912023 0,000392
полномочий 1,609438 0,000161
полностью 0,400478 0,000241
положение 0,510826 0,000102
положением 2,120264 0,000212
положения 1,309333 0,000131
положили 3,218876 0,000322
полоса 1,771957 0,000177
полосами 2,659260 0,000266
полосы 1,469676 0,000147
полоцк 3,506558 0,000351
полу 0,916291 0,000367
полуфинала 3,506558 0,000351
получение 1,966113 0,000197
полученных 2,659260 0,000266
получить 1,427116 0,000143
полуэксклавного 3,912023 0,000392
пользовался 2,995732 0,000300
пользу 1,832581 0,000184
польская 3,218876 0,000322
польский 2,120264 0,000425
польским 3,912023 0,000392
польской 3,218876 0,000967
польском 3,506558 0,000351
польша 1,966113 0,002560
польшей 3,912023 0,001176
польши 2,659260 0,001066
польшу 3,218876 0,000322
поляки 1,469676 0,000442
померания 3,912023 0,000392
поместье 3,912023 0,000392
помимо 0,562119 0,000282
помогали 3,912023 0,000392
поморы 2,659260 0,000266
помощь 1,714798 0,000172
понадобится 3,912023 0,000392
понарте 3,912023 0,000392
понартская 3,912023 0,000392
понесли 3,912023 0,000392
пономарева 2,813411 0,000564
поплавок 3,912023 0,000392
поппо 3,912023 0,000392
популярная 2,407946 0,000241
популярном 3,218876 0,000322
поражения 2,407946 0,000241
порт 0,941609 0,000377
портал 0,342490 0,000034
портами 2,813411 0,000282
портов 2,120264 0,000212
порты 1,714798 0,000172
портыгородские 3,912023 0,000392
пос 2,040221 0,001226
посвященная 1,714798 0,000172
посвященные 1,966113 0,000394
поселение 1,309333 0,000131
поселений 0,798508 0,000720
поселения 0,941609 0,000094
поселка 1,309333 0,000262
поселкам 0,891598 0,000089
посетили 2,302585 0,000692
посетить 2,407946 0,000241
посещаемости 2,995732 0,000300
посещает 2,525729 0,000253
посещался 3,912023 0,000392
посещают 2,525729 0,000253
посещения 2,525729 0,000253
послевоенного 3,218876 0,000322
послевоенное 2,659260 0,000266
послевоенные 1,832581 0,000551
послевоенный 2,659260 0,000266
послевторой 3,912023 0,000392
последней 1,714798 0,000172
последние 0,755023 0,000151
последний -0,009950 -0,000002
последняя 0,342490 0,000034
последствий 2,207275 0,000221
посольства 2,120264 0,000425
посольство 2,525729 0,000253
посредников 2,813411 0,000282
постаменте 3,218876 0,000322
постоянного 0,693147 0,000417
построен 0,798508 0,000480
построенные 2,302585 0,000231
построенный 1,237874 0,000124
построенным 2,995732 0,000300
построено 0,867501 0,000087
построены 1,021651 0,000102
постройки 1,139434 0,000228
постройкой 2,302585 0,000231
потенциально 2,813411 0,000282
потери 1,966113 0,000394
потерянных 3,912023 0,000392
потсдам 3,912023 0,000392
потсдамской 3,912023 0,001176
походах 3,506558 0,000351
почетные 1,108663 0,000444
почетный 1,469676 0,000294
почта 1,609438 0,000161
почтовая 1,078810 0,000216
почтово-чековых 3,912023 0,000392
почтовой 2,040221 0,000204
почтовый 1,108663 0,000111
появились 0,579818 0,000058
появилось 1,171183 0,000117
появился 0,693147 0,000069
появления 1,514128 0,000152
пояс 0,693147 0,000208
права 0,755023 0,000151
правда 0,891598 0,000089
правдинск 3,912023 0,000392
правдинский 3,912023 0,000392
правило 0,891598 0,000179
правительства 0,693147 0,000139
правительство 0,843970 0,000169
править -0,009950 -0,000108
правка 0,328504 0,000033
правкиновые -0,009950 -0,000001
правкипостоянная -0,009950 -0,000001
правления 1,966113 0,000197
правобережной 2,407946 0,000241
правовое 2,995732 0,000300
правовых 2,525729 0,000253
правого 1,560648 0,000156
православная 1,272966 0,000128
православные 1,347074 0,000135
православный 2,120264 0,000212
православных 1,427116 0,000143
прага 3,218876 0,000322
празднования 1,832581 0,000184
практически 0,755023 0,000227
превращена 3,506558 0,000351
превышать 2,659260 0,000266
преголи 3,912023 0,003135
преголю 3,912023 0,000784
преголя 3,506558 0,001054
предварительному 3,912023 0,000392
предметов 1,660731 0,000166
предоставлена 3,912023 0,000392
предполагалось 1,771957 0,000177
предположения 2,813411 0,000282
предприятие 1,237874 0,000124
предприятий 0,713350 0,000071
предприятиях 1,832581 0,000184
председ 1,203973 0,000121
председатель 1,347074 0,000270
председателя 1,514128 0,000152
представились -0,009950 -0,000001
представителей 1,469676 0,000294
представительный 1,771957 0,000355
представительства 1,386294 0,000278
представительство 1,514128 0,000303
представлен 0,891598 0,000089
представленных 2,659260 0,000266
представляли 2,302585 0,000231
предусмотрено 2,302585 0,000692
предшествовала 3,912023 0,000392
прежние 1,171183 0,000117
президента 0,916291 0,000275
президентский 2,813411 0,000282
президиума 1,272966 0,000255
прекратившая 3,912023 0,000392
прекратили 2,040221 0,000204
премьер 2,407946 0,000482
пренцлау 3,912023 0,000392
преобразованный 3,506558 0,000351
преподавание 2,995732 0,000300
преподобномученицы 3,506558 0,000351
пресвятой 1,272966 0,000128
пресс-конференции 3,218876 0,000322
пресс-службе 3,506558 0,000351
престижной 3,218876 0,000322
преступлению 3,912023 0,000392
преступность 1,897120 0,000190
пржездомский 3,912023 0,000392
пржездомского 3,912023 0,000392
пржемысла 3,912023 0,000392
пржемыслом 3,912023 0,000392
прибалтийская 3,218876 0,000322
прибалтика 3,506558 0,000703
прибалтике 3,218876 0,000322
прибалтики 3,506558 0,000703
приблизительно 1,514128 0,000152
прибрежной 2,207275 0,000221
прибыли 2,207275 0,000221
приведшие 3,912023 0,000392
привлекал 3,912023 0,000392
приглашены 3,506558 0,000351
пригородные 1,469676 0,000147
приезжих 3,218876 0,000322
приема 2,813411 0,000564
призер 1,771957 0,000177
признан 1,427116 0,000143
признана 2,040221 0,000204
приказ 1,714798 0,000172
приказом 1,966113 0,000197
применена 3,506558 0,000351
применяемого 0,843970 0,000085
применяемым 0,941609 0,000094
примечания -0,009950 -0,000002
приморск 2,995732 0,000600
приморскими 3,912023 0,000392
приморское 2,659260 0,000266
принадлежавших 3,218876 0,000322
принадлежности 1,514128 0,000303
принадлежность 1,609438 0,000161
принимавшего 3,912023 0,000392
принудительно 3,506558 0,000351
принципиально 2,813411 0,000282
принял 1,272966 0,000255
приняла 1,966113 0,000197
приняли 1,347074 0,000135
принят 1,427116 0,000143
принято 0,713350 0,000286
принятой 2,813411 0,000282
принятым 2,995732 0,000300
присвоено 1,078810 0,000216
присоединение 2,407946 0,000482
притоком 2,120264 0,000212
притяжения 2,995732 0,000600
приурочено 2,813411 0,000282
приходит 1,897120 0,000190
приходы 2,040221 0,000204
прицвальк 3,912023 0,000392
пришли 1,771957 0,000177
проблемы 0,544727 0,000327
проведена 1,832581 0,000184
проведении 2,659260 0,000266
проведения 0,843970 0,000085
проведенного 2,302585 0,000231
проведены 1,966113 0,000394
проверенная 1,049822 0,000105
проверяема 0,967584 0,000097
провинции 1,660731 0,000499
проводившиеся 3,218876 0,000322
проводил 2,995732 0,000300
проводится 1,108663 0,000222
проводятся 1,203973 0,000362
программ 1,203973 0,000121
программы 0,713350 0,000071
прогулки 2,120264 0,000212
продаж 2,813411 0,000282
продление 2,995732 0,000300
продлят 3,912023 0,000392
продолжавшийся 3,912023 0,000392
продолжается 1,560648 0,000156
продолжающейся 3,218876 0,000322
продолжить 3,912023 0,000392
проезд 1,897120 0,000380
проезда 1,560648 0,000469
проезде 3,218876 0,000322
проездной 3,506558 0,000351
проезжает 3,912023 0,000392
проезжая 3,218876 0,000322
проекта 0,616186 0,000062
проектах -0,009950 -0,000001
проектахцитаты 2,525729 0,000253
проектный 2,813411 0,000282
проектов 1,469676 0,000147
проектывикипедия 2,040221 0,000204
проживает 1,771957 0,000177
проживали 1,660731 0,000166
проживало 1,514128 0,000303
проживающим 3,912023 0,000392
произведена 2,813411 0,000282
производства 0,616186 0,000123
производственной 2,302585 0,000231
производство 0,941609 0,000094
прокуратура 2,525729 0,000253
пролегает 3,506558 0,000351
пролет 2,995732 0,000300
пролета 3,912023 0,000784
проливы 2,813411 0,000282
промышленности 0,579818 0,000116
промышленность 0,693147 0,000139
промышленных 0,916291 0,000184
пронин 3,912023 0,000392
пропштайкирхе 3,912023 0,000392
просмотры -0,009950 -0,000001
проспект 1,021651 0,000205
проспекта 1,347074 0,000405
проспекте 1,427116 0,000715
проспектом 2,659260 0,000799
простых 2,525729 0,000253
протесты 2,659260 0,000266
против 0,798508 0,000160
противника 2,995732 0,000300
протокол 1,560648 0,000156
протяжении 0,867501 0,000087
протяженность 0,941609 0,000094
профессионального 1,427116 0,000143
прохода 3,218876 0,000322
проходит 0,693147 0,000486
проходят 0,941609 0,000189
процветающего 3,912023 0,000392
процедурой 3,218876 0,000322
прочее 0,653926 0,000066
прочих 1,560648 0,000156
прошли 1,309333 0,000131
прошлого 1,609438 0,000161
прошлом 1,108663 0,000111
проявление 2,813411 0,000282
пруд 2,120264 0,001062
пруда 2,995732 0,000600
пруды 2,525729 0,000506
пруссии 3,912023 0,000392
пруссию 3,912023 0,000392
пруссия 3,506558 0,001054
прусск 3,912023 0,000784
прусского 3,912023 0,000392
пруссов 3,912023 0,000392
прямого 2,302585 0,000231
прямой 1,347074 0,000270
прямые 1,966113 0,000197
прямых 2,407946 0,000241
псков 2,207275 0,000442
птичкой 3,912023 0,000392
публикации 1,832581 0,000184
пуляева 3,912023 0,000392
пункт 1,203973 0,000603
пунктов 0,653926 0,000393
пункты 0,616186 0,000247
путать 1,771957 0,000177
путеводитель 0,713350 0,000143
путем 0,941609 0,000094
путепровода 3,218876 0,000322
путешествуем 3,912023 0,000784
путина 2,302585 0,000231
путти 3,912023 0,000392
пушки 3,218876 0,000322
пушкин 2,407946 0,000241
пушкину 1,897120 0,000190
пущен 2,120264 0,000212
пэттен 3,912023 0,000392
пятигорска 3,506558 0,000351
пятидесяти 2,525729 0,000253
пятиэтажными 3,912023 0,000392
пятница 1,771957 0,000177
пятницу 2,813411 0,000282
пятое 2,207275 0,000221
пятом 3,912023 0,000392
пятый 1,427116 0,000286
работа 0,891598 0,000089
работает 0,755023 0,000076
работал 1,309333 0,000131
работало 1,660731 0,000166
работах 2,120264 0,000212
работником 3,912023 0,000392
работу 0,693147 0,000139
работы 0,314711 0,000032
рабочим 3,506558 0,000351
равнинный 2,813411 0,000282
радио 0,891598 0,001608
радиостанции 1,347074 0,000270
разведчикам 3,912023 0,000784
развиваться 1,469676 0,000147
развивающихся 2,407946 0,000241
развитие 0,314711 0,000095
развития 0,287682 0,000115
разводится 3,912023 0,000784
разводного 3,218876 0,000322
разводной 3,506558 0,001756
развязки 2,120264 0,000425
раздел 0,891598 0,000179
разделами 0,891598 0,000089
разделе 0,776529 0,000078
разделена 2,040221 0,000204
разделился 3,912023 0,000392
разделить 2,525729 0,000253
различные 0,693147 0,000139
различных 0,385662 0,000039
размещался 2,659260 0,000533
размещаются 2,525729 0,000253
размещением 2,813411 0,000282
размещения 0,843970 0,000085
размышления 2,813411 0,000282
разность 2,995732 0,000300
разных 0,510826 0,000051
разобран 2,995732 0,000300
разобранный 3,912023 0,000784
разработчики -0,009950 -0,000001
разрешение 1,966113 0,000394
разрушен 2,120264 0,000637
разрушения 2,207275 0,000221
разрушенного 2,813411 0,000282
разрушенный 2,813411 0,000282
разрушено 2,525729 0,000253
рай 3,912023 0,000392
райне 3,912023 0,000392
район 0,597837 0,000719
района 0,673345 0,000135
районам 0,820981 0,000082
районами 1,347074 0,000135
районах 0,941609 0,000377
районе 0,527633 0,000370
районная 2,659260 0,000266
районов 0,562119 0,000563
районы 0,653926 0,000328
райцентров 0,941609 0,000094
рамблер-новости 3,912023 0,000392
рамках 0,544727 0,000109
ранее 0,430783 0,000432
раньше 1,171183 0,000235
распада 1,714798 0,000172
распадом 2,995732 0,000300
располагает 1,609438 0,000161
располагается 0,994252 0,000199
располагаются 1,108663 0,000111
расположен 0,733969 0,001176
расположена 0,916291 0,000184
расположение 1,139434 0,000114
расположенном 3,218876 0,000322
расположенные 1,514128 0,000455
расположенный 1,203973 0,000241
расположено 0,916291 0,000184
расположены 0,673345 0,000270
распределения 2,659260 0,000266
расселения 1,966113 0,000197
расстояние 0,843970 0,000085
расстояний 1,469676 0,000147
рассчитанного 3,218876 0,000322
рассчитанных 3,218876 0,000322
растет 1,660731 0,000166
расчет 1,386294 0,000139
расчетная 2,995732 0,000300
расчетов 2,525729 0,000253
расширение 0,527633 0,000106
расширения 1,514128 0,000152
ратинген 3,912023 0,000392
ратсхоф 3,912023 0,000784
ратсхофе 3,912023 0,000392
ратуша 3,218876 0,000322
рауха 3,912023 0,000392
рахманинова 3,218876 0,000322
рацибуж 3,912023 0,000392
рбк 1,386294 0,000139
реальность 2,813411 0,000282
ревель 3,912023 0,000392
реверс 2,995732 0,000300
регбийный 2,995732 0,000300
региона 0,776529 0,000389
региональная 2,207275 0,000221
регионального 1,108663 0,000222
региональное 1,660731 0,000166
региональные 1,171183 0,000117
регионах 1,771957 0,000177
регионе 1,049822 0,000210
регионов 0,941609 0,000189
регулирование 2,659260 0,000266
регулярно 1,272966 0,000383
регулярные 1,514128 0,000152
регулярных 2,120264 0,000212
ред 0,235722 0,000024
редакцией 1,832581 0,000184
редким 3,506558 0,000351
редких 2,407946 0,000241
редюиты 3,912023 0,000392
режиссеров 3,912023 0,000392
резанов 3,506558 0,000351
резе 3,912023 0,000392
резонанс 2,995732 0,000300
результатам 1,049822 0,000105
результате 0,342490 0,000137
рейн 3,912023 0,000392
рейнсдорп 3,912023 0,000392
рейсов 2,525729 0,000506
рейтинг 1,272966 0,000383
рейтинге 1,203973 0,000121
рейтинги 2,302585 0,000231
рейтингу 2,407946 0,000724
рейтценштайн 3,912023 0,000392
река 0,733969 0,000074
реки 0,462035 0,000463
рекклингхаузен 3,912023 0,000784
рекламы 2,302585 0,000231
рекомендации 0,843970 0,000085
реконструирован 2,207275 0,000221
реконструированный 3,218876 0,000645
реконструкции 0,967584 0,000194
реконструкция 1,203973 0,000241
религиозная 2,120264 0,000425
религия 0,843970 0,000169
реликта 3,912023 0,000392
рельеф 0,941609 0,000094
рельсобус 3,912023 0,001959
рельсобуса 3,912023 0,001567
рельсобусами 3,912023 0,000392
рельсобусы 3,912023 0,000392
рельсового 3,506558 0,000351
ремонта 1,897120 0,000190
рен 1,660731 0,000166
реорганизован 3,218876 0,000322
республик 1,609438 0,000161
республики 0,916291 0,000551
республикой 2,207275 0,000221
реставрации 2,525729 0,000253
ресторан 2,302585 0,000231
ресурсов 0,798508 0,000080
ресурсы 0,020203 0,000002
ретранслируемых 3,912023 0,000392
ретро 1,897120 0,000190
реутович 3,912023 0,000392
референдуме 2,813411 0,000282
референдумом 3,912023 0,000392
реформатская 3,506558 0,000351
реформы 1,609438 0,000161
речка 2,207275 0,000221
речной 0,916291 0,000092
решен 3,506558 0,000703
решение 0,755023 0,000378
решением 1,078810 0,000108
решению 1,609438 0,000322
решили 2,207275 0,000442
решило 2,995732 0,000300
ржд 1,832581 0,000184
рига 2,813411 0,001127
риги 3,912023 0,000392
римско-католической 2,813411 0,000282
римской 2,813411 0,000282
рогатых 3,912023 0,000392
родившегося 3,506558 0,000351
родина 1,560648 0,000313
родственники 3,912023 0,000392
родственных 0,755023 0,000076
роза 1,021651 0,000102
розенау 3,912023 0,000784
ройша 3,912023 0,000392
рок-фестиваля 3,912023 0,000392
рокоссовского 2,995732 0,000300
роль 0,579818 0,000116
ром 3,912023 0,000392
роман 1,771957 0,000177
романа 2,120264 0,000212
романенко 3,506558 0,000351
романин 3,506558 0,000351
рооп 3,912023 0,000392
росбалт 3,218876 0,000645
росгартенские 3,912023 0,000392
россгартенская 3,912023 0,000392
россии 0,186330 0,001064
россиигорода 1,309333 0,000131
россиискрытые 2,813411 0,000282
российская 0,186330 0,000075
российские 0,994252 0,000100
российский 0,634878 0,000954
российских 0,733969 0,000074
российской 0,385662 0,001236
россия 0,371064 0,000818
росстат 0,776529 0,000156
ростех 3,506558 0,000351
росток 3,218876 0,000967
ростом 2,120264 0,000425
рпц 2,302585 0,000923
рсфср 0,733969 0,000294
рублей 0,755023 0,000076
рубрика 3,506558 0,000351
руин 3,506558 0,000351
руины 2,995732 0,000300
рукава 2,659260 0,000266
рукавами 3,506558 0,000703
руководитель 1,966113 0,000197
румыны 1,897120 0,000190
рурмонд 3,912023 0,000392
рус 0,162519 0,000830
руси 1,347074 0,000270
русины 2,302585 0,000231
русла 2,302585 0,000461
русс 3,506558 0,000703
русские 0,544727 0,000327
русский -0,009950 -0,000002
русских 0,843970 0,000169
русское 0,755023 0,000076
русской 0,673345 0,000067
рутульцы 1,897120 0,000190
ручей 2,040221 0,000817
ручьев 2,659260 0,000266
ручья 3,218876 0,000322
рыбакам 3,912023 0,000392
рыбвтуз 3,912023 0,000392
рыбная 2,525729 0,000506
рыбного 2,995732 0,000600
рыбной 2,995732 0,001801
рыболовецкое 3,912023 0,000392
рыбопромыслового 3,912023 0,000784
рыбопромышленный 3,912023 0,000784
рынка 1,237874 0,000248
рынке 1,609438 0,000161
рынок 1,021651 0,000307
рыси 3,506558 0,000351
рыцарям 3,912023 0,000392
рыцарями 3,912023 0,000784
рэдиссон 3,912023 0,000784
рюгенвальде 3,912023 0,000392
рютен 3,912023 0,000392
ряд 0,385662 0,000039
рядом 0,733969 0,000368
с-в 0,000000 0,000000
с-з 0,000000 0,000000
савенко 3,912023 0,000784
сад 1,108663 0,000444
сайт 0,371064 0,000335
сайте 0,967584 0,000097
сайты 0,478036 0,000048
сакалаускас 3,912023 0,000392
саксония 3,912023 0,000392
салават 2,813411 0,000282
сальников 3,912023 0,000392
самара 0,891598 0,000089
самая 0,798508 0,000080
самбия 3,912023 0,000392
сами 1,560648 0,000313
самоидентификации 3,912023 0,000392
самой 0,916291 0,000092
самолеты 2,302585 0,000231
самом 1,108663 0,000111
самому 2,659260 0,000266
самостоятельный 2,302585 0,000231
самоуправление 2,040221 0,000613
самоуправления 0,994252 0,000498
самый 0,579818 0,000290
самым 0,653926 0,000131
самыми 1,832581 0,000184
самых 0,544727 0,000164
санкт-петербург 0,776529 0,000544
санкт-петербурге 1,771957 0,000532
санкт-петербургом 1,832581 0,000184
санкт-петербургского 2,207275 0,000221
сапунов 3,912023 0,000392
саулович 3,912023 0,000392
сборник 0,653926 0,000066
сборных 2,813411 0,000282
сброшено 3,912023 0,000392
свадебных 3,912023 0,000392
свалка 3,912023 0,000392
сведениям 1,966113 0,000197
сверхтоксичный 3,912023 0,000392
светлана 2,302585 0,000461
светлогорск 3,506558 0,000351
светлогорском 3,912023 0,000784
светлый 1,832581 0,000367
свистунов 3,506558 0,000351
свободной -0,009950 -0,000001
свод 2,407946 0,000241
своего 0,776529 0,000078
своей 0,776529 0,000078
свои 0,755023 0,000151
своим 0,967584 0,000097
своих 0,776529 0,000233
свой 0,653926 0,000131
свойство 0,653926 0,000066
сворачивается 3,912023 0,000392
свяжитесь -0,009950 -0,000001
связана 1,078810 0,000108
связанные 1,021651 0,000102
связано 1,078810 0,000108
связать 2,525729 0,000253
связи 0,235722 0,000142
связывает 2,040221 0,000204
связывают 1,609438 0,000161
связывающие 2,659260 0,000266
святейший 3,506558 0,000351
святителю 3,218876 0,000322
свято-никольский 2,995732 0,000600
святого 1,078810 0,001189
святой 1,272966 0,000255
священной 3,506558 0,000351
сдан 1,897120 0,000190
северная 1,078810 0,000432
северного 1,021651 0,000512
северной 0,693147 0,000069
северный 0,820981 0,000247
северо-западного 2,302585 0,000461
северо-западной 2,659260 0,000266
северо-западные 2,813411 0,000282
северодвинск 1,171183 0,000117
северу 1,832581 0,000184
сегодня 0,616186 0,000062
сегодняшний 1,660731 0,000166
седых 3,912023 0,000784
седьмой 2,407946 0,000241
сезон 1,347074 0,000135
сезона 1,609438 0,000161
сезонах 3,506558 0,000351
сезоны 2,407946 0,000241
секрет 2,659260 0,000266
сельма 3,912023 0,001176
сельских 0,776529 0,000544
семейства 1,966113 0,001182
семен 1,966113 0,000197
семеновна 3,506558 0,000351
семи 1,386294 0,001111
семинар 3,506558 0,000351
семинара 2,995732 0,000300
семь 1,309333 0,000393
семью 2,813411 0,000282
сент 0,843970 0,000085
сентябре 0,994252 0,000199
сентября 0,072571 0,000262
сербы 1,897120 0,000190
сервиса 1,514128 0,000152
сергеева 2,813411 0,000282
сердце 2,302585 0,000231
серебряные 2,525729 0,000253
серебряный 1,386294 0,000139
середине 0,562119 0,000113
середины 0,967584 0,000097
серов 2,813411 0,000282
сетевые 1,832581 0,000184
сети 0,494296 0,000099
сеть 0,616186 0,000309
сивкова 3,506558 0,000351
сил 1,771957 0,000177
силанов 3,912023 0,000392
силе 3,506558 0,000351
силу 1,021651 0,000102
сильнейшей 3,506558 0,000351
сильно 0,776529 0,000078
символизируют 2,659260 0,000266
символом 1,832581 0,000184
синагога 1,609438 0,000322
синема 1,771957 0,000355
система 0,235722 0,000047
системами 1,832581 0,000184
системе 0,733969 0,000147
системеобсуждениевкладсоздать -0,009950 -0,000001
системой 1,309333 0,000131
сити-менеджером 3,506558 0,000351
сказ 2,813411 0,001691
сказочному 3,912023 0,000392
скандинавии 2,995732 0,000300
скачать -0,009950 -0,000001
сквер 1,203973 0,000121
сквере 1,560648 0,000625
сколько 0,653926 0,000066
скопье 3,218876 0,000322
скорине 3,912023 0,000392
скорость 0,867501 0,000174
скульптор 1,427116 0,003860
скульптора 2,407946 0,000241
скульпторы 2,995732 0,000600
скульптур 2,407946 0,000482
скульптура 1,171183 0,000469
скульптуры 1,609438 0,000322
славно 3,912023 0,000392
славск 3,912023 0,000392
славский 3,912023 0,000392
славу 2,120264 0,000212
славянских 2,525729 0,000253
слева 1,108663 0,000111
следков 3,912023 0,001176
следовании 3,218876 0,000322
следования 2,302585 0,000231
следственного 3,218876 0,000322
следственное 3,912023 0,000392
следует 0,755023 0,000227
следуют 2,207275 0,000221
следующие 0,544727 0,000164
следующим 1,386294 0,000139
слепых 1,832581 0,000184
слов 1,560648 0,000156
словари 0,116534 0,000012
словарь 0,274437 0,000027
словарь-справочник 1,560648 0,000156
словении 2,995732 0,000300
сложности 1,347074 0,000135
слубице 3,912023 0,000392
служба 0,693147 0,000417
службы 0,798508 0,000320
служебным 3,912023 0,000392
слупск 3,912023 0,000392
случаях -0,009950 -0,000001
сменой 2,995732 0,000300
смерти 1,771957 0,000177
смещение 0,798508 0,000080
сми 0,867501 0,000174
смирнов 2,302585 0,000231
смогло 3,506558 0,000351
смоленск 2,040221 0,000409
смягчило 3,912023 0,000392
снарядов 2,995732 0,000600
снесен 2,040221 0,000204
снесенного 2,995732 0,000300
снесены 2,302585 0,000231
снижение 1,609438 0,000161
снова 1,386294 0,000139
снос 2,302585 0,000231
сноске 1,897120 0,000190
сносок 0,843970 0,000085
снят 1,897120 0,000190
снять 2,813411 0,000282
собирающее 3,912023 0,000392
собор 0,755023 0,000908
собора 1,108663 0,000444
соборе 2,207275 0,000442
собору 3,912023 0,000392
собрание 0,941609 0,000189
собрания 1,139434 0,000228
собственность 3,218876 0,000322
собственный 2,120264 0,000212
собственных 1,771957 0,000177
событияпожертвовать -0,009950 -0,000001
совет 0,916291 0,000459
совета 0,798508 0,000640
советника 3,912023 0,000392
советов 0,820981 0,000164
советом 1,897120 0,000380
советск 3,218876 0,000967
советские 1,347074 0,000270
советский 0,755023 0,000227
советским 2,120264 0,000425
советскими 2,813411 0,000845
советских 1,386294 0,000278
советско-российский 3,912023 0,000392
советского 0,776529 0,000389
советское 0,994252 0,000100
советском 2,120264 0,000212
совпадает 2,659260 0,000266
современная 1,108663 0,000333
современное 1,108663 0,000222
современной 0,579818 0,000058
согласно 0,301105 0,000090
содержалось 3,506558 0,000351
содержание 0,010050 0,000001
содержания 1,386294 0,000139
соединяет 2,302585 0,001153
соединяют 2,525729 0,000253
соединяющие 2,995732 0,000300
соединяющий 2,525729 0,000253
соединяя 2,995732 0,000300
создан 0,693147 0,000069
создана 0,891598 0,000089
создание 0,733969 0,000074
созданием 2,120264 0,000212
создании 1,203973 0,000121
создания 0,653926 0,000131
созданы 1,078810 0,000108
созыв 3,218876 0,000322
сокращена 3,218876 0,000322
солдатах 3,912023 0,000392
солнечный 0,843970 0,000085
соммера 3,912023 0,000392
сообщение 1,049822 0,000210
сообщению 2,995732 0,000300
сообщить -0,009950 -0,000001
сооружений 1,078810 0,000108
сооружения 0,941609 0,000660
сооружениях 2,525729 0,000253
сооруженного 3,912023 0,000392
соответствии 0,446287 0,000134
соприетерс 3,912023 0,000392
сопряжен 3,912023 0,000392
соревнование 2,995732 0,000300
сорок 2,407946 0,000241
соседней 3,218876 0,000322
соседние 2,407946 0,000241
сост 0,597837 0,000120
состав 0,400478 0,000241
состава 1,171183 0,000117
составе 0,616186 0,000062
составила 1,021651 0,000102
составляет 0,314711 0,000126
составляло 1,347074 0,000135
состоит 0,755023 0,000227
состоялось 1,171183 0,000117
состоялся 1,237874 0,000124
состояние 0,733969 0,000294
состоянию 0,544727 0,000655
состояния 1,203973 0,000121
сотен 2,040221 0,000204
сотни 1,427116 0,000143
сотрудничества 1,832581 0,000367
сотрудничество 1,660731 0,000166
сохранением -0,009950 -0,000001
сохранившейся 2,659260 0,000266
сохранившиеся 2,525729 0,001012
сохранившихся 2,207275 0,000221
сохранилась 2,120264 0,000212
сохранились 1,609438 0,000322
сохранилось 1,714798 0,000687
сохраняется 1,560648 0,000156
социалистических 2,659260 0,000266
социально-экономическая 3,506558 0,000351
социального 1,966113 0,000197
союза 0,733969 0,000368
союзом 2,120264 0,000212
спальные 3,218876 0,000322
спальных 3,218876 0,000322
спас 1,897120 0,000190
спасения 2,813411 0,000564
спасителя 2,659260 0,001066
спб 0,385662 0,000039
специализированная 2,525729 0,000253
специалисты 1,714798 0,000172
специально 1,714798 0,000344
специальной 2,120264 0,000425
спецназа 0,000000 0,000000
список 0,248461 0,000050
спорт 0,776529 0,000156
спорта 0,916291 0,000092
спортивный 1,514128 0,000152
справочник 0,916291 0,000184
спуск 2,813411 0,000282
спустя 1,609438 0,000161
сравнила 3,912023 0,000392
сразу 0,994252 0,000100
среда 1,386294 0,000278
среди 0,198451 0,000099
срединную 3,912023 0,000392
средневекового 3,218876 0,000322
среднего 1,049822 0,000315
среднегодовая 1,078810 0,000324
среднегодовой 2,120264 0,000212
средней 0,867501 0,000087
среднем 0,693147 0,000069
среднесуточная 2,659260 0,000533
средний 0,494296 0,000198
средних 1,078810 0,000108
средняя 0,510826 0,000051
среды 0,755023 0,000227
сродни 3,912023 0,000392
срок 1,237874 0,000124
срокам 2,995732 0,000300
сроком 1,966113 0,000591
српски 0,000000 0,000000
српскохрватски 0,000000 0,000000
срт 3,912023 0,000392
ссср 0,314711 0,000504
ссылка 0,274437 0,000220
ссылками 0,186330 0,000037
ссылкамивикипедия 1,609438 0,000161
ссылкасведения -0,009950 -0,000001
ссылки -0,009950 -0,000008
ссылкойвикипедия 1,660731 0,000166
ссылок 0,693147 0,000139
стабильная 0,994252 0,000100
стабильности 2,659260 0,000266
ставерен 3,912023 0,000392
стадион 1,108663 0,000444
стадиона 1,832581 0,000184
стадионе 1,966113 0,000197
стал 0,314711 0,000189
стала 0,462035 0,000046
стали 0,430783 0,000086
сталину 2,995732 0,001200
стало 0,494296 0,000099
стальной 3,218876 0,000322
станислав 2,407946 0,000482
станислава 3,218876 0,000322
станиславова 3,912023 0,000392
станции 0,693147 0,000069
станция 0,798508 0,000240
старая 0,430783 0,000086
старгард 3,912023 0,000392
старейшей 2,813411 0,000282
старейших 1,309333 0,000131
старинные 2,407946 0,000241
старинных 2,302585 0,000461
старого 1,347074 0,000270
старое 1,771957 0,000532
старой 1,514128 0,000152
старом 2,659260 0,000266
старопрусское 3,912023 0,000392
старосты 2,995732 0,000300
старше 1,966113 0,000197
старый 1,049822 0,000421
старым 2,525729 0,000253
старыми 3,506558 0,000351
старых 1,560648 0,000156
статистика -0,009950 -0,000002
статистике 0,916291 0,000092
статистики 0,713350 0,000429
статистический 0,755023 0,001134
статистическое 0,994252 0,000100
статус 0,510826 0,000256
статуса 1,309333 0,000262
стать 1,203973 0,000121
статьевикипедия 1,660731 0,000166
статьестатьи 0,843970 0,000169
статьи 0,072571 0,000073
статьислучайная -0,009950 -0,000001
статьисообществофорумсправкасвежие -0,009950 -0,000001
статью 0,616186 0,000062
статья 0,105361 0,000116
статьяобсуждение -0,009950 -0,000001
статьятекущие -0,009950 -0,000001
стаффорд 3,912023 0,000392
степанович 2,525729 0,000759
степаноса 3,912023 0,000392
стереокинотеатр 3,912023 0,000392
стиле 0,994252 0,000199
стилей 2,120264 0,000212
стилизация 3,912023 0,000392
стилистике 3,506558 0,000351
стоит 1,237874 0,000248
стокгольм 2,995732 0,000600
столицей 1,171183 0,000235
столкнулись 3,218876 0,000322
столовая 3,912023 0,000392
сторонником 3,506558 0,000351
стороной 2,525729 0,000253
сторону 1,171183 0,000235
стороны 0,430783 0,000043
стоявшего 3,912023 0,000392
стоявший 3,912023 0,000392
стоял 2,302585 0,000231
стр 1,309333 0,000131
стран 0,597837 0,000180
страна 0,462035 0,000093
странами 2,207275 0,000221
стране 0,867501 0,000087
страница -0,009950 -0,000003
страницасодержаниеизбранные -0,009950 -0,000001
страницецитировать -0,009950 -0,000001
страницуполучить -0,009950 -0,000001
страницы -0,009950 -0,000006
страницыслужебные -0,009950 -0,000001
страны 0,634878 0,000509
стратегия 2,207275 0,000221
страхования 2,995732 0,000300
строений 1,660731 0,000166
строители 2,659260 0,000266
строитель 1,897120 0,000190
строительства 0,673345 0,000067
строительстве 1,078810 0,000108
строительство 0,510826 0,000409
строить 1,832581 0,000184
строке 1,609438 0,000161
стс 1,714798 0,000515
студинский 3,912023 0,000392
студия 1,966113 0,000197
субсидированию 3,912023 0,000392
субъект 0,820981 0,000082
субъектов 0,755023 0,000454
суд 1,469676 0,000294
суда 1,078810 0,000108
судами 2,659260 0,000266
суде 3,506558 0,000351
судебные 2,659260 0,000266
судно 2,525729 0,000253
судно-музей 3,912023 0,001176
судоверфь 3,218876 0,000322
судостроительном 3,912023 0,000392
супермаркет 3,506558 0,000351
суслов 2,995732 0,000300
суточный 0,820981 0,000164
сухопутным 3,912023 0,000392
существовавших 2,302585 0,000231
существовала 1,386294 0,000139
существовали 1,309333 0,000131
существует 0,446287 0,000134
существуют 0,162519 0,000049
сфере 0,967584 0,000097
сферы 1,309333 0,000131
схема 1,386294 0,000278
схемой 3,218876 0,000322
схемы 1,771957 0,000177
сходятся 2,995732 0,000300
схожа 3,912023 0,000392
сша 0,562119 0,000113
съезд 2,120264 0,000212
съезда 2,659260 0,000266
сыграли 2,659260 0,000266
сын 2,407946 0,000241
сытина 1,560648 0,000156
сюда 1,108663 0,000111
сюдасвязанные -0,009950 -0,000001
сюжетов 3,912023 0,000392
табасараны 1,832581 0,000184
табл 0,867501 0,000087
таблица 0,653926 0,000262
табун 3,912023 0,000392
тадеуш 3,912023 0,000392
таджики 1,347074 0,000135
таджикистана 3,506558 0,000351
тайного 3,912023 0,000784
также 0,000000 0,000000
такси 1,021651 0,000102
тактика 3,506558 0,000351
таллин 2,995732 0,000300
талпаки 3,912023 0,000392
талыши 1,897120 0,000190
таможенной 3,218876 0,000322
таможня 3,506558 0,000351
тамыр 3,912023 0,000392
тангермюнде 3,912023 0,000392
тарашкев 0,000000 0,000000
таривердиеву 3,912023 0,000392
татарской 2,407946 0,000241
татарча 0,000000 0,000000
татары 0,798508 0,000320
татьяна 1,609438 0,000161
тбк 3,912023 0,000392
тва 0,000000 0,000000
твангсте 3,912023 0,000784
твангстедо 3,912023 0,000392
тверь 1,514128 0,000152
тверью 3,506558 0,000351
театр 0,713350 0,000500
театра 1,021651 0,000102
театральной 1,832581 0,000551
театров 1,203973 0,000121
театры 0,941609 0,000377
тевтонских 3,912023 0,000392
тевтонского 3,912023 0,000784
текст -0,009950 -0,000002
текущем 0,544727 0,000055
телевидение 0,967584 0,000291
телевидения 1,237874 0,000372
телеканал 1,309333 0,000131
телекомпании 2,525729 0,000506
телефонный 0,776529 0,000078
тельгте 3,912023 0,000392
тельмана 3,218876 0,000322
тематические 0,510826 0,000051
темпами 2,302585 0,000231
температура 0,562119 0,000225
тему 1,771957 0,000177
тенденции 1,832581 0,000184
тенденция 1,832581 0,000184
теодора 3,506558 0,001054
теории 1,514128 0,000152
теплее 2,995732 0,000300
термина 0,400478 0,000040
терминал 1,771957 0,000355
терминалы 2,813411 0,000282
терпевшим 3,506558 0,000351
территориальных 0,776529 0,000311
территорией 1,469676 0,000147
территории 0,400478 0,000321
территорий 1,049822 0,000105
территорию 0,941609 0,000283
территория 0,755023 0,000076
тесные 3,912023 0,000392
техники 0,867501 0,000087
техникумах 3,912023 0,000392
технический 1,021651 0,000512
течение 0,527633 0,000053
течении 1,660731 0,000166
тил 3,912023 0,000392
тип 0,356675 0,000143
типа 0,462035 0,000046
титул 2,302585 0,000231
тнт 1,714798 0,000515
товарный -0,009950 -0,000001
той 1,049822 0,000105
толстого 1,714798 0,000172
томас 2,659260 0,000266
тонн 1,108663 0,000333
топ 1,347074 0,000270
топонимика 2,407946 0,000241
топонимический 0,798508 0,000080
топуридзе 3,218876 0,000322
торговля 1,021651 0,000102
торгово-развлекательные 2,659260 0,000266
торгового 1,832581 0,000184
торговой 2,207275 0,000221
торговый 1,237874 0,000124
торн 3,912023 0,000392
торунь 3,912023 0,000392
точная 2,995732 0,000600
трагхайме 3,912023 0,000392
трагхаймская 3,912023 0,000392
трагхаймские 3,912023 0,000392
трамваем 3,218876 0,000322
трамвай 0,967584 0,000194
трамвайная 2,120264 0,000425
трамвайное 2,525729 0,000253
трамвайной 2,120264 0,000212
трамвайные 1,966113 0,000197
трамвайный 2,525729 0,000253
трамвайными 3,506558 0,000351
трамвайных 1,660731 0,000166
трамвая 1,347074 0,000405
транзит 2,813411 0,000564
транзита 3,506558 0,000703
транзитный 2,813411 0,000282
транзитом 2,995732 0,000600
транс-эксим 3,912023 0,000392
транслировала 3,506558 0,000351
транспорт 0,693147 0,000972
транспорта 0,776529 0,000467
транспортно-пересадочным 3,912023 0,000784
транспортного 1,660731 0,000166
транспортной 1,108663 0,000222
транспортный 1,171183 0,000117
транспортным 1,714798 0,000172
транспортных 0,891598 0,000089
транспортом 1,469676 0,000147
трансъевропейских 3,912023 0,000392
трансъевропейского 3,912023 0,000392
трасса 1,427116 0,000286
трейден 3,912023 0,000392
тремя 1,609438 0,000161
тренин 3,912023 0,000392
трети 1,897120 0,000190
третий 1,203973 0,000241
третьей 1,832581 0,000184
третьих 3,506558 0,000351
третьяковской 3,506558 0,000351
трех 0,713350 0,000071
трехградье 3,912023 0,000392
трехзвездочные 3,506558 0,000351
трибуны 3,506558 0,000351
триумф 2,995732 0,000300
триумфальная 2,302585 0,000692
триумфальную 3,506558 0,000351
трк 1,771957 0,000532
трое 2,813411 0,000282
троллейбус 0,994252 0,000299
троллейбуса 1,897120 0,000380
троллейбусная 2,995732 0,000300
троллейбусное 2,302585 0,000231
троллейбусной 2,813411 0,000282
троллейбусом 3,218876 0,000322
троллейбусы 1,714798 0,000172
тротуары 3,912023 0,000392
трофейного 3,506558 0,000351
трудностями 3,506558 0,000351
трудового 1,966113 0,000197
трудовые 2,659260 0,000266
тувангсте 3,912023 0,000392
тувинцы 2,120264 0,000212
туган 3,506558 0,000351
тупик 2,813411 0,000282
туризм 1,347074 0,000270
туристическая 2,207275 0,000221
туристического 2,302585 0,000231
турки 1,832581 0,000184
туркмены 1,966113 0,000197
турку 3,506558 0,000703
турнира 2,525729 0,000253
тчев 3,506558 0,000351
тшебятув 3,912023 0,000392
тыс 0,430783 0,000086
тысяч 0,415515 0,000583
тысячи 0,597837 0,000060
тюрингия 3,912023 0,000392
увековечена 3,506558 0,000351
увеличение 1,347074 0,000135
увеличения 1,771957 0,000177
увеличилось 1,309333 0,000131
удален 2,813411 0,000282
удалена 0,941609 0,000094
удаленного 3,218876 0,000322
удмуртукра 0,000000 0,000000
удмурты 1,660731 0,000166
узбеки 1,386294 0,000139
узел 0,891598 0,000089
узкая 2,995732 0,000300
узлом 1,609438 0,000645
уйгуры 2,040221 0,000204
указавшие 1,771957 0,000177
указавших 2,302585 0,000231
указан 0,139262 0,000014
указана 1,427116 0,000143
указанием -0,009950 -0,000001
указанном 2,659260 0,000266
указано 0,733969 0,000074
указом 0,941609 0,000094
украина 1,560648 0,000156
украиной 1,966113 0,000197
украину 1,897120 0,000190
украинцев 2,659260 0,000533
украинцы 0,891598 0,000268
укреплений 2,813411 0,000282
укреплениям 3,912023 0,000392
улиц 0,891598 0,000268
улицами 1,897120 0,000190
улице 0,916291 0,000918
улицей 2,120264 0,000212
улицу 1,966113 0,000591
улицы 0,843970 0,000845
умеренно-прохладное 3,912023 0,000392
умеренный 1,897120 0,000190
умершего 3,218876 0,000322
универсальная 0,891598 0,000089
университет 0,562119 0,000450
университета 0,446287 0,000089
уничтожении 3,912023 0,000392
уничтожения 2,659260 0,000266
уничтожившая 3,912023 0,000392
унна 3,912023 0,000392
упд-жд 3,912023 0,000392
упоминание 1,237874 0,000124
управление 0,527633 0,000264
управления 0,415515 0,000042
упразднен 2,659260 0,000266
упраздненные 3,218876 0,000322
упрощенный 3,218876 0,000967
уровне 0,916291 0,000092
уровню 1,897120 0,000190
урюпин 3,912023 0,000392
услар 3,912023 0,000392
условий -0,009950 -0,000001
условия -0,009950 -0,000003
услышать 2,995732 0,000300
устав 0,941609 0,000094
устава 1,897120 0,000190
установили 1,832581 0,000184
установкой 3,506558 0,000351
установлен 0,941609 0,000189
установленные 2,525729 0,000506
установлены 1,560648 0,000313
устименко 3,912023 0,000392
устойчивая 3,506558 0,000351
устроен 2,995732 0,000300
устроил 2,813411 0,000282
устройстве 1,171183 0,000117
уступив 3,218876 0,000322
усть-луга 2,813411 0,000845
утвердили 2,813411 0,000282
утверждении 1,427116 0,000143
утверждениям 3,506558 0,000351
утверждениями 0,713350 0,000071
утд 3,912023 0,000784
утратила 2,995732 0,000300
утраченного 3,506558 0,000351
утраченной 3,912023 0,000392
утраченные 2,995732 0,000300
утраченных 3,218876 0,000322
утренние 3,506558 0,000351
утром 2,813411 0,000282
ухудшает 3,506558 0,000351
уцелевшая 3,506558 0,000351
уцелевших 3,506558 0,000351
уцелело 3,912023 0,000392
участие -0,009950 -0,000004
участием 1,469676 0,000147
участия 1,966113 0,000197
участком 3,218876 0,000322
участников 1,272966 0,000128
учебно-научного 3,912023 0,000392
учебное 1,469676 0,000147
учебные 1,108663 0,000111
учебных 1,049822 0,000315
учетную -0,009950 -0,000001
учетом 0,755023 0,000151
училища 1,514128 0,000455
училище 1,021651 0,000409
учреждение 1,237874 0,000124
учреждений 0,891598 0,000089
учреждения 0,843970 0,000085
ушакова 2,207275 0,000221
файле 2,120264 0,000212
фашистской 3,218876 0,000645
фгуп 1,771957 0,000355
февр 0,820981 0,000082
февраля 0,051293 0,000092
февронии 2,525729 0,000253
федеральная 0,713350 0,000357
федерального 0,673345 0,000202
федеральной 0,891598 0,000268
федеральные 1,272966 0,000255
федеральный 0,653926 0,000197
федеральных 0,776529 0,000311
федеративной 2,813411 0,000282
федерации 0,544727 0,001746
федор 1,560648 0,000156
федору 2,995732 0,000300
феллин 3,912023 0,000392
фельдман 3,912023 0,000392
ферден 3,912023 0,000392
фестивали 1,427116 0,000286
фестиваль 1,139434 0,000228
фигурировало 3,506558 0,000351
филармонии 1,469676 0,000442
филиал 0,798508 0,000560
филиала 1,560648 0,000782
филиалами 2,525729 0,000253
филиалов 1,347074 0,000135
филиалом 2,040221 0,000613
филипп 3,218876 0,000322
философу 3,506558 0,000351
фильм 1,386294 0,000139
финансирование 2,813411 0,000564
финансы 0,798508 0,000080
финляндии 2,207275 0,000221
финляндия 1,832581 0,000367
финны 2,040221 0,000204
фирмы 2,120264 0,000425
флаг 0,673345 0,000135
флота 1,560648 0,000938
фоккеродт 3,912023 0,000392
фомичев 3,912023 0,000392
фон 2,120264 0,000850
фонд -0,009950 -0,000001
фонда 1,309333 0,000262
фондовой 3,506558 0,000351
фоне 1,560648 0,000156
фонтан 1,609438 0,000161
форли 3,912023 0,000392
формально 2,525729 0,000253
формирование 1,078810 0,000108
формирования 1,108663 0,000111
формирует 2,207275 0,000221
форт 3,218876 0,002257
форте 3,912023 0,000392
фортификации 3,218876 0,000322
фортификационные 3,912023 0,001567
фортов 3,218876 0,000322
форты 3,218876 0,000645
форштадте 3,912023 0,000392
фосген 3,912023 0,000392
фрагменты 2,302585 0,000231
фрайеноль 3,912023 0,000392
франкфурт-на-одере 3,912023 0,000392
франции 1,609438 0,000161
франциску 3,912023 0,000392
франция 1,560648 0,000156
французская 2,813411 0,000282
французы 2,040221 0,000204
фрг 2,995732 0,000300
фреден 3,912023 0,000392
фредерику 3,912023 0,000392
фриденскирхе 3,912023 0,000392
фридландские 3,912023 0,001567
фридрих 3,506558 0,001054
фридрих-вильгельм 3,912023 0,001176
фридриха 3,218876 0,000967
фридрихсбург 3,912023 0,001176
фридрихсбургские 3,912023 0,000784
фридриху 3,912023 0,000392
фсб 2,407946 0,000724
фундаментах 3,506558 0,000351
функции 1,049822 0,000210
функционировало 2,995732 0,000300
функционирует 1,203973 0,000121
футбола 2,120264 0,000212
футболу 1,560648 0,001251
футбольные 2,120264 0,000425
футбольный 1,203973 0,000241
фюн 3,912023 0,000392
фюрстенау 3,912023 0,000392
хаберберг 3,912023 0,000392
хаберберге 3,912023 0,000392
хабербергская 3,912023 0,000392
хаген 3,912023 0,000392
хайдеманн 3,912023 0,000392
хакасы 2,040221 0,000204
хальберштадт 3,912023 0,000392
хальмг 0,000000 0,000000
хальтерн-ам-зе 3,912023 0,000392
хамельн 3,912023 0,000392
хамм 3,912023 0,000392
ханзекантор 3,912023 0,000392
характер 0,994252 0,000100
хардервейк 3,912023 0,000392
харьков 2,120264 0,000212
хасселт 3,912023 0,000392
хаттем 3,912023 0,000392
хаттинген 3,912023 0,000392
хаус 3,506558 0,000351
хафельберг 3,912023 0,000392
хахен 3,912023 0,000392
хватает 0,843970 0,000085
хелмно 3,912023 0,000392
хельмштедт 3,912023 0,000392
хельсинки 2,525729 0,000253
херде 3,912023 0,000392
херфорд 3,912023 0,000392
хессе 3,912023 0,000392
хильдесхайм 3,912023 0,000392
химического 2,525729 0,001012
хиршберг 3,912023 0,000392
ходе 0,562119 0,000169
ходил 3,506558 0,000351
ходить 2,813411 0,000282
хозяйства 0,755023 0,000303
хозяйство 0,713350 0,000214
хоккейная 2,040221 0,000204
хоккею 1,347074 0,000135
холлэндербаумские 3,912023 0,000392
холмах 2,040221 0,000204
холме 2,407946 0,000241
хольштайн 3,912023 0,000392
хорватии 3,506558 0,000351
хорватская 1,897120 0,000190
хорн 3,912023 0,000392
хотя 0,653926 0,000197
храброво 3,506558 0,001756
храм 0,843970 0,000930
храмов 1,386294 0,000278
храмом 1,897120 0,000190
храмы 1,049822 0,000105
христа 1,966113 0,001182
христиана 3,912023 0,000392
хроменко 3,912023 0,000392
хрущевками 3,912023 0,000392
ххх 0,000000 0,000000
хюстен 3,912023 0,000392
цайц 3,912023 0,000392
целом 0,755023 0,000076
ценностей 2,813411 0,000282
центр 0,400478 0,000602
центра 0,562119 0,000450
центральная 0,755023 0,000151
центрального 0,967584 0,000097
центральной 0,843970 0,000085
центральные 2,120264 0,000212
центральный 0,673345 0,000337
центральных 1,427116 0,000143
центре 0,673345 0,000202
центров 0,776529 0,000311
центром 0,713350 0,000143
центры 0,713350 0,000286
цепь 2,525729 0,000253
церемонии 2,659260 0,000266
церквей 1,560648 0,000156
церкви 0,916291 0,000275
церковь 0,843970 0,000423
цикла 1,832581 0,000184
цифрового 1,832581 0,000367
цифровое 1,514128 0,000152
цифровые 0,673345 0,000067
цуканов 3,506558 0,000703
цукановых 3,912023 0,000392
цуранов 3,912023 0,000392
цыгане 1,714798 0,000172
цыганов 3,912023 0,000784
чагин 3,218876 0,000322
чайка 1,966113 0,000394
чайковский 2,995732 0,000300
часа 2,302585 0,000231
часов 1,078810 0,000216
часовен 2,407946 0,000241
часовни 2,813411 0,000282
часовню 3,912023 0,000392
часовня 1,771957 0,000710
часовой 0,755023 0,000303
часовым 3,912023 0,000392
части 0,198451 0,000139
частично 0,653926 0,000066
частности 0,462035 0,000046
частота 1,660731 0,000166
частотным 3,912023 0,000392
часть 0,105361 0,000127
частью 0,755023 0,000227
часы 2,302585 0,000231
чаэс 3,506558 0,000351
чеканившие 2,659260 0,000266
чел 0,713350 0,000214
челнокова 3,912023 0,000392
человек 0,400478 0,000522
челябинск 0,994252 0,000100
чемпионат 1,237874 0,000248
чемпионата 1,309333 0,000525
чемпионате 2,302585 0,000692
чемпионатов 2,302585 0,000231
чемпионатом 3,912023 0,000392
чемпионату 2,659260 0,000533
ченто 3,912023 0,000392
черкесы 1,832581 0,000184
черняховск 3,912023 0,000784
черняховский 3,912023 0,000392
чертежам 2,995732 0,000300
честь 0,562119 0,000338
четвертый 1,714798 0,000172
четыре 0,713350 0,000286
четырехзвездочные 3,912023 0,000392
чехи 2,040221 0,000204
чехией 3,912023 0,000392
чехии 2,407946 0,000241
чехова 2,207275 0,000221
чеченцы 1,714798 0,000172
чеш 3,506558 0,000351
чешским 3,506558 0,000351
чешского 3,218876 0,000322
числа 0,891598 0,000268
числах 2,659260 0,000266
числе 0,248461 0,000174
численности 0,653926 0,000197
численность 0,653926 0,001834
численностью 1,049822 0,000105
числится 3,506558 0,000351
число 0,478036 0,000048
чистке 3,218876 0,000322
читатьправитьправить 0,494296 0,000050
чкаловск 2,040221 0,000409
чкаловск-западный 3,912023 0,000392
чкаловска 3,912023 0,000392
чуваши 1,237874 0,000124
чудес 3,218876 0,000322
чудотворцу 3,912023 0,000784
чужих 3,912023 0,000392
шаблонами 0,634878 0,000064
шабунина 3,912023 0,000392
шайбой 1,966113 0,000197
шансон 2,302585 0,000231
шатрова 3,912023 0,000392
швейцарии 2,659260 0,000266
шверте 3,912023 0,000392
швеции 2,207275 0,000663
швеция 2,120264 0,000637
шевцов 3,506558 0,000351
шевченко 2,302585 0,000231
шедевров 2,995732 0,000300
шейнин 3,912023 0,000392
шенгенскую 3,912023 0,000392
шепански 3,912023 0,000392
шербур 3,912023 0,000392
шестерку 3,912023 0,000392
шесть 1,272966 0,000255
шестью 2,995732 0,000300
шиллеру 3,912023 0,000392
шипов 3,506558 0,000351
ширину 2,207275 0,000221
широте 2,207275 0,000221
шихау 3,912023 0,000392
школ 0,994252 0,000100
школа 0,891598 0,000179
школа-интернат 2,813411 0,000282
школы 0,673345 0,000202
шлаве 3,912023 0,000392
шопену 3,912023 0,000784
шор 3,912023 0,000392
шоссейное 3,912023 0,000392
шоссейные 3,506558 0,000351
шперлинг 3,912023 0,000392
шпитальник 3,912023 0,000392
шредер 3,912023 0,000392
штаб 1,897120 0,000380
штаде 3,912023 0,000392
штайн 3,218876 0,000645
штайндаммская 3,912023 0,000392
штайндаммские 3,912023 0,000392
штатное 3,912023 0,000392
штендаль 3,912023 0,000392
штеттин 3,912023 0,000392
штольп 3,912023 0,000392
штральзунд 3,912023 0,000392
штурм 2,659260 0,000799
штурма 2,813411 0,000282
штурме 3,912023 0,000784
штурму 3,912023 0,000392
штурмующих 3,912023 0,000392
шяуляй 3,912023 0,000392
щербаков 3,218876 0,000645
щецин 3,506558 0,000351
щециньски 3,912023 0,000392
ъ-секрет 0,000000 0,000000
эвенки 2,120264 0,000212
эвены 2,407946 0,000241
эдинбург 3,912023 0,000392
эйлера 3,506558 0,000351
эйнштейна 2,995732 0,000600
экватор 3,218876 0,000322
экз 0,415515 0,000125
экологии 1,203973 0,000121
экологическая 1,560648 0,000313
экологический 1,832581 0,000367
экологическое 1,771957 0,000177
экологическом 2,995732 0,000300
экономика 0,510826 0,000154
экономике 1,714798 0,000172
экономику 1,897120 0,000190
экономические 1,771957 0,000177
экономический 1,139434 0,000342
экономической 1,237874 0,000496
экран 2,659260 0,000266
экспертами 2,995732 0,000300
эксплуатацию 0,994252 0,000100
экспозиции 1,714798 0,000172
экспозиционной 3,912023 0,000392
экспозиция 2,040221 0,000204
экспонатов 2,302585 0,000231
экспорт -0,009950 -0,000002
элбюрг 3,912023 0,000392
элементов 1,309333 0,000131
элементы 0,891598 0,000089
эльбинг 3,912023 0,000392
эльблонг 3,912023 0,000784
эммерих-ам-райн 3,912023 0,000392
энгельса 2,302585 0,000231
энциклопедии -0,009950 -0,000002
энциклопедический 0,733969 0,000147
энциклопедия 0,210721 0,000084
эпицентр 2,813411 0,000282
эпроновской 3,912023 0,000392
эрдманн 3,912023 0,000392
эрзянь 0,000000 0,000000
эрнста 3,218876 0,000322
эрстхаузен 3,912023 0,000392
эрфурт 3,912023 0,000392
эскадрильи 3,218876 0,000322
эссен 3,506558 0,000351
эстакадный 3,912023 0,001176
эстонией 3,506558 0,000351
эстонцы 1,771957 0,000177
эстрады 2,659260 0,000266
эта 0,000000 0,000000
этажными 3,506558 0,000351
этапа 1,966113 0,000394
этапу 3,506558 0,000351
этим 0,693147 0,000139
этимология 0,616186 0,000123
этих 0,400478 0,000040
этнические 3,912023 0,000392
этнической 2,659260 0,000266
это 0,000000 0,000000
этому 0,755023 0,000076
эферсберг 3,912023 0,000392
эфирного 2,813411 0,000282
эфирные 3,912023 0,000392
ю-в 0,000000 0,000000
ю-з 0,000000 0,000000
юбилейный 0,820981 0,000329
юбилею 1,966113 0,000197
юбилея 2,525729 0,000253
югу 1,609438 0,000161
юдиттен-кирха 3,912023 0,001176
южного 1,139434 0,000114
южном 1,237874 0,000372
южный 0,755023 0,000378
юкагиры 2,995732 0,000300
юность 1,771957 0,000532
юношеская 2,120264 0,000212
юридический 1,714798 0,000172
юрий 1,203973 0,000603
явились 3,218876 0,000322
является 0,094311 0,000170
являлась 2,040221 0,000204
являлись 1,897120 0,000190
являются 0,248461 0,000100
являющийся 1,966113 0,000197
ядром 1,832581 0,000184
язык 0,116534 0,000012
языками 1,386294 0,000139
языках -0,009950 -0,000002
языке 0,867501 0,000087
язычниками 3,912023 0,000392
якутин 3,912023 0,000392
якуты 1,714798 0,000172
ялтинский 3,506558 0,000351
ямской 3,218876 0,000322
яналова 3,912023 0,000392
янв 0,820981 0,000082
января 0,116534 0,000339
яновский 3,506558 0,000351
янтарном 3,912023 0,000392
янтарные 3,912023 0,001176
янтарный 3,218876 0,002902
янтарных 3,912023 0,000392
янтарь 3,218876 0,000967
янтарьэнерго 3,912023 0,000392
янтаря 3,506558 0,002108
ярославль 1,078810 0,000108
ярошук 3,912023 0,000784
ярус 2,525729 0,000253
ястребов 3,506558 0,000351
ястребы 3,218876 0,000967
