абазины 2,207275 0,000261
абсолютный 0,798508 0,000378
абхазии 2,407946 0,000285
абхазия 2,040221 0,000483
абхазская 2,525729 0,000299
абхазы 1,832581 0,000217
авангард 1,832581 0,000217
аварцы 1,771957 0,000210
авг 0,820981 0,000292
августа 0,072571 0,000369
авиаавтоматика 3,912023 0,001390
авиасообщение 2,813411 0,000666
авиацией 2,995732 0,000355
австро-венгрию 3,912023 0,000463
авт 1,469676 0,000174
автобус 1,021651 0,000121
автобусами 1,469676 0,000174
автобусными 2,659260 0,000315
автобусов 1,469676 0,000174
автобусы 1,386294 0,000328
автовокзал 1,427116 0,000169
автовокзала 1,660731 0,000393
автоматизированная 3,912023 0,001390
автоматизированной 3,218876 0,000381
автоматизированную 3,912023 0,000463
автоматизированный 3,912023 0,000463
автоматизировать 3,506558 0,000415
автомобильного 1,771957 0,000420
автомобильные 1,347074 0,000159
автомобильный 1,049822 0,000249
автономная 1,469676 0,000348
автоподтвержденных 2,120264 0,000251
авторадио 1,897120 0,000225
авторства -0,009950 -0,000001
авторы 1,660731 0,000197
автоспорт 3,506558 0,000830
автостанции 2,302585 0,000273
автотехнический 3,912023 0,000463
автоцистерны 3,912023 0,000463
агломерации 0,916291 0,000108
агломерация 0,867501 0,000103
аграрного 2,120264 0,000251
аграрный 1,386294 0,000328
агулы 1,832581 0,000217
административно-территориальное 0,820981 0,000486
административно-территориальные 2,995732 0,000355
административного 1,897120 0,000225
административное 0,843970 0,000300
административному 1,897120 0,000674
административный 0,843970 0,000100
администрацией 1,771957 0,000210
администрации 0,843970 0,000300
администрацию 2,207275 0,000261
администрация 0,941609 0,000669
адмирал 2,407946 0,000285
адыгейцы 1,897120 0,000225
азербайджанцы 1,139434 0,000135
академии 0,693147 0,000164
академия 0,798508 0,000378
аквапарк 2,407946 0,000285
аккумулятор 3,912023 0,000926
аккумуляторов 3,912023 0,000463
активная 2,207275 0,000261
активно 0,755023 0,000089
акционерным 3,506558 0,000415
александр 0,693147 0,000082
александра 0,820981 0,000292
александровка 2,813411 0,000666
александру 1,966113 0,000233
алексеевич 2,040221 0,000242
алеся 3,912023 0,000463
алеуты 3,218876 0,000381
аллее 2,813411 0,000666
алма-ате 3,506558 0,000415
алфавитунаселенные 0,867501 0,000103
альбом 2,120264 0,000251
алябьево 3,912023 0,000926
американцы 1,966113 0,000233
анапа 1,966113 0,000233
анапу 2,995732 0,000355
андреевич 2,040221 0,000242
андрей 0,967584 0,000229
андрея 1,832581 0,000217
аннексия 0,994252 0,000118
анпилогово 3,912023 0,000926
антоновка 3,912023 0,000463
антоновке 3,912023 0,000926
антоновку 3,912023 0,000463
апз 3,912023 0,000463
апостола 2,525729 0,000299
апр 0,798508 0,000284
апреле 0,994252 0,000118
апреля 0,174353 0,000764
апрк 3,912023 0,000926
арабы 1,832581 0,000217
арбатско-покровской 3,912023 0,000463
арка 2,207275 0,000261
армении 2,302585 0,000273
армения 2,040221 0,000242
армии 1,049822 0,000373
армия 2,120264 0,001004
армяне 1,021651 0,000242
арт-объект 2,659260 0,000945
арт-объекты 3,218876 0,000762
артефакты 2,813411 0,000333
арх 0,544727 0,000064
архаичные 3,912023 0,000463
архангела 2,525729 0,000598
архангельск 1,771957 0,000210
археологи 2,813411 0,000333
археологии 1,309333 0,000775
археологические 1,832581 0,000217
архив 0,462035 0,000328
архивировано 0,020203 0,000311
архивная 0,400478 0,000284
архивное 3,506558 0,001661
архивной 0,713350 0,000084
архивы 2,407946 0,000855
архитектор 1,427116 0,000507
архитектура 0,755023 0,000089
архитектуры 0,755023 0,000268
арцыбашева 3,912023 0,000463
асеева 3,912023 0,000463
аскоп 3,912023 0,002316
ассирийцы 1,832581 0,000217
ассоль 3,912023 0,000463
аст 0,820981 0,000097
астероид 1,966113 0,000233
астрель 1,049822 0,000124
астрономом 2,407946 0,000285
атакам 3,506558 0,000415
аудитория 3,506558 0,000415
афанасия 2,525729 0,000299
афанасьева 2,813411 0,000333
афганцы 2,120264 0,000251
ахмата 3,912023 0,000463
ахтырская 3,912023 0,000463
аэродром 1,514128 0,000359
аэродрома 1,832581 0,000217
аэропорт 0,843970 0,000300
аэропорты 1,714798 0,000203
базовый 2,207275 0,000261
банк 1,078810 0,000255
банки 1,560648 0,000185
банком 2,302585 0,000545
бар 3,506558 0,000415
барокко 1,560648 0,000185
барсовых 3,912023 0,000463
бартенев 3,912023 0,001390
бартенево 3,912023 0,000926
барышниково 3,912023 0,000463
баскак 3,912023 0,000463
баскака 3,912023 0,000463
баскетбол 1,897120 0,000225
басманная 3,912023 0,000463
бассейн 1,078810 0,000128
бастовали 3,912023 0,000463
батальонов 3,506558 0,000415
баш 3,506558 0,000415
башкиры 1,347074 0,000159
безлесное 3,506558 0,000830
безобразово 3,912023 0,000463
беларускаябългарски 0,000000 0,000000
беларусь 1,237874 0,000147
белгород 2,302585 0,001636
белгородского 3,218876 0,000762
белгородской 3,218876 0,001906
белгородскую 3,912023 0,000463
белгу 3,912023 0,000463
беловский 3,218876 0,000381
беломестное 3,506558 0,000415
белому 2,995732 0,000355
белорусский 2,813411 0,000666
белорусы 1,203973 0,000143
бельгийским 3,912023 0,000463
бельтюков 3,912023 0,000463
берег 1,021651 0,000242
береговые 3,506558 0,000415
берегу 0,616186 0,000146
березка 2,525729 0,000299
берлине 3,506558 0,000415
беседино 3,912023 0,000463
бесплатным 2,813411 0,000333
би-би-си 2,995732 0,000355
библиографических 0,094311 0,000011
библиотек 0,967584 0,000115
библиотека 0,462035 0,000656
библиотеки 0,843970 0,000200
библиотекой 2,207275 0,000261
бизнеса 0,967584 0,000229
билетные 3,506558 0,001246
билетов 3,506558 0,000415
билеты 2,995732 0,000355
биофабрики 3,912023 0,000463
биржай 3,912023 0,000463
битва 2,207275 0,001045
битве 2,302585 0,001090
битвы 2,120264 0,000502
бкм 2,995732 0,000355
благодаря 0,527633 0,000125
благодать 2,995732 0,000355
благородное 3,912023 0,000463
благоустройство 2,040221 0,000242
ближних 3,506558 0,000415
ближнихгорода 3,912023 0,000463
близлежащими 3,912023 0,000463
блинова 3,506558 0,000830
богат 3,218876 0,000381
богатым 3,506558 0,000415
богданов 2,995732 0,000355
богданова 3,218876 0,001143
богородицы 1,272966 0,000603
богослова 2,813411 0,000666
боев 2,813411 0,000999
божией 1,609438 0,001143
бои 2,207275 0,000523
болгария 1,386294 0,000164
болгары 1,897120 0,000225
больницы 1,347074 0,000159
большая 0,072571 0,000077
большесолдатский 3,912023 0,000463
большинством 1,897120 0,000449
большого 0,967584 0,000229
большое 0,544727 0,000193
бомбежке 3,912023 0,000463
борисова 2,995732 0,000355
боровых 3,912023 0,000463
борьбе 1,469676 0,000174
бочаров 3,506558 0,000415
боях 2,407946 0,000285
бпла 3,912023 0,000463
братски 3,912023 0,000463
братьев 1,832581 0,000217
брежнево 3,912023 0,000463
бригады 2,659260 0,000315
британский 2,995732 0,000355
британцы 2,120264 0,000251
брокгауза 0,328504 0,000117
брынза 3,912023 0,000463
брянск 2,207275 0,000523
брянской 3,506558 0,000415
бугрова 3,506558 0,000830
будущего 1,427116 0,000169
будущий 2,407946 0,000285
буквенную 3,912023 0,000463
букреевка 3,506558 0,000830
букреево 3,912023 0,000926
букреевские 3,912023 0,000463
бульваров 3,218876 0,000381
бунтарей 3,912023 0,000463
буравченков 3,912023 0,000463
бурнашев 3,912023 0,000463
буряад 0,000000 0,000000
буряты 1,714798 0,000203
бушин 3,912023 0,000463
бывают 1,897120 0,000674
бывшего 1,021651 0,000121
бывшей 1,514128 0,000179
бывший 1,108663 0,000263
быстро 1,139434 0,000135
бюро 1,427116 0,000169
бюст 2,407946 0,001140
вадимом 3,912023 0,000463
важной 2,207275 0,000261
важные 2,120264 0,000251
важный 1,514128 0,000179
важным 1,386294 0,000164
валерия 2,302585 0,000273
валидаторами 3,218876 0,000381
валидаторов 3,506558 0,000830
вариант 1,386294 0,000164
варианты 1,309333 0,000310
варшава 2,813411 0,000333
василева 3,912023 0,000463
введен 1,427116 0,000169
введена 1,897120 0,000225
введения 2,659260 0,000315
введенская 3,218876 0,000381
введенское 3,912023 0,000463
введены 1,897120 0,000225
вверху 2,659260 0,000315
ввод 1,897120 0,000449
вводе 3,912023 0,000463
вгпи 3,912023 0,000463
вдоль 0,755023 0,000089
ведутся 1,966113 0,000233
ведущих 1,386294 0,000164
век 0,733969 0,000087
века 0,248461 0,000677
веках 1,021651 0,000363
веке 0,597837 0,000212
велась 2,407946 0,000285
великанов 3,912023 0,000463
великая 1,514128 0,000359
великие 2,207275 0,000261
великий 1,469676 0,000522
великим 2,120264 0,000251
великого 1,203973 0,000428
великой 0,653926 0,000697
великомученика 2,525729 0,000897
великорусский 3,506558 0,000415
венгрия 2,120264 0,000251
венгры 1,966113 0,000233
веревкино 3,912023 0,000463
верия 3,912023 0,000463
версии 0,446287 0,000053
версия -0,009950 -0,000004
верхнее 2,040221 0,000483
верхнекасиново 3,912023 0,000463
верхняя 1,108663 0,000263
верховного 1,272966 0,000151
веры 1,560648 0,000554
весом 2,525729 0,000299
веспрем 3,912023 0,000463
вести 0,843970 0,000200
вестник 1,049822 0,000373
ветка 2,120264 0,000502
взорвана 3,912023 0,000463
взрывы 3,506558 0,000415
взфэи 3,506558 0,000415
взята 2,659260 0,000315
вид 0,494296 0,000059
виде 0,235722 0,000028
видимо 3,218876 0,000381
видяево 3,506558 0,000415
викигидвикипедия 1,427116 0,000169
викигиде 0,776529 0,000184
викиданные 0,776529 0,000092
викиданных -0,009950 -0,000001
викиданныхвикипедия 0,891598 0,000106
викимедиа -0,009950 -0,000001
википедии -0,009950 -0,000002
википедия -0,009950 -0,000006
викискладвикиновостивикигидэлемент 1,609438 0,000191
викискладе 0,174353 0,000021
викискладепутеводитель 0,713350 0,000084
викискладстатьи 0,891598 0,000106
виктора 2,207275 0,000261
виктору 2,995732 0,000355
вине 3,218876 0,000381
винниково 3,912023 0,000926
винниково-николаевка 3,912023 0,000463
виногробль 3,912023 0,000463
виттен 3,912023 0,000463
вкл 3,506558 0,001246
включает 0,462035 0,000164
включая 0,527633 0,000062
включена 1,514128 0,000179
включены 1,560648 0,000370
вконтакте 1,966113 0,001397
владельческая 3,506558 0,000415
владельческих 3,912023 0,000463
владение 1,427116 0,000169
владений 2,659260 0,000315
владениям 2,659260 0,000315
владивосток 1,897120 0,000225
владикавказ 2,120264 0,000251
владикавказе 3,912023 0,000463
владимир 0,733969 0,000174
владимира 1,309333 0,000155
владимирович 1,771957 0,000210
власть 0,733969 0,000174
влияние 0,776529 0,000092
влюбленных 2,995732 0,000355
вместе 0,510826 0,000181
внедрение 2,302585 0,001090
внедрения 2,813411 0,000333
внедряются 2,995732 0,000355
внесшие 3,506558 0,000415
внешние 0,051293 0,000006
внешний 2,207275 0,000261
вниз 1,171183 0,000139
внизу 2,302585 0,000545
внииз 3,912023 0,000463
вновь 0,755023 0,000179
внуково 2,813411 0,000333
внутреннее 0,733969 0,000087
внутренней 2,040221 0,000242
внутренним 2,813411 0,000333
внутригородским 0,967584 0,000115
вов 2,120264 0,000502
водопровода 2,207275 0,000261
воды 0,653926 0,000155
водяное 3,912023 0,000463
воевод 2,659260 0,000315
воеводы 2,040221 0,000242
воениздат 2,813411 0,000333
военизированные 3,912023 0,000463
военная 1,108663 0,000131
военно-административного 3,912023 0,000463
военно-географический 3,912023 0,000463
военно-исторический 1,832581 0,000651
военно-политическим 3,912023 0,000463
военным 2,040221 0,000242
военных 1,272966 0,000151
возведен 2,040221 0,000242
возведены 2,120264 0,000502
возвращаясь 2,995732 0,000355
возвращенных 3,912023 0,000463
возглавлял 2,040221 0,000242
воздушное 2,995732 0,000355
воздушной 2,407946 0,000285
возможно 0,867501 0,000103
возможность 0,616186 0,000073
вознесения 2,525729 0,000598
возник 1,469676 0,000174
возникающие 3,912023 0,000463
возникла 2,040221 0,000483
возникновения 1,469676 0,000174
возродилась 3,218876 0,000381
воинской 1,660731 0,002949
война 1,171183 0,000277
войне 1,049822 0,000124
войну 1,966113 0,000233
войны 0,478036 0,000736
войнынаселенные 2,995732 0,000355
войска 1,237874 0,000293
войсками 1,386294 0,000164
вокзал 0,820981 0,000486
вокзала 0,967584 0,000115
вокзалом 2,407946 0,000285
вокзалу 3,218876 0,000381
волейболу 2,207275 0,000261
волейбольная 2,659260 0,000315
волна 1,427116 0,000169
волобуевка 3,912023 0,000463
волобуево 3,912023 0,000926
вологда 1,203973 0,000143
волоколамск 2,813411 0,000333
волокон 3,506558 0,000415
волшебные 0,040822 0,000005
вооружении 3,506558 0,000415
вопрос 0,967584 0,000115
вопрос-ответ 3,912023 0,000463
вопросы 1,049822 0,000124
воргольского 3,912023 0,000463
воробьеву 3,912023 0,000463
воронеж 1,203973 0,000713
воронежского 2,813411 0,000666
воронежской 3,218876 0,000381
воронцово 3,506558 0,000415
ворота 1,347074 0,000319
воротникова 3,506558 0,000415
ворошнево 3,912023 0,000463
ворошневский 3,912023 0,000463
ворошневским 3,912023 0,000463
воскресения 2,659260 0,000315
воскресеновка 3,912023 0,000463
воскресенско-ильинский 3,912023 0,000463
воспользоваться 2,525729 0,000299
восстановление 1,609438 0,000381
восстановления 1,897120 0,000225
восстановлено 2,525729 0,000299
востоке 1,108663 0,000131
восточный 1,021651 0,000121
вошел 1,237874 0,000293
вошла 1,609438 0,000191
вошли 1,347074 0,000478
впадении 1,660731 0,000393
впервые 0,385662 0,000091
вплоть 1,108663 0,000131
впо 2,525729 0,000299
врагу 3,912023 0,000463
временем 0,616186 0,000073
времени 0,186330 0,000110
временно 1,309333 0,000155
временного 1,897120 0,000449
временное 2,302585 0,000273
время 0,030459 0,000036
всеволод 3,218876 0,000381
всеобщей 2,659260 0,000315
всероссийская 0,843970 0,000100
всероссийский 1,469676 0,000522
всероссийской 0,713350 0,000253
всесоюзная 0,843970 0,000600
вскоре 1,309333 0,000310
вскрытия 2,995732 0,000355
встал 2,813411 0,000333
встретилась 3,506558 0,000415
встреча 2,813411 0,000333
всу 2,995732 0,000355
вторжения 1,771957 0,000420
второго 1,139434 0,000135
второй 0,274437 0,000032
входе 2,659260 0,000630
входившие 3,218876 0,001906
входил 2,207275 0,000261
входит 0,653926 0,000155
входящие 2,302585 0,000273
въезд 2,813411 0,000333
въезде 2,120264 0,000251
выборг 2,302585 0,000273
выглядит 2,659260 0,000315
выгодно 3,506558 0,000415
выгодному 3,218876 0,000381
выделенные 2,659260 0,001259
вызвала 2,207275 0,000261
выкупной 3,912023 0,000463
вып 0,798508 0,000284
выполнена 2,302585 0,000545
выполненных 2,040221 0,000242
выполнено 2,120264 0,000251
выпускникам 3,912023 0,000463
выпустили 3,506558 0,000415
выпущена 1,609438 0,000572
выручка 2,995732 0,000709
выселки 3,218876 0,000381
высказывания 3,506558 0,000415
высота 0,562119 0,000067
высоцкий 2,813411 0,000333
выставочный 1,514128 0,000179
выставочных 2,302585 0,000545
выступает 1,347074 0,000319
выступление 2,120264 0,000251
высшее 1,021651 0,000242
высшей 1,272966 0,000151
выход 1,832581 0,000217
выходе 2,813411 0,000333
вышла 1,897120 0,000225
выяснилось 3,218876 0,000381
вьетнамцы 2,040221 0,000242
вязьма 2,659260 0,000315
вялых 3,912023 0,000463
гагаузы 1,966113 0,000233
гадлс 3,912023 0,000463
газета 0,616186 0,000657
газеты 0,994252 0,000118
гако 3,912023 0,000463
галереи 1,771957 0,000420
галерея 1,203973 0,000285
гальваническим 3,912023 0,000463
гаопико 3,912023 0,000463
гарнизоне 3,912023 0,000463
гатчина 2,813411 0,000333
генерал-фельдмаршал 3,912023 0,000463
генерала 1,832581 0,000434
генеральный 0,967584 0,000115
географический 1,832581 0,000651
географической 0,798508 0,000095
географическому 3,506558 0,000415
география 0,462035 0,000219
геологический 2,120264 0,000251
георгия 1,897120 0,000449
герб 0,820981 0,000972
германию 2,813411 0,000666
германия 1,203973 0,000143
германова 3,912023 0,000463
германской 2,813411 0,000333
героизм 2,302585 0,000273
герою 2,525729 0,000299
героям-железнодорожникам 3,912023 0,000463
героям-курянам 3,912023 0,000463
героям-летчикам 3,912023 0,000926
героями 3,912023 0,000463
гигант 2,659260 0,000315
гидранту 3,912023 0,000463
гидроним 2,302585 0,000273
гидронимический 3,912023 0,000463
гимн 0,820981 0,000486
гимна 2,302585 0,000273
гимназии 1,469676 0,000348
гимназия 1,469676 0,000522
гипермаркеты 1,966113 0,000233
гиппократа 3,912023 0,000463
гкгн 0,994252 0,000118
гкгнпро 0,916291 0,000108
глава 0,673345 0,000239
главная 1,078810 0,000255
главного 1,237874 0,000147
главный 0,916291 0,000108
главным 0,967584 0,000229
главы 0,967584 0,000802
глебово 3,912023 0,000463
глухов 3,506558 0,000415
глушковский 3,912023 0,000463
гнездилово 3,912023 0,000463
год 0,235722 0,001088
года -0,009950 -0,000287
годах 0,385662 0,000228
годов 0,356675 0,000211
годовщина 3,506558 0,000415
годовщины 3,218876 0,000381
годом 0,941609 0,000557
году 0,072571 0,000464
годувикипедия 2,407946 0,000285
годукурскгорода 3,912023 0,000463
годы 0,356675 0,000296
голода 2,995732 0,000355
голосов 1,966113 0,000233
голубицкое 3,912023 0,000463
гомель 1,966113 0,000233
гомеля 2,995732 0,000355
гонок 3,912023 0,000463
гоночная 3,506558 0,000415
гордость 2,120264 0,000251
горенка 3,912023 0,000463
город 0,544727 0,002709
города 0,430783 0,003519
города-крепости 2,659260 0,000315
города-миллионники 3,506558 0,000415
города-партнеры 1,771957 0,000420
города-побратимы 0,891598 0,000633
городам 0,798508 0,000095
городами 0,916291 0,000542
городами-побратимами 1,714798 0,000203
городах 1,272966 0,000151
городе 0,693147 0,001723
городецкая 1,660731 0,000197
городища 2,120264 0,000251
городище 1,609438 0,000381
городкурск 3,912023 0,000463
городов 0,579818 0,001167
городом 0,798508 0,000473
городом-побратимом 2,525729 0,000299
городпро 0,867501 0,000103
городская 0,843970 0,000300
городские 0,941609 0,000223
городским 0,798508 0,000189
городских 0,713350 0,001436
городского 0,693147 0,001231
городское 1,203973 0,000285
городской 0,755023 0,000983
городскую 1,609438 0,000191
городу 0,798508 0,000473
горожан 1,309333 0,000310
горский 3,218876 0,000381
горсовета 2,120264 0,000502
горшеченский 3,912023 0,000463
госкомстат 0,891598 0,000211
господне 3,912023 0,000463
господня 2,207275 0,000784
гостиниц 1,427116 0,000169
гостиница 1,386294 0,000164
гостиный 2,407946 0,000285
государств 1,203973 0,000285
государства 0,843970 0,000200
государственная 0,941609 0,000223
государственного 0,616186 0,000292
государственное 0,776529 0,000368
государственной 0,616186 0,000584
государственный 0,430783 0,001275
государство 1,347074 0,000319
государством 2,040221 0,000242
государству 2,207275 0,000523
государь 2,525729 0,000299
град 2,040221 0,000242
града 2,525729 0,000598
градови 3,912023 0,000463
граждан 1,309333 0,000155
граждане 1,108663 0,000263
гражданские 2,407946 0,000285
грамотах 2,813411 0,000333
грамоте 2,659260 0,000630
границ 0,916291 0,000217
граница 1,139434 0,000135
границах 1,078810 0,000255
границе 1,347074 0,000159
граничит 2,040221 0,000242
графика 2,659260 0,000315
греки 1,660731 0,000197
гремячка 3,912023 0,000463
греции 1,560648 0,000185
греция 2,302585 0,000273
грива 3,218876 0,000762
гридина 3,912023 0,000463
гридину 3,912023 0,000463
гринн 3,506558 0,000830
грозного 1,966113 0,000233
грозный 1,771957 0,000210
грозы 2,525729 0,000299
грузии 1,771957 0,000210
грузины 1,609438 0,000191
грузия 1,966113 0,000233
грузовой 1,514128 0,000179
грузовые 1,771957 0,000210
группа 0,693147 0,000082
гсха 3,506558 0,000415
гтрк 1,049822 0,000621
губернатор 1,272966 0,000151
губернатора 1,237874 0,000147
губернатором 1,966113 0,000233
губернаторская 3,912023 0,000463
губернии 0,994252 0,000589
губерния 1,427116 0,000169
губернский 1,832581 0,000217
губернским 2,407946 0,000285
губернских 2,525729 0,000299
губернского 1,714798 0,000203
губернскому 3,506558 0,000415
гусев 2,813411 0,000333
гусю 3,912023 0,000463
гуторово 3,912023 0,001390
гюмри 3,912023 0,000926
далее 0,693147 0,000082
дальнее 2,995732 0,000355
дальнейшем 1,309333 0,000155
дальних 2,207275 0,000523
дани 2,995732 0,000355
данному 1,966113 0,000233
данный 0,713350 0,000338
данным 0,415515 0,000246
даргинцы 1,832581 0,000217
дат 1,966113 0,000698
дата 0,030459 0,000454
дате 2,659260 0,000315
датировки 2,659260 0,000315
датируется 2,302585 0,000273
датой 2,120264 0,000251
датская 0,342490 0,000041
дача 1,832581 0,000217
дважды 1,272966 0,000151
две 0,527633 0,000125
движение 0,820981 0,000097
движении 2,040221 0,000242
движения 0,733969 0,000174
двор 1,771957 0,000420
дворе 2,040221 0,000242
дворецкая 3,912023 0,000463
двором 3,218876 0,000762
дворы 2,813411 0,000666
дворянского 2,813411 0,000333
двух 0,462035 0,000109
дебютировал 3,506558 0,000415
девять 1,714798 0,000203
дейнеке 3,912023 0,000463
дейнеки 3,912023 0,000463
действий 1,560648 0,000185
действовал 1,660731 0,000393
действовала 1,832581 0,000217
действовали 1,966113 0,000233
действовало 1,771957 0,000210
действовать -0,009950 -0,000001
действуют 0,867501 0,000103
дек 0,820981 0,000292
декабря 0,105361 0,000225
дела 1,469676 0,000348
деле 1,660731 0,000197
деление 0,673345 0,000718
делению 1,832581 0,000651
дембно 3,912023 0,000463
демино 3,912023 0,000463
демоскоп 0,820981 0,000389
деникина 3,218876 0,000381
денисова 3,506558 0,000415
денисово 3,912023 0,000463
денисьева 3,912023 0,000463
департамент 1,771957 0,000210
депо 1,771957 0,000420
депутатов 0,891598 0,000211
депутаты 1,347074 0,000159
деревни 1,660731 0,000787
деревьев 1,469676 0,000174
деревянная 1,897120 0,000225
десна 3,912023 0,000463
десяти 1,560648 0,000185
десять 1,514128 0,000359
детей 0,941609 0,000111
детская 0,916291 0,000325
детское 2,120264 0,000251
детской 2,040221 0,000242
детском 2,813411 0,000333
дзержинский 2,302585 0,000818
дзержинского 1,660731 0,000393
дзержинскому 2,659260 0,000315
диагональной 3,912023 0,000926
дивизион 2,207275 0,000261
дивизиона 2,659260 0,000315
дизайнер 3,912023 0,000463
диким 3,506558 0,000415
динамо 1,171183 0,000416
диска 2,813411 0,000333
диспетчерская 3,912023 0,001390
длине 1,660731 0,000197
длительное 2,813411 0,000333
дмитра 3,912023 0,000463
дмитриев 2,525729 0,000299
дмитриевский 3,506558 0,000415
дмитрий 0,967584 0,000115
дмитрию 2,813411 0,000333
дмитров 2,813411 0,000333
дневная 2,813411 0,000333
дней 0,446287 0,000159
днестра 3,506558 0,000415
днр 3,218876 0,000381
дня 0,478036 0,000113
добровольцев 2,995732 0,000355
добровольческие 3,506558 0,000415
договорной 3,506558 0,000415
дождливой 3,506558 0,000415
доказывает 3,506558 0,000415
документах 1,560648 0,000185
документов 0,653926 0,000232
документы 1,386294 0,000164
долгое 1,386294 0,000164
долгополова 3,912023 0,000463
долготой 0,941609 0,000111
должен 1,078810 0,000128
должности 1,771957 0,000210
должность 1,203973 0,000143
должны 1,021651 0,000121
доля 0,733969 0,000174
дом 0,562119 0,000266
дома 0,798508 0,000095
домашний 1,660731 0,000197
доминирующей 3,506558 0,000415
домов 1,078810 0,000255
домодедово 2,813411 0,000333
домонгольских 3,912023 0,000463
дона 2,407946 0,000285
донбасса 3,218876 0,001143
донецк 2,659260 0,000630
донецка 3,912023 0,000463
донецкая 2,659260 0,000630
доп 0,597837 0,000071
дополнительные -0,009950 -0,000001
дореволюционной 2,302585 0,000273
дорог 0,891598 0,000317
дорога 0,798508 0,000095
дороге 1,427116 0,000169
дороги 0,713350 0,000169
дорожного 2,040221 0,000242
дорожное 1,771957 0,000210
достигнутые 2,040221 0,000242
доступа 1,309333 0,000155
доступен -0,009950 -0,000001
доступная 3,218876 0,000381
доступной 2,525729 0,000299
доступный 2,659260 0,000315
доступом 2,525729 0,000299
драматический 1,203973 0,000570
древлеправославие 3,912023 0,000463
древней 1,560648 0,000185
древнем 2,659260 0,000630
древнерусского 2,207275 0,000523
древнерусское 3,506558 0,000415
дрогичинского 3,912023 0,000463
дрокиевский 3,912023 0,000463
дроняево 3,912023 0,000463
друг 1,108663 0,000656
друга 1,560648 0,000924
другие 0,030459 0,000025
другим 0,733969 0,000087
других -0,009950 -0,000004
другое 1,049822 0,000124
дружбе 3,218876 0,000381
дружим 3,912023 0,000463
дружину 3,218876 0,000381
дружить 3,506558 0,000415
друзей 2,813411 0,000333
дубовец 3,912023 0,000926
дуга 2,995732 0,000709
дуге 3,506558 0,000415
дугу 3,506558 0,000415
дударев 3,506558 0,000415
дударенко 3,506558 0,000415
думы 1,078810 0,000128
дунгане 2,659260 0,000315
дурнево 3,912023 0,000463
духовец 3,912023 0,000926
духовная 1,386294 0,000492
духовной 1,771957 0,000210
духовные 3,506558 0,000415
духовных 2,525729 0,000299
евангелиста 3,218876 0,000381
евангельских 1,660731 0,000590
евангельской 2,120264 0,000251
евгений 1,347074 0,000159
евдокимова 3,218876 0,000381
евпатория 2,525729 0,000299
евреи 1,203973 0,000143
еврейский 1,832581 0,000217
европа 0,941609 0,000223
европе 0,916291 0,000108
европейские 2,525729 0,000299
европы 0,673345 0,000080
евсеева 2,995732 0,000355
егора 3,506558 0,000415
единиц 0,673345 0,000319
единицы 1,386294 0,000164
единоверческая 2,995732 0,000355
ежегодник 0,820981 0,001361
ежегодно 0,916291 0,000108
ежегодный 1,609438 0,000191
ежедневно 1,714798 0,000203
езиды 1,771957 0,000210
екатериновка 3,912023 0,000463
екатериной 1,897120 0,000225
елец 2,407946 0,000285
елисеев 3,218876 0,000381
ельково 3,912023 0,000463
ельня 2,659260 0,000315
епархии 1,108663 0,000131
епархию 2,995732 0,000355
еремино 3,912023 0,000463
еськово 3,912023 0,000463
ефимов-трофимов 3,912023 0,000463
ефрона 0,328504 0,000117
жар-пицца 3,912023 0,000463
жаркая 3,218876 0,000381
жбанов 3,912023 0,000926
железногорск 3,218876 0,000381
железногорский 3,912023 0,000463
железнодорожная 1,309333 0,000310
железнодорожник 3,912023 0,000926
железнодорожниками 3,912023 0,000463
железнодорожного 0,967584 0,000229
железнодорожное 2,040221 0,000483
железнодорожному 3,218876 0,000381
железнодорожные 1,272966 0,000301
железнодорожный 0,755023 0,000358
железнодоророжный 3,912023 0,000463
железной 0,755023 0,000179
железных 1,832581 0,000217
женская 2,040221 0,000725
женский 1,309333 0,000465
женских 1,966113 0,000233
женской 2,040221 0,000242
жердево 3,912023 0,000463
жеребенок 3,912023 0,000463
жеребцово 3,506558 0,000415
живоначальной 3,218876 0,000381
живописный 3,218876 0,000381
жизнь 0,693147 0,000246
жилые 1,347074 0,000159
жилых 1,237874 0,000147
жиляево 3,912023 0,000463
жиромская 1,021651 0,000121
жителей 0,673345 0,000877
жители 1,049822 0,000124
житии 3,506558 0,001246
жукова 2,302585 0,000273
жукову 3,506558 0,000415
журавлин 3,912023 0,000463
журнал 0,510826 0,000060
жхл 3,218876 0,000762
забастовки 3,218876 0,000381
заболоть 3,912023 0,000926
завершаются 3,912023 0,000463
завершен 2,659260 0,000315
завершения 2,120264 0,000251
завершено 1,609438 0,000191
завершившего 3,912023 0,000463
завет 3,506558 0,000415
завещаниях 3,912023 0,000463
завод 0,798508 0,000756
завода 0,941609 0,000111
заводов 1,203973 0,000428
заводь 3,912023 0,000463
заглавная -0,009950 -0,000001
загорская 3,912023 0,000463
загса 3,506558 0,000415
задачи 1,469676 0,000174
заключили 2,995732 0,000355
закон 0,616186 0,000073
законов 1,660731 0,000197
закончились 3,912023 0,000463
закрыта 2,207275 0,000261
закрытого 2,813411 0,000666
зал 1,021651 0,000121
зала 2,207275 0,000523
залив 1,897120 0,000225
залов 1,771957 0,000629
заложена 2,120264 0,000251
залом 2,525729 0,000299
заменить 0,562119 0,000133
заместителя 2,659260 0,000315
заметные 2,995732 0,000355
заморозками 3,218876 0,000381
занимавший 2,995732 0,000355
занимает 0,616186 0,000219
заново 1,897120 0,000225
заняла 1,771957 0,000210
заняты 2,207275 0,000261
занять 3,912023 0,000463
зао 1,514128 0,000179
западе 1,347074 0,000159
западная 1,560648 0,000185
записьвойти -0,009950 -0,000001
заповедный 3,218876 0,000381
заполненными 1,966113 0,000233
запустению 3,912023 0,000463
запустили 1,897120 0,000225
запущена 1,714798 0,000203
заработала 2,659260 0,000315
зарегистрированный -0,009950 -0,000001
зарубежной 2,659260 0,000315
заря 1,560648 0,000185
зато 1,560648 0,000185
заутренников 3,912023 0,000926
защита 1,469676 0,000174
защитники 3,506558 0,000830
защиты 0,941609 0,000223
защищена 2,040221 0,000242
заявку 3,218876 0,000381
заявление -0,009950 -0,000001
збекча 0,000000 0,000000
звание 1,049822 0,000124
званичан 3,912023 0,000463
звезд 2,040221 0,000242
звезда 1,237874 0,000147
звягинцево 3,912023 0,000463
здание 0,776529 0,000368
здания 0,867501 0,000308
зелени 3,218876 0,000381
зеленко 3,912023 0,000463
земледелия 2,525729 0,000598
земли 0,634878 0,000150
землями 2,525729 0,000299
зеркальном 3,912023 0,000463
зима 1,021651 0,000121
зимние 2,207275 0,000261
златоверховникова 3,912023 0,000463
знак -0,009950 -0,000004
знаменательных 2,207275 0,000784
знамение 3,506558 0,001246
знаменитого 2,995732 0,000355
знаменский 2,525729 0,001196
знаменского 3,506558 0,000830
значение 0,314711 0,000075
значения 0,105361 0,000050
значительные 1,514128 0,000359
значительным 2,040221 0,000242
золотой 0,843970 0,000200
золотухинский 3,912023 0,000463
золотым 2,407946 0,000285
зоне 0,527633 0,000125
зоологический 2,407946 0,000570
зорин 3,506558 0,000415
зорино 3,912023 0,000926
зпэ 3,912023 0,000463
зрителя 1,427116 0,000169
зубков 3,506558 0,000415
ибаге 3,912023 0,000926
иван 0,843970 0,000100
ивана 1,078810 0,000511
иванова 1,966113 0,000466
ивановича 2,040221 0,000242
ивановка 2,525729 0,000598
иваново 1,139434 0,000135
игореве 2,813411 0,000333
игорь 1,714798 0,000203
идентификаторы 0,693147 0,000082
из-за 0,415515 0,000148
изберут 3,912023 0,000463
известен 1,203973 0,000143
известия 1,021651 0,000363
известковое 3,912023 0,000463
известна 1,897120 0,000225
известно 1,237874 0,000147
известны 1,309333 0,000155
известные 0,891598 0,000211
известный 0,941609 0,000111
изготовлен 3,506558 0,000830
изд 0,314711 0,000037
изд-во 1,049822 0,000124
издавалась 3,506558 0,000415
издательско-торговым 3,912023 0,000463
издательство 0,510826 0,000302
изделий 1,309333 0,000310
измаил 3,506558 0,000415
изменения 0,562119 0,000067
изображение 1,427116 0,000169
изображены 2,525729 0,000598
изяслав 3,912023 0,000926
икона 2,995732 0,000709
иконе 3,912023 0,000463
иконы 1,347074 0,000319
илии 2,813411 0,000333
иллюзион 2,995732 0,000355
иллюстрированный 2,813411 0,000333
ильинская 2,659260 0,000315
илья 2,040221 0,000242
имеет 0,235722 0,000028
имеется 0,653926 0,000232
имел 1,469676 0,000348
имелась 2,995732 0,000355
имело 2,302585 0,000273
имени 0,462035 0,000383
имеют 0,371064 0,000132
ими 1,272966 0,000151
император 1,771957 0,000210
императору 2,407946 0,000285
империи 0,733969 0,000087
инвалидов 2,407946 0,000570
ингуши 1,897120 0,000225
индекс 0,941609 0,000111
индийцы 2,120264 0,000251
инициировал 3,912023 0,000463
институт 0,478036 0,000849
инструменты -0,009950 -0,000002
интегрированные 2,995732 0,001064
интенсивно 2,813411 0,000333
интенсивность 2,525729 0,000299
интернет 0,916291 0,000325
интернет-пользователей 3,218876 0,000381
информации 0,446287 0,000211
информационные 1,203973 0,000143
иоанна 1,469676 0,000348
ипподром 2,040221 0,000242
ирон 0,000000 0,000000
искатель 3,218876 0,000381
искра 2,120264 0,000251
искусства 0,733969 0,000087
искусство 0,994252 0,000235
испанцы 2,120264 0,000251
исполненный 3,912023 0,000463
исполняющий 2,813411 0,000333
исполняющим 2,040221 0,000242
использовались 1,660731 0,000393
использования -0,009950 -0,000001
используются 0,916291 0,000108
использующие 0,040822 0,000010
использующую 3,912023 0,000463
исследования 0,733969 0,000087
истока 1,021651 0,000121
истории 0,248461 0,000206
исторический 0,653926 0,000077
исторических 1,139434 0,000135
исторического 1,049822 0,000124
история 0,051293 0,000055
источник -0,009950 -0,000005
источниках 1,386294 0,000164
источнике 2,407946 0,000285
источники 0,415515 0,000049
истребительных 3,912023 0,000463
исчислении 0,843970 0,000100
итальянцы 1,771957 0,000210
итогам 1,139434 0,000135
итоги 0,713350 0,000253
итого 1,609438 0,000381
итогов 0,891598 0,000106
июль 0,579818 0,000206
июля 0,116534 0,000511
июнь 0,544727 0,000193
июня 0,116534 0,000373
йме 0,000000 0,000000
кабардинцы 1,832581 0,000217
кабельные 2,525729 0,000598
кавалерами 3,218876 0,000381
казанского 1,660731 0,000197
казахи 1,514128 0,000179
казацкая 3,912023 0,000926
казначея 3,506558 0,000415
какими-либо 3,912023 0,000463
калач-на-дону 2,659260 0,000315
календарь 1,514128 0,000717
калинин 3,506558 0,000415
калинович 3,912023 0,000463
калке 3,912023 0,000463
калмыки 1,897120 0,000225
калуга 2,302585 0,000273
камаз 2,995732 0,000355
каменево 3,912023 0,000926
каменная 2,407946 0,000285
каменные 2,040221 0,000242
камыши 3,912023 0,000463
канал 0,843970 0,000400
каналов 1,427116 0,000169
канта 3,218876 0,000381
канун 2,995732 0,000355
капустин 3,912023 0,000463
карасевка 3,506558 0,000415
карачев 3,912023 0,000463
карелы 2,040221 0,000242
карета 3,912023 0,000463
картам 2,813411 0,000333
картами 0,562119 0,000067
карте 1,108663 0,000131
картинга 3,912023 0,000463
картинная 2,207275 0,000261
картодром 3,218876 0,000381
карточка 2,659260 0,000315
картуша 3,912023 0,000463
картуше 3,912023 0,000463
карты 0,941609 0,000334
карусель 1,832581 0,000217
касиновский 3,912023 0,000463
касторенский 3,912023 0,000463
касторная 3,912023 0,000463
кат 3,912023 0,000926
каталанская 0,527633 0,000062
каталогах 0,094311 0,000011
категории -0,009950 -0,000002
католицизм 2,207275 0,000261
католическая 2,207275 0,000261
католический 1,714798 0,000406
кафе 1,609438 0,000191
кафедральный 1,021651 0,000363
качбея 3,912023 0,000463
качестве 0,478036 0,000057
кашкин 3,912023 0,000463
квасной 3,912023 0,000463
квилицу 3,912023 0,000463
кгму 3,912023 0,001390
кгту 3,218876 0,000381
кгу 3,218876 0,000762
киев 1,560648 0,000370
киева 2,995732 0,000709
киевский 3,218876 0,000381
киевской 2,525729 0,000598
кизилово 3,912023 0,000463
кино 0,994252 0,000235
киноплекс 3,506558 0,001246
кинотеатр 1,108663 0,001181
кинотеатрами 3,218876 0,000762
кинотеатров 1,237874 0,000147
кинотеатры 1,078810 0,000383
киргизы 1,560648 0,000185
киреевка 3,912023 0,000463
кирилла 1,966113 0,000466
кировский 1,237874 0,000293
кирпичное 2,995732 0,000355
кислино 3,912023 0,000463
китайская 0,776529 0,000092
китайцы 1,660731 0,000197
климат 0,494296 0,000468
климата 0,733969 0,000087
клоунам 3,912023 0,000463
клуб 0,916291 0,000325
клуба 1,660731 0,000197
клыков 2,995732 0,001419
клыкова 3,912023 0,000463
клыкову 3,912023 0,000463
клюква 3,912023 0,000463
клюквинский 3,912023 0,000463
клюквинским 3,912023 0,000463
ключевых 2,207275 0,000261
книга 0,843970 0,000100
книге 1,309333 0,000310
книги 0,916291 0,000108
книжное 1,078810 0,000255
кнопка 2,525729 0,000598
княжества 2,120264 0,001255
княжеством 2,995732 0,000355
князей 2,525729 0,000299
князем 1,714798 0,000406
князь 1,771957 0,000420
князя 1,139434 0,000540
ковров 2,659260 0,000315
ковчег 2,813411 0,000333
код -0,009950 -0,000002
кода 0,798508 0,000095
кодаистория 2,040221 0,000242
кодекс -0,009950 -0,000001
кожевенное 3,218876 0,000381
козельск 2,659260 0,000315
козырев 3,912023 0,000463
коленчатый 3,912023 0,000463
количество 0,328504 0,000078
количеством 1,514128 0,000179
колледж 1,386294 0,000985
колодное 3,912023 0,000463
колпино 2,659260 0,000315
колумбийский 3,912023 0,000463
колумбия 2,813411 0,000333
кольцевой 2,120264 0,000251
колясками 3,506558 0,000415
команд 1,660731 0,000197
команда 1,272966 0,000452
командовал 3,218876 0,000381
командованием 1,771957 0,000420
коми 1,514128 0,000179
комитет 0,755023 0,000268
комментарии 1,386294 0,000164
коммерции 2,659260 0,000315
коммерческого 2,525729 0,000299
коммерческое 2,407946 0,000285
компанией 1,514128 0,000179
компаний 0,967584 0,000344
компания 0,653926 0,000155
комплекс 0,653926 0,000155
комплексного 2,120264 0,000251
комплексов 1,386294 0,000164
комплексом 1,966113 0,000233
комплексы 1,514128 0,000179
композит 3,912023 0,000463
композитору 3,912023 0,000463
композиции 2,302585 0,000273
композицию 2,995732 0,000355
комсомола 2,813411 0,000333
кондукторами 3,912023 0,000463
конево 3,912023 0,000463
конец 0,798508 0,000284
конкретными 3,506558 0,000415
конституции 2,120264 0,000251
конструкций 2,207275 0,000261
континентальный 0,776529 0,000092
континуитета 3,912023 0,000463
контролируется 2,995732 0,000355
контролирующей 2,302585 0,000545
контроль 1,427116 0,000169
контроля 1,560648 0,001293
конф 2,813411 0,000333
конфиденциальности -0,009950 -0,000001
конца 0,562119 0,000133
конце 0,430783 0,000204
конышевский 3,912023 0,000463
кооперации 2,120264 0,000502
копии 0,653926 0,000077
копия 0,328504 0,000233
корвет 3,912023 0,000463
корейцы 1,609438 0,000191
корелово 3,912023 0,000463
кореневский 3,912023 0,000463
коренная 3,218876 0,000381
коренно-курская 3,912023 0,000463
коренную 3,506558 0,000415
коренская 3,912023 0,000463
корнеева 3,912023 0,000463
корнеевым 3,912023 0,000463
короткий -0,009950 -0,000001
корпорация 2,040221 0,000242
корпуса 1,560648 0,000554
кострома 1,171183 0,000139
котлубаха 3,912023 0,000463
которая 0,287682 0,000034
которого 0,301105 0,000143
которое 0,478036 0,000113
которой 0,174353 0,000165
котором 0,301105 0,000071
которые 0,162519 0,000058
который 0,105361 0,000037
которых 0,094311 0,000045
кпд 3,912023 0,000463
кпко 3,912023 0,000463
кравец 1,386294 0,000164
краеведческий 1,237874 0,000733
край 0,891598 0,000317
краматорске 3,506558 0,000415
красная 1,108663 0,000394
красниково 3,912023 0,000926
красной 0,967584 0,000916
красный 0,941609 0,000223
кратчайший 3,218876 0,000381
края 0,713350 0,000169
крепости 1,203973 0,000143
крепость 1,078810 0,000383
крестильная 3,912023 0,000463
крестный 3,218876 0,000762
крещение 2,995732 0,000355
кривец 3,912023 0,000463
криволапов 3,912023 0,002316
кричит 3,912023 0,000463
кровопролитных 3,506558 0,000415
кроме 0,235722 0,000028
кромешников 3,912023 0,000463
кронштадт 2,525729 0,000299
круг 2,207275 0,000261
крупная 1,514128 0,000179
крупнейшая 1,347074 0,000159
крупнейшей 1,560648 0,000185
крупнейших 0,634878 0,000376
крупные 0,579818 0,000137
крупный 0,798508 0,000284
крупным 1,021651 0,000363
крупных 0,494296 0,000176
крым 1,660731 0,000787
крыма 0,843970 0,000400
крымские 1,771957 0,000420
крымских 2,302585 0,000273
крымского 1,832581 0,000217
кубка 1,347074 0,000159
кувшинное 3,912023 0,000463
кудрявцева 3,912023 0,000463
куки -0,009950 -0,000001
кукол 0,916291 0,000217
кукуевка 3,912023 0,000463
кулжинским 3,912023 0,000463
культура 0,653926 0,000310
культурная 1,897120 0,000225
культурном 2,120264 0,000502
культуры 0,462035 0,000219
кумыки 1,832581 0,000217
купоне 3,912023 0,000463
купца 1,560648 0,000185
кур 3,912023 0,001390
кура 3,506558 0,001246
курасово 3,912023 0,000926
курды 2,040221 0,000242
курица 3,912023 0,000463
куркино 3,506558 0,000415
куропатки 3,218876 0,001143
курс 1,347074 0,000319
курсантской 3,912023 0,000463
курск 2,407946 0,039059
курска 3,912023 0,037981
курскаэропорт 3,912023 0,000463
курская 2,813411 0,010659
курская-коренная 3,912023 0,000463
курсквеб 3,912023 0,000463
курске 3,912023 0,018990
курские 3,912023 0,001853
курский 3,506558 0,024910
курским 3,912023 0,000926
курскими 3,912023 0,000463
курских 3,912023 0,001853
курско-харьково-севастопольской 3,912023 0,000463
курского 3,218876 0,010671
курское 3,912023 0,000463
курской 2,995732 0,013478
курском 3,506558 0,002906
курскрезинотехника 3,912023 0,000463
курскстатистика 0,000000 0,000000
курску 3,912023 0,003705
курскую 3,912023 0,001390
курскхимволокно 3,912023 0,000463
курча 0,000000 0,000000
курчатов 3,506558 0,000830
курчатовский 3,506558 0,000415
курьскъ 3,912023 0,000463
курья 3,506558 0,000415
куря 0,000000 0,000000
куряки 0,000000 0,000000
курян 3,912023 0,000463
куряне 3,912023 0,001853
курянин 3,912023 0,000463
курянка 3,912023 0,000463
кутепова 3,912023 0,000463
куцак 3,912023 0,000463
кыргызча 0,000000 0,000000
кэаз 3,912023 0,000463
лаврентьевской 3,506558 0,000415
лазаревский 3,506558 0,000415
лазаря 3,218876 0,000381
лазуревая 3,912023 0,000463
лазуревого 3,912023 0,000463
лазурный 2,407946 0,000285
лакцы 1,832581 0,000217
ламоново 3,912023 0,000926
ласточковые 3,912023 0,000463
латунным 3,912023 0,000463
латыши 1,897120 0,000225
лебяжье 2,995732 0,000355
левашов 1,660731 0,000197
левобережья 2,659260 0,000315
левченко 3,506558 0,000830
левый 1,309333 0,000155
лезгины 1,771957 0,000210
лекарств 3,506558 0,000415
ленина 0,867501 0,000924
ленинский 1,078810 0,000255
ленинским 3,218876 0,000381
ленинского 1,771957 0,000420
ленину 1,272966 0,000452
лента 1,560648 0,000185
ленте 2,813411 0,000333
лесостепной 1,966113 0,000233
лет 0,223144 0,000211
летие 1,309333 0,000155
летию 1,078810 0,000255
летия 1,108663 0,000131
летние 1,714798 0,000203
летний 1,108663 0,000131
лето 0,891598 0,000106
летом 0,597837 0,000142
летописи 1,609438 0,000191
летописях 2,659260 0,000315
летящие 3,912023 0,001390
либкнехта 3,218876 0,000381
ливадия 3,506558 0,000415
лиге 1,609438 0,000191
лиги 1,386294 0,000328
лилия 3,218876 0,000381
линии 0,755023 0,000268
линия 0,891598 0,000106
липецк 2,525729 0,000299
липовец 3,912023 0,000463
липовичским 3,912023 0,000463
лисово 3,912023 0,000463
листах 2,040221 0,000242
литвой 2,995732 0,000355
литейный 3,506558 0,000415
литература 0,061875 0,000022
литературный 1,427116 0,000338
литовская 1,309333 0,000155
литовский 3,218876 0,000762
литовских 3,912023 0,000463
литовского 3,912023 0,001390
литовцы 1,966113 0,000233
лица 1,272966 0,000151
лицензии -0,009950 -0,000001
лицея 2,659260 0,000315
личному 3,218876 0,000381
лишен 2,525729 0,000299
лишь 0,478036 0,000113
локальное 1,108663 0,000131
локомотивного 3,912023 0,000926
ломоносов 2,120264 0,000251
луга 1,966113 0,000233
луганская 2,813411 0,000666
луки 2,207275 0,000261
лукино 3,912023 0,000926
львенок 3,506558 0,000415
льгов 3,912023 0,000463
льговский 3,912023 0,000463
льшая 0,000000 0,000000
лэп 3,218876 0,000381
любови 2,995732 0,000709
любовь 2,525729 0,000299
любых 2,120264 0,000251
людей 0,693147 0,000082
люксор 3,218876 0,000381
лютеранские 3,218876 0,000381
магазинов 2,040221 0,000242
магистраль 1,427116 0,000169
магнитные 3,912023 0,000463
мадрид 3,218876 0,000381
май 0,597837 0,000212
майково 3,912023 0,000463
майор 3,506558 0,000415
майская 3,218876 0,000381
макс 2,120264 0,000251
максим 1,560648 0,000185
максимальная 1,560648 0,000185
максимум 0,733969 0,000435
малахов 3,506558 0,000415
малахово 3,506558 0,000415
малая 1,469676 0,000174
малгобек 2,813411 0,000333
малиновый 3,912023 0,000463
малого 1,427116 0,000338
малое 1,897120 0,000449
малорусский 3,506558 0,000415
малорусскими 3,912023 0,000463
малоярославец 2,813411 0,000333
малый 0,371064 0,000044
мальцево 3,912023 0,000926
мамочка 3,912023 0,000463
манеж 2,207275 0,000261
манизер 3,218876 0,000381
мантуровский 3,912023 0,000463
мапи 3,912023 0,000463
мариймакедонски 0,000000 0,000000
марийцы 1,714798 0,000203
мариуполь 2,407946 0,000285
марка 0,867501 0,000308
маркер 3,506558 0,000415
маркса 1,609438 0,000381
марок 2,813411 0,000333
март 0,616186 0,000219
марта 0,139262 0,000297
марте 0,967584 0,000229
маруся 2,995732 0,000355
маршала 2,302585 0,000273
маршалу 3,218876 0,000762
маршрутами 3,218876 0,000381
маршрутного 3,218876 0,000381
маршрутов 0,967584 0,000229
маршруты 1,272966 0,000151
маслов 3,218876 0,000381
маслова 3,506558 0,000415
масса 1,609438 0,000191
массовой 0,916291 0,000217
массовый 1,832581 0,000217
мастерская 2,525729 0,000299
мастерские 2,120264 0,000251
масштабе 2,525729 0,000299
матвеичева 3,912023 0,000463
матери 1,347074 0,001276
материал -0,009950 -0,000001
материалов 0,755023 0,000179
материальный 3,218876 0,000381
материальных 2,659260 0,000315
матовом 3,912023 0,000463
матч 1,347074 0,000159
машин 1,139434 0,000405
машиностроительных 2,995732 0,000355
мая 0,139262 0,000725
маяк 1,108663 0,000263
мвд 1,309333 0,000155
мебели 2,813411 0,000333
мегагринн 3,912023 0,000926
мегагринна 3,912023 0,000463
медведева 2,659260 0,000315
медведица 2,995732 0,001064
медвенский 3,912023 0,000463
медиафайлы 0,301105 0,000036
медикам 3,218876 0,000381
медицинская 2,040221 0,000242
медицинский 0,891598 0,000528
медицинского 1,714798 0,000203
междугородними 3,912023 0,000463
междугородные 2,659260 0,000315
междунар 3,218876 0,000381
международно 1,139434 0,000135
международного 0,733969 0,000174
международный 0,713350 0,000169
мелитополь 2,813411 0,000333
мельников 2,207275 0,000261
мемориальный 1,469676 0,000174
менделееву 3,912023 0,000463
менеджмента 2,302585 0,000545
менее 0,314711 0,000075
мест 0,713350 0,000169
месте 0,544727 0,000387
местного 0,941609 0,000111
местные 1,049822 0,000249
местный 2,207275 0,000261
место 0,371064 0,000220
местоположение 2,040221 0,000242
месяцев 1,171183 0,000139
месяцы 1,966113 0,000466
метро 1,272966 0,000151
мефодия 1,966113 0,000466
микрорайоне 1,771957 0,000210
милицейская 3,218876 0,000381
миллионов 1,078810 0,000128
минеральные 1,966113 0,000233
минеральных 1,609438 0,000191
минимальная 2,040221 0,000242
минимум 0,693147 0,000492
минин 2,813411 0,000999
министерства 0,891598 0,000422
министерство 1,108663 0,000131
минск 1,714798 0,000203
минска 3,506558 0,000830
мир 0,342490 0,000081
мира 0,415515 0,000049
мираж 3,218876 0,000381
михаил 0,916291 0,000325
михаила 1,171183 0,000277
михаилу 2,525729 0,000299
михайлов 2,120264 0,000502
михайлово 3,506558 0,000415
млн 0,462035 0,000109
млодать 3,912023 0,000463
млрд 0,820981 0,000292
мнению 0,967584 0,000115
многие 0,356675 0,000084
многочисленные 1,139434 0,000270
многоэтажку 3,912023 0,000463
мобильная -0,009950 -0,000001
могли 1,514128 0,000179
могут -0,009950 -0,000001
могучего 3,506558 0,000415
модулем 1,021651 0,000242
мое 2,813411 0,000333
можайск 2,813411 0,000333
моква 3,912023 0,001390
моковским 3,912023 0,000463
мокшеньолык 0,000000 0,000000
молдаване 1,714798 0,000203
молдавская 3,506558 0,000415
молдавским 3,912023 0,000463
молдова 2,525729 0,000897
молдовы 2,995732 0,000709
молодежный 1,309333 0,000155
момент 0,597837 0,000283
момента 1,469676 0,000174
монастыри 2,407946 0,000285
монастырская 2,813411 0,000333
монастырь 1,139434 0,000270
монастыря 1,309333 0,000310
монгол 0,000000 0,000000
монголы 1,897120 0,000225
монет 2,040221 0,000483
монета 1,309333 0,000620
монетным 3,506558 0,000830
монеты 2,207275 0,000523
мономаха 2,813411 0,000333
монтажный 3,218876 0,000381
мордва 1,309333 0,000155
морозы 2,207275 0,000261
москва 0,400478 0,000616
москвакурск 3,912023 0,000463
москве 1,171183 0,000139
москвой 1,237874 0,000147
москву 1,139434 0,000270
москвы 0,653926 0,000232
московская 1,609438 0,000191
московский 0,891598 0,000317
московского 0,867501 0,000103
московское 1,347074 0,000159
московской 1,237874 0,000147
мошкино 3,912023 0,000463
мощнейших 3,912023 0,000463
мск 0,843970 0,000100
мужество 2,120264 0,001004
мужская 2,302585 0,000545
мужской 1,560648 0,000554
муз-тв 1,966113 0,000233
музеев 1,309333 0,000310
музеи 0,820981 0,000292
музей 0,776529 0,001655
музыка 1,347074 0,000159
мукомольной 3,506558 0,000415
мультиплекса 1,897120 0,000225
муниципального 0,891598 0,000211
муниципальной 1,966113 0,000466
муниципальному 2,995732 0,000355
муниципальный 1,386294 0,000164
муниципальным 0,776529 0,001287
муниципальными 1,660731 0,000197
муниципальных 0,776529 0,000368
муп 1,897120 0,000449
муравлево 3,912023 0,000926
мурыновка 3,912023 0,000926
мценск 3,218876 0,000381
мэбик 3,912023 0,000926
мэр 1,347074 0,000319
мэра 1,347074 0,000638
мятежников 3,218876 0,000381
мячом 1,771957 0,000210
набеги 2,525729 0,000299
набережных 2,525729 0,000299
навигации -0,009950 -0,000001
навигация -0,009950 -0,000002
награды 0,867501 0,000308
награжден 1,514128 0,000359
награжденные 1,021651 0,000121
надежды 2,407946 0,000570
надписи 2,659260 0,000315
надпись 2,207275 0,000523
назван 1,078810 0,000128
название 0,198451 0,000070
названием 0,820981 0,000097
названия 0,342490 0,000243
назначен 1,386294 0,000164
называет 2,659260 0,000315
наиболее 0,139262 0,000033
наибольшие 2,995732 0,000355
наименование 1,714798 0,000203
наименований 1,832581 0,000434
накануне 2,302585 0,000273
нальчик 2,407946 0,000285
наместника 2,659260 0,000315
наместником 3,218876 0,000381
наместничества 1,660731 0,000197
нами -0,009950 -0,000001
нападали 3,506558 0,000415
нападений 2,659260 0,000315
написали 2,995732 0,000355
написаны 3,218876 0,000381
напитки 2,207275 0,000261
направил 3,218876 0,000381
например 0,328504 0,000039
напряженности 2,995732 0,000355
нарекания 3,506558 0,000415
наро-фоминск 2,813411 0,000333
народная 0,713350 0,000253
народного 1,171183 0,000139
народное 0,798508 0,000378
народных 1,203973 0,000285
нартово 3,912023 0,000463
население 0,693147 0,000657
населением 0,776529 0,000276
населения 0,494296 0,002517
населениягод 0,000000 0,000000
населенные 0,673345 0,000239
населенный 1,609438 0,000381
населенными 1,966113 0,000233
населенных 0,693147 0,000574
настоящее 0,328504 0,000039
настоящем 3,506558 0,000415
настоящий 1,609438 0,000381
наступает 0,916291 0,000108
наступательной 2,813411 0,000333
наступление 2,120264 0,000502
насчитывалось 1,347074 0,000797
наук 0,693147 0,000164
наука 0,301105 0,000071
науч 1,714798 0,000406
научная 0,798508 0,000095
научно-исследовательские 2,040221 0,000242
научно-исследовательский 1,237874 0,000733
научно-образовательными 3,912023 0,000463
научное 0,891598 0,000422
находившейся 3,218876 0,000381
находилось 1,771957 0,000210
находился 0,776529 0,000184
находится 0,328504 0,000194
находка 1,171183 0,000139
находятся 0,527633 0,000062
нахождении 3,912023 0,000926
национальная 1,108663 0,000263
национальной 1,272966 0,000452
национальности 0,867501 0,000308
национальность 1,237874 0,000147
национальный 0,597837 0,000283
начал 0,798508 0,000095
начала 0,314711 0,000075
начале 0,314711 0,000335
начало 0,415515 0,000049
началось 0,616186 0,000219
начальником 2,995732 0,000355
начальном 2,813411 0,000333
начиная 0,733969 0,000087
наше 1,609438 0,000191
небольшое 2,040221 0,000242
небом 2,040221 0,000242
невского 1,427116 0,000338
невскому 2,813411 0,000333
недалеко 1,469676 0,000174
недоступная 0,527633 0,000062
недоступные 0,755023 0,000089
независимость 2,207275 0,000261
некий 2,995732 0,000355
некоммерческое 3,506558 0,000415
некоммерческой -0,009950 -0,000001
некорректно 1,897120 0,000225
некоторых 0,494296 0,000059
нем 0,356675 0,000084
немалое 3,506558 0,000415
неметаллических 3,218876 0,000381
немецкие 1,966113 0,000233
немецкий 1,427116 0,000169
немецкой 1,897120 0,000449
немцы 1,203973 0,000143
ненцы 2,120264 0,000251
необходимость 1,714798 0,000203
неоготическом 3,506558 0,000415
неоднократно 1,139434 0,000135
неправда 3,912023 0,000463
непризнанным 3,506558 0,000415
нередко 1,108663 0,000131
нескольких 0,755023 0,000179
несколько 0,150823 0,000071
несмотря 0,755023 0,000089
несоблюдение 3,912023 0,000463
нестором-летописцем 3,912023 0,000463
нетипичный 3,506558 0,000415
неудачный 3,506558 0,000415
неустойчивое 3,912023 0,000463
нижнее 1,966113 0,000698
нижнекасиново 3,912023 0,000463
нижнемедведицким 3,912023 0,000463
нижняя 1,203973 0,000428
нии 1,237874 0,000147
никаких 2,407946 0,000570
никиты 2,813411 0,000333
николаевич 1,309333 0,000310
николаевка 2,659260 0,000630
николаем 2,302585 0,000273
николаю 2,407946 0,000285
николая 0,916291 0,000108
никулину 3,912023 0,000463
нин 0,000000 0,000000
нина 2,659260 0,000315
ниш 3,506558 0,000830
нка 0,000000 0,000000
новая 0,634878 0,000150
новгород 0,867501 0,000103
ново-поселеновский 3,912023 0,000926
нового 0,579818 0,000069
новоград-волымский 3,912023 0,000463
новое 0,755023 0,000089
новом 1,386294 0,000657
новополоцк 3,912023 0,000463
новопоселеновка 3,912023 0,000463
новопоселеновским 3,912023 0,000463
новореченский 3,912023 0,000463
новоселовский 3,506558 0,000415
новостей 1,771957 0,000210
новости 0,579818 0,000206
новую 1,171183 0,000139
новый 0,446287 0,000106
новых 0,430783 0,000051
ногайцев 3,506558 0,000415
ногайцы 1,897120 0,000225
ногая 3,506558 0,000415
ноздрачево 3,912023 0,000463
номер 0,820981 0,000292
номиналом 1,966113 0,000698
норвежская 0,248461 0,000029
норма 0,798508 0,000473
носит 1,309333 0,000155
носова 3,912023 0,000926
носову 3,912023 0,000463
носят 2,302585 0,000273
ноу 2,659260 0,000315
нохчийн 0,000000 0,000000
ночь 1,514128 0,000359
нояб 0,820981 0,000292
ноября 0,127833 0,000484
нпо 2,207275 0,000261
нська 0,000000 0,000000
нтв 1,427116 0,000169
нужд 1,660731 0,000197
нумизматике 2,207275 0,000523
ныне 0,653926 0,000542
нынешнего 1,771957 0,000210
оао 0,916291 0,000434
обеспеченности 2,302585 0,000545
обеспечивают 1,514128 0,000179
обладает 1,171183 0,000139
областей 1,049822 0,000124
области 0,223144 0,000581
областигорода 2,407946 0,000285
областигородские 3,218876 0,000381
областиобластные 2,407946 0,000285
областная 1,309333 0,000775
областного 1,108663 0,000131
областной 1,078810 0,000639
областном 2,407946 0,000570
область 0,385662 0,000091
областьгорода 1,309333 0,000155
облегчения 3,218876 0,000381
облик 1,272966 0,000151
облисполкоме 3,912023 0,000463
обнаружены 1,771957 0,000210
обнаруживается 3,506558 0,000415
обнаружили 2,813411 0,000333
обозначается 3,506558 0,000415
обозначения 1,660731 0,000590
оборонительной 2,525729 0,000299
оборонительные 2,525729 0,000299
оборонительный 3,218876 0,000381
оборонительных 2,813411 0,000333
обороняла 3,506558 0,000415
оборудованием 2,813411 0,000333
оборудования 1,049822 0,000249
обоянский 3,912023 0,000463
обоянь 3,506558 0,000415
обрабатывающие 2,120264 0,000251
образ 1,771957 0,000210
образован 1,347074 0,000159
образование 0,494296 0,000468
образования 0,478036 0,000113
образованиям 0,776529 0,001195
образовательных 1,427116 0,000338
образом 0,371064 0,000044
образует 0,994252 0,000118
обращение 1,832581 0,000217
обращения 0,030459 0,000451
обретения 3,506558 0,000415
обстрелам 3,912023 0,000463
обходит 3,912023 0,000463
общая 0,673345 0,000080
общедоступный 2,525729 0,000598
общем 1,514128 0,000179
общества 0,776529 0,000092
общественно-политической 2,995732 0,000355
общественного 0,916291 0,000651
общественном 1,897120 0,000225
общественному 3,506558 0,000415
общественный 0,941609 0,000446
общественным 2,302585 0,000273
общественных 1,021651 0,000121
обществом 2,525729 0,000299
общие 0,673345 0,000080
общий 0,916291 0,000108
община 1,609438 0,000191
объект 1,386294 0,000492
объектом 1,560648 0,000370
объем 0,616186 0,000146
объемы 1,897120 0,000225
объявил 1,714798 0,000203
объявлено 1,832581 0,000217
обязанности 1,427116 0,000338
обязательный 2,813411 0,000666
овсянниково 3,912023 0,000463
овчарова 3,912023 0,000463
огромную 2,207275 0,000261
одигитрия 3,912023 0,000463
одна 0,527633 0,000125
однако 0,174353 0,000041
одним 0,494296 0,000059
одно 0,693147 0,000164
одного 0,544727 0,000064
одноименного 1,771957 0,000210
одну 1,237874 0,000147
оказалась 1,771957 0,000210
окато 0,820981 0,000194
оккупацией 3,218876 0,000381
оккупации 2,659260 0,000945
около 0,000000 0,000000
окончательно 1,203973 0,000143
окраина 2,995732 0,000709
окраинные 3,912023 0,000463
округ 0,673345 0,000159
округа 0,653926 0,000465
округам 1,660731 0,000197
округе 1,309333 0,000155
округов 0,776529 0,000644
окт 0,798508 0,000284
октмо 0,843970 0,000100
октябрь 0,867501 0,000308
октябрьский 1,078810 0,000128
октября 0,083382 0,000385
оку 2,995732 0,001064
олега 1,966113 0,000233
ольга 1,427116 0,000169
ольгерд 3,506558 0,000415
ольшанского 3,912023 0,000463
онлайн 0,198451 0,000023
оно 0,000000 0,000000
ономастики 3,506558 0,000415
оон 1,560648 0,000370
ооо 0,843970 0,000400
операции 1,139434 0,000135
операция 2,040221 0,000242
описан 2,813411 0,000333
описание -0,009950 -0,000001
описывается 2,407946 0,000285
оплата 2,813411 0,000333
оплаты 1,966113 0,001630
ополчение 2,302585 0,000273
ополчения 2,207275 0,000261
опора 3,506558 0,000830
опробовали 3,912023 0,000463
оптимизировать 2,995732 0,000355
опустошившего 3,912023 0,000463
опытно-конструкторское 3,912023 0,000463
организации -0,009950 -0,000001
организационно-логистические 3,912023 0,000463
организован 1,660731 0,000590
организована 2,207275 0,000261
организованного 3,506558 0,000415
организовано 2,040221 0,000483
ордами 3,912023 0,000463
орден 1,966113 0,000233
ордена 1,714798 0,000203
орденом 1,021651 0,000484
ордой 3,912023 0,000463
орды 1,966113 0,000233
орел 1,609438 0,000572
оригинала 0,162519 0,000346
ориентира 3,912023 0,000463
орла 2,995732 0,001064
орле 3,912023 0,000463
орловской 3,218876 0,000381
орнамент 3,218876 0,000381
ортсабеларуская 0,000000 0,000000
осада 2,407946 0,000570
осадками 1,771957 0,000210
осадков 0,544727 0,000193
освещающих 3,912023 0,000463
освещению 3,506558 0,000415
освободив 3,506558 0,000415
освободила 3,912023 0,000463
освобожден 2,659260 0,000630
освобождение 2,525729 0,000299
освобождении 2,813411 0,000333
освобождению 2,995732 0,000355
освящен 2,525729 0,000299
осенью 1,309333 0,000155
осетины 1,771957 0,000210
осипов 0,527633 0,000062
оскол 2,813411 0,000333
осколками 3,912023 0,000463
оснащена 2,813411 0,000333
основан 0,579818 0,000137
оснований 2,995732 0,000355
основания 0,713350 0,000253
основанные 0,776529 0,000092
основаны 1,771957 0,000210
основная 0,116534 0,000097
основного 1,897120 0,000225
основном 0,510826 0,000060
основным 0,616186 0,000073
особенно 0,562119 0,000067
особняк 2,302585 0,000273
особо 1,237874 0,000147
остановила 3,912023 0,000463
остановочные 2,659260 0,000315
остатки 1,469676 0,000174
осуществляется 0,776529 0,000460
осуществляются 1,714798 0,000203
отв 0,755023 0,000179
отведена 3,506558 0,000415
ответ 1,560648 0,000185
ответственности -0,009950 -0,000001
ответы 1,514128 0,000179
отгруженной 2,040221 0,000242
отгруженных 2,040221 0,000483
отдел 1,771957 0,000210
отдельных -0,009950 -0,000001
отечества 2,207275 0,000523
отечественная 1,832581 0,000434
отечественной 0,673345 0,001036
отказ -0,009950 -0,000001
открываться 3,218876 0,000381
открываются 2,659260 0,000315
открылась 1,309333 0,000155
открыли 1,237874 0,000147
открылся 0,941609 0,000223
открыт 0,798508 0,000378
открыта 0,967584 0,000229
открытке 2,995732 0,000355
открыто 1,078810 0,000128
открыты 1,049822 0,000249
открытый 1,049822 0,000373
открытым 1,309333 0,000155
откупавший 3,912023 0,000463
отличается 0,579818 0,000069
отличали 3,912023 0,000463
отличие 0,891598 0,000106
отменены 2,659260 0,000315
отметил 2,120264 0,000251
отмечалось 2,407946 0,000285
относительно 0,415515 0,000098
отношение 1,609438 0,000191
отношении 1,203973 0,000143
отношения 0,994252 0,000118
отправился 2,813411 0,000333
отправлялась 3,912023 0,000463
отправлялись 2,525729 0,000299
отправляются 1,771957 0,000420
отр 1,832581 0,000217
отрасли 1,078810 0,000255
отредактирована -0,009950 -0,000001
отреставрированный 3,912023 0,000463
отрешково 3,912023 0,000463
отряд 2,120264 0,000251
отряды 2,040221 0,000242
отследить 2,995732 0,000355
отставке 2,659260 0,000315
отставку 2,525729 0,000598
оттепели 2,302585 0,000273
отходящая 3,912023 0,000463
офицеров 1,771957 0,000210
официальная 1,609438 0,000381
официально 0,693147 0,000082
официальный 0,510826 0,000484
официальным 1,272966 0,000301
охране 1,609438 0,000191
охраны 1,427116 0,000169
оценка 0,693147 0,000082
очень 0,494296 0,000059
очерки 1,171183 0,000277
очертания 2,813411 0,000333
ошибкекак -0,009950 -0,000001
павлова 2,525729 0,000299
павловича 2,813411 0,000333
пакет 1,714798 0,000609
пакистанцы 2,120264 0,000251
памирцы 2,525729 0,000299
памятна 3,912023 0,000463
памятная 1,660731 0,000197
памятник 0,693147 0,001149
памятник-бюст 3,218876 0,001524
памятник-композиция 3,912023 0,000463
памятника 1,078810 0,000128
памятниками 2,040221 0,000242
памятники 0,733969 0,000435
памятный 2,207275 0,000523
памятных 1,714798 0,000609
память 0,891598 0,000106
пантелеимона 2,659260 0,000630
парадом 3,912023 0,000463
паразитологии 3,912023 0,000463
параметрамистатьи 3,218876 0,000381
парка 1,021651 0,000121
парке 1,171183 0,000277
парков 1,514128 0,000179
парком 2,302585 0,000273
партнера 3,506558 0,000415
партнеров 2,813411 0,000333
пассажиров 1,309333 0,000465
пассажирское 2,525729 0,000299
патриот 3,218876 0,000381
пахарь 3,506558 0,000415
пахомово 3,506558 0,000415
пашино 3,506558 0,000415
пашково 3,912023 0,000463
пво 2,813411 0,000333
певчих 3,912023 0,000463
педагогический 1,078810 0,000255
педуниверситета 3,218876 0,000381
пеликан 3,506558 0,000415
первая 0,430783 0,000102
первенстве 2,659260 0,000315
первого 0,733969 0,000174
первое 0,544727 0,000129
первой 0,462035 0,000055
первоначально 1,203973 0,000285
первоначальные 3,912023 0,000463
первые 0,494296 0,000059
первый 0,385662 0,000091
первым 0,597837 0,000212
первых 0,653926 0,000077
переведена 2,659260 0,000315
перевозки 1,203973 0,000143
перевязь 3,506558 0,000415
передайте 3,912023 0,000463
переданный 3,506558 0,000415
передача 1,514128 0,000179
передачи 1,560648 0,000185
переименован 1,347074 0,000159
перейдя 3,506558 0,000415
перейти -0,009950 -0,000002
перекальский 3,912023 0,000463
перекальского 3,912023 0,001390
перекрестке 1,966113 0,000233
перекрывали 3,506558 0,000415
переместилось 3,506558 0,000415
перемирия 3,912023 0,000463
переносными 3,912023 0,000463
переписи 0,755023 0,000447
переписных 1,897120 0,000225
перепись 0,820981 0,000778
переписям 2,995732 0,000355
перерабатывающей 3,218876 0,000381
переселены 3,218876 0,000381
пересечении 1,427116 0,000169
перестали 2,659260 0,000315
перестраиваются 3,912023 0,000463
переулки 3,506558 0,000415
переулков 2,813411 0,000333
перечень 1,469676 0,000174
перечнев 3,506558 0,000415
перечня 2,120264 0,000502
период 0,342490 0,000203
периодическим 3,912023 0,000463
персонажу 3,506558 0,000415
персональные -0,009950 -0,000001
персы 1,966113 0,000233
петрин 3,506558 0,000415
петровское 2,813411 0,000333
петрозаводск 2,407946 0,000285
петропавловск-камчатский 2,407946 0,000285
печати -0,009950 -0,000001
печать -0,009950 -0,000001
печерского 3,506558 0,001246
пивоваренный 2,407946 0,000285
пилишвили 3,912023 0,000463
пименово 3,912023 0,000463
пионеров 1,966113 0,000233
писателю 3,218876 0,000762
писклово 3,912023 0,000926
письменное 2,659260 0,000315
пицунда 2,995732 0,000355
пищевая 1,560648 0,000185
пищевой 1,514128 0,000538
пищевых 1,897120 0,000225
пктс 3,506558 0,000415
плавательный 2,995732 0,000355
план 0,755023 0,000447
планетарий 1,832581 0,000434
планом 2,407946 0,000285
плану 1,386294 0,000164
планы 1,347074 0,000159
пластмассовых 2,995732 0,000355
племени 2,525729 0,000299
плодовыми 3,912023 0,000463
пломб 3,912023 0,000463
плотность 0,693147 0,000082
площадей 1,897120 0,000674
площади 0,510826 0,000665
площадка 1,514128 0,000179
площадь 0,478036 0,000113
площадью 0,994252 0,000118
площадями 2,813411 0,000666
плюс 1,386294 0,000164
плющев 3,912023 0,000463
пмо 3,218876 0,000381
пмс 3,506558 0,000415
победи 3,912023 0,000463
победоносца 2,407946 0,000570
победы 0,916291 0,000542
побратимами 2,813411 0,000333
побывала 3,218876 0,000381
поведения -0,009950 -0,000001
повреждения 2,995732 0,000355
повседневную 3,506558 0,000415
повторного 3,218876 0,000381
погибшим 1,832581 0,000217
погода 0,776529 0,000276
пограничное 3,506558 0,000415
пограничный 2,659260 0,000315
подавал 3,912023 0,000463
подведомственное 3,912023 0,000463
подвергается 2,659260 0,000630
подвергся 2,813411 0,000333
подводникам 3,912023 0,000463
подводников 3,912023 0,000926
подготовленное 3,912023 0,000463
поддержке 1,469676 0,000174
подлесный 3,912023 0,000463
подлодки 3,506558 0,000830
поднимались 3,912023 0,000463
подножка 3,912023 0,000463
подписал 2,040221 0,000242
подписанный 3,506558 0,000415
подписано 2,040221 0,000483
подполковник 3,506558 0,000830
подробнее -0,009950 -0,000001
подступили 3,506558 0,000415
подтверждений 2,995732 0,000355
подшипников 3,218876 0,000381
подшипниковая 3,912023 0,000463
подъезда 3,218876 0,000381
подъемник 3,506558 0,000415
поездом 3,218876 0,000381
пожар 1,966113 0,000233
пожара 1,966113 0,000233
пожарная 2,813411 0,000333
пожарной 2,407946 0,000285
пожарному 3,912023 0,000463
пожарные 3,912023 0,000463
пожилых 3,506558 0,000415
позволяет 0,755023 0,000089
позволяющей 3,218876 0,000381
позднее 0,798508 0,000378
позже 0,733969 0,000174
поиск -0,009950 -0,000001
поиска 1,966113 0,000233
поиску -0,009950 -0,000001
пока 0,843970 0,000100
показал 1,832581 0,000217
показателей 1,203973 0,000143
показатель 0,713350 0,000253
показателю 1,897120 0,000225
показывают 2,207275 0,000261
покрова 1,203973 0,000143
покрытие 2,813411 0,000333
покрытием 2,040221 0,000242
полдень 0,916291 0,000108
поле 0,798508 0,000189
полевая 2,813411 0,000333
полем 2,407946 0,000285
политехнический 2,040221 0,000483
политика -0,009950 -0,000001
политическая 0,843970 0,000100
политической 1,469676 0,000174
полка 2,040221 0,000242
полковник 2,302585 0,001090
полковницей 3,912023 0,000463
полку 2,813411 0,000333
полнер 3,912023 0,000463
полное 1,139434 0,000135
полномочий 1,609438 0,000191
полностью 0,400478 0,000095
полными 2,995732 0,000355
половины 0,994252 0,000118
половцев 3,506558 0,000415
положение 0,510826 0,000060
положению 2,995732 0,000355
полоса 1,771957 0,000210
полосе 2,207275 0,000261
полосой 2,407946 0,000285
полосы 1,469676 0,000870
полотнище 1,609438 0,000191
полоцк 3,506558 0,000415
полторацкой 3,912023 0,000463
полу 0,916291 0,000434
полукругом 3,912023 0,000463
полуострова 1,560648 0,000185
полутораста 3,912023 0,000463
получившая 2,813411 0,000333
получившей 2,813411 0,000333
получила 0,653926 0,000077
получили 0,967584 0,000344
польские 3,218876 0,000381
польский 2,120264 0,000251
польско-литовские 3,912023 0,000463
поляки 1,469676 0,000174
поляков 0,916291 0,000108
поляна 1,660731 0,000197
полянского 3,912023 0,000463
полянское 3,506558 0,000415
полярный 2,120264 0,000251
поморская 2,995732 0,000355
помощью 0,634878 0,000150
поныровский 3,912023 0,000463
поповка 3,506558 0,000415
пор 0,941609 0,000223
портретами 3,506558 0,000415
порубежье 3,912023 0,000463
поручик 3,912023 0,000463
посадка 2,995732 0,000355
посадки 2,302585 0,000273
посвященная 1,714798 0,000203
посвященный 1,660731 0,000197
посекло 3,912023 0,000463
поселение 1,309333 0,000155
поселений 0,798508 0,000851
поселения 0,941609 0,000223
поселениям 0,967584 0,000115
поселкам 0,891598 0,000106
поселками 2,407946 0,000285
посемья 3,912023 0,000463
посетителей 1,966113 0,000233
послание 2,813411 0,000333
послевоенные 1,832581 0,000217
послевоенный 2,659260 0,000630
последнем 2,525729 0,000299
последнему 3,218876 0,000762
последние 0,755023 0,000358
последний -0,009950 -0,000001
последняя 0,342490 0,000041
последствиям 3,506558 0,000415
последующих 2,659260 0,000315
посольства 2,120264 0,000251
посполитой 3,912023 0,000463
посредством 1,771957 0,000210
пост 1,514128 0,000179
поставы 3,912023 0,000463
постановление 1,139434 0,000135
постоялые 3,912023 0,000463
постоянного 0,693147 0,000492
пострадал 2,302585 0,000273
пострадали 2,659260 0,000315
построек 2,120264 0,000251
построен 0,798508 0,000378
построена 0,916291 0,000108
построил 2,407946 0,000285
постройке 2,813411 0,000333
потапово 3,912023 0,000463
потока 2,302585 0,000273
потомкам 3,506558 0,000830
потребовала 3,218876 0,000381
поход 1,897120 0,000225
почв 2,302585 0,000545
почетное 1,560648 0,000185
почетные 1,108663 0,000263
почетных 2,407946 0,000285
почитаемая 3,912023 0,000463
почтовая 1,078810 0,000255
почтовый 1,108663 0,000131
почтовых 2,525729 0,000299
почты 2,207275 0,000261
поэтапном 3,912023 0,000463
поэтому 0,616186 0,000073
появилась 0,820981 0,000194
появились 0,579818 0,000137
появилось 1,171183 0,000277
появился 0,693147 0,000246
появление 1,469676 0,000174
появлением 1,347074 0,000159
появления 1,514128 0,000179
пояс 0,693147 0,000246
права 0,755023 0,000268
правдоподобным 3,912023 0,000463
праведного 2,995732 0,000355
правивший 3,506558 0,000415
правительства 0,693147 0,000082
правительстве 1,966113 0,000233
правительство 0,843970 0,000100
правительством 1,832581 0,000217
править -0,009950 -0,000002
правка 0,328504 0,000039
правкиновые -0,009950 -0,000001
правкипостоянная -0,009950 -0,000001
правому 2,995732 0,000709
православная 1,272966 0,000301
православной 1,203973 0,000143
правый 1,386294 0,000164
празднованию 2,302585 0,000273
пребывания 2,120264 0,000251
преграда 3,912023 0,000463
пределах 0,510826 0,000121
предназначены 2,813411 0,000333
предоставляют 1,427116 0,000169
предполагается 1,560648 0,000185
предположение 2,659260 0,000315
предположительно 1,966113 0,000233
предприятий 0,713350 0,000253
предприятия 0,713350 0,000253
предприятиях 1,832581 0,000217
председ 1,203973 0,000143
представились -0,009950 -0,000001
представило 3,912023 0,000463
представителем 2,659260 0,000315
представлен 0,891598 0,000106
представлено 1,560648 0,000185
представляет 0,446287 0,000159
предусматривает 2,120264 0,000251
президента 0,916291 0,000108
президиума 1,272966 0,000151
преимущества 2,525729 0,000299
преимущественно 0,776529 0,000184
прекратили 2,040221 0,000483
премьер-лига 3,218876 0,000381
преображения 2,407946 0,000285
преображенском 3,218876 0,000381
преподобного 2,207275 0,000261
прерогатив 3,912023 0,000463
пресвятой 1,272966 0,000603
пресс-конференции 3,218876 0,000381
приблизилась 3,912023 0,000463
прибор 3,218876 0,000762
приборо 3,912023 0,000463
прибывают 2,995732 0,000355
привели 1,560648 0,000185
привлекаемым 3,912023 0,000463
пригородное 1,966113 0,000233
пригородные 1,469676 0,000348
приготовления 2,995732 0,000355
придания 2,995732 0,000355
приднестровская 3,506558 0,000415
приднестровье 3,218876 0,001524
приехал 3,218876 0,000381
признан 1,427116 0,000169
признания 0,916291 0,000108
признанное 2,407946 0,000285
признанных 0,967584 0,000344
приказ 1,714798 0,000203
приказом 1,966113 0,000233
приказывал 3,912023 0,000463
приложение 1,309333 0,000465
приложением 2,525729 0,000299
прим 2,407946 0,000285
применяемого 0,843970 0,000100
применяемым 0,941609 0,000111
примере 1,771957 0,000210
примет 2,525729 0,000299
примечания -0,009950 -0,000002
приморско 2,995732 0,000355
принадлежавший 3,506558 0,000415
принадлежности 1,514128 0,000359
принадлежность 1,609438 0,000381
принимавшим 3,912023 0,000463
принимал 2,207275 0,000261
принимать 1,660731 0,000197
принял 1,272966 0,000151
приняли 1,347074 0,000319
принято 0,713350 0,000084
приостановил 2,525729 0,000299
приписан 3,218876 0,000381
природных 1,108663 0,000263
присвоен 1,832581 0,000217
присоединения 1,897120 0,000225
присоединяет 3,912023 0,000463
пристенский 3,912023 0,000463
приток 1,427116 0,000169
притоки 1,832581 0,000217
приходилось 1,660731 0,000393
приходится 0,776529 0,000092
пробках 3,218876 0,000381
проблема 1,237874 0,000147
проблемы 0,544727 0,000129
провайдеров 2,813411 0,000333
проведение 1,660731 0,000197
проведения 0,843970 0,000100
провинции 1,660731 0,000197
проводившейся 3,506558 0,000415
проводила 3,912023 0,000463
проводится 1,108663 0,000131
продажа 2,407946 0,000285
продолжавшейся 3,912023 0,000463
продолжалась 2,302585 0,000273
продолжилось 2,995732 0,000355
продуктов 1,237874 0,000293
продукции 1,021651 0,000121
продукция 2,120264 0,000251
проезд 1,897120 0,000225
проезда 1,560648 0,002033
проездные 3,506558 0,000415
проездов 2,813411 0,000333
проектах -0,009950 -0,000001
проектахмедиафайлы 2,525729 0,000299
проекты 1,108663 0,000131
проживали 1,660731 0,000197
производства 0,616186 0,000292
производство 0,941609 0,001003
происходит 0,634878 0,000075
прокофьевич 3,218876 0,000381
прокуратуры 2,813411 0,000333
промресурс 3,912023 0,000463
промыслы 2,659260 0,000315
промышленного 1,171183 0,000139
промышленности 0,579818 0,000412
промышленность 0,693147 0,000328
промышленные 1,171183 0,000139
промышленный 1,203973 0,000428
промышленным 1,660731 0,000393
пронское 3,912023 0,000463
пророка 2,407946 0,000285
просмотры -0,009950 -0,000001
проспекте 1,427116 0,000507
проспекту 2,040221 0,000242
протекают 2,407946 0,000285
протестантизм 2,040221 0,000242
протестировали 3,912023 0,000926
против 0,798508 0,000189
противопожарного 3,912023 0,000926
проток 2,525729 0,000299
протоки 2,407946 0,000285
протяжении 0,867501 0,000103
протяженность 0,941609 0,000111
прохладной 3,506558 0,000415
проходившей 3,912023 0,000463
проходить 2,659260 0,000315
проходят 0,941609 0,000111
прочее 0,653926 0,000077
прочих 1,560648 0,000185
прошел 0,994252 0,000118
прошлом 1,108663 0,000131
проявленное 3,912023 0,000463
проявленные 2,525729 0,000598
проявленный 3,506558 0,000415
прямоугольное 1,771957 0,000210
псзри 3,506558 0,000415
псков 2,207275 0,000261
пулково 2,995732 0,000355
пункт 1,203973 0,000428
пунктами 1,897120 0,000225
пунктов 0,653926 0,000465
пункты 0,616186 0,000438
пустынь 2,407946 0,000285
путеводителем 3,912023 0,000463
путеводитель 0,713350 0,000338
путеводитель-справочник 3,506558 0,000415
путивль 3,912023 0,000926
путивля 3,912023 0,000463
путь 0,820981 0,000194
пушкарная 3,912023 0,000926
пушкина 1,139434 0,000405
пушкинский 2,659260 0,000630
пушкину 1,897120 0,000225
пущен 2,120264 0,000502
пятидесятиметровый 3,912023 0,000463
пятковским 3,912023 0,000463
пятница 1,771957 0,000210
пятый 1,427116 0,000169
пять 1,108663 0,000131
работ 0,941609 0,000223
работает 0,755023 0,000089
работникам 2,995732 0,000355
работу 0,693147 0,000082
работы 0,314711 0,000075
рабоче-крестьянского 3,506558 0,000415
рабоче-крестьянское 3,912023 0,000463
рабочие 1,832581 0,000434
равноапостольных 2,995732 0,000355
радино 3,912023 0,000463
радио 0,891598 0,001900
радиовещание 1,771957 0,000420
радиовещанию 2,995732 0,000355
радиоканал 2,302585 0,000273
радиолюбители 3,912023 0,000463
радищева 2,995732 0,001064
радость 2,525729 0,000299
развивается 1,609438 0,000191
развивались 2,813411 0,000333
развивалось 2,659260 0,000315
развивался 2,040221 0,000242
развита 1,897120 0,000225
развитие 0,314711 0,000112
развития 0,287682 0,000068
развитой 2,040221 0,000242
раздаются 3,912023 0,000463
раздел 0,891598 0,000106
разделен 1,171183 0,000139
разделена 2,040221 0,000483
разделения 1,966113 0,000233
раздорский 3,912023 0,002779
разиньково 3,912023 0,000463
различные 0,693147 0,000082
размаху 3,912023 0,000463
размещения 0,843970 0,000100
размещено 2,813411 0,000333
разногласий 2,120264 0,000502
разнообразной 3,506558 0,000415
разобраны 3,218876 0,000381
разорен 3,912023 0,000463
разработчики -0,009950 -0,000001
разрушен 2,120264 0,000251
разрушений 3,218876 0,000381
разряда 2,525729 0,000299
разрядной 3,506558 0,000415
разу 2,525729 0,000299
район 0,597837 0,000991
района 0,673345 0,000797
районам 0,820981 0,000292
районами 1,347074 0,000159
районе 0,527633 0,000062
районный 3,218876 0,000381
районными 3,218876 0,000381
районов 0,562119 0,000532
районы 0,653926 0,000155
райцентров 0,941609 0,000111
ракета 2,525729 0,000299
ракетные 3,506558 0,000415
ракеты 3,506558 0,000830
ранее 0,430783 0,000459
располагаются 1,108663 0,000525
расположен 0,733969 0,000782
расположению 2,995732 0,000355
расположенного 1,832581 0,000217
расположенный 1,203973 0,000143
расположенных 1,427116 0,000169
расположены 0,673345 0,000080
распространенное 3,218876 0,000381
распрямила 3,912023 0,000463
рассеяния 3,218876 0,000381
рассказа 3,506558 0,000415
расстреляно 3,912023 0,000463
рассыльная 3,912023 0,000463
растет 1,660731 0,000197
растительный 1,966113 0,000233
расширение 0,527633 0,000062
рбк 1,386294 0,000985
рдц 3,912023 0,000463
реализован 1,660731 0,000197
реального 2,120264 0,000251
реверс 2,995732 0,000709
реверсе 3,506558 0,000830
революции 0,693147 0,000082
региона 0,776529 0,000276
регионального 1,108663 0,000131
региональный 1,347074 0,000797
регионы 1,049822 0,000249
ред 0,235722 0,000223
редактирования 1,897120 0,000225
редакцией 1,832581 0,000434
редко 1,832581 0,000217
режиме 1,514128 0,000179
резиновых 2,995732 0,000355
резинотехнических 3,506558 0,000415
результатам 1,049822 0,000124
результате 0,342490 0,000041
рейсы 1,427116 0,000169
рейтинг 1,272966 0,000452
рейтинге 1,203973 0,000285
рейтингу 2,407946 0,000285
река 0,733969 0,000174
реке 0,713350 0,000084
реки 0,462035 0,000383
рекорды 2,207275 0,000261
религия 0,843970 0,000200
рен 1,660731 0,000197
репин 2,525729 0,000299
репнина 3,912023 0,000463
республик 1,609438 0,000191
республика 0,843970 0,000799
рестораном 3,912023 0,000463
ресурсов 0,798508 0,000189
ресурсы 0,020203 0,000002
ретро 1,897120 0,000225
реутов 2,995732 0,000355
реформы 1,609438 0,000191
речной 0,916291 0,000108
речью 3,912023 0,000463
решать 2,525729 0,000299
решение 0,755023 0,000358
решением 1,078810 0,000383
решив 3,912023 0,000463
ржев 1,771957 0,000210
ржевский 2,995732 0,000355
риа 1,049822 0,000124
рисунков 3,218876 0,000381
рниисп 3,912023 0,000463
роб 0,000000 0,000000
ровесник 3,506558 0,000415
ровец 3,912023 0,000463
роговка 3,912023 0,000463
родины 2,525729 0,000598
родителями 3,506558 0,000415
родственных 0,755023 0,000089
рокоссовского 2,995732 0,000355
рокоссовскому 3,912023 0,000463
роли 1,966113 0,000233
роман 1,771957 0,000210
роменских 3,912023 0,000463
роси 3,506558 0,000415
россельхозакадемии 3,218876 0,000381
россией 1,427116 0,000338
россии 0,186330 0,000684
россиигорода 1,309333 0,000155
российская 0,186330 0,000132
российский 0,634878 0,000902
российских 0,733969 0,000174
российско-украинской 1,108663 0,000131
российское 1,771957 0,000210
российской 0,385662 0,001279
российскому 2,207275 0,000261
россия 0,371064 0,000483
росспэн 0,994252 0,000118
росстат 0,776529 0,000092
ростов-на-дону 1,237874 0,000147
рсфср 0,733969 0,000348
ртрс 1,514128 0,000717
руб 1,171183 0,000416
рублей 0,755023 0,000536
рубля 1,832581 0,000217
румыны 1,897120 0,000225
румянцев 3,218876 0,000381
рус 0,162519 0,001578
руси 1,347074 0,000478
русины 2,302585 0,000273
русиньскый 0,000000 0,000000
русирайонные 3,506558 0,000415
русичи 3,912023 0,000463
русса 2,525729 0,000299
русская 0,867501 0,000103
русские 0,544727 0,000258
русский -0,009950 -0,000004
русским 1,560648 0,000185
русских 0,843970 0,000400
русско-литовскую 3,912023 0,000463
русского 0,494296 0,000117
русское 0,755023 0,000089
русской 0,673345 0,000159
русскому 1,966113 0,000466
рутульцы 1,897120 0,000225
ручей 2,040221 0,000242
рфэи 3,912023 0,000463
рыльск 3,912023 0,001390
рыльска 3,912023 0,000463
рыльский 3,912023 0,000463
рыльского 3,912023 0,000463
рынок 1,021651 0,000121
рышково 3,912023 0,001853
рышковский 3,912023 0,000463
рышковским 3,912023 0,000463
рышковского 3,912023 0,000463
рядом 0,733969 0,000261
ряды 2,407946 0,000570
рязань 1,049822 0,000124
саблин 3,506558 0,000415
сада 1,832581 0,000217
садами 3,218876 0,000381
садовой 2,995732 0,000355
саду 1,660731 0,000393
саип-гиреем 3,912023 0,000463
сайт 0,371064 0,000395
салоне 3,506558 0,000415
сама 1,469676 0,000174
самара 0,891598 0,000106
самая 0,798508 0,000095
самолетного 3,912023 0,000463
самом 1,108663 0,000131
саморядово 3,912023 0,000463
самостоятельный 2,302585 0,000273
самый 0,579818 0,000069
самым 0,653926 0,000077
самых 0,544727 0,000064
санкт-петербург 0,776529 0,000184
санкт-петербурге 1,771957 0,000210
санкт-петербургом 1,832581 0,000217
санкт-петербургским 2,995732 0,000709
сапогово 3,912023 0,000463
сапоговский 3,912023 0,000463
саратов 0,967584 0,000115
саровского 2,407946 0,000285
сахар 2,995732 0,000355
сахарной 3,218876 0,001143
сахарных 3,912023 0,000463
сахаровка 3,218876 0,000381
сбор 2,407946 0,000285
сборник 0,653926 0,000465
сведениям 1,966113 0,000233
свечной 3,912023 0,000463
свидание 3,218876 0,000381
свидетельствует 1,771957 0,000210
свидригайло 3,912023 0,000463
свинцовых 3,912023 0,000463
свиридову 3,912023 0,000463
свободной -0,009950 -0,000001
свободу 2,302585 0,000273
свое 0,616186 0,000073
своего 0,776529 0,000092
своему 2,120264 0,000502
своим 0,967584 0,000229
свойство 0,653926 0,000077
свыше 0,891598 0,000211
свяжитесь -0,009950 -0,000001
связан 1,171183 0,000277
связи 0,235722 0,000084
святого 1,078810 0,000128
святой 1,272966 0,000151
святославом 3,506558 0,000415
святых 1,427116 0,001014
сдан 1,897120 0,000225
севастополь 1,771957 0,000629
севере 1,139434 0,000135
северной 0,693147 0,000082
северо-востоке 2,120264 0,000251
северо-западном 2,040221 0,000242
северодвинск 1,171183 0,000139
северские 3,506558 0,000415
северян 3,912023 0,000463
северянских 3,912023 0,000463
севск 3,912023 0,000463
сегодня 0,616186 0,000073
сезон 1,347074 0,000159
сезона 1,609438 0,000191
сейм 3,912023 0,001853
сеймский 3,912023 0,000463
сеймском 3,912023 0,000463
сейму 3,912023 0,000463
сектора 1,832581 0,000217
села 1,203973 0,000428
селиховы 3,912023 0,000463
сельских 0,776529 0,000644
сельского 1,347074 0,000159
сельскохозяйственная 2,207275 0,000261
сельскохозяйственный 2,040221 0,000242
сельскохозяйственных 1,966113 0,000466
сельсовет 2,813411 0,001666
сельсовета 3,218876 0,000381
сельсоветом 3,912023 0,000463
семенова 2,659260 0,000315
семеновка 3,506558 0,000830
семи 1,386294 0,000164
семидесный 3,912023 0,000463
семинария 1,469676 0,000696
сент 0,843970 0,000300
сентября 0,072571 0,000395
серафима 2,407946 0,000285
серб 3,912023 0,000926
сербия 2,525729 0,000299
сербы 1,897120 0,000225
сервиса 1,514128 0,000359
сергиево 3,912023 0,000463
сергиево-казанский 3,912023 0,003242
серебряная 2,302585 0,000273
серебряного 3,218876 0,000381
серебряном 2,207275 0,000261
середина 2,120264 0,000251
середине 0,562119 0,000133
середины 0,967584 0,000115
серии 1,386294 0,000492
серийный 3,218876 0,000762
серия 1,237874 0,000440
серьезно 1,897120 0,000225
серьезного 3,218876 0,000381
серьезные 2,207275 0,000261
серьезных 3,218876 0,000381
сессии 2,659260 0,000315
сетевые 1,832581 0,000217
сетевых 2,302585 0,000273
сети 0,494296 0,000234
сзр 3,912023 0,000463
сигизмунда 3,506558 0,000415
силам 3,218876 0,000381
силами 1,309333 0,000310
силикатный 3,506558 0,000415
сильно 0,776529 0,000092
сильные 1,660731 0,000197
символизирует 1,966113 0,000233
символика 1,272966 0,000301
символом 1,832581 0,000217
симферополь 1,897120 0,000225
синагоги 2,040221 0,000242
сине-голубого 3,912023 0,000463
сине-голубой 3,912023 0,000463
синема 1,771957 0,000210
синие 2,995732 0,000355
синяя 2,995732 0,000355
система 0,235722 0,000140
системеобсуждениевкладсоздать -0,009950 -0,000001
систему 0,673345 0,000319
системы 0,342490 0,000406
ситопробойные 3,912023 0,000463
сих 1,078810 0,000255
сказано 2,407946 0,000285
сказка 2,120264 0,000251
скамейка 3,912023 0,000463
скачать -0,009950 -0,000001
сквере 1,560648 0,000370
склоны 2,525729 0,000299
сколько 0,653926 0,000077
скорбящих 2,813411 0,000333
скульптор 1,427116 0,002704
скульптору 3,912023 0,000463
скульптура 1,171183 0,000555
скульптурные 2,995732 0,000355
скульптуру 3,506558 0,000415
скульптуры 1,609438 0,000953
славы 1,078810 0,001916
славыскрытые 3,218876 0,000381
славян 2,813411 0,000333
следующие 0,544727 0,000064
слобода 1,660731 0,001573
слободе 2,302585 0,000273
слова 0,562119 0,000200
словари 0,116534 0,000028
словарь 0,274437 0,000065
словарь-справочник 1,560648 0,000554
слове 2,813411 0,000333
сложении 3,218876 0,000381
сложная 2,813411 0,000333
служба 0,693147 0,000821
службы 0,798508 0,000284
случай 2,525729 0,000299
случаях -0,009950 -0,000001
слышу 3,912023 0,000463
сменяется 3,218876 0,000381
смещение 0,798508 0,000095
сми 0,867501 0,000103
смоленск 2,040221 0,000242
смородное 3,912023 0,000463
снова 1,386294 0,000164
сноске 1,897120 0,000225
снялся 3,506558 0,000415
собой 0,328504 0,000117
собор 0,755023 0,000983
собора 1,108663 0,000263
собрание 0,941609 0,000223
собрания 1,139434 0,001214
собственного 1,427116 0,000338
собственными 1,897120 0,000449
событием 2,659260 0,000315
события 1,108663 0,000131
событиями 2,659260 0,000315
событияпожертвовать -0,009950 -0,000001
событиях 2,207275 0,000261
совершались 2,995732 0,000355
совет 0,916291 0,000108
совета 0,798508 0,000284
советов 0,820981 0,000097
советская 0,371064 0,000088
советский 0,755023 0,000358
советским 2,120264 0,000251
советского 0,776529 0,000184
современная 1,108663 0,000131
современного 0,653926 0,000155
современный 0,967584 0,000458
современным 1,832581 0,000217
согласно 0,301105 0,000321
соглашение 1,139434 0,000270
содержалась 3,912023 0,000463
содержание 0,010050 0,000001
соединения 1,897120 0,000225
соединила 2,813411 0,000333
создадут 3,506558 0,000415
создан 0,693147 0,000082
солнечный 0,843970 0,000100
солнцевский 3,912023 0,000463
соловей 3,912023 0,001853
соловья 3,912023 0,000463
соляной 2,995732 0,000355
сонина 3,912023 0,001390
сообщение 1,049822 0,000249
сообщит 3,506558 0,000415
сообщить -0,009950 -0,000001
сооружение 1,469676 0,000174
сооружения 0,941609 0,000111
соответствии 0,446287 0,000159
сопротивления 2,995732 0,000355
соревнований 1,771957 0,000210
сорок 2,407946 0,000285
соседних 1,660731 0,000393
сост 0,597837 0,000212
состав 0,400478 0,000664
составе 0,616186 0,000146
составил 0,916291 0,000108
составленном 2,207275 0,000261
составленному 3,218876 0,000381
составленный 2,407946 0,000570
составляет 0,314711 0,000112
составной 2,659260 0,000315
составу 2,302585 0,000273
состоит 0,755023 0,000089
состоянию 0,544727 0,000129
сотниково 3,912023 0,000463
сотрудникам 2,995732 0,000355
сотрудничестве 1,771957 0,000629
сотрудничество 1,660731 0,000197
софии 2,813411 0,000666
сохранением -0,009950 -0,000001
сохранилось 1,714798 0,000203
социальный 2,120264 0,000502
социальным 3,218876 0,000381
сочи 1,514128 0,000179
союза 0,733969 0,000348
союзных 2,407946 0,000285
спас 1,897120 0,000225
спб 0,385662 0,000183
специальным 2,120264 0,000502
спецтехнология-агро 3,912023 0,000463
списка 1,469676 0,000174
списке 1,966113 0,000466
список 0,248461 0,000059
спорная 2,407946 0,000570
спорной 2,120264 0,001506
спорную 2,040221 0,000725
спорт 0,776529 0,000184
спортивная 2,040221 0,000242
спортивных 1,108663 0,000131
споры 2,813411 0,000333
справа 1,714798 0,000203
справочник 0,916291 0,000325
справочник-путеводитель 2,995732 0,000355
спустя 1,609438 0,000191
спутник 2,207275 0,000784
сражений 2,659260 0,000315
среда 1,386294 0,000164
среди 0,198451 0,000094
средне-специальное 3,506558 0,000830
среднее 1,272966 0,000603
средней 0,867501 0,000103
среднем 0,693147 0,000082
средние 0,941609 0,000111
средний 0,494296 0,000410
средняя 0,510826 0,000302
средства 0,415515 0,000098
средствам 3,218876 0,000381
средствами 1,771957 0,000210
српски 0,000000 0,000000
српскохрватски 0,000000 0,000000
сср 0,820981 0,000194
ссср 0,314711 0,000335
ссылать 3,912023 0,000463
ссылка 0,274437 0,000032
ссылками 0,186330 0,000044
ссылкасведения -0,009950 -0,000001
ссылки -0,009950 -0,000008
ссылкойвикипедия 1,660731 0,000197
стадионов 1,660731 0,000197
стал 0,314711 0,000112
стали 0,430783 0,000204
сталинский 2,302585 0,000545
станкостроение 3,912023 0,000463
становился 2,302585 0,000273
становится 0,527633 0,000187
станут 2,120264 0,000502
станции 0,693147 0,000164
станцию 1,897120 0,000225
станция 0,798508 0,000284
старая 0,430783 0,000153
старинному 3,912023 0,000463
староверов 3,912023 0,000463
старовойт 3,912023 0,000463
старом 2,659260 0,000315
старообрядческая 1,560648 0,000185
старый 1,049822 0,000124
статей 0,967584 0,000115
статистика -0,009950 -0,000002
статистике 0,916291 0,000108
статистики 0,713350 0,000422
статистический 0,755023 0,001520
статистических 2,040221 0,000242
статистическое 0,994252 0,000118
статус 0,510826 0,000181
статуса 1,309333 0,000155
статусе 1,560648 0,000185
статусом 1,171183 0,000139
статьислучайная -0,009950 -0,000001
статьисообществофорумсправкасвежие -0,009950 -0,000001
статья 0,105361 0,000100
статьяобсуждение -0,009950 -0,000001
статьятекущие -0,009950 -0,000001
стационарных 1,660731 0,000197
стачке 3,218876 0,000381
стачки 3,218876 0,000381
стела 1,469676 0,000522
степан 2,407946 0,000285
степанов 2,813411 0,000333
степени 0,843970 0,000300
степной 2,207275 0,000261
стерегущий 3,912023 0,000463
стиле 0,994252 0,000235
стойкость 2,407946 0,000855
столетие 2,407946 0,000285
столетия 1,966113 0,000233
столица 0,967584 0,000115
столицы 1,049822 0,000124
столь 1,714798 0,000203
сторон 1,660731 0,000197
сторону 1,171183 0,000139
стороны 0,430783 0,000102
стоял 2,302585 0,000273
стояла 2,659260 0,000315
стоянку 3,506558 0,000415
стоять 2,659260 0,000315
страна 0,462035 0,000055
стране 0,867501 0,000103
страница -0,009950 -0,000002
страницасодержаниеизбранные -0,009950 -0,000001
страницецитировать -0,009950 -0,000001
страницуполучить -0,009950 -0,000001
страницы -0,009950 -0,000007
страницыслужебные -0,009950 -0,000001
страну 2,207275 0,000261
страстотерпцев 3,218876 0,000762
стрелецкая 3,506558 0,000830
стрелецкого 3,218876 0,001906
стрелковой 2,995732 0,000355
стремительно 2,302585 0,000545
строились 2,040221 0,000242
строительная 2,813411 0,000333
строительных 1,427116 0,000169
строительстве 1,078810 0,000255
строке 1,609438 0,000191
строятся 1,714798 0,000203
стс 1,714798 0,000203
субъект 0,820981 0,000097
субъектов 0,755023 0,000268
субъекты 1,897120 0,000449
суда 1,078810 0,000128
суджа 3,912023 0,000926
суджанский 3,912023 0,000463
судоходная 2,407946 0,000285
сумами 3,912023 0,000463
сумы 3,218876 0,000762
суперлига 2,120264 0,000251
суточный 0,820981 0,000583
сухум 2,659260 0,000315
существовавшего 2,525729 0,000299
существовал 1,469676 0,000174
существуют 0,162519 0,000058
сформировано 2,302585 0,000273
сформированы 2,302585 0,000273
схематический 3,912023 0,000463
сцене 2,659260 0,000315
счетмаш 3,506558 0,000415
считается 0,693147 0,000164
считаются 1,897120 0,000225
сын 2,407946 0,000285
сытина 1,560648 0,000185
сюда 1,108663 0,000131
сюдасвязанные -0,009950 -0,000001
табасараны 1,832581 0,000217
табл 0,867501 0,000103
таблица 0,653926 0,000387
таганрог 2,407946 0,000285
таджики 1,347074 0,000159
также 0,000000 0,000000
такие 0,261365 0,000031
такт 3,912023 0,000463
талыши 1,897120 0,000225
тамбов 2,302585 0,000273
танков 2,995732 0,000355
тарасова 2,995732 0,000355
тарашкев 0,000000 0,000000
татар 1,469676 0,000174
татаренкова 3,912023 0,000463
татаро-монголами 3,912023 0,000463
татарский 1,771957 0,000210
татарских 2,813411 0,000666
татарского 2,659260 0,000315
татарча 0,000000 0,000000
татары 0,798508 0,000189
татева 3,912023 0,000463
тбр 3,912023 0,000463
твердое 3,506558 0,000415
тверь 1,514128 0,000359
твк 2,040221 0,000483
твц 2,525729 0,000299
театр 0,713350 0,000845
театр-школа 3,912023 0,000463
театра 1,021651 0,000242
театральной 1,832581 0,000217
театры 0,941609 0,000223
тевтонским 3,912023 0,000463
текст -0,009950 -0,000001
тексту 3,218876 0,000381
текущем 0,544727 0,000064
телевидение 0,967584 0,000229
телевидению 2,525729 0,000299
телевидения 1,237874 0,000147
телевизионные 2,995732 0,000355
телевизионный 2,040221 0,000483
телеканал 1,309333 0,000310
телеканалов 1,386294 0,000328
телеканалы 1,966113 0,000466
телефонный 0,776529 0,000092
температура 0,562119 0,000333
теплицкий 3,912023 0,000463
теплый 1,609438 0,000191
термина 0,400478 0,000047
термином 2,302585 0,000273
территориальных 0,776529 0,000552
территорией 1,469676 0,000174
территории 0,400478 0,000474
территорию 0,941609 0,000557
территория 0,755023 0,000536
территориях 0,916291 0,000108
теряет 2,659260 0,000315
тех 0,798508 0,000095
техникой 3,218876 0,000381
техникум 1,714798 0,001015
техникума 3,218876 0,000381
технический 1,021651 0,000242
технологии 0,798508 0,000284
течение 0,527633 0,000062
тимофей 3,506558 0,000415
тимский 3,912023 0,000463
тимчасовий 3,912023 0,000463
тип 0,356675 0,000042
типа 0,462035 0,000328
типография 1,203973 0,000143
тиражом 2,995732 0,001064
тирасполь 2,995732 0,000355
тирасполя 3,912023 0,000463
тихвин 2,813411 0,000333
тихонова 3,506558 0,000415
тничо-селянський 0,000000 0,000000
тнт 1,714798 0,000203
товарный -0,009950 -0,000001
товаров 1,049822 0,000249
толмачево 2,995732 0,000709
топ 1,347074 0,000159
топографический 3,218876 0,000381
топографического 3,912023 0,000463
топография 2,995732 0,000355
топонимике 2,995732 0,000709
топорок 3,912023 0,000463
торговлей 2,995732 0,000355
торговля 1,021651 0,000363
торгового 1,832581 0,000651
торговые 1,203973 0,000570
торговый 1,237874 0,000440
торговым 2,207275 0,000261
торговыми 1,897120 0,000449
торговых 1,108663 0,000656
торжественно 1,660731 0,000197
точка-у 0,000000 0,000000
точку-у 0,000000 0,000000
траве 2,407946 0,000285
травина 3,506558 0,000415
трактат 3,506558 0,000415
трамвай 0,967584 0,000229
трамвайного 2,659260 0,000315
трамвая 1,347074 0,000319
трамваями 2,207275 0,000261
транспорт 0,693147 0,000739
транспорта 0,776529 0,001011
транспорте 1,514128 0,000179
транспортной 1,108663 0,000131
транспортный 1,171183 0,000139
транспортными 2,659260 0,000315
транспортом 1,469676 0,000174
транспорту 2,659260 0,000630
трасса 1,427116 0,000169
трассе 2,525729 0,000299
трассы 1,609438 0,000191
трафика 2,407946 0,000285
третий 1,203973 0,000285
треть 2,207275 0,000261
трех 0,713350 0,000169
триумфальная 2,302585 0,000273
триумфальные 3,506558 0,000415
трогают 3,912023 0,000463
троица 2,995732 0,000355
троице-сергиевский 3,912023 0,000463
троицкий 1,560648 0,000185
троицы 2,040221 0,000242
троллейбусами 1,897120 0,000225
трубчевске 3,912023 0,000463
трудностей 3,218876 0,000381
трудящимися 2,207275 0,000523
туапсе 1,897120 0,000225
тула 1,897120 0,000225
тупиков 3,912023 0,000463
турки 1,832581 0,000217
турки-месхетинцы 2,525729 0,000299
туркмены 1,966113 0,000233
турникет 3,912023 0,000463
турникетов 3,912023 0,000926
турникеты 3,912023 0,000926
тускари 3,912023 0,000463
тускарь 3,912023 0,000926
тускори 3,912023 0,000926
тутово 3,912023 0,000463
тчев 3,506558 0,000415
тыс 0,430783 0,000153
тысяч 0,415515 0,000295
тысячи 0,597837 0,000071
тэц 1,272966 0,000452
тюз 2,813411 0,000333
тяжелыми 3,218876 0,000762
убранством 3,506558 0,000415
убраны 3,218876 0,000762
увеличения 1,771957 0,000210
увеличилась 1,427116 0,000169
углу 1,832581 0,000868
угнано 3,218876 0,000381
угро-финским 3,912023 0,000463
удачи 3,912023 0,000463
удельного 3,506558 0,000415
удины 2,525729 0,000299
удмуртукра 0,000000 0,000000
удмурты 1,660731 0,000197
уездным 2,407946 0,000285
ужица 3,912023 0,000463
ужице 3,912023 0,000463
узбеки 1,386294 0,000164
узел 0,891598 0,000106
узкий 3,506558 0,000415
узловая 3,218876 0,000381
уйгуры 2,040221 0,000242
указавшие 1,771957 0,000210
указан 0,139262 0,000033
указана 1,427116 0,000169
указанием -0,009950 -0,000001
указанного 1,078810 0,000128
указано 0,733969 0,000087
указе 3,912023 0,000463
указом 0,941609 0,000111
указу 1,714798 0,000203
укр 2,040221 0,000242
укра 0,000000 0,000000
украина 1,560648 0,000739
украиной 1,966113 0,000698
украинские 3,218876 0,000381
украинский 2,120264 0,000502
украинской 2,995732 0,000355
украину 1,897120 0,000449
украинцы 0,891598 0,000211
украины 0,616186 0,000584
украшают 2,659260 0,000315
укрепления 1,966113 0,000233
укрепленное 3,912023 0,000463
улиц 0,891598 0,000633
улица 0,994252 0,000589
улицам 1,832581 0,000434
улице 0,916291 0,000325
улицы 0,843970 0,000500
улично-дорожной 2,207275 0,000261
умеренно 1,021651 0,000121
умеренно-континентальный 2,659260 0,000315
умеренно-холодная 3,506558 0,000415
умерло 2,995732 0,000355
умираю 3,912023 0,000463
универсальная 0,891598 0,000106
университет 0,562119 0,000932
университета 0,446287 0,000264
уникальные 2,207275 0,000261
унитарного 3,218876 0,000381
упала 2,813411 0,000333
упоминается 1,660731 0,000590
упоминание 1,237874 0,000293
упоминании 3,506558 0,000415
упоминания 1,966113 0,000466
упомянуты 3,506558 0,000415
управление 0,527633 0,000250
управления 0,415515 0,000148
управлял 3,506558 0,000830
упразднен 2,659260 0,000315
урицкого 2,525729 0,000299
уроженца 3,218876 0,000381
уряд 3,912023 0,000463
условий -0,009950 -0,000001
условия -0,009950 -0,000004
условиям 1,966113 0,000233
условиях 1,049822 0,000124
условный 3,218876 0,000381
услуг 0,967584 0,000229
успения 2,207275 0,001045
успехи 1,832581 0,000434
успешно 1,832581 0,000217
устав 0,941609 0,000111
установили 1,832581 0,000434
установить 2,207275 0,000261
установки 1,897120 0,000225
установку 3,218876 0,000381
установлен 0,941609 0,000223
установлена 1,237874 0,000147
установлены 1,560648 0,000185
устаревшими 3,506558 0,000415
устройству 2,120264 0,000502
устью 1,078810 0,000128
утвержден 1,171183 0,000416
утверждение 1,832581 0,000217
утверждении 1,427116 0,000338
утраченные 2,995732 0,000355
уфимцева 3,912023 0,000463
участвовали 1,966113 0,000466
участвует 2,302585 0,000273
участие -0,009950 -0,000005
участках 2,120264 0,000251
участников 1,272966 0,000151
учащихся 1,714798 0,000203
учебные 1,108663 0,000131
учетную -0,009950 -0,000001
учетом 0,755023 0,000179
училище 1,021651 0,000121
учреждение 1,237874 0,000440
учреждений 0,891598 0,000211
учреждения 0,843970 0,000200
ушаково 3,912023 0,000463
ушел 2,120264 0,000251
ущерб 2,040221 0,000242
фабрик 2,407946 0,000570
фактически 0,916291 0,000325
фармстандарт-лексредства 3,912023 0,000463
фасмер 1,966113 0,000233
фатеж 3,912023 0,000463
фатежский 3,912023 0,000463
фашистское 3,912023 0,000463
февр 0,820981 0,000292
феврале 1,203973 0,000143
февраля 0,051293 0,000182
федеральная 0,713350 0,000422
федерального 0,673345 0,000159
федеральную 2,995732 0,000355
федеральный 0,653926 0,000077
федеральных 0,776529 0,000276
федеративному 2,525729 0,000598
федерации 0,544727 0,001677
федор 1,560648 0,000185
федора 1,771957 0,000210
федотов 2,995732 0,000709
феодальной 2,995732 0,000355
феодосийский 3,218876 0,000381
феодосия 1,966113 0,001164
фета 3,912023 0,000463
фигуру 3,506558 0,000415
филармонии 1,469676 0,000522
филармония 1,237874 0,000147
филателии 1,609438 0,000381
филиал 0,798508 0,000378
филиале 3,218876 0,000381
филиппов 2,525729 0,000299
фильм 1,386294 0,000164
финалист 2,813411 0,000333
финансово-экономический 2,659260 0,000630
финансовый 1,609438 0,000191
финансы 0,798508 0,000095
финны 2,040221 0,000242
флаг 0,673345 0,000478
флага 1,832581 0,000434
флангах 3,912023 0,000463
флоровской 3,912023 0,000463
фонд -0,009950 -0,000001
фонда 1,309333 0,000155
формирования 1,108663 0,000131
форпостов 3,912023 0,000463
фрагментов 2,813411 0,000666
французы 2,040221 0,000242
фроловка 3,506558 0,000415
фронта 1,514128 0,000359
футбольной 2,525729 0,000299
футбольный 1,203973 0,000143
хабаровск 2,302585 0,000273
хакасы 2,040221 0,000242
халино 3,912023 0,000463
хана 2,302585 0,000273
ханом 3,218876 0,000381
ханский 3,506558 0,000415
характер 0,994252 0,000118
хардиково 3,912023 0,000463
харитонова 3,912023 0,000463
харьков 2,120264 0,000502
харьковом 3,218876 0,000381
харьковской 2,995732 0,000355
хвостово 3,912023 0,000463
хвощин 3,912023 0,000463
химических 2,120264 0,000251
химическое 2,207275 0,000261
химфармзавод 3,912023 0,000463
хлебная 3,218876 0,000381
хлопонина 3,912023 0,000463
хмелевая 3,912023 0,000463
ход 2,040221 0,000483
ходе 0,562119 0,000266
хозяйства 0,755023 0,000089
хозяйственном 2,525729 0,000598
хозяйственных 2,813411 0,000333
хозяйство 0,713350 0,000338
хоккейной 1,966113 0,000233
хоккейный 1,660731 0,000197
хоккею 1,347074 0,000159
холмах 2,040221 0,000725
хомутовский 3,912023 0,000463
хором 3,912023 0,000463
хоружевка 3,912023 0,000463
хотя 0,653926 0,000155
храм 0,843970 0,002398
храма 1,272966 0,000301
храме 2,525729 0,000299
храмы 1,049822 0,000124
хреновец 3,912023 0,000463
христиан 1,771957 0,000210
христиан-баптистов 1,771957 0,000629
христова 1,966113 0,000466
хромов 3,506558 0,000415
художественная 1,714798 0,000203
художественного 1,714798 0,000203
художник 1,660731 0,000590
царственных 3,218876 0,000762
царя 1,469676 0,000174
цвайбрюккен 3,912023 0,000463
цвета 1,171183 0,000416
цветово 3,912023 0,001853
цветовский 3,912023 0,000463
целителя 2,813411 0,000333
целью 0,733969 0,000087
центр 0,400478 0,000522
центра 0,562119 0,000266
центральная 0,755023 0,000358
центрально-черноземное 3,218876 0,000762
центрального 0,967584 0,000344
центральное 1,966113 0,000233
центральной 0,843970 0,000400
центральные 2,120264 0,000753
центральный 0,673345 0,000399
центрами 1,469676 0,000348
центре 0,673345 0,000478
центров 0,776529 0,000184
центром 0,713350 0,000253
центры 0,713350 0,000253
церкви 0,916291 0,000434
церковь 0,843970 0,001999
церковью 2,207275 0,000261
цирк 1,078810 0,000128
цирковой 3,218876 0,000381
цитадель 3,218876 0,000381
цитатой 3,506558 0,000415
цифровое 1,514128 0,000359
цифровые 0,673345 0,000080
цуканов 3,506558 0,000830
чаплыгина 3,912023 0,000463
часовой 0,755023 0,000358
части 0,198451 0,000094
частичная 1,897120 0,000225
частично 0,653926 0,000077
частично-открытый 3,912023 0,000463
частности 0,462035 0,000109
частный 1,832581 0,000217
часто 0,415515 0,000049
часть 0,105361 0,000087
частью 0,755023 0,000089
частями 1,714798 0,000203
чеканка 3,506558 0,000830
чел 0,713350 0,000760
человек 0,400478 0,000332
челюскинцев 3,506558 0,000830
чемпионат 1,237874 0,000147
чемпионата 1,309333 0,000155
чемпионате 2,302585 0,000273
черемисиновский 3,912023 0,000463
черемушки 2,302585 0,000273
черкесы 1,832581 0,000217
черногория 3,218876 0,000381
черноземье 3,218876 0,000381
черноземья 2,995732 0,000709
черных 2,659260 0,000630
черняховского 3,506558 0,000415
чертежа 3,506558 0,000415
чертежей 3,506558 0,000415
черты 1,203973 0,000143
чертыгорода 3,912023 0,000463
честь 0,562119 0,000067
четыре 0,713350 0,000084
чеченцы 1,714798 0,000203
числе 0,248461 0,000088
численности 0,653926 0,000155
численность 0,653926 0,002168
численностью 1,049822 0,000249
число 0,478036 0,000170
чисто 2,207275 0,000261
чистый 2,120264 0,000251
чистым 2,995732 0,000355
чистых 2,995732 0,000355
читальным 3,506558 0,000415
читатьпросмотр 2,040221 0,000242
чичестер 3,912023 0,000463
чка 0,000000 0,000000
членов 1,272966 0,000301
чуваши 1,237874 0,000147
чудотворца 2,302585 0,000273
чуйкова 3,506558 0,000415
чурилово 3,506558 0,000415
шагарово 3,912023 0,000463
шансон 2,302585 0,000273
шатохин 3,912023 0,000463
шахматный 3,506558 0,000415
шемякино 3,912023 0,000926
шесть 1,272966 0,000151
шеховцово 3,912023 0,000463
ширина 1,469676 0,000174
ширины 2,207275 0,000523
широко 0,673345 0,000080
школа 0,891598 0,000317
школы 0,673345 0,000080
шкрылев 3,912023 0,000463
шли 2,120264 0,000251
шоссе 1,427116 0,000169
шпайер 3,912023 0,000463
шпайер-курск 3,912023 0,000463
шуйдину 3,912023 0,000463
шуклинка 3,912023 0,000463
шумаков 3,912023 0,000463
шумаковка 3,912023 0,000463
шумаково 3,506558 0,000415
шурховецкий 3,912023 0,000463
щепкин 3,912023 0,000463
щепкина 3,912023 0,000463
щетинка 3,912023 0,000463
щетинским 3,912023 0,000463
щигровский 3,912023 0,000463
щигры 3,912023 0,000463
щите 2,207275 0,000261
эвенки 2,120264 0,000251
экз 0,415515 0,000246
экземпляров 1,560648 0,000554
экологии 1,203973 0,000285
экологически 2,813411 0,000999
экологический 1,832581 0,000217
экология 0,693147 0,000164
экономика 0,510826 0,000121
экономики 0,713350 0,000338
эксмо 2,525729 0,000299
эксперимент 2,813411 0,000333
экспериментальное 2,813411 0,000333
эксплуатацию 0,994252 0,000706
экспорт -0,009950 -0,000001
электроагрегат 3,912023 0,000463
электроаппартный 3,912023 0,000463
электробусами 2,995732 0,000355
электромеханический 3,218876 0,000381
электронными 3,506558 0,000415
электрооборудования 2,120264 0,000251
электротехническая 3,912023 0,000463
энергетические 3,506558 0,000415
энциклопедии -0,009950 -0,000002
энциклопедический 0,733969 0,000087
энциклопедия 0,210721 0,000125
эпидемий 3,218876 0,000381
эрзянь 0,000000 0,000000
эрозии 2,525729 0,000598
эстонцы 1,771957 0,000210
эта 0,000000 0,000000
этап 1,427116 0,000845
этапа 1,966113 0,000233
этапе 1,714798 0,000203
этимологически 3,912023 0,000463
этимология 0,616186 0,000146
это 0,000000 0,000000
этому 0,755023 0,000089
эфир 1,897120 0,000225
эфире 2,813411 0,000333
эфирное 1,714798 0,000406
юбилейный 0,820981 0,000292
юге 1,078810 0,000255
юго-востока 2,207275 0,000523
юго-востоке 1,771957 0,000210
юго-западе 2,302585 0,000273
юго-западный 2,207275 0,000523
югу 1,609438 0,000191
южная 0,941609 0,000111
южной 0,733969 0,000087
южнорусских 3,506558 0,000830
южный 0,755023 0,000089
юзгу 3,912023 0,000926
юзгу-атом 3,912023 0,000463
юмор 1,966113 0,000233
юмэкс 3,912023 0,000926
юного 1,560648 0,000185
юношества 2,302585 0,000273
юные 3,912023 0,000926
юрием 2,302585 0,000273
юрию 2,813411 0,000333
яблоко 3,218876 0,000381
яблоком 3,506558 0,000415
яблони 3,218876 0,000381
является 0,094311 0,000067
являлся 1,347074 0,000319
являющейся 1,897120 0,000225
язык 0,116534 0,000028
языками 1,386294 0,000164
языках -0,009950 -0,000001
языковой 2,207275 0,000523
языком 1,514128 0,000179
якунино 3,912023 0,000463
якуты 1,714798 0,000203
ямская 2,659260 0,000630
ямской 3,218876 0,000381
янв 0,820981 0,000292
января 0,116534 0,000442
яндекс 1,714798 0,000406
ярмарка 2,207275 0,000261
ярославльобластные 3,506558 0,000415
ясная 2,525729 0,000299
ященко 3,506558 0,000415
