абазгией 3,912023 0,000450
абинск 3,506558 0,000403
абинский 3,506558 0,000403
абсолютный 0,798508 0,000184
абхазети 3,912023 0,000450
абхазии 2,407946 0,001384
абхазию 3,506558 0,000403
абхазия 2,040221 0,000704
абхазская 2,525729 0,000290
абхазским 3,912023 0,000450
абхазское 3,506558 0,002419
абхазы 1,832581 0,000211
авар 3,912023 0,000450
аварцы 1,771957 0,000204
авг 0,820981 0,000283
августа 0,072571 0,000083
австралия 2,040221 0,000235
авт 1,469676 0,001183
автобус 1,021651 0,000117
автобусами 1,469676 0,000169
автодорогам 1,078810 0,000124
автодорогу 3,506558 0,000403
автомобилей 1,272966 0,000293
автомобилизации 2,995732 0,000344
автомобилизация 3,506558 0,000403
автомобильно-дорожный 3,218876 0,000370
автомобильным 2,302585 0,000265
автономная 1,469676 0,000169
авторства -0,009950 -0,000001
автосалонов 3,506558 0,000403
автостат 3,506558 0,000403
автотранспорта 1,897120 0,000218
агентство 1,049822 0,000121
агломерации 0,916291 0,000421
агломераций 2,040221 0,000235
агломерация 0,867501 0,000499
агой 3,218876 0,000370
адвентистов 1,714798 0,000197
адлер 2,659260 0,001834
адлера 2,995732 0,001033
адлере 3,912023 0,001349
адлерская 3,912023 0,001799
адлерский 3,912023 0,001799
адлерского 3,912023 0,001349
адлерском 3,912023 0,000450
адлерскому 3,912023 0,001349
адлеру 3,912023 0,000450
административно 1,966113 0,000226
административно-территориальное 0,820981 0,000283
административно-хозяйственную 3,912023 0,001349
административное 0,843970 0,000194
административному 1,897120 0,000218
административный 0,843970 0,000097
административных 1,309333 0,000301
администрацией 1,771957 0,000204
администрации 0,843970 0,001164
администрация 0,941609 0,000541
адрианопольскому 3,506558 0,000403
адыгабзэ 0,000000 0,000000
адыгам 3,912023 0,000450
адыгейский 3,218876 0,000370
адыгейского 3,912023 0,000450
адыгейцы 1,897120 0,000436
адыги 3,506558 0,000806
адыгов 2,995732 0,001033
адыгская 3,912023 0,000450
адыгэбзэ 0,000000 0,000000
аза 3,912023 0,000450
азербайджанцы 1,139434 0,000262
азии 0,916291 0,000211
азово-черноморского 3,218876 0,000370
азово-черноморскому 3,218876 0,000740
азс 3,218876 0,000370
аибге 3,912023 0,000450
айвазовский 2,659260 0,000306
академии 0,693147 0,000080
академия 0,798508 0,000092
акбашева 3,912023 0,000450
акваджаз 3,912023 0,000450
акватории 1,660731 0,000191
акра 2,995732 0,000689
активизировалась 3,912023 0,000450
активно 0,755023 0,000260
активного 2,040221 0,000235
актуализации 3,912023 0,000450
актуальна 3,218876 0,000370
алабян 3,912023 0,000450
албена 3,218876 0,000370
александр 0,693147 0,000239
александра 0,820981 0,000094
александрия 3,506558 0,001209
александрович 1,609438 0,000185
александровка 2,813411 0,000323
алексей 1,049822 0,000724
аллан 3,912023 0,000450
алма-аты 3,912023 0,000450
алупка 3,218876 0,000740
алушта 3,218876 0,001110
алфавитунаселенные 0,867501 0,000100
алфавитустатьи 2,813411 0,000323
альбервиль 3,912023 0,000450
альберт 2,525729 0,000290
альпийская 3,506558 0,000403
альтернативное 3,218876 0,000370
альтернативные 2,302585 0,000794
альтернативный 3,218876 0,000370
альфа-банка 2,995732 0,000344
ампеццо 3,912023 0,001349
анаклия 3,218876 0,000370
анализе 2,995732 0,000344
аналитическая 2,525729 0,000581
анапа 1,966113 0,000678
анапский 3,506558 0,000403
анапы 3,218876 0,000740
анатолий 1,714798 0,000591
анатольевич 2,407946 0,000554
ангара 2,813411 0,000323
англ 0,174353 0,000040
андрей 0,967584 0,000222
анкара 3,506558 0,000403
аннексии 2,995732 0,000344
аннексию 3,506558 0,000403
ансамблей 2,407946 0,000554
античному 3,912023 0,000450
античность 3,218876 0,000370
античных 2,659260 0,000306
антон 1,832581 0,000211
анфимов 3,506558 0,000403
анчабадзе 3,912023 0,000450
апостолов 2,525729 0,000290
апостольской 2,407946 0,000277
апр 0,798508 0,000275
апреле 0,994252 0,000229
апреля 0,174353 0,000521
аптек 2,995732 0,000344
апшеронск 3,506558 0,000403
апшеронский 3,218876 0,000370
арабских 2,302585 0,000265
аргвети 3,912023 0,000450
аргументы 1,203973 0,000138
ареду 3,912023 0,000450
аренда 2,659260 0,000306
ареной 2,120264 0,000244
аристотель 2,525729 0,000290
аркадия 2,659260 0,000306
аркадьевич 3,506558 0,000403
армавир 3,218876 0,000370
армении 2,302585 0,000265
армения 2,040221 0,000235
армии 1,049822 0,000241
армян 2,659260 0,000306
армяне 1,021651 0,000470
армяно-католики 3,912023 0,000450
армянского 2,995732 0,000344
армянской 2,302585 0,000529
артисты 2,659260 0,000306
артюхов 3,912023 0,000450
арх 0,544727 0,000063
архангела 2,525729 0,000871
археологические 1,832581 0,000211
архивировано 0,020203 0,000200
архивная 0,400478 0,000230
архивные 2,813411 0,000323
архиерей 3,506558 0,000403
архипо-осиповка 3,218876 0,000740
архитектора 1,469676 0,000845
архитекторов 2,525729 0,000290
архитекторы 1,469676 0,000169
архитектура 0,755023 0,000521
архитектурно-градостроительного 3,912023 0,000450
архитектурно-исторические 3,912023 0,000450
архитектурное 2,813411 0,000323
архитектурные 1,832581 0,000211
архитектурный 1,660731 0,000191
архитектурным 2,813411 0,000323
архитектурных 1,832581 0,000211
архитектуру 2,995732 0,000344
архитектуры 0,755023 0,000347
аршан 3,912023 0,000450
арье 3,912023 0,000450
асеан 3,506558 0,000403
асколи 3,912023 0,000450
аспекты 2,120264 0,000244
ассирийским 3,912023 0,000450
астерос 3,912023 0,000450
астрахани 2,407946 0,000277
атамана 2,659260 0,000306
ате 2,407946 0,000554
аула 3,912023 0,000450
ауле 3,912023 0,000450
аутсайдеры 3,218876 0,000370
афанасенков 3,912023 0,000450
афон 2,995732 0,000344
африка 2,120264 0,000244
ахеев 3,912023 0,000450
ахейцев 3,912023 0,000450
ахеян 3,912023 0,000450
ахинтам 3,912023 0,000450
ахун 3,912023 0,001799
ахштырская 3,912023 0,000450
ашеля 3,912023 0,000450
аэропорт 0,843970 0,000388
аэропорта 1,049822 0,000121
багратиони 3,912023 0,000450
баден-баден 3,912023 0,000450
бажанов 3,912023 0,000450
баз 1,771957 0,000204
база 0,916291 0,000105
базе 0,776529 0,000268
базилика 3,912023 0,000450
базовых 2,659260 0,000306
байштайнер 3,912023 0,000450
баку 2,207275 0,000254
балашихи 3,912023 0,000450
балка 2,659260 0,000306
балчик 3,218876 0,000370
бальнеолечебница 3,912023 0,000450
банк 1,078810 0,000124
банка 0,941609 0,000649
банков 1,272966 0,000146
баптистской 3,506558 0,000403
барановский 3,506558 0,000806
бараховича 3,912023 0,000450
бартын 3,218876 0,000370
бархатные 3,912023 0,000450
бархатный 3,912023 0,000450
батуми 2,995732 0,000689
баш 3,506558 0,000403
башен 2,207275 0,000254
башкиры 1,347074 0,000155
башкортостан 2,207275 0,000254
башня 1,469676 0,000169
бегство 3,506558 0,000403
бедию 3,912023 0,000450
безопасность 1,469676 0,000169
безруков 3,912023 0,000450
беларуси 2,207275 0,000254
беларуская 0,000000 0,000000
беларускаябългарски 0,000000 0,000000
беларусь 1,237874 0,000142
белоглинский 3,218876 0,000370
белокуриха 3,218876 0,000370
белореченск 2,995732 0,000344
белореченский 3,218876 0,000370
белорусы 1,203973 0,000415
белоус 3,912023 0,000450
бельгия 2,525729 0,000290
бердянск 3,218876 0,000370
берег 1,021651 0,000117
берега 0,916291 0,000316
берегах 1,386294 0,000159
берегов 1,832581 0,000211
берегу 0,616186 0,000213
берзека 3,912023 0,000450
берут 2,525729 0,000290
беседка 3,218876 0,000370
бесперебойной 3,506558 0,000403
бетта 3,912023 0,000450
биатлону 2,813411 0,000323
библиографических 0,094311 0,000011
библиотека 0,462035 0,000319
библиотеки 0,843970 0,000485
библиотечную 3,506558 0,000403
библиотечным 3,506558 0,000403
бизнес 1,514128 0,000174
бизнеса 0,967584 0,000445
бизнесу 3,218876 0,000370
билайн 1,272966 0,000146
бинбанка 3,912023 0,000450
биосферный 3,218876 0,000740
благодаря 0,527633 0,000182
благоприятную 3,506558 0,000403
благоприятны 3,506558 0,000403
благочиние 3,218876 0,000370
близко 2,525729 0,000290
близости 1,897120 0,000218
близость 2,659260 0,000611
блогер 3,218876 0,000370
бобслею 3,912023 0,000450
боевых 1,966113 0,000226
божьей 1,966113 0,000226
болгария 1,386294 0,000319
болельщиков 2,995732 0,000689
большая 0,072571 0,000042
большевиков 1,966113 0,000226
большей 1,078810 0,000248
большинства 1,609438 0,000185
большинством 1,897120 0,000436
большого 0,967584 0,000111
большое 0,544727 0,000125
большой 0,328504 0,000189
большую 0,891598 0,000205
бондарь 3,912023 0,000450
бонкер 3,912023 0,000450
борис 1,660731 0,000191
борисович 2,407946 0,000277
ботаники 3,912023 0,000450
бочаров 3,506558 0,000403
братства 3,912023 0,000450
братья 2,407946 0,000277
бренд 2,207275 0,000254
брокгауза 0,328504 0,000113
брокерских 3,912023 0,000450
бронзовый 2,207275 0,000254
брюховецкий 3,506558 0,000403
буденного 3,218876 0,000370
будника 3,912023 0,000450
будучи 1,714798 0,000197
будущему 2,407946 0,000277
бургас 2,525729 0,000581
буря 2,995732 0,000344
бухарест 3,218876 0,000370
бывают 1,897120 0,000218
бывшего 1,021651 0,000117
бывшем 2,040221 0,000235
бывшие 1,771957 0,000204
бывший 1,108663 0,000127
быков 2,995732 0,000344
бытха 3,912023 0,000450
бяла 3,218876 0,000370
важнейшие 2,302585 0,000265
важный 1,514128 0,000174
важным 1,386294 0,000159
вайнштоком 3,912023 0,000450
вандея 3,506558 0,000403
ванкувер 3,912023 0,000450
ванное 3,912023 0,000450
варгин 3,912023 0,000450
вардане 3,218876 0,000740
варна 2,525729 0,000871
варну 3,912023 0,000450
василевка 3,218876 0,000370
васильев 2,302585 0,000265
васильевич 1,609438 0,000185
вахушти 3,912023 0,000450
вашла 0,000000 0,000000
вверху 2,659260 0,000306
вдоль 0,755023 0,000347
ведения 1,832581 0,000211
ведут 1,832581 0,000421
ведущих 1,386294 0,000319
век 0,733969 0,000084
века 0,248461 0,000286
векам 2,995732 0,000344
веках 1,021651 0,000235
веке 0,597837 0,000137
векегорода 1,966113 0,000226
веков 0,713350 0,000082
веком 2,995732 0,000344
великобритания 2,120264 0,000244
великого 1,203973 0,000138
великой 0,653926 0,000301
вера 1,560648 0,000538
верещагинка 3,912023 0,000899
верещагинский 3,506558 0,000403
верлиока 3,912023 0,000450
вернуть 2,407946 0,000277
вероятно 1,609438 0,000185
версия -0,009950 -0,000005
версияправитьправить 1,237874 0,000142
вертодром 3,912023 0,000450
вертодромами 3,912023 0,000450
вертолетными 3,912023 0,000450
верфь 2,995732 0,000344
верхней 1,272966 0,000293
верхнелооский 3,912023 0,000899
верховного 1,272966 0,000439
верховья 3,506558 0,000403
вершин 3,218876 0,000370
вершине 2,525729 0,000290
веснины 3,506558 0,000403
весной 1,049822 0,000121
вестник 1,049822 0,000121
весь 0,755023 0,000174
весьма 1,514128 0,000174
ветка 2,120264 0,000244
ветра 1,049822 0,000121
ветров 0,843970 0,000194
взяты 2,659260 0,000306
виадуки 3,912023 0,000450
вид 0,494296 0,000398
видам 1,560648 0,000179
виде 0,235722 0,000027
виден 3,506558 0,000403
виды 0,798508 0,000184
византии 2,995732 0,001033
византийский 3,218876 0,000370
византийского 3,506558 0,000403
византийской 3,218876 0,000740
византийцам 3,912023 0,000450
византия 3,506558 0,001209
викарной 3,912023 0,000450
вики-разметкой 1,309333 0,000151
викигид 1,660731 0,000191
викигиде 0,776529 0,000268
викиданные 0,776529 0,000179
викиданных -0,009950 -0,000001
викиданныхвикипедия 0,891598 0,000205
викимапиипро 1,427116 0,000164
викимедиа -0,009950 -0,000001
википедии -0,009950 -0,000002
википедия -0,009950 -0,000007
викискладвикиновостивикицитатниквикитекавикигидэлемент 3,506558 0,000403
викискладвикипедия 1,469676 0,000169
викискладе 0,174353 0,000020
викискладепутеводитель 0,713350 0,000082
викисловарецитаты 1,108663 0,000127
викисловарьвикипедия 1,309333 0,000151
викитекемедиафайлы 1,272966 0,000146
викитекустатьи 3,506558 0,000403
викицитатник 1,272966 0,000146
викицитатникетексты 1,427116 0,000164
виктор 1,386294 0,000159
викторович 2,207275 0,000254
вилл 3,218876 0,000370
вилла 3,506558 0,000403
виллу 3,912023 0,000450
виллы 3,912023 0,000450
вильям 2,995732 0,000344
витязево 3,218876 0,000370
вклад 1,108663 0,000127
включая 0,527633 0,000121
включения 1,771957 0,000204
включить 2,407946 0,000277
вконтакте 1,966113 0,000226
владевшие 3,506558 0,000403
владение 1,427116 0,000164
владивостока 2,525729 0,000290
владикавказ 2,120264 0,000244
владикавказа 3,506558 0,000403
владимир 0,733969 0,000253
владимира 1,309333 0,000602
влажное 2,407946 0,000277
влажность 1,171183 0,000135
влажный 2,525729 0,000581
влажных 2,813411 0,000323
власть 0,733969 0,000084
властью 2,207275 0,000254
властями 2,120264 0,000244
влияние 0,776529 0,000536
влияния 1,609438 0,000185
вложив 3,912023 0,000450
внесены 2,813411 0,000323
внешние 0,051293 0,000006
внизу 2,302585 0,000265
внимание 1,347074 0,000155
внутреннее 0,733969 0,000084
внутригородским 0,967584 0,000222
внутригородских 1,514128 0,000348
внутригородской 2,659260 0,000306
внутригородском 3,218876 0,000370
внутригородскому 3,506558 0,001209
вовсе 2,525729 0,000290
водворить 3,912023 0,000450
водного 1,171183 0,000135
водопровода 2,207275 0,000254
водораздельный 3,218876 0,000370
воды 0,653926 0,000451
военно-исторический 1,832581 0,000211
военно-морского 2,407946 0,000277
военное 1,609438 0,000185
военные 1,237874 0,000142
возведена 1,966113 0,000452
возведены 2,120264 0,000244
возвел 3,506558 0,000403
возвели 2,813411 0,000323
возводить 3,218876 0,000370
возводятся 2,813411 0,000647
возвращается 2,659260 0,000306
возвращение 2,407946 0,000277
возвышенностях 3,912023 0,000450
возглавил 2,813411 0,000647
воздуха 0,733969 0,000084
воздушного 2,040221 0,000235
воздушный 1,514128 0,000174
воздушных 1,347074 0,000155
возможностями 2,040221 0,000235
возможны 2,207275 0,000254
воинов 2,525729 0,000290
войн 1,897120 0,000218
война 1,171183 0,000269
войне 1,049822 0,000241
войны 0,478036 0,000659
войнынаселенные 2,995732 0,000344
войск 1,347074 0,000310
войска 1,237874 0,000427
войскам 2,813411 0,000323
вокзал 0,820981 0,000283
вокзала 0,967584 0,000111
вокзалов 2,813411 0,000323
вокруг 0,693147 0,000080
волгоград 1,139434 0,000131
волгограда 2,995732 0,000344
волковский 3,506558 0,000806
волна 1,427116 0,000492
волшебные 0,040822 0,000005
вопрос 0,967584 0,000111
вопросам 1,966113 0,000226
вопросов 1,560648 0,000179
вопросы 1,049822 0,000121
воробьева 2,659260 0,000306
воронков 3,912023 0,000450
воронов 3,218876 0,001110
ворошилов 2,995732 0,000344
ворошилова 2,659260 0,001528
восемь 1,660731 0,000191
воссозданная 3,506558 0,000403
восстановлению 2,207275 0,000254
восток 1,021651 0,000117
востока 1,078810 0,000124
восточного 1,386294 0,000159
восточное 2,040221 0,000235
восточной 0,693147 0,000080
восточный 1,021651 0,000117
восход 2,302585 0,000265
вошел 1,237874 0,000142
впадающей 3,218876 0,000370
впервые 0,385662 0,000089
вплоть 1,108663 0,000127
вполне 2,407946 0,000277
впоследствии 0,653926 0,000075
враждебных 2,995732 0,000344
времена 1,108663 0,000255
временам 3,506558 0,000403
временем 0,616186 0,000071
времени 0,186330 0,000129
временно 1,309333 0,000151
время 0,030459 0,000063
врио 2,302585 0,000529
всей 0,693147 0,000080
всем 0,891598 0,000102
всемирная 1,714798 0,000197
всемирного 1,966113 0,000452
всемирные 2,995732 0,001033
всемирный 1,966113 0,000904
всероссийская 0,843970 0,000194
всероссийский 1,469676 0,000169
всероссийского 1,347074 0,000310
всероссийской 0,713350 0,000574
всесезонный 3,912023 0,000450
всесоюзная 0,843970 0,000485
всея 2,207275 0,000254
вскоре 1,309333 0,000151
вследствие 1,203973 0,000138
вставкой 1,309333 0,000151
встреч 2,995732 0,000344
вступил 2,302585 0,000794
вся 0,994252 0,000114
втб 1,714798 0,000197
вторая 0,994252 0,000343
второго 1,139434 0,000131
второй 0,274437 0,000189
втором 1,660731 0,000191
вузов 0,891598 0,000102
входила 2,207275 0,000254
входом 0,994252 0,000114
входят 0,713350 0,000082
вцик 1,832581 0,000211
вшэ 2,407946 0,000277
выборах 1,514128 0,000348
выборгский 3,218876 0,000370
выборов 1,897120 0,000218
выбран 2,525729 0,000290
выделен 2,040221 0,000469
выделением 3,912023 0,000899
выделении 2,995732 0,000344
выделенная 2,995732 0,000344
выделить 1,386294 0,000319
выделявшей 3,912023 0,000450
вымпелком 2,995732 0,000344
вынуждена 2,813411 0,000323
выпущена 1,609438 0,000185
выращиванием 3,912023 0,000450
выращшиванием 3,912023 0,000450
вырезаны 3,912023 0,000450
высадившегося 3,912023 0,000450
высадки 2,995732 0,001378
выселении 3,912023 0,000450
выселковский 3,506558 0,000403
высокая 1,237874 0,000142
высокие 1,560648 0,000179
высокий 1,347074 0,000310
высоко 2,120264 0,000244
высокогорий 3,912023 0,000450
высокогорная 3,912023 0,000450
высокую 1,832581 0,000211
высота 0,562119 0,000065
высоте 1,514128 0,000174
высотной 2,995732 0,000344
высотные 3,218876 0,000370
высотой 1,108663 0,000127
выставки 1,660731 0,000191
выставлял 3,912023 0,000450
выступает 1,347074 0,000465
выступал 2,525729 0,000290
выступают 2,040221 0,000704
выступающая 3,506558 0,000403
выступающий 2,407946 0,000277
выступая 2,995732 0,000344
высшие 1,386294 0,000159
высших 1,078810 0,000124
вытеснить 3,506558 0,000403
вытянутое 3,912023 0,000450
вытянутостью 3,506558 0,000403
выходцы 2,995732 0,000689
вэйхай 3,506558 0,000403
вячеслав 1,897120 0,000218
гагра 3,218876 0,000740
гагры 3,912023 0,000899
газа 1,309333 0,000151
газета 0,616186 0,000213
газопровода 2,813411 0,000323
газпромбанка 3,912023 0,000450
ганарджиис-мухури 3,218876 0,000370
гандбольный 2,407946 0,000277
гаражи 3,506558 0,000403
гарбе 3,912023 0,000450
гармиш-партенкирхен 3,912023 0,000450
гаспра 3,218876 0,000370
геленджик 2,407946 0,000830
геленджика 3,506558 0,000806
генерал-адъютанта 3,912023 0,000450
генерала 1,832581 0,000211
генеральная 3,218876 0,000370
генерального 1,514128 0,000348
генеральный 0,967584 0,000334
генеральным 2,525729 0,000290
гениохами 3,912023 0,000450
гениохи 3,912023 0,001349
гениохов 3,912023 0,001799
генуэзская 3,506558 0,000403
генуэзцы 3,506558 0,000403
географ 2,813411 0,000323
географический 1,832581 0,000211
географических 1,139434 0,000131
географического 1,386294 0,000159
географическое 0,693147 0,000319
географической 0,798508 0,000184
география 0,462035 0,000106
географов 3,506558 0,000403
георгиевич 2,525729 0,000290
герб 0,820981 0,000283
герман 2,302585 0,000265
германия 1,203973 0,000138
геройское 3,218876 0,000370
гершович 3,912023 0,000450
гидрометеоцентр 3,218876 0,000370
гимн 0,820981 0,000094
гиресун 3,218876 0,000370
гкгн 0,994252 0,000114
гкгнпро 0,916291 0,000105
глава 0,673345 0,000387
главе 1,237874 0,000142
главного 1,237874 0,000285
главной 0,941609 0,000108
главные 1,660731 0,000191
главный 0,916291 0,000211
главным 0,967584 0,000111
главы 0,967584 0,000779
глубже 2,659260 0,000306
глубоком 3,912023 0,000450
год 0,235722 0,001517
года -0,009950 -0,000208
годавикипедия 0,616186 0,000071
годах 0,385662 0,000133
годзи 3,912023 0,000450
годов 0,356675 0,000123
годовой 1,897120 0,000436
годом 0,941609 0,000108
году 0,072571 0,000375
годувикипедия 2,407946 0,000277
годустолицы 3,912023 0,000450
годы 0,356675 0,000287
голая 3,218876 0,000370
головинка 3,218876 0,000740
головинский 3,506558 0,000403
головы 2,407946 0,000277
гонкам 3,218876 0,000370
гонки 3,218876 0,000370
гор 1,309333 0,000602
горах 1,714798 0,000394
горе 1,771957 0,000204
горисполкома 2,120264 0,000244
горкома 2,813411 0,000323
горная 2,120264 0,000244
горного 2,302585 0,000265
горнолыжному 3,912023 0,000450
горном 3,912023 0,000450
город 0,544727 0,001503
город-госпиталь 3,912023 0,000450
город-курорт 3,912023 0,005397
город-побратим 2,120264 0,000487
город-событие 3,912023 0,000450
города 0,430783 0,004754
города-курорта 3,506558 0,005240
города-побратимы 0,891598 0,000307
городам 0,798508 0,000184
городами 0,916291 0,000105
городах-миллионниках 3,506558 0,000403
городе 0,693147 0,000876
городов 0,579818 0,001333
городов-государств 3,506558 0,000403
городом 0,798508 0,000367
городпро 0,867501 0,000100
городская 0,843970 0,000194
городски 3,506558 0,000403
городские 0,941609 0,000433
городским 0,798508 0,000184
городских 0,713350 0,000984
городского 0,693147 0,001514
городское 1,203973 0,000138
городской 0,755023 0,000955
городском 1,427116 0,000328
городскую 1,609438 0,000370
городсочи 3,912023 0,000450
городу 0,798508 0,000184
горой 2,995732 0,000344
горсовета 2,120264 0,000244
гору 2,995732 0,000344
горцев 3,218876 0,000740
горы 1,108663 0,000510
горькое 3,912023 0,000450
горячий 2,525729 0,000290
госкомстат 0,891598 0,000205
госпиталей 3,506558 0,000403
госпиталь 2,659260 0,000306
господство 3,218876 0,000370
господствует 2,813411 0,000323
гостиниц 1,427116 0,000328
гостиница 1,386294 0,000478
гостиничных 3,218876 0,000370
государств 1,203973 0,000415
государства 0,843970 0,000291
государственного 0,616186 0,000213
государственное 0,776529 0,000089
государственной 0,616186 0,000142
государственном 1,714798 0,000197
государственный 0,430783 0,000198
государственным 1,897120 0,000218
государство 1,347074 0,000310
градостроительная 3,912023 0,000450
градостроительное 2,813411 0,000323
градостроительной 2,525729 0,000290
градостроительства 1,966113 0,000452
градусов 1,897120 0,000218
граждане 1,108663 0,000382
гражданин 1,309333 0,000151
гражданская 1,514128 0,000174
гражданской 0,967584 0,000445
гран-при 2,207275 0,000254
гранат 1,386294 0,000159
границ 0,916291 0,000632
граница 1,139434 0,000131
границах 1,078810 0,000124
границе 1,347074 0,000310
границы 0,867501 0,000100
греки 1,660731 0,000573
гренобль 3,912023 0,000450
греческая 3,218876 0,000370
григолети 3,218876 0,000370
григорьевич 2,207275 0,000254
грозный 1,771957 0,000204
грузией 2,813411 0,000323
грузии 1,771957 0,001018
грузин 2,813411 0,000323
грузинские 3,218876 0,000370
грузинским 3,912023 0,000450
грузинского 3,912023 0,000899
грузинское 3,218876 0,000370
грузинской 2,813411 0,000647
грузинском 3,506558 0,000403
грузины 1,609438 0,000555
грузия 1,966113 0,000226
группы 0,634878 0,000073
губернии 0,994252 0,000229
гулькевичи 3,506558 0,000403
гулькевичский 3,506558 0,000403
гуманитарно-экономический 3,912023 0,000450
гурзуф 3,218876 0,000740
гурию 3,506558 0,000403
гячрыпш 3,218876 0,000370
давида 3,912023 0,000450
давшие 2,995732 0,000344
давыдович 3,218876 0,000370
дагомыс 3,218876 0,001110
дагомысчай 3,912023 0,000450
дальнейшего 2,525729 0,000290
дамиана 3,912023 0,000450
данные 0,510826 0,000059
данный 0,713350 0,000164
данным 0,415515 0,000430
дарасун 3,912023 0,000450
дата 0,030459 0,000319
дате 2,659260 0,000306
датировал 3,912023 0,000450
датировать 3,912023 0,000450
датская 0,342490 0,000039
даховский 3,912023 0,000899
дач 2,659260 0,000306
дача 1,832581 0,001053
дачи 3,218876 0,002220
движения 0,733969 0,000169
дворе 2,040221 0,000235
дворец 0,967584 0,000111
дворцовых 3,506558 0,000403
дворцы 2,120264 0,000244
дворянства 2,995732 0,000344
двух 0,462035 0,000212
де-лукка 3,912023 0,000450
де-факто 2,302585 0,000265
девственные 3,218876 0,000370
дегоев 3,912023 0,000450
действий 1,560648 0,000179
действительности 2,407946 0,000277
действовало 1,771957 0,000204
действовать -0,009950 -0,000001
действует 0,634878 0,000073
действуют 0,867501 0,000100
действующего 2,995732 0,000344
действующим 2,302585 0,000265
дек 0,820981 0,000283
декабре 0,798508 0,000092
декабря 0,105361 0,000145
дела 1,469676 0,000169
деление 0,673345 0,000387
делению 1,832581 0,000211
дело 1,078810 0,000124
дельфинарий 3,218876 0,000740
демоскоп 0,820981 0,000566
дендрарий 2,813411 0,000647
дендропарка 3,218876 0,000370
денег 1,560648 0,000179
деникина 3,218876 0,000370
деникинцев 3,912023 0,000450
денис 2,040221 0,000235
денисович 3,912023 0,000450
денисовича 3,912023 0,000450
день 0,562119 0,000129
деньги 1,771957 0,000204
депутатами 2,040221 0,000235
дерендяев 3,912023 0,000450
державы 2,407946 0,000277
держатся 3,912023 0,000450
десант 3,506558 0,001209
десанта 3,218876 0,001110
десятками 2,995732 0,000344
детально 2,813411 0,000323
детская 0,916291 0,000105
детские 1,660731 0,000191
детско-юношеского 3,218876 0,000370
деятельности 0,446287 0,000051
деятельность 0,653926 0,000226
джазовой 3,218876 0,000370
джамбулат 3,506558 0,000403
джанхот 3,218876 0,000740
джубга 2,995732 0,000689
диалога 3,218876 0,000370
диапазоне 2,302585 0,000265
дивизионе 2,525729 0,000290
дивноморское 3,218876 0,000740
динамика 1,427116 0,000164
динамичная 3,912023 0,000450
динамо 1,171183 0,000135
динской 3,506558 0,000403
диоскуриаде 3,912023 0,000450
диоскурии 3,912023 0,000450
длиннее 3,912023 0,000450
длинное 3,218876 0,000370
длиной 1,272966 0,000146
длины 2,040221 0,000235
дмитриевич 2,525729 0,000290
дмитрий 0,967584 0,000334
дмитровка 3,218876 0,000370
дней 0,446287 0,000205
днейвикипедия 0,967584 0,000111
днепровское 2,995732 0,000344
дни 1,237874 0,000285
дну 2,659260 0,000306
дня 0,478036 0,000055
доантичные 3,912023 0,000450
добираться 2,813411 0,000323
добраться 2,207275 0,000254
добровольческой 2,995732 0,000344
доброжелательно 3,912023 0,000450
доверил 3,506558 0,000403
довольно 0,891598 0,000102
договор 1,771957 0,000407
договоренность 3,218876 0,000370
договору 2,207275 0,000254
дождя 2,813411 0,000323
доктор 1,714798 0,000197
доле 3,218876 0,000370
должность 1,203973 0,000277
долинского 3,912023 0,000450
дольменная 3,912023 0,000450
дольмены 3,912023 0,000450
долю 1,427116 0,000164
доля 0,733969 0,000169
дом 0,562119 0,000258
дома 0,798508 0,000092
домашней 2,995732 0,000344
доминанты 2,995732 0,000344
доп 0,597837 0,000137
дополнительные -0,009950 -0,000001
дополнительных 2,040221 0,000469
дореволюционные 3,218876 0,000370
дорог 0,891598 0,000102
дорога 0,798508 0,000092
дороги 0,713350 0,000164
дорожать 3,912023 0,000450
дорохово 3,912023 0,000450
достигает 1,347074 0,000155
достигнута 2,659260 0,000306
достигшие 3,912023 0,000450
достопримечательностям 2,525729 0,000290
доступ 1,203973 0,000138
доступен -0,009950 -0,000001
доходы 1,966113 0,000226
дошло 2,813411 0,000323
драйвер 3,218876 0,000370
древнегрузинское 3,912023 0,000450
древнейшего 3,912023 0,000450
древнейшие 2,995732 0,000344
древнейших 1,609438 0,000370
древнесванских 3,912023 0,000450
древности 1,469676 0,000676
древнюю 3,912023 0,000450
древняя 1,832581 0,000211
другие 0,030459 0,000035
другими 0,616186 0,000071
других -0,009950 -0,000006
другое 1,049822 0,000121
дружбы 1,560648 0,000179
дружески 3,912023 0,000450
дряпак 3,912023 0,000450
дубай 3,218876 0,000370
духа 2,302585 0,000529
душкин 3,912023 0,000899
душу 2,302585 0,000529
дюздже 3,218876 0,000370
евангельских 1,660731 0,000191
евгений 1,347074 0,000155
евдокимова 3,218876 0,000370
евпатор 3,912023 0,000450
евпатора 3,912023 0,000450
евпатория 2,525729 0,000871
евреи 1,203973 0,000415
еврейский 1,832581 0,000211
еврейского 2,995732 0,000344
европейский 2,120264 0,000244
егор 2,659260 0,000306
единиц 0,673345 0,000310
единицу 2,207275 0,000761
единое 2,302585 0,000529
единственного 2,813411 0,000647
единственные 3,912023 0,000450
единственный 1,171183 0,000135
ежегодник 0,820981 0,001133
ежегодно 0,916291 0,000211
езиды 1,771957 0,000204
ейск 2,659260 0,000306
ейский 3,218876 0,000370
екатеринбургской 3,218876 0,000370
елена 1,560648 0,000179
елените 3,218876 0,000370
епархии 1,108663 0,000382
епархия 1,560648 0,000179
епископа 2,525729 0,000290
ереван 2,120264 0,000244
ермоловском 3,912023 0,000450
есимо 3,218876 0,000370
ессентуки 3,506558 0,000403
естественные 1,897120 0,000218
еськов 3,912023 0,000450
ефимова 3,218876 0,000370
ефрем 3,912023 0,000450
ефрона 0,328504 0,000113
жаркое 1,897120 0,000218
железноводск 3,506558 0,000403
железнодорожного 0,967584 0,000111
железнодорожный 0,755023 0,000174
железнодорожных 1,469676 0,000338
жемчужина 2,407946 0,000554
жемчужиной 3,912023 0,000450
животноводство 2,813411 0,000323
живут 1,771957 0,000204
жизни 0,562119 0,000258
жизнь 0,693147 0,000080
жилищно-коммунальном 3,506558 0,000403
жилищное 2,407946 0,000277
жилые 1,347074 0,000155
жителей 0,673345 0,000542
жительства 3,218876 0,000370
жителями 1,609438 0,000185
жкх 2,120264 0,000244
жолтовский 3,912023 0,000450
жуков 3,912023 0,000450
журнал 0,510826 0,000470
журнала 1,427116 0,000164
забвения 3,912023 0,000450
заброшена 3,506558 0,000403
заведений 1,203973 0,000138
заведения 1,108663 0,000255
завершена 2,302585 0,000265
завершено 1,609438 0,000185
зависимость 2,659260 0,000306
завод 0,798508 0,000092
завоевания 2,813411 0,000323
заглавная -0,009950 -0,000001
закавказье 2,525729 0,000290
заказник 2,995732 0,000344
закон 0,616186 0,000283
законодательства 2,407946 0,000277
закреплены 3,912023 0,000450
закрытия 2,120264 0,000244
зал 1,021651 0,000235
зале 2,302585 0,000529
зализный 3,218876 0,000370
залы 1,469676 0,000338
заметно 1,832581 0,000211
замка 3,218876 0,000370
замков 3,218876 0,000370
заморозки 2,207275 0,000254
занимаемых 3,506558 0,000403
занимает 0,616186 0,000354
занимал 1,469676 0,000169
занимают 1,347074 0,000155
занимаются 1,660731 0,000382
занимая 2,040221 0,000235
занял 1,139434 0,000131
занятием 2,813411 0,000323
занято 2,040221 0,000235
заозерное 3,218876 0,000370
запада 1,021651 0,000235
западного 1,560648 0,000359
западном 1,714798 0,000197
западную 2,040221 0,000235
западный 1,560648 0,000179
западуголь 3,912023 0,000450
записка 2,207275 0,000507
записьвойти -0,009950 -0,000001
заповедник 1,966113 0,000452
заработная 2,040221 0,000235
зарамаг 3,912023 0,000450
зарегистрирован 1,771957 0,000204
зарегистрированный -0,009950 -0,000001
заря 1,560648 0,000179
заселенная 3,912023 0,000450
затока 3,218876 0,000370
захарова 3,506558 0,001209
захватить 2,995732 0,000344
захваченную 3,912023 0,000450
заявил 1,771957 0,000407
заявление -0,009950 -0,000001
збекча 0,000000 0,000000
звания 1,203973 0,000138
здание 0,776529 0,000803
зданий 1,049822 0,000121
здания 0,867501 0,000199
здоровья 1,771957 0,000204
здравница 3,912023 0,000450
здравницей 3,506558 0,000403
здравоохранения 1,203973 0,000138
зеленая 1,771957 0,000204
зеленого 2,302585 0,000265
зеленоградск 3,218876 0,000370
зеленый 1,347074 0,000155
земель 1,272966 0,000146
земельного 2,813411 0,000647
земельный 2,407946 0,000277
земледелие 2,995732 0,000344
земли 0,634878 0,000146
землю 1,771957 0,000204
землями 2,525729 0,000290
зенит 2,302585 0,000265
зима 1,021651 0,000235
зимней 2,659260 0,000306
зимние 2,207275 0,001269
зимний 1,660731 0,001145
зимним 2,995732 0,000344
зимних 1,897120 0,001090
зимняя 2,407946 0,000554
зимой 0,713350 0,000246
зиновьевой 3,912023 0,000450
зихов 3,912023 0,000899
знак -0,009950 -0,000001
знаменитая 2,207275 0,000254
знаменитые 2,302585 0,000265
значение 0,314711 0,000072
значения 0,105361 0,000097
значенияскрытые 3,912023 0,000450
значительная 1,609438 0,000185
значительно 0,510826 0,000117
значительное 1,309333 0,000301
значительную 1,309333 0,000301
золотой 0,843970 0,000097
золотые 2,040221 0,000235
зон 1,309333 0,000151
зона 0,891598 0,000922
зональности 3,506558 0,000403
зонгулдак 3,218876 0,000370
зоне 0,527633 0,000121
зрения 1,272966 0,000146
зрительская 3,912023 0,000450
зубаревич 2,995732 0,000689
зыков 3,506558 0,000403
иберия 3,506558 0,000403
иван 0,843970 0,000582
иванович 1,560648 0,000897
ивановка 2,525729 0,000290
иваново 1,139434 0,000131
иванцов 3,912023 0,000450
игнатьевич 3,506558 0,000403
игр 1,609438 0,001480
игры 1,203973 0,001246
идентификаторы 0,693147 0,000080
из-за 0,415515 0,000096
избран 1,386294 0,000956
известия 1,021651 0,000117
известны 1,309333 0,000151
известные 0,891598 0,000205
известных 1,171183 0,000404
изгнание 3,506558 0,000403
изготовлены 3,506558 0,000403
изд 0,314711 0,000072
издавались 3,218876 0,000370
издал 2,813411 0,000323
издания 1,049822 0,000241
издательский 1,514128 0,000174
издательство 0,510826 0,000176
изображении 1,272966 0,000146
изредка 2,525729 0,000290
изучена 3,218876 0,000370
изъятие 3,912023 0,000450
илиодорович 3,912023 0,000450
илл 2,813411 0,000323
имеет 0,235722 0,000027
имеется 0,653926 0,000301
имени 0,462035 0,000637
именно 0,544727 0,000063
именуется 2,659260 0,000306
имерети 3,912023 0,000450
имеретинский 3,912023 0,000450
имеретинской 3,912023 0,000899
имеретинцы 3,506558 0,000403
имеют 0,371064 0,000043
имеющее 2,813411 0,000323
имеющие 1,714798 0,000197
имеющих 1,272966 0,000146
ими 1,272966 0,000146
императора 1,514128 0,000174
императору 2,407946 0,000277
империи 0,733969 0,000169
имя 0,891598 0,000307
инвестиции 1,714798 0,000591
инвестиций 1,560648 0,000179
инвестиционной 2,302585 0,000265
инвестиционные 2,995732 0,000344
индексы 1,514128 0,000174
индустриальными 3,912023 0,000450
инженерные 2,813411 0,000323
инициативе 1,427116 0,000328
инновационный 2,525729 0,000290
иностранные 1,660731 0,000382
иностранным 2,995732 0,000344
инсбрук 3,912023 0,000899
институт 0,478036 0,000440
института 0,755023 0,000174
инструменты -0,009950 -0,000002
интегральном 3,506558 0,000403
интегральный 3,218876 0,000370
интеза 3,912023 0,000450
интеллектуальные 3,506558 0,000403
интернет 0,916291 0,000211
интерфакс 1,832581 0,000211
инфографика 2,813411 0,000323
информационный 1,427116 0,000164
информация 0,446287 0,000257
инфраструктура 1,347074 0,000465
инфраструктурных 2,995732 0,000344
инфраструктуру 2,659260 0,000306
инфраструктуры 1,272966 0,000439
иоганнович 3,912023 0,000450
ирон 0,000000 0,000000
исключая 2,995732 0,000344
исключением 1,347074 0,000155
исключительно 1,272966 0,000146
ископаемых 1,714798 0,000197
искра 2,120264 0,000244
искусств 0,916291 0,000211
искусство 0,994252 0,000229
испания 2,207275 0,000254
исполнителей 2,525729 0,000290
исполняется 2,813411 0,000323
исполнял 3,218876 0,000370
исполняющий 2,813411 0,000323
использовании 1,560648 0,000179
использования -0,009950 -0,000001
используется 0,616186 0,000071
используются 0,916291 0,000105
использующие 0,040822 0,000009
исследований 0,941609 0,000108
исследователи 1,469676 0,000169
исследователь 2,207275 0,000254
истории 0,248461 0,000200
историческая 1,237874 0,000142
исторические 0,941609 0,000108
исторических 1,139434 0,000524
исторической 1,171183 0,000135
историю 0,843970 0,000097
история 0,051293 0,000077
источник -0,009950 -0,000003
источникам 2,302585 0,000265
источниками 0,776529 0,000089
источники 0,415515 0,000048
источников 0,371064 0,000171
исчислении 0,843970 0,000097
итал 2,813411 0,000323
италия 1,609438 0,000370
итогах 2,207275 0,000507
итоге 1,427116 0,000164
итоги 0,713350 0,000492
итогов 0,891598 0,000205
июл 2,659260 0,000611
июль 0,579818 0,000067
июля 0,116534 0,000255
июн 2,659260 0,000611
июнь 0,544727 0,000188
июня 0,116534 0,000348
йоханна 3,912023 0,000450
кабардинка 2,995732 0,000689
кабардинцы 1,832581 0,000421
каварна 3,218876 0,000370
кавказ 1,771957 0,000204
кавказа 1,660731 0,002673
кавказе 2,207275 0,000761
кавказская 2,659260 0,001223
кавказский 2,659260 0,001223
кавказского 2,525729 0,000290
кавказской 2,659260 0,000917
кавказском 3,218876 0,000370
казаки 2,040221 0,000235
казаков 1,660731 0,000191
казахи 1,514128 0,000174
казачьего 1,966113 0,000226
калгари 3,912023 0,000450
калининский 2,207275 0,000254
калифорния 3,218876 0,000370
калькулятор 2,659260 0,000306
каменного 1,966113 0,000226
камерной 2,813411 0,000970
камыш-бурун 2,995732 0,000344
канака 3,218876 0,000370
канал 0,843970 0,000097
канате 3,912023 0,000450
канатной 3,506558 0,000403
канатные 3,912023 0,000450
канатных 3,506558 0,000403
кандидатами 3,912023 0,000450
кандидатуру 3,506558 0,000403
кандидаты 2,525729 0,000290
каневской 3,218876 0,000370
капитала 2,120264 0,000244
капитана 2,659260 0,000306
караванной 3,506558 0,000403
карасев 3,506558 0,000403
карачи 3,218876 0,000370
кармадон 3,912023 0,000450
каро 2,813411 0,000323
каролино-бугаз 3,218876 0,000370
карпов 2,525729 0,000290
карпова 3,506558 0,000403
карта 0,776529 0,000089
картами 0,562119 0,000065
карташов 3,912023 0,000450
картли 3,912023 0,000450
карточкевикипедия 1,469676 0,000169
карточкивикипедия 1,309333 0,000151
кастамону 3,218876 0,000370
каталогах 0,094311 0,000011
катанию 2,659260 0,000306
категории -0,009950 -0,000002
категорию 2,813411 0,000323
католические 2,813411 0,000323
католического 2,995732 0,000344
кафа 3,912023 0,000450
кафедрального 2,120264 0,000487
кафедральный 1,021651 0,000117
кафедральным 2,302585 0,000265
кафинский 3,912023 0,000450
кача 2,813411 0,000323
качестве 0,478036 0,000055
качество 1,309333 0,000151
качеству 2,407946 0,000554
кашин 3,912023 0,000450
каштанах 3,912023 0,000450
квариати 3,218876 0,000370
кекушева 3,912023 0,000450
кеппена 2,813411 0,000323
керлингу 3,506558 0,000403
керчь 1,966113 0,000452
киви 3,506558 0,000403
километров 1,078810 0,000124
километровая 3,912023 0,000450
киммерийцы 3,912023 0,000450
кинозале 3,912023 0,000450
кинотавр 3,912023 0,000450
кинофестиваль 2,207275 0,000254
киосков 3,506558 0,000403
кирилл 2,302585 0,000265
кирова 1,386294 0,000319
кировский 1,237874 0,000285
кирпичную 3,506558 0,000403
кисегач 3,912023 0,000450
кисловодск 3,218876 0,000370
кит 2,659260 0,000306
китай 0,867501 0,000100
китайская 0,776529 0,000089
кичмайский 3,912023 0,000899
классификации 1,832581 0,000211
классифицированных 3,506558 0,000403
классицизм 2,207275 0,000254
кластерах 3,912023 0,000450
климат 0,494296 0,000852
климата 0,733969 0,000253
климатическая 2,659260 0,000306
климатические 1,966113 0,000226
климатический 2,407946 0,000277
климатическое 3,218876 0,000370
климатической 2,813411 0,000323
климатом 2,040221 0,000235
клочанов 3,912023 0,000450
клуб 0,916291 0,000421
клуба 1,660731 0,000191
ключ 1,660731 0,000191
кмадлер 3,912023 0,000450
кмадыгейск 3,912023 0,000450
кммайкоп 3,912023 0,000450
кммахачкала 3,218876 0,000370
кммосква 1,832581 0,000211
кмнальчик 3,912023 0,000450
кмростов-на-дону 3,218876 0,000370
кмсанкт-петербург 2,120264 0,000244
кмсевастополь 3,912023 0,000450
книжное 1,078810 0,000248
книжным 3,218876 0,000370
княжеств 2,813411 0,000323
князь 1,771957 0,000204
князя 1,139434 0,000524
коблево 3,218876 0,000370
кобулети 3,218876 0,000370
код -0,009950 -0,000063
кода 0,798508 0,000092
кодекс -0,009950 -0,000001
кодистория 0,116534 0,000013
кожаново 3,912023 0,000450
коктебель 3,218876 0,000370
количества 0,941609 0,000108
количестве 1,714798 0,000394
количество 0,328504 0,000151
колледж 1,386294 0,001275
коллектором 3,912023 0,000450
колодяжный 3,912023 0,000450
колонизация 2,525729 0,000871
колос 3,218876 0,000370
колоссальные 3,912023 0,000450
колхи 3,912023 0,000450
колхида 3,218876 0,001480
колхидские 3,912023 0,000450
колхидского 3,912023 0,000450
колхидскую 3,912023 0,000450
колхиду 3,912023 0,000450
колхозов 3,506558 0,000403
кольцом 3,506558 0,000403
команда 1,272966 0,000293
командные 3,506558 0,000403
командный 2,995732 0,000689
комикомикыргызча 0,000000 0,000000
комитета 1,203973 0,000138
коммерсантъ 1,139434 0,000131
коммерческих 1,714798 0,000197
коммунальной 3,506558 0,000403
компанией 1,514128 0,000174
компании 0,579818 0,000067
компаний 0,967584 0,000111
компания 0,653926 0,000075
комплекс 0,653926 0,000150
композиция 2,040221 0,000235
комсомольской 1,897120 0,000218
конгресс 2,995732 0,000344
конец 0,798508 0,000092
конкурс 1,832581 0,000211
конкурс-фестиваль 2,995732 0,000344
конкурсы 2,525729 0,000581
консалтинг 3,218876 0,000370
константин 1,560648 0,000359
константинопольского 3,912023 0,000899
констанца 3,218876 0,000370
конструктивизма 1,966113 0,000226
конструкции 2,120264 0,000244
консульства 2,120264 0,000731
консультации 2,995732 0,000344
континентальной 2,407946 0,000277
контролирующей 2,302585 0,000529
конференция 2,525729 0,000290
конфессии 1,237874 0,000285
конфиденциальности -0,009950 -0,000001
конфликта 2,120264 0,000244
конца 0,562119 0,000194
концами 3,506558 0,000403
концентрирует 3,506558 0,000403
концерта 3,912023 0,000450
концертные 2,040221 0,000469
концертный 1,660731 0,000191
конькобежному 2,995732 0,000344
координат 3,912023 0,000450
координаты 1,469676 0,000169
копайгородский 3,912023 0,001349
копия 0,328504 0,000189
кореиз 3,218876 0,000370
кореиз-мисхор 3,912023 0,000450
корейцы 1,609438 0,000185
кореновск 3,506558 0,000403
кореновский 3,506558 0,000403
корни 2,207275 0,000254
короткий -0,009950 -0,000002
корректируются 3,912023 0,000450
кортина-д 0,000000 0,000000
космоса 1,966113 0,000226
костарев 3,912023 0,001349
которая 0,287682 0,000099
которого 0,301105 0,000104
которой 0,174353 0,000140
котором 0,301105 0,000104
которому 0,843970 0,000097
которую 0,867501 0,000100
которые 0,162519 0,000037
который 0,105361 0,000012
которых 0,094311 0,000043
коченовский 3,912023 0,000450
кпсс 1,832581 0,000211
крае 1,514128 0,000696
краеведение 2,525729 0,000290
краевого 2,120264 0,000487
краевых 2,659260 0,000306
краинка 3,912023 0,000450
край 0,891598 0,000307
крайгорода 2,525729 0,000290
крайисполкому 3,912023 0,000899
крайне 1,832581 0,000421
крапец 3,218876 0,000370
красная 1,108663 0,000382
красноармейский 2,040221 0,000235
краснодар 1,386294 0,000478
краснодара 2,995732 0,000344
краснодарский 2,302585 0,000794
краснодарским 3,506558 0,000403
краснодарского 2,407946 0,003322
краснодарское 3,218876 0,000740
краснодарском 3,218876 0,001480
краснодарскому 3,506558 0,000403
краснодарстат 3,912023 0,000899
краснодару 3,218876 0,000370
красной 0,967584 0,000667
краснополянский 3,912023 0,000899
красноярской 3,218876 0,000370
красный 0,941609 0,000108
красоты 2,995732 0,000344
краю 1,966113 0,000452
края 0,713350 0,001066
краякурорты 3,912023 0,000450
кремневых 3,912023 0,000450
крепостной 2,659260 0,000306
крепостных 2,302585 0,000265
кресты 2,813411 0,000647
криница 3,912023 0,000450
кроме 0,235722 0,000135
кропоткин 2,659260 0,000306
крупнейшее 2,040221 0,000235
крупнейшей 1,560648 0,000179
крупнейшие 0,776529 0,000089
крупнейший 0,755023 0,000174
крупнейшим 1,203973 0,000138
крупнейшими 1,771957 0,000407
крупнейших 0,634878 0,000219
крупные 0,579818 0,000200
крупный 0,798508 0,000275
крупным 1,021651 0,000352
крупных 0,494296 0,000227
крыловский 3,506558 0,000403
крым 1,660731 0,000764
крыма 0,843970 0,000097
крымск 3,506558 0,000403
крымский 2,659260 0,000306
крымского 1,832581 0,000421
крыму 2,407946 0,000277
ксв 2,302585 0,000265
кубанский 3,218876 0,000370
кубанского 2,813411 0,000647
кубанской 3,506558 0,000403
кубань 2,659260 0,000611
кудепста 3,912023 0,001349
кудепстинский 3,912023 0,000899
кузнецов 1,714798 0,000197
куки -0,009950 -0,000001
кулеви 3,506558 0,000403
кульдур 3,912023 0,000450
культур 1,309333 0,000602
культура 0,653926 0,000301
культурного 0,916291 0,000105
культурное 2,207275 0,000254
культурный 1,108663 0,000255
культуры 0,462035 0,000212
кумахов 3,912023 0,000450
кумысолечебный 3,912023 0,000899
купальный 3,912023 0,000450
купечества 2,525729 0,000290
курбанов 3,506558 0,000403
курганинск 3,506558 0,000403
курганинский 3,506558 0,000403
курорт 2,525729 0,002032
курорта 2,995732 0,001033
курортная 2,995732 0,001378
курортного 2,995732 0,001378
курортное 3,218876 0,000740
курортной 2,995732 0,000344
курортный 2,813411 0,001941
курортным 3,506558 0,000806
курортологии 3,506558 0,001612
курорты 2,302585 0,001588
курс 1,347074 0,000155
курьер 2,659260 0,000306
кутаиси 3,506558 0,000403
кущевский 3,506558 0,000403
куяльник 3,218876 0,000370
кырык 1,771957 0,000204
лабинск 3,506558 0,000403
лабинский 3,506558 0,000403
лаврова 3,218876 0,000370
лагерь 2,120264 0,000487
лазарева 2,302585 0,000265
лазаревская 3,912023 0,001349
лазаревский 3,506558 0,002419
лазаревского 3,912023 0,001799
лазаревское 2,659260 0,000917
лазаревском 3,912023 0,000450
лазаревскому 3,912023 0,000899
лазурное 3,218876 0,000370
лебедевка 3,218876 0,000370
левобережной 2,207275 0,000254
легенды 2,207275 0,000254
легкого 2,659260 0,000306
легкое 3,218876 0,000370
ледниковых 3,506558 0,000403
ледовый 1,560648 0,000179
лежат 2,407946 0,000277
лезги 0,000000 0,000000
лезгины 1,771957 0,000204
лейк-плэсид 3,912023 0,000899
ленина 0,867501 0,000100
ленинградский 2,207275 0,000254
леон 3,218876 0,000370
леонид 1,966113 0,000226
лермонтово 3,218876 0,000370
лермонтовский 3,218876 0,000370
леса 1,021651 0,000235
лесного 2,120264 0,000244
лесном 2,995732 0,000344
лесов 1,469676 0,000169
лесоводства 3,506558 0,000403
лет 0,223144 0,000282
летию 1,078810 0,000124
летней 2,120264 0,000244
летние 1,714798 0,000197
летний 1,108663 0,000510
летним 2,525729 0,000581
летняя 2,302585 0,000529
лето 0,891598 0,000205
летом 0,597837 0,000069
летописям 2,995732 0,000344
лехно 3,912023 0,000450
лечению 2,995732 0,000344
лечхуми 3,912023 0,000450
ливадия 3,506558 0,000403
лиге 1,609438 0,000370
лидеры 2,302585 0,000265
лиллехаммер 3,912023 0,000450
линия 0,891598 0,000102
линиями 2,813411 0,000323
листок 2,813411 0,000647
литературно-мемориальный 3,506558 0,000403
лицензии -0,009950 -0,000001
личного 2,302585 0,000265
лишь 0,478036 0,000110
локальное 1,108663 0,000127
лонг-бич 3,912023 0,000450
лоо 3,218876 0,001110
лузановка 3,218876 0,000370
лучшим 1,514128 0,000174
лучших 1,049822 0,000241
лыготхский 3,912023 0,000899
лыжах 3,218876 0,000370
лыжным 3,912023 0,000450
льшая 0,000000 0,000000
людей 0,693147 0,000080
люди 0,755023 0,000174
людоедами 3,912023 0,000450
люксембург 2,659260 0,000306
люстдорф 3,218876 0,000370
магазина 2,407946 0,000277
магазинов 2,040221 0,000704
магистрали 1,078810 0,000248
магистраль 1,427116 0,000164
магри 3,912023 0,001349
май 0,597837 0,000206
майкоп 3,218876 0,000740
майкопской 3,912023 0,000450
максимальная 1,560648 0,000359
максимович 3,506558 0,000403
максимум 0,733969 0,000253
малов 3,912023 0,000450
малодолинское 3,218876 0,000370
малой 1,514128 0,000348
малый 0,371064 0,000043
мальчиков 3,912023 0,000450
мамая 3,218876 0,000370
мангалия 3,218876 0,000370
мар 2,120264 0,000487
марии 2,040221 0,000235
мариймакедонски 0,000000 0,000000
марийцы 1,714798 0,000197
марка 0,867501 0,001695
марках 3,506558 0,000403
март 0,616186 0,000071
марта 0,139262 0,000256
марте 0,967584 0,000111
марциальные 3,912023 0,000450
маршал 2,995732 0,000344
маршрута 1,469676 0,000169
маршрутными 2,120264 0,000244
мары 0,000000 0,000000
массивы 1,560648 0,000179
масштабные 1,897120 0,000218
материал -0,009950 -0,000001
материалы 0,843970 0,000097
матч 1,347074 0,000310
матчей 2,407946 0,000554
матчи 1,832581 0,000421
мацеста 3,218876 0,000740
мацесте 3,912023 0,000899
мацестинский 3,912023 0,000899
мацесту 3,912023 0,000450
мая 0,139262 0,000448
маяк 1,108663 0,000127
мбит 3,506558 0,000403
мгимо 3,912023 0,000450
мегафон 1,237874 0,000142
медвежье 3,912023 0,000450
медиа-центр 3,912023 0,000450
медиафайлы 0,301105 0,000035
медицинский 0,891598 0,000102
медицинской 1,514128 0,000174
медицины 1,514128 0,000174
медунов 3,912023 0,000450
межводное 3,218876 0,000370
межгосударственных 3,506558 0,000806
международного 0,733969 0,000084
международные 0,941609 0,000325
международный 0,713350 0,000902
международных 0,967584 0,000111
междуречье 2,407946 0,000277
межрегиональные 3,506558 0,000806
межсезонную 3,912023 0,000450
ментон 3,912023 0,000450
меньшевистского 3,912023 0,000450
меретуков 3,218876 0,000370
мержанова 3,912023 0,001349
мероприятие 2,813411 0,000323
мероприятий 1,514128 0,000348
мероприятия 1,272966 0,000146
мест 0,713350 0,000082
месте 0,544727 0,000063
местных 1,108663 0,000255
место 0,371064 0,000213
местом 1,049822 0,000121
месхетии 3,912023 0,000450
месяц 1,272966 0,000439
месяцы 1,966113 0,000226
металлург 2,659260 0,000611
метелев 3,912023 0,000450
метелева 3,912023 0,000450
метро 1,272966 0,000732
метров 0,776529 0,000625
метровая 2,525729 0,000290
мечети 1,560648 0,000359
мечеть 1,078810 0,000124
мзымта 3,506558 0,000806
мзымты 3,912023 0,000899
мид 2,207275 0,000254
микрорайонах 2,813411 0,000323
микрорайоне 1,771957 0,000204
милан 3,912023 0,000450
миллиард 3,506558 0,000403
миллионов 1,078810 0,000124
мингрелов 3,912023 0,000450
мингрелы 3,912023 0,000450
минеральные 1,966113 0,000452
минимальная 2,040221 0,000235
минимум 0,693147 0,000159
министров 1,660731 0,000191
минск 1,714798 0,000197
мир 0,342490 0,000039
мира 0,415515 0,000334
мирному 2,659260 0,000306
мирный 2,207275 0,000254
мировой 0,733969 0,000084
мировых 1,560648 0,000179
миру 1,560648 0,000179
миссионера 3,912023 0,000450
миссионеры 3,506558 0,000403
митридат 3,912023 0,000450
митридата 3,912023 0,000450
митрополий 3,506558 0,000403
михаила 1,171183 0,000404
млн 0,462035 0,000319
млрд 0,820981 0,001227
мнению 0,967584 0,000222
многое 2,407946 0,000277
многоконфессиональный 2,995732 0,000344
многочисленные 1,139434 0,000393
многоярусных 3,912023 0,000450
множество 0,597837 0,000206
множеству 3,912023 0,000450
мобильная -0,009950 -0,000002
мобильного 2,207275 0,000254
мобильной 2,525729 0,000581
мобильные 2,207275 0,000254
мобильный 2,813411 0,000323
могут -0,009950 -0,000001
модерн 2,040221 0,000235
модерна 2,207275 0,000254
модернизировали 3,912023 0,000450
модный 3,506558 0,000403
модулем 1,021651 0,000117
модуль 0,941609 0,000108
моды 2,995732 0,000689
можете 0,653926 0,000075
мокшень 0,000000 0,000000
мола 3,506558 0,000403
молдаване 1,714798 0,000197
молдовский 3,912023 0,000899
молодежи 1,469676 0,000338
молодых 1,660731 0,000191
моляренко 3,912023 0,000450
момент 0,597837 0,000069
монастырей 2,120264 0,000244
монгол 0,000000 0,000000
монитор 2,407946 0,000277
мониторинг 1,832581 0,000211
монумент 1,560648 0,000359
монументальные 2,995732 0,000344
мордва 1,309333 0,000151
море 1,049822 0,000603
морем 1,771957 0,000204
морозов 2,207275 0,000254
морские 1,609438 0,000370
морского 1,897120 0,000218
морское 2,407946 0,000554
морской 1,309333 0,000753
моря 0,579818 0,001200
моряабхазия 3,912023 0,000450
морягрузия 3,218876 0,000370
мосгорпечать 3,912023 0,000450
москва 0,400478 0,000046
москвакраснодар 3,912023 0,000450
москве 1,171183 0,000269
москвич 2,659260 0,000306
москвы 0,653926 0,000075
московский 0,891598 0,000102
московского 0,867501 0,000199
московское 1,347074 0,000155
мост 0,967584 0,000222
мостовик 3,506558 0,000403
мостовой 2,813411 0,000323
мостовский 3,506558 0,000403
мотором 3,912023 0,000450
мотузко 3,912023 0,000450
мощной 2,995732 0,000344
мпр 3,912023 0,000450
мрамора 2,995732 0,000344
мраморные 3,912023 0,000450
мск 0,843970 0,000097
мтс 1,237874 0,000142
музеи 0,820981 0,000189
музей 0,776529 0,000714
музыки 1,469676 0,000676
муниципального 0,891598 0,001025
муниципальное 1,139434 0,000131
муниципальные 1,309333 0,000151
муниципальным 0,776529 0,001428
муниципальных 0,776529 0,000089
мусульман 1,660731 0,000382
мусульманской 2,813411 0,000323
мушмула 3,912023 0,000450
мыс 1,966113 0,000226
мэр 1,347074 0,000155
мэра 1,347074 0,000310
мэром 1,714798 0,000197
мяса 2,995732 0,000344
мясокомбинат 2,302585 0,000265
набережная 1,139434 0,000131
набережных 2,525729 0,000290
наблюдается 1,021651 0,000117
навагинского 3,912023 0,000899
навагинское 3,912023 0,000450
навагинской 3,912023 0,000450
навигации -0,009950 -0,000002
навигация -0,009950 -0,000002
наводнение 2,995732 0,000344
навсегда 2,813411 0,000323
нагано 3,912023 0,000450
нагато 3,912023 0,000450
награды 0,867501 0,000299
награжден 1,514128 0,000174
награжденные 1,021651 0,000117
нагрузки 2,207275 0,000254
наделении 2,525729 0,000581
назад 1,108663 0,000510
название 0,198451 0,000046
названию 1,966113 0,000226
названия 0,342490 0,000079
названная 2,659260 0,000306
назначения 1,427116 0,000164
называет 2,659260 0,000306
называется 0,916291 0,000105
наиболее 0,139262 0,000064
наибольшего 2,995732 0,000344
наказного 3,912023 0,000450
нальчик 2,407946 0,000554
нами -0,009950 -0,000001
направила 3,912023 0,000450
направление 1,203973 0,000138
направления 0,755023 0,000087
направленным 3,218876 0,000370
например 0,328504 0,000038
наркома 3,506558 0,000403
народ 2,120264 0,000487
народная 0,713350 0,000082
народное 0,798508 0,000275
народов 0,798508 0,000184
наряду 1,078810 0,000124
население 0,693147 0,000956
населением 0,776529 0,000089
населению 1,832581 0,000211
населения 0,494296 0,003296
населениягод 0,000000 0,000000
населенные 0,673345 0,000232
населенный 1,609438 0,000185
населенных 0,693147 0,000239
наследие 1,347074 0,000155
наследия 0,820981 0,000283
настойчивых 3,912023 0,000450
настоящее 0,328504 0,000076
насыщенность 3,912023 0,000450
натальи 2,995732 0,000344
наталья 1,660731 0,000382
наук 0,693147 0,000319
наука 0,301105 0,000138
науки 0,820981 0,000094
науку 1,966113 0,000226
научно-исследовательский 1,237874 0,000712
научно-исследовательских 1,714798 0,000197
научный 0,941609 0,000108
научных 0,776529 0,000089
находилась 1,514128 0,000174
находился 0,776529 0,000089
находит 2,207275 0,000254
находится 0,328504 0,000189
находки 2,407946 0,000277
находящиеся 2,525729 0,000290
национального 1,469676 0,000169
национальности 0,867501 0,000199
национальность 1,237874 0,000142
национальный 0,597837 0,000481
начал 0,798508 0,000184
начала 0,314711 0,000072
началась 0,967584 0,000111
начале 0,314711 0,000145
начало 0,415515 0,000287
началом 1,171183 0,000135
началополномочий 3,912023 0,000450
началось 0,616186 0,000142
начинается 0,755023 0,000174
начиная 0,733969 0,000084
наше 1,609438 0,000185
нашей 1,386294 0,000319
наши 1,609438 0,000185
небесного 3,218876 0,000370
небольшая 1,897120 0,000218
небольшую 2,659260 0,000306
небуг 3,218876 0,000370
нева 2,813411 0,000323
невозможности 2,813411 0,000323
недалеко 1,469676 0,000169
недвижимости 2,525729 0,000290
недвижимость 2,525729 0,000290
недолго 3,912023 0,000450
недостатков 0,653926 0,000075
недостаточно 2,207275 0,000254
недоступная 0,527633 0,000061
незаменим 3,912023 0,000450
некоммерческой -0,009950 -0,000001
некоторое 1,771957 0,000204
некоторые 0,301105 0,000035
нем 0,356675 0,000041
немного 1,714798 0,000197
немногочисленные 3,506558 0,000403
нему 1,203973 0,000138
немцев 2,207275 0,000254
немцы 1,203973 0,000277
необходимым 2,659260 0,000306
необычайно 3,912023 0,000450
неоклассицизм 3,218876 0,000370
неоклассицизма 2,813411 0,000323
неофициально 2,302585 0,000265
неофициальные 2,040221 0,000235
непосредственно 0,478036 0,000275
непродовольственных 3,218876 0,000370
нерабочими 1,021651 0,000117
нередко 1,108663 0,000127
неретина 3,506558 0,000403
несебыр 3,218876 0,000370
несколько 0,150823 0,000104
неудачно 3,506558 0,000403
неудачных 3,912023 0,000450
нефтяной 2,407946 0,000277
нехватки 2,659260 0,000306
нижне-раздольный 3,912023 0,000450
нижней 1,514128 0,000348
нижнешиловский 3,912023 0,000899
нижнюю 2,995732 0,000344
нижняя 1,203973 0,000277
низменности 1,897120 0,000436
низменность 2,813411 0,000323
низовий 3,912023 0,000450
нии 1,237874 0,000142
никитович 3,218876 0,000370
никифор 3,218876 0,000370
николаев 2,407946 0,000277
николаевич 1,309333 0,000602
николаевка 2,659260 0,000306
николаевская 2,813411 0,000323
николай 0,867501 0,000399
николая 0,916291 0,000316
ниу 2,407946 0,000277
ниццы 3,912023 0,000450
новая 0,634878 0,000146
новоапостольской 3,912023 0,000450
нового 0,579818 0,000133
новое 0,755023 0,000347
новой 0,653926 0,000075
новокубанск 3,506558 0,000403
новокубанский 3,506558 0,000403
новокузнецка 3,218876 0,000370
новомихайловский 3,218876 0,000370
новопокровский 3,506558 0,000403
новороссийск 1,966113 0,000678
новости 0,579818 0,000333
новость 2,659260 0,000306
новофедоровка 3,218876 0,000370
новую 1,171183 0,000269
новые 0,342490 0,000157
новый 0,446287 0,000154
новых 0,430783 0,000099
номер 0,820981 0,000094
номера 1,609438 0,000185
норвежская 0,248461 0,000029
норма 0,798508 0,000092
нохчийн 0,000000 0,000000
ноя 2,659260 0,000611
нояб 0,820981 0,000094
ноября 0,127833 0,000647
нравится 3,218876 0,000370
нська 0,000000 0,000000
нумерация 2,525729 0,000290
ныне 0,653926 0,000301
нынешнего 1,771957 0,000204
нынешний 2,040221 0,000235
ньскъ 0,000000 0,000000
оао 0,916291 0,000211
обгонит 3,912023 0,000450
обе 1,609438 0,000185
обеим 3,218876 0,000370
обеспечения 0,867501 0,000100
обеспеченность 2,120264 0,000244
обеспечивают 1,514128 0,000174
обзор 1,171183 0,000269
обзорная 3,506558 0,000403
обитания 2,120264 0,000244
обл 1,714798 0,000394
облаков 2,813411 0,000323
области 0,223144 0,000051
область 0,385662 0,000133
облачность 2,302585 0,000529
облик 1,272966 0,000146
обнаружены 1,771957 0,000204
обновив 1,832581 0,000211
обновления 1,514128 0,000174
обновлениявикипедия 1,771957 0,000204
обозначил 3,912023 0,000450
оборот 1,309333 0,001054
оборота 1,966113 0,000678
оборудована 3,506558 0,000403
оборудованы 2,995732 0,000344
обрабатывающей 2,659260 0,000306
обрабатывающие 2,120264 0,000244
образовала 3,218876 0,000370
образована 1,427116 0,000164
образование 0,494296 0,000284
образованием 1,966113 0,000226
образования 0,478036 0,000604
образованиям 0,776529 0,001339
образом 0,371064 0,000043
обратив 3,912023 0,000450
обращений 3,218876 0,000370
обращения 0,030459 0,000319
обследовали 3,912023 0,000450
обслуживает 1,771957 0,000204
обслуживания 1,469676 0,000169
обстановку 2,813411 0,000323
общая 0,673345 0,000464
общего 0,713350 0,000246
общегосударственного 3,506558 0,000403
общее 1,237874 0,000427
общей 0,597837 0,000206
общеобразовательных 1,203973 0,000138
общереспубликанский 3,912023 0,000450
общества 0,776529 0,000089
общественного 0,916291 0,000421
общественный 0,941609 0,000108
общественным 2,302585 0,000265
общим 1,427116 0,000164
общинного 3,912023 0,000450
общинный 3,218876 0,000370
общины 1,514128 0,000348
объединения 1,203973 0,000138
объединенных 2,120264 0,000244
объединены 1,832581 0,000211
объединяющей 3,506558 0,000403
объездную 3,912023 0,000450
объекта 1,203973 0,000138
объективные 3,912023 0,000899
объективным 3,218876 0,000370
объектов 0,527633 0,000364
объектом 1,560648 0,000359
объекты 0,478036 0,000165
объем 0,616186 0,000213
объема 1,237874 0,000285
объемов 2,407946 0,000277
объявляются 3,912023 0,000450
обязанности 1,427116 0,000328
овощей 3,912023 0,000450
овощной 3,506558 0,000403
огонь 1,771957 0,000204
огпу 3,506558 0,000806
ограждают 3,912023 0,000450
ограниченными 2,040221 0,000235
одесса 2,207275 0,000507
одессе 3,218876 0,000370
одесская 3,218876 0,000370
одна 0,527633 0,000061
однако 0,174353 0,000040
одним 0,494296 0,000114
одного-пяти 3,912023 0,000450
одноименный 2,407946 0,000277
одной 0,371064 0,000043
одноклассники 2,525729 0,000290
одну 1,237874 0,000142
ожидают 1,897120 0,000218
озеро 1,049822 0,000483
оказывала 3,506558 0,000403
оказывало 3,506558 0,000403
оказывался 3,506558 0,000403
оказывают 1,660731 0,000191
окато 0,820981 0,000189
океанариум 2,525729 0,000290
окловекаеуг 3,912023 0,000450
около 0,000000 0,000000
окончаниеполномочий 3,912023 0,000450
окончанию 3,912023 0,000450
окраины 2,302585 0,000265
окрестностей 1,714798 0,000394
окрестности 1,560648 0,000179
окрестностях 1,469676 0,000169
округ 0,673345 0,000774
округа 0,653926 0,001052
округам 1,660731 0,000191
округе 1,309333 0,000151
округов 0,776529 0,000357
округу 1,714798 0,000197
окружающими 3,218876 0,000370
окружающих 2,995732 0,000344
окружен 2,407946 0,000277
окт 0,798508 0,000275
октмо 0,843970 0,000097
октябре 0,967584 0,000111
октября 0,083382 0,000268
октября-начала 3,912023 0,000450
олег 1,427116 0,000164
оленевка 3,218876 0,000370
олимп 2,407946 0,000277
олимпиаде 3,218876 0,000740
олимпиадсочикурорты 3,912023 0,000450
олимпиады 3,218876 0,000740
олимпийские 2,659260 0,001528
олимпийский 2,120264 0,001219
олимпийских 1,897120 0,002399
олимпийского 1,714798 0,000197
олимпийском 3,912023 0,000899
олык 0,000000 0,000000
ольга 1,427116 0,000164
ольгинка 3,218876 0,000370
онлайн 0,198451 0,000023
оно 0,000000 0,000000
оон 1,560648 0,000359
ооо 0,843970 0,000097
оператор 1,609438 0,000555
операторов 1,347074 0,000155
операций 1,771957 0,000204
опережая 2,995732 0,000344
описание -0,009950 -0,000002
описании 2,659260 0,000306
определение 1,660731 0,000191
определением 2,995732 0,000344
определяющим 3,506558 0,000403
оптовой 2,407946 0,000277
оптовый 3,912023 0,000450
опытную 3,506558 0,000403
оранжево-красная 3,912023 0,000450
организации -0,009950 -0,000001
организаций 0,776529 0,000089
организациях 1,832581 0,000421
организованный 2,525729 0,000290
организованы 2,040221 0,000235
органной 2,813411 0,000970
орден 1,966113 0,000226
орденом 1,021651 0,000235
орджоникидзе 2,040221 0,001876
орду 2,995732 0,000344
ореанда 3,912023 0,000450
оренбургско-бузулукский 3,912023 0,000450
оригинала 0,162519 0,000206
оркестр 1,660731 0,000382
ортса 0,000000 0,000000
орудий 2,525729 0,000290
осадков 0,544727 0,000188
освобождения 2,040221 0,000235
осенне-весенний 3,912023 0,000450
осенью 1,309333 0,000151
осетины 1,771957 0,000204
осетия-алания 3,506558 0,000403
осло 3,218876 0,000370
основан 0,579818 0,000133
основании 1,427116 0,000492
основания 0,713350 0,000246
основанные 0,776529 0,000268
основаны 1,771957 0,000204
основе 0,494296 0,000057
основная 0,116534 0,000147
основном 0,510826 0,000059
основные 0,223144 0,000077
основным 0,616186 0,000142
основных 0,634878 0,000073
основу 1,203973 0,000138
особенно 0,562119 0,000065
особо 1,237874 0,000142
оставили 2,525729 0,000290
остается 0,891598 0,000102
остального 3,506558 0,000403
остальных 1,660731 0,000191
остановки 2,302585 0,000265
островского 2,407946 0,000277
осью 3,218876 0,000370
ответственности -0,009950 -0,000001
отвоевавших 3,912023 0,000450
отгруженной 2,040221 0,000235
отгруженных 2,040221 0,000235
отгрузки 3,912023 0,000450
отделение 1,139434 0,000131
отделения 1,021651 0,000117
отделить 3,218876 0,000370
отдельный 1,832581 0,000211
отдельных -0,009950 -0,000001
отдыха 1,049822 0,000241
отдыхающих 2,813411 0,000647
отдыхе 3,506558 0,000403
отеля 2,813411 0,000323
отечественной 0,673345 0,000464
отказ -0,009950 -0,000001
отказалась 2,813411 0,000323
открылся 0,941609 0,000108
открыт 0,798508 0,000275
открытая 1,771957 0,000204
открытия 0,916291 0,000105
открыто 1,078810 0,000124
открыты 1,049822 0,000362
открытый 1,049822 0,000121
отличает 2,407946 0,000277
отличается 0,579818 0,000067
отличие 0,891598 0,000102
отм 3,506558 0,000806
отмечали 3,218876 0,000370
отмечен 1,966113 0,000226
отнесенную 3,912023 0,000450
относились 2,813411 0,000323
относительно 0,415515 0,000048
относят 1,609438 0,000185
отношении 1,203973 0,000138
отношению 1,966113 0,000226
отношения 0,994252 0,000114
отношениях 2,120264 0,000487
отрадненский 3,506558 0,000403
отрадное 2,813411 0,000323
отражающем 3,506558 0,000403
отрасли 1,078810 0,000372
отрасль 1,897120 0,000218
отредактирована -0,009950 -0,000001
отсутствует 1,272966 0,000146
отсутствуют 1,897120 0,000218
отсюда 1,897120 0,000218
отто 3,218876 0,000370
отходил 3,912023 0,000450
отходит 3,506558 0,000403
офисов 3,218876 0,000370
официальная 1,609438 0,000185
официальную 3,912023 0,000450
официальные 1,469676 0,000169
официальный 0,510826 0,000529
официальным 1,272966 0,000146
охватывает 1,771957 0,000407
охраняемые 2,302585 0,000265
оценивают 3,506558 0,000403
оценка 0,693147 0,000398
оценкам 1,609438 0,000185
оценки 1,609438 0,000925
оценку 2,207275 0,000254
очаков 3,218876 0,000370
очамчира 3,506558 0,000403
очень 0,494296 0,000114
очередь 0,527633 0,000061
ошибкекак -0,009950 -0,000001
павел 1,469676 0,000338
павильонов 3,506558 0,000403
павловский 2,302585 0,000265
пагуошская 3,912023 0,000450
памятная 1,660731 0,000191
памятник 0,693147 0,000319
памятника 1,078810 0,000124
памятники 0,733969 0,000169
памятников 0,820981 0,000094
памятной 2,813411 0,000323
панама 3,218876 0,000370
панорама 1,386294 0,000159
пансион 3,912023 0,000450
пансионата 3,912023 0,000450
пансионатов 3,506558 0,000403
паралимпийские 3,912023 0,000450
паралимпийских 3,912023 0,000450
параллельно 1,237874 0,000142
парк 0,693147 0,000319
парка 1,021651 0,000352
парке 1,171183 0,000539
парламент 2,813411 0,000323
парламента 2,659260 0,000306
партенит 3,218876 0,000370
партнеров 2,813411 0,000323
партнером 2,995732 0,000689
пасмурных 2,813411 0,000323
пассажирские 1,427116 0,000164
патриарх 2,525729 0,000290
патриархия 2,995732 0,000689
пахомов 3,912023 0,000450
пгт 2,302585 0,000794
пекин 2,659260 0,000306
первая 0,430783 0,000099
первого 0,733969 0,000084
первое 0,544727 0,000063
первой 0,462035 0,000159
первом 1,237874 0,000142
первомайский 1,660731 0,000191
первые 0,494296 0,000114
первый 0,385662 0,000355
первым 0,597837 0,000069
первых 0,653926 0,000075
перевальным 3,912023 0,000450
перевозки 1,203973 0,000138
передней 3,218876 0,000370
перезимовав 3,912023 0,000450
переизбран 3,506558 0,000403
переименован 1,347074 0,000155
перейти -0,009950 -0,000002
перем 0,000000 0,000000
перенести 2,207275 0,000254
перепелиная 3,912023 0,000450
переписи 0,755023 0,000781
перепись 0,820981 0,000661
переработкой 2,995732 0,000344
переселением 3,506558 0,000403
переходный 2,407946 0,000554
перечнем 3,912023 0,000450
период 0,342490 0,000472
периода 0,967584 0,000111
периодические 2,525729 0,000581
периоды 1,560648 0,000179
персией 3,218876 0,000370
персональные -0,009950 -0,000001
перспективы 1,347074 0,000465
персы 1,966113 0,000452
перу 2,813411 0,000323
пески 2,040221 0,000235
петр 1,108663 0,000127
печати -0,009950 -0,000001
печать -0,009950 -0,000001
пещера 3,218876 0,000370
пиковые 3,912023 0,000450
пиковый 3,912023 0,000450
пиком 3,912023 0,000450
пиньинь 3,506558 0,000403
пионером 3,912023 0,000450
пираты 3,912023 0,000450
писал 1,514128 0,000174
писателя 1,660731 0,000191
питания 1,272966 0,000585
пицунда 2,995732 0,000344
пицундского 3,912023 0,000450
пицунды 3,912023 0,000450
пищевого 3,218876 0,000370
план 0,755023 0,000694
плана 1,272966 0,000293
плантации 3,506558 0,000403
плата 1,832581 0,000211
платных 2,302585 0,000265
платформ 2,407946 0,000277
плацдарм 3,218876 0,000370
племен 1,966113 0,000226
племена 2,120264 0,000731
плес 1,966113 0,000226
плиты 2,995732 0,001033
плодов 2,995732 0,000344
плодовую 3,912023 0,000450
плодородных 3,912023 0,000450
плотность 0,693147 0,000080
плохие 3,218876 0,000370
площади 0,510826 0,000176
площадка 1,514128 0,000348
площадь 0,478036 0,000165
площадями 2,813411 0,000323
пляжных 3,912023 0,000450
победа 1,609438 0,000185
победил 2,302585 0,000265
победы 0,916291 0,000105
побережье 1,560648 0,002153
побережью 2,813411 0,000323
побережья 1,427116 0,001969
побратимов 3,506558 0,000403
поведения -0,009950 -0,000001
повлияли 2,525729 0,000290
поводу 2,207275 0,000254
повторной 3,506558 0,000403
погиб 2,525729 0,000290
погода 0,776529 0,000268
погодные 2,995732 0,000344
погоды 2,040221 0,000235
подавлено 2,813411 0,000323
подавляющую 3,912023 0,000450
подготовки 1,309333 0,000151
поддержка 1,832581 0,000211
поддержку 1,469676 0,000169
поднят 2,813411 0,000323
подобный 2,207275 0,000761
подписал 2,040221 0,000235
подписан 1,897120 0,000218
подписать 2,995732 0,000344
подписей 2,995732 0,000344
подробная 2,659260 0,000306
подробнее -0,009950 -0,000002
подрос 3,912023 0,000450
подсчетам 2,813411 0,000323
подтверждается 2,302585 0,000265
подтвержден 3,506558 0,000806
подходит 2,207275 0,000254
подчинена 2,995732 0,000344
подчинением 3,912023 0,000450
подчинения 1,386294 0,000319
подчиненную 3,912023 0,000450
подчиненных 3,218876 0,000370
подчинены 1,897120 0,000872
подчиняются 2,813411 0,000323
подъем 1,832581 0,000211
позволяющие 2,525729 0,000290
позднее 0,798508 0,000092
позже 0,733969 0,000084
позиции 1,832581 0,000211
поиск -0,009950 -0,000001
поиску -0,009950 -0,000001
показателей 1,203973 0,000277
показатели 0,994252 0,000114
показатель 0,713350 0,000082
покорило 3,912023 0,000450
покровителя 2,995732 0,000344
покровка 2,813411 0,000323
полагают 2,659260 0,000306
полезных 1,660731 0,000191
полиди 3,506558 0,000403
поликлиника 2,302585 0,000265
поликлиники 1,966113 0,000226
поликультурного 3,912023 0,000450
политиди 3,912023 0,000899
политика -0,009950 -0,000001
политическая 0,843970 0,000097
политическое 2,995732 0,000344
полка 2,040221 0,000235
полковника 2,659260 0,000306
полного 1,660731 0,000191
полное 1,139434 0,000131
полностью 0,400478 0,000046
полный 1,272966 0,000146
половина 1,171183 0,000269
половине 0,634878 0,000146
половины 0,994252 0,000114
положение 0,510826 0,000235
положившего 3,506558 0,001209
положившее 3,506558 0,000403
полу 0,916291 0,000105
полуострова 1,560648 0,000359
полусухой 3,912023 0,000450
получил 0,713350 0,000164
польские 3,218876 0,000370
поляки 1,469676 0,000338
поляков 0,916291 0,000105
полякова 2,813411 0,000323
поляна 1,660731 0,000382
поляне 3,218876 0,000740
поляны 2,407946 0,000830
помогает 2,813411 0,000323
поморие 3,218876 0,000370
помочь 1,560648 0,000179
помощь 1,714798 0,000197
помощью 0,634878 0,000073
понижения 2,995732 0,000344
понизовка 3,218876 0,000370
понимать 2,659260 0,000306
понтийского 3,506558 0,000806
попадают 2,525729 0,000290
попеременно 3,506558 0,000403
попов 1,966113 0,000226
популярно 3,506558 0,000403
попытка 2,120264 0,000244
попытки 1,660731 0,000191
попыткой 3,912023 0,000450
попыток 2,407946 0,000277
поработить 3,912023 0,000450
поражение 2,659260 0,000306
породненных 2,659260 0,000306
порт 0,941609 0,002165
порта 1,309333 0,000151
портов 2,120264 0,000244
портовое 3,218876 0,000370
португалия 2,813411 0,000647
порты 1,714798 0,000197
порядка 1,139434 0,000131
посад 1,660731 0,000382
посада 2,525729 0,000581
посаде 2,995732 0,000344
посадочных 2,995732 0,000344
поселений 0,798508 0,000643
поселения 0,941609 0,000108
поселениям 0,967584 0,000111
поселенные 3,912023 0,000450
поселка 1,309333 0,000452
поселкам 0,891598 0,000102
поселками 2,407946 0,000277
поселки 1,347074 0,000155
поселковые 3,506558 0,000403
поселковый 3,912023 0,001799
поселковых 3,506558 0,000403
поселок 1,108663 0,000255
посетить 2,407946 0,000277
посещал 2,995732 0,000344
поскольку 0,941609 0,000108
послал 2,659260 0,000306
послевоенное 2,659260 0,000306
последние 0,755023 0,000174
последний -0,009950 -0,000001
последних 1,347074 0,000310
последняя 0,342490 0,000039
пост 1,514128 0,000348
постановил 2,659260 0,000306
постановлению 2,302585 0,000265
посткоммунистическая 3,912023 0,000450
постоянного 0,693147 0,000558
постоянное 2,120264 0,000244
постоянными 3,218876 0,000370
построек 2,120264 0,000244
построен 0,798508 0,000092
построена 0,916291 0,000316
построенная 1,897120 0,000218
построенном 2,813411 0,000323
построенную 2,813411 0,000323
построено 0,867501 0,000100
построены 1,021651 0,000470
построили 1,832581 0,000421
построить 1,427116 0,000164
построят 2,407946 0,000277
постсоветский 2,207275 0,000254
потерпели 3,506558 0,000403
потеряв 3,506558 0,000403
поти 2,995732 0,000344
поток 1,660731 0,000191
потратили 3,912023 0,000450
потребительской 2,995732 0,000344
потребления 2,302585 0,000265
потрепала 3,912023 0,000450
потчует 3,912023 0,000450
похожие 2,995732 0,000344
почему 0,000000 0,000000
почетные 1,108663 0,000382
почетный 1,469676 0,000169
почетным 2,659260 0,000306
почтамта 2,995732 0,000344
почтовая 1,078810 0,002108
почтовые 1,469676 0,000169
почтовых 2,525729 0,000290
поэтому 0,616186 0,000071
появились 0,579818 0,000067
появился 0,693147 0,000159
появлением 1,347074 0,000155
появляться 1,771957 0,000204
появляются 1,560648 0,000179
поярко 3,912023 0,000450
пояс 0,693147 0,000080
права 0,755023 0,000087
правда 0,891598 0,000102
правды 2,302585 0,000265
правительства 0,693147 0,000239
правительственной 3,218876 0,000370
правительство 0,843970 0,000097
править -0,009950 -0,000117
правка 0,328504 0,000038
правкиновые -0,009950 -0,000001
правкипостоянная -0,009950 -0,000001
правобережной 2,407946 0,000277
правобережье 2,407946 0,000277
правок 2,407946 0,000277
православия 2,813411 0,000323
православной 1,203973 0,000138
православный 2,120264 0,000244
правящий 3,506558 0,000403
празднику 3,218876 0,000370
прасковеевка 3,912023 0,000450
пребыванию 3,506558 0,000403
превосходит 2,813411 0,000323
превышает 0,967584 0,000222
превышают 2,207275 0,000254
предалтарные 3,912023 0,000450
предание 2,659260 0,000306
предводительством 1,966113 0,000226
предгорная 3,912023 0,000450
преддверии 2,995732 0,000344
пределах 0,510826 0,000411
предлагают 2,659260 0,000306
предложили 2,207275 0,000254
предметы 1,832581 0,000211
предназначены 2,813411 0,000323
предоставляющий 2,995732 0,000689
предполагается 1,560648 0,000179
предположительно 1,966113 0,000226
предприятие 1,237874 0,000142
предприятий 0,713350 0,000492
предприятия 0,713350 0,000738
предприятиям 2,302585 0,000794
предприятиями 1,660731 0,000191
председатели 2,813411 0,000323
представились -0,009950 -0,000001
представительства 1,386294 0,000319
представлен 0,891598 0,000102
представлена 1,171183 0,000135
предыдущим 2,302585 0,000265
прежнего 2,659260 0,000306
президента 0,916291 0,000316
президиум 2,407946 0,000277
президиума 1,272966 0,000439
преимущественно 0,776529 0,000089
преимущество 2,659260 0,000306
премьер-лиге 2,813411 0,000323
премьер-министра 3,506558 0,000403
преобладали 2,995732 0,000344
преобразовании 2,813411 0,000323
преследовал 3,506558 0,000403
пресс-служба 2,995732 0,000344
претендента 3,912023 0,000450
префект 3,912023 0,000450
прибрежная 2,659260 0,000611
прибрежном 3,912023 0,000450
прибрежную 3,218876 0,000370
приведены 2,040221 0,000235
приверженцев 3,912023 0,000450
приверженцы 3,506558 0,000403
привлекательности 2,040221 0,000235
привлекающие 3,912023 0,000450
привлечения 2,302585 0,000265
пригорода 3,506558 0,000403
пригородные 1,469676 0,000169
призер 1,771957 0,000407
признал 2,207275 0,000254
признанное 2,407946 0,000277
признанной 2,659260 0,000306
признанных 0,967584 0,000222
признать 3,218876 0,000370
приключений 3,912023 0,000450
прилегающее 3,506558 0,000403
прилегающие 2,040221 0,000235
приложение 1,309333 0,000301
прилуков 3,912023 0,000450
прима 3,506558 0,000403
приматологии 3,912023 0,000450
применяемого 0,843970 0,000097
примерно 0,634878 0,000219
примеров 2,120264 0,000244
примечания -0,009950 -0,000003
приморская 2,995732 0,001033
приморский 2,207275 0,000254
приморско 2,995732 0,000344
приморско-ахтарск 2,659260 0,000306
приморско-ахтарский 3,218876 0,000370
приморского 2,813411 0,000323
приморское 2,659260 0,000306
приморье 2,813411 0,000323
принимается 3,506558 0,000403
принявших 3,218876 0,000370
принял 1,272966 0,000439
приняли 1,347074 0,000155
принятие 2,813411 0,000323
приобрел 2,040221 0,000235
приобретает 2,659260 0,000611
приостановил 2,525729 0,000290
приостановлено 2,302585 0,000265
приписывает 3,506558 0,000403
природа 1,309333 0,000151
природно-климатических 3,912023 0,000450
природный 1,660731 0,000382
природы 1,021651 0,000117
прирост 1,427116 0,000164
присвоен 1,832581 0,000211
присвоением 3,218876 0,000370
присвоило 2,525729 0,000290
пристани 2,040221 0,000235
пристань 1,714798 0,000197
присутствии 2,207275 0,000254
присутствует 1,714798 0,000197
присущей 3,912023 0,000450
присягу 3,218876 0,000370
прихода 2,120264 0,000244
приходится 0,776529 0,000536
приходы 2,040221 0,000469
приходят 2,813411 0,000323
прихожан 2,813411 0,000647
причерноморье 2,813411 0,000647
пришлась 3,506558 0,000806
пришли 1,771957 0,000204
пришлось 1,771957 0,000611
пробенко 3,912023 0,000450
проблема 1,237874 0,000142
проблемы 0,544727 0,000063
проведение 1,660731 0,000191
проведении 2,659260 0,000306
проведению 2,040221 0,000235
проведения 0,843970 0,000291
проверенная 1,049822 0,000121
проверки 0,994252 0,000114
проводил 2,995732 0,000344
проводились 1,771957 0,000407
проводим 3,912023 0,000450
проводится 1,108663 0,000127
прогнозом 2,659260 0,000306
прогнозы 2,659260 0,000306
прогулялся 3,912023 0,000450
продающий 3,912023 0,000450
продовольственных 2,995732 0,000344
продолжается 1,560648 0,000179
продолжался 2,813411 0,000323
продолжающейся 3,218876 0,000370
продолжит 3,218876 0,000370
продолжительное 2,813411 0,000323
продолжительность 1,171183 0,000135
продукции 1,021651 0,000117
проект 0,400478 0,000138
проекта 0,616186 0,000071
проектам 2,040221 0,000235
проектах -0,009950 -0,000001
проектировался 3,506558 0,000403
проектом 2,040221 0,000235
проекту 1,049822 0,000845
проживал 3,506558 0,000403
проживали 1,660731 0,000191
проживало 1,514128 0,000522
проживающие 3,218876 0,000370
проживающих 2,659260 0,000306
произведения 1,427116 0,000328
произведенная 3,912023 0,000450
производитель 2,407946 0,000277
производства 0,616186 0,000213
производятся 2,659260 0,000306
произошел 1,171183 0,000135
произошло 0,733969 0,000084
произрастания 3,218876 0,000370
происходит 0,634878 0,000146
пройдет 2,120264 0,000487
прокат 2,813411 0,000323
прокофьевич 3,218876 0,000370
промсвязьбанка 3,506558 0,000403
промышленности 0,579818 0,000067
промышленность 0,693147 0,000319
промышленным 1,660731 0,000191
проникли 2,995732 0,000344
просмотра 2,040221 0,000235
просмотры -0,009950 -0,000001
проспект 1,021651 0,000587
проспекта 1,347074 0,000310
простирается 2,659260 0,000306
просуществовавшая 3,912023 0,000450
просуществовал 2,813411 0,000323
протестантов 2,995732 0,000344
протяженность 0,941609 0,000216
профессиональная 2,302585 0,000265
профессиональные 1,832581 0,000211
профессиональный 1,897120 0,000218
профессор 1,660731 0,000191
профиль 2,525729 0,000290
прохладнее 3,506558 0,000403
прохладный 3,912023 0,000450
проходила 1,966113 0,000226
проходит 0,693147 0,000159
проходящих 2,995732 0,000344
прочая 3,912023 0,000450
прочее 0,653926 0,000075
прошедшие 2,302585 0,000265
прошел 0,994252 0,000114
прошли 1,309333 0,001054
прошло 2,040221 0,000235
прошунин 3,912023 0,001349
прыжкам 2,525729 0,000290
прямого 2,302585 0,000265
прямоугольное 1,771957 0,000204
псевдо-скилак 3,912023 0,000450
псезуапсе 3,912023 0,000450
псоу 3,218876 0,001480
птицефабрика 3,218876 0,000370
птицы 2,207275 0,000254
публичные 2,659260 0,000306
пузанов 3,912023 0,000450
пузанова 3,912023 0,000450
пункт 1,203973 0,000138
пунктов 0,653926 0,000226
пункты 0,616186 0,000354
пустят 3,912023 0,000450
путеводитель 0,713350 0,000082
путина 2,302585 0,000265
путям 2,995732 0,000344
пушка 2,995732 0,000344
пушкина 1,139434 0,000393
пхенчхан 3,912023 0,000450
пчеловодство 3,912023 0,000450
пытались 2,120264 0,000244
пытаясь 3,218876 0,000370
пярну 3,506558 0,000403
пятигорск 2,813411 0,000647
пятое 2,207275 0,000254
пятым 2,995732 0,000344
пять 1,108663 0,000127
работать 1,108663 0,000127
работают 0,673345 0,000155
работу 0,693147 0,000080
работы 0,314711 0,000036
рабочий 1,427116 0,000164
раввин 3,506558 0,000403
равда 3,218876 0,000370
равноапостольного 2,659260 0,000611
равными 3,506558 0,000403
радиостанцией 3,506558 0,000403
раевского 3,218876 0,000370
раза 0,867501 0,000100
развернулось 2,813411 0,000323
развивающих 3,506558 0,000403
развили 3,218876 0,000370
развитая 2,040221 0,000235
развитие 0,314711 0,000109
развитии 1,078810 0,000124
развитию 0,843970 0,000097
развития 0,287682 0,000463
развиты 1,714798 0,000197
развлечений 2,659260 0,000306
разделе 0,776529 0,000089
разделения 1,966113 0,000226
разделил 2,525729 0,000290
разделить 2,525729 0,000290
раздольную 3,912023 0,000450
раздольский 3,912023 0,000899
различного 1,714798 0,000197
различным 1,469676 0,000169
размещения 0,843970 0,000097
разницы 3,506558 0,000403
разногласий 2,120264 0,000487
разного 2,407946 0,000277
разное 1,966113 0,000226
разработал 2,525729 0,000290
разработанный 1,966113 0,000226
разработчики -0,009950 -0,000001
разрушенная 3,218876 0,000370
район 0,597837 0,000687
района 0,673345 0,001084
районам 0,820981 0,000378
районах 0,941609 0,000216
районе 0,527633 0,000243
районная 2,659260 0,000917
районные 1,966113 0,000226
районов 0,562119 0,000388
районом 1,714798 0,000197
району 2,207275 0,001776
районы 0,653926 0,000301
рамку 3,912023 0,000450
рамн 2,302585 0,000265
раннего 1,897120 0,000218
раннее 2,659260 0,000917
ранние 1,660731 0,000191
ранним 3,506558 0,000806
ранняя 2,525729 0,000581
раньше 1,171183 0,000135
раскинулся 3,912023 0,000450
раскопок 2,525729 0,000290
располагается 0,994252 0,000114
располагалась 2,040221 0,000469
расположен 0,733969 0,000422
расположение 1,139434 0,000131
расположенные 1,514128 0,000522
расположенных 1,427116 0,000328
расположены 0,673345 0,000077
распоряжение 1,609438 0,000185
распределение 1,560648 0,000359
распределением 3,218876 0,000370
распространение 1,237874 0,000142
распространением 2,207275 0,000254
рассказал 2,302585 0,000265
расстояние 0,843970 0,000097
расстоянии 1,966113 0,000226
расстояний 1,469676 0,000169
расстояния 1,832581 0,000211
рассчитывать 3,912023 0,000450
растительность 1,427116 0,000164
расхн 2,995732 0,000344
расцвет 2,525729 0,000581
расчет 1,386294 0,000159
расчеты 2,813411 0,000323
расширена 2,407946 0,000554
расширение 0,527633 0,000061
расширения 1,514128 0,000174
рачу 3,912023 0,000450
реабилитации 2,813411 0,000323
реализации 0,994252 0,000114
реализован 1,660731 0,000191
революции 0,693147 0,000080
революция 1,427116 0,000164
регион 1,021651 0,000117
регионального 1,108663 0,000127
региональном 2,813411 0,000323
региональных 1,203973 0,000138
регионе 1,049822 0,000121
регионов 0,941609 0,000216
регулируемым 3,912023 0,000450
ред 0,235722 0,000054
редко 1,832581 0,000211
реже 2,302585 0,000265
резиденция 2,207275 0,000254
результат 1,469676 0,000169
результате 0,342490 0,000039
резьбой 3,218876 0,000370
рейнгольд 3,912023 0,000450
рейтинг 1,272966 0,000732
рейтинге 1,203973 0,000138
рейтинги 2,302585 0,000529
рейтинговое 2,407946 0,000277
рейтинговую 2,995732 0,000344
рейтинговые 3,218876 0,000740
рек 0,820981 0,000094
река 0,733969 0,000084
реке 0,713350 0,000082
реки 0,462035 0,000903
реконструкции 0,967584 0,000334
реконструкция 1,203973 0,000138
рекреационной 2,813411 0,000323
религиозном 3,506558 0,000403
религия 0,843970 0,000194
рельефа 1,514128 0,000174
ремонтно-механический 3,912023 0,000450
реорганизации 2,659260 0,000306
рескрипт 3,912023 0,000450
рескрипте 3,912023 0,000450
республика 0,843970 0,000291
республиканского 2,040221 0,000235
республики 0,916291 0,000421
ресурсов 0,798508 0,000092
ресурсоснабжающие 3,912023 0,000450
ресурсы 0,020203 0,000002
ретро 1,897120 0,000436
решение 0,755023 0,000087
риа 1,049822 0,000121
ривьера 3,218876 0,004070
ривьерский 3,912023 0,000450
ризе 3,218876 0,000370
римини 3,912023 0,000450
римом 3,506558 0,000403
римская 2,995732 0,000344
римско-католические 3,912023 0,000450
римско-католической 2,813411 0,000323
рио 2,407946 0,000277
ркка 1,966113 0,000678
рода 1,560648 0,000179
родному 2,813411 0,000323
родригез 3,912023 0,000450
рождаемости 2,120264 0,000244
роза 1,021651 0,000117
розничная 2,302585 0,000265
розничной 1,514128 0,000522
романтического 3,506558 0,000403
ромбическую 3,912023 0,000450
росбанка 3,506558 0,000403
россельхозбанка 3,912023 0,000450
россиева 3,912023 0,000450
россией 1,427116 0,000328
россии 0,186330 0,000857
российская 0,186330 0,000064
российский 0,634878 0,001022
российским 1,514128 0,000174
российскими 2,813411 0,000323
российских 0,733969 0,000169
российского 0,634878 0,000365
российской 0,385662 0,000931
россинский 3,912023 0,000450
россия 0,371064 0,000341
росстат 0,776529 0,000536
росстата 2,207275 0,000761
рост 0,967584 0,000222
ростелеком 1,386294 0,000159
ростов 2,120264 0,000244
ростова-на-дону 2,813411 0,000323
ростом 2,120264 0,000244
рпц 2,302585 0,000265
рсфср 0,733969 0,000591
руб 1,171183 0,000808
рубеж 2,525729 0,000290
рублей 0,755023 0,001042
руководителей 2,120264 0,000244
руководители 2,302585 0,000529
руководством 0,941609 0,000108
румыния 2,120264 0,000244
румынияконстанцатурция 3,912023 0,000450
румыны 1,897120 0,000218
рус 0,162519 0,000579
руси 1,347074 0,000155
русса 2,525729 0,000290
русские 0,544727 0,000250
русский -0,009950 -0,000001
русских 0,843970 0,000291
русско-турецкой 2,659260 0,000306
русского 0,494296 0,000170
русское 0,755023 0,000087
русской 0,673345 0,000077
русудан 3,912023 0,000450
русфинанс 3,506558 0,000403
ручей 2,040221 0,000235
рыбаковка 3,218876 0,000370
рыбальче 3,218876 0,000370
рыбного 2,995732 0,000344
рыбный 2,302585 0,000265
рынка 1,237874 0,000285
рынке 1,609438 0,000185
рынок 1,021651 0,000235
рысин 3,506558 0,000403
ряд 0,385662 0,000089
ряда 0,994252 0,000229
рядом 0,733969 0,000084
с-в 0,000000 0,000000
с-з 0,000000 0,000000
савельевич 3,506558 0,000403
савич 3,912023 0,000450
садоводство 3,218876 0,000370
саид 3,506558 0,000403
сайт 0,371064 0,000427
сайты 0,478036 0,000055
самая 0,798508 0,000092
саммит 2,120264 0,000731
самого 0,891598 0,000102
самое 0,994252 0,000114
самолет 1,897120 0,000218
самолетом 3,506558 0,000403
самоотверженную 3,912023 0,000450
самостоятельную 2,207275 0,000761
самоцвет 3,912023 0,000450
самсун 3,218876 0,000740
самсуну 3,912023 0,000450
самшвилде 3,912023 0,000450
самый 0,579818 0,000200
самым 0,653926 0,000075
самых 0,544727 0,000063
санаториев 2,525729 0,000871
санатории 2,525729 0,000290
санаторий 2,302585 0,003441
санатория 3,506558 0,002015
санаторно-курортного 3,218876 0,000370
санаторные 3,912023 0,000450
санкт-мориц 3,912023 0,000899
санкт-петербурга 1,514128 0,000348
санкт-петербурге 1,771957 0,000204
санному 3,912023 0,000450
саппоро 3,506558 0,000806
сараево 2,995732 0,000344
сарпи 3,218876 0,000370
саха 2,813411 0,000323
сбербанка 2,302585 0,000265
сванетию 3,912023 0,000450
свети-влас 3,218876 0,000370
светлана 2,302585 0,000529
светлогорск-отрадное 3,912023 0,000450
свидетельствует 1,771957 0,000204
свидетельствуют 2,407946 0,000277
свободной -0,009950 -0,000001
свое 0,616186 0,000283
своей 0,776529 0,000089
своеобразной 3,506558 0,000403
свои 0,755023 0,000087
своих 0,776529 0,000089
свой 0,653926 0,000075
свойство 0,653926 0,000150
свыше 0,891598 0,000102
свяжитесь -0,009950 -0,000001
связан 1,171183 0,000135
связана 1,078810 0,000124
связи 0,235722 0,000406
связывавший 3,912023 0,000450
связывает 2,040221 0,000235
связывают 1,609438 0,000185
связь 0,616186 0,000283
святейший 3,506558 0,000403
свято-николаевского 3,912023 0,000450
святого 1,078810 0,000620
святые 2,659260 0,000306
святых 1,427116 0,000164
священного 2,813411 0,000323
сгутикд 3,912023 0,000450
севастополь 1,771957 0,000407
севастопольский 3,506558 0,000403
севастополя 2,813411 0,000323
севера 0,941609 0,000108
севере 1,139434 0,000131
северная 1,078810 0,000124
северного 1,021651 0,000117
северной 0,693147 0,000159
северных 1,897120 0,000218
северо-восточном 3,218876 0,000370
северо-запада 2,302585 0,000265
северо-западного 2,302585 0,000529
северо-кавказскому 3,506558 0,000403
северский 3,218876 0,000370
сегодня 0,616186 0,000071
седьмого 1,609438 0,000185
сезон 1,347074 0,000619
сезона 1,609438 0,000185
сезоны 2,407946 0,000277
сек 3,218876 0,000370
секретари 2,995732 0,000344
села 1,203973 0,000277
селение 2,302585 0,000265
сельские 2,407946 0,000554
сельский 2,995732 0,001033
сельских 0,776529 0,000714
сельского 1,347074 0,000310
сельское 1,427116 0,000492
сельскохозяйственного 2,813411 0,000323
сельскохозяйственные 2,207275 0,000254
сельхозартель 3,912023 0,000450
сельхозкомбината 3,912023 0,000450
семеновод 3,912023 0,000450
семеном 2,995732 0,000344
семизначная 3,506558 0,000403
сен 2,407946 0,000554
сент 0,843970 0,000097
сентябре 0,994252 0,000114
сентября 0,072571 0,000209
сербы 1,897120 0,000218
сергеевич 2,302585 0,000529
сергеевка 2,995732 0,000344
сергей 0,967584 0,000334
сергей-поле 3,912023 0,000899
сергиевские 3,912023 0,000450
серго 3,218876 0,000370
серебряным 2,659260 0,000306
середине 0,562119 0,000065
серия 1,237874 0,000427
серноводск-кавказский 3,912023 0,000450
сетей 1,272966 0,000146
сети 0,494296 0,000114
сетях 1,139434 0,000262
сжатые 3,506558 0,000403
сжигает 3,912023 0,000450
силами 1,309333 0,000151
сильно 0,776529 0,000089
сильного 2,407946 0,000277
сильны 2,813411 0,000323
симеиз 3,218876 0,000740
симона 3,912023 0,000450
симфонический 1,897120 0,000436
синагоги 2,040221 0,000235
синагогу 3,912023 0,000450
синода 2,813411 0,000323
синоп 3,218876 0,000370
сирийского 3,912023 0,000450
сириус 2,995732 0,003099
систем 0,798508 0,000092
системеобсуждениевкладсоздать -0,009950 -0,000001
систему 0,673345 0,000155
сих 1,078810 0,000124
сияние 2,302585 0,000529
сияния 2,407946 0,000277
скадовск 3,218876 0,000370
скачать -0,009950 -0,000001
скво-вэлли 3,912023 0,000450
скелетону 3,912023 0,000450
складывание 3,912023 0,000450
склона 2,659260 0,000306
склонах 2,407946 0,000277
скобках 2,207275 0,000254
сколько 0,653926 0,000075
скоростной 2,120264 0,000487
скорость 0,867501 0,000100
скотоводство 3,506558 0,000403
слабо 1,966113 0,000226
славянск-на-кубани 3,506558 0,000403
славянский 2,302585 0,000265
следующие 0,544727 0,000063
следующим 1,386294 0,000159
следы 2,302585 0,000529
слов 1,560648 0,000179
словари 0,116534 0,000013
словарь 0,274437 0,000063
сложилась 1,832581 0,000211
сложности 1,347074 0,000310
сложным 0,867501 0,000100
служб 2,302585 0,000265
служба 0,693147 0,000159
случаях -0,009950 -0,000001
слушания 2,659260 0,000306
сменила 3,506558 0,000403
смену 1,966113 0,000226
смешанной 2,995732 0,000344
смещение 0,798508 0,000092
снг 1,714798 0,000197
снега 1,771957 0,000204
снегопады 3,218876 0,000370
снимка 3,912023 0,000450
снк 2,659260 0,000306
сноуборду 3,912023 0,000450
снялся 3,506558 0,000403
соболевку 3,912023 0,000450
собор 0,755023 0,000260
собора 1,108663 0,000382
соборной 2,120264 0,000487
собором 2,040221 0,000235
собран 2,995732 0,000344
собрания 1,139434 0,000262
собственно 1,386294 0,000159
собственные 1,469676 0,000169
события 1,108663 0,000255
событияпожертвовать -0,009950 -0,000001
совершенно 2,302585 0,000265
совета 0,798508 0,000367
советская 0,371064 0,000043
советский 0,755023 0,000087
советского 0,776529 0,000179
советское 0,994252 0,000229
советской 0,755023 0,000087
советскую 2,659260 0,000306
совещание 2,659260 0,000306
совместно 1,427116 0,000164
совпало 2,995732 0,000344
современного 0,653926 0,000226
современной 0,579818 0,000133
современных 0,713350 0,000164
совхоза 2,813411 0,000323
согласно 0,301105 0,000277
соглашение 1,139434 0,000131
согревает 3,912023 0,000450
содержание 0,010050 0,000001
создан 0,693147 0,000159
создана 0,891598 0,000205
созданию 1,609438 0,000185
созданы 1,078810 0,000124
создаются 2,040221 0,000235
созопол 3,218876 0,000370
сокращения 1,714798 0,000197
солдат 2,120264 0,000244
солдатов 3,506558 0,000403
солнечного 1,714798 0,000197
солнечное 2,525729 0,000581
солнечный 0,843970 0,000097
солнечных 2,207275 0,000254
соловьев 2,040221 0,000469
солохаульский 3,912023 0,001349
солт-лейк-сити 3,912023 0,000450
сообщению 2,995732 0,000344
сообщить -0,009950 -0,000001
сооружения 0,941609 0,000216
сооружениях 2,525729 0,000290
соответствующих 1,609438 0,000185
сопротивление 2,407946 0,000554
соревнований 1,771957 0,000204
соревнования 1,514128 0,000348
соседней 3,218876 0,000370
сосредоточена 2,407946 0,000277
состав 0,400478 0,000414
состава 1,171183 0,000269
составе 0,616186 0,000283
составил 0,916291 0,000737
составили 1,660731 0,000382
составляет 0,314711 0,000253
составляла 1,272966 0,000293
составляли 1,660731 0,000191
составляют 0,798508 0,000184
состояние 0,733969 0,000169
состоянию 0,544727 0,000125
софиевка 3,218876 0,000370
сохранение 1,609438 0,000185
сохранением -0,009950 -0,000002
сохранения 1,660731 0,000191
сохранив 2,995732 0,000344
сохранил 2,659260 0,000306
сохранилась 2,120264 0,000244
социально-экономического 1,237874 0,000569
социально-экономическом 2,525729 0,000290
социального 1,966113 0,000226
социальных 0,941609 0,000216
сочетает 3,506558 0,000403
сочи 1,514128 0,052565
сочи-бриз-отель 3,912023 0,000450
сочи-мацестинский 3,912023 0,000450
сочи-мацестинского 3,912023 0,000899
сочиведение 3,912023 0,000450
сочивнутригородские 3,912023 0,000450
сочинакануне 3,912023 0,000450
сочинеруд 3,912023 0,000450
сочинская 3,506558 0,003225
сочинские 3,912023 0,000899
сочинский 3,506558 0,014512
сочинским 3,912023 0,000450
сочинских 3,912023 0,000450
сочинского 3,912023 0,004947
сочинское 3,912023 0,001349
сочинской 3,912023 0,001349
сочинском 3,912023 0,000899
сочинскую 3,912023 0,000450
сочинцев 3,912023 0,000450
сочистатистика 0,000000 0,000000
сочистрим 3,912023 0,000450
союз 1,203973 0,000415
союзниками 3,506558 0,000403
спб 0,385662 0,000044
спектр 1,897120 0,000218
специализированные 2,120264 0,000244
специально 1,714798 0,000197
специальные 1,660731 0,000191
список 0,248461 0,000086
спонсоров 3,912023 0,000450
спонсором 3,506558 0,000403
спорная 2,407946 0,000277
спорной 2,120264 0,000244
спорную 2,040221 0,000938
спорт 0,776529 0,000179
спорта 0,916291 0,000211
спортивные 1,078810 0,000248
спортивных 1,108663 0,000637
спорту 1,897120 0,000654
способствовало 1,609438 0,000185
справка 1,272966 0,000146
справочник 0,916291 0,000316
спуске 3,218876 0,000370
сравнению 1,078810 0,000124
среди 0,198451 0,000137
средиземноморский 3,218876 0,000370
средневековая 2,407946 0,000277
средневековой 2,040221 0,000235
средневековье 2,659260 0,000917
среднегодовая 1,078810 0,000496
среднегодовое 1,897120 0,000218
среднем 0,693147 0,000080
среднемесячная 1,771957 0,000204
средние 0,941609 0,000108
средний 0,494296 0,000114
средним 1,832581 0,000632
средних 1,078810 0,000372
средняя 0,510826 0,000176
средств 0,597837 0,000069
средства 0,415515 0,000048
срок 1,237874 0,000142
сроки 1,966113 0,000226
српски 0,000000 0,000000
српскохрватски 0,000000 0,000000
сср 0,820981 0,000094
ссср 0,314711 0,000724
сссргорода 2,813411 0,000323
ссылка 0,274437 0,000095
ссылками 0,186330 0,000064
ссылкамивикипедия 1,609438 0,000185
ссылкасведения -0,009950 -0,000001
ссылки -0,009950 -0,000007
ссылкойвикипедия 1,660731 0,000191
стабильная 0,994252 0,000114
стабильным 2,659260 0,000306
ставрополь 2,207275 0,000254
ставшие 2,302585 0,000265
стадион 1,108663 0,000127
стадионе 1,966113 0,000226
стал 0,314711 0,000145
стала 0,462035 0,000053
стали 0,430783 0,000050
сталина 2,040221 0,001642
сталинский 2,302585 0,000529
стандарта 2,120264 0,000244
стандарте 2,525729 0,000581
станет 1,309333 0,000151
становится 0,527633 0,000121
станут 2,120264 0,000244
станцию 1,897120 0,000218
старая 0,430783 0,000099
старейших 1,309333 0,000151
староминский 3,506558 0,000403
старосты 2,995732 0,000344
стартует 2,813411 0,000323
старый 1,049822 0,000121
стат 2,302585 0,000529
статистика -0,009950 -0,000001
статистики 0,713350 0,000164
статистический 0,755023 0,001042
статистических 2,040221 0,000469
статус 0,510826 0,000235
статуса 1,309333 0,000452
статусом 1,171183 0,000404
статьевикипедия 1,660731 0,000191
статьестатьи 0,843970 0,000097
статьи 0,072571 0,000092
статьислучайная -0,009950 -0,000001
статьисообществофорумсправкасвежие -0,009950 -0,000001
статья 0,105361 0,000133
статьяобсуждение -0,009950 -0,000001
статьятекущие -0,009950 -0,000001
стационарной 1,832581 0,000211
стела 1,469676 0,000169
стен 1,771957 0,000204
стеной 2,302585 0,000265
стены 1,771957 0,000204
степанович 2,525729 0,000290
степени 0,843970 0,000097
стиле 0,994252 0,000343
стилей 2,120264 0,000244
стиль 1,714798 0,000197
стоит 1,237874 0,000142
столица 0,967584 0,000334
столицей 1,171183 0,000404
столицы 1,049822 0,000241
столичных 2,659260 0,000306
столько 1,832581 0,000211
сторожевых 3,912023 0,000450
сторонам 2,302585 0,000265
сторонах 2,995732 0,000344
стороне 1,139434 0,000131
сторону 1,171183 0,000269
стороны 0,430783 0,000050
стоял 2,302585 0,000265
стоянка 2,525729 0,000290
стр 1,309333 0,000753
страбон 2,813411 0,000323
страбона 3,218876 0,000370
стран 0,597837 0,000069
страна 0,462035 0,000106
стране 0,867501 0,000399
страница -0,009950 -0,000001
страницасодержаниеизбранные -0,009950 -0,000001
страницецитировать -0,009950 -0,000001
страницуполучить -0,009950 -0,000001
страницы -0,009950 -0,000006
страницыслужебные -0,009950 -0,000001
страну 2,207275 0,000254
страны 0,634878 0,000365
стрелке 2,120264 0,000244
строений 1,660731 0,000191
строительных 1,427116 0,000164
строительства 0,673345 0,000387
строительстве 1,078810 0,000248
строительство 0,510826 0,000646
строителя 3,912023 0,000450
строится 1,272966 0,000146
стройматериалы 3,218876 0,000370
строятся 1,714798 0,000197
структура 0,967584 0,000111
студентов 1,272966 0,000293
субаши 3,912023 0,000450
субботин 3,506558 0,000403
субтропики 3,506558 0,000403
субтропиков 3,912023 0,000899
субтропический 2,207275 0,000507
субтропическим 2,995732 0,000344
субтропических 2,813411 0,001294
субъект 0,820981 0,000094
субъекта 2,302585 0,000265
субъектов 0,755023 0,000087
судак 2,525729 0,000290
судить 3,506558 0,000403
судостроительная 3,912023 0,000450
сукко 3,218876 0,000370
суточный 0,820981 0,000189
сухум 2,659260 0,000611
сухуми 3,912023 0,000450
существовал 1,469676 0,000169
существовала 1,386294 0,000159
существуют 0,162519 0,000056
существующая 2,995732 0,000344
сфера 1,347074 0,000155
сферы 1,309333 0,000301
сформировано 2,302585 0,000265
схема 1,386294 0,000159
сходства 3,506558 0,000806
схожими 3,506558 0,000403
сценический 3,912023 0,000450
счет 0,673345 0,000155
считается 0,693147 0,000159
сша 0,562119 0,000065
сыграны 3,506558 0,000403
сюдасвязанные -0,009950 -0,000001
таблица 0,653926 0,000376
табличной 1,309333 0,000151
таджики 1,347074 0,000155
также 0,000000 0,000000
такие 0,261365 0,000060
таким 0,527633 0,000061
таких 0,510826 0,000059
такси 1,021651 0,000235
такую 2,525729 0,000290
тамань 2,813411 0,000323
тамара 2,407946 0,000277
тамары 3,506558 0,000403
тамиск 3,912023 0,000450
тао-кларджети 3,506558 0,000403
тараскуль 3,912023 0,000450
тарашкев 0,000000 0,000000
тарнопольский 3,912023 0,000450
татарча 0,000000 0,000000
татары 0,798508 0,000367
татьяна 1,609438 0,000185
тбилиси 2,813411 0,000323
тбилисский 3,506558 0,000403
твой 2,407946 0,000277
творчества 1,514128 0,000174
театр 0,713350 0,000738
театра 1,021651 0,000117
театры 0,941609 0,000325
теберда 3,912023 0,000450
текст -0,009950 -0,000001
текущем 0,544727 0,000063
телевидение 0,967584 0,000111
телевидения 1,237874 0,000142
телеграфа 3,218876 0,000370
телеканалом 3,506558 0,000403
телесистемы 2,659260 0,000306
телефония 2,813411 0,000323
телефонные 2,407946 0,000277
телефонный 0,776529 0,000179
тематические 0,510826 0,000059
темно-серая 3,912023 0,000450
темп 2,302585 0,000265
температура 0,562119 0,000388
температуры 1,139434 0,000131
темрюк 2,525729 0,000290
темрюкский 3,218876 0,000370
теплая 2,525729 0,000290
теплолюбивых 3,506558 0,000403
теплый 1,609438 0,000370
термина 0,400478 0,000046
терминал 1,771957 0,000407
терра 2,659260 0,000306
террасы 2,525729 0,000290
территориальное 2,659260 0,000306
территориальных 0,776529 0,000536
территорией 1,469676 0,000169
территории 0,400478 0,001059
территорий 1,049822 0,000121
территорию 0,941609 0,000649
территория 0,755023 0,000868
территориям 2,525729 0,000290
терсинка 3,912023 0,000450
техникум 1,714798 0,000197
техническая 1,714798 0,000197
технологии 0,798508 0,000092
течение 0,527633 0,000182
тиб 3,912023 0,000450
тильке 3,912023 0,000450
тимашевск 3,506558 0,000403
тимашевский 3,506558 0,000403
тип 0,356675 0,000123
типа 0,462035 0,000159
типичный 2,407946 0,000277
титулов 3,912023 0,000450
тихорецк 2,813411 0,000323
тихорецкий 3,506558 0,000403
тишково 3,912023 0,000450
тов 3,506558 0,000806
товарный -0,009950 -0,000001
товаров 1,049822 0,000241
товарооборот 2,995732 0,000344
товарооборота 2,995732 0,000344
тольятти 1,514128 0,000174
томах 1,832581 0,000211
топ 1,347074 0,000155
топонимический 0,798508 0,000092
торговали 3,506558 0,000403
торговли 0,867501 0,000798
торговля 1,021651 0,000470
торгового 1,832581 0,000211
торговой 2,207275 0,000254
торговый 1,237874 0,000854
торговым 2,207275 0,000254
торговыми 1,897120 0,000218
торговых 1,108663 0,000127
торжества 3,506558 0,000403
торонто 3,506558 0,000403
торопов 3,912023 0,000450
точек 2,120264 0,000244
трабзон 3,218876 0,001480
трамплина 2,995732 0,000344
транзитного 1,897120 0,000218
транспорт 0,693147 0,000478
транспорта 0,776529 0,000179
транспортная 1,237874 0,000142
транспортного 1,660731 0,000191
транспортный 1,171183 0,000269
транспортным 1,714798 0,000197
транспортных 0,891598 0,000102
транспортом 1,469676 0,000338
трансформации 2,525729 0,000290
трансформируется 3,506558 0,000403
трасса 1,427116 0,000164
тренды 3,912023 0,000450
третий 1,203973 0,000138
третьем 2,302585 0,000265
третья 1,609438 0,000185
трешки 3,912023 0,000450
трлн 2,207275 0,000254
троллейбус 0,994252 0,000114
тропам 3,506558 0,000403
трубопроводного 2,995732 0,000344
труднодоступна 3,506558 0,000403
трудящихся 2,120264 0,000487
трущобам 3,912023 0,000450
туапсе 1,897120 0,001745
туапсинский 3,218876 0,000370
туапсинским 3,912023 0,000450
туапсинского 3,912023 0,000899
тур 2,407946 0,000277
туре 2,659260 0,000306
туризм 1,347074 0,000619
турин 3,506558 0,000403
туристическая 2,207275 0,000507
туристических 1,966113 0,000452
туристов 1,560648 0,000179
туристско-рекреационная 3,912023 0,000450
туристы 2,040221 0,000235
турки 1,832581 0,000632
турок 2,659260 0,000306
турцию 3,506558 0,000403
турция 2,207275 0,000507
тхагапш 3,912023 0,000450
тыла 1,897120 0,000218
тыс 0,430783 0,000198
тысяч 0,415515 0,000334
тысячелетии 2,813411 0,000323
тысячи 0,597837 0,000137
тэс 3,912023 0,001349
тюменский 2,995732 0,000344
убрав 2,040221 0,000235
убыхи 3,912023 0,000450
убыхов 3,912023 0,000450
убыхское 3,912023 0,000899
увеличилось 1,309333 0,000151
увенчалась 3,912023 0,000450
увильды 3,912023 0,000450
угадывались 3,912023 0,000450
удаленный 2,525729 0,000290
удалось 1,237874 0,000285
уделяется 2,659260 0,000306
удмуртукра 0,000000 0,000000
удостоены 2,302585 0,000265
удотов 3,912023 0,000450
узбеки 1,386294 0,000159
узел 0,891598 0,000205
узла 1,966113 0,000226
узлом 1,609438 0,000185
указ 0,941609 0,000108
указавшим 3,912023 0,000450
указан 0,139262 0,000032
указана 1,427116 0,000164
указанием -0,009950 -0,000001
указанного 1,078810 0,000124
указано 0,733969 0,000253
указом 0,941609 0,000325
указывают 2,525729 0,000290
украина 1,560648 0,000359
украиной 1,966113 0,000452
украинцев 2,659260 0,000306
украинцы 0,891598 0,000307
украины 0,616186 0,000071
укрепление 2,407946 0,000830
укрепления 1,966113 0,000226
улиц 0,891598 0,000102
умеренных 2,207275 0,000254
универсальный 2,407946 0,000277
университет 0,562119 0,000323
университета 0,446287 0,000257
университете 1,560648 0,000179
уполномоченные 3,506558 0,000403
упоминает 2,995732 0,000344
упр 2,813411 0,000323
управлением 1,427116 0,000164
управляемый 3,506558 0,000403
упрочить 3,912023 0,000450
уралсиба 3,912023 0,000450
урбаника 2,995732 0,001033
уреки 3,218876 0,000370
уровне 0,916291 0,000105
уровнем 0,798508 0,000459
уровню 1,897120 0,000218
уровня 0,634878 0,000146
урсдон 3,912023 0,000450
уругвай 3,218876 0,000370
усатово 3,218876 0,000370
усвоении 3,912023 0,000450
усилившейся 3,912023 0,000450
усилий 2,525729 0,000290
условий -0,009950 -0,000001
условия -0,009950 -0,000003
услуг 0,967584 0,000445
услуги 0,994252 0,000571
усолье 2,813411 0,000647
успенский 1,514128 0,000174
успенского 2,525729 0,000290
успехом 2,120264 0,000244
устав 0,941609 0,000108
установилась 3,218876 0,000370
установлен 0,941609 0,000325
установлении 1,771957 0,000407
устарела 2,040221 0,000235
устройство 1,021651 0,000235
уступает 2,659260 0,000306
уступая 2,207275 0,000254
усть-качка 3,506558 0,000403
усть-лабинск 3,218876 0,000370
усть-лабинский 3,506558 0,000403
устье 0,994252 0,000457
утвердило 3,506558 0,000403
утверждал 2,813411 0,000323
утверждении 1,427116 0,000164
утверждениями 0,713350 0,000082
утришский 3,912023 0,000450
участие -0,009950 -0,000001
участка 1,609438 0,000185
участке 1,469676 0,000169
участок 1,203973 0,000277
учебник 1,771957 0,000204
учебные 1,108663 0,000255
учебных 1,049822 0,000121
учетную -0,009950 -0,000001
учетом 0,755023 0,000347
учреждений 0,891598 0,000102
учреждения 0,843970 0,000194
учреждены 2,813411 0,000323
фабрициуса 3,912023 0,000450
фаддея 3,912023 0,000450
фактически 0,916291 0,000105
факторий 3,912023 0,000450
факторы 2,207275 0,000507
фасады 2,813411 0,000323
фев 2,525729 0,000581
февр 0,820981 0,000094
февральской 2,302585 0,000265
февраля 0,051293 0,000177
федеральная 0,713350 0,000410
федерального 0,673345 0,000310
федеральное 1,832581 0,000211
федеральной 0,891598 0,000102
федеральный 0,653926 0,000150
федерации 0,544727 0,001190
федерация 1,714798 0,000197
федор 1,560648 0,000179
федорович 1,771957 0,000407
фейхоа 3,912023 0,000450
феодосия 1,966113 0,000452
ферма 2,813411 0,000323
фермеров 3,912023 0,000450
фестивале 2,407946 0,000277
фестивали 1,427116 0,000328
фестиваль 1,139434 0,000786
фестиваль-конкурс 3,912023 0,000450
фестивальный 2,995732 0,000344
фестиваля 1,714798 0,000197
фехверковой 3,912023 0,000450
фигурному 2,659260 0,000306
физико-географическая 0,843970 0,000194
физико-географическое 2,659260 0,000306
фиксированная 3,912023 0,000450
фиксированной 2,040221 0,000469
филателии 1,609438 0,000370
филиал 0,798508 0,000551
филиалов 1,347074 0,000155
фин 2,525729 0,000290
финала 2,995732 0,000689
финам 3,506558 0,000403
финансов 1,897120 0,000218
финансово-юридический 3,912023 0,000450
финансового 1,897120 0,000218
финансовые 1,897120 0,000218
финансы 0,798508 0,000184
финляндия 1,832581 0,000211
фишт 3,506558 0,000806
флаг 0,673345 0,000155
флот 1,832581 0,000211
флота 1,560648 0,000179
фонд -0,009950 -0,000003
фонда 1,309333 0,000602
фонтан 1,609438 0,000185
форбс 2,813411 0,000970
форелеводческое 3,912023 0,000899
форматах 2,995732 0,000344
форме 0,941609 0,000108
формировался 3,506558 0,000403
формирования 1,108663 0,000127
формируемый 3,506558 0,000403
формируют 2,525729 0,000290
формулы 3,912023 0,001349
форос 3,218876 0,000370
форт 3,218876 0,000740
форта 3,912023 0,001349
форты 3,218876 0,000370
фотографии 1,203973 0,000138
франция 1,560648 0,000179
фристайлу 3,912023 0,000450
фронту 2,995732 0,000344
фронштейна 3,912023 0,000450
фрунзе 2,525729 0,000581
фуникулер 2,995732 0,001033
фуникулера 3,506558 0,000806
фуникулеры 3,506558 0,000806
функции 1,049822 0,000121
функционировала 3,506558 0,000403
футболу 1,560648 0,001076
футбольный 1,203973 0,000277
хаджибей 3,218876 0,000370
хадыженск 3,506558 0,000403
хальмг 0,000000 0,000000
характеристика 0,713350 0,000164
характеристики 1,660731 0,000191
хатуов 3,912023 0,000450
херсонская 2,525729 0,000290
хизирович 3,912023 0,000450
хилово 3,912023 0,000450
хлебозавод 2,659260 0,000306
хлебокомбинат 3,912023 0,000450
хлудова 3,912023 0,000450
ходе 0,562119 0,000129
хозяев 3,506558 0,000403
хозяйства 0,755023 0,000087
хозяйстве 2,659260 0,000306
хозяйство 0,713350 0,000574
хоккейная 2,040221 0,000235
хоккейной 1,966113 0,000226
хоккею 1,347074 0,000155
холодный 1,771957 0,000204
холодных 2,302585 0,000265
хорватия 2,525729 0,000290
хорлы 3,218876 0,000370
хоровые 3,912023 0,000899
хорошей 2,995732 0,000344
хоста 2,995732 0,001378
хосте 3,506558 0,000403
хостинская 3,912023 0,000450
хостинский 3,912023 0,001799
хостинскому 3,912023 0,000450
хосты 3,912023 0,000899
хотя 0,653926 0,000150
хотят 2,407946 0,000277
храм 0,843970 0,000291
храма 1,272966 0,000293
храмов 1,386294 0,000637
храмом 1,897120 0,000218
храму 2,995732 0,000344
храмы 1,049822 0,000241
хребта 2,302585 0,000265
хребты 2,659260 0,000306
христиан 1,771957 0,000204
христианам 3,912023 0,000450
христианизацию 3,912023 0,000450
христианское 3,912023 0,000450
христианства 2,659260 0,000611
художественный 1,171183 0,000404
царево 3,218876 0,000370
царица 2,995732 0,000344
царицы 3,218876 0,000370
царский 2,525729 0,000290
царским 2,995732 0,000344
царств 3,506558 0,000403
царства 1,469676 0,000676
царстве 3,912023 0,000450
царство 2,040221 0,001642
царствования 2,659260 0,000306
царь 1,966113 0,000226
царя 1,469676 0,000169
цветов 1,966113 0,000226
цветоводства 3,506558 0,000403
целом 0,755023 0,000174
цене 3,506558 0,000403
центр 0,400478 0,000598
центра 0,562119 0,000129
централизованного 2,813411 0,000323
централизованную 3,506558 0,000403
центральная 0,755023 0,000087
центральном 1,714798 0,000197
центральному 2,813411 0,000323
центральную 1,832581 0,000211
центральный 0,673345 0,000387
центральных 1,427116 0,000164
центрами 1,469676 0,000338
центре 0,673345 0,000077
центров 0,776529 0,000089
центром 0,713350 0,000246
церемонии 2,659260 0,000306
церквей 1,560648 0,000179
церкви 0,916291 0,000421
цик 2,207275 0,000254
цирк 1,078810 0,000248
цитрусовых 3,912023 0,000450
цифрам 3,912023 0,000450
цифрах 1,966113 0,000226
цифровое 1,514128 0,000174
цифровые 0,673345 0,000077
цифру 3,218876 0,000740
цифры 1,714798 0,000197
цсу 2,659260 0,000306
цхуми 3,912023 0,000450
чай 3,218876 0,001480
чайные 3,912023 0,000450
чакви 3,218876 0,000370
часов 1,078810 0,000124
часовен 2,407946 0,000277
часовой 0,755023 0,000260
частей 1,139434 0,000262
части 0,198451 0,000137
частично 0,653926 0,000150
частности 0,462035 0,000053
частные 1,514128 0,000174
часто 0,415515 0,000096
частому 3,912023 0,000450
часть 0,105361 0,000218
чаще 1,171183 0,000135
чая 3,506558 0,000403
чел 0,713350 0,000984
челнов 3,912023 0,000450
человек 0,400478 0,000691
человека 0,579818 0,000333
человеческие 2,407946 0,000277
человеческого 2,120264 0,000244
челтенхем 3,912023 0,000450
чемал 3,506558 0,000403
чемпионат 1,237874 0,000712
чемпионата 1,309333 0,001054
чему 1,897120 0,000218
червонна 0,000000 0,000000
черкасов 3,506558 0,000403
черкесов 2,995732 0,000689
черкесская 3,506558 0,000403
черкесский 3,506558 0,000806
черкесских 3,912023 0,000450
черкесского 3,912023 0,000450
черкесы 1,832581 0,000632
черно-синяя 3,912023 0,000450
черного 1,609438 0,002405
черное 2,040221 0,000469
черном 2,659260 0,000306
черноморск 3,506558 0,000403
черноморский 2,525729 0,000290
черноморским 3,506558 0,000403
черноморского 2,407946 0,002491
черноморское 2,120264 0,001706
черноморской 3,506558 0,000806
черноморском 3,218876 0,000370
черноморье 3,506558 0,000403
чернопятов 3,912023 0,000450
черте 1,272966 0,000146
черту 1,714798 0,000197
черты 1,203973 0,000277
честь 0,562119 0,000065
четко 1,897120 0,000218
четыре 0,713350 0,000164
чехи 2,040221 0,000235
чеченской 3,218876 0,000370
чеченцы 1,714798 0,000197
чинец 0,000000 0,000000
чинка 0,000000 0,000000
чинцы 0,000000 0,000000
числе 0,248461 0,000314
численности 0,653926 0,000827
численность 0,653926 0,002406
численностью 1,049822 0,000241
число 0,478036 0,000110
числом 2,525729 0,000290
числу 1,514128 0,000174
читатьтекущая 1,237874 0,000142
членов 1,272966 0,000293
членство 2,813411 0,000647
чуваши 1,237874 0,000142
чумаков 3,912023 0,000450
чуркин 3,506558 0,000403
шабла 3,218876 0,000370
шаблон 1,660731 0,000191
шаблонами 0,634878 0,000073
шабо 3,218876 0,000370
шамони 3,912023 0,000450
шапсуги 2,995732 0,000689
шапсугский 3,912023 0,000450
шатер 3,912023 0,000450
шафрановский 3,912023 0,000450
шахматам 2,659260 0,000306
швед 3,218876 0,000370
швеция 2,120264 0,000244
шекветили 3,218876 0,000370
шепси 3,218876 0,000740
шесть 1,272966 0,000146
шира 3,912023 0,000450
шириной 1,966113 0,000226
широкая 2,407946 0,000277
широко 0,673345 0,000077
широком 2,120264 0,000244
широкополосный 2,995732 0,000344
широте 2,207275 0,000254
широты 1,832581 0,000211
школ 0,994252 0,000229
школьников 1,966113 0,000226
шмаковка 3,912023 0,000450
шорт-треку 3,912023 0,000450
шос 2,813411 0,000323
щербиновский 3,218876 0,000370
щуко 3,506558 0,000403
щусев 3,912023 0,000450
эгриси 3,506558 0,000403
эгриси-лазика 3,912023 0,000450
эделькопф 3,912023 0,000450
экз 0,415515 0,000048
эклектики 2,659260 0,000611
экологии 1,203973 0,000138
экологическую 2,407946 0,000277
экономика 0,510826 0,000294
экономики 0,713350 0,000164
экономико-географа 3,506558 0,000403
экономико-технологический 3,218876 0,000370
экономику 1,897120 0,000436
экономический 1,139434 0,000262
экран 2,659260 0,000306
экскурсионных 3,506558 0,000403
эксперты 2,040221 0,000469
экспорт -0,009950 -0,000001
экстремальных 2,659260 0,000306
электрички 2,302585 0,000265
электропоезда 2,207275 0,000254
электропоездами 2,813411 0,000323
электропоездов 2,407946 0,000277
электроэнергии 1,660731 0,000191
элементы 0,891598 0,000102
эллинском 3,912023 0,000450
эль-фа 3,912023 0,000450
эмиратов 3,912023 0,000450
энергетика 1,660731 0,000191
энергии 1,514128 0,000174
энциклопедии -0,009950 -0,000002
энциклопедический 0,733969 0,000084
энциклопедия 0,210721 0,000097
эпоху 1,386294 0,000159
эрзянь 0,000000 0,000000
эриставства 3,912023 0,000450
эры 1,560648 0,000179
эспоо 3,912023 0,000450
эст 3,218876 0,000370
эстония 2,407946 0,000277
эстонцы 1,771957 0,000407
эта 0,000000 0,000000
этап 1,427116 0,000164
этим 0,693147 0,000080
этнографический 2,813411 0,000323
это 0,000000 0,000000
этому 0,755023 0,000087
эфорие 3,218876 0,000370
ю-в 0,000000 0,000000
ю-з 0,000000 0,000000
юбилеем 3,506558 0,000403
юбилейный 0,820981 0,000094
юга 1,171183 0,000135
юге 1,078810 0,000124
юго-восток 2,120264 0,000244
юго-запада 2,302585 0,000265
южнее 1,832581 0,000211
южного 1,139434 0,000393
южное 1,832581 0,000211
южную 1,832581 0,000211
южные 1,560648 0,000179
юнеско 1,660731 0,000191
юникредит 3,506558 0,000403
юношеская 2,120264 0,000244
юридический 1,714798 0,000197
юридического 2,525729 0,000290
юрий 1,203973 0,000277
юстиниану 3,912023 0,000899
юстиции 2,207275 0,000254
является 0,094311 0,000054
являются 0,248461 0,000029
являющейся 1,897120 0,000218
являющихся 2,120264 0,000244
язык 0,116534 0,000013
языками 1,386294 0,000159
языках -0,009950 -0,000001
языку 2,302585 0,000265
якобсона 3,912023 0,000899
яковлевич 2,813411 0,000323
якорь 2,813411 0,000323
ялта 2,659260 0,000917
янв 0,820981 0,000283
января 0,116534 0,000549
япония 1,897120 0,000218
яркие 2,813411 0,000323
яру 2,995732 0,000344
яселка 3,218876 0,000370
