аборигенных 3,912023 0,000500
абразионных 3,912023 0,000500
абрамиха 3,912023 0,000500
абсолютная 2,302585 0,000294
абсолютном 3,912023 0,000500
абсолютную 3,912023 0,000500
аварийном 2,813411 0,000359
августа 0,072571 0,000195
августе 0,994252 0,000127
автобусе 3,506558 0,000448
автоподтвержденных 2,120264 0,000271
автора 2,207275 0,000282
автореф 3,218876 0,000411
авторитетные 0,941609 0,000481
авторитетных 2,207275 0,000282
авторов 1,386294 0,000177
авторские 2,659260 0,000340
авторства -0,009950 -0,000001
агентства 1,714798 0,000219
агропромиздат 3,912023 0,000500
адмиралтейский 3,218876 0,000411
аза 3,912023 0,000500
азии 0,916291 0,000117
азота 1,832581 0,000468
ака 3,912023 0,000500
академик 1,660731 0,000212
академический 1,171183 0,000299
академическим 2,995732 0,000383
акатуйской 3,912023 0,000500
акатуя 3,912023 0,000999
аквасиб 3,912023 0,000999
акватории 1,660731 0,000849
аккредитованной 3,912023 0,000500
активистов 3,912023 0,000500
активисты 3,912023 0,000500
активно 0,755023 0,000096
активного 2,040221 0,000261
активности 1,560648 0,000199
акустического 3,506558 0,000448
александрович 1,609438 0,000206
алексеевич 2,040221 0,000261
алексей 1,049822 0,000134
алкилсульфатов 3,912023 0,000500
алт 3,506558 0,000448
алтайского 2,525729 0,000323
алтая 2,659260 0,000340
алфавитувикипедия 0,776529 0,000099
алфавитувсемирное 3,912023 0,000500
алфавитукарточка 2,207275 0,000282
алфавитуозера 3,912023 0,000500
альтернативные 2,302585 0,000294
алюминий 3,912023 0,000500
американскими 3,506558 0,000448
америки 1,966113 0,000502
амнундакан 3,912023 0,000500
амплитуду 3,912023 0,000500
амфипод 3,912023 0,000500
анализа 1,897120 0,000242
анатолий 1,714798 0,000219
анга 3,912023 0,000500
ангара 2,813411 0,005032
ангаро-байкальского 3,912023 0,000500
ангаро-байкальскому 3,912023 0,000500
ангаро-енисейский 3,506558 0,000448
ангарский 2,995732 0,000383
ангару 3,506558 0,000896
ангары 2,995732 0,001148
ангасолка 3,912023 0,000500
ангелина 3,506558 0,000448
англ 0,174353 0,000089
андреевич 2,040221 0,000261
андрей 0,967584 0,000247
андриенко 3,912023 0,000500
анкилоз 2,995732 0,000383
аннотированный 3,506558 0,000448
ано 2,813411 0,000719
аносовка 3,912023 0,000500
антикитайская 3,912023 0,000500
антициклоническое 3,912023 0,000500
антропогенного 3,506558 0,001344
антропогенной 3,506558 0,000448
антропогенным 3,218876 0,000411
анютка 3,912023 0,000500
аппарате 3,912023 0,000500
аппаратов 2,407946 0,000923
аппараты 2,813411 0,000359
апреля 0,174353 0,001203
арабского 2,407946 0,000308
арала 3,506558 0,000448
арбитражный 2,207275 0,000282
ареал 3,506558 0,000448
артамонова 3,912023 0,000500
арх 0,544727 0,000139
археологический 3,218876 0,000411
археологических 2,525729 0,000323
архив 0,462035 0,000118
архивировано 0,020203 0,000240
архитектурной 2,525729 0,000323
астероидыскрытые 2,813411 0,000359
астрономические 3,218876 0,000411
атлас 1,272966 0,000325
атмосферу 1,514128 0,000193
аттестованным 3,506558 0,000448
аэрации 2,995732 0,000383
аэрофотосъемка 3,912023 0,000500
аяя 3,912023 0,001499
баай 3,912023 0,000500
бабушкин 3,506558 0,000448
бабха 3,912023 0,000500
багульник 3,506558 0,000448
база 0,916291 0,000117
базальтов 3,506558 0,000448
базы 1,108663 0,000142
бай 3,506558 0,000448
байгаал-далай 3,912023 0,000500
байгал 3,912023 0,001499
байгъал 3,912023 0,000500
байегу 3,912023 0,000500
байирку 3,912023 0,000500
байка 0,000000 0,000000
байкал 2,525729 0,048721
байкала 2,995732 0,035591
байкалбур 3,912023 0,000500
байкалводный 3,912023 0,000500
байкале 3,506558 0,021502
байкало-ленский 3,912023 0,000500
байкаловедение 3,912023 0,000500
байкалом 3,912023 0,000999
байкалу 3,218876 0,001234
байкальск 3,506558 0,000896
байкальская 2,995732 0,004592
байкальске 3,912023 0,000500
байкальские 3,506558 0,002240
байкальский 3,218876 0,009869
байкальскими 3,912023 0,000500
байкальских 3,912023 0,000500
байкальского 3,506558 0,002240
байкальское 3,912023 0,001999
байкальской 3,218876 0,004934
байкальском 3,506558 0,000896
байкальскую 3,912023 0,000999
байхаа 3,912023 0,000500
байхал 3,912023 0,000500
байырку 3,912023 0,000500
баланса 2,659260 0,000340
балла 2,995732 0,000765
баллов 2,302585 0,000588
балльного 3,912023 0,000500
балльном 3,912023 0,000500
банка 0,941609 0,000120
банки 1,560648 0,000399
банный 3,912023 0,000500
бар-остров 3,912023 0,000500
баранчик 3,912023 0,000500
баргузи 0,000000 0,000000
баргузин 3,218876 0,002467
баргузинские 3,912023 0,000500
баргузинский 3,218876 0,002056
баргуты 3,912023 0,000500
бартольд 3,912023 0,000500
бассейн 1,078810 0,000689
бассейна 1,386294 0,000708
бассейнового 2,525729 0,000323
бассейновому 3,912023 0,000500
бассейном 2,995732 0,000383
батиметрической 3,912023 0,000999
бахр-ал-бака 3,912023 0,000500
баш 3,506558 0,000448
баюрку 3,912023 0,000500
беглеца 3,912023 0,000500
беглецам 3,912023 0,000500
беглых 3,506558 0,000448
бегул 3,912023 0,000500
беднарук 3,912023 0,000500
бежать 3,506558 0,000448
безвестные 3,912023 0,000500
безголовка 3,912023 0,000500
безопасности 1,139434 0,000146
безымянка 3,506558 0,000448
безымянная 2,995732 0,000765
беларуская 0,000000 0,000000
беленую 3,912023 0,000500
белого 1,609438 0,000411
белокаменные 3,506558 0,000448
белокаменский 3,912023 0,000500
белый 1,514128 0,000193
белыми 3,218876 0,000411
бельгийско-испанско-российского 3,912023 0,000500
бельгия 2,525729 0,000323
бельки 3,912023 0,000500
бентоса 3,506558 0,000448
берег 1,021651 0,000392
берега 0,916291 0,000585
берегам 1,897120 0,000485
берегах 1,386294 0,000531
береговая 1,966113 0,000502
береговой 2,040221 0,001043
берегу 0,616186 0,000551
березовый 3,218876 0,001234
берем 3,912023 0,000500
берет 1,966113 0,000251
беркин 3,912023 0,000500
беспозвоночных 3,218876 0,000411
беспросветная 3,912023 0,000500
бессточных 2,813411 0,000359
библиографическими 2,995732 0,000383
библиографических 0,094311 0,000012
бикин 3,506558 0,000448
биогенного 3,912023 0,000500
биогенными 3,912023 0,000500
биогенных 3,912023 0,000500
биогеоценозом 3,912023 0,000500
биологии 2,207275 0,001128
биологической 3,912023 0,000500
биология 2,120264 0,000542
биолого-географический 3,912023 0,000500
биологов 3,218876 0,000411
биомассы 3,506558 0,001344
биоценозах 3,912023 0,000500
биракан 3,912023 0,001499
бирая 3,912023 0,000500
бирикачан 3,912023 0,000500
бирхин 3,912023 0,000500
благодаря 0,527633 0,000135
блаженного 3,218876 0,000411
ближайших 2,040221 0,000261
близ 1,237874 0,000158
близким 3,218876 0,000411
богато 2,995732 0,000383
богатое 3,218876 0,000411
богатый 2,659260 0,001019
богатырь 3,218876 0,000411
богатых 2,525729 0,000323
боедекер 3,912023 0,000500
боковых 3,912023 0,000500
болваниха 3,912023 0,000500
болгар 1,966113 0,000251
болдакова 3,912023 0,000500
болезнями 3,506558 0,000448
болота 2,407946 0,000308
болотный 2,995732 0,000383
большая 0,072571 0,000287
большей 1,078810 0,000276
большие 0,891598 0,000569
большинстве 1,386294 0,000354
большинство 0,597837 0,000229
большого 0,967584 0,000124
большое 0,544727 0,000348
большой 0,328504 0,000378
большую 0,891598 0,000114
борьбы 1,386294 0,000177
борются 3,506558 0,000448
ботками 3,912023 0,000500
бочка 3,912023 0,000999
бочку 3,912023 0,000500
боярский 3,218876 0,000411
бпк 0,000000 0,000000
браконьерами 3,912023 0,000500
браконьеров 3,912023 0,000500
браконьерскую 3,912023 0,000500
браконьерство 3,218876 0,001234
брались 3,506558 0,000448
братский 2,995732 0,000383
братского 3,912023 0,000500
брать 2,995732 0,000383
бриллиант 3,912023 0,000500
брокгауза 0,328504 0,000126
бронзового 2,525729 0,000323
броннерт 3,912023 0,000500
бросающимся 3,912023 0,000500
бугульдейка 3,912023 0,000999
бумаги 2,525729 0,000323
бур 3,218876 0,000822
бурение 3,218876 0,001234
бурения 3,912023 0,000999
бурно 3,506558 0,000448
бурное 2,659260 0,000340
буровщина 3,912023 0,000500
бурыкин 3,506558 0,000448
бурь 3,218876 0,000411
буряад 0,000000 0,000000
бурят 3,218876 0,001234
бурятами 3,912023 0,000500
бурятии 3,218876 0,001234
бурятииозера 3,912023 0,000500
бурятия 2,525729 0,001936
бурятские 3,506558 0,000448
бурятским 3,912023 0,000500
бурятскими 3,912023 0,000500
бурятских 3,912023 0,000500
бурятского 3,912023 0,001499
бурятское 3,506558 0,001344
бухаров 3,912023 0,000500
бухта 2,407946 0,001846
бухтами 3,912023 0,000500
бухтах 3,506558 0,000448
буянтуев 3,912023 0,000500
бцбк 3,912023 0,003498
български 0,000000 0,000000
бывает 1,660731 0,000849
бывают 1,897120 0,000242
бый-гал 3,912023 0,000500
быстрая 3,506558 0,000448
бытовые 2,813411 0,000359
бытовыми 3,912023 0,000500
бэйхай 3,912023 0,000500
важнейшим 2,407946 0,000308
важнейшую 3,218876 0,000411
важную 1,771957 0,000226
важным 1,386294 0,000177
вайгуол 3,912023 0,000500
вакуумных 3,912023 0,000500
вал 2,207275 0,000846
валами 3,506558 0,000448
валун 3,506558 0,000448
варианты 1,309333 0,000167
вариации 3,218876 0,000411
василия 1,771957 0,000226
вашла 0,000000 0,000000
вблизи 1,139434 0,000291
введена 1,897120 0,000242
вверх 1,832581 0,000234
вдоль 0,755023 0,000096
вегетация 3,912023 0,000500
ведется 0,994252 0,000254
ведут 1,832581 0,000234
век 0,733969 0,000094
века 0,248461 0,000127
веков 0,713350 0,000091
велика 2,407946 0,000308
великих 1,832581 0,000234
великобритании 1,897120 0,000242
великого 1,203973 0,000154
великому 2,525729 0,000323
величают 3,912023 0,000500
величественные 3,506558 0,000448
величием 3,912023 0,000500
величину 2,813411 0,000359
вернешься 3,912023 0,000500
вероятной 3,506558 0,000448
версии 0,446287 0,000114
версия -0,009950 -0,000004
вертикальный 3,912023 0,000500
верхне-ангарский 3,912023 0,000500
верхнее 2,040221 0,000261
верхнем 1,771957 0,000226
верхних 2,525729 0,000323
верхняя 1,108663 0,000425
верховик 3,912023 0,000500
верховный 2,207275 0,000282
вершин 3,218876 0,000411
веслоногих 3,506558 0,000448
весной 1,049822 0,000402
весны 1,966113 0,000251
веснянок 3,912023 0,000500
вести 0,843970 0,000108
ветер 1,832581 0,000234
ветеринарных 3,506558 0,000448
ветрами 2,407946 0,000308
ветрового 3,912023 0,000500
вечности 3,506558 0,000448
веществ 1,171183 0,000898
вещества 2,207275 0,000282
взвешенных 2,659260 0,000340
взрослого 2,995732 0,000383
взялось 3,912023 0,000500
взятых 2,813411 0,000719
взять 2,813411 0,000359
вид 0,494296 0,000253
видами 1,469676 0,000188
виде 0,235722 0,000151
видел 2,813411 0,000359
видно 2,407946 0,000308
видны 2,813411 0,000359
видов 0,616186 0,000787
видом 1,514128 0,000193
виду 1,966113 0,000251
виды 0,798508 0,000306
видят 2,995732 0,000383
визеу 3,912023 0,000500
викигидвикипедия 1,427116 0,000182
викигиде 0,776529 0,000099
викиданные 0,776529 0,000198
викиданными 2,813411 0,002156
викиданных -0,009950 -0,000001
викиданныхвикипедия 0,891598 0,000114
викимедиа -0,009950 -0,000001
википедии -0,009950 -0,000004
википедия -0,009950 -0,000009
викискладвикиновостивикицитатниквикигидэлемент 1,272966 0,000163
викискладе 0,174353 0,000022
викискладепутеводитель 0,713350 0,000091
викискладстатьи 0,891598 0,000114
викисловарецитаты 1,108663 0,000142
викисловарьстатьи 1,347074 0,000172
викитекемедиафайлы 1,272966 0,000163
викитеку 1,347074 0,000172
викицитатниквикипедия 2,407946 0,000308
викицитатникетексты 1,427116 0,000182
виноградова 3,218876 0,000411
включая 0,527633 0,000067
включение 2,207275 0,000282
включения 1,771957 0,000226
вкруг 3,912023 0,000500
владимира 1,309333 0,000167
власовский 3,506558 0,000448
влечет 3,506558 0,000448
влияние 0,776529 0,000298
влияния 1,609438 0,000411
влияют 2,659260 0,000340
влюбилась 3,912023 0,000500
вмерзшего 3,912023 0,000500
вместе 0,510826 0,000326
вместо 0,798508 0,000102
вмешательством 3,506558 0,000448
вне 1,560648 0,000199
внесен 2,659260 0,000340
внесенного 3,912023 0,000500
внешние 0,051293 0,000013
внешним 2,525729 0,000323
вниз 1,171183 0,000150
внимания 1,897120 0,000242
вновь 0,755023 0,000096
внутри 0,000000 0,000000
вовсе 2,525729 0,000323
вод 1,078810 0,001654
вода 1,203973 0,001230
водами 1,897120 0,000242
воде 1,966113 0,001005
водная 1,771957 0,000453
водного 1,171183 0,001047
водной 2,120264 0,001083
водную 3,506558 0,000448
водные 1,386294 0,000531
водный 1,237874 0,000158
водных 1,347074 0,000688
водоем 2,302585 0,000294
водоема 2,120264 0,001083
водоемов 1,966113 0,000502
водой 2,120264 0,000542
водообмен 3,506558 0,000448
водооборота 3,912023 0,000999
водопользования 3,218876 0,000822
водорослей 2,525729 0,002581
водоросли 2,659260 0,000679
водорослями 3,506558 0,000448
водосборакарточка 3,218876 0,000411
водосборного 2,813411 0,000719
водосборный 3,218876 0,000411
водотоков 2,995732 0,000765
водохозяйственный 3,912023 0,000500
водохранилища 1,272966 0,000488
водохранилище 1,609438 0,000822
воду 1,386294 0,001240
воды 0,653926 0,004427
водятся 2,302585 0,000294
военная 1,108663 0,000283
военные 1,237874 0,000316
военных 1,272966 0,000325
воз 3,912023 0,000500
возвышает 3,912023 0,000500
воздействие 1,514128 0,000193
воздействий 3,506558 0,000896
воздействия 1,714798 0,000657
воздух 1,660731 0,000212
воздуха 0,733969 0,000094
воздухом 2,659260 0,000679
возможно 0,867501 0,000332
возможность 0,616186 0,000079
возможны 2,207275 0,000282
вознесения 2,525729 0,000323
возникают 1,714798 0,000219
возобновить 3,218876 0,000411
возраст 1,897120 0,000242
вокзал 0,820981 0,000105
вокруг 0,693147 0,000443
волн 2,120264 0,000271
волна 1,427116 0,000182
волнений 3,912023 0,000500
волны 2,040221 0,000521
волшебные 0,040822 0,000005
волшебных 3,506558 0,000448
вольфрам-молибденового 3,912023 0,000500
волю 3,506558 0,000448
вообще 1,560648 0,000199
вопросах 2,813411 0,000719
вопросу 1,386294 0,000531
воробъев 3,912023 0,000500
ворота 1,347074 0,000172
вост 3,218876 0,000411
востока 1,078810 0,000138
востоке 1,108663 0,000142
восточно-сибирская 3,506558 0,000448
восточно-сибирское 2,407946 0,000308
восточного 1,386294 0,000177
восточной 0,693147 0,000266
восточном 1,897120 0,000242
вохмянина 3,912023 0,000500
вошла 1,609438 0,000206
впадало 3,912023 0,000500
впадающие 2,302585 0,001177
впадающих 2,525729 0,000323
впадин 3,506558 0,000448
впадине 3,218876 0,000411
впадины 2,995732 0,000765
впереди 3,218876 0,000411
впо 2,525729 0,000323
врангеля 2,659260 0,000340
вредителями 3,912023 0,000500
вредных 2,120264 0,000271
времени 0,186330 0,000024
временное 2,302585 0,000294
временной 2,659260 0,000340
время 0,030459 0,000031
всгаки 3,912023 0,000500
всевышний 3,912023 0,000500
всей 0,693147 0,000089
вселенский 3,912023 0,000500
всемирного 1,966113 0,001758
всемирное 2,995732 0,000765
всемирный 1,966113 0,000251
всероссийской 0,713350 0,000091
всесильного 3,912023 0,000500
всесоюзного 2,813411 0,000359
всестороннее 3,218876 0,000411
вскрытием 3,912023 0,000500
вслед 2,207275 0,000564
вследствие 1,203973 0,000308
встретилась 3,506558 0,000448
встретились 3,506558 0,000448
встречаются 1,272966 0,000163
всякой 3,218876 0,000411
всячины 3,912023 0,000500
втекали 3,912023 0,000500
вторичных 2,813411 0,000359
второго 1,139434 0,000146
второй 0,274437 0,000105
вулканов 3,506558 0,000448
вулканы 3,506558 0,000448
входящей 2,407946 0,000308
выборочные 3,912023 0,000500
выбросов 1,609438 0,000206
выбросы 1,771957 0,000226
выброшенный 3,506558 0,000448
выветривания 3,218876 0,000411
вывод 2,407946 0,000308
выдало 3,912023 0,000500
выдвинутая 3,506558 0,000448
выделен 2,040221 0,000261
выделке 3,912023 0,000500
выделялись 3,506558 0,000448
выделяющие 3,912023 0,000500
выдриная 3,912023 0,000500
выдрино 3,912023 0,000500
вызвала 2,207275 0,000282
вызовет 3,506558 0,000448
вызывает 1,427116 0,000182
выиграют 3,912023 0,000500
вылавливаемой 3,912023 0,000500
вылавливается 3,912023 0,000500
выловленного 3,912023 0,000500
вынесенное 3,912023 0,000500
выносить 3,912023 0,000500
вып 0,798508 0,000102
выполнения 1,560648 0,000399
выполняет 1,832581 0,000234
выпускать 2,995732 0,000383
выраженный 2,813411 0,000359
выражено 3,506558 0,000448
выразила 3,506558 0,000448
выразителен 3,912023 0,000500
вырос 1,560648 0,000199
выросло 1,609438 0,000206
вырубки 3,218876 0,000411
высказали 3,912023 0,000500
высказывания 3,506558 0,000896
высокими 1,966113 0,000251
высоких 1,237874 0,000158
высокого 1,514128 0,000193
высокое 1,660731 0,000212
высокой 1,272966 0,000325
высот 2,120264 0,001083
высота 0,562119 0,000215
высоте 1,514128 0,000193
высотная 2,525729 0,000323
высотой 1,108663 0,000283
высочайших 3,506558 0,000448
выставлять 3,506558 0,000448
выстрелы 3,506558 0,000448
высших 1,078810 0,000138
вытекает 3,218876 0,000411
вытекающая 3,506558 0,000448
вышеперечисленного 3,912023 0,000500
выявленных 2,995732 0,000383
выявлено 2,407946 0,000308
выяснили 2,995732 0,000383
выяснилось 3,218876 0,000411
гавань 2,302585 0,000588
газета 0,616186 0,000079
гал 3,912023 0,000500
галазий 3,912023 0,001499
галанина 3,912023 0,000500
галанский 3,912023 0,000500
гаэс 3,912023 0,000500
гвардия 2,525729 0,000323
гвр 2,659260 0,000340
гвркарточка 2,813411 0,000359
гейзеров 3,912023 0,000500
генеральный 0,967584 0,000124
генетика 3,506558 0,000448
геогр 2,525729 0,001291
географические 0,713350 0,000091
географических 1,139434 0,000146
географическо-статистический 2,407946 0,000308
географического 1,386294 0,000708
географическое 0,693147 0,000177
географической 0,798508 0,000102
география 0,462035 0,000236
геолого-минералогических 3,218876 0,000411
геоморфогенез 3,912023 0,000500
георгий 1,560648 0,000199
геохимии 3,218876 0,000411
герой 1,560648 0,000199
гибнет 3,912023 0,000500
гигантские 2,995732 0,000383
гигантского 2,813411 0,000359
гигантском 3,506558 0,000448
гидробиологический 3,506558 0,000448
гидрографическая 2,995732 0,000383
гидрографических 3,218876 0,000411
гидрографического 3,912023 0,000500
гидрологическая 2,525729 0,000323
гидрология 2,120264 0,000271
гидрометеоиздат 1,897120 0,000242
гидронимы 3,506558 0,000896
гидротехнических 3,506558 0,000448
гидроузла 2,813411 0,000719
гидрохимическим 3,506558 0,000448
гидрохимического 3,912023 0,000999
гидроэлектроэнергетике 3,912023 0,000500
гипотезу 3,506558 0,000448
гипотезы 2,302585 0,000294
гиц 3,912023 0,000500
гкгн 0,994252 0,000127
гкгнпро 0,916291 0,000117
главного 1,237874 0,000474
главные 1,660731 0,000212
главными 1,832581 0,000234
гладь 3,506558 0,000896
гладью 3,912023 0,000500
глаза 2,302585 0,000294
глазковской 3,912023 0,000500
глобальное 2,525729 0,000323
глубин 2,407946 0,000615
глубина 1,609438 0,001850
глубинами 2,995732 0,000383
глубинах 2,995732 0,000383
глубине 2,525729 0,001291
глубинные 3,506558 0,000448
глубинных 2,995732 0,000765
глубину 2,525729 0,000645
глубины 2,207275 0,001692
глубокая 2,659260 0,000679
глубоких 2,813411 0,000719
глубоководного 3,506558 0,000896
глубоководное 3,506558 0,000896
глубоководной 2,813411 0,000359
глубоководном 3,912023 0,000500
глубоководные 3,506558 0,000448
глубоководных 2,995732 0,000383
глубокое 2,659260 0,000679
глубокой 2,302585 0,000294
глубочайших 3,218876 0,000822
глыбы 3,912023 0,000500
гнездовий 3,506558 0,000448
говорим 3,912023 0,000500
год 0,235722 0,000361
года -0,009950 -0,000161
годавикипедия 0,616186 0,000157
годах 0,385662 0,000345
годе 3,912023 0,000500
годовая 2,120264 0,000271
годом 0,941609 0,000120
году 0,072571 0,000287
годы 0,356675 0,000137
голова 2,302585 0,000588
голомянка 3,912023 0,000500
голоустная 3,912023 0,000999
голоустное 3,506558 0,000896
голубой 2,040221 0,000261
голубые 3,506558 0,000448
гор 1,309333 0,000167
горах 1,714798 0,000219
горбицей 3,912023 0,000500
горевой 3,912023 0,000500
горемыка 3,912023 0,000500
горечавка 3,912023 0,000500
гористые 3,218876 0,000411
горная 2,120264 0,000271
горнолыжная 2,995732 0,000383
горные 1,832581 0,000234
горными 2,995732 0,000383
город 0,544727 0,000209
города 0,430783 0,000275
городе 0,693147 0,000089
городов 0,579818 0,000148
городских 0,713350 0,000091
городского 0,693147 0,000089
горы 1,108663 0,000708
горького 1,139434 0,000146
горячая 3,218876 0,000411
горячий 2,525729 0,000645
гос 1,609438 0,000822
гостей 1,966113 0,000251
гостиниц 1,427116 0,000182
гостиницы 1,347074 0,000172
государственного 0,616186 0,000472
государственной 0,616186 0,000157
государственный 0,430783 0,000165
гравиметрической 3,912023 0,000500
градуса 2,302585 0,000294
граждан 1,309333 0,000167
гранат 1,386294 0,000177
гранин 3,912023 0,000500
гранитные 3,506558 0,000448
границе 1,347074 0,000172
грачев 3,506558 0,000896
грегарин 3,912023 0,000500
гремячий 3,506558 0,000896
гринпис 3,218876 0,001234
гринписа 3,912023 0,000500
грозит 2,995732 0,000765
грома 3,912023 0,000999
громким 3,506558 0,000448
громотуха 3,912023 0,000999
гроты 3,912023 0,000500
грузовых 2,207275 0,000282
грунта 2,995732 0,000383
грунтах 3,218876 0,000411
грунтов 2,813411 0,000359
группы 0,634878 0,000081
грушко 3,912023 0,000999
грэс 2,525729 0,000323
гряды 2,525729 0,000323
грязевых 3,912023 0,000500
гтрк 1,049822 0,000268
губа 2,659260 0,001359
губернатор 1,272966 0,000325
губернатора 1,237874 0,000158
губки 3,506558 0,001344
губок 3,912023 0,000500
гуилга 3,912023 0,000500
гулигань 3,912023 0,000500
гулко 3,912023 0,000500
гунио 3,912023 0,000999
гурон 3,912023 0,000500
гурулев 3,912023 0,000500
гусев 2,813411 0,000719
гусева 3,218876 0,000411
гусиному 3,912023 0,000500
гэс 1,832581 0,002107
д-р 0,000000 0,000000
дабы 3,912023 0,000500
давлением 2,525729 0,000323
давша 3,912023 0,000500
давыдов 3,912023 0,000500
давыдова 3,218876 0,000411
дал 1,714798 0,000219
далай 3,912023 0,001499
далее 0,693147 0,000089
далекое 3,912023 0,000500
дальнего 1,514128 0,000193
дальнем 2,040221 0,000261
дальше 1,897120 0,000485
дамбуев 3,912023 0,000500
данзанов 3,912023 0,000500
данное 1,966113 0,000251
данному 1,966113 0,000251
данные 0,510826 0,000196
данным 0,415515 0,000265
данных 0,616186 0,000236
дархана 3,912023 0,000500
дата 0,030459 0,000292
датская 0,342490 0,000044
даурии 3,506558 0,000448
дважды 1,272966 0,000163
движение 0,820981 0,000210
двумя 1,021651 0,000131
дебора 3,912023 0,000500
дебрях 3,912023 0,000500
девственные 3,218876 0,000411
деградация 2,995732 0,000383
деградировать 3,912023 0,000500
действительности 2,407946 0,000308
действовать -0,009950 -0,000001
действует 0,634878 0,000243
действующая 2,407946 0,000308
декабря 0,105361 0,000135
делает 1,771957 0,000453
деле 1,660731 0,000212
делегировано 3,506558 0,000448
дело 1,078810 0,000138
дельта 2,040221 0,000261
дельты 2,659260 0,000679
день 0,562119 0,000072
депутаты 1,347074 0,000172
дербента 3,218876 0,000411
деревьев 1,469676 0,000188
десятки 1,347074 0,000344
детализировать 3,912023 0,000500
детально 2,813411 0,000359
детектирование 3,912023 0,000500
детеныши 3,912023 0,000500
дефицита 2,813411 0,000359
дефицитные 3,912023 0,000500
дефляции 3,506558 0,000448
деятельности 0,446287 0,000399
деятельность 0,653926 0,000084
деятельностью 1,714798 0,000219
джидинского 3,912023 0,000500
диагноз 3,218876 0,000411
диапазоне 2,302585 0,000294
диких 2,525729 0,000323
дикой 2,813411 0,000719
диоксинов 3,506558 0,000896
диоксиновое 3,912023 0,000500
диоксины 3,506558 0,000448
директор 1,832581 0,000936
директора 1,897120 0,000242
дис 3,218876 0,000411
дичь 3,506558 0,000448
длина 1,171183 0,000299
длинакарточка 3,218876 0,000411
длину 2,407946 0,000308
дмитрия 1,560648 0,000199
дна 2,207275 0,002256
дне 2,407946 0,001230
дней 0,446287 0,000114
дни 1,237874 0,000158
дно 2,120264 0,001083
дном 3,912023 0,000500
дня 0,478036 0,000061
добавив 0,941609 0,000481
добраться 2,207275 0,000564
добыче 2,659260 0,000340
добычей 2,995732 0,000383
добычи 2,040221 0,000261
добычу 2,407946 0,000308
довольно 0,891598 0,000114
док 3,218876 0,000411
доклад 1,514128 0,000387
доктор 1,714798 0,000219
доктора 2,407946 0,000308
доктором 3,912023 0,000500
документальный 2,207275 0,000282
документов 0,653926 0,000084
документы 1,386294 0,000177
долгий 2,813411 0,000359
долго 2,525729 0,000645
долговременный 3,218876 0,000822
долгое 1,386294 0,000177
должен 1,078810 0,000138
должна 0,544727 0,000278
должны 1,021651 0,000131
долина 1,660731 0,000212
долиной 2,659260 0,000340
долларов 1,832581 0,000234
доля 0,733969 0,000094
дома 0,798508 0,000204
доминантных 3,912023 0,000500
домом 2,302585 0,000294
донные 3,218876 0,000411
донных 2,813411 0,001438
доп 0,597837 0,000229
дополнительной 2,813411 0,000359
дополнительные -0,009950 -0,000001
допустимые 2,813411 0,000359
допустимых 2,659260 0,000679
доржиевич 3,912023 0,000500
дорог 0,891598 0,000114
дорога 0,798508 0,000306
доставили 3,218876 0,000822
достигает 1,347074 0,000516
достигающие 3,506558 0,000448
достигая 2,525729 0,000323
достигла 1,771957 0,000226
достигнута 2,659260 0,000340
достижения 1,514128 0,000193
достоверной 3,218876 0,000411
достопримечательностей 1,660731 0,000212
достопримечательности 1,049822 0,000268
достопримечательностями 2,813411 0,000359
доступен -0,009950 -0,000001
доходит 2,813411 0,000359
дочь 3,218876 0,001645
дочь-ангара 3,912023 0,000500
древнекитайских 3,912023 0,000500
древнетюркских 3,912023 0,000500
дренажных 3,912023 0,000500
дриженко 3,912023 0,000999
друг 1,108663 0,000142
друга 1,560648 0,000199
другие 0,030459 0,000023
другим 0,733969 0,000188
других -0,009950 -0,000006
дуга 2,995732 0,000383
дугульдзеры 3,912023 0,000500
дулан 3,912023 0,000500
дулиха 3,912023 0,000500
думы 1,078810 0,000138
духовая 3,912023 0,000500
душкачанка 3,912023 0,000500
дыроватый 3,912023 0,000500
дыханием 3,912023 0,000500
дышишь 3,912023 0,000500
евразии 1,609438 0,000411
евразийской 3,506558 0,000448
европы 0,673345 0,000086
единичные 2,995732 0,000383
единственная 1,832581 0,000234
единственный 1,171183 0,000150
ежегодно 0,916291 0,000117
ежедневными 3,912023 0,000500
езовка 3,912023 0,000500
елисеевский 3,506558 0,000448
еловка 3,506558 0,000448
елохин 3,912023 0,000500
енисеем 3,218876 0,000411
енисей 2,659260 0,000340
енисейский 3,218876 0,000411
енисея 2,302585 0,000588
ермолаевский 3,912023 0,000500
естественный 1,966113 0,000251
естественных 1,771957 0,000226
ефимовича 3,218876 0,000822
ефрона 0,328504 0,000126
жалга 3,912023 0,000500
желанной 3,912023 0,000500
желающие 2,995732 0,000383
железная 1,171183 0,000299
железнодорожной 1,347074 0,000172
железнодорожный 0,755023 0,000096
железнодорожных 1,469676 0,000188
железо 2,813411 0,000359
живет 2,207275 0,000282
живи 3,912023 0,000500
живописными 3,506558 0,000448
живородящая 3,218876 0,000411
животный 1,714798 0,000876
животных 1,203973 0,000769
живых 2,525729 0,000645
жизнь 0,693147 0,000177
жили 1,832581 0,000468
жилище 3,506558 0,000448
жилищно-коммунального 2,813411 0,000359
жилка 3,912023 0,000500
жира 3,912023 0,000500
жириновский 3,506558 0,000448
жириновского 3,912023 0,000500
жителей 0,673345 0,000086
жители 1,049822 0,000268
журнал 0,510826 0,000326
заамаре 3,912023 0,000500
забайкалье 2,813411 0,000719
забайкальский 2,659260 0,000340
забайкальского 3,912023 0,000500
забайкалья 2,995732 0,000383
заболачивается 3,912023 0,000500
завершают 3,506558 0,000448
завершения 2,120264 0,000271
завершили 3,506558 0,000448
завершить 2,525729 0,000323
зависимости 0,798508 0,000102
завод 0,798508 0,000102
завода 0,941609 0,000842
загадка 3,218876 0,000411
загадок 3,912023 0,000500
загадочно 3,912023 0,000500
загадочных 3,912023 0,000500
загза 3,912023 0,000999
заглавная -0,009950 -0,000001
загрязнение 1,309333 0,000502
загрязнением 2,302585 0,000294
загрязнений 2,302585 0,001471
загрязнению 2,525729 0,000323
загрязнения 1,203973 0,000461
загрязненная 3,506558 0,000448
загрязнителем 3,506558 0,000896
загрязнял 3,912023 0,000500
загрязняющих 1,660731 0,000424
задерживается 3,912023 0,000500
заезовочный 3,912023 0,000500
зазеркалье 3,912023 0,000500
заказник 2,995732 0,001531
закаменска 3,912023 0,000999
заключение 2,995732 0,000383
заключенные 2,995732 0,000383
закон 0,616186 0,000157
законности 2,995732 0,000383
законность 3,506558 0,000448
законодатели 3,912023 0,000500
законом 2,407946 0,000615
законопроект 2,995732 0,000383
закружит 3,912023 0,000500
закрывшегося 3,912023 0,000500
закрытие 2,995732 0,000383
закрытии 2,995732 0,000765
закрытых 2,525729 0,000323
залив 1,897120 0,003878
залива 2,040221 0,000261
заливах 2,995732 0,000765
заливе 2,407946 0,000923
заливов 2,995732 0,000383
заменив 3,912023 0,000500
заменить 0,562119 0,000215
замерзает 2,525729 0,000323
замерзанием 3,506558 0,000448
заметным 3,218876 0,000411
заметных 3,912023 0,000500
замкнутая 3,912023 0,000500
замкнутого 3,218876 0,000411
занесенные 2,659260 0,000340
занимает 0,616186 0,000157
занимается 1,386294 0,000177
занимаются 1,660731 0,000212
занимающееся 3,506558 0,000448
запада 1,021651 0,000131
западно-байкальского 3,912023 0,000500
западного 1,560648 0,000199
западное 2,207275 0,000564
западной 0,994252 0,000127
западный 1,560648 0,000199
запасов 2,207275 0,000846
запасы 1,832581 0,000234
записи 1,560648 0,000399
записки 1,560648 0,000199
записьвойти -0,009950 -0,000001
запланировано 2,207275 0,000282
заповедник 1,966113 0,001256
заповедниками 3,912023 0,000500
заповедники 3,218876 0,000822
заповедные 3,218876 0,000411
заповедных 3,912023 0,000500
заполняется 3,506558 0,000448
запоминают 3,912023 0,000500
запрет 2,207275 0,000282
запретил 2,995732 0,000765
запрещенных 3,912023 0,000500
запрещены 2,659260 0,000340
запуска 1,832581 0,000234
зарастания 3,506558 0,000448
зарегистрированные 2,995732 0,000383
зарегистрированный -0,009950 -0,000001
зарегистрировано 1,309333 0,000335
зарегулирован 3,506558 0,000448
заречье 2,995732 0,000383
заря 1,560648 0,000199
заселение 2,995732 0,000765
заселении 3,506558 0,000448
заселения 2,659260 0,001019
заселять 3,912023 0,000500
затем 0,527633 0,000067
затоплению 3,506558 0,000448
затоплены 2,813411 0,000359
зафиксирован 2,207275 0,000282
зафиксирована 2,120264 0,000271
зафиксированная 3,218876 0,000822
зафиксированы 2,302585 0,000294
захоронения 2,407946 0,000308
защита 1,469676 0,000188
защитим 3,506558 0,000448
защитной 3,506558 0,000448
защищена 2,040221 0,000261
заявил 1,771957 0,000226
заявление -0,009950 -0,000001
заявлению 3,912023 0,000500
збекча 0,000000 0,000000
звезд 2,040221 0,000261
звеном 2,659260 0,000340
зверь 3,506558 0,000448
зданиях 2,207275 0,000282
зелененький 3,912023 0,000500
зеленовская 3,912023 0,000999
зеленым 2,813411 0,000359
зеленых 1,347074 0,000344
земельных 2,659260 0,000340
земле 0,994252 0,000508
землепроходцы 3,912023 0,000500
землетрясении 3,506558 0,000448
землетрясения 2,302585 0,001471
земли 0,634878 0,000081
земновская 3,912023 0,000500
зеркала 3,218876 0,000411
зеркале 3,218876 0,000411
зеркальной 3,912023 0,000500
зима 1,021651 0,000131
зимой 0,713350 0,000456
зимы 1,609438 0,000206
зловонные 3,912023 0,000500
змеиная 3,218876 0,000411
знаем 3,218876 0,000411
знак -0,009950 -0,000001
значение 0,314711 0,000040
значения 0,105361 0,000040
значениях 2,813411 0,000359
значимости 2,302585 0,000294
значит 1,560648 0,000199
значительно 0,510826 0,000065
значительное 1,309333 0,000167
значительной 1,469676 0,000188
значительным 2,040221 0,000261
золотодобывающие 3,912023 0,000500
золотой 0,843970 0,000108
золотые 2,040221 0,000521
зона 0,891598 0,000228
зональности 3,506558 0,000448
зондирования 3,912023 0,000500
зоне 0,527633 0,000472
зоны 0,755023 0,000386
зоопланктона 3,218876 0,000411
зорко 3,912023 0,000500
зулхэ 3,912023 0,000500
зуляр 3,912023 0,000500
зун-кужиртуй 3,912023 0,000500
зундук 3,912023 0,000500
иван 0,843970 0,000108
иванов 1,560648 0,000199
ивановка 2,525729 0,000968
играет 1,386294 0,000177
играют 2,525729 0,000323
игу 3,506558 0,001344
идентификаторы 0,693147 0,000089
идентификация 3,218876 0,000411
ижимей 3,912023 0,000500
из-за 0,415515 0,000106
избранные 2,302585 0,000294
известия 1,021651 0,000914
известны 1,309333 0,000167
известные 0,891598 0,000228
известным 1,832581 0,000234
известных 1,171183 0,000150
изд 0,314711 0,000121
изд-во 1,049822 0,000939
издание 0,776529 0,000099
издательско-полиграфический 3,912023 0,000500
издательство 0,510826 0,000261
изделий 1,309333 0,000167
излишков 3,912023 0,000500
излияния 3,912023 0,000500
изменений 1,272966 0,000163
изменению 2,302585 0,000294
изменения 0,562119 0,000144
изменениям 2,407946 0,000615
изменили 3,218876 0,000411
изменяет 3,218876 0,000411
измерения 2,207275 0,000282
изобилие 3,506558 0,000448
изучение 1,514128 0,000193
изучением 1,897120 0,000485
изучении 2,407946 0,000308
изучению 1,966113 0,000502
изучения 1,272966 0,000325
изученность 2,525729 0,000323
изучить 2,995732 0,000383
илистыми 3,506558 0,000448
имеет 0,235722 0,000090
имеется 0,653926 0,000084
имени 0,462035 0,000236
именно 0,544727 0,000070
имеют 0,371064 0,000095
имеющие 1,714798 0,000219
имея 2,207275 0,000282
ими 1,272966 0,000163
империи 0,733969 0,000094
иначе 0,733969 0,000375
индостана 3,912023 0,000500
индустриального 2,407946 0,000308
инициировано 3,506558 0,000448
иной 1,714798 0,000657
иноязычная 3,912023 0,000500
институт 0,478036 0,000611
института 0,755023 0,000096
инструменты -0,009950 -0,000003
интенсивному 3,506558 0,000448
интенсивности 2,813411 0,000359
интенсивность 2,525729 0,000323
интерактивный 2,813411 0,000359
интервью 1,660731 0,000212
интерес 1,714798 0,000219
интересна 3,912023 0,000500
интернете 1,771957 0,000226
инфо 2,659260 0,000340
информацией 1,714798 0,000219
информации 0,446287 0,000057
информационный 1,427116 0,000182
информацию 1,237874 0,000158
информация 0,446287 0,000228
инц 3,912023 0,000999
ирина 1,660731 0,000212
иринда 3,912023 0,000500
ириндакан 3,912023 0,000500
ирк 3,912023 0,000500
иркута 3,506558 0,000448
иркутск 1,171183 0,001945
иркутска 3,506558 0,001344
иркутская 2,525729 0,000645
иркутске 3,218876 0,000411
иркутский 2,995732 0,001913
иркутского 2,659260 0,001699
иркутское 2,995732 0,001148
иркутской 2,995732 0,004210
иркутском 3,218876 0,000411
ирон 0,000000 0,000000
исаковой 3,912023 0,000500
ископаемых 1,714798 0,000219
искусственные 2,995732 0,000383
искусственных 2,207275 0,000282
исполнение 1,966113 0,000251
использование 0,891598 0,000114
использованию 2,302585 0,000294
использования -0,009950 -0,000004
используется 0,616186 0,000079
использующие 0,040822 0,000005
используя 1,966113 0,000251
исправить 1,832581 0,001405
испытываешь 3,912023 0,000500
исследовалось 3,912023 0,000500
исследование 1,427116 0,000182
исследований 0,941609 0,000120
исследования 0,733969 0,000469
исследователи 1,469676 0,000751
исследовательский 1,771957 0,000453
исследовательского 2,407946 0,000308
исследователя 3,218876 0,000411
исследуют 3,218876 0,000411
иссык-куль 3,912023 0,000999
исток 1,469676 0,000188
истока 1,021651 0,000261
истоке 2,995732 0,000765
истории 0,248461 0,000063
исторические 0,941609 0,000241
исторический 0,653926 0,000251
исторических 1,139434 0,000291
исторической 1,171183 0,000299
историю 0,843970 0,000108
история 0,051293 0,000020
источник -0,009950 -0,000004
источникам 2,302585 0,000294
источниками 0,776529 0,000397
источниках 1,386294 0,000177
источнике 2,407946 0,000615
источникевикипедия 2,302585 0,000294
источники 0,415515 0,000637
источников 0,371064 0,000190
источником 1,660731 0,000212
источнику 2,995732 0,000383
исчезающее 3,912023 0,000500
исчезновения 2,407946 0,000308
итоги 0,713350 0,000091
итогу 3,912023 0,000500
иэа 3,912023 0,000500
июле 0,967584 0,000124
июль 0,579818 0,000222
июля 0,116534 0,000387
июне-июле 3,218876 0,000411
июня 0,116534 0,000104
кабалик 3,912023 0,000500
кабанья 3,912023 0,000500
кавказ 1,771957 0,000226
кадастра 2,995732 0,000383
кадильная 3,912023 0,000500
кадильный 3,912023 0,000500
каждая 1,560648 0,000199
каждого 1,427116 0,000182
кажется 2,525729 0,000323
каз 2,995732 0,000383
казак 3,218876 0,000411
казалось 2,995732 0,000383
казанский 1,897120 0,000242
казанского 1,660731 0,000212
казах 3,506558 0,000448
каких-либо 2,302585 0,000294
каков 3,506558 0,000448
калтусная 3,912023 0,000999
каменистый 3,912023 0,000500
камень 1,714798 0,000219
камни 2,813411 0,000359
камушки 3,912023 0,000500
камчатки 2,995732 0,000383
канадского 3,506558 0,000448
канаев 3,912023 0,000500
канализации 2,207275 0,000564
канализационных 2,813411 0,000359
капустинская 3,912023 0,000500
кардинально 2,813411 0,000359
карта 0,776529 0,000198
картами 0,562119 0,000072
картах 2,040221 0,000261
картины 2,120264 0,000271
картона 3,506558 0,000448
карты 0,941609 0,000361
касающихся 3,912023 0,000500
каскада 2,813411 0,000359
каспийского 1,897120 0,000242
каспийское 1,897120 0,000242
каспийскому 2,813411 0,000359
каталанская 0,527633 0,000067
каталогах 0,094311 0,000012
катастрофу 3,912023 0,000500
категории -0,009950 -0,000003
категорию 2,813411 0,000719
категория 0,916291 0,000117
каткова 3,912023 0,000500
каторги 3,506558 0,000448
каторжанка 3,912023 0,000500
каторжной 3,912023 0,000500
кафтан 3,912023 0,000500
качества 1,078810 0,000551
качество 1,309333 0,000167
квадрокоптера 3,912023 0,000500
кедровая 2,995732 0,000383
кенозерья 3,912023 0,000500
кижи 3,506558 0,000448
кика 3,912023 0,000500
километрах 1,514128 0,000193
километров 1,078810 0,000138
киностудии 2,659260 0,000679
кинув 3,912023 0,000500
кинул 3,912023 0,000500
кирг 3,912023 0,000999
кирилловой 3,912023 0,000500
кировского 2,207275 0,000282
киселева 2,813411 0,000359
кислород 3,506558 0,000448
кислорода 2,995732 0,001148
кислородом 3,506558 0,000896
китай 0,867501 0,000222
китайская 0,776529 0,000099
китайских 2,525729 0,000323
китайского 2,659260 0,000340
китая 1,897120 0,000242
кичера 3,912023 0,000999
класса 1,203973 0,000154
климат 0,494296 0,000189
климата 0,733969 0,000188
климатических 1,966113 0,000251
клюевка 3,912023 0,000500
ключ 1,660731 0,000212
книжное 1,078810 0,000551
кнр 2,207275 0,001128
кобылья 3,912023 0,000999
код -0,009950 -0,000004
кодаистория 2,040221 0,000261
кодакта 3,912023 0,000500
кодекс -0,009950 -0,000001
кож 3,912023 0,000500
кожов 3,506558 0,001344
коз 3,912023 0,000500
колебаний 2,040221 0,000261
колебания 1,714798 0,000219
колеблется 2,040221 0,000261
колец 2,813411 0,000359
количества 0,941609 0,000361
количество 0,328504 0,000168
коллекционировании 3,506558 0,001344
коллизии 3,912023 0,000500
колобовник 3,912023 0,000500
коломенском 3,506558 0,000448
колонизируют 3,912023 0,000500
колоний 3,218876 0,000411
колотило 3,912023 0,002998
кольца 2,120264 0,000813
кольцевой 2,120264 0,000271
комбинат 1,171183 0,000748
комбината 2,525729 0,000968
комбинате 3,912023 0,000999
комбинаты 2,659260 0,000340
коми 1,514128 0,000387
компании 0,579818 0,000148
комплекс 0,653926 0,000084
компонентами 2,659260 0,000340
компонентов 1,660731 0,000212
комфортабельные 2,995732 0,000383
конкурсного 3,218876 0,000411
конные 3,506558 0,000448
контрольно-испытательного 3,912023 0,000500
конусовидные 3,912023 0,000500
конф 2,813411 0,000359
конфиденциальности -0,009950 -0,000001
конце 0,430783 0,000055
концентрации 2,040221 0,000521
концентраций 2,207275 0,000282
концентрациям 3,912023 0,000500
концентрировались 3,912023 0,000500
концепция 1,966113 0,000251
концу 0,994252 0,000127
координатами 2,995732 0,000383
корабль 2,302585 0,000588
кормили 3,912023 0,000999
кормовая 3,218876 0,000411
кормовыми 3,912023 0,000500
короткий -0,009950 -0,000001
коротко 3,506558 0,000448
корчажниковой 3,912023 0,000500
коса 3,506558 0,001344
косвенные 3,912023 0,000500
космоса 1,966113 0,000251
коснулась 3,912023 0,000500
котельниковский 3,506558 0,000448
котловин 3,218876 0,000411
котловина 3,506558 0,001792
котловине 2,659260 0,000340
котловины 2,659260 0,001019
которая 0,287682 0,000074
которого 0,301105 0,000192
которое 0,478036 0,000366
которой 0,174353 0,000067
котором 0,301105 0,000038
которые 0,162519 0,000166
который 0,105361 0,000027
которым 0,798508 0,000102
которых 0,094311 0,000060
коты 3,506558 0,001792
кочерикова 3,912023 0,000500
кошмарчук 3,912023 0,000999
краеведческий 1,237874 0,000158
красивейших 2,995732 0,000383
красная 1,108663 0,000142
красной 0,967584 0,000124
красный 0,941609 0,000120
краткий 1,560648 0,000199
края 0,713350 0,000182
кредиторы 3,506558 0,000448
кремль 1,714798 0,000438
крепостные 3,506558 0,000448
крестовка 3,218876 0,000822
крестовская 3,912023 0,000500
крестовский 2,813411 0,000359
крестьянки 3,912023 0,000999
кризис 1,897120 0,000242
крик 3,912023 0,000500
кристально 3,912023 0,000500
кристальный 3,912023 0,000500
критерии 2,813411 0,000359
критерий 2,302585 0,000294
критического 2,813411 0,000359
критическом 3,506558 0,000448
кроме 0,235722 0,000151
кругобайкальская 3,912023 0,000999
кругом 2,040221 0,000261
круизов 2,995732 0,000383
крупнейшей 1,560648 0,000199
крупнейшие 0,776529 0,000198
крупнейший 0,755023 0,000193
крупнейшим 1,203973 0,000154
крупнейших 0,634878 0,000162
крупно 3,912023 0,000500
крупного 1,560648 0,000199
крупной 1,897120 0,000242
крупные 0,579818 0,000074
крупный 0,798508 0,000102
крупным 1,021651 0,000131
крупными 1,309333 0,000167
крупных 0,494296 0,000063
крутая 3,218876 0,000822
кубокилометрового 3,912023 0,000500
кубометров 2,525729 0,000323
кудалда 3,912023 0,000500
кузнецов 1,714798 0,000219
куки -0,009950 -0,000001
куксо 3,912023 0,000500
кулиные 3,912023 0,000500
култук 3,218876 0,002056
култуке 3,912023 0,000500
култучная 3,912023 0,000500
култушная 3,912023 0,000999
культура 0,653926 0,000084
культурное 2,207275 0,000282
культурный 1,108663 0,000283
культуры 0,462035 0,000177
курбат 3,912023 0,000500
курган 1,237874 0,000158
куркавка 3,912023 0,000999
куркавочная 3,912023 0,000999
куркера 3,912023 0,000500
куркула 3,912023 0,000500
курла 3,912023 0,000500
курма 3,912023 0,000500
курорт 2,525729 0,000323
курортах 3,506558 0,000448
курта 3,506558 0,000448
курумчинская 3,912023 0,000500
куршская 3,912023 0,000500
курыканами 3,912023 0,000500
кустарников 2,207275 0,000282
кучулга 3,912023 0,000500
кфу 3,506558 0,000448
кыргызча 0,000000 0,000000
кырык 1,771957 0,000226
лаборатории 2,525729 0,000323
лавра 3,218876 0,000411
ладожском 3,506558 0,000448
лазаря 3,218876 0,000822
ламакин 3,912023 0,000500
ламу 3,912023 0,000500
ландшафт 2,302585 0,000294
ландшафты 2,302585 0,000294
ланьчжоу 3,506558 0,000448
ларусса 1,078810 0,000138
лат 1,771957 0,000226
левая 2,995732 0,000383
левее 3,912023 0,000500
левом 1,309333 0,000167
левченко 3,506558 0,000448
легенда 2,407946 0,000308
легенде 2,813411 0,000359
легенды 2,207275 0,001410
лед 1,897120 0,001696
ледникового 3,218876 0,000411
ледового 2,813411 0,001078
ледовых 2,995732 0,000765
ледостава 3,506558 0,000448
ледяная 3,506558 0,000896
ледяные 3,506558 0,001344
лежит 1,560648 0,000199
лезги 0,000000 0,000000
лейкину 3,912023 0,000500
лена 2,659260 0,000340
леннаучфильм 3,506558 0,000448
ленские 3,506558 0,000448
лес 1,514128 0,000193
леса 1,021651 0,000392
лесами 2,302585 0,000294
лесов 1,469676 0,000563
лет 0,223144 0,000114
летнее 1,966113 0,000251
лето 0,891598 0,000228
летом 0,597837 0,000458
летописи 1,609438 0,000206
либо 0,000000 0,000000
ликвидации 1,609438 0,000206
ликвидирован 2,120264 0,000271
ликвидированных 3,506558 0,000448
лимнологией 3,912023 0,000500
лимнологические 3,912023 0,000999
лимнологический 3,506558 0,001344
лимнологического 3,912023 0,000500
лимнологической 3,912023 0,000500
лин 3,506558 0,000896
линии 0,755023 0,000289
линия 0,891598 0,000228
лиственничном 3,912023 0,000500
лиственничный 3,506558 0,000448
листвянка 3,506558 0,000896
листвянке 3,506558 0,000896
листвянки 3,912023 0,000500
литература 0,061875 0,000016
литературы 1,078810 0,000138
литовская 1,309333 0,000167
литров 3,506558 0,000448
лицами 2,525729 0,000323
лицензии -0,009950 -0,000001
лишь 0,478036 0,000183
лог 2,407946 0,000308
лодки 2,407946 0,000308
ложе 3,506558 0,000448
локального 3,506558 0,000448
локальные 2,207275 0,000282
локальный 2,995732 0,000383
ломакина 3,912023 0,000500
лососевых 3,506558 0,000448
лотом 3,912023 0,000500
лохматая 3,912023 0,000500
лоция 2,813411 0,000719
лубсан 3,912023 0,000500
лударь 3,912023 0,001499
лучи 2,525729 0,000323
льда 1,832581 0,000936
льдом 2,207275 0,000282
льду 2,040221 0,001564
льшая 0,000000 0,000000
льются 3,912023 0,000500
любимому 3,912023 0,000500
любоваться 3,912023 0,000500
любой 1,514128 0,000193
любых 2,120264 0,000271
людей 0,693147 0,000089
магистрали 1,078810 0,000138
магического 3,912023 0,000500
магия 3,506558 0,000448
макаров 2,207275 0,000564
макарова 2,120264 0,000271
макроводорослей 3,912023 0,001999
макрогектопус 3,912023 0,000500
макрофитами 3,912023 0,000500
макрофитов 3,506558 0,000448
максим 1,560648 0,000399
максимальная 1,560648 0,000797
максимальной 2,207275 0,000846
максимальные 2,407946 0,000308
максимальных 2,995732 0,000383
максимиха 3,912023 0,000500
максимихе 3,912023 0,000500
максимума 2,207275 0,000282
малая 1,469676 0,001877
малиновка 3,218876 0,000411
мало 1,427116 0,000365
малого 1,427116 0,000182
малое 1,897120 0,000485
малой 1,514128 0,000193
малы 2,995732 0,000383
малые 1,832581 0,000234
малый 0,371064 0,000095
мальник 3,912023 0,000500
мальцев 3,506558 0,000448
мамаев 3,506558 0,000448
мамай 3,912023 0,000999
мангилы 3,912023 0,000999
манжуева 3,912023 0,000500
мантийного 3,912023 0,000500
мантуриха 3,912023 0,000500
марганец 3,912023 0,000500
мариймакедонски 0,000000 0,000000
маритуй 3,912023 0,000500
маркера 3,912023 0,000500
маркова 2,407946 0,000308
марта 0,139262 0,000374
марте 0,967584 0,000124
маршалиха 3,912023 0,000500
маршрут 1,272966 0,000163
маршруты 1,272966 0,000163
мары 0,000000 0,000000
марьяная 3,912023 0,000500
масса 1,609438 0,000411
массовая 2,120264 0,000271
массовое 1,771957 0,000679
массовому 3,218876 0,000411
массу 3,218876 0,000411
масштаб 1,897120 0,000242
масштаба 2,207275 0,000282
масштабах 2,813411 0,000359
масштабе 2,525729 0,000323
материал -0,009950 -0,000001
материковых 3,218876 0,000411
матерой 3,912023 0,000500
матч 1,347074 0,000172
махоркой 3,912023 0,000500
мая 0,139262 0,000213
маяк 1,108663 0,000567
маяки 3,218876 0,000411
мвт 2,525729 0,000968
медведей 2,813411 0,000359
медиафайлы 0,301105 0,000038
медлянка 3,912023 0,000500
медь 2,995732 0,000383
междунар 3,218876 0,000411
международный 0,713350 0,000091
межевой 3,912023 0,000999
межрайонного 3,912023 0,000500
мелководных 2,813411 0,000719
мелководье 2,995732 0,000383
мелководья 3,912023 0,000500
мельхеева 3,506558 0,000448
менее 0,314711 0,000040
меньшей 2,207275 0,000282
мерах 2,813411 0,000719
мероприятий 1,514128 0,000387
мертвого 3,506558 0,000448
мест 0,713350 0,000091
места 0,579818 0,000074
местами 1,427116 0,000182
месте 0,544727 0,000209
местное 1,427116 0,000182
местные 1,049822 0,000134
место 0,371064 0,000095
месяц 1,272966 0,000163
месяцекарточка 3,218876 0,000411
металлов 1,771957 0,000226
методикам 3,912023 0,000500
методом 2,407946 0,000308
метра 1,560648 0,000399
метров 0,776529 0,000992
миграциями 3,912023 0,000500
микроводорослями 3,912023 0,000500
микроорганизмов 2,525729 0,000323
микроскопического 3,912023 0,000500
минеева 3,912023 0,000500
минерализации 3,912023 0,000500
минерализациипресное 3,912023 0,000500
минеральных 1,609438 0,000411
миниатюрные 3,506558 0,000448
министерство 1,108663 0,000142
миновала 3,506558 0,000448
минприроды 2,659260 0,000679
мир 0,342490 0,000306
мира 0,415515 0,000212
мирами 3,506558 0,000448
мире 0,494296 0,000063
миров 3,506558 0,000896
мирового 1,609438 0,000822
мировых 1,560648 0,000199
миры 3,912023 0,002499
мифом 3,506558 0,000448
мифы 2,302585 0,000588
михаил 0,916291 0,000117
мичиган 3,506558 0,000448
мишиха 3,912023 0,000500
мкс 3,218876 0,000411
млн 0,462035 0,000118
мнению 0,967584 0,000371
мнениями 3,912023 0,000500
многие 0,356675 0,000046
многих 0,494296 0,000126
многократно 2,407946 0,000308
многоликий 3,912023 0,000500
многочисленные 1,139434 0,000146
множества 2,120264 0,000271
множество 0,597837 0,000076
мобильная -0,009950 -0,000001
могил 2,995732 0,000383
могильник 3,218876 0,000411
могильнике 3,506558 0,000448
могло 2,120264 0,000271
могут -0,009950 -0,000004
модонкуль 3,912023 0,000500
модулем 1,021651 0,000131
можете 0,653926 0,000334
мокрая 3,218876 0,000411
мокрое 3,218876 0,000411
мокшеньолык 0,000000 0,000000
молекулярного 3,912023 0,000500
молодая 2,659260 0,000340
молодости 3,506558 0,000896
молодость 2,995732 0,000383
молодцу 3,912023 0,000500
молоко 3,912023 0,000500
молокон 3,912023 0,000999
молька 3,912023 0,000500
момент 0,597837 0,000076
монастырь 1,139434 0,000437
монгол 0,000000 0,000000
монголии 2,659260 0,001699
монголия 2,525729 0,000323
монгольская 3,912023 0,000500
монгольских 2,995732 0,000383
мондинское 3,912023 0,000500
мониторинг 1,832581 0,000936
море 1,049822 0,001878
морем 1,771957 0,000226
мороза 3,506558 0,000448
морозе 3,912023 0,000500
морфометрия 3,218876 0,000411
морщинки 3,912023 0,000500
морю 1,966113 0,000502
моря 0,579818 0,000518
морякарточка 3,218876 0,000411
моряки 3,506558 0,000896
моряков 3,218876 0,000822
москаленко 3,506558 0,000448
москва 0,400478 0,000051
москву 1,139434 0,000146
московский 0,891598 0,000114
мощностью 1,966113 0,000502
мрамора 2,995732 0,000383
мужинай 3,912023 0,000500
муз 2,659260 0,000679
музей 0,776529 0,000298
музыку 2,302585 0,000294
муйское 3,912023 0,000500
мультимедийный 2,813411 0,000359
муравлев 3,912023 0,000500
мурзаев 2,995732 0,000765
мусор 2,813411 0,000359
мухор 3,912023 0,000500
мыс 1,966113 0,003516
мыса 2,302585 0,000882
мысовка 3,912023 0,000500
мысовский 3,912023 0,000500
мысы 2,995732 0,000383
мышьяка 3,506558 0,000448
мягче 2,995732 0,000383
наблюдается 1,021651 0,000261
наблюдались 2,659260 0,000340
наблюдать 3,218876 0,000411
наблюдений 1,386294 0,000354
набрызги 3,912023 0,000500
наверно 3,506558 0,000448
навигации -0,009950 -0,000001
навигацию 2,659260 0,000340
навигация -0,009950 -0,000003
нависшая 3,506558 0,000448
навсегда 2,813411 0,000359
нагрузки 2,207275 0,000282
надеждой 3,912023 0,000500
надписей 3,506558 0,000448
назвал 1,660731 0,000212
название 0,198451 0,000254
названия 0,342490 0,000219
названиям 3,506558 0,000448
названиях 1,897120 0,000242
названо 2,995732 0,000383
названы 1,386294 0,000177
называемая 2,120264 0,000271
называемой 2,040221 0,000261
называется 0,916291 0,000351
наиболее 0,139262 0,000107
наибольшая 1,832581 0,000234
наибольшее 1,386294 0,000354
наибольшей 2,120264 0,000271
найденными 2,813411 0,000359
накапливающихся 3,912023 0,000500
накопленного 3,506558 0,000448
накопленные 2,995732 0,000383
налим 3,506558 0,000448
налимовка 3,912023 0,000500
наличие 1,108663 0,000283
наличии 2,040221 0,000261
нам 0,000000 0,000000
намерен 3,218876 0,000411
нами -0,009950 -0,000001
нанесена 3,912023 0,000500
наполнения 3,912023 0,000500
напоминают 3,218876 0,000411
напоминающим 3,912023 0,000500
направление 1,203973 0,000154
например 0,328504 0,000126
напротив 1,237874 0,000316
народная 0,713350 0,000091
народной 1,966113 0,000251
народности 2,813411 0,000359
народов 0,798508 0,000204
нарушать 2,813411 0,000359
нарушением 2,302585 0,000294
нарушению 3,912023 0,000500
населением 0,776529 0,000099
населения 0,494296 0,000379
населенном 3,912023 0,000500
населенные 0,673345 0,000086
населенных 0,693147 0,000708
населяли 3,218876 0,000411
населяя 3,912023 0,000500
наскальные 3,218876 0,000411
наследие 1,347074 0,000688
наследия 0,820981 0,000839
настолько 1,897120 0,000242
настоящее 0,328504 0,000042
настоящему 2,120264 0,000271
наступление 2,120264 0,000271
насыщение 3,506558 0,000448
насыщении 3,912023 0,000500
натальи 2,995732 0,000383
наталья 1,660731 0,000212
натуральный 3,912023 0,000500
наук 0,693147 0,000354
наука 0,301105 0,000500
науку 1,966113 0,000502
научная 0,798508 0,000102
научно-исследовательская 2,995732 0,000383
научно-исследовательские 2,040221 0,000261
научно-исследовательский 1,237874 0,000316
научно-образовательный 0,967584 0,000247
научно-популярная 2,659260 0,000340
научно-популярный 3,218876 0,000411
научно-технический 2,995732 0,000383
научное 0,891598 0,000114
научные 1,049822 0,000805
научный 0,941609 0,000361
находился 0,776529 0,000099
находится 0,328504 0,000378
находки 2,407946 0,000923
находятся 0,527633 0,000202
находящегося 2,659260 0,000340
находящиеся 2,525729 0,000323
национальный 0,597837 0,000305
национальными 2,995732 0,000383
начал 0,798508 0,000102
начала 0,314711 0,000040
начале 0,314711 0,000080
начали 0,891598 0,000114
начало 0,415515 0,000106
началом 1,171183 0,000299
началось 0,616186 0,000079
началу 1,171183 0,000150
начат 2,525729 0,000323
начинается 0,755023 0,000096
начинают 1,771957 0,000453
начиная 0,733969 0,000094
неавторитетными 2,995732 0,000383
неблагоприятной 2,995732 0,000383
небо 2,040221 0,000261
небольшая 1,897120 0,000242
небольшим 2,040221 0,000261
небольших 1,660731 0,000212
небольшого 2,302585 0,000294
негативно 2,120264 0,000271
негативное 2,813411 0,000359
негативным 3,506558 0,000448
негативных 2,813411 0,000359
негосударственные 2,040221 0,000261
недалечко 3,912023 0,000500
недаром 3,506558 0,000448
недостатка 2,813411 0,000359
недостатков 0,653926 0,000084
нежно-бирюзовый 3,912023 0,000500
нежно-голубое 3,912023 0,000500
незаконной 3,218876 0,001645
незаконным 3,506558 0,001344
незначительные 2,995732 0,000383
неизведанный 3,912023 0,000500
неизвестен 2,659260 0,000340
нейтринного 3,912023 0,000999
нейтринный 3,912023 0,002499
нейтрино 3,506558 0,000448
некоммерческой -0,009950 -0,000001
некоторые 0,301105 0,000077
нем 0,356675 0,000046
немало 1,966113 0,000251
нематод 3,912023 0,000500
нему 1,203973 0,000154
необозримый 3,912023 0,000500
необыкновенно 3,912023 0,000500
необычные 2,659260 0,000340
неолита 2,995732 0,000383
неподалеку 2,040221 0,000261
непосредственно 0,478036 0,000061
непроглядная 3,912023 0,000500
неработоспособной 3,912023 0,000500
нерестилищ 2,995732 0,000383
нерестового 3,912023 0,000500
нерешенной 3,218876 0,000411
нерпа 3,506558 0,001344
нерпенка 3,912023 0,000500
нерпы 3,218876 0,000411
нерчинск 3,912023 0,000500
нерчинских 3,912023 0,000500
несвойственных 3,912023 0,000500
несколько 0,150823 0,000058
несмотря 0,755023 0,000096
несовершенные 3,912023 0,000500
несомненно 3,218876 0,000411
несуществующей 3,912023 0,000500
неупорядоченный 2,995732 0,000383
неупорядоченными 2,995732 0,000765
нефтепродуктами 3,218876 0,000411
нефтепродуктов 1,966113 0,000502
нефтепродукты 2,525729 0,000323
нигде 2,525729 0,000645
нидерланды 2,525729 0,000323
ниже 0,693147 0,000531
нижнеангарск 3,912023 0,000500
нижнеангарска 3,912023 0,000500
нижнем 1,660731 0,000212
нижняя 1,203973 0,000308
низкое 3,218876 0,000411
нии 1,237874 0,000316
нитратов 3,218876 0,000411
нитритов 3,506558 0,000448
нитчатые 3,912023 0,000500
нитчатых 3,912023 0,002499
ничтожно 3,506558 0,000448
новгорода 2,040221 0,000261
новицкого 2,995732 0,000383
новодевичий 3,218876 0,000411
новой 0,653926 0,000084
новосибирск 0,916291 0,000468
новости 0,579818 0,000518
новые 0,342490 0,000088
новый 0,446287 0,000114
номер 0,820981 0,000105
норвежская 0,248461 0,000032
нормативного 3,912023 0,000500
нормативной 2,995732 0,000383
нормативы 3,506558 0,000896
нормирования 3,912023 0,000999
норму 2,995732 0,000383
нормы 1,514128 0,000387
норы 3,506558 0,000448
нос 2,813411 0,001797
носа 3,506558 0,000448
носил 2,302585 0,000294
носители 2,995732 0,000383
нотами 3,912023 0,000500
нохчийн 0,000000 0,000000
ночуют 3,912023 0,000500
ночь 1,514128 0,000387
ноябре 0,994252 0,000127
ноября 0,127833 0,000180
нська 0,000000 0,000000
нужды 2,040221 0,000261
обдало 3,912023 0,000500
обе 1,609438 0,000206
обеспечивает 1,108663 0,000142
обеспечивают 1,514128 0,000193
обеспечивающие 2,302585 0,000294
обеспокоенность 3,912023 0,000500
обетованная 3,912023 0,000500
обитаемые 3,912023 0,000500
обитаемых 3,506558 0,000896
обитания 2,120264 0,000271
обитают 2,040221 0,000261
обитающих 3,506558 0,000448
обл 1,714798 0,000219
области 0,223144 0,000228
областиозера 3,506558 0,000448
областного 1,108663 0,000142
областное 2,302585 0,000294
областной 1,078810 0,000138
область 0,385662 0,000049
обмелением 3,912023 0,000500
обмена 1,560648 0,000199
обнаружено 2,207275 0,000282
обнаружили 2,813411 0,000359
обобщающих 2,995732 0,000383
обошло 3,506558 0,000448
образовался 2,407946 0,000615
образование 0,494296 0,000189
образованием 1,966113 0,000251
образуется 1,966113 0,000251
образуют 1,771957 0,000226
обрамленного 3,912023 0,000500
обрастают 3,912023 0,000500
обращения 0,030459 0,000288
обрывистое 3,912023 0,000500
обсерватории 2,207275 0,000282
обсерватория 2,659260 0,000679
обследование 3,912023 0,000500
обстановку 2,813411 0,000359
обусловлены 2,995732 0,000383
обширный 2,659260 0,000340
общего 0,713350 0,000273
общее 1,237874 0,000158
общества 0,776529 0,000397
общественности 2,813411 0,000719
общие 0,673345 0,000086
объект 1,386294 0,000354
объекта 1,203973 0,000308
объектах 2,525729 0,000323
объекте 3,218876 0,000411
объектов 0,527633 0,000539
объектом 1,560648 0,000399
объекты 0,478036 0,000122
объем 0,616186 0,000315
объемам 3,506558 0,000448
объемвикипедия 3,506558 0,000448
объемом 2,407946 0,000308
объему 1,771957 0,000679
объявлен 2,302585 0,000294
объясняется 1,771957 0,000226
объясняют 2,813411 0,001078
обычай 3,912023 0,000500
обычно 0,693147 0,000266
обычным 2,659260 0,000340
обязано 3,218876 0,000411
овчинников 3,912023 0,000500
огиз 3,218876 0,000822
огнедышащей 3,912023 0,000500
огой 3,912023 0,001499
огонь 1,771957 0,000453
ограничений 1,832581 0,000234
огромную 2,207275 0,000282
один-два 3,506558 0,000448
одна 0,527633 0,000135
однако 0,174353 0,000111
одни 1,714798 0,000657
одним 0,494296 0,000253
одних 2,207275 0,000282
одно 0,693147 0,000089
одноименного 1,771957 0,000226
одноименной 2,207275 0,000282
одной 0,371064 0,000237
одороченка 3,912023 0,000500
одурманит 3,912023 0,000500
одухотворенности 3,912023 0,000500
ожил 3,912023 0,000500
озвучены 3,912023 0,000500
озер 1,609438 0,002056
озера 0,967584 0,011743
озерах 2,659260 0,000340
озере 2,207275 0,004230
озерной 3,506558 0,000448
озеро 1,049822 0,004560
озеробайкал 3,912023 0,000500
озером 2,407946 0,000615
озеру 2,995732 0,001148
озираяся 3,912023 0,000500
означает 1,237874 0,000316
оймур 3,912023 0,000500
оказалась 1,771957 0,000226
оказывает 1,427116 0,000365
океана 1,272966 0,000325
океанологии 3,506558 0,000448
океанология 3,506558 0,000448
окном 3,218876 0,000411
около 0,000000 0,000000
окольцованный 3,912023 0,000500
оконечности 2,302585 0,000294
окончательно 1,203973 0,000154
окрестностей 1,714798 0,000438
окрестностях 1,469676 0,000188
округавсемирное 3,912023 0,000500
округов 0,776529 0,000099
округу 1,714798 0,000219
окруженной 2,813411 0,000359
октября 0,083382 0,000117
олигохеты 3,912023 0,001499
ольхон 3,912023 0,004997
ольхона 3,912023 0,000500
ольхонские 3,912023 0,000500
омулевая 3,912023 0,000999
омуль 3,218876 0,000411
омуля 3,912023 0,001499
онгокон 3,912023 0,000500
онгурен 3,912023 0,000500
онежского 3,218876 0,000411
онлайн 0,198451 0,000025
оно 0,000000 0,000000
ономастика 3,218876 0,000411
онтарио 3,912023 0,000500
оон 1,560648 0,000199
ооо 0,843970 0,000108
опасения 3,506558 0,000448
опасности 2,525729 0,000323
опасность 2,525729 0,000323
опасным 2,525729 0,000323
опасных 2,302585 0,000294
описание -0,009950 -0,000001
описаниях 2,995732 0,000383
опомниться 3,912023 0,000500
определение 1,660731 0,000212
определенный 2,120264 0,000271
определило 2,995732 0,000383
определить 2,207275 0,000282
определяют 2,120264 0,000542
опубликовала 2,995732 0,000383
опубликовано 2,525729 0,000323
опускается 2,040221 0,000261
опустился 3,218876 0,000411
организации -0,009950 -0,000008
организация 0,891598 0,000114
организм 3,218876 0,000411
организмов 2,659260 0,001019
организован 1,660731 0,000212
органику 3,912023 0,000500
органических 2,659260 0,000679
ореховка 3,506558 0,000448
оригинала 0,162519 0,000644
ортса 0,000000 0,000000
орхон 3,912023 0,000500
орхоне 3,912023 0,000500
осадками 1,771957 0,000226
осадочной 3,506558 0,000448
освоению 2,995732 0,001148
освоения 1,897120 0,000242
осенец 3,912023 0,000500
осень 1,469676 0,000188
осенью 1,309333 0,000335
осетр 2,813411 0,000359
осиновка 3,506558 0,003136
осипов 0,527633 0,000067
основная 0,116534 0,000030
основной 0,653926 0,000167
основном 0,510826 0,000065
основную 1,832581 0,000234
основные 0,223144 0,000114
основным 0,616186 0,000157
основными 1,203973 0,000154
основных 0,634878 0,000162
основу 1,203973 0,000308
основы 1,560648 0,000199
основывать 2,813411 0,000359
особенно 0,562119 0,000287
особенностях 3,506558 0,000448
особо 1,237874 0,000316
особой 2,120264 0,000271
особые 2,120264 0,000813
особый 2,040221 0,000261
оспорить 3,218876 0,000411
остается 0,891598 0,000114
остальные 0,891598 0,000114
остановил 3,912023 0,000500
остановить 2,995732 0,000383
остановлено 2,659260 0,000340
остров 1,139434 0,001019
острова 1,078810 0,001654
острова-града 3,506558 0,000448
островам 3,506558 0,000448
островами 2,302585 0,000882
острове 1,660731 0,000636
островов 1,897120 0,001454
осушение 3,506558 0,000448
осушенных 3,912023 0,000500
осуществлен 2,659260 0,000340
осуществлении 2,995732 0,000383
осуществляет 1,203973 0,000154
отбор 3,218876 0,000411
отв 0,755023 0,000096
ответ 1,560648 0,000199
ответах 3,218876 0,000822
ответственности -0,009950 -0,000001
ответственный 3,506558 0,000448
отдел 1,771957 0,000226
отделение 1,139434 0,000146
отделения 1,021651 0,000131
отделенных 3,912023 0,000500
отдельности 2,813411 0,000359
отдельные 1,078810 0,000276
отдельным 2,207275 0,000282
отдельных -0,009950 -0,000004
отдых 2,207275 0,000282
отдыха 1,049822 0,000268
отец 2,995732 0,000383
отказ -0,009950 -0,000001
отклонений 3,912023 0,000500
открывается 1,660731 0,000212
открывателем 3,912023 0,000500
открыли 1,237874 0,000158
открыт 0,798508 0,000102
открытии 2,040221 0,000261
открытию 2,995732 0,000383
открытия 0,916291 0,000117
открытом 2,407946 0,000308
открытые 2,120264 0,000271
откуда 0,000000 0,000000
отличается 0,579818 0,000074
отличие 0,891598 0,000114
отложений 2,813411 0,000359
отложениях 2,995732 0,000765
отметка 2,659260 0,000340
отметки 1,966113 0,000251
отмечается 1,309333 0,000167
отмечать 3,506558 0,000448
отмечен 1,966113 0,000251
отмечено 1,966113 0,000251
отмечены 2,207275 0,000282
относится 0,733969 0,000188
относятся 0,713350 0,000091
относящихся 2,302585 0,000294
ото 2,813411 0,000359
отождествляемая 3,912023 0,000500
отправляются 1,771957 0,000226
отражается 2,813411 0,000359
отредактирована -0,009950 -0,000001
отредактировать 0,967584 0,000494
отрогами 3,506558 0,000448
отряды 2,040221 0,000261
отступают 3,912023 0,000500
отступил 2,995732 0,000383
отступила 3,912023 0,000500
отсутствием 2,207275 0,000282
отсутствуют 1,897120 0,000242
оттуда 2,525729 0,000323
отты 3,912023 0,000500
отходов 1,966113 0,000502
отходы 2,207275 0,000564
отца 2,995732 0,001148
отчего 2,995732 0,000383
охарактеризовать 3,506558 0,000448
охватывающим 3,912023 0,000500
охотой 3,506558 0,000448
охрана 1,771957 0,001132
охране 1,609438 0,001028
охранной 3,218876 0,000411
охраны 1,427116 0,000365
охраняемые 2,302585 0,000588
оценка 0,693147 0,000354
оценкам 1,609438 0,000206
оценки 1,609438 0,000206
оцифрованы 3,912023 0,000500
очагов 3,506558 0,000448
очень 0,494296 0,000253
очерк 1,237874 0,000474
очисткой 3,506558 0,000448
очистку 2,659260 0,000340
очистные 2,207275 0,000846
очистных 2,525729 0,000645
очищаются 3,218876 0,000411
очищая 3,912023 0,000500
очищения 3,912023 0,000500
ошибкекак -0,009950 -0,000001
ощутимым 3,912023 0,000500
ощущения 3,218876 0,000411
павловича 2,813411 0,000359
падал 3,218876 0,000411
падь 3,218876 0,000822
пайсис 3,912023 0,000999
пайсисы 3,912023 0,000999
памяти 1,078810 0,000138
памятник 0,693147 0,000089
памятники 0,733969 0,000281
памятников 0,820981 0,000210
панорама 1,386294 0,000177
панорамы 2,040221 0,000261
паньковка 3,912023 0,000500
парк 0,693147 0,000266
парками 2,813411 0,000359
парни 3,912023 0,000500
паромной 3,912023 0,000500
парус 2,813411 0,000719
пассажирских 1,609438 0,000206
пассивным 3,912023 0,000500
паулу 3,912023 0,000500
пдк 2,207275 0,000564
пелагической 3,912023 0,000500
пены 3,912023 0,000500
пер 1,108663 0,000142
первое 0,544727 0,000070
первом 1,237874 0,000158
первые 0,494296 0,000253
первый 0,385662 0,000049
первым 0,597837 0,000076
первых 0,653926 0,000251
перевычисления 3,912023 0,000500
переемная 3,912023 0,000500
перейти -0,009950 -0,000003
перекресток 1,714798 0,000219
перемешивание 3,912023 0,000500
переписи 0,755023 0,000096
переплыть 3,912023 0,000500
переправы 1,832581 0,000234
перераб 1,609438 0,000411
перетоков 3,912023 0,000500
переход 1,427116 0,000182
переходят 2,659260 0,000340
перечислены 2,813411 0,000359
перечня 2,120264 0,000271
перешеек 2,995732 0,000383
период 0,342490 0,000306
персонала 2,525729 0,000323
персональные -0,009950 -0,000001
перспективы 1,347074 0,000172
песни 1,514128 0,000387
песня 1,609438 0,000822
песчаная 2,995732 0,001148
песчанка 2,813411 0,000359
петергоф 3,218876 0,000411
петиция 3,912023 0,000500
петров 2,207275 0,000282
петроглифы 3,506558 0,000448
печати -0,009950 -0,000001
печатные 1,514128 0,000193
печать -0,009950 -0,000003
пешие 3,912023 0,000500
пещерах 3,218876 0,000411
пещере 2,995732 0,000383
пик 1,966113 0,000251
пинейру 3,912023 0,000500
писатели 2,407946 0,000615
письмо 2,302585 0,000294
питания 1,272966 0,000163
питьевой 2,302585 0,000588
пищевой 1,514128 0,000387
плавник 3,912023 0,000500
планетарной 3,912023 0,000500
планете 2,302585 0,000294
планировать 3,506558 0,000448
планируемым 3,912023 0,000500
планируемых 2,813411 0,000359
планктонные 3,912023 0,000500
планктонных 3,218876 0,000411
планы 1,347074 0,000344
плато 2,040221 0,000261
племена 2,120264 0,000271
племянника 3,912023 0,000500
плиточных 3,912023 0,000500
плиты 2,995732 0,000383
плотиной 2,659260 0,000340
плотности 2,407946 0,000308
плотным 3,506558 0,000448
площади 0,510826 0,000196
площадки 1,714798 0,000219
площадь 0,478036 0,000427
площадькарточка 3,218876 0,000411
площадью 0,994252 0,000254
плыть 3,912023 0,000500
плюма 3,912023 0,000500
пляжей 2,813411 0,000359
по-разному 2,407946 0,000308
побежала 3,912023 0,000500
побережье 1,560648 0,000797
побережья 1,427116 0,001094
побываешь 3,912023 0,000500
поведения -0,009950 -0,000001
поверхности 1,514128 0,000580
поверхностного 2,995732 0,000383
поверхностном 2,995732 0,000383
поверхностных 1,714798 0,001095
поверхность 2,120264 0,000271
поводу 2,207275 0,000282
повреждением 3,912023 0,000500
повысилась 2,659260 0,000340
повышается 2,813411 0,000359
повышение 1,609438 0,000206
повышению 2,302585 0,000294
повышенному 3,912023 0,000500
погода 0,776529 0,000099
погоду 2,302585 0,000588
погоню 3,912023 0,000500
погружении 3,912023 0,000500
погружения 3,218876 0,001645
подавлять 3,912023 0,000500
подбассейн 3,912023 0,000500
подвергается 2,659260 0,000340
подверглось 2,995732 0,000383
подвидов 2,995732 0,000765
подвиды 3,912023 0,000500
подводные 2,525729 0,000968
подводный 2,813411 0,000719
подготовлен 2,995732 0,000383
поддерживается 1,897120 0,000242
поддержке 1,469676 0,000188
подкласса 3,912023 0,000500
поднялся 2,207275 0,000282
поднятые 3,912023 0,000999
подобный 2,207275 0,000282
подпором 3,506558 0,000448
подробнее -0,009950 -0,000001
подсемейств 3,912023 0,000500
подсобил 3,912023 0,000500
подсчета 2,995732 0,000383
подтвердилась 3,506558 0,000448
подтверждаемым 2,995732 0,000383
подтверждена 3,218876 0,000411
подтверждения 2,813411 0,000359
подход 1,771957 0,000226
подъемник 3,506558 0,000448
подъему 3,912023 0,000500
поезда 1,272966 0,000163
пожалел 3,912023 0,000500
пожалуйста 1,469676 0,000188
позволило 1,514128 0,000193
позволяет 0,755023 0,000096
поиск -0,009950 -0,000001
поиску -0,009950 -0,000006
поймай 3,912023 0,000500
поймала 3,912023 0,000500
показатель 0,713350 0,000091
показателям 2,302585 0,000588
покрова 1,203973 0,000461
покровом 2,659260 0,000340
покрытые 3,506558 0,000448
полезных 1,660731 0,000212
политика -0,009950 -0,000001
полной 1,832581 0,000234
полностью 0,400478 0,000102
половинка 3,506558 0,000448
половинная 3,912023 0,000500
половину 1,660731 0,000212
половины 0,994252 0,000381
пологий 2,995732 0,000383
положение 0,510826 0,000131
положения 1,309333 0,000167
положено 2,813411 0,000359
положительное 3,506558 0,000448
полумесяца 3,912023 0,000500
полуостров 1,714798 0,000876
полуострова 1,560648 0,000797
полупрозрачного 3,912023 0,000500
полухин 3,506558 0,000448
получены 2,302585 0,000294
получила 0,653926 0,000167
полые 3,912023 0,000500
пользуется 2,407946 0,000308
полюбила 3,912023 0,000500
поля 1,427116 0,000182
помещены 3,912023 0,000500
помимо 0,562119 0,000072
помни 3,912023 0,000500
помощи 0,843970 0,000108
помощью 0,634878 0,000162
понижение 2,813411 0,000359
пономаревка 3,912023 0,000500
поняли 3,506558 0,000448
понятий 2,407946 0,000308
попадания 2,995732 0,000383
попадают 2,525729 0,000323
попасть 2,302585 0,000588
пополнять 3,506558 0,000448
популярностью 2,207275 0,000282
популярные 2,407946 0,000308
популярных 1,832581 0,000234
популяции 2,659260 0,000340
попытался 3,218876 0,000411
пор 0,941609 0,000481
породой 3,506558 0,000448
портал 0,342490 0,000088
португалии 3,506558 0,000448
поручение 3,218876 0,000411
поручил 3,506558 0,000448
порядка 1,139434 0,000146
посвященное 3,912023 0,000500
поселение 1,309333 0,000167
поселения 0,941609 0,000120
поселка 1,309333 0,001004
поселке 1,609438 0,000617
поселки 1,347074 0,000344
поселок 1,108663 0,000283
посетить 2,407946 0,000308
посещением 2,995732 0,000383
поскольку 0,941609 0,000120
послал 2,659260 0,000340
последние 0,755023 0,000289
последний -0,009950 -0,000001
последняя 0,342490 0,000044
последствий 2,207275 0,000564
последующем 3,912023 0,000500
посол 3,912023 0,000999
посольский 3,506558 0,001344
постановление 1,139434 0,000146
постановлению 2,302585 0,001177
постановления 2,302585 0,000294
постоянно 1,108663 0,000142
постоянного 0,693147 0,000266
постоянные 1,966113 0,000251
постоянных 2,302585 0,000294
построенный 1,237874 0,000316
постройках 3,506558 0,000448
постройки 1,139434 0,000146
поступает 2,302585 0,000294
поступления 2,120264 0,000271
посчитают 3,912023 0,000500
потекла 3,912023 0,000500
потемкина 3,218876 0,000411
потемкиной 3,912023 0,000500
потепление 2,407946 0,000308
потребителей 2,207275 0,000282
потребляет 3,218876 0,000822
похабиха 3,912023 0,000500
походы 2,407946 0,000308
почуя 3,912023 0,000500
пошевеливай 3,912023 0,000999
поэта 1,966113 0,000251
поэтому 0,616186 0,000157
появились 0,579818 0,000148
появится 1,832581 0,000468
появляются 1,560648 0,000199
права 0,755023 0,000096
правда 0,891598 0,000114
правил 1,771957 0,000453
правилам 1,660731 0,000212
правило 0,891598 0,000114
правительства 0,693147 0,000354
правительство 0,843970 0,000108
правительством 1,832581 0,000468
правительству 2,995732 0,000383
править -0,009950 -0,000003
правка 0,328504 0,000042
правкиновые -0,009950 -0,000001
правкипостоянная -0,009950 -0,000001
правовые 2,995732 0,000383
правый 1,386294 0,000177
практически 0,755023 0,000096
превышает 0,967584 0,000494
превышение 2,040221 0,000261
превышения 2,995732 0,000765
преградить 3,912023 0,000500
предания 2,659260 0,001359
предварительная 3,218876 0,000411
пределах 0,510826 0,000065
пределе 3,506558 0,000448
предельно 2,302585 0,000588
предельных 3,218876 0,000411
предисл 2,120264 0,000271
предками 3,912023 0,000500
предки 2,525729 0,000323
предложил 1,832581 0,000234
предложила 2,995732 0,000383
предложили 2,207275 0,000564
предмете 2,813411 0,000359
предметы 1,832581 0,000234
предназначенная 2,995732 0,000383
предоставляют 1,427116 0,000182
предполагается 1,560648 0,000199
предполагалось 1,771957 0,000226
предполагать 3,912023 0,000500
предполагают 2,813411 0,000359
предположения 2,813411 0,000359
предпочтительно 2,995732 0,000383
предприятий 0,713350 0,000182
предприятия 0,713350 0,000365
представились -0,009950 -0,000001
представителей 1,469676 0,000188
представители 1,272966 0,000325
представляет 0,446287 0,000114
представляется 2,813411 0,000359
представляют 1,237874 0,000158
предусматривавший 2,995732 0,000383
предусматривался 3,218876 0,000411
предыдущие 2,525729 0,000323
прежнее 2,120264 0,000271
прекращается 3,218876 0,000411
преобразование 2,302585 0,000294
преподносит 3,912023 0,000500
пресноводное 2,813411 0,000359
пресноводные 3,218876 0,000411
пресной 2,659260 0,001019
преступлений 2,040221 0,000521
преступления 2,040221 0,000261
прибайкалье 2,995732 0,000765
прибайкальский 3,912023 0,001499
прибайкалью 3,912023 0,000500
прибайкалья 3,218876 0,000411
прибой 3,506558 0,000448
прибрежной 2,207275 0,001410
прибрежные 2,302585 0,000588
прибрежных 2,302585 0,000882
приведены 2,040221 0,000261
приведите 2,995732 0,000383
привели 1,560648 0,000199
привело 1,108663 0,000283
привести 1,832581 0,000234
привлечения 2,302585 0,000294
привнос 3,912023 0,000500
приводит 1,171183 0,000449
приводится 2,659260 0,000340
приводя 3,506558 0,000448
приводятся 3,218876 0,000411
привольно 3,912023 0,000500
привычное 3,218876 0,000411
придется 2,995732 0,000383
прием 1,966113 0,000251
признал 2,207275 0,000564
признано 2,995732 0,000383
признаны 2,207275 0,000564
признаются 3,506558 0,000448
прилегающие 2,040221 0,000261
прилегающими 2,407946 0,000615
примерно 0,634878 0,000243
примеров 2,120264 0,000271
примесей 3,912023 0,000500
примечания -0,009950 -0,000003
приняло 2,813411 0,000359
принятие 2,813411 0,000359
принято 0,713350 0,000182
принятое 3,912023 0,000500
принятым 2,995732 0,000383
принять 2,207275 0,000282
приподнятости 3,912023 0,000500
природа 1,309333 0,000335
природно-антропогенный 3,912023 0,000500
природного 2,302585 0,000882
природной 1,897120 0,001454
природную 3,218876 0,000822
природные 1,108663 0,000567
природный 1,660731 0,000636
природным 2,525729 0,000323
природных 1,108663 0,000850
природой 2,813411 0,000359
природоохранного 3,912023 0,000500
природоохранные 2,995732 0,000765
природопользованию 3,218876 0,000411
природопользования 2,995732 0,001148
природу 2,302585 0,000294
природы 1,021651 0,000783
присмиревшим 3,912023 0,000500
приспособили 3,912023 0,000500
присутствия 2,525729 0,000323
присутствовали 2,813411 0,000359
притока 2,120264 0,000271
притоками 2,659260 0,000340
притоках 2,813411 0,000359
притоки 1,832581 0,000702
притоком 2,120264 0,000271
приурочено 2,813411 0,000359
приходится 0,776529 0,000099
причин 1,897120 0,000242
причинам 1,966113 0,000251
причиной 1,469676 0,000375
пришли 1,771957 0,000226
пришлось 1,771957 0,000226
приятный 3,912023 0,000500
проб 2,525729 0,000968
проблем 0,798508 0,000204
проблема 1,237874 0,000158
проблемам 2,207275 0,000282
проблемами 2,302585 0,000294
проблемных 2,525729 0,000323
проблему 1,514128 0,000193
проблемы 0,544727 0,000418
пробы 2,995732 0,001148
провал 2,995732 0,000765
проведена 1,832581 0,000468
проведено 2,207275 0,000564
проверить 2,207275 0,000282
проверке 3,218876 0,000411
проверку 2,995732 0,000383
проверяема 0,967584 0,000494
проводилось 2,813411 0,000359
прогретой 3,912023 0,000500
продавать 3,218876 0,000411
продолжается 1,560648 0,000399
продолжать 3,506558 0,000448
продолжена 2,995732 0,000383
продолжительной 2,813411 0,000359
продолжительном 3,912023 0,000500
продолжительностью 2,813411 0,000359
продуктивности 3,506558 0,000448
проезжающим 3,912023 0,000500
проезжая 3,218876 0,000411
проект 0,400478 0,000307
проекта 0,616186 0,000236
проектах -0,009950 -0,000001
проектахзначения 1,237874 0,000158
проектирование 2,120264 0,000271
проектной 2,813411 0,000359
проекты 1,108663 0,000283
проживает 1,771957 0,000226
проживало 1,514128 0,000193
прожорливый 3,912023 0,000500
прозрачен 3,912023 0,000500
прозрачна 3,506558 0,000896
прозрачнее 3,912023 0,000500
прозрачного 3,506558 0,000448
прозрачности 3,506558 0,000448
прозрачность 2,525729 0,000645
произведения 1,427116 0,000182
производится 1,714798 0,000219
производства 0,616186 0,000157
производственные 2,407946 0,000615
производство 0,941609 0,000481
производству 1,427116 0,000182
происходили 2,207275 0,000282
происходит 0,634878 0,000243
происходят 1,966113 0,000753
происхождение 1,427116 0,001094
происхождении 1,514128 0,000193
происхождения 1,272966 0,000488
проклял 3,912023 0,000500
проконтролировано 3,912023 0,000500
прокурора 3,506558 0,000448
пролив 2,040221 0,000521
промывных 3,912023 0,000500
промышленности 0,579818 0,000148
промышленными 1,897120 0,000242
промышленных 0,916291 0,000351
проникают 3,218876 0,000411
проникновения 2,302585 0,000294
пропасть 3,506558 0,000448
пропускает 3,506558 0,000448
пропуская 3,912023 0,000500
просвещения 1,897120 0,000242
проседание 3,912023 0,000500
просмотры -0,009950 -0,000001
простирающегося 3,912023 0,000500
просторам 3,506558 0,000448
протесты 2,659260 0,000340
противоположную 3,506558 0,000896
протяженность 0,941609 0,000120
протяженностью 1,386294 0,000177
протянувшийся 3,218876 0,000411
протянулось 3,912023 0,000500
проф 1,771957 0,000226
профилирования 3,912023 0,000500
профиль 2,525729 0,000323
прохладнее 3,506558 0,000448
проходит 0,693147 0,000089
проходят 0,941609 0,000241
прохождении 3,506558 0,000448
процедур 3,912023 0,000500
процентах 2,995732 0,000383
процесс 1,108663 0,000142
процесса 1,714798 0,000219
процессах 2,407946 0,000308
процессов 1,347074 0,000172
прощание 3,912023 0,000500
прямо 1,714798 0,000438
псковской 3,218876 0,000411
птиц 1,469676 0,000188
птицы 2,207275 0,000282
публикации 1,832581 0,000234
пуля 3,912023 0,000500
пункта 1,514128 0,000193
пунктах 2,525729 0,000968
пункте 3,506558 0,000448
пунктов 0,653926 0,000418
пункты 0,616186 0,000079
путеводитель 0,713350 0,000091
путей 0,916291 0,000117
путем 0,941609 0,000120
путешественники 2,659260 0,000679
пути 0,693147 0,000089
путорана 3,912023 0,000500
путь 0,820981 0,000105
путями 2,407946 0,000308
пушек 3,506558 0,000448
пылегазовые 3,912023 0,000500
пыловка 3,912023 0,000500
пытается 2,813411 0,000359
пьешь 3,912023 0,000500
пяти 1,203973 0,000154
пятисот 3,506558 0,000448
работ 0,941609 0,000120
работает 0,755023 0,000096
работу 0,693147 0,000089
работы 0,314711 0,000040
равно 2,040221 0,000521
радио 0,891598 0,000114
раза 0,867501 0,000222
разборов 3,506558 0,000448
развивается 1,609438 0,000206
развиваются 1,832581 0,000234
развитие 0,314711 0,000121
развитию 0,843970 0,000323
развиты 1,714798 0,000438
раздел 0,891598 0,000114
разделам 2,659260 0,000340
разделами 0,891598 0,000114
разделе 0,776529 0,000397
разделив 3,506558 0,000448
разделить 2,525729 0,000645
различные 0,693147 0,000177
различным 1,469676 0,000188
различных 0,385662 0,000049
разлома 3,218876 0,000411
размер 1,832581 0,000234
размерами 2,813411 0,000359
размеры 2,040221 0,000782
размыву 3,218876 0,000411
разнесите 2,995732 0,000383
разновидностей 2,995732 0,000383
разногласие 2,813411 0,002156
разнообразных 1,966113 0,000753
разными 2,120264 0,000271
разных 0,510826 0,000131
разработан 1,347074 0,000172
разработать 2,995732 0,000765
разработчики -0,009950 -0,000001
разрез 3,506558 0,000448
разрешение 1,966113 0,000251
разрешенной 3,912023 0,000500
разрешенную 3,912023 0,000500
разрушению 2,813411 0,000359
разрушения 2,207275 0,000282
разрывают 2,995732 0,000383
разрывы 3,912023 0,000500
район 0,597837 0,000305
района 0,673345 0,000086
районами 1,347074 0,000172
районах 0,941609 0,000120
районе 0,527633 0,000539
районного 2,302585 0,000294
районных 2,120264 0,000271
районов 0,562119 0,000072
ракообразных 3,218876 0,000822
ракушковых 3,912023 0,000500
рамках 0,544727 0,000070
ран 0,776529 0,001686
ранее 0,430783 0,000055
раннего 1,897120 0,000242
раскаты 3,912023 0,000999
раскрыла 3,912023 0,000500
раскрыт 3,912023 0,000500
распадков 3,912023 0,000500
располагает 1,609438 0,000206
располагалось 2,302585 0,000294
располагаться 2,659260 0,000340
расположен 0,733969 0,000281
расположение 1,139434 0,000146
расположением 2,407946 0,000308
расположенной 2,302585 0,000294
расположенном 3,218876 0,000411
расположенных 1,427116 0,000182
расположено 0,916291 0,000234
расположены 0,673345 0,000086
распоряжение 1,609438 0,000206
распространенные 2,525729 0,000323
распространены 1,832581 0,000234
распутин 3,506558 0,000896
рассказы 2,302585 0,000294
рассматривать 1,966113 0,000251
рассмотреть 3,506558 0,000448
расстоянии 1,966113 0,000251
рассыпная 3,912023 0,000500
растворенных 3,218876 0,000411
растений 1,386294 0,000531
растительный 1,966113 0,000753
растительных 3,218876 0,000822
расходится 3,912023 0,000500
расширением 2,813411 0,000359
расширившее 3,912023 0,000500
расширяющий 3,912023 0,000500
рационального 3,218876 0,000411
рачка 3,912023 0,000999
рачков 3,218876 0,000411
рачков-амфипод 3,912023 0,000500
рачков-изопод 3,912023 0,000500
рачку-эпишуре 3,912023 0,000500
рачок 3,912023 0,000500
рбк 1,386294 0,000354
рднк 3,912023 0,000500
реализации 0,994252 0,000127
реализован 1,660731 0,000212
реализуется 2,302585 0,000294
реально 2,207275 0,000564
реальный 1,897120 0,000242
регион 1,021651 0,000131
региона 0,776529 0,000099
региональное 1,660731 0,000212
регионе 1,049822 0,000134
регистра 3,218876 0,000411
регистрационный 3,506558 0,000448
регулируются 3,912023 0,000500
регулярно 1,272966 0,000163
регулярный 2,207275 0,000282
ред 0,235722 0,000181
редактирования 1,897120 0,000242
редактор 1,609438 0,000411
редакторам 2,995732 0,000383
редкое 3,506558 0,000448
редкой 3,506558 0,000448
реестр 1,469676 0,000188
реестра 2,407946 0,000923
режим 1,108663 0,000142
режиссер-оператор 3,912023 0,000500
резервуар 3,506558 0,000448
резкого 3,218876 0,000411
резкому 2,995732 0,000383
результатам 1,049822 0,000268
результате 0,342490 0,000525
результаты 1,237874 0,000633
рек 0,820981 0,000315
рек-сыновей 3,912023 0,000500
река 0,733969 0,000750
рекаангара 3,912023 0,000500
рекам 2,302585 0,000294
реке 0,713350 0,000091
реки 0,462035 0,000472
рекиселенга 3,912023 0,000500
рекомендации 0,843970 0,000431
реконструкции 0,967584 0,000371
рекреационная 2,995732 0,000383
реку 1,171183 0,000150
рель 3,912023 0,000500
рельеф 0,941609 0,000722
ремезовым 3,218876 0,000411
репортер 2,120264 0,000271
республики 0,916291 0,000585
ресурсах 2,995732 0,000383
ресурсов 0,798508 0,000204
ресурсы 0,020203 0,000013
речка 2,207275 0,000282
речного 1,139434 0,000146
речной 0,916291 0,000234
решение 0,755023 0,000289
решению 1,609438 0,000206
решила 2,995732 0,000383
решить 2,120264 0,000271
риа 1,049822 0,000402
ринчинова 3,912023 0,000500
риска 2,813411 0,000359
рисунки 2,995732 0,000383
риты 3,912023 0,000500
рифтингом 3,912023 0,000500
рифтовая 3,506558 0,000448
рифтовой 3,506558 0,000448
роговик 3,912023 0,000500
рода 1,560648 0,000199
родина-мать 3,506558 0,000448
родным 2,813411 0,000359
родов 2,813411 0,001438
родословные 3,912023 0,000500
родственных 0,755023 0,000096
рождающее 3,912023 0,000500
розлива 2,995732 0,000383
розливу 3,912023 0,002499
роль 0,579818 0,000148
романова 2,659260 0,000340
росбизнесконсалтинг 2,995732 0,000383
роскартография 2,813411 0,000359
росприроднадзора 3,506558 0,000448
россии 0,186330 0,000428
россиибайкалозера 3,912023 0,000500
россииприродное 3,912023 0,000500
российская 0,186330 0,000119
российскими 2,813411 0,000359
российского 0,634878 0,000243
российской 0,385662 0,000394
россия 0,371064 0,000095
россолимо 3,506558 0,000448
росстат 0,776529 0,000198
росту 1,832581 0,000234
ртути 3,218876 0,000411
рубеже 1,560648 0,000399
рубках 3,912023 0,000500
рубкой 3,912023 0,000500
рубку 3,912023 0,000500
рудники 3,912023 0,000500
рудников 3,506558 0,000448
рук 2,040221 0,000521
руководством 0,941609 0,000120
румянцев 3,218876 0,000411
рус 0,162519 0,002201
русинек 3,912023 0,000500
русиньскыйсаха 0,000000 0,000000
русло 1,897120 0,000242
русская 0,867501 0,000111
русские 0,544727 0,000209
русский -0,009950 -0,000001
русским 1,560648 0,000199
русских 0,843970 0,000108
русского 0,494296 0,000253
русское 0,755023 0,000096
ручей 2,040221 0,000261
ручьев 2,659260 0,000679
рфбурятия 3,912023 0,000500
рыб 2,040221 0,001043
рыб-бентофагов 3,912023 0,000500
рыба 2,813411 0,000719
рыбная 2,525729 0,000323
рыбохозяйственного 3,506558 0,000448
рыбы 1,897120 0,000485
рыгдылон 3,912023 0,000500
рытый 3,912023 0,000999
ряби 3,506558 0,000448
ряд 0,385662 0,000049
ряда 0,994252 0,000127
ряде 1,237874 0,000158
рядом 0,733969 0,000094
с-пб 0,000000 0,000000
сагалевич 3,912023 0,000500
сайт 0,371064 0,000047
сайте 0,967584 0,000247
сайты 0,478036 0,000183
сакирко 3,912023 0,000500
сальникова 3,912023 0,000500
самая 0,798508 0,000102
сами 1,560648 0,000199
само 2,040221 0,000261
самое 0,994252 0,000381
самой 0,916291 0,000234
самом 1,108663 0,000142
самоочищения 3,912023 0,000500
самые 1,021651 0,000261
самый 0,579818 0,000074
самых 0,544727 0,000139
санкт-петербург 0,776529 0,000099
санкт-петербурга 1,514128 0,000193
саранка 3,912023 0,000500
саркисян 3,912023 0,000999
сарма 3,218876 0,000822
сбежать 3,912023 0,000500
сброса 2,407946 0,000923
сбросов 3,218876 0,000411
свернул 3,912023 0,000500
света 1,714798 0,000219
светлее 3,912023 0,000500
светлый 1,832581 0,000234
свинца 2,407946 0,000308
свияжска 3,912023 0,000500
свобода 1,771957 0,000226
свободной -0,009950 -0,000001
свободноплавающих 3,912023 0,000500
своего 0,776529 0,000099
своей 0,776529 0,000099
своему 2,120264 0,000542
своеобразной 3,506558 0,000448
своим 0,967584 0,000124
своими 1,427116 0,000182
свой 0,653926 0,000167
свойства 1,660731 0,000636
свойство 0,653926 0,000167
свп 3,506558 0,000448
свяжитесь -0,009950 -0,000001
связанные 1,021651 0,000131
связано 1,078810 0,000138
связаны 1,237874 0,000158
связи 0,235722 0,000060
связывается 2,525729 0,000323
святого 1,078810 0,000138
святое 3,912023 0,000500
святой 1,272966 0,000813
священный 3,912023 0,002499
сделал 2,120264 0,000271
сделанная 3,218876 0,000411
север 1,171183 0,000150
севера 0,941609 0,000241
севере 1,139434 0,000146
северная 1,078810 0,000138
северное 1,514128 0,000387
северной 0,693147 0,000531
северному 2,659260 0,000340
северный 0,820981 0,000315
северо-восток 2,525729 0,000323
северо-восточное 3,506558 0,000448
северобайкальск 3,506558 0,000896
северобайкальска 3,912023 0,000500
северцова 3,912023 0,000500
сегодня 0,616186 0,000157
седьмое 2,659260 0,000340
сейсмического 3,506558 0,000448
сейсмичностью 3,912023 0,000500
сейсмоактивность 3,912023 0,000999
секрет 2,659260 0,000340
секрета 3,912023 0,000500
села 1,203973 0,000461
селе 2,120264 0,000271
селенга 3,218876 0,002056
селенга-байкал 3,912023 0,000500
селенге 3,912023 0,001499
селенги 3,912023 0,004498
селенгинский 3,912023 0,000500
селенгинским 3,912023 0,000500
селенгушка 3,912023 0,000500
село 1,469676 0,000188
селькитан 3,912023 0,000500
сельских 0,776529 0,000198
семейств 2,995732 0,000383
семейства 1,966113 0,000502
семерной 3,912023 0,000500
семиречка 3,912023 0,000500
семь 1,309333 0,000167
сенная 3,506558 0,000448
сеногда 3,912023 0,000500
сентябре 0,994252 0,000254
сентябрь 1,309333 0,000167
сентября 0,072571 0,000083
сергеевка 2,995732 0,000383
сергей 0,967584 0,000124
середине 0,562119 0,000072
серия 1,237874 0,000791
сероводородный 3,912023 0,000500
серьезную 2,407946 0,000308
серьезным 2,813411 0,000359
сессия 3,218876 0,000411
сетях 1,139434 0,000146
сжигания 3,506558 0,000448
сиб 2,659260 0,000340
сибири 1,347074 0,001893
сибирский 1,469676 0,000188
сибирского 1,714798 0,000438
сибирское 1,832581 0,000234
сибиряки 3,218876 0,000411
сиг 3,218876 0,000411
сила 2,407946 0,000615
сильно 0,776529 0,000099
сильном 2,995732 0,000383
сильные 1,660731 0,000636
синдром 3,506558 0,000448
сине-зеленым 3,912023 0,000500
сине-зелеными 3,912023 0,000500
синего 2,659260 0,000340
систем 0,798508 0,000102
система 0,235722 0,000120
системе 0,733969 0,000469
системеобсуждениевкладсоздать -0,009950 -0,000001
системный 3,218876 0,000411
системой 1,309333 0,000167
систему 0,673345 0,000172
системы 0,342490 0,000088
ситуации 1,347074 0,000172
ситуация 1,469676 0,000188
сих 1,078810 0,000551
сихотэ-алинь 2,813411 0,000359
сияния 2,407946 0,000308
сказано 2,407946 0,000308
скала 3,218876 0,002467
скалистое 3,506558 0,000448
скалу 3,506558 0,000896
скалы 2,813411 0,000359
скачать -0,009950 -0,000001
сквозь 2,659260 0,001019
скитался 3,912023 0,000500
складирования 3,912023 0,000500
склоны 2,525729 0,000323
скованным 3,912023 0,000500
сколько 0,653926 0,000167
скоро 2,525729 0,000323
скоростей 3,506558 0,000448
скорпенообразных 3,912023 0,000500
славное 3,912023 0,001999
славный 2,995732 0,001148
следует 0,755023 0,000096
слез 3,912023 0,000500
слитности 3,912023 0,000500
слова 0,562119 0,000072
словам 1,897120 0,000242
словари 0,116534 0,000015
словарь 0,274437 0,000105
словно 3,506558 0,000448
слое 2,525729 0,000323
слоев 2,040221 0,001043
сложившейся 2,525729 0,000323
сложилось 2,995732 0,000383
слой 2,120264 0,000271
слоя 2,407946 0,000308
слоях 2,407946 0,000308
служба 0,693147 0,000089
слухи 3,218876 0,000411
случаи 1,714798 0,000219
случаются 2,302585 0,000588
случаях -0,009950 -0,000001
слышатся 3,912023 0,000500
слюдянка 3,506558 0,001792
слюдянке 3,506558 0,000448
слюдянки 3,506558 0,000448
слюдянский 3,506558 0,000448
сможет 2,407946 0,000308
снабжали 3,912023 0,000500
снабжения 2,659260 0,000340
сначала 1,386294 0,000177
снега 1,771957 0,000226
снежная 2,207275 0,000846
снежный 1,660731 0,000212
снижается 1,714798 0,000219
снижение 1,609438 0,000206
снижении 3,912023 0,000500
снились 3,912023 0,000500
снимках 3,912023 0,000500
сносок 0,843970 0,000431
соблюдаться 3,912023 0,000500
собой 0,328504 0,000126
соболей 3,506558 0,000448
собор 0,755023 0,000193
собственные 1,469676 0,000188
событияпожертвовать -0,009950 -0,000001
совершенно 2,302585 0,000294
совершенства 3,218876 0,000411
совершенствование 2,207275 0,000282
совершены 3,218876 0,000411
совершив 3,506558 0,000448
совместно 1,427116 0,000182
совместного 2,813411 0,000359
совмещенных 3,912023 0,000500
современное 1,108663 0,000425
современной 0,579818 0,000074
современном 1,272966 0,000163
современные 0,916291 0,000117
современных 0,713350 0,000182
согласно 0,301105 0,000038
содействия 2,813411 0,000719
содержание 0,010050 0,000004
содержании 3,912023 0,000500
содержащий 2,813411 0,000359
содержащих 2,525729 0,000323
содержащуюся 3,912023 0,000500
содержимым 2,813411 0,000359
содержит 1,386294 0,000354
соединений 2,120264 0,000271
соединения 1,897120 0,000242
создан 0,693147 0,000089
создание 0,733969 0,000094
создании 1,203973 0,000154
созданию 1,609438 0,000206
соискание 3,218876 0,000411
соколовская 3,912023 0,000500
сокращения 1,714798 0,000438
сокуй 3,912023 0,000500
солей 2,302585 0,000294
соленость 2,995732 0,000383
солзан 3,912023 0,000500
солнечного 1,714798 0,000219
солнечную 2,995732 0,000383
солнечные 2,659260 0,000340
солнца 1,966113 0,000251
солнце 1,714798 0,000219
солнцем 2,407946 0,000308
соловецкие 3,912023 0,000500
солонцова 3,912023 0,000500
сообществ 2,995732 0,000383
сообщить -0,009950 -0,000001
сооружение 1,469676 0,000188
сооружений 1,078810 0,000413
сооружения 0,941609 0,000481
соответствии 0,446287 0,000171
соответствует 1,427116 0,000365
соответствуют 2,302585 0,000588
соответствующие 1,560648 0,000199
соответствующим 1,897120 0,000242
сопками 3,506558 0,000448
сопки 3,506558 0,000896
сопровождаются 3,506558 0,000448
сор 3,912023 0,001499
сор-черкалово 3,912023 0,000500
сорах 3,912023 0,000500
сорных 3,912023 0,000500
сосновка 2,525729 0,000323
сосредоточение 3,218876 0,000411
сост 0,597837 0,000076
состава 1,171183 0,000150
составленная 2,813411 0,000359
составляет 0,314711 0,000281
составляют 0,798508 0,000102
составной 2,659260 0,000340
состоянии 1,309333 0,000669
состоянию 0,544727 0,000070
состояния 1,203973 0,000308
сохранением -0,009950 -0,000001
сохранении 2,407946 0,000308
сохранению 2,813411 0,000719
сохранения 1,660731 0,000212
сохранит 3,506558 0,000448
социально-экономическое 2,302585 0,000294
сочинения 2,120264 0,000271
сочинили 3,912023 0,000500
спам-лист 2,995732 0,000383
спам-ссылкамивикипедия 2,995732 0,000383
спасем 3,912023 0,000500
спаси 3,912023 0,000500
спб 0,385662 0,000443
специализирующиеся 3,218876 0,000411
специалисты 1,714798 0,000219
спирогирой 3,912023 0,000500
списками 2,525729 0,000645
списке 1,966113 0,000251
списки 1,714798 0,000219
список 0,248461 0,000317
сплошных 3,218876 0,000411
спокойным 3,912023 0,000500
спорт 0,776529 0,000099
спорта 0,916291 0,000117
споры 2,813411 0,000359
спорят 3,506558 0,000448
способов 2,525729 0,000323
справляются 3,506558 0,000448
справочник 0,916291 0,000117
справочника 2,659260 0,000340
справочный 3,506558 0,000448
спутниковых 3,218876 0,000411
сравнении 2,995732 0,000383
сравнению 1,078810 0,000138
среди 0,198451 0,000177
среднебайкальского 3,912023 0,000500
среднебайкальское 3,912023 0,000500
средней 0,867501 0,000111
среднем 0,693147 0,000354
средний 0,494296 0,000063
средняя 0,510826 0,000326
среду 1,897120 0,000242
среды 0,755023 0,000193
средь 3,912023 0,000500
срокам 2,995732 0,000383
српски 0,000000 0,000000
српскохрватски 0,000000 0,000000
ссср 0,314711 0,000322
ссылка 0,274437 0,000070
ссылками 0,186330 0,000143
ссылкасведения -0,009950 -0,000001
ссылки -0,009950 -0,000017
ссылкой 2,302585 0,000294
ссылкойвикипедия 1,660731 0,000212
ссылок 0,693147 0,000531
ставят 2,659260 0,000340
стал 0,314711 0,000080
стала 0,462035 0,000059
сталелитейный 3,912023 0,000500
стали 0,430783 0,000055
стало 0,494296 0,000063
станислав 2,407946 0,000308
становится 0,527633 0,000135
становые 3,912023 0,000500
станции 0,693147 0,000177
старчевский 3,912023 0,000500
старый 1,049822 0,000268
статистика -0,009950 -0,000001
статистики 0,713350 0,000091
статуса 1,309333 0,000167
статье 0,941609 0,000120
статьестатьи 0,843970 0,000108
статьи 0,072571 0,000102
статьислучайная -0,009950 -0,000001
статьисообществофорумсправкасвежие -0,009950 -0,000001
статью 0,616186 0,000315
статья 0,105361 0,000054
статьяобсуждение -0,009950 -0,000001
статьятекущие -0,009950 -0,000001
стационарной 1,832581 0,000234
стволовая 3,912023 0,000500
створа 3,218876 0,000411
стеклозавод 3,912023 0,000500
степени 0,843970 0,000323
степень 1,714798 0,000219
стихотворение 2,525729 0,000323
стоимость 1,237874 0,000158
стоит 1,237874 0,000316
стоишь 3,912023 0,000500
сток 2,120264 0,000813
стока 1,897120 0,000485
стоками 2,525729 0,000323
стоки 2,813411 0,000719
стоков 2,813411 0,000719
столбы 2,995732 0,000765
столь 1,714798 0,000438
сторон 1,660731 0,000212
сторона 2,040221 0,000261
стороне 1,139434 0,000146
стороной 2,525729 0,000323
сторону 1,171183 0,000299
стороны 0,430783 0,000110
сточных 1,714798 0,000438
стояние 3,218876 0,000411
стоять 2,659260 0,000340
стража 3,506558 0,000448
стран 0,597837 0,000076
страна 0,462035 0,000118
страница -0,009950 -0,000003
страницасодержаниеизбранные -0,009950 -0,000001
страницецитировать -0,009950 -0,000001
страницуполучить -0,009950 -0,000001
страницы -0,009950 -0,000005
страницыслужебные -0,009950 -0,000001
страны 0,634878 0,000162
стратегией 3,506558 0,000448
страшны 3,912023 0,000500
стрелка 2,407946 0,000308
стрелке 2,120264 0,000542
строению 2,813411 0,000359
строительные 1,966113 0,000251
строительства 0,673345 0,000516
строительство 0,510826 0,000587
строительством 1,714798 0,000219
струве 3,912023 0,000500
структуры 1,171183 0,000150
субстрат 3,912023 0,000500
субъектов 0,755023 0,000193
субъекты 1,897120 0,000242
суд 1,469676 0,000751
суда 1,078810 0,000413
судна 2,995732 0,000383
судов 1,237874 0,000158
судом 3,506558 0,000448
судоходства 2,040221 0,000261
судьбу 2,995732 0,000383
судьи 2,995732 0,000383
суздаля 3,912023 0,000500
сулимовым 3,912023 0,000500
суммарной 2,120264 0,000271
сурьмы 3,912023 0,000500
сухая 1,966113 0,001507
суховершинность 3,506558 0,000448
суходолов 3,506558 0,000448
сухой 1,966113 0,001256
суши 2,207275 0,000564
сущего 3,506558 0,000448
существенным 2,813411 0,000359
существует 0,446287 0,000171
существуют 0,162519 0,000021
существующий 2,525729 0,000323
сфере 0,967584 0,000124
сформулировано 3,506558 0,000448
сфотографированы 3,912023 0,000500
схема 1,386294 0,000177
схоже 3,506558 0,000448
считается 0,693147 0,000443
съемкой 3,506558 0,000448
сырая 3,506558 0,000448
сырой 2,995732 0,000383
сытина 1,560648 0,000399
сюда 1,108663 0,000142
сюдасвязанные -0,009950 -0,000001
т-ва 0,000000 0,000000
таблица 0,653926 0,000084
таблице 2,525729 0,000323
тайгу 3,218876 0,000411
таймень 3,912023 0,000500
тайная 3,912023 0,000500
также 0,000000 0,000000
такие 0,261365 0,000067
таких 0,510826 0,000196
таков 3,218876 0,000411
таковое 3,506558 0,000448
таланчанка 3,912023 0,000500
талая 3,912023 0,000999
талиев 3,912023 0,000500
таловка 3,912023 0,000500
танганьика 3,912023 0,000999
танхойский 3,912023 0,000500
тарашкев 0,000000 0,000000
тасс 1,171183 0,000299
татариновым 3,912023 0,000500
татарниково 3,912023 0,000500
татарча 0,000000 0,000000
твоем 3,218876 0,000411
текст -0,009950 -0,000001
тектонического 3,506558 0,000448
текущем 0,544727 0,000070
телегинский 3,912023 0,000500
телеинформ 3,506558 0,000448
телеканале 2,813411 0,000359
телескоп 3,506558 0,002688
телескопа 3,912023 0,000999
тело 2,659260 0,000340
тельная 3,912023 0,000500
темные 3,218876 0,000411
температура 0,562119 0,000359
температуре 2,207275 0,000564
температуры 1,139434 0,000291
теплоходе 2,995732 0,000765
тер-татевосян 3,912023 0,000500
термальный 3,506558 0,000448
территории 0,400478 0,000921
территорию 0,941609 0,000120
территория 0,755023 0,000193
территориям 2,525729 0,000323
тех 0,798508 0,000102
течение 0,527633 0,000135
течении 1,660731 0,000212
тиваненко 3,912023 0,000500
тимофеев 2,995732 0,000383
тимофеева 3,506558 0,000896
тимошкин 3,912023 0,001499
тип 0,356675 0,000137
типа 0,462035 0,000059
тихим 2,995732 0,000383
тихоокеанской 3,506558 0,001344
тихую 3,912023 0,000500
тишины 3,218876 0,000411
товарищ 3,912023 0,000500
товарный -0,009950 -0,000001
токшаки 3,912023 0,000500
толбажиха 3,912023 0,000500
толбозиха 3,912023 0,000500
толчка 3,912023 0,000500
толща 3,912023 0,000500
толщи 3,506558 0,000448
толщина 2,995732 0,000765
толщу 3,506558 0,000448
томах 1,832581 0,000234
томпуда 3,912023 0,000500
тонн 1,108663 0,000142
топка 3,506558 0,000448
топонима 1,386294 0,000708
топонимический 0,798508 0,000102
топонимов 2,659260 0,000340
точка 1,309333 0,000167
точках 2,813411 0,000359
точке 2,407946 0,000308
точку 2,407946 0,000308
тошка 3,912023 0,000500
традиционно 1,347074 0,000172
трансбайкальский 3,912023 0,000500
транспортных 0,891598 0,000114
транссиб 3,506558 0,000448
транссибирской 1,966113 0,000251
трансформного 3,912023 0,000500
трасса 1,427116 0,000182
требования 1,832581 0,000234
трескающимся 3,912023 0,000500
треском 3,912023 0,000500
третьей 1,832581 0,000234
третьи 3,218876 0,000822
трех 0,713350 0,000182
трехлетняя 3,912023 0,000500
трещин 3,506558 0,000448
трещинам 3,912023 0,000500
трещины 3,912023 0,000999
триллионов 2,995732 0,000383
троице-сергиева 3,912023 0,000500
тронул 3,912023 0,000500
троп 2,995732 0,000383
тропа 3,506558 0,000896
тросе 3,912023 0,000500
трофического 3,912023 0,000500
тукаларагды 3,912023 0,000500
тулохонов 3,912023 0,000500
туман 3,218876 0,000411
тур 2,407946 0,000615
турбаз 3,912023 0,000500
турбазах 3,912023 0,000500
турбеллярий 3,912023 0,000500
туризм 1,347074 0,000344
туризма 1,609438 0,000206
туристические 2,120264 0,000271
туристических 1,966113 0,000251
туристов 1,560648 0,000399
туристско-рекреационной 3,912023 0,000500
туристы 2,040221 0,000521
турка 3,912023 0,000999
туркин 3,912023 0,000500
туртулик 3,912023 0,000500
тыла 1,897120 0,000242
тыс 0,430783 0,000385
тысяч 0,415515 0,000212
тысячелетий 3,506558 0,000448
тысячи 0,597837 0,000076
тыя 3,912023 0,000999
тюлиной 3,912023 0,000500
тюркское 3,218876 0,000411
тюрьмы 3,506558 0,000448
тяжелым 3,506558 0,000448
тяжелых 2,302585 0,000294
тяжкие 3,506558 0,000448
убсунурская 3,912023 0,000500
увеличение 1,347074 0,000344
увидеть 1,714798 0,000438
увольнения 3,912023 0,000500
углу 1,832581 0,000234
углублению 3,912023 0,000500
угнетению 3,506558 0,000896
угодьях 3,506558 0,000448
уголков 3,218876 0,000411
угроза 2,120264 0,000271
угрозой 2,407946 0,000615
угрозу 2,302585 0,000294
угрозы 2,525729 0,000323
удалена 0,941609 0,000481
удалить 2,407946 0,000308
удесятеренной 3,912023 0,000500
удивителен 3,912023 0,000500
удивляет 3,912023 0,000500
удмуртукра 0,000000 0,000000
удовлетворил 3,506558 0,000448
удулхэ 3,912023 0,000500
ужаса 3,506558 0,000448
узаконивающий 3,912023 0,000500
узб 3,912023 0,000500
узнав 2,995732 0,000383
указан 0,139262 0,000018
указанием -0,009950 -0,000001
указанном 2,659260 0,000340
указано 0,733969 0,000188
указом 0,941609 0,000120
указывают 2,525729 0,000323
украинская 2,525729 0,000323
укрепили 3,218876 0,000411
укта 3,912023 0,000500
улан-батор 2,407946 0,000308
улан-удэ 1,237874 0,001739
улан-хан 3,912023 0,000500
улусами 3,912023 0,000500
улюнский 3,912023 0,000500
уменьшен 3,506558 0,000448
уменьшения 2,407946 0,000308
умурзаков 3,912023 0,000999
ун-т 0,000000 0,000000
унесет 3,912023 0,000500
универсальная 0,891598 0,000114
университет 0,562119 0,000072
университета 0,446287 0,000285
уникален 3,218876 0,000411
уникальной 2,659260 0,001019
уникальном 3,912023 0,000500
уникальную 3,218876 0,000411
уникальный 1,560648 0,000199
уникальным 2,407946 0,000615
уничтожением 3,506558 0,000896
употребляли 3,506558 0,000448
управление 0,527633 0,000067
управления 0,415515 0,000053
управлять 2,040221 0,000261
управляющего 3,506558 0,000448
управляющий 2,995732 0,000383
урбикан 3,912023 0,000500
урез 3,506558 0,000448
уреза 3,912023 0,000500
уровень 0,579818 0,000444
уровнем 0,798508 0,000408
уровня 0,634878 0,001135
усиливается 2,995732 0,000383
ускорения 2,659260 0,000340
ускоренному 3,912023 0,000500
условий -0,009950 -0,000001
условия -0,009950 -0,000003
услуги 0,994252 0,000127
успеешь 3,912023 0,000500
успенский 1,514128 0,000193
установлен 0,941609 0,000120
установлена 1,237874 0,000158
установлено 1,714798 0,000876
устинов 3,218876 0,000411
уступает 2,659260 0,000340
усть-баргузин 3,912023 0,000999
устья 1,171183 0,000299
устьянский 3,912023 0,000500
усыхание 3,506558 0,000448
утверждение 1,832581 0,000234
утверждениями 0,713350 0,000091
утес 2,525729 0,000323
утилизации 2,813411 0,000359
утилитарная 3,912023 0,000500
утулик 3,912023 0,000500
ухудшением 3,912023 0,000500
ухудшению 3,218876 0,000411
участвуют 2,207275 0,000282
участие -0,009950 -0,000001
участием 1,469676 0,000188
участка 1,609438 0,000206
участках 2,120264 0,000813
участков 1,897120 0,000727
участником 2,407946 0,000308
участок 1,203973 0,000308
ученой 2,659260 0,000340
ученые 1,427116 0,002188
ученым 2,207275 0,000564
учеными 2,525729 0,000323
ученых 1,203973 0,000154
учесть 2,995732 0,000383
учета 1,560648 0,000199
учетную -0,009950 -0,000001
учетом 0,755023 0,000096
учитывало 3,912023 0,000500
учрежден 1,832581 0,000234
ушаковка 3,506558 0,000448
ушел 2,120264 0,000271
ушканьи 3,912023 0,001999
ушканьим 3,912023 0,000500
ущерба 3,506558 0,000448
фабрика 1,272966 0,000163
факт 1,514128 0,000193
фактически 0,916291 0,000117
фактов 1,386294 0,000354
фактовстатьи 3,506558 0,000448
фактом 3,218876 0,000411
факты 1,108663 0,000283
факультет 2,207275 0,000282
фауны 2,525729 0,000968
фгоу 3,506558 0,000448
фгуп 1,771957 0,000226
феврале 1,203973 0,000461
февраля 0,051293 0,000131
федеральная 0,713350 0,000091
федерального 0,673345 0,000086
федеральный 0,653926 0,000167
федеральным 1,771957 0,000453
федеральных 0,776529 0,000099
федерации 0,544727 0,000418
федотов 2,995732 0,000383
фенолов 3,506558 0,000448
фенолы 3,912023 0,000500
ферапонтов 3,912023 0,000500
физико-географическая 0,843970 0,000108
физико-географический 3,218876 0,000411
физико-географическому 3,912023 0,000999
физическая 2,040221 0,000261
физический 2,995732 0,000383
физкультура 2,525729 0,000323
филол 3,912023 0,000500
филологических 3,912023 0,000500
фильм 1,386294 0,000708
фильма 2,120264 0,000542
фильмы 2,207275 0,000564
фильтра 3,912023 0,000500
фитопланктон 3,218876 0,000411
флоренсова 3,912023 0,000500
флоры 2,207275 0,000564
флота 1,560648 0,000399
фольклорные 2,995732 0,000765
фонд -0,009950 -0,000006
фонда 1,309333 0,000335
фондом 2,525729 0,000323
формируя 3,506558 0,000448
формы 0,941609 0,000120
фосфатов 3,506558 0,000448
фосфора 3,506558 0,000896
фотоиллюстрации 3,912023 0,000500
фотосинтез 3,912023 0,000500
фролиха 3,912023 0,000500
фрумин 3,912023 0,000500
фториды 3,912023 0,000500
функционирует 1,203973 0,000154
функционируют 1,427116 0,000182
функцию 2,407946 0,000308
фцп 3,912023 0,000500
хабартуй 3,912023 0,000500
хакусы 3,912023 0,000500
ханхильтуй 3,912023 0,000500
хара-мурин 3,912023 0,000500
хараа-гол 3,912023 0,000500
характер 0,994252 0,000127
характеризуется 0,941609 0,000120
характеристика 0,713350 0,000091
характерное 3,218876 0,000411
характерные 2,120264 0,000271
харгин 3,912023 0,000500
хариус 3,912023 0,000500
харлахта 3,912023 0,000500
хватает 0,843970 0,000431
хейрем 3,912023 0,000500
хибелен 3,912023 0,000500
хивус 3,506558 0,000448
хилок 3,912023 0,000500
химические 2,407946 0,000308
хищных 2,995732 0,000383
хлеб 2,207275 0,000282
хлебом 3,912023 0,000999
хобой 3,912023 0,000500
хозяйства 0,755023 0,000096
хозяйственно-бытового 3,912023 0,000500
хозяйственной 2,120264 0,000542
хоккейный 1,660731 0,000212
холдинг 2,040221 0,000261
холмы 2,525729 0,000323
холодная 2,040221 0,000521
холодянка 3,912023 0,000500
хорга 3,912023 0,000500
хороший 2,813411 0,000359
хороших 2,813411 0,000359
хпк 3,912023 0,000500
храмы 1,049822 0,000134
хребет 2,525729 0,000968
хребта 2,302585 0,000294
хребтами 3,218876 0,001234
хребты 2,659260 0,000679
хроник 3,912023 0,000500
хроники 2,813411 0,000359
хронология 1,771957 0,000226
хубсугул 3,506558 0,000448
художественный 1,171183 0,000150
цаганском 3,912023 0,000500
цбк 3,506558 0,002240
цвет 1,771957 0,000453
цвета 1,171183 0,000150
цветение 3,218876 0,001234
целебными 3,506558 0,000448
целесообразным 3,912023 0,000500
целиком 1,897120 0,000242
целлюлозно-бумажном 3,912023 0,000500
целлюлозно-бумажный 3,506558 0,001344
целлюлозу 3,912023 0,000500
целлюлозы 3,912023 0,000500
целом 0,755023 0,000096
цена 2,120264 0,000542
ценится 3,506558 0,000448
ценны 3,912023 0,000500
центр 0,400478 0,000409
центра 0,562119 0,000215
центральная 0,755023 0,000096
центральной 0,843970 0,000216
центральный 0,673345 0,000086
центре 0,673345 0,000258
центров 0,776529 0,000198
цепи 2,813411 0,000719
церковь 0,843970 0,000108
цианобактерий 3,912023 0,000500
цинк 3,506558 0,000448
цистерн 3,912023 0,000500
цит 2,995732 0,000383
цитадель 3,218876 0,000411
цитаты 2,813411 0,000719
цифрах 1,966113 0,000251
цифры 1,714798 0,000657
цнит 3,912023 0,000999
цыдендамбаев 3,912023 0,000500
чайки 2,813411 0,000359
час 1,714798 0,000219
часами 3,506558 0,000448
часов 1,078810 0,000138
часовой 0,755023 0,000193
частей 1,139434 0,000146
части 0,198451 0,000152
частичная 1,897120 0,000242
частности 0,462035 0,000059
частными 2,120264 0,000271
часто 0,415515 0,000053
частота 1,660731 0,000212
часть 0,105361 0,000054
частью 0,755023 0,000193
частях 1,609438 0,000206
чашу 3,506558 0,000448
чел 0,713350 0,000729
человек 0,400478 0,000205
человека 0,579818 0,000074
червей 3,912023 0,000999
черемшана 3,912023 0,000999
черемшанка 2,995732 0,001148
черепаха 3,218876 0,000411
черная 1,714798 0,000219
черноморских 2,995732 0,000383
черского 3,506558 0,000896
черты 1,203973 0,000154
честь 0,562119 0,000072
четвертичный 3,218876 0,000411
четко 1,897120 0,000242
чехов 2,407946 0,000308
чехова 2,207275 0,000282
чивыркуй 3,912023 0,000500
чивыркуйский 3,912023 0,001999
чивыркуйского 3,912023 0,000500
чивыркуйском 3,912023 0,000999
чикой 3,912023 0,000500
числе 0,248461 0,000159
численности 0,653926 0,000251
численность 0,653926 0,000084
число 0,478036 0,000061
чистая 2,407946 0,000308
чистота 3,506558 0,000448
чистотой 3,506558 0,000448
чистый 2,120264 0,000271
читатьпросмотр 2,040221 0,000261
чище 3,506558 0,000448
чувство 2,995732 0,000383
чудес 3,218876 0,000411
чуна 3,506558 0,000448
шабартуй 3,912023 0,000500
шаблонами 0,634878 0,000081
шагдаров 3,912023 0,000500
шаман-камень 3,912023 0,001999
шаманка 3,912023 0,002998
шаманский 3,912023 0,000500
шапоренко 3,912023 0,000500
шара 3,218876 0,000411
шаровидных 3,912023 0,000500
шартлай 3,912023 0,000500
шатры 3,912023 0,000500
шегнанда 3,912023 0,000500
шел 2,813411 0,000359
шельфы 3,912023 0,000500
шестипалиха 3,912023 0,000500
шестью 2,995732 0,000383
шивелевский 3,912023 0,000500
шилка 2,995732 0,000383
шимараев 3,912023 0,000500
ширильды 3,912023 0,000500
ширина 1,469676 0,000563
ширинакарточка 3,506558 0,000448
ширингаиха 3,912023 0,000500
ширину 2,207275 0,000282
широко 0,673345 0,000086
ширшова 3,912023 0,000500
шкале 2,659260 0,000340
школы 0,673345 0,000086
шулунова 3,912023 0,000500
шульган-таш 3,912023 0,000500
шумилиха 3,912023 0,000500
шумиха 3,506558 0,001344
шурэн 3,912023 0,000500
щеглов 3,506558 0,000448
щели 3,912023 0,000500
щука 2,813411 0,000359
эвенкийское 3,912023 0,000500
эвенков 2,995732 0,000383
эволюции 2,120264 0,000271
эвтрофикации 3,218876 0,000822
эгидой 2,302585 0,000294
эгийн-гол 3,912023 0,000500
эгийн-голе 3,912023 0,000500
экз 0,415515 0,000425
экологии 1,203973 0,000154
экологическая 1,560648 0,000399
экологические 1,560648 0,000598
экологический 1,832581 0,001639
экологических 2,207275 0,000564
экологического 1,771957 0,000453
экологическое 1,771957 0,000226
экологической 1,560648 0,000997
экологическую 2,407946 0,000615
экология 0,693147 0,000266
экон 3,912023 0,000500
экономической 1,237874 0,000158
экосистеме 2,813411 0,000359
экосистему 2,813411 0,000719
экосистемы 2,302585 0,000588
экотуризм 3,506558 0,000448
эксклюзивы 3,912023 0,000500
экскурсий 2,813411 0,000359
экспедицией 2,995732 0,000383
экспедиции 1,771957 0,000226
экспедиция 2,207275 0,001128
экспертами 2,995732 0,000383
экспертизы 3,218876 0,000411
эксперты 2,040221 0,000261
экспорт -0,009950 -0,000004
экспорта 2,659260 0,000340
экспоцентр 3,506558 0,000448
экспоцентра 3,912023 0,000500
электроэнергетика 2,659260 0,000340
электроэнергии 1,660731 0,000212
элементного 3,912023 0,000500
элементов 1,309333 0,000167
элементы 0,891598 0,000114
элиасова 3,912023 0,000999
элиг 3,912023 0,000500
эльбрус 2,995732 0,000383
энгельгардта 3,506558 0,000448
эндемизм 3,912023 0,000500
эндемик 3,912023 0,000999
эндемикам 3,912023 0,000500
эндемиками 3,912023 0,000500
эндемики 3,506558 0,001344
эндемиков 3,506558 0,000448
эндемична 3,912023 0,000500
эндемичны 3,218876 0,000822
энеолитической 3,912023 0,000500
энергий 3,218876 0,000411
энергосистемы 3,506558 0,000448
энергоснабжения 3,912023 0,000500
энхалук 3,912023 0,000500
энхалукский 3,912023 0,000500
энхэлук 3,912023 0,000500
энхэлуком 3,912023 0,000500
энциклопедии -0,009950 -0,000003
энциклопедический 0,733969 0,000281
энциклопедия 0,210721 0,000081
эпицентр 2,813411 0,000359
эпишура 3,912023 0,001499
эпишуру 3,912023 0,000500
эпишуры 3,912023 0,000500
эпохи 1,139434 0,000146
эрекшакан 3,912023 0,000500
эрзянь 0,000000 0,000000
эри 3,912023 0,000500
эта 0,000000 0,000000
этапа 1,966113 0,000251
этапе 1,714798 0,000219
этим 0,693147 0,000177
этих 0,400478 0,000153
это 0,000000 0,000000
эффективным 3,506558 0,000448
эхолокации 3,912023 0,000500
эхолотом 3,912023 0,000500
юго-восточное 3,218876 0,000411
юго-запада 2,302585 0,000294
юго-западной 2,302585 0,000294
юго-западном 2,659260 0,000340
южная 0,941609 0,000120
южнее 1,832581 0,000468
южного 1,139434 0,000291
южной 0,733969 0,000188
южном 1,237874 0,000158
южный 0,755023 0,000096
юкагирский 3,912023 0,000500
юкагирского 3,912023 0,000500
юнеско 1,660731 0,001273
юрков 3,912023 0,000500
юртах 3,912023 0,000500
явление 1,832581 0,000234
является 0,094311 0,000108
являются 0,248461 0,000222
являющиеся 1,966113 0,000251
являющимся 2,995732 0,000383
являющихся 2,120264 0,000271
ядом 3,912023 0,000500
язовка 3,912023 0,000999
язык 0,116534 0,000030
языка 0,798508 0,000102
языках -0,009950 -0,000001
языки 1,309333 0,000167
языку 2,302585 0,000294
якутского 3,506558 0,000896
якшакан 3,912023 0,000500
январь 0,941609 0,000120
января 0,116534 0,000238
японскими 3,506558 0,000448
ярки 3,912023 0,001499
ярко 2,659260 0,000340
ярославля 3,218876 0,000411
яростно 3,912023 0,000500
