абонентов 2,407946 0,000153
абсолютный 0,798508 0,000203
авангард 1,832581 0,000116
авангарда 2,995732 0,000190
аварийного 2,813411 0,000179
авг 0,820981 0,000052
августа 0,072571 0,000254
авиалинии 2,525729 0,000161
авиалиниях 3,506558 0,000223
австралийским 3,912023 0,000249
авт 1,469676 0,000093
автобус 1,021651 0,000195
автобусами 1,469676 0,000093
автобусное 2,040221 0,000130
автобусный 2,120264 0,000135
автобусных 1,609438 0,000205
автобусов 1,469676 0,000093
автовокзал 1,427116 0,000272
автовокзала 1,660731 0,000106
автодорога 1,427116 0,000091
автодорогам 1,078810 0,000069
автодороги 1,609438 0,000102
автодорожных 3,506558 0,000223
автоматики 2,525729 0,000161
автомобилей 1,272966 0,000243
автомобилизации 2,995732 0,000190
автомобилист 2,995732 0,000762
автомобильного 1,771957 0,000113
автомобильный 1,049822 0,000133
автомобильных 1,386294 0,000441
автономные 2,525729 0,000161
автономных 2,813411 0,000179
автопарк 3,218876 0,000205
автопарковок 3,912023 0,000249
автопарком 3,912023 0,000249
автор 0,994252 0,000063
автором 1,966113 0,000125
авторская 2,995732 0,000190
авторства -0,009950 -0,000001
автотранспортной 3,912023 0,000249
автотрасс 3,506558 0,000446
агеева 1,469676 0,000093
агентство 1,049822 0,000067
агентством 2,302585 0,000146
агломерации 0,916291 0,000582
агломераций 2,040221 0,001037
агломерация 0,867501 0,000496
адвентисты 2,995732 0,000190
адм 2,525729 0,000161
административно-территориальное 0,820981 0,000365
административно-территориальную 3,218876 0,000205
административно-территориальных 2,207275 0,000140
административного 1,897120 0,000241
административное 0,843970 0,000107
административный 0,843970 0,000268
административным 1,514128 0,000096
административных 1,309333 0,000083
администрации 0,843970 0,001234
администрация 0,941609 0,000359
адмирала 2,207275 0,000140
адмиральский 3,912023 0,000249
адреса 1,897120 0,000121
ажур 3,912023 0,000249
ажурным 3,912023 0,000249
аза 3,912023 0,000249
азербайджанцы 1,139434 0,000072
азиатской 2,407946 0,000153
азиатскую 3,506558 0,000223
азией 2,407946 0,000306
азии 0,916291 0,000233
азию 2,407946 0,000153
аиф 2,407946 0,000153
академии 0,693147 0,000264
академик 1,660731 0,000106
академика 1,714798 0,000218
академиков 3,218876 0,000205
академическая 2,120264 0,000135
академический 1,171183 0,000744
академического 2,525729 0,000161
академическом 2,995732 0,000190
академия 0,798508 0,000203
академкнига 3,506558 0,000446
аквамарин 3,218876 0,000409
актера 2,407946 0,000306
активам 3,218876 0,000409
активно 0,755023 0,000048
активное 1,469676 0,000187
актов 1,897120 0,000362
акулинка 3,912023 0,000249
акцентами 3,912023 0,000249
акцентов 3,912023 0,000249
акцизы 3,218876 0,000205
акции 2,525729 0,000161
алапаевск 3,912023 0,000249
алдан 1,309333 0,000083
александр 0,693147 0,000044
александра 0,820981 0,000052
александрийская 3,218876 0,000409
александро-невский 2,207275 0,000140
алексеев 2,207275 0,000281
алексей 1,049822 0,000200
алена 2,995732 0,000190
алтай 2,407946 0,000153
алфавитувикипедия 0,776529 0,000049
алфавитунаселенные 0,867501 0,000055
алферов 3,506558 0,000669
альпийская 3,506558 0,000223
альтернативным 3,218876 0,000205
амбулаторно-поликлинических 2,813411 0,000179
амбулаторно-поликлинической 3,506558 0,000223
амер 2,302585 0,000146
амурских 3,218876 0,000205
амфибий 3,912023 0,000497
анатолий 1,714798 0,000109
ангелы 3,506558 0,000223
англ 0,174353 0,000044
английский 1,897120 0,000121
андрей 0,967584 0,000184
анна 1,714798 0,000218
аннексия 0,994252 0,000063
анны 2,813411 0,000358
аномалий 3,506558 0,000223
ансамблевой 3,912023 0,000249
ансамбли 2,659260 0,000338
ансамбль 1,203973 0,000077
ансамбля 2,207275 0,000140
антон 1,832581 0,000116
антонова 2,995732 0,000190
апи 3,912023 0,000249
апи-урал 3,912023 0,000249
аппарат 2,302585 0,000293
аппарата 2,040221 0,000259
аппаратом 3,506558 0,000223
апр 0,798508 0,000051
апреле 0,994252 0,000063
апреля 0,174353 0,000355
аптек 2,995732 0,000190
аптеки 3,218876 0,000205
аптечная 3,218876 0,000205
арамиль 3,912023 0,000497
арамиля 3,912023 0,000249
ареалом 3,912023 0,000746
арена 1,427116 0,000454
ареной 2,120264 0,000404
аркадий 2,302585 0,000293
арктического 2,659260 0,000169
армии 1,049822 0,000200
армяне 1,021651 0,000065
арсения 3,218876 0,000205
артемовский 3,912023 0,000249
артериальной 3,912023 0,000249
артиллерийская 3,218876 0,000205
арх 0,544727 0,000173
архив 0,462035 0,000088
архивированная 1,560648 0,000099
архивировано 0,020203 0,000331
архивной 0,713350 0,000045
архивы 2,407946 0,000153
архитектон 3,912023 0,000497
архитектор 1,427116 0,000635
архитектора 1,469676 0,000374
архитекторов 2,525729 0,000321
архитекторы 1,469676 0,000280
архитектура 0,755023 0,000576
архитектуре 1,609438 0,000102
архитектурная 2,659260 0,000169
архитектурно-художественный 3,912023 0,000746
архитектурного 2,302585 0,000146
архитектурные 1,832581 0,000116
архитектурный 1,660731 0,000106
архитектурой 3,218876 0,000205
архитектуры 0,755023 0,000288
асбест 3,506558 0,000446
асв 3,912023 0,000249
аспирантов 2,659260 0,000169
ассоциации 1,771957 0,000113
аст 0,820981 0,000104
астра 3,506558 0,000223
астрахань 0,967584 0,000061
астрель 1,049822 0,000067
ате 2,407946 0,000153
ателье 3,506558 0,000223
атлас 1,272966 0,000081
атмосферного 1,771957 0,000113
аудиторов 3,506558 0,000223
аудиторы 3,912023 0,000249
аутсайдеры 3,218876 0,000205
аэропорт 0,843970 0,000268
аэропортов 2,302585 0,000146
аэропорты 1,714798 0,000218
бабыкин 3,912023 0,000249
бажова 3,506558 0,000223
бажовская 3,912023 0,000249
базе 0,776529 0,000197
базируются 1,966113 0,000125
базирующиеся 3,218876 0,000205
базы 1,108663 0,000070
балета 1,560648 0,000397
банк 1,078810 0,000206
банка 0,941609 0,000359
банков 1,272966 0,000162
банная 3,912023 0,000249
баптисты 2,995732 0,000190
барнаул 1,203973 0,000077
баров 3,506558 0,000223
барокко 1,560648 0,000099
баскетболу 2,659260 0,000338
баскетбольный 1,832581 0,000582
бассейн 1,078810 0,000069
бассейнов 1,660731 0,000106
баш 3,506558 0,000223
башкирская 2,407946 0,000153
башкиры 1,347074 0,000257
башмачок 3,506558 0,000223
башне 3,218876 0,000205
башни 1,771957 0,000113
башню 3,506558 0,000223
башня 1,469676 0,000654
беззуб 3,912023 0,000249
безопасность 1,469676 0,000093
безопасностью 2,995732 0,000190
безработицы 2,040221 0,000130
безрельсовый 2,407946 0,000153
бекленищева 3,912023 0,000249
беларуская 0,000000 0,000000
беларускаябългарски 0,000000 0,000000
белая 1,832581 0,000116
белинского 2,659260 0,000169
белку 3,912023 0,000249
белогвардейскими 3,912023 0,000249
белой 1,660731 0,000106
белорусы 1,203973 0,000077
белоусов 3,912023 0,000249
белта 3,912023 0,000249
белую 2,995732 0,000190
белый 1,514128 0,000192
белым 2,207275 0,000140
белянкин 3,912023 0,000746
бензин 3,218876 0,000205
бердинских 3,506558 0,000223
берега 0,916291 0,000058
берегам 1,897120 0,000362
берегах 1,386294 0,000088
берегу 0,616186 0,000078
березит 3,912023 0,000249
березовки 3,506558 0,000223
березовский 2,659260 0,000507
березовского 3,912023 0,000249
березы 2,813411 0,000179
беркович 3,912023 0,000249
берут 2,525729 0,000161
бесов 3,912023 0,000746
бесплатный 2,995732 0,000190
беспрепятственно 3,912023 0,000249
беспроводная 3,218876 0,000205
бесформенные 3,912023 0,000249
библиографических 0,094311 0,000006
библиотек 0,967584 0,000123
библиотека 0,462035 0,000117
библиотеку 2,207275 0,000281
библиотечные 3,912023 0,000249
бизнес-центр 2,813411 0,000358
бизнес-центра 3,506558 0,000223
бизнес-центров 3,218876 0,000205
бизнеса 0,967584 0,000246
бизнесу 3,218876 0,000205
билайн 1,272966 0,000324
билета 3,218876 0,000205
бирмингем 3,506558 0,000223
бкм 2,995732 0,000190
благинин 3,912023 0,000249
благоприятно 3,218876 0,000205
благоприятное 3,218876 0,000205
благоприятным 3,506558 0,000223
благотворительный 3,218876 0,000205
благоустройство 2,040221 0,000389
близости 1,897120 0,000121
блюхера 2,659260 0,000169
богатой 3,218876 0,000205
богатства 2,525729 0,000161
богатством 3,506558 0,000223
богатых 2,525729 0,000161
богданович 3,218876 0,000409
богоявленская 3,218876 0,000205
богоявленский 2,995732 0,000381
боксу 2,995732 0,000571
бологое 1,347074 0,000086
болот 3,218876 0,000205
болотами 2,995732 0,000190
болотах 3,218876 0,000205
болотная 3,218876 0,000205
болотноцветник 3,912023 0,000249
болотный 2,995732 0,000190
больница 1,469676 0,000747
больницы 1,347074 0,000086
большаков 3,218876 0,000614
большая 0,072571 0,000037
большевиками 2,407946 0,000153
большевиков 1,966113 0,000125
большей 1,078810 0,000069
большим 1,560648 0,000298
большинство 0,597837 0,000076
больших 1,272966 0,000243
большого 0,967584 0,000061
большое 0,544727 0,000312
большой 0,328504 0,000230
большую 0,891598 0,000227
бор 1,427116 0,000091
борис 1,660731 0,000106
бориса 1,832581 0,000116
боровичи 1,347074 0,000086
бородатая 3,912023 0,000249
борьбы 1,386294 0,000088
ботанический 1,609438 0,000205
бразилии 2,659260 0,000169
братья 2,407946 0,000153
брик 3,912023 0,000746
брикс 2,995732 0,000190
брокгауза 0,328504 0,000063
бронетехники 3,506558 0,000223
бронзовые 2,813411 0,000179
бронзовых 3,506558 0,000446
бугаева 3,912023 0,000249
будучи 1,714798 0,000109
будущее 1,386294 0,000088
бульварами 3,506558 0,000223
бульваров 3,218876 0,000205
бульвары 2,302585 0,000146
бумаг 3,218876 0,000409
бурда 3,912023 0,000249
бурков 2,995732 0,000190
буряад 0,000000 0,000000
буфеты 3,912023 0,000249
бывшая 1,660731 0,000317
бывшей 1,514128 0,000096
бывший 1,108663 0,000423
бывших 1,897120 0,000121
быстро 1,139434 0,000072
быстрого 1,966113 0,000125
быстрыми 2,813411 0,000179
быта 2,525729 0,000321
бытовых 2,302585 0,000146
бюджет 1,771957 0,000338
бюджета 1,309333 0,000250
бюджетами 3,912023 0,000249
бюджетная 3,506558 0,000223
бюджетного 2,813411 0,000179
бюджетное 2,302585 0,001317
бюджетные 3,506558 0,000223
бюджетных 2,813411 0,000358
бюро 1,427116 0,000272
вагонов 2,120264 0,000135
важнейшего 3,912023 0,000249
важнейший 2,813411 0,000179
важнейшую 3,218876 0,000205
важное 2,207275 0,000140
важных 1,714798 0,000109
вайнера 3,912023 0,000746
валенков 3,912023 0,000249
валентина 2,302585 0,000146
валентиновна 3,506558 0,000223
валерьевич 2,659260 0,000169
валовой 2,120264 0,000404
вальханская 3,912023 0,000249
ванцетти 3,506558 0,000223
варианта 2,302585 0,000146
василию 2,525729 0,000161
васильев 2,302585 0,000146
вашла 0,000000 0,000000
вблизи 1,139434 0,000145
введению 3,506558 0,000223
вводу 3,218876 0,000205
вводы 3,912023 0,000249
ввп 2,659260 0,000338
вглубь 2,407946 0,000153
вгп 2,995732 0,000381
вдоль 0,755023 0,000048
вдохновленный 3,506558 0,000223
ведения 1,832581 0,000233
ведет 1,203973 0,000077
ведется 0,994252 0,000190
ведомости 1,049822 0,000067
ведомости-урал 3,912023 0,000497
ведомства 2,813411 0,000179
ведут 1,832581 0,000116
ведущих 1,386294 0,000352
ведущую 3,506558 0,000446
век 0,733969 0,000047
века 0,248461 0,000253
веке 0,597837 0,000114
векегорода 1,966113 0,000125
веков 0,713350 0,000091
велась 2,407946 0,000153
великих 1,832581 0,000116
великобритании 1,897120 0,000121
великобритания 2,120264 0,000135
великой 0,653926 0,000540
великомученицы 2,813411 0,000358
величества 2,525729 0,000161
величине 1,771957 0,000225
велось 1,966113 0,000250
венерин 3,912023 0,000249
вениамин 2,525729 0,000161
вениамина 3,912023 0,000249
венчает 3,506558 0,000223
вернулись 2,525729 0,000161
вероятно 1,609438 0,000102
версии 0,446287 0,000113
версия -0,009950 -0,000003
верх-исетский 3,506558 0,001114
верх-исетского 3,912023 0,000249
верх-исетское 3,912023 0,000249
верх-исетском 3,912023 0,000249
верхне-исетского 3,912023 0,000497
верхне-макаровского 3,912023 0,000249
верхне-макаровское 3,912023 0,000249
верхней 1,272966 0,000243
верхнем 1,771957 0,000113
верхнемакарово 3,912023 0,000249
верхний 1,427116 0,000181
верхняя 1,108663 0,000564
верховного 1,272966 0,000081
верховную 3,912023 0,000249
верхотурская 3,912023 0,000249
верхотурье 2,995732 0,000190
вершине 2,525729 0,000161
вершинин 3,218876 0,000409
весна 1,469676 0,000093
веснины 3,506558 0,000223
весной 1,049822 0,000133
вести 0,843970 0,000054
вестник 1,049822 0,000334
весь 0,755023 0,000048
ветвь 2,813411 0,000179
ветеранов 2,407946 0,000153
ветра 1,049822 0,000067
ветров 0,843970 0,000054
ветровник 3,912023 0,000249
ветхого 2,813411 0,000179
вечерний 1,966113 0,000125
вечерних 2,995732 0,000190
вечной 2,659260 0,000169
вечные 3,506558 0,000223
вещание 1,203973 0,000153
взаимно-перпендикулярным 3,912023 0,000249
взорванного 3,506558 0,000223
взорваны 3,506558 0,000223
взрыв 2,120264 0,000270
взят 1,897120 0,000121
вид 0,494296 0,000094
вида 1,386294 0,000176
видам 1,560648 0,000496
видами 1,469676 0,000093
виде 0,235722 0,000060
видео 1,049822 0,000067
видеоархив 3,912023 0,000249
видов 0,616186 0,000352
видовых 3,912023 0,000249
видом 1,514128 0,000096
виды 0,798508 0,000051
виз-синара 3,912023 0,000249
виз-сталь 3,912023 0,000249
визе 3,218876 0,000409
вики-разметкой 1,309333 0,000083
викигид 1,660731 0,000106
викигиде 0,776529 0,000049
викигидепортал 1,469676 0,000093
викиданные 0,776529 0,000099
викиданных -0,009950 -0,000001
викиданныхвикипедия 0,891598 0,000113
викимапиипро 1,427116 0,000091
викимедиа -0,009950 -0,000001
википедии -0,009950 -0,000001
википедия -0,009950 -0,000006
викискладвикиновостивикигидэлемент 1,609438 0,000102
викискладвикипедия 1,469676 0,000093
викискладе 0,174353 0,000011
викискладепутеводитель 0,713350 0,000045
викисловаретексты 3,218876 0,000205
викисловарьвикипедия 1,309333 0,000083
викитекемедиафайлы 1,272966 0,000081
викитеку 1,347074 0,000086
виктор 1,386294 0,000088
вильгельму 3,912023 0,000249
вильчатый 3,912023 0,000249
вильямом 3,506558 0,000223
висячей 3,912023 0,000249
виток 3,506558 0,000223
вклад 1,108663 0,000141
включает 0,462035 0,000147
включают 1,609438 0,000102
включающее 2,659260 0,000169
включающую 2,995732 0,000190
включая 0,527633 0,000101
вконтакте 1,966113 0,000250
вкуса 3,218876 0,000205
владение 1,427116 0,000091
владивостоком 3,218876 0,000205
владимир 0,733969 0,000093
владимира 1,309333 0,000083
владимиром 2,813411 0,000179
влажность 1,171183 0,000074
власти 0,634878 0,000404
власть 0,733969 0,000280
властям 2,659260 0,000169
влияли 3,218876 0,000205
влияние 0,776529 0,000345
влксм 2,302585 0,000146
вместе 0,510826 0,000032
вместимость 2,813411 0,000179
вместимостью 2,407946 0,000153
вместительный 3,912023 0,000249
вместо 0,798508 0,000051
внедряются 2,995732 0,000190
внес 2,040221 0,000130
внесен 2,659260 0,000169
внесении 1,966113 0,000375
внесения 2,659260 0,000169
внесло 3,912023 0,000249
внеуличных 3,912023 0,000249
внешнего 2,302585 0,000146
внешние 0,051293 0,000003
внешних 1,966113 0,000125
вниз 1,171183 0,000074
внимание 1,347074 0,000086
вносит 2,659260 0,000169
внутреннего 2,120264 0,000135
внутреннее 0,733969 0,000047
внутренние 2,040221 0,000130
внутренних 1,237874 0,000079
внутри 0,000000 0,000000
внутригородским 0,967584 0,000061
внутригородскими 3,218876 0,000205
внутригородских 1,514128 0,000096
внутригородского 2,407946 0,000153
вода 1,203973 0,000230
водами 1,897120 0,000121
водится 2,995732 0,000190
водоводам 3,912023 0,000249
водоводы 3,912023 0,000249
водоемов 1,966113 0,000250
водоканал 2,525729 0,000321
водонапорная 2,813411 0,000358
водоподготовки 3,506558 0,000669
водопровода 2,207275 0,000281
водопроводом 3,506558 0,000223
водоснабжение 2,207275 0,000421
водоснабжения 1,832581 0,000116
водоток 2,813411 0,000179
водохранилищ 2,525729 0,000321
водохранилища 1,272966 0,000162
водохранилище 1,609438 0,000205
воды 0,653926 0,000125
водятся 2,302585 0,000146
военная 1,108663 0,000070
военно-биологической 3,912023 0,000249
военно-промышленный 3,506558 0,000223
военного 1,309333 0,000333
военные 1,237874 0,000079
военный 1,272966 0,000081
возведен 2,040221 0,000130
возведение 2,040221 0,000130
возводились 2,995732 0,000190
возводятся 2,813411 0,000358
возвращении 2,525729 0,000161
возвращено 2,207275 0,000281
возвышенностей 2,995732 0,000190
возвышенностью 3,506558 0,000223
возглавил 2,813411 0,000179
возглавлял 2,040221 0,000130
воздействие 1,514128 0,000096
воздействия 1,714798 0,000109
воздуха 0,733969 0,000327
воздушные 1,771957 0,000113
воздушных 1,347074 0,000171
возможно 0,867501 0,000110
возможности 0,891598 0,000113
возможностью 2,207275 0,000140
вознесенская 2,813411 0,000179
возникало 3,218876 0,000205
возникновении 2,813411 0,000179
возраста 1,560648 0,000099
возрастная 3,506558 0,000446
возрастно-половой 3,912023 0,000249
возрастной 2,813411 0,000358
возродил 3,912023 0,000249
возрождают 3,912023 0,000249
возрожден 2,813411 0,000179
возрождения 1,966113 0,000125
войдя 3,506558 0,000223
войне 1,049822 0,000133
войны 0,478036 0,000395
войсками 1,386294 0,000088
войти 3,506558 0,000223
вокзал 0,820981 0,000104
вокзала 0,967584 0,000184
вокзалы 1,771957 0,000113
вокруг 0,693147 0,000352
волгоград 1,139434 0,000072
волейболу 2,207275 0,000281
волейбольная 2,659260 0,000169
волейбольный 1,966113 0,000250
волкова 2,207275 0,000140
волнообразный 3,912023 0,000249
вологда 1,203973 0,000077
волчанск 3,912023 0,000249
волчихинского 3,912023 0,000249
волчихинское 3,912023 0,000249
волшебные 0,040822 0,000003
вольеры 3,912023 0,000249
вольфия 3,912023 0,000249
вопросов 1,560648 0,000099
вопросу 1,386294 0,000088
вопросы 1,049822 0,000067
воркута 1,237874 0,000079
воробьиный 3,912023 0,000249
воровского 2,995732 0,000190
воронеж 1,203973 0,000077
воронежском 3,506558 0,000223
воротами 1,832581 0,000116
воротом 3,912023 0,000497
восемь 1,660731 0,000106
воспроизводит 3,218876 0,000409
воспроизводится 3,912023 0,000249
восстанавливалась 3,506558 0,000223
восстанавливаются 3,912023 0,000249
восстановить 2,120264 0,000135
восстановлен 1,771957 0,000225
восстановленные 2,813411 0,000179
востоке 1,108663 0,000070
восточной 0,693147 0,000132
восточном 1,897120 0,000241
восточные 2,659260 0,000169
восходили 3,912023 0,000249
воткинск 1,309333 0,000083
вошел 1,237874 0,000315
вошли 1,347074 0,000086
впадает 1,771957 0,000225
впадающая 2,813411 0,000179
впервые 0,385662 0,000049
вперед 2,995732 0,000190
вплоть 1,108663 0,000070
впоследствии 0,653926 0,000042
врачей 1,897120 0,000121
времен 0,941609 0,000060
времена 1,108663 0,000070
временем 0,616186 0,000039
времени 0,186330 0,000047
временного 1,897120 0,000241
временное 2,302585 0,000146
время 0,030459 0,000068
вручение 3,218876 0,000205
вручили 3,912023 0,000249
всей 0,693147 0,000088
всем 0,891598 0,000057
всеми 1,386294 0,000088
всемилостивейшей 3,912023 0,000249
всемирно 2,813411 0,000179
всемирной 1,897120 0,000241
всему 1,272966 0,000243
всеобщего 2,407946 0,000153
всеобщим 2,813411 0,000179
всерос 3,912023 0,000249
всероссийская 0,843970 0,000054
всероссийского 1,347074 0,000086
всероссийской 0,713350 0,000181
всесоюзная 0,843970 0,000322
всесоюзное 3,506558 0,000223
вск 3,912023 0,000249
вследствие 1,203973 0,000230
вставкой 1,309333 0,000083
встретить 2,207275 0,000421
встреча 2,813411 0,000179
встречаются 1,272966 0,000081
вступили 2,302585 0,000146
вторая 0,994252 0,000063
вторжения 1,771957 0,000113
вторичными 3,506558 0,000223
второго 1,139434 0,000217
второе 1,272966 0,000324
второй 0,274437 0,000105
вторчермете 3,912023 0,000249
вторым 1,832581 0,000116
втузгородок 3,912023 0,000249
вудсия 3,912023 0,000249
вуз 1,832581 0,000466
вуз-банк 3,912023 0,000249
вуза 2,302585 0,000146
вузов 0,891598 0,000453
вузом 2,659260 0,000169
вузы 1,514128 0,000192
вход 1,897120 0,000121
входил 2,207275 0,000561
входит 0,653926 0,000416
входом 0,994252 0,000063
входят 0,713350 0,000317
вшэ 2,407946 0,000306
въезде 2,120264 0,000270
въездного 3,506558 0,000223
выборам 3,218876 0,000614
выборах 1,514128 0,000385
выборов 1,897120 0,000603
выборы 1,347074 0,000086
выбросы 1,771957 0,000113
выбывших 3,912023 0,000249
выветрелые 3,912023 0,000249
выглядеть 3,506558 0,000223
выгодно 3,506558 0,000223
выгодным 2,813411 0,000179
выдающихся 2,302585 0,000146
выдвинутый 3,506558 0,000223
выдрин 3,912023 0,000249
вызвали 3,218876 0,000205
вызывало 3,506558 0,000223
вынес 3,912023 0,000249
выпадает 1,203973 0,000077
выпадения 3,218876 0,000205
выплавка 3,912023 0,000249
выполненное 3,506558 0,000223
выполненные 2,525729 0,000321
выполнял 2,813411 0,000179
выположены 3,912023 0,000249
выпускаемых 2,813411 0,000179
выпускается 2,302585 0,000146
выпускала 3,912023 0,000249
выпускников 2,813411 0,000179
выпустившая 3,912023 0,000249
выпущенная 2,995732 0,000381
выражение 2,407946 0,000153
выраженными 2,995732 0,000190
вырасти 3,218876 0,000205
вырвавшиеся 3,912023 0,000249
вырос 1,560648 0,000298
выросло 1,609438 0,000102
выросшими 3,506558 0,000223
вырубок 3,912023 0,000249
выручка 2,995732 0,000190
выручке 3,218876 0,000205
выручки 3,912023 0,000746
высокие 1,560648 0,000099
высоким 1,514128 0,000577
высокими 1,966113 0,000125
высокинского 3,912023 0,000249
высокой 1,272966 0,000162
высокотехнологичных 2,813411 0,000179
высокую 1,832581 0,000116
высот 2,120264 0,000135
высота 0,562119 0,000107
высоте 1,514128 0,000192
высотного 2,995732 0,000190
высотными 3,506558 0,000223
высотных 2,813411 0,000179
высотой 1,108663 0,000211
высоту 2,207275 0,000281
высоты 1,427116 0,000091
высоцкий 2,813411 0,000358
выставке 3,218876 0,000205
выставке-форуму 3,912023 0,000249
выставки 1,660731 0,000422
выставляется 3,506558 0,000223
выставочная 3,218876 0,000205
выстроен 2,813411 0,000179
выступает 1,347074 0,000171
выступала 2,813411 0,000179
выступали 1,966113 0,000125
выступают 2,040221 0,000130
выступающий 2,407946 0,000153
выступил 2,302585 0,000293
высунутыми 3,912023 0,000249
высшего 1,427116 0,000635
высшее 1,021651 0,000130
высшей 1,272966 0,000081
высшие 1,386294 0,000088
высшим 1,609438 0,000205
высших 1,078810 0,000137
вытянутые 2,995732 0,000190
выходит 1,427116 0,000091
выходов 2,995732 0,000190
выходы 3,218876 0,000205
выхоложенного 3,912023 0,000249
выше 0,616186 0,000039
вышла 1,897120 0,000121
гадюка 3,218876 0,000205
газет 1,660731 0,000106
газета 0,616186 0,000196
газоснабжения 3,912023 0,000249
галишева 3,912023 0,000249
гандболу 3,218876 0,000205
ганина 3,912023 0,000249
гатауллина 3,912023 0,000249
гбу 3,218876 0,000205
гвс 3,912023 0,000249
гектара 2,659260 0,000338
гектаров 1,771957 0,000113
гендерная 3,506558 0,000446
генерала 1,832581 0,000116
генерального 1,514128 0,000096
генеральное 2,407946 0,000306
геннадьевич 2,995732 0,000190
геннин 3,506558 0,000223
геннину 3,912023 0,000497
генплан 2,120264 0,000135
генплана 2,407946 0,000153
генпланы 3,912023 0,000249
географические 0,713350 0,000091
географический 1,832581 0,000116
географическим 2,040221 0,000130
географическое 0,693147 0,000264
географической 0,798508 0,000051
география 0,462035 0,000059
географияобщее 3,912023 0,000249
геолого-минералогическая 3,912023 0,000249
георгиевич 2,525729 0,000161
геральдика 2,659260 0,000169
герб 0,820981 0,000574
герба 1,427116 0,000454
гербе 1,609438 0,000205
гербом 2,995732 0,000190
героизм 2,302585 0,000146
герцена 2,302585 0,000146
герцинской 3,218876 0,000205
гесте 2,995732 0,000190
гибели 2,302585 0,000293
гигантов 3,218876 0,000205
гидрография 1,427116 0,000181
гидротехнический 3,912023 0,000249
гильдия 3,218876 0,000205
гимн 0,820981 0,000052
гимназия 1,469676 0,000093
гинзбург 3,218876 0,000205
гипертонии 3,912023 0,000249
гис 0,000000 0,000000
гкгн 0,994252 0,000063
гкгнпро 0,916291 0,000058
глав 1,897120 0,000121
глава 0,673345 0,000385
главе 1,237874 0,000079
главенство 3,912023 0,000249
главенствующее 3,506558 0,000223
главная 1,078810 0,000137
главного 1,237874 0,000315
главное 1,469676 0,000187
главной 0,941609 0,000060
главную 2,659260 0,000169
главный 0,916291 0,000116
главными 1,832581 0,000116
главных 1,078810 0,000069
главой 1,309333 0,000166
главы 0,967584 0,000553
глаза 2,302585 0,000439
глинки 2,659260 0,000169
глобального 2,407946 0,000153
глобальный 2,302585 0,000439
глобус 2,659260 0,000169
глушилка 3,912023 0,000249
гнездящихся 3,506558 0,000223
год 0,235722 0,000674
года -0,009950 -0,000254
годам 2,302585 0,000146
годах 0,385662 0,000221
годов 0,356675 0,000204
годовой 1,897120 0,000362
годовщине 3,912023 0,000249
годом 0,941609 0,000239
году 0,072571 0,000461
годугорода 1,714798 0,000109
годы 0,356675 0,000748
голобородский 3,912023 0,000249
головатин 3,912023 0,000249
головина 3,218876 0,000205
головные 3,912023 0,000249
голову 2,407946 0,000153
голокучник 3,912023 0,000249
голосов 1,966113 0,000375
голосованием 2,207275 0,000140
голосования 2,207275 0,000842
голосуйте 3,912023 0,000249
голубев 3,506558 0,000223
гомель 1,966113 0,000375
гор 1,309333 0,000250
горах 1,714798 0,000109
гордуму 3,912023 0,000249
горизонтальными 3,912023 0,000249
горка 2,407946 0,000153
горке 2,995732 0,000190
горкома 2,813411 0,000179
горловка 1,309333 0,000083
горного 2,302585 0,000878
горнодобывающую 3,912023 0,000249
горнозаводских 3,912023 0,000249
горностая 3,506558 0,000223
горные 1,832581 0,000116
горный 1,832581 0,000582
город 0,544727 0,002077
город-миллионер 2,659260 0,000169
города 0,430783 0,004463
города-заводы 3,912023 0,000249
города-миллионеры 1,714798 0,000109
города-миллионники 3,506558 0,000446
города-побратима 2,995732 0,000190
города-побратимы 0,891598 0,000057
города-спутники 2,813411 0,000179
городам 0,798508 0,000051
городами 0,916291 0,000116
городами-миллионниками 3,912023 0,000249
городами-побратимами 1,714798 0,000109
городах 1,272966 0,000081
городе 0,693147 0,001894
городе-спутнике 3,506558 0,000223
городекатеринбург 3,912023 0,000249
городецкая 1,660731 0,000106
городище 1,609438 0,000205
городка 2,120264 0,000135
городов 0,579818 0,001290
городов-лидеров 3,912023 0,000249
городов-миллионеров 2,813411 0,000715
городов-организаторов 3,506558 0,000223
городов-побратимов 1,660731 0,000106
городок 1,386294 0,000264
городом 0,798508 0,000508
городом-ключом 3,912023 0,000249
городпро 0,867501 0,000055
городская 0,843970 0,000644
городские 0,941609 0,000239
городским 0,798508 0,000051
городских 0,713350 0,001133
городского 0,693147 0,000969
городское 1,203973 0,000612
городской 0,755023 0,001104
городскую 1,609438 0,000205
городу 0,798508 0,000355
горожан 1,309333 0,000333
горой 2,995732 0,000190
горсовет 2,659260 0,000338
горсовета 2,120264 0,000135
гортранс 3,506558 0,000446
горы 1,108663 0,000493
горького 1,139434 0,000145
гос 1,609438 0,000102
госбук 3,218876 0,000205
госкомстат 0,891598 0,000227
госпиталь 2,659260 0,000507
госпиталя 3,218876 0,000205
господня 2,207275 0,000140
господства 2,995732 0,000190
гостиниц 1,427116 0,000091
гостиница 1,386294 0,000088
государств 1,203973 0,000153
государства 0,843970 0,000054
государственная 0,941609 0,000060
государственного 0,616186 0,000235
государственное 0,776529 0,000444
государственной 0,616186 0,000352
государственную 1,714798 0,000109
государственные 1,514128 0,000096
государственный 0,430783 0,000548
государственных 0,994252 0,000190
государыни 3,506558 0,000223
готовили 3,912023 0,000249
готовится 2,995732 0,000190
готовить 3,912023 0,000249
градостроения 3,912023 0,000249
градостроительное 2,813411 0,000179
градостроительной 2,525729 0,000161
градостроительному 3,912023 0,000249
градостроительные 2,995732 0,000190
граждане 1,108663 0,000070
гражданская 1,514128 0,000192
гражданской 0,967584 0,000123
гражданство 2,995732 0,000190
гран-при 2,207275 0,000140
грандиозного 3,912023 0,000249
гранитов 3,506558 0,000223
границ 0,916291 0,000058
границах 1,078810 0,000137
границе 1,347074 0,000171
границу 2,120264 0,000135
границы 0,867501 0,000276
григорьевич 2,207275 0,000140
гринвич 3,218876 0,000205
группа 0,693147 0,000132
группе 1,832581 0,000116
группировки 2,813411 0,000179
группы 0,634878 0,000040
грызунов 2,813411 0,000179
грязная 2,659260 0,000169
грязнов 3,218876 0,000409
гтрк 1,049822 0,000133
губернатор 1,272966 0,000162
губернатора 1,237874 0,000315
губернии 0,994252 0,000253
губерния 1,427116 0,000272
губернский 1,832581 0,000116
гудайера 3,912023 0,000249
гуляев 3,506558 0,000446
гуляний 3,218876 0,000205
гуманитарного 2,659260 0,000169
гуманитарными 3,506558 0,000223
густова 3,506558 0,000223
далее 0,693147 0,000044
далеко 1,966113 0,000125
дало 1,966113 0,000125
дальневосточного 2,813411 0,000179
дальнейшей 2,995732 0,000190
дальнейшем 1,309333 0,000250
даниил 2,659260 0,000169
данная 2,207275 0,000140
данное 1,966113 0,000250
данной 1,609438 0,000205
данный 0,713350 0,000091
данным 0,415515 0,000343
дата 0,030459 0,000449
датируется 2,302585 0,000146
датой 2,120264 0,000270
датская 0,342490 0,000022
даты 1,427116 0,000181
дввс 3,912023 0,000249
две 0,527633 0,000101
движение 0,820981 0,000052
движения 0,733969 0,000140
двора 2,302585 0,000146
дворе 2,040221 0,000130
дворец 0,967584 0,000553
дворца 1,660731 0,000106
дворцы 2,120264 0,000135
двуглавую 3,912023 0,000249
двукратный 2,407946 0,000153
двух 0,462035 0,000147
двухэтажный 3,506558 0,000223
двуцветного 3,912023 0,000249
девушки 3,218876 0,000205
девять 1,714798 0,000109
дегтярск 3,912023 0,000497
действовали 1,966113 0,000125
действовать -0,009950 -0,000001
действует 0,634878 0,000161
действуют 0,867501 0,000276
действующая 2,407946 0,000153
действующий 2,040221 0,000130
действующим 2,302585 0,000293
дек 0,820981 0,000104
декабря 0,105361 0,000194
декрета 3,912023 0,000249
деление 0,673345 0,000428
делится 1,427116 0,000091
делового 2,995732 0,000762
деловой 1,560648 0,000496
деловыми 3,506558 0,000223
демидова 2,525729 0,000161
демидовским 3,912023 0,000249
демографический 2,813411 0,000179
демографического 2,995732 0,001333
демоскоп 0,820981 0,000209
деноминаций 2,995732 0,000190
день 0,562119 0,000357
деньги 1,771957 0,000225
департамент 1,771957 0,000338
департамента 1,832581 0,000116
депозитария 3,506558 0,000223
депутатами 2,040221 0,000130
депутатов 0,891598 0,000170
депутаты 1,347074 0,000086
дергачева 3,218876 0,000205
деревни 1,660731 0,000106
деревянная 1,897120 0,000241
держит 2,525729 0,000161
держится 2,525729 0,000321
дерматовенерологии 3,912023 0,000249
дерматологии 3,912023 0,000249
десяти 1,560648 0,000099
десятилетий 2,407946 0,000153
десятилетия 2,120264 0,000135
десятки 1,347074 0,000086
десятков 1,660731 0,000106
десятку 2,120264 0,000270
детище 3,912023 0,000249
детская 0,916291 0,000175
детский 1,171183 0,000074
детско-юношеских 2,407946 0,000153
детского 1,832581 0,000116
дефибриллятор 3,912023 0,000249
дефицит 2,207275 0,000140
деятелей 2,040221 0,000648
деятельности 0,446287 0,000057
деятельность 0,653926 0,000374
деятельностью 1,714798 0,000109
деятеля 2,407946 0,000153
дзержинск 1,347074 0,000086
дзюдо 2,995732 0,000381
диаспор 3,912023 0,000249
диверсификацию 3,912023 0,000249
диверсифицированная 3,912023 0,000249
дивизий 2,995732 0,000190
дивс 3,912023 0,000249
динамика 1,427116 0,000272
динамики 2,813411 0,000179
динамично 2,659260 0,000169
динамо 1,171183 0,000223
динамо-энергия 3,912023 0,000249
дипломатических 3,506558 0,000446
дискурсе 3,506558 0,000223
дисциплина 2,659260 0,000169
длина 1,171183 0,000074
длине 1,660731 0,000106
длиннохвостая 3,912023 0,000249
длинные 2,995732 0,000190
длиной 1,272966 0,000081
дмитр 0,000000 0,000000
дмитрий 0,967584 0,000061
дневным 3,912023 0,000249
дневных 2,659260 0,000169
дней 0,446287 0,000113
днейвикипедия 0,967584 0,000061
дни 1,237874 0,000236
дню 2,040221 0,000130
дня 0,478036 0,000091
добиться 2,407946 0,000153
доблести 1,347074 0,000257
доблестиекатеринбургпереименованные 3,912023 0,000249
добраться 2,207275 0,000140
добровольческого 3,506558 0,000223
добролюбова 2,995732 0,000190
добывалось 3,912023 0,000249
довольно 0,891598 0,000113
дождей 2,525729 0,000161
доклад 1,514128 0,000289
документов 0,653926 0,000042
документу 2,813411 0,000179
документы 1,386294 0,000088
долгое 1,386294 0,000088
долголетию 3,912023 0,000249
долгосрочную 3,912023 0,000249
долгостроев 3,912023 0,000249
долготой 0,941609 0,000060
долготы 1,832581 0,000116
долей 2,813411 0,000358
должен 1,078810 0,000069
должна 0,544727 0,000069
должности 1,771957 0,000113
должностные 3,506558 0,000223
должностным 1,966113 0,000250
доли 1,832581 0,000233
долина 1,660731 0,000106
долины 1,897120 0,000121
долларов 1,832581 0,000349
долю 1,427116 0,000181
доля 0,733969 0,000047
дом 0,562119 0,000643
дом-музей 1,660731 0,000211
дома 0,798508 0,000406
домашней 2,995732 0,000381
домбровский 3,912023 0,000249
доме 1,427116 0,000091
доме-ананасе 3,912023 0,000249
доминантами 3,506558 0,000223
домов 1,078810 0,000137
домов-коммун 3,506558 0,000223
домовые 3,218876 0,000205
дополнительное 2,207275 0,000140
дополнительные -0,009950 -0,000001
дополнительными 2,995732 0,000190
дореволюционного 2,995732 0,000190
дореволюционном 2,813411 0,000179
дорог 0,891598 0,000170
дорога 0,798508 0,000152
дорогах 2,302585 0,000585
дороги 0,713350 0,000227
дорогих 2,995732 0,000381
дорогу 1,609438 0,000102
дорожно-транспортной 3,506558 0,000223
дорожного 2,040221 0,000130
дорожное 1,771957 0,000113
дорожный 2,813411 0,000179
достаточно 0,820981 0,000052
достаточного 2,995732 0,000190
достиг 1,469676 0,000093
достигла 1,771957 0,000113
достигло 1,966113 0,000125
достигнут 2,813411 0,000179
достигнутых 3,218876 0,000205
достижение 2,302585 0,000146
достопримечательностей 1,660731 0,000211
достопримечательности 1,049822 0,000467
достопримечательностями 2,813411 0,000179
достроена 3,506558 0,000223
доступен -0,009950 -0,000001
доступность 2,407946 0,000153
доступные 2,995732 0,000190
доход 2,659260 0,000169
доходам 3,506558 0,000223
доходов 2,040221 0,000130
дочка 3,912023 0,000249
дошкольное 2,207275 0,000140
дошкольные 3,218876 0,000409
драме 3,912023 0,000249
драмтеатра 3,218876 0,000205
драмы 1,560648 0,000099
древесно-кустарниковыми 3,912023 0,000249
древнейшая 2,659260 0,000169
древнейшее 2,813411 0,000179
древнейших 1,609438 0,000102
древние 1,560648 0,000198
дрозд 3,506558 0,000223
друг 1,108663 0,000070
другие 0,030459 0,000039
другим 0,733969 0,000047
другими 0,616186 0,000117
других -0,009950 -0,000007
другом 1,514128 0,000096
друзы 3,912023 0,000249
друзьями-художниками 3,912023 0,000249
дубаю 3,912023 0,000249
дума 1,108663 0,000634
думе 2,120264 0,000270
думу 2,040221 0,000259
думы 1,078810 0,000686
дуреко 3,912023 0,000249
духовная 1,386294 0,000088
душу 2,302585 0,000146
дфр 3,912023 0,000249
дютеля 3,912023 0,000249
ев-мамонов 0,000000 0,000000
евгений 1,347074 0,000171
евразии 1,609438 0,000102
евреи 1,203973 0,000077
еврейская 0,843970 0,000107
евролиги 3,506558 0,000223
европе 0,916291 0,000058
европейский 2,120264 0,000270
европейских 1,771957 0,000225
европейской 0,891598 0,000170
европейскую 2,813411 0,000536
европой 2,525729 0,000321
европу 1,714798 0,000109
европы 0,673345 0,000171
евых 0,000000 0,000000
единая 1,469676 0,000280
единиц 0,673345 0,000214
единицу 2,207275 0,000281
единоборств 2,525729 0,000161
единой 1,771957 0,000113
единому 2,813411 0,000358
единственный 1,171183 0,000223
единственным 1,347074 0,000086
единственными 3,218876 0,000205
единый 1,469676 0,000093
едут 3,912023 0,000249
ежа 3,506558 0,000223
ежегодник 0,820981 0,000835
ежегодно 0,916291 0,000408
ежегодных 3,218876 0,000205
еженедельник 2,302585 0,000146
екад 3,912023 0,000249
екарта 3,912023 0,000249
екатерина 1,514128 0,000674
екатеринбу 0,000000 0,000000
екатеринбург 0,843970 0,010299
екатеринбург-пассажирский 3,912023 0,000497
екатеринбург-сити 3,912023 0,001243
екатеринбург-экспо 3,912023 0,000249
екатеринбурга 2,525729 0,031142
екатеринбургадействующийрельсовый 3,912023 0,000249
екатеринбургапруды 3,912023 0,000249
екатеринбургдо 3,912023 0,000249
екатеринбурге 2,659260 0,013521
екатеринбургепо 3,912023 0,000249
екатеринбургом 3,218876 0,000614
екатеринбургская 3,912023 0,005221
екатеринбургские 3,912023 0,001989
екатеринбургский 3,912023 0,004724
екатеринбургских 3,912023 0,000497
екатеринбургского 2,995732 0,000762
екатеринбургское 3,912023 0,000249
екатеринбургской 3,218876 0,001841
екатеринбургском 3,912023 0,000746
екатеринбургстатистика 0,000000 0,000000
екатеринбургу 3,506558 0,001114
екатеринбуржцев 3,912023 0,000497
екатеринбуржцы 3,912023 0,000497
екатерининская 3,506558 0,000446
екатерининские 3,912023 0,000249
екатерининский 3,506558 0,000446
екатерининского 3,912023 0,000497
екатерины 1,514128 0,000770
екатиренбурге 3,912023 0,000249
елизавет 3,912023 0,000497
ельцин 3,506558 0,000891
ельцин-центр 3,912023 0,000497
ельцина 2,659260 0,000507
емуп 3,912023 0,000995
епархии 1,108663 0,000141
епархия 1,560648 0,000198
естественный 1,966113 0,000125
естественным 2,120264 0,000135
естественными 3,218876 0,000205
естественных 1,771957 0,000225
естествознания 2,525729 0,000161
етв 3,912023 0,000497
ефрона 0,328504 0,000063
жаба 3,506558 0,000446
жабрица 3,912023 0,000249
жабу 3,912023 0,000249
жан 3,218876 0,000205
жары 2,995732 0,000190
жби 3,218876 0,000205
жел 0,000000 0,000000
железа 2,407946 0,000153
железная 1,171183 0,000149
железно-делательного 3,912023 0,000497
железнова 3,506558 0,000223
железнодорожная 1,309333 0,000083
железнодорожного 0,967584 0,000184
железнодорожной 1,347074 0,000171
железнодорожном 2,407946 0,000153
железнодорожный 0,755023 0,000144
железнодорожными 2,813411 0,000179
железнодорожных 1,469676 0,000280
железной 0,755023 0,000144
железных 1,832581 0,000116
железоделательного 3,506558 0,000223
желна 3,912023 0,000249
желтого 3,218876 0,000205
жемчужина 2,407946 0,000153
женский 1,309333 0,000250
женского 2,040221 0,000130
женское 2,995732 0,000190
женскому 3,506558 0,000223
женщин 1,386294 0,000088
жесткая 3,506558 0,000223
живописи 1,771957 0,000113
живописных 3,506558 0,000223
живородящая 3,218876 0,000205
животных 1,203973 0,000230
жизни 0,562119 0,000357
жизнь 0,693147 0,000132
жили 1,832581 0,000116
жилищ 3,506558 0,000223
жилищно-коммунального 2,813411 0,000358
жилищного 2,207275 0,000561
жилищное 2,407946 0,000153
жилищном 3,218876 0,000205
жилищный 2,995732 0,000190
жилого 1,966113 0,000125
жилое 2,659260 0,000338
жилой 1,560648 0,000794
жилые 1,347074 0,000428
жилыми 2,407946 0,000153
жилых 1,237874 0,000315
жильем 2,995732 0,000190
жилья 1,514128 0,000481
жириновский 3,506558 0,000223
жировой 3,912023 0,000249
жиромская 1,021651 0,000065
жителей 0,673345 0,000471
житель 1,714798 0,000109
жителя 1,771957 0,000225
жителям 1,966113 0,000125
жителями 1,609438 0,000102
журнал 0,510826 0,000682
журналов 1,714798 0,000109
заброшенным 3,912023 0,000249
забытые 3,506558 0,000223
заведений 1,203973 0,000230
заведения 1,108663 0,000141
заведениям 3,912023 0,000249
завершен 2,659260 0,000169
завершился 3,218876 0,000409
завод 0,798508 0,000406
завод-крепость 3,912023 0,000249
завода 0,941609 0,000838
заводов 1,203973 0,000306
заводов-гигантов 3,912023 0,000249
заводы 1,237874 0,000157
заводы-гиганты 3,912023 0,000249
завоевали 2,995732 0,000190
завоевателей 3,912023 0,000249
заглавная -0,009950 -0,000001
загородные 3,912023 0,000249
загруженности 2,995732 0,000190
загрязнением 2,302585 0,000146
загрязнений 2,302585 0,000146
загрязняется 3,912023 0,000249
займутся 3,506558 0,000223
зайца-беляка 3,506558 0,000223
зайцев 2,207275 0,000140
зайцеобразных 3,506558 0,000223
закавказья 2,525729 0,000161
заказник 2,995732 0,000190
заказчик 3,912023 0,000249
заключал 3,912023 0,000249
закон 0,616186 0,000235
законодательного 2,120264 0,000404
законодательное 2,207275 0,000421
законодательную 2,659260 0,000169
законодательства 2,407946 0,000306
закрыто 2,040221 0,000130
закрытые 2,302585 0,000293
закрытым 2,207275 0,000140
закусочных 3,912023 0,000249
зал 1,021651 0,000130
заложен 1,832581 0,000116
заложили 2,995732 0,000190
замедлился 3,506558 0,000223
заменена 3,506558 0,000223
заменить 0,562119 0,000071
заместитель 1,897120 0,000241
заморожено 3,218876 0,000205
заморозков 3,506558 0,000223
замощенных 3,506558 0,000223
занесены 2,525729 0,000161
занимает 0,616186 0,000392
занимается 1,386294 0,000264
занимал 1,469676 0,000280
занимать 2,813411 0,000179
занял 1,139434 0,000435
занятия 2,207275 0,000281
занято 2,040221 0,000130
заняты 2,207275 0,000140
заочной 3,912023 0,000497
запада 1,021651 0,000065
западе 1,347074 0,000086
западная 1,560648 0,000099
западно-сибирской 2,120264 0,000135
западном 1,714798 0,000109
западным 2,813411 0,000179
запарий 3,912023 0,000497
записьвойти -0,009950 -0,000001
запрос 1,514128 0,000096
запустил 2,659260 0,000169
запустили 1,897120 0,000121
запущенной 3,218876 0,000205
заработная 2,040221 0,000130
заработной 2,995732 0,000381
зарегистрировали 3,912023 0,000249
зарегистрирован 1,771957 0,000225
зарегистрированный -0,009950 -0,000001
зарегистрировано 1,309333 0,000166
зарегистрированы 1,771957 0,000113
зарегулированностью 3,912023 0,000249
заречный 2,525729 0,000482
зарождение 2,525729 0,000161
зарослями 3,506558 0,000223
зарплатам 3,912023 0,000249
зарубежных 1,469676 0,000093
застраивались 3,506558 0,000223
застройка 1,272966 0,000405
застройке 2,120264 0,000270
застройки 1,021651 0,000325
застройку 2,207275 0,000140
застройщики 3,912023 0,000249
затем 0,527633 0,000067
заторам 3,506558 0,000223
заторов 3,218876 0,000205
затруднилось 3,912023 0,000249
зауральской 3,912023 0,000497
зафиксировано 2,207275 0,000140
захватила 3,218876 0,000205
захватывает 3,218876 0,000205
зачастую 1,771957 0,000113
защитники 3,506558 0,000223
заявление -0,009950 -0,000001
збекча 0,000000 0,000000
звание 1,049822 0,000133
звезда 1,237874 0,000079
звено 3,506558 0,000223
здание 0,776529 0,000740
зданием 1,660731 0,000317
здании 1,171183 0,000298
зданий 1,049822 0,000267
здания 0,867501 0,000662
зданиям 3,506558 0,000223
зданиями 1,771957 0,000113
зданиях 2,207275 0,000140
здзярский 2,813411 0,000179
здорового 3,912023 0,000249
здоровье 1,609438 0,000307
здоровья 1,771957 0,000113
здохня 3,912023 0,000249
здохнянаука 3,912023 0,000249
здравоохранение 0,941609 0,000120
здравоохранения 1,203973 0,000383
зеленая 1,771957 0,000338
зеленого 2,302585 0,000146
зеленодольск 1,237874 0,000079
зеленой 2,040221 0,000130
зеленый 1,347074 0,000428
зелеными 2,525729 0,000161
зеленых 1,347074 0,000086
земельный 2,407946 0,000153
земле 0,994252 0,000063
зенитно 3,912023 0,000249
зеркально 3,506558 0,000223
зима 1,021651 0,000065
зиме 3,218876 0,000205
зимнего 1,966113 0,000125
зимой 0,713350 0,000045
златоуст 1,347074 0,000428
змеиная 3,218876 0,000205
знак -0,009950 -0,000001
знания 1,832581 0,000233
значение 0,314711 0,000080
значения 0,105361 0,000080
значениях 2,813411 0,000358
значимости 2,302585 0,000146
значительно 0,510826 0,000032
значительного 2,207275 0,000140
значительное 1,309333 0,000083
значительных 1,771957 0,000113
зной 3,912023 0,000249
золота 2,302585 0,000293
золотая 1,560648 0,000397
золотой 0,843970 0,000107
золотую 3,218876 0,000409
золотых 2,407946 0,000153
зон 1,309333 0,000083
зонах 2,120264 0,000135
зоне 0,527633 0,000168
зоны 0,755023 0,000048
зоопарк 1,771957 0,000225
зоопарка 2,302585 0,000146
зоопарке 2,659260 0,000169
зрителей 1,714798 0,000436
зрителя 1,427116 0,000091
зубами 3,912023 0,000249
зубаревич 2,995732 0,000381
зубцами 3,506558 0,000223
зюганов 3,506558 0,000223
зяблик 3,912023 0,000249
ивана 1,078810 0,000069
иваново 1,139434 0,000072
ивдель 3,912023 0,000249
иволга 3,912023 0,000249
игр 1,609438 0,000102
играет 1,386294 0,000088
играх 2,302585 0,000146
игровым 3,218876 0,000205
игровых 2,813411 0,000536
игры 1,203973 0,000077
идеального 3,218876 0,000205
идеальные 3,218876 0,000205
идеальных 3,218876 0,000205
идеи 1,714798 0,000109
идентификаторы 0,693147 0,000044
идет 1,078810 0,000137
идол 3,506558 0,000223
ижевск 1,139434 0,000072
из-за 0,415515 0,000079
избирался 2,407946 0,000306
избирательная 2,813411 0,000179
избирательной 3,218876 0,000205
избирательному 2,659260 0,000169
избираются 2,407946 0,000153
избрании 3,912023 0,000249
избрания 2,525729 0,000161
избрано 3,218876 0,000205
известия 1,021651 0,000455
известные 0,891598 0,000283
известными 2,120264 0,000135
известных 1,171183 0,000447
изготовлять 3,912023 0,000249
изд 0,314711 0,000020
изд-во 1,049822 0,000067
издавна 2,207275 0,000140
издан 2,813411 0,000179
издание 0,776529 0,000049
изданий 1,469676 0,000093
издателей 3,912023 0,000249
издательский 1,514128 0,000096
издательство 0,510826 0,000260
изделий 1,309333 0,000166
изделия 2,120264 0,000135
изменений 1,272966 0,000243
изменения 0,562119 0,000071
изменениями 1,427116 0,000363
изменилась 2,407946 0,000153
изменчивость 3,506558 0,000223
изображен 1,771957 0,000113
изображена 2,659260 0,000169
изображение 1,427116 0,000363
изображении 1,272966 0,000081
изображения 1,609438 0,000102
изображены 2,525729 0,000321
изобразительных 1,771957 0,000225
изоплит 3,912023 0,000249
изумрудно-зеленого 3,912023 0,000249
изумрудно-зеленую 3,912023 0,000249
изучение 1,514128 0,000096
изучению 1,966113 0,000125
иконописи 2,813411 0,000179
иконы 1,347074 0,000086
име 3,912023 0,000249
имеет 0,235722 0,000090
имел 1,469676 0,000187
именем 1,272966 0,000162
имени 0,462035 0,000382
именно 0,544727 0,000035
именный 3,912023 0,000249
имеют 0,371064 0,000024
имеются 0,843970 0,000054
имеющего 3,506558 0,000223
имеющие 1,714798 0,000109
имеющими 2,813411 0,000179
ими 1,272966 0,000081
имиджа 3,912023 0,000249
иммунопатологии 3,912023 0,000497
император 1,771957 0,000113
императора 1,514128 0,000481
императрица 2,207275 0,000140
императрицы 1,832581 0,000349
империи 0,733969 0,000233
импульс 2,813411 0,000179
имя 0,891598 0,000113
инвестиций 1,560648 0,000099
инвестиционной 2,302585 0,000146
индекс 0,941609 0,000060
индексы 1,514128 0,000096
индивидуальные 3,218876 0,000205
индор-хоккею 3,912023 0,000249
индустриализации 2,120264 0,000270
индустриального 2,407946 0,000306
индустриальный 1,966113 0,000125
индустриальных 2,659260 0,000507
индустрия 2,525729 0,000161
инженерно-геологических 3,912023 0,000497
инженерно-педагогический 3,506558 0,000223
инженерно-педагогических 3,912023 0,000249
инженерную 3,912023 0,000249
инициатива 2,995732 0,000190
инициативе 1,427116 0,000181
инновационного 3,218876 0,000205
инновационных 2,813411 0,000358
иннопром 3,912023 0,000497
иногородних 2,207275 0,000140
иностранные 1,660731 0,000106
иностранных 1,203973 0,000306
иностранцев 2,040221 0,000130
институт 0,478036 0,000486
института 0,755023 0,000288
институте 1,832581 0,000116
институтов 1,560648 0,000397
институтом 1,897120 0,000121
институты 1,660731 0,000211
инструменты -0,009950 -0,000001
интенсивно 2,813411 0,000179
интенсивный 3,912023 0,000249
интервью 1,660731 0,000106
интерес 1,714798 0,000218
интересно 3,218876 0,000205
интересные 3,506558 0,000223
интересных 2,659260 0,000169
интернет 0,916291 0,000058
интернет-изданий 3,218876 0,000205
интернет-портал 1,897120 0,000482
интернет-провайдеров 2,659260 0,000169
интерурбан 3,912023 0,000249
интерфакс 1,832581 0,000233
интерфакс-россия 3,912023 0,000249
интерфакс-туризм 3,912023 0,000249
инфекционный 3,912023 0,000249
информагентств 3,506558 0,000223
информатики 1,714798 0,000218
информации 0,446287 0,000170
информационно-аналитический 2,659260 0,000338
информационно-издательский 3,912023 0,000249
информационно-рекламный 3,912023 0,000249
информационного 2,302585 0,000146
информационное 1,469676 0,000093
информационной 2,207275 0,000140
информационные 1,203973 0,000153
информационный 1,427116 0,000272
информационных 1,139434 0,000072
инфраструктура 1,347074 0,000171
инфраструктурный 3,912023 0,000249
инфраструктуры 1,272966 0,000243
иные 1,714798 0,000218
иных 1,469676 0,000093
иоанна 1,469676 0,000093
иоханнеса 3,912023 0,000249
ипатьева 3,912023 0,000249
ипатьевского 3,912023 0,000249
ирбит 3,912023 0,000249
иркутск 1,171183 0,000074
ирон 0,000000 0,000000
иртыша 3,218876 0,000205
исети 3,912023 0,002984
исетинаселенные 3,912023 0,000249
исеть 3,506558 0,003120
исетью 3,912023 0,000249
искра 2,120264 0,000135
искусств 0,916291 0,000175
искусства 0,733969 0,000373
исполкома 2,302585 0,000146
исполнен 3,506558 0,000223
исполнительно-распорядительным 2,995732 0,000190
исполнительной 2,407946 0,000306
исполнительную 2,302585 0,000146
исполнительные 2,525729 0,000161
использовалась 1,771957 0,000113
использовались 1,660731 0,000106
использования -0,009950 -0,000001
использовано 3,218876 0,000205
использующие 0,040822 0,000005
исследований 0,941609 0,000060
исследованию 2,040221 0,000130
исследования 0,733969 0,000047
исследованиями 2,407946 0,000153
исследовательские 2,525729 0,000161
исследовательский 1,771957 0,000113
исследовательской 2,659260 0,000169
исток 1,469676 0,000374
истоки 2,040221 0,000130
историей 2,207275 0,000140
историзм 3,506558 0,000223
истории 0,248461 0,000174
историка 2,659260 0,000169
историко-демографический 3,912023 0,000249
историческая 1,237874 0,000157
исторически 1,078810 0,000069
исторический 0,653926 0,000249
исторических 1,139434 0,000145
исторического 1,049822 0,000200
историческое 1,660731 0,000211
историю 0,843970 0,000107
история 0,051293 0,000062
источник -0,009950 -0,000010
источниками 0,776529 0,000099
источниках 1,386294 0,000088
источникевикипедия 2,302585 0,000146
источники 0,415515 0,000026
источников 0,371064 0,000142
источником 1,660731 0,000211
исчислении 0,843970 0,000054
ит-компании 3,912023 0,000497
ит-компаний 3,506558 0,000223
итал 2,813411 0,000179
итальянским 3,218876 0,000205
итар-тасс 2,813411 0,000179
итогам 1,139434 0,000290
итоге 1,427116 0,000091
итоги 0,713350 0,001224
итогов 0,891598 0,000113
иудеи 2,659260 0,000169
ишим 2,995732 0,000190
ишимбай 1,309333 0,000083
июле 0,967584 0,000123
июль 0,579818 0,000037
июля 0,116534 0,000659
июне 0,967584 0,000061
июнь 0,544727 0,000035
июня 0,116534 0,000274
кабинетов 3,912023 0,000249
кадр 3,218876 0,000205
кадрами 2,659260 0,000169
кадров 1,771957 0,000225
кадры 2,302585 0,000146
каждый 0,733969 0,000047
каждым 2,302585 0,000146
казались 3,912023 0,000249
казанцева 3,506558 0,000223
казань 0,891598 0,000227
казахстан 1,469676 0,000093
казенного 3,218876 0,000205
казна 3,506558 0,000223
кайзер 3,912023 0,000249
календарь 1,514128 0,000096
калина 2,659260 0,000169
калинина 2,207275 0,000281
калиновка 3,912023 0,000249
каменная 2,407946 0,000153
каменные 2,040221 0,000259
каменных 1,832581 0,000349
каменск-уральский 1,347074 0,000171
камень 1,714798 0,000218
камерный 1,966113 0,000125
камнерезного 3,912023 0,000746
камни 2,813411 0,000179
камня 2,040221 0,000130
камышенку 3,912023 0,000249
камышлов 3,912023 0,000249
камышовка 3,912023 0,000249
канадская 2,120264 0,000135
канал 0,843970 0,000215
кандидатур 3,218876 0,000205
кандидаты 2,525729 0,000321
кандинский 3,506558 0,000223
канцлера 3,912023 0,000497
капитал 1,966113 0,000125
капитализма 2,995732 0,000190
карапета 3,912023 0,000249
кардиоцентр 3,218876 0,000205
карпинск 3,912023 0,000249
карт-бланш 3,912023 0,000249
картами 0,562119 0,000071
карточкевикипедия 1,469676 0,000093
карточкивикипедия 1,309333 0,000083
карту-путеводитель 3,912023 0,000249
картузианский 3,912023 0,000249
каскад 2,407946 0,000153
каскадом 3,912023 0,000249
каслинский 3,506558 0,000223
каспийск 1,272966 0,000081
кастор 3,912023 0,000249
каталанская 0,527633 0,000034
каталог 1,609438 0,000102
каталогах 0,094311 0,000006
каталоге 2,207275 0,000140
катастроф 2,120264 0,000135
категории -0,009950 -0,000002
католическая 2,207275 0,000140
католический 1,714798 0,000109
кафе 1,609438 0,000102
кафедрального 2,120264 0,000135
кафедральной 3,912023 0,000249
кафедральный 1,021651 0,000260
кафедральным 2,302585 0,000146
кафетерии 3,506558 0,000223
качанова 3,912023 0,000497
качестве 0,478036 0,000030
качество 1,309333 0,000083
качканар 3,506558 0,000223
каща 3,912023 0,000249
квадратного 3,218876 0,000818
квадратных 1,832581 0,000699
квалификации 2,407946 0,000153
квартал 1,660731 0,000422
квартала 2,120264 0,000135
кварталов 1,897120 0,000362
квартирного 3,912023 0,000497
квартиры 2,525729 0,000161
квн 2,659260 0,000169
кейтеринговые 3,912023 0,000249
кемерово 1,237874 0,000079
километр 2,407946 0,000153
километров 1,078810 0,000069
кинематографистов 2,813411 0,000179
кино 0,994252 0,000126
киноконцертный 2,995732 0,000190
киномакс 2,120264 0,000135
киноплекс 3,506558 0,000223
кинопроизводственных 3,912023 0,000249
киностудии 2,659260 0,000169
киностудия 2,302585 0,000439
кинотеатр 1,108663 0,000070
кинотеатров 1,237874 0,000079
кинотеатры 1,078810 0,000206
киров 1,309333 0,000166
кировград 3,912023 0,000497
кировский 1,237874 0,000157
кирха 1,897120 0,000121
китайская 0,776529 0,000049
ккт 3,912023 0,000249
клавиатуре 3,506558 0,000223
классифицируется 3,218876 0,000205
классицизм 2,207275 0,000140
классицизма 1,832581 0,000349
классическим 2,659260 0,000169
кластер 2,525729 0,000161
климат 0,494296 0,000157
климата 0,733969 0,000093
клиник 2,813411 0,000179
клиники 2,659260 0,000169
клиническая 1,714798 0,000218
клиринговую 3,912023 0,000249
клода-никола 3,912023 0,000249
клуб 0,916291 0,000815
клуба 1,660731 0,000422
клубы 1,108663 0,000211
ключевой 2,813411 0,000179
ключевые 2,302585 0,000146
ключей 2,407946 0,000153
кмказань 2,040221 0,000130
кммагнитогорск 3,912023 0,000249
кммосква 1,832581 0,000116
кмнижний 2,525729 0,000161
кмновосибирск 2,525729 0,000161
кмомск 2,813411 0,000179
кморенбург 2,659260 0,000169
кмсанкт-петербург 2,120264 0,000135
кмсеров 0,000000 0,000000
кмсочи 2,120264 0,000135
кмстерлитамак 3,506558 0,000223
кмсургут 3,912023 0,000249
книгу 1,514128 0,000192
книжное 1,078810 0,000069
кого 2,207275 0,000140
код -0,009950 -0,000037
кода 0,798508 0,000051
кодекс -0,009950 -0,000001
кодистория 0,116534 0,000007
коек 2,040221 0,000130
кожана 3,912023 0,000249
кожанка 3,912023 0,000249
козинец 3,912023 0,000249
козлов 2,659260 0,000507
кокшаров 3,912023 0,000249
колебания 1,714798 0,000109
колеблется 2,040221 0,000130
количества 0,941609 0,000120
количестве 1,714798 0,000109
количество 0,328504 0,000251
количеству 1,309333 0,000416
коллективы 2,120264 0,000135
коллекторы 3,506558 0,000223
коллекции 1,560648 0,000099
коллекция 1,714798 0,000109
коллекциями 3,506558 0,000446
колодезного 3,912023 0,000497
коломна 1,272966 0,000081
колонизации 2,813411 0,000179
колчака 2,302585 0,000146
кольце 2,525729 0,000161
кольцевая 2,659260 0,000169
кольцевой 2,120264 0,000135
кольцо 1,514128 0,000096
кольцово 2,995732 0,000952
коляда-театр 3,912023 0,000249
комар 3,912023 0,000249
комбинат 1,171183 0,000074
комедии 2,040221 0,000130
комедию 3,912023 0,000249
коми 1,514128 0,000096
комикыргызча 0,000000 0,000000
комиссарова 3,912023 0,000249
комиссии 1,309333 0,000083
комиссия 1,609438 0,000102
комитет 0,755023 0,000048
комментарии 1,386294 0,000088
коммерсантъ 1,139434 0,000507
коммерсантъ-урал 3,912023 0,000249
коммунистической 2,813411 0,000179
комнат 3,506558 0,000223
компактного 3,506558 0,000223
компании 0,579818 0,000184
компаний 0,967584 0,000430
компания 0,653926 0,000291
компаниями 2,302585 0,000146
комплекс 0,653926 0,000499
комплекса 1,272966 0,000081
комплексов 1,386294 0,000176
комплексу 2,995732 0,000190
комплексы 1,514128 0,000192
композициях 3,912023 0,000249
компьютерных 2,207275 0,000140
комсомолец 1,560648 0,000099
комсомольск-на-амуре 1,203973 0,000077
комфортные 3,506558 0,000223
конгрессного 3,912023 0,000249
кондитерская 2,040221 0,000130
кондитерское 3,912023 0,000249
конец 0,798508 0,000102
конкурса 1,660731 0,000106
конкурсный 3,912023 0,000249
консалтинг 3,218876 0,000205
консалтинговая 3,218876 0,000205
конституции 2,120264 0,000135
конструктивизм 2,813411 0,000179
конструктивизма 1,966113 0,000875
конструктивистской 3,912023 0,000249
конструкций 2,207275 0,000140
консульские 2,525729 0,000161
консульство 1,966113 0,000250
консультантплюс 3,218876 0,000205
контексте 1,560648 0,000099
контекстуализм 3,912023 0,000249
континент 2,120264 0,000135
континентального 1,832581 0,000233
континентальной 2,407946 0,000153
континентальный 0,776529 0,000099
континентальным 2,525729 0,000161
контрагента 3,912023 0,000249
контракт 2,207275 0,000140
контроль 1,427116 0,000091
контролю 3,218876 0,000205
контроля 1,560648 0,000099
контур 2,659260 0,000338
конф 2,813411 0,000358
конференции 1,139434 0,000217
конфессией 3,506558 0,000223
конфессии 1,237874 0,000157
конфи 3,912023 0,000249
конфиденциальности -0,009950 -0,000001
конца 0,562119 0,000143
конце 0,430783 0,000082
концентрация 2,040221 0,000130
концерн 3,218876 0,000205
концертный 1,660731 0,000106
концерты 2,120264 0,000135
концу 0,994252 0,000126
конькам 3,912023 0,000249
конькобежному 2,995732 0,000190
координаты 1,469676 0,000093
копеек 2,995732 0,000190
копии 0,653926 0,000042
копия 0,328504 0,000021
коренным 2,995732 0,000190
коренными 3,218876 0,000205
корнфельд 3,912023 0,000249
коробковых 3,912023 0,000249
корона 2,302585 0,000293
короткий -0,009950 -0,000001
коротковский 3,912023 0,000746
корпораций 2,995732 0,000190
корпус 1,272966 0,000324
корпуса 1,560648 0,000198
корпусов 2,120264 0,000135
корпусом 2,995732 0,000190
коррекционное 3,218876 0,000205
космос 1,897120 0,000362
костанай 3,912023 0,000249
кострома 1,171183 0,000074
которая 0,287682 0,000128
которого 0,301105 0,000134
которое 0,478036 0,000061
которой 0,174353 0,000066
котором 0,301105 0,000134
которому 0,843970 0,000161
которую 0,867501 0,000110
которые 0,162519 0,000062
который 0,105361 0,000067
которых 0,094311 0,000060
кофеен 3,506558 0,000223
кошачьих 3,506558 0,000223
коэффициент 2,120264 0,000135
кпрф 2,207275 0,000421
кпсс 1,832581 0,000116
краеведческом 2,995732 0,000190
крайне 1,832581 0,000116
крапчатый 3,912023 0,000249
красивейшие 3,912023 0,000249
красная 1,108663 0,000493
красноармейской 3,218876 0,000205
красного 1,272966 0,000081
краснодар 1,386294 0,000088
красной 0,967584 0,000123
краснотурьинск 3,912023 0,000249
красноуральск 3,912023 0,000249
красноуфимск 3,912023 0,000249
красноярск 0,967584 0,000123
красную 2,040221 0,000259
красным 2,525729 0,000321
краткая 0,967584 0,000123
кратный 2,813411 0,001967
края 0,713350 0,000091
кредитных 2,813411 0,000179
крепостной 2,659260 0,000169
крепость 1,078810 0,000274
крепостям 3,912023 0,000249
крест 2,120264 0,000135
крестьянская 3,218876 0,000205
кризиса 2,040221 0,000259
кристаллом 3,912023 0,000249
критические 3,912023 0,000249
крицкий 3,912023 0,000249
кричных 3,912023 0,000249
крк 2,995732 0,000190
крови 1,966113 0,000375
кроме 0,235722 0,000075
крона 3,912023 0,000249
крота 3,912023 0,000249
кругом 2,040221 0,000130
кругосвет 1,560648 0,000099
крупнейшая 1,347074 0,000086
крупнейшего 2,302585 0,000585
крупнейшие 0,776529 0,000395
крупнейший 0,755023 0,000096
крупнейшим 1,203973 0,000306
крупнейшими 1,771957 0,000113
крупнейших 0,634878 0,000767
крупного 1,560648 0,000099
крупной 1,897120 0,000241
крупноцветковая 3,912023 0,000249
крупные 0,579818 0,000295
крупный 0,798508 0,000254
крупным 1,021651 0,000195
крупных 0,494296 0,000346
крылова 2,995732 0,000190
крыма 0,843970 0,000054
крытых 2,659260 0,000169
крышей 3,506558 0,000223
кубка 1,347074 0,000685
кузьмин 2,525729 0,000161
куки -0,009950 -0,000001
кукол 0,916291 0,000116
культовых 2,302585 0,000146
культура 0,653926 0,000291
культурная 1,897120 0,000121
культурно-бытового 3,506558 0,000223
культурно-исторические 3,912023 0,000497
культурно-развлекательный 3,506558 0,000223
культурную 2,525729 0,000161
культурные 2,040221 0,000389
культурным 2,120264 0,000135
культурных 1,347074 0,000086
культуры 0,462035 0,000382
кунилов 3,912023 0,000249
куньих 3,912023 0,000249
купания 2,813411 0,000179
купена 3,912023 0,000249
купол 2,995732 0,000190
куполом 3,506558 0,000223
купцов 2,302585 0,000439
курантами 3,218876 0,000205
курган 1,237874 0,000236
курса 2,813411 0,000179
кутору 3,912023 0,000249
кухня 3,218876 0,000205
кушва 3,506558 0,000223
кыргызстан 2,120264 0,000135
кэндис 3,912023 0,000249
лабораторией 2,995732 0,000190
лаборатории 2,525729 0,000161
лагеря 2,302585 0,000146
ландшафтному 3,912023 0,000249
ласку 3,912023 0,000249
лауреатом 2,659260 0,000169
лауреаты 3,218876 0,000205
лдпр 2,525729 0,000482
левашов 1,660731 0,000106
левобережью 3,506558 0,000223
левой 2,525729 0,000161
левый 1,309333 0,000083
легендарного 2,995732 0,000190
легкая 1,897120 0,000241
легковых 2,407946 0,000306
ледовая 2,995732 0,000381
ледовой 2,995732 0,000190
леду 3,912023 0,000249
лезги 0,000000 0,000000
лекарственная 3,912023 0,000249
лекция 2,995732 0,000190
ленд-арт-объекта 3,912023 0,000249
ленина 0,867501 0,000221
ленинанаселенные 2,659260 0,000169
ленинск-кузнецкий 1,347074 0,000086
ленинский 1,078810 0,000137
ленинского 1,771957 0,000113
ленинском 2,302585 0,000146
ленину 1,272966 0,000081
лениным 3,912023 0,000249
лента 1,560648 0,000198
леса 1,021651 0,000130
лесами 2,302585 0,000293
лесной 1,272966 0,000243
лесному 3,912023 0,000249
лесную 2,995732 0,000190
лесных 2,120264 0,000270
лесов 1,469676 0,000093
лесопарка 2,813411 0,000536
лесопарках 3,218876 0,000205
лесопарков 3,506558 0,000223
лесопаркового 3,912023 0,000249
лесопарковой 3,506558 0,000223
лесопарковый 3,506558 0,000446
лесопарковых 3,912023 0,000249
лесотехнический 3,218876 0,000205
лет 0,223144 0,000184
летие 1,309333 0,000166
летию 1,078810 0,000343
летия 1,108663 0,000141
летней 2,120264 0,000135
летний 1,108663 0,000070
летних 2,120264 0,000135
лето 0,891598 0,000057
летом 0,597837 0,000038
летопись 1,832581 0,000116
лечебных 2,407946 0,000153
лечение 3,218876 0,000205
лиге 1,609438 0,000102
лиги 1,386294 0,000176
лидер 2,207275 0,000140
лидерами 2,302585 0,000146
лидеров 1,966113 0,000125
лидером 2,207275 0,000281
лидеры 2,302585 0,000146
лидирующие 2,659260 0,000169
ликвидирован 2,120264 0,000135
лимит 3,506558 0,000223
линии 0,755023 0,000096
линий 1,309333 0,000250
линию 2,407946 0,000153
линия 0,891598 0,000680
лисицу 3,912023 0,000249
литература 0,061875 0,000012
литературный 1,427116 0,000091
литографий 3,912023 0,000249
лихорадкой 3,912023 0,000249
лиц 1,427116 0,000091
лица 1,272966 0,000081
лицевую 3,912023 0,000249
лицензии -0,009950 -0,000001
лицо 1,771957 0,000113
лицом 1,897120 0,000241
лично 2,302585 0,000146
лишь 0,478036 0,000030
лог 2,407946 0,000153
логистика 2,995732 0,000190
локальное 1,108663 0,000070
локомотив-изумруд 3,912023 0,000497
ломбардов 3,912023 0,000249
ломкий 3,912023 0,000249
лоранж 3,912023 0,000249
лося 3,506558 0,000223
лотарева 3,912023 0,000249
лугами 3,506558 0,000223
луганск 1,203973 0,000077
луначарского 2,813411 0,000179
лучшие 1,560648 0,000198
лучший 2,040221 0,000259
лучшим 1,514128 0,000385
лучших 1,049822 0,000267
лыжин 3,912023 0,000497
лыкова 3,218876 0,000205
лысьва 1,347074 0,000086
любителей 2,813411 0,000179
любовница 3,912023 0,000249
любой 1,514128 0,000096
любопытных 3,912023 0,000249
людей 0,693147 0,000044
людейгорода-миллионеры 3,912023 0,000249
людейнаселенные 2,995732 0,000190
лютеране 3,218876 0,000205
лютеранская 1,897120 0,000241
лягушка 3,506558 0,000223
лягушку 3,912023 0,000497
ляля 3,912023 0,000249
ляхов 3,912023 0,000497
магадан 1,237874 0,000079
магистралей 2,525729 0,000161
магистрали 1,078810 0,000137
магистраль 1,427116 0,000181
магистральные 2,407946 0,000306
магистральным 2,813411 0,000179
магистральных 2,813411 0,000358
магистралями 3,912023 0,000249
магнитогорск 1,272966 0,000081
мадрид 3,218876 0,000205
мае 0,867501 0,000055
мазаев 3,912023 0,000497
май 0,597837 0,000038
макарова 2,120264 0,000135
макро 3,912023 0,000249
максимилиановская 3,912023 0,000249
максимум 0,733969 0,000187
малахов 3,506558 0,000891
малахова 3,506558 0,000446
малая 1,469676 0,000093
маленьких 2,995732 0,000190
малимонов 3,912023 0,000249
малого 1,427116 0,000091
малые 1,832581 0,000116
малый 0,371064 0,000071
малых 1,309333 0,000083
малышева 3,506558 0,000223
мальцева 3,506558 0,000223
мамина-сибиряка 3,912023 0,000497
манеж 2,207275 0,000140
мануфактуры 3,218876 0,000205
маренков 3,912023 0,000249
мариймакедонски 0,000000 0,000000
марийцы 1,714798 0,000109
мария 1,832581 0,000233
марка 0,867501 0,000165
марке 2,995732 0,000381
март 0,616186 0,000078
марта 0,139262 0,000266
маршрут 1,272966 0,000566
маршрута 1,469676 0,000280
маршрутного 3,218876 0,000205
маршрутное 2,120264 0,000270
маршрутный 2,407946 0,000153
маршрутов 0,967584 0,000061
маршруты 1,272966 0,000081
маска 3,218876 0,000409
маслаков 3,506558 0,000223
масс 1,714798 0,000218
массам 3,506558 0,000223
массив 2,302585 0,000146
массивов 1,966113 0,000375
массивом 3,506558 0,000223
массовое 1,771957 0,000113
массовой 0,916291 0,000058
массовом 3,218876 0,000205
массовых 1,832581 0,000116
массы 2,040221 0,000130
мастер-класс 3,912023 0,000249
мастера 2,302585 0,000146
мастерские 2,120264 0,000135
мастерских 2,525729 0,000161
масштабное 2,659260 0,000169
математики 1,660731 0,000528
математико-механический 3,912023 0,000249
материал -0,009950 -0,000001
материалов 0,755023 0,000048
материалы 0,843970 0,000161
материнской 3,506558 0,000223
материнства 3,912023 0,000746
матчей 2,407946 0,000153
матчи 1,832581 0,000116
махнева 3,912023 0,000249
машин 1,139434 0,000145
машиностроение 1,560648 0,000298
машиностроения 1,469676 0,000374
машиностроительного 2,813411 0,000358
машиностроительный 1,897120 0,000121
машиностроительных 2,995732 0,000190
мая 0,139262 0,000487
маяковского 2,040221 0,000130
мвд 1,309333 0,000083
мгу 2,120264 0,000270
мегалополис 3,912023 0,000249
мегалополисов 3,218876 0,000205
мегаполис 2,302585 0,000293
мегаполисов 2,813411 0,000179
мегарегулятора 3,912023 0,000497
мегафон 1,237874 0,000315
медалей 3,506558 0,000223
медаль 2,525729 0,000161
медалями 2,659260 0,000169
медведева 2,659260 0,000169
медведей 2,813411 0,000179
медведь 2,207275 0,000140
медгородок 3,506558 0,000891
медеплавильного 2,995732 0,000190
меди 2,207275 0,000140
медиа 1,966113 0,000125
медиафайлы 0,301105 0,000019
медийном 3,912023 0,000249
медицинские 1,897120 0,000241
медицинский 0,891598 0,000170
медицинских 1,427116 0,000272
медицинского 1,714798 0,000109
медицинской 1,514128 0,000192
медицины 1,514128 0,000096
медная 3,912023 0,000497
медные 3,506558 0,000223
медный 3,218876 0,000205
медучреждений 3,506558 0,000223
междугородное 2,407946 0,000153
междугородный 2,207275 0,000281
международн 3,912023 0,000249
международно 1,139434 0,000072
международного 0,733969 0,000187
международное 1,714798 0,000109
международной 1,203973 0,000306
международном 1,832581 0,000116
международные 0,941609 0,000239
международный 0,713350 0,000181
международным 1,966113 0,000125
международных 0,967584 0,000246
межмуниципальные 3,912023 0,000249
мезорельеф 3,912023 0,000249
мелких 1,897120 0,000121
мельковка 3,912023 0,000249
мемом 3,912023 0,000249
мемориал 1,609438 0,000102
менее 0,314711 0,000040
меньший 3,912023 0,000249
меняется 1,714798 0,000109
менялись 2,659260 0,000169
меркель 3,218876 0,000205
мероприятии 3,218876 0,000205
мероприятия 1,272966 0,000485
меряемся 3,912023 0,000249
мест 0,713350 0,000363
места 0,579818 0,000184
местам 2,659260 0,000169
местами 1,427116 0,000091
месте 0,544727 0,000415
местная 2,120264 0,000135
местного 0,941609 0,000598
местности 1,427116 0,000091
местных 1,108663 0,000211
место 0,371064 0,000613
местом 1,049822 0,000267
местонахождение 3,912023 0,000249
месторождений 2,040221 0,000130
месяцевикипедия 0,776529 0,000049
металла 2,302585 0,000146
металле 3,506558 0,000223
металлов 1,771957 0,000113
металлообработка 2,525729 0,000161
металлурги 2,995732 0,000190
металлургические 3,506558 0,000446
металлургического 2,525729 0,000321
металлургическое 2,207275 0,000281
металлургической 2,525729 0,000161
металлургическую 3,218876 0,000205
металлургия 2,120264 0,000135
метод 1,771957 0,000113
методистская 3,506558 0,000446
методистский 3,912023 0,000249
методисты 3,912023 0,000249
методологии 2,525729 0,000161
метра 1,560648 0,000595
метро 1,272966 0,000324
метров 0,776529 0,000395
метрополитен 1,966113 0,000750
метрополитена 1,660731 0,000106
метрополитенов 2,813411 0,000179
механики 2,525729 0,000482
механико-математическая 3,912023 0,000249
мечети 1,560648 0,000298
мечеть 1,078810 0,000137
миасс 1,309333 0,000083
миграционная 3,218876 0,000205
миграционного 2,813411 0,000179
миграционные 2,995732 0,000190
миграционный 2,207275 0,000281
микрорайон 1,660731 0,000211
микрорайона 1,771957 0,000113
микрорайоне 1,771957 0,000450
микрохирургии 3,218876 0,000205
микрохирургия 3,218876 0,000409
миллионников 3,912023 0,000497
миллионный 2,120264 0,000135
минаретами 3,912023 0,000249
минеральные 1,966113 0,000125
минеральных 1,609438 0,000102
минздрава 2,813411 0,000179
мини-футболу 2,995732 0,000381
мини-футбольный 2,207275 0,000281
минимизированных 3,912023 0,000249
минимум 0,693147 0,000132
министерства 0,891598 0,000340
министерством 1,609438 0,000102
министра 2,525729 0,000161
мира 0,415515 0,000396
мире 0,494296 0,000251
мирзоев 3,912023 0,000249
мирового 1,609438 0,000102
мировое 2,995732 0,000190
мировой 0,733969 0,000047
мировом 2,659260 0,000338
мировых 1,560648 0,000099
миронов 2,995732 0,000190
мирошника 3,912023 0,000249
мифология 3,218876 0,000205
михаил 0,916291 0,000175
михаила 1,171183 0,000074
михайлович 1,386294 0,000088
михайловск 3,506558 0,000223
михеева 3,912023 0,000249
мичуринский 3,218876 0,000205
младенческой 3,218876 0,000205
младенчества 3,912023 0,000746
млекопитающие 2,813411 0,000536
млекопитающих 1,966113 0,000250
млн 0,462035 0,000587
млрд 0,820981 0,000783
многие 0,356675 0,000091
многим 1,897120 0,000121
многими 2,040221 0,000130
многих 0,494296 0,000063
многодневный 3,912023 0,000249
многоквартирная 3,912023 0,000249
многоквартирного 3,506558 0,000223
многократный 2,525729 0,000161
многолучевая 3,912023 0,000249
многом 1,514128 0,000096
многопрофильная 3,912023 0,000249
многоуровневые 2,995732 0,000190
многофункциональная 3,912023 0,000249
многочисленного 3,912023 0,000249
многочисленной 3,218876 0,000205
многочисленные 1,139434 0,000145
многоэтажек 3,506558 0,000446
множестве 2,659260 0,000169
множество 0,597837 0,000038
мнтк 3,506558 0,000446
мобильная -0,009950 -0,000001
мобильной 2,525729 0,000321
могут -0,009950 -0,000001
могущества 3,506558 0,000223
мод 3,506558 0,000223
мода 3,506558 0,000223
модернизации 1,966113 0,000125
модернизацию 2,659260 0,000169
модернизм 3,912023 0,000249
модернизма 3,218876 0,000409
модулем 1,021651 0,000065
модуль 0,941609 0,000060
моисей 3,912023 0,000249
мокшеньолык 0,000000 0,000000
молодежи 1,469676 0,000280
молодых 1,660731 0,000106
моложе 2,207275 0,000140
молотов 3,506558 0,000223
момент 0,597837 0,000076
момента 1,469676 0,000093
монастырка 3,506558 0,000223
монастырь 1,139434 0,000145
монастыря 1,309333 0,000083
монгол 0,000000 0,000000
монет 2,040221 0,000130
монета 1,309333 0,000083
монетного 3,912023 0,000249
монетном 3,912023 0,000249
монеты 2,207275 0,000140
монетыгорода 2,995732 0,000190
монумент 1,560648 0,000099
монументалистом 3,912023 0,000249
монументальным 3,912023 0,000249
мончегорск 1,347074 0,000086
мордва 1,309333 0,000083
мордовский 3,912023 0,000249
мордовского 3,506558 0,000223
морозов 2,207275 0,000140
моря 0,579818 0,000074
москва 0,400478 0,000153
москваекатеринбург 3,912023 0,000249
москве 1,171183 0,000149
москвичи 3,506558 0,000223
москвой 1,237874 0,000157
москву 1,139434 0,000072
москвы 0,653926 0,000457
московский 0,891598 0,000113
московских 2,040221 0,000130
московского 0,867501 0,000055
московской 1,237874 0,000236
московскому 2,207275 0,000140
мостов 1,560648 0,000099
мостовка 3,912023 0,000249
мотив 3,506558 0,000669
мохноногий 3,912023 0,000249
мошкин 3,912023 0,000249
мощности 2,120264 0,000135
мощностью 1,966113 0,000125
мощный 2,207275 0,000281
мрск 3,506558 0,000223
мрт-диагностики 3,912023 0,000249
мск 0,843970 0,000054
мсп 3,506558 0,000669
мста-с 0,000000 0,000000
мтс 1,237874 0,000315
мудрости 2,813411 0,000179
мужская 2,302585 0,000146
мужской 1,560648 0,000496
мужскому 3,912023 0,000249
мужчин 1,609438 0,000205
музее 1,771957 0,000225
музеев 1,309333 0,000250
музеи 0,820981 0,000209
музей 0,776529 0,000888
музейными 3,218876 0,000205
музею 3,218876 0,000205
музыка 1,347074 0,000086
музыкальной 1,832581 0,000116
музыкальную 3,506558 0,000223
музыкальных 1,832581 0,000116
музыкантами 3,218876 0,000205
муках 3,912023 0,000249
мукомольная 3,912023 0,000249
мультимедийный 2,813411 0,000179
мультимиллионных 3,912023 0,000249
муниципальная 2,407946 0,000153
муниципального 0,891598 0,001360
муниципальное 1,139434 0,000579
муниципальной 1,966113 0,000125
муниципальные 1,309333 0,000333
муниципальный 1,386294 0,000088
муниципальным 0,776529 0,000740
муниципальными 1,660731 0,000106
муниципальных 0,776529 0,000395
муп 1,897120 0,000241
мупы 3,912023 0,000249
мурал 3,912023 0,000746
мурале 3,912023 0,000249
мусульмане 1,714798 0,000109
муфтият 3,506558 0,000446
мученичества 3,912023 0,000249
мфк 2,995732 0,000190
мхат 3,912023 0,000249
мырсин 3,912023 0,000249
мысль 1,897120 0,000121
мышей 2,995732 0,000190
мышовку 3,912023 0,000249
мэра 1,347074 0,000342
мэрии 1,966113 0,000125
мэром 1,714798 0,000109
мячом 1,771957 0,000225
набегов 2,120264 0,000135
набережная 1,139434 0,000072
набережной 1,272966 0,000243
набережную 2,407946 0,000153
наблюдается 1,021651 0,000195
навигации -0,009950 -0,000001
навигация -0,009950 -0,000001
награду 2,995732 0,000190
награды 0,867501 0,000055
награжденные 1,021651 0,000065
наделен 2,995732 0,000381
наделена 3,506558 0,000223
наделении 2,525729 0,000161
надзору 2,207275 0,000140
надпись 2,207275 0,000421
назад 1,108663 0,000211
назвавшего 3,912023 0,000249
назвал 1,660731 0,000106
назвала 3,506558 0,000223
назвали 1,609438 0,000307
название 0,198451 0,000038
названием 0,820981 0,000157
названия 0,342490 0,000087
названные 1,771957 0,000113
названы 1,386294 0,000088
наземными 3,912023 0,000249
называвшиеся 2,813411 0,000179
называемых 2,040221 0,000130
назывались 1,897120 0,000121
назывался 1,347074 0,000086
называют 0,916291 0,000058
наиболее 0,139262 0,000071
наибольшая 1,832581 0,000116
наибольшее 1,386294 0,000088
наилучшим 3,218876 0,000205
наименование 1,714798 0,000109
наименования 2,207275 0,000140
найдены 1,714798 0,000109
накануне 2,302585 0,000146
наконечники 3,506558 0,000223
наличие 1,108663 0,000282
наличии 2,040221 0,000130
налог 2,813411 0,000179
налога 3,506558 0,000223
налоговых 2,995732 0,000190
налогообложение 3,912023 0,000249
намерена 2,995732 0,000190
наместничества 1,660731 0,000317
наметилась 2,995732 0,000190
намечены 3,218876 0,000205
нами -0,009950 -0,000001
нанесенная 3,912023 0,000249
нанесли 3,218876 0,000409
нападающими 3,912023 0,000249
наперстянка 3,912023 0,000249
наполовину 3,506558 0,000223
напоминает 2,302585 0,000146
напоминающие 3,912023 0,000249
направлен 2,813411 0,000179
направление 1,203973 0,000077
направлением 2,120264 0,000270
направлений 1,108663 0,000141
направления 0,755023 0,000048
направлениях 1,832581 0,000116
направленности 2,207275 0,000281
направлены 2,659260 0,000169
направо 1,560648 0,000099
например 0,328504 0,000042
напряженная 3,506558 0,000223
наравне 2,813411 0,000179
наращивает 0,000000 0,000000
нарекли 3,912023 0,000249
народе 2,525729 0,000161
народная 0,713350 0,000045
народного 1,171183 0,000074
народное 0,798508 0,000152
народности 2,813411 0,000179
народных 1,203973 0,000153
народов 0,798508 0,000102
наряду 1,078810 0,000206
насаждений 1,660731 0,000106
насаждениями 2,525729 0,000161
насекомоядных 3,506558 0,000223
население 0,693147 0,000837
населением 0,776529 0,000099
населению 1,832581 0,000233
населения 0,494296 0,002073
населениягод 0,000000 0,000000
населенные 0,673345 0,000043
населенных 0,693147 0,000308
наследие 1,347074 0,000086
наследию 3,218876 0,000205
насосных 3,506558 0,000223
настольному 2,995732 0,000190
настоящее 0,328504 0,000292
настоящий 1,609438 0,000102
наступает 0,916291 0,000058
насчитывает 1,347074 0,000171
насчитывается 1,427116 0,000363
насчитывал 2,995732 0,000190
насчитывалось 1,347074 0,000086
наталия 2,302585 0,000146
наталья 1,660731 0,000317
натолкнулся 3,912023 0,000249
наук 0,693147 0,000396
наука 0,301105 0,000038
науки 0,820981 0,000261
науч 1,714798 0,000327
научились 3,912023 0,000249
научная 0,798508 0,000051
научно-исследовательские 2,040221 0,000259
научно-исследовательский 1,237874 0,000393
научно-исследовательских 1,714798 0,000327
научно-практической 2,207275 0,000281
научно-техническим 3,218876 0,000205
научное 0,891598 0,000057
научной 1,108663 0,000070
научные 1,049822 0,000067
научных 0,776529 0,000148
находилась 1,514128 0,000096
находилось 1,771957 0,000113
находился 0,776529 0,000148
находится 0,328504 0,000355
находка 1,171183 0,000074
находясь 2,302585 0,000146
находятся 0,527633 0,000168
нахождения 2,525729 0,000161
нации 3,506558 0,000223
национальной 1,272966 0,000081
национальности 0,867501 0,000055
национальную 2,040221 0,000130
национальный 0,597837 0,000152
начала 0,314711 0,000100
началась 0,967584 0,000123
начале 0,314711 0,000100
начали 0,891598 0,000057
начало 0,415515 0,000079
началось 0,616186 0,000235
начался 1,347074 0,000086
начальника 2,120264 0,000404
начато 1,469676 0,000187
начинается 0,755023 0,000096
начинался 2,813411 0,000179
начиная 0,733969 0,000047
начнут 2,525729 0,000161
наш 1,609438 0,000409
наша 2,302585 0,000146
нашей 1,386294 0,000176
наши 1,609438 0,000102
наших 1,469676 0,000093
ндфл 3,912023 0,000249
неавторитетном 2,525729 0,000161
неавторитетный 2,407946 0,001377
небесной 3,912023 0,000497
небольшие 1,832581 0,000116
небольшим 2,040221 0,000130
небольших 1,660731 0,000106
небольшой 1,427116 0,000091
небольшую 2,659260 0,000169
небоскреб 2,995732 0,000381
небоскребами 3,912023 0,000249
небоскребов 3,912023 0,000249
неверный 2,407946 0,000153
невского 1,427116 0,000091
невысоки 3,912023 0,000249
невысокие 2,813411 0,000179
невысоком 3,912023 0,000249
невьянск 3,912023 0,000497
невьянской 3,912023 0,000249
негативно 2,120264 0,000135
негосударственное 3,912023 0,000249
негосударственные 2,040221 0,000130
негосударственный 2,813411 0,000179
негосударственных 1,966113 0,000125
недавно 2,207275 0,000140
недалеко 1,469676 0,000280
недвижимости 2,525729 0,000321
недвижимость 2,525729 0,000482
недостатков 0,653926 0,000042
недоступная 0,527633 0,000268
недоступные 0,755023 0,000048
независимостью 3,912023 0,000249
незначительную 3,218876 0,000205
неизвестного 2,813411 0,000358
нейро-хирургический 3,912023 0,000249
некоммерческий 2,995732 0,000190
некоммерческой -0,009950 -0,000001
некоторые 0,301105 0,000057
некоторых 0,494296 0,000031
нем 0,356675 0,000091
немало 1,966113 0,000125
неметаллических 3,218876 0,000205
немногочисленные 3,506558 0,000223
немцы 1,203973 0,000077
неоклассицизму 3,912023 0,000249
неоконструктивизм 3,912023 0,000249
неоренессанса 3,506558 0,000223
неофициально 2,302585 0,000146
неофициальный 2,659260 0,000169
неподготовленная 3,912023 0,000249
непосредственно 0,478036 0,000091
непосредственной 1,966113 0,000125
неправильно 2,040221 0,000130
непрерывного 2,525729 0,000161
нерабочими 1,021651 0,000065
неравномерного 3,506558 0,000223
нередко 1,108663 0,000070
несанкционированной 3,912023 0,000249
несколько 0,150823 0,000086
нескучная 3,912023 0,000249
несмотря 0,755023 0,000048
несостоявшейся 3,912023 0,000249
несущим 3,912023 0,000249
неудачи 3,218876 0,000205
нефаз 2,407946 0,000153
неформальное 3,506558 0,000223
нехватка 3,218876 0,000205
неясыть 3,912023 0,000995
ниже 0,693147 0,000044
нижне-исетский 3,912023 0,000497
нижне-исетского 3,912023 0,000249
нижней 1,514128 0,000096
нижние 1,660731 0,000106
нижний 0,673345 0,000257
нижняя 1,203973 0,000153
низкие 2,040221 0,000130
низкогорья 3,912023 0,000249
низкую 2,995732 0,000190
нии 1,237874 0,000472
николаевич 1,309333 0,000166
николай 0,867501 0,000110
николая 0,916291 0,000175
нимб 3,912023 0,000497
нимейера 3,912023 0,000249
ниу 2,407946 0,000306
нквд 2,813411 0,000179
нлмк-сорт 3,912023 0,000249
нмиц 3,506558 0,000223
новая 0,634878 0,000121
новгород 0,867501 0,000165
ново-тихвинский 3,912023 0,000249
ново-тихвинского 3,912023 0,000249
нововозведенные 3,912023 0,000249
нового 0,579818 0,000221
новое 0,755023 0,000048
новой 0,653926 0,000083
новокузнецк 1,272966 0,000081
новомариинское 3,912023 0,000249
новомосковск 1,203973 0,000077
новообразованиях 3,912023 0,000249
новосибирск 0,916291 0,000175
новосибирском 2,813411 0,000179
новосибирскому 3,506558 0,000223
новости 0,579818 0,000184
новостроек 3,218876 0,000205
новостройки 3,218876 0,000205
новоуральск 3,912023 0,000497
новую 1,171183 0,000074
новые 0,342490 0,000152
новый 0,446287 0,000199
новым 1,049822 0,000067
новыми 1,560648 0,000099
новых 0,430783 0,000055
номер 0,820981 0,000052
номиналом 1,966113 0,000250
номинации 2,207275 0,000140
норвежская 0,248461 0,000016
норильск 1,203973 0,000077
норма 0,798508 0,000051
нормана 3,912023 0,000497
нормативных 2,813411 0,000179
нохчийн 0,000000 0,000000
ночницу 3,912023 0,000249
ночь 1,514128 0,000192
нояб 0,820981 0,000052
ноябре 0,994252 0,000126
ноября 0,127833 0,000853
нпо 2,207275 0,000140
нпц 2,813411 0,000179
нська 0,000000 0,000000
нужд 1,660731 0,000106
нулевой 2,813411 0,000358
нуля 2,040221 0,000130
нхл 3,506558 0,000223
ныне 0,653926 0,000332
нынешний 2,040221 0,000130
нынешнюю 3,506558 0,000223
ньскъ 0,000000 0,000000
нязепетровское 3,912023 0,000249
обедков 3,218876 0,000205
обезьян 3,506558 0,000223
обеспечение 1,237874 0,000079
обеспечения 0,867501 0,000110
обеспеченность 2,120264 0,000674
обеспечивает 1,108663 0,000070
обеспечивал 2,659260 0,000169
обзавелся 3,506558 0,000223
обзор 1,171183 0,000223
обитают 2,040221 0,000130
обкома 2,207275 0,000140
обладатель 1,832581 0,000582
областей 1,049822 0,000133
области 0,223144 0,000936
областная 1,309333 0,000583
областного 1,108663 0,000282
областное 2,302585 0,000146
областной 1,078810 0,000343
областные 1,771957 0,000225
областным 2,207275 0,000140
область 0,385662 0,000294
областью 2,302585 0,000146
облачные 2,995732 0,000190
облик 1,272966 0,000081
облика 2,659260 0,000169
обнаруженные 3,218876 0,000205
обнаруженных 2,813411 0,000179
обнаружены 1,771957 0,000113
обойдя 3,218876 0,000205
оборонные 2,995732 0,000190
обороны 1,309333 0,000083
оборот 1,309333 0,000166
обороте 3,218876 0,000205
оборотная 3,912023 0,000249
оборудованием 2,813411 0,000179
оборудования 1,049822 0,000133
обошли 3,506558 0,000223
обрабатывающих 2,302585 0,000146
обработка 2,120264 0,000135
образа 2,302585 0,000146
образовали 2,813411 0,000179
образовались 2,659260 0,000169
образование 0,494296 0,000346
образованием 1,966113 0,000125
образований 1,386294 0,000176
образования 0,478036 0,000972
образованиям 0,776529 0,000691
образованный 2,525729 0,000161
образовано 1,609438 0,000102
образовательное 2,302585 0,000878
образовательные 1,714798 0,000109
образовательных 1,427116 0,000272
образовывали 3,506558 0,000223
образом 0,371064 0,000118
образует 0,994252 0,000126
образуют 1,771957 0,000113
образуя 2,407946 0,000306
образцовых 3,912023 0,000249
обращаются 3,912023 0,000249
обращения 0,030459 0,000449
обретает 2,995732 0,000190
обрушение 3,506558 0,000223
обслужено 3,506558 0,000223
обслуживает 1,771957 0,000113
обслуживанием 3,218876 0,000205
обслуживания 1,469676 0,000467
обслуживают 2,659260 0,000169
обслужил 2,813411 0,000179
обстановка 1,966113 0,000125
обусловило 3,218876 0,000205
обусловленная 3,218876 0,000205
обусловлено 2,207275 0,000140
обустроенный 3,912023 0,000249
обухова 3,506558 0,000223
обучается 2,302585 0,000146
обучалось 2,525729 0,000321
обучения 1,660731 0,000106
обширный 2,659260 0,000338
обширным 3,506558 0,000223
общая 0,673345 0,000214
общего 0,713350 0,000272
общегородского 3,218876 0,000205
общегосударственные 3,506558 0,000223
общее 1,237874 0,000315
общей 0,597837 0,000228
общем 1,514128 0,000096
общему 2,525729 0,000161
общенет 3,912023 0,000249
общеобразовательных 1,203973 0,000153
общероссийская 3,506558 0,000223
общероссийский 3,506558 0,000223
общественная 2,040221 0,000130
общественник 3,912023 0,000249
общественного 0,916291 0,000524
общественные 1,609438 0,000102
общественный 0,941609 0,000180
общественными 2,813411 0,000179
общественных 1,021651 0,000065
обществу 2,995732 0,000190
общие 0,673345 0,000043
общий 0,916291 0,000175
общины 1,514128 0,000192
общностей 3,506558 0,000223
объединение 1,171183 0,000149
объединений 2,040221 0,000130
объединения 1,203973 0,000306
объединенный 2,302585 0,000293
объединены 1,832581 0,000116
объединила 3,218876 0,000205
объединяет 1,771957 0,000225
объединяющая 2,995732 0,000190
объединяющих 3,506558 0,000223
объекта 1,203973 0,000077
объектов 0,527633 0,000268
объекты 0,478036 0,000061
объем 0,616186 0,000157
объема 1,237874 0,000079
объемов 2,407946 0,000153
объему 1,771957 0,000563
объявил 1,714798 0,000109
объявления 2,525729 0,000161
объясняется 1,771957 0,000113
обыкновенная 2,525729 0,001124
обыкновенного 3,912023 0,000249
обыкновенную 3,912023 0,000995
обыкновенный 2,995732 0,000190
обязанностей 2,525729 0,000161
обязанности 1,427116 0,000091
овал 3,912023 0,000249
овсянка 3,912023 0,000249
огарева 3,912023 0,000249
оглы 3,912023 0,000249
огнем 2,813411 0,000358
огромное 1,966113 0,000125
огромный 2,207275 0,000281
огромными 3,506558 0,000446
одиннадцать 3,218876 0,000205
одна 0,527633 0,000101
однако 0,174353 0,000055
одним 0,494296 0,000283
одними 2,207275 0,000140
одно 0,693147 0,000308
одновременно 0,776529 0,000099
одного 0,544727 0,000069
одноименной 2,207275 0,000140
одной 0,371064 0,000024
одноклассники 2,525729 0,000161
одном 1,139434 0,000072
одномандатным 2,120264 0,000270
оздоровительные 3,218876 0,000409
озеленение 2,407946 0,000459
озеленением 3,506558 0,000223
озеленения 2,659260 0,000676
озер 1,609438 0,000205
озера 0,967584 0,000184
озере 2,207275 0,000140
озерная 3,506558 0,000223
озерную 3,912023 0,000249
озерный 2,995732 0,000190
озеро 1,049822 0,000067
оказав 3,912023 0,000249
оказал 2,659260 0,000338
оказалась 1,771957 0,000113
оказали 2,407946 0,000459
оказались 1,514128 0,000192
оказало 3,218876 0,000205
оказывается 2,813411 0,000179
оказывали 3,912023 0,000249
оказывают 1,660731 0,000317
окато 0,820981 0,000104
окном 3,218876 0,000409
около 0,000000 0,000000
окончательно 1,203973 0,000153
окраине 1,966113 0,000250
окрестностей 1,714798 0,000109
окрестности 1,560648 0,000099
окрестностях 1,469676 0,000280
округ 0,673345 0,000086
округа 0,653926 0,000582
округам 1,660731 0,000211
округах 2,813411 0,000179
округе 1,309333 0,000333
округов 0,776529 0,000494
округу 1,714798 0,000218
окружной 2,207275 0,000421
окт 0,798508 0,000051
октмо 0,843970 0,000054
октябре 0,967584 0,000061
октябрьский 1,078810 0,000206
октябрьской 1,078810 0,000206
октябрьском 2,525729 0,000161
октября 0,083382 0,000281
олег 1,427116 0,000091
олимп 2,407946 0,000306
олимпийская 3,218876 0,000205
олимпийских 1,897120 0,000362
олимпийского 1,714798 0,000109
ольгерд 3,506558 0,000223
ольховка 3,506558 0,000669
ольшванг 3,912023 0,000249
омск 1,021651 0,000130
омской 2,995732 0,000190
ондатру 3,912023 0,000249
онкология 3,506558 0,000223
онлайн 0,198451 0,000025
оно 0,000000 0,000000
оных 3,506558 0,000223
оон 1,560648 0,000099
оператор 1,609438 0,000102
оператора 1,966113 0,000125
операторов 1,347074 0,000086
операторы 1,514128 0,000192
оперного 3,218876 0,000205
оперный 2,407946 0,000306
оперы 1,660731 0,000317
описание -0,009950 -0,000002
опорный 2,407946 0,000153
опоясали 3,912023 0,000249
оппозиционный 3,912023 0,000249
оппозиция 3,912023 0,000249
определившие 3,912023 0,000249
определитель 3,506558 0,000223
определяется 1,609438 0,000205
определяющее 3,506558 0,000446
опрос 2,995732 0,000190
оптико-механическая 3,912023 0,000249
оптико-механического 3,912023 0,000249
оптического 2,407946 0,000153
оптово-розничная 3,912023 0,000249
оптовой 2,407946 0,000153
опубликовали 2,813411 0,000179
опубликование 2,525729 0,000161
опытно-конструкторских 3,912023 0,000249
органа 1,966113 0,000125
организаторами 3,218876 0,000205
организацией 1,966113 0,000125
организации -0,009950 -0,000004
организаций 0,776529 0,000247
организация 0,891598 0,000057
организациями 2,120264 0,000135
организованная 2,407946 0,000153
организованных 2,995732 0,000190
органов 0,994252 0,000379
органом 1,514128 0,000289
органы 0,891598 0,000283
орденом 1,021651 0,000065
ордерных 3,912023 0,000249
орджоникидзевский 2,813411 0,000358
орджоникидзевского 3,218876 0,000205
оригинала 0,162519 0,000403
орлов 2,995732 0,000190
орнат 3,912023 0,000249
орнитокомплексы 3,912023 0,000249
орнитологический 3,912023 0,000497
орск 1,272966 0,000081
ортопедии 3,218876 0,000205
ортса 0,000000 0,000000
оруджиева 3,912023 0,000249
орудий 2,525729 0,000161
орхидей 3,912023 0,000249
осадков 0,544727 0,000173
освоившие 3,912023 0,000249
осень 1,469676 0,000093
оси 2,525729 0,000161
осиновка 3,506558 0,000223
осиново-березово-сосновыми 3,912023 0,000249
осиново-березовыми 3,912023 0,000249
оскаленными 3,912023 0,000249
оскар 2,659260 0,000169
оснащенности 3,912023 0,000249
оснащенным 3,912023 0,000249
основан 0,579818 0,000037
основание 1,272966 0,000162
основания 0,713350 0,000272
основанные 0,776529 0,000099
основанными 2,525729 0,000321
основателям 2,995732 0,000190
основе 0,494296 0,000094
основинского 3,912023 0,000249
основная 0,116534 0,000170
основной 0,653926 0,000166
основном 0,510826 0,000032
основную 1,832581 0,000233
основные 0,223144 0,000085
основным 0,616186 0,000117
основными 1,203973 0,000077
основных 0,634878 0,000081
основой 1,237874 0,000157
особенности 0,994252 0,000316
особенностью 1,609438 0,000102
особо 1,237874 0,000393
осоково-сфагновых 3,912023 0,000249
оставшихся 2,659260 0,000169
остальные 0,891598 0,000057
останкинской 3,506558 0,000223
остановлено 2,659260 0,000169
остатки 1,469676 0,000093
осуществлен 2,659260 0,000169
осуществляемое 3,912023 0,000249
осуществляет 1,203973 0,000153
осуществляется 0,776529 0,000099
осуществлял 3,218876 0,000205
осуществляющими 3,506558 0,000223
отбор 3,218876 0,000205
отв 0,755023 0,000192
ответственности -0,009950 -0,000001
отгружено 2,813411 0,000179
отдают 3,912023 0,000249
отделение 1,139434 0,000217
отделений 2,659260 0,000169
отделения 1,021651 0,000325
отдельных -0,009950 -0,000002
отелей 2,407946 0,000153
отечественная 1,832581 0,000116
отечественной 0,673345 0,000471
отказ -0,009950 -0,000001
отказалась 2,813411 0,000179
открываются 2,659260 0,000169
открылась 1,309333 0,000166
открылся 0,941609 0,000120
открыт 0,798508 0,000102
открыта 0,967584 0,000123
открытие 0,941609 0,000180
открытию 2,995732 0,000190
открытым 1,309333 0,000083
откуда 0,000000 0,000000
отличается 0,579818 0,000147
отмене 2,659260 0,000169
отменена 3,912023 0,000249
отменившие 3,912023 0,000249
отметили 2,120264 0,000135
отметить 1,714798 0,000109
отметками 3,218876 0,000205
отметки 1,966113 0,000125
отмечается 1,309333 0,000166
отмечалось 2,407946 0,000153
отмечают 2,120264 0,000135
относительно 0,415515 0,000053
относится 0,733969 0,000093
относят 1,609438 0,000102
относятся 0,713350 0,000045
относящегося 3,506558 0,000223
отношениях 2,120264 0,000270
отражается 2,813411 0,000179
отразились 3,506558 0,000223
отраслевой 2,525729 0,000161
отраслей 1,771957 0,000338
отрасли 1,078810 0,000137
отрасль 1,897120 0,000121
отраслям 2,659260 0,000169
отраслями 2,525729 0,000161
отредактирована -0,009950 -0,000001
отреставрированные 3,912023 0,000249
отрывом 3,506558 0,000223
отряд 2,120264 0,000135
отряда 2,659260 0,000338
отрядами 3,218876 0,000205
отстали 3,912023 0,000249
отстают 3,506558 0,000223
отсутствия 1,714798 0,000109
оттепелей 3,912023 0,000249
офисное 2,995732 0,000190
офисы 2,995732 0,000190
офицеров 1,771957 0,000225
официальное 1,771957 0,000113
официальной 1,469676 0,000093
официальные 1,469676 0,000187
официальный 0,510826 0,000584
официальным 1,272966 0,000081
оформлении 2,813411 0,000179
оформленными 2,302585 0,000146
офортов 3,912023 0,000249
оха 1,347074 0,000086
охватившего 3,912023 0,000249
охвату 3,912023 0,000497
охране 1,609438 0,000102
охраны 1,427116 0,000272
охраняемые 2,302585 0,000732
охраняют 3,506558 0,000223
оценила 3,506558 0,000223
оценка 0,693147 0,000088
оценки 1,609438 0,000307
очевидцев 3,506558 0,000223
очень 0,494296 0,000031
очередного 2,995732 0,000190
очередь 0,527633 0,000067
очертания 2,813411 0,000179
очистных 2,525729 0,000161
очной 3,912023 0,000249
ошибка 1,832581 0,000116
ошибками 2,207275 0,000140
ошибкекак -0,009950 -0,000001
ошуркова 3,912023 0,000249
павильон 3,218876 0,000205
павильонного 3,912023 0,000249
павильоны 2,813411 0,000179
павла 1,714798 0,000109
павлинов 1,771957 0,000113
падающие 3,912023 0,000249
падучев 3,912023 0,000249
палата 1,660731 0,000528
палатках 3,912023 0,000249
палатки 3,506558 0,000669
палаток 3,506558 0,000223
палаты 2,302585 0,000439
палкино 3,506558 0,000669
палкинские 3,912023 0,000249
палкинский 3,912023 0,000249
пальмовую 3,912023 0,000249
памяти 1,078810 0,000206
памятник 0,693147 0,000352
памятника 1,078810 0,000069
памятники 0,733969 0,000093
памятников 0,820981 0,000157
памятником 1,714798 0,000109
памятные 1,832581 0,000233
памятных 1,714798 0,000109
памятью 2,813411 0,000179
панорама 1,386294 0,000088
панорамно 3,912023 0,000249
пансионат 3,912023 0,000249
параллельно 1,237874 0,000157
парижской 2,659260 0,000169
парикмахерские 3,506558 0,000223
парк 0,693147 0,000176
парк-музей 2,995732 0,000190
парка 1,021651 0,000390
парке 1,171183 0,000074
паркер 3,912023 0,000249
паркингов 3,912023 0,000249
парков 1,514128 0,000096
парковками 2,995732 0,000190
парковки 2,407946 0,000306
парковок 2,525729 0,000803
парковочными 3,912023 0,000249
парковочных 3,218876 0,000614
парковый 2,525729 0,000321
парковых 3,218876 0,000409
парком 2,302585 0,000146
партией 3,912023 0,000249
партии 1,966113 0,000875
партия 2,407946 0,000153
партнерства 2,659260 0,000169
партсъезда 3,506558 0,000223
пасека 3,912023 0,000249
пасс 3,912023 0,000249
пассажа 2,995732 0,000190
пассажиров 1,309333 0,000499
пассажиропоток 1,966113 0,000125
пассажиропотока 3,506558 0,000223
патрушиха 3,912023 0,000995
патрушихи 3,912023 0,000249
пгт 2,302585 0,000146
пед 3,506558 0,000223
педагогические 3,506558 0,000223
педагогический 1,078810 0,000069
пейзажным 3,912023 0,000249
пекине 3,506558 0,000223
пенза 1,108663 0,000070
пеночка 3,912023 0,000249
пенсионеров 2,407946 0,000306
первая 0,430783 0,000082
первенство 2,302585 0,000146
первого 0,733969 0,000140
первое 0,544727 0,000035
первой 0,462035 0,000088
первоначальное 2,525729 0,000161
первоуральск 3,912023 0,000497
первую 0,867501 0,000055
первые 0,494296 0,000094
первый 0,385662 0,000294
первым 0,597837 0,000076
первых 0,653926 0,000083
перевалы 3,912023 0,000249
перевезенных 2,995732 0,000381
перевезено 2,659260 0,000338
перевезли 3,218876 0,000409
перевозками 2,813411 0,000358
перевозок 1,469676 0,000093
перевозчики 3,218876 0,000205
переворот 2,813411 0,000179
переговоры 2,813411 0,000179
переданы 2,302585 0,000146
переживал 3,218876 0,000205
переименовали 2,302585 0,000146
переименование 2,525729 0,000161
переименовании 1,897120 0,000121
перейти -0,009950 -0,000001
перекачки 3,912023 0,000249
перекрестка 3,218876 0,000205
переливания 2,525729 0,000161
перем 0,000000 0,000000
перенаправляется 1,771957 0,000113
перенести 2,207275 0,000140
перенесут 3,506558 0,000223
перенос 2,659260 0,000169
переносной 3,912023 0,000249
переносом 2,995732 0,000190
переоборудован 3,506558 0,000223
переориентации 3,912023 0,000249
перепелятник 3,506558 0,000223
переписи 0,755023 0,000144
перепись 0,820981 0,000470
переписью 3,218876 0,000409
перерывами 3,218876 0,000205
перестраивается 3,218876 0,000205
перестраивались 3,218876 0,000205
перестройка 2,659260 0,000169
пересчете 2,995732 0,000190
переулке 2,995732 0,000190
перехватывающих 3,506558 0,000223
переход 1,427116 0,000181
переходных 3,218876 0,000205
переходов 2,659260 0,000169
перечня 2,120264 0,000135
перешли 1,771957 0,000113
период 0,342490 0,000174
периода 0,967584 0,000246
периодически 1,897120 0,000241
периодической 2,813411 0,000179
периодов 2,040221 0,000130
пермская 3,506558 0,000223
пермских 3,218876 0,000205
пермского 2,995732 0,000952
пермской 2,659260 0,000676
пермь 0,994252 0,000379
пермью 2,813411 0,000179
перпендикулярно 2,813411 0,000179
персонала 2,525729 0,000161
персональные -0,009950 -0,000001
перспектив 3,218876 0,000205
перспектива 2,995732 0,000190
перспективы 1,347074 0,000086
песчаное 3,912023 0,000249
петербург 1,897120 0,000241
петербургскому 3,912023 0,000249
петр 1,108663 0,000070
петра 1,078810 0,000206
петровских 2,813411 0,000179
петрограде 2,813411 0,000179
печати -0,009950 -0,000003
печатные 1,514128 0,000096
печатный 2,813411 0,000179
печатных 1,609438 0,000102
печать -0,009950 -0,000001
печь 3,218876 0,000409
пешеходный 2,525729 0,000161
пешеходных 2,302585 0,000146
пзс 3,912023 0,000249
пиксели 3,912023 0,000249
писаница 3,912023 0,000249
писателей 1,714798 0,000218
пистр 3,912023 0,000249
письменному 3,506558 0,000223
питания 1,272966 0,000324
питер 1,966113 0,000250
питьевая 2,995732 0,000190
пихтово-еловые 3,506558 0,000223
пищевая 1,560648 0,000198
пищевое 3,506558 0,000223
пищуха 3,506558 0,000223
плавательных 3,218876 0,000205
плавильная 3,506558 0,000446
плавку 3,912023 0,000249
план 0,755023 0,000096
плана 1,272966 0,000081
планами 2,407946 0,000153
планеты 2,040221 0,000130
планировалось 1,832581 0,000116
планировка 1,771957 0,000563
планировки 2,040221 0,000130
планировку 2,302585 0,000293
планировочную 3,912023 0,000249
планируемых 2,813411 0,000179
плановый 3,506558 0,000223
плану 1,386294 0,000088
планы 1,347074 0,000086
пластмассовых 2,995732 0,000190
плата 1,832581 0,000116
плате 3,506558 0,000223
платной 2,813411 0,000358
платных 2,302585 0,000878
платформа 1,714798 0,000327
платформе 2,302585 0,000146
платы 2,659260 0,000338
плеханова 2,302585 0,000146
плодотворно 3,912023 0,000249
плотин 3,218876 0,000409
плотина 2,407946 0,000153
плотине 2,407946 0,000306
плотинкой 3,912023 0,000249
плотину 2,813411 0,000179
плотины 2,207275 0,000421
плотно 2,813411 0,000358
плотность 0,693147 0,000044
площадей 1,897120 0,000121
площади 0,510826 0,000584
площадка 1,514128 0,000192
площадок 1,714798 0,000218
площадь 0,478036 0,000304
площадью 0,994252 0,000253
площадями 2,813411 0,000715
площадях 2,407946 0,000306
пльзень 3,912023 0,000249
победе 2,813411 0,000179
победили 3,506558 0,000223
победитель 2,207275 0,000140
победу 1,897120 0,000121
победы 0,916291 0,000058
поблизости 3,218876 0,000205
побратим 3,218876 0,000205
побратима 3,218876 0,000205
побратимов 3,506558 0,000223
побратимом 2,525729 0,000161
побратимские 2,302585 0,000146
побратимских 2,120264 0,000404
побратимы 2,407946 0,000153
поведения -0,009950 -0,000001
поверхность 2,120264 0,000270
повлияло 2,995732 0,000381
поволжья 1,714798 0,000327
поворот 3,218876 0,000205
повышения 2,207275 0,000281
погибли 1,832581 0,000116
погодных 2,659260 0,000338
погорельский 3,912023 0,000249
погребения 2,995732 0,000190
подакцизные 3,912023 0,000249
подаренных 3,912023 0,000249
подарком 3,506558 0,000223
подачи 2,659260 0,000169
подвижной 2,659260 0,000169
подготовка 1,771957 0,000113
подготовке 2,207275 0,000140
подготовки 1,309333 0,000166
подготовку 1,897120 0,000121
подготовлено 3,218876 0,000205
поддержал 2,995732 0,000190
поделен 3,912023 0,000249
подземные 2,659260 0,000169
подзоной 3,506558 0,000223
подконтрольна 3,912023 0,000249
подобно 2,407946 0,000153
подобный 2,207275 0,000140
подольск 1,272966 0,000081
подотчетна 3,912023 0,000497
подписали 2,302585 0,000293
подписанным 3,912023 0,000249
подпроекты 3,912023 0,000249
подразделения 2,302585 0,000146
подробнее -0,009950 -0,000001
подрыва 3,912023 0,000249
подходах 2,659260 0,000169
подчинялся 2,659260 0,000169
поезда 1,272966 0,000081
поездов 1,609438 0,000102
поездок 2,813411 0,000179
пожаловала 3,912023 0,000249
пожаров 2,302585 0,000146
позволило 1,514128 0,000096
позволяет 0,755023 0,000048
позднякова 3,506558 0,000223
позже 0,733969 0,000093
позиции 1,832581 0,000116
позиционируется 3,218876 0,000205
позицию 2,302585 0,000293
поиск -0,009950 -0,000001
поиску -0,009950 -0,000001
пойменные 2,995732 0,000190
пойменными 3,218876 0,000205
поймы 2,659260 0,000169
показали 2,040221 0,000130
показателей 1,203973 0,000306
показатели 0,994252 0,000063
показатель 0,713350 0,000181
показателю 1,897120 0,000723
показателям 2,302585 0,000146
поклониться 3,912023 0,000249
поколение 2,407946 0,000153
покров 1,469676 0,000187
покровительница 3,912023 0,000497
покровительницей 3,506558 0,000446
покровительницы 3,506558 0,000223
покровского 2,407946 0,000153
покрывать 3,912023 0,000249
покрытием 2,040221 0,000130
покупаю 3,506558 0,000223
полдень 0,916291 0,000058
полеводство 3,912023 0,000249
полевок 3,912023 0,000249
полевской 3,912023 0,000497
полета 2,525729 0,000161
ползучая 3,912023 0,000249
полиграфическая 2,659260 0,000169
полиграфия 3,218876 0,000205
поликлиника 2,302585 0,000146
поликлинику 3,912023 0,000249
полина 2,995732 0,000190
полисы 3,912023 0,000249
политик 3,218876 0,000205
политика -0,009950 -0,000003
политики 1,237874 0,000079
политику 2,302585 0,000146
политическая 0,843970 0,000161
политических 1,660731 0,000211
политпросвещения 3,506558 0,000223
полного 1,660731 0,000106
полномочий 1,609438 0,000102
полномочия 1,660731 0,000317
полномочиями 2,813411 0,000536
полномочного 2,995732 0,000762
полностью 0,400478 0,000051
полную 2,207275 0,000140
полных 2,525729 0,000161
половина 1,171183 0,000074
половине 0,634878 0,000121
половины 0,994252 0,000126
положение 0,510826 0,000227
положения 1,309333 0,000083
положительного 3,506558 0,000223
пололепестник 3,912023 0,000249
полоса 1,771957 0,000113
полосами 2,659260 0,000169
полосы 1,469676 0,000093
полотнища 2,525729 0,000161
полотнище 1,609438 0,000102
полпредства 3,912023 0,000249
полу 0,916291 0,000233
полуторамиллионного 3,912023 0,000249
полуфиналист 3,912023 0,000249
получает 1,660731 0,000106
получалось 3,912023 0,000249
получивший 2,120264 0,000135
получил 0,713350 0,000317
получила 0,653926 0,000083
получили 0,967584 0,000184
получило 1,832581 0,000116
пользование 3,912023 0,000249
пользования 1,660731 0,000633
поляки 1,469676 0,000093
поляков 0,916291 0,000116
помещено 2,995732 0,000190
помимо 0,562119 0,000107
помощи 0,843970 0,000268
понижения 2,995732 0,000190
понижениями 3,218876 0,000205
поныне 2,813411 0,000179
попал 1,897120 0,000362
попала 3,506558 0,000223
попали 2,995732 0,000381
попову 3,218876 0,000205
популярной 2,659260 0,000169
популярности 2,207275 0,000140
популярные 2,407946 0,000153
популярных 1,832581 0,000116
порог 2,813411 0,000179
породненные 3,506558 0,000446
портал 0,342490 0,000261
портала 2,995732 0,000190
порталвикипедия 2,120264 0,000135
портрет 2,813411 0,000179
порядке 1,309333 0,000083
порядковые 1,714798 0,000109
поселение 1,309333 0,000083
поселений 0,798508 0,000558
поселения 0,941609 0,000239
поселениям 0,967584 0,000061
поселенцами 3,506558 0,000223
поселенцев 2,995732 0,000190
поселкам 0,891598 0,000057
поселке 1,609438 0,000205
поселки 1,347074 0,000086
поселков 1,469676 0,000093
посетивших 3,912023 0,000249
посещаемых 2,995732 0,000190
поскольку 0,941609 0,000060
послевоенные 1,832581 0,000116
последнего 1,609438 0,000511
последнее 1,347074 0,000171
последние 0,755023 0,000432
последний -0,009950 -0,000001
последняя 0,342490 0,000022
последующие 1,660731 0,000106
последующими 2,995732 0,000190
послужило 2,302585 0,000293
посмотрело 3,912023 0,000249
поспелов 1,021651 0,000065
пост 1,514128 0,000096
поставил 2,659260 0,000169
поставке 3,912023 0,000249
поставщики 3,218876 0,000205
поставщиком 2,525729 0,000161
постановление 1,139434 0,000652
постановлением 1,469676 0,000093
постиндустриальных 3,912023 0,000249
постмодернизм 3,506558 0,000223
постоянно 1,108663 0,000070
постоянного 0,693147 0,000308
постоянное 2,120264 0,000135
постоянным 2,302585 0,000146
построек 2,120264 0,000270
построен 0,798508 0,000254
построена 0,916291 0,000233
построенная 1,897120 0,000482
построенные 2,302585 0,000146
построенный 1,237874 0,000393
построенных 1,771957 0,000113
построено 0,867501 0,000165
построены 1,021651 0,000130
построить 1,427116 0,000091
постройки 1,139434 0,000145
постсоветское 2,407946 0,000153
поступающим 3,912023 0,000249
поступления 2,120264 0,000135
потенциал 1,347074 0,000171
потенциалом 2,659260 0,000169
поток 1,660731 0,000211
потоке 3,912023 0,000249
потрачено 2,813411 0,000179
потребителей 2,207275 0,000140
потребители 3,506558 0,000223
потребительский 2,813411 0,000179
потребительском 2,995732 0,000190
потребителям 2,995732 0,000190
потребления 2,302585 0,000146
потребности 2,302585 0,000146
потрясений 2,813411 0,000179
почему 0,000000 0,000000
почетное 1,560648 0,000099
почетные 1,108663 0,000070
почтовая 1,078810 0,000069
почтовые 1,469676 0,000093
почтовый 1,108663 0,000070
поэтапная 3,506558 0,000223
поэтому 0,616186 0,000039
появилась 0,820981 0,000104
появились 0,579818 0,000184
появилось 1,171183 0,000223
появился 0,693147 0,000220
пояс 0,693147 0,000396
пояса 1,560648 0,000099
права 0,755023 0,000144
правило 0,891598 0,000057
правительства 0,693147 0,000308
правительстве 1,966113 0,000125
правительство 0,843970 0,000161
править -0,009950 -0,000071
правка 0,328504 0,000021
правкиновые -0,009950 -0,000001
правкипостоянная -0,009950 -0,000001
правления 1,966113 0,000125
правобережью 3,912023 0,000249
правовой 1,469676 0,000374
правовых 2,525729 0,000161
правого 1,560648 0,000099
православие 1,560648 0,000099
православная 1,272966 0,000081
православной 1,203973 0,000077
православные 1,347074 0,000086
православный 2,120264 0,000404
православных 1,427116 0,000091
правосудия 2,407946 0,000459
правый 1,386294 0,000088
практ 3,506558 0,000223
практика 2,207275 0,000140
практически 0,755023 0,000144
пребыванием 3,912023 0,000249
превалирующее 3,912023 0,000249
превосходил 3,506558 0,000223
превосходит 2,813411 0,000179
превратился 2,407946 0,000306
превратить 2,659260 0,000169
превысило 1,966113 0,000125
превышают 2,207275 0,000140
превышение 2,040221 0,000259
преграждают 3,506558 0,000223
предгорий 3,218876 0,000205
предгорной 3,912023 0,000249
предгорья 3,506558 0,000223
пределах 0,510826 0,000065
пределы 1,966113 0,000125
предзаводские 3,912023 0,000249
предметному 3,912023 0,000497
предметы 1,832581 0,000116
предназначена 2,813411 0,000179
предопределила 3,506558 0,000223
предполагает 1,832581 0,000116
предполагал 2,813411 0,000179
предпринимателей 2,040221 0,000130
предприятие 1,237874 0,000157
предприятий 0,713350 0,000635
предприятия 0,713350 0,000181
предприятиях 1,832581 0,000116
председатель 1,347074 0,000171
председателя 1,514128 0,000096
представились -0,009950 -0,000001
представителей 1,469676 0,000093
представители 1,272966 0,000081
представительным 2,207275 0,000140
представительскими 3,506558 0,000223
представительств 2,040221 0,000259
представительства 1,386294 0,000088
представительство 1,514128 0,000096
представителя 2,407946 0,000612
представлен 0,891598 0,000227
представлена 1,171183 0,000149
представленных 2,659260 0,000169
представлено 1,560648 0,000099
представлены 0,867501 0,000165
представляет 0,446287 0,000170
представлял 2,302585 0,000146
представляют 1,237874 0,000157
представляющим 3,912023 0,000249
представляющих 2,659260 0,000169
предтечи 2,120264 0,000135
предыдущим 2,302585 0,000293
прежние 1,171183 0,000074
президент 1,386294 0,000176
президента 0,916291 0,000641
президентав 3,912023 0,000249
президенте 1,832581 0,000116
президиум 2,407946 0,000306
президиума 1,272966 0,000162
преимущественно 0,776529 0,000049
премией 3,218876 0,000205
премии 1,714798 0,000545
премьер-зал 3,912023 0,000249
преобладанию 3,506558 0,000223
преображения 2,407946 0,000153
преодолела 3,912023 0,000249
преоображенный 3,912023 0,000249
преподавателей 2,659260 0,000169
пресмыкающихся 3,218876 0,000205
преступность 1,897120 0,000121
преступные 3,218876 0,000205
претендентов 3,506558 0,000223
претендовал 3,912023 0,000249
приборостроение 2,995732 0,000190
прибывших 2,995732 0,000190
прибыло 2,659260 0,000169
привела 1,771957 0,000113
привели 1,560648 0,000099
привело 1,108663 0,000070
привлекали 3,912023 0,000249
привлекательности 2,040221 0,000130
привлекать 2,995732 0,000190
приводят 2,525729 0,000161
приволжского 1,832581 0,000116
пригодна 3,506558 0,000223
призер 1,771957 0,000225
признается 2,659260 0,000169
признаком 3,506558 0,000223
признало 3,218876 0,000409
признании 3,912023 0,000249
признания 0,916291 0,000058
признанные 2,995732 0,000190
признанных 0,967584 0,000061
приказ 1,714798 0,000218
приказа 2,525729 0,000161
приказом 1,966113 0,000250
прикаспия 3,506558 0,000223
прилегающие 2,040221 0,000130
прим 2,407946 0,000153
применяемого 0,843970 0,000054
применяемым 0,941609 0,000060
пример 1,171183 0,000074
примерами 1,966113 0,000125
примере 1,771957 0,000225
примерно 0,634878 0,000040
примечания -0,009950 -0,000001
примечанияхвикипедия 2,407946 0,000153
примечательные 3,912023 0,000249
примыкающих 3,912023 0,000249
принадлежавшей 3,506558 0,000223
принадлежит 1,203973 0,000153
принимает 1,469676 0,000093
принимаются 2,659260 0,000169
приносят 2,813411 0,000179
принцип 1,832581 0,000116
принципам 2,659260 0,000169
принципов 2,302585 0,000146
принципы 1,771957 0,000113
принял 1,272966 0,000243
принят 1,427116 0,000091
принята 1,714798 0,000109
принятия 2,120264 0,000135
принято 0,713350 0,000045
приоритетным 3,506558 0,000223
приоритеты 2,525729 0,000161
природные 1,108663 0,000423
прирост 1,427116 0,000181
присвоено 1,078810 0,000069
присоединение 2,407946 0,000153
присутствии 2,207275 0,000140
приток 1,427116 0,000363
притока 2,120264 0,000135
притокам 2,995732 0,000190
притоков 2,407946 0,000153
приходились 3,912023 0,000249
приходит 1,897120 0,000121
приходится 0,776529 0,000247
прихожан 2,813411 0,000179
пришелся 2,813411 0,000179
пришло 2,207275 0,000140
проблем 0,798508 0,000051
проблемы 0,544727 0,000415
пробный 2,813411 0,000179
пробужденный 3,912023 0,000249
провайдеров 2,813411 0,000179
проведение 1,660731 0,000211
проведению 2,040221 0,000130
проведения 0,843970 0,000215
проведет 3,912023 0,000249
проверенная 1,049822 0,000067
проверено 3,506558 0,000669
провинции 1,660731 0,000317
провинция 2,120264 0,000135
проводится 1,108663 0,000070
проводная 3,218876 0,000205
проводятся 1,203973 0,000306
проводящихся 3,506558 0,000446
прогноз 1,897120 0,000121
программе 1,771957 0,000113
программного 1,660731 0,000106
программу 1,609438 0,000102
программы 0,713350 0,000045
продвигает 3,912023 0,000249
продвинуться 3,506558 0,000223
проделана 3,912023 0,000249
продолжается 1,560648 0,000099
продукт 1,660731 0,000317
продуктов 1,237874 0,000079
продуманной 3,912023 0,000249
проезда 1,560648 0,000099
проезжих 3,912023 0,000249
проект 0,400478 0,000178
проекта 0,616186 0,000078
проектам 2,040221 0,000259
проектах -0,009950 -0,000001
проектахзначения 1,237874 0,000079
проекте 2,407946 0,000153
проектный 2,813411 0,000358
проектов 1,469676 0,000093
проектом 2,040221 0,000130
проекту 1,049822 0,000200
проекты 1,108663 0,000070
проецируется 3,912023 0,000497
проживает 1,771957 0,000225
проживания 1,832581 0,000116
произведены 2,659260 0,000169
производителей 1,897120 0,000121
производительности 2,207275 0,000140
производств 1,832581 0,000116
производства 0,616186 0,000235
производственной 2,302585 0,000293
производство 0,941609 0,000598
производству 1,427116 0,000181
производящих 3,218876 0,000205
произошел 1,171183 0,000223
произошло 0,733969 0,000140
произрастают 2,207275 0,000140
произрастающих 3,912023 0,000249
происходил 2,407946 0,000153
прокладывались 3,218876 0,000205
прокладывать 3,506558 0,000223
прокопьевск 1,272966 0,000081
проложена 2,207275 0,000140
проложили 2,813411 0,000179
промыслаобластные 3,506558 0,000223
промышленника 3,912023 0,000249
промышленников 2,813411 0,000179
промышленно-селитебные 3,912023 0,000249
промышленного 1,171183 0,000074
промышленной 1,309333 0,000083
промышленном 2,207275 0,000140
промышленности 0,579818 0,000332
промышленность 0,693147 0,000352
промышленную 2,813411 0,000179
промышленные 1,171183 0,000149
промышленный 1,203973 0,000306
промышленным 1,660731 0,000317
промышленных 0,916291 0,000349
проникать 3,506558 0,000223
пропускной 2,659260 0,000338
пропускные 3,912023 0,000249
просвещение 2,302585 0,000146
просиявших 3,218876 0,000205
просмотры -0,009950 -0,000001
проспект 1,021651 0,000065
проспекта 1,347074 0,000171
проспекте 1,427116 0,000091
проспекту 2,040221 0,000130
пространства 1,049822 0,000133
пространственно-планировочной 3,912023 0,000249
пространственного 3,218876 0,000205
просуществовавшее 3,506558 0,000223
протекает 1,609438 0,000205
протеста 2,659260 0,000169
протестантские 2,525729 0,000161
протестантский 3,912023 0,000249
протестанты 2,407946 0,000153
протестный 3,912023 0,000249
протесты 2,659260 0,000338
противодействие 2,813411 0,000179
протяжении 0,867501 0,000055
протяженность 0,941609 0,000180
проф 1,771957 0,000113
профессионально-педагогический 2,995732 0,000190
профессионального 1,427116 0,000181
профессиональное 2,040221 0,000259
профессиональную 3,218876 0,000205
профессиональные 1,832581 0,000116
профессиональных 1,771957 0,000113
профилактика 3,506558 0,000446
профилактики 2,995732 0,000381
проходила 1,966113 0,000125
проходили 1,427116 0,000091
проходит 0,693147 0,000176
проходят 0,941609 0,000120
прохоров 1,078810 0,000069
процедура 2,525729 0,000321
процедурой 3,218876 0,000205
процент 2,302585 0,000146
процесс 1,108663 0,000141
процессы 1,514128 0,000096
прочее 0,653926 0,000083
прочие 1,203973 0,000383
прочих 1,560648 0,000099
прошедшие 2,302585 0,000146
прошедших 2,813411 0,000179
прошел 0,994252 0,000126
прошла 1,560648 0,000099
прошли 1,309333 0,000250
прошлое 1,771957 0,000113
проявилась 3,506558 0,000223
прояснить 3,218876 0,000205
пруд 2,120264 0,000943
пруда 2,995732 0,001142
прудов 2,207275 0,000140
прудовую 3,912023 0,000249
прудом 3,912023 0,000249
пруды 2,525729 0,000161
прямолинейным 3,912023 0,000249
прямом 3,506558 0,000223
прямыми 3,218876 0,000205
прямых 2,407946 0,000306
псзри 3,506558 0,000223
психиатрическая 2,525729 0,000161
псовых 3,912023 0,000249
птиц 1,469676 0,000374
публикаций 2,407946 0,000153
публичная 1,966113 0,000125
пузырник 3,912023 0,000249
пунктов 0,653926 0,000291
пункты 0,616186 0,000235
пуск 2,995732 0,000190
пустынной 3,912023 0,000249
пустынь 2,407946 0,000153
путеводитель 0,713350 0,000091
путей 0,916291 0,000116
путем 0,941609 0,000239
путепровода 3,218876 0,000205
путин 1,714798 0,000109
путина 2,302585 0,000146
путь 0,820981 0,000052
путякова 3,912023 0,000249
пушкина 1,139434 0,000072
пушкину 1,897120 0,000121
пшеничной 3,912023 0,000249
пыталось 3,912023 0,000249
пышма 1,309333 0,000499
пышме 3,912023 0,000249
пышминцева 3,912023 0,000249
пышмой 3,912023 0,000249
пышмы 3,912023 0,000249
пятерку 2,302585 0,000293
пятидесяти 2,525729 0,000161
пятидесятники 2,995732 0,000190
пятилетки 2,525729 0,000161
пятилеток 2,659260 0,000169
пятое 2,207275 0,000140
пятью 2,407946 0,000306
раасн 3,912023 0,000497
работ 0,941609 0,000120
работа 0,891598 0,000113
работавший 2,813411 0,000179
работает 0,755023 0,000192
работали 1,469676 0,000280
работают 0,673345 0,000171
работе 1,237874 0,000079
работникам 2,995732 0,000190
работники 2,407946 0,000153
работников 1,469676 0,000187
работу 0,693147 0,000088
работы 0,314711 0,000080
рабочей 2,407946 0,000153
рабочие 1,832581 0,000116
рабочий 1,427116 0,000181
равен 2,120264 0,000270
равнение 3,912023 0,000249
равнин 2,995732 0,000190
равниной 3,506558 0,000223
равнины 1,309333 0,000083
равняется 2,995732 0,000190
равнялся 3,218876 0,000205
радиовещание 1,771957 0,000113
радиомачта 3,912023 0,000249
радиорелейная 3,218876 0,000205
развернулось 2,813411 0,000358
развивался 2,040221 0,000130
развиваться 1,469676 0,000093
развиваются 1,832581 0,000233
развивающихся 2,407946 0,000153
развита 1,897120 0,000121
развитие 0,314711 0,000220
развитием 1,171183 0,000074
развитии 1,078810 0,000069
развитию 0,843970 0,000054
развития 0,287682 0,000695
развито 2,407946 0,000153
развитую 2,813411 0,000179
развиты 1,714798 0,000109
развитые 2,525729 0,000161
развитых 2,302585 0,000293
развязки 2,120264 0,000135
развязок 2,302585 0,000146
разделен 1,171183 0,000074
разделение 1,660731 0,000106
разделением 2,995732 0,000190
разделилось 3,912023 0,000249
разделявшую 3,912023 0,000249
различной 2,040221 0,000130
различные 0,693147 0,000132
различных 0,385662 0,000074
размера 2,040221 0,000130
размеров 2,207275 0,000140
разместить 2,813411 0,000179
размещался 2,659260 0,000169
размещена 2,525729 0,000161
размещения 0,843970 0,000161
разные 1,139434 0,000072
разными 2,120264 0,000135
разных 0,510826 0,000065
разработал 2,525729 0,000161
разработанный 1,966113 0,000125
разработок 2,407946 0,000153
разработчики -0,009950 -0,000001
разрушение 2,525729 0,000161
разрушенные 3,912023 0,000249
разрушено 2,525729 0,000161
разрушены 2,207275 0,000140
разряд 3,218876 0,000205
район 0,597837 0,000114
района 0,673345 0,000128
районам 0,820981 0,000209
районами 1,347074 0,000086
районах 0,941609 0,000060
районе 0,527633 0,000235
районированию 3,218876 0,000205
районов 0,562119 0,000464
районы 0,653926 0,000249
райцентров 0,941609 0,000060
ракет 2,995732 0,000190
ракетный 3,218876 0,000205
рамках 0,544727 0,000173
ран 0,776529 0,000247
ранее 0,430783 0,000137
раньше 1,171183 0,000074
располагает 1,609438 0,000307
располагается 0,994252 0,000253
располагаются 1,108663 0,000070
располагающийся 3,506558 0,000223
расположен 0,733969 0,000513
расположение 1,139434 0,000072
расположением 2,407946 0,000306
расположения 1,832581 0,000116
расположенная 1,609438 0,000102
расположенного 1,832581 0,000116
расположенный 1,203973 0,000077
расположено 0,916291 0,000233
расположены 0,673345 0,000342
расположились 2,995732 0,000190
распорядительных 3,912023 0,000249
распоряжение 1,609438 0,000102
распоряжению 2,207275 0,000140
распределение 1,560648 0,000099
распределении 2,813411 0,000179
распределены 1,771957 0,000113
распределяется 2,995732 0,000190
распространение 1,237874 0,000315
распространения 1,660731 0,000106
распространяется 1,897120 0,000241
распространяются 2,525729 0,000161
расселения 1,966113 0,000125
рассказываем 3,506558 0,000223
расстояние 0,843970 0,000054
расстрел 3,218876 0,000205
расстреляны 2,407946 0,000306
рассчитанного 3,218876 0,000205
рассчитанные 3,506558 0,000223
рассчитывают 3,912023 0,000249
растений 1,386294 0,000264
растительность 1,427116 0,000091
растительностью 2,525729 0,000161
растительный 1,966113 0,000125
расторгуевых 3,912023 0,000746
растущий 3,506558 0,000223
расход 2,302585 0,000146
расходам 3,506558 0,000223
расходов 2,407946 0,000765
расцвела 3,506558 0,000223
расчетам 2,813411 0,000179
расчете 2,302585 0,000146
расширение 0,527633 0,000067
расширения 1,514128 0,000192
рбк 1,386294 0,000617
реабилитационный 3,506558 0,000223
реал-медиа 3,912023 0,000249
реализовывается 3,912023 0,000249
реализуется 2,302585 0,000146
ревда 3,912023 0,000497
ревде 3,912023 0,000249
ревдинское 3,912023 0,000249
революции 0,693147 0,000044
революционного 2,995732 0,000190
революцию 2,659260 0,000169
революция 1,427116 0,000181
регион 1,021651 0,000065
региона 0,776529 0,000247
региональные 1,171183 0,000074
региональных 1,203973 0,000230
регионе 1,049822 0,000067
регионов 0,941609 0,000239
регионы 1,049822 0,000200
регистр 2,120264 0,000135
регистра 3,218876 0,000205
регистрируемой 2,995732 0,000190
регулярная 2,995732 0,000190
регулярную 3,506558 0,000223
регулярные 1,514128 0,000192
регулярный 2,207275 0,000140
ред 0,235722 0,000060
редакции 1,966113 0,000125
редкие 2,040221 0,000130
редких 2,407946 0,000153
реж 3,506558 0,000446
режиме 1,514128 0,000096
резерва 1,714798 0,000109
резервном 3,912023 0,000249
резервным 3,912023 0,000249
резиденцией 2,525729 0,000161
резиденции 2,995732 0,000190
резиденция 2,207275 0,000421
резиновых 2,995732 0,000190
резкая 3,218876 0,000205
резкие 2,302585 0,000146
резкое 2,995732 0,000190
результатам 1,049822 0,000067
результате 0,342490 0,000087
рейтинг 1,272966 0,001052
рейтинга 1,832581 0,000116
рейтинге 1,203973 0,000689
рейтингу 2,407946 0,000153
рек 0,820981 0,000104
река 0,733969 0,000233
реках 2,040221 0,000130
реке 0,713350 0,000272
реки 0,462035 0,000499
реконструкции 0,967584 0,000123
реконструкцию 2,040221 0,000130
реконструкция 1,203973 0,000077
реку 1,171183 0,000223
религий 2,302585 0,000146
религиозной 2,407946 0,000153
религиозные 1,609438 0,000102
религиозных 1,469676 0,000187
религия 0,843970 0,000268
реликтовые 3,912023 0,000249
рельеф 0,941609 0,000120
ремесло 2,813411 0,000179
репозитарную 3,912023 0,000249
репродуктивных 3,912023 0,000249
рептилий 3,218876 0,000409
республики 0,916291 0,000058
реставрации 2,525729 0,000161
ресторана 2,995732 0,000190
реструктуризации 3,218876 0,000205
ресурс 1,514128 0,000096
ресурсами 2,040221 0,000130
ресурсы 0,020203 0,000001
референдумах 3,506558 0,000446
референдумы 3,218876 0,000205
реформ 2,207275 0,000140
реформирования 3,912023 0,000249
рецензенты 3,218876 0,000205
речка 2,207275 0,000140
решающее 2,813411 0,000179
решение 0,755023 0,000192
решением 1,078810 0,000137
решению 1,609438 0,000102
решетку 3,912023 0,000249
решетникова 2,995732 0,000190
решили 2,207275 0,000140
рженка 0,000000 0,000000
ржец 0,000000 0,000000
ржцы 0,000000 0,000000
риа 1,049822 0,000067
римско-католический 2,659260 0,000169
рмк 3,912023 0,000497
рогалева 3,912023 0,000249
рогоз 3,912023 0,000249
роддом 2,995732 0,000190
родившихся 2,407946 0,000459
родился 1,660731 0,000106
родовспомогательном 3,912023 0,000249
родственных 0,755023 0,000048
роду 2,813411 0,000179
роды 3,912023 0,000497
рождения 1,514128 0,000096
роза 1,021651 0,000065
розничной 1,514128 0,000192
розничному 3,912023 0,000249
ройзман 3,912023 0,000746
рок-клуб 3,506558 0,000223
рок-клуба 3,912023 0,000249
роли 1,966113 0,000125
роль 0,579818 0,000111
ролью 2,995732 0,000190
романовы 3,218876 0,000205
романовых 2,813411 0,000536
рос 2,407946 0,000153
росгосцирком 3,912023 0,000249
россии 0,186330 0,001480
россиигорода 1,309333 0,000083
россиинаселенные 2,302585 0,000146
россиицентры 3,218876 0,000205
российская 0,186330 0,000107
российские 0,994252 0,000126
российский 0,634878 0,000605
российским 1,514128 0,000192
российскими 2,813411 0,000179
российских 0,733969 0,000700
российско-украинской 1,108663 0,000070
российского 0,634878 0,000161
российское 1,771957 0,000338
российской 0,385662 0,001054
российскую 2,407946 0,000153
россию 1,966113 0,000125
россия 0,371064 0,000283
росспэн 0,994252 0,000063
росстат 0,776529 0,000099
россыпных 3,912023 0,000249
рост 0,967584 0,000184
ростов-на-дону 1,237874 0,000079
роща 1,514128 0,000096
рпц 2,302585 0,000146
рсфср 0,733969 0,000373
руб 1,171183 0,000298
рубан 3,506558 0,000446
рубин 2,659260 0,000169
рублей 0,755023 0,000576
рубль 2,302585 0,000146
рубля 1,832581 0,000116
рубцовск 1,347074 0,000086
рудокопная 3,912023 0,000497
руководил 2,407946 0,000153
руководимая 3,912023 0,000249
руководством 0,941609 0,000060
руководству 2,995732 0,000190
рукокрылых 3,506558 0,000223
рукоятках 3,912023 0,000249
рукоятях 3,912023 0,000249
румынский 3,506558 0,000223
рус 0,162519 0,000837
русло 1,897120 0,000121
русская 0,867501 0,000165
русские 0,544727 0,000138
русский -0,009950 -0,000003
русскими 1,660731 0,000106
русского 0,494296 0,000031
русское 0,755023 0,000048
русской 0,673345 0,000128
русском 1,049822 0,000067
рустамов 3,912023 0,000249
рыбинск 1,203973 0,000077
рынка 1,237874 0,000315
рынке 1,609438 0,000307
рынок 1,021651 0,000455
рыночной 2,525729 0,000161
рэнкинги 3,912023 0,000249
рюриковичи 3,506558 0,000223
рябинник 3,912023 0,000249
ряд 0,385662 0,000098
рядом 0,733969 0,000233
ряду 1,832581 0,000233
ряды 2,407946 0,000153
рязановых 3,912023 0,000249
рязань 1,049822 0,000067
ряска 3,912023 0,000249
с-в 0,000000 0,000000
с-з 0,000000 0,000000
сабельник 3,912023 0,000249
савинцев 3,912023 0,000249
сад 1,108663 0,000211
садовая 2,813411 0,000358
садовый 3,506558 0,000223
сайт 0,371064 0,000142
сайта 1,771957 0,000113
сайты 0,478036 0,000030
сакко 3,218876 0,000205
салда 3,912023 0,000497
салехард 1,347074 0,000086
салимов 3,912023 0,000249
самара 0,891598 0,000113
самарско-тольяттинской 3,506558 0,000223
самим 2,813411 0,000179
саммит 2,120264 0,000539
саммита 2,995732 0,000190
саммитов 3,912023 0,000249
саммитом 3,912023 0,000249
саммиту 3,218876 0,000205
саммиты 3,506558 0,000223
самобытной 3,912023 0,000249
самобытным 3,218876 0,000205
самого 0,891598 0,000113
самое 0,994252 0,000063
самой 0,916291 0,000116
самоотверженность 2,813411 0,000179
саморегулирования 3,912023 0,000249
саморегулируемых 3,912023 0,000249
самостоятельно 2,120264 0,000135
самоуправления 0,994252 0,000253
самоходная 3,912023 0,000249
самые 1,021651 0,000325
самый 0,579818 0,000037
самым 0,653926 0,000332
самых 0,544727 0,000242
сан-хосе 3,912023 0,000497
сангвис 3,912023 0,000249
санкт-петербург 0,776529 0,000148
санкт-петербурга 1,514128 0,000962
санкт-петербургом 1,832581 0,000233
санкт-петербургской 2,813411 0,000358
санкт-петербургу 2,659260 0,000169
санкций 3,218876 0,000205
сапсан 2,525729 0,000161
саранск 2,302585 0,000146
саратов 0,967584 0,000061
сборник 0,653926 0,000249
сборно-разборных 3,912023 0,000249
сбросами 3,506558 0,000223
сброшены 3,912023 0,000249
сведения 0,867501 0,000110
свердло 0,000000 0,000000
свердлова 2,525729 0,000161
свердловаскрытые 3,912023 0,000249
свердловск 2,995732 0,003046
свердловск-сортировочный 3,912023 0,000497
свердловска 3,218876 0,001637
свердловская 2,659260 0,002535
свердловске 3,506558 0,000891
свердловский 2,995732 0,001142
свердловского 2,995732 0,000762
свердловское 3,912023 0,000249
свердловской 2,995732 0,011995
свердловскстат 3,912023 0,000497
свердловску 3,912023 0,000249
свердловскую 3,218876 0,000205
свердлову 3,912023 0,000249
сверхлимитного 3,912023 0,000249
сверху 1,347074 0,000086
свидетельство 2,525729 0,000161
свиток 3,506558 0,000223
свиязь 3,912023 0,000249
свободной -0,009950 -0,000001
сводная 2,995732 0,000190
своего 0,776529 0,000099
своей 0,776529 0,000049
своему 2,120264 0,000135
свойство 0,653926 0,000083
свыше 0,891598 0,000113
свяжитесь -0,009950 -0,000001
связана 1,078810 0,000069
связанные 1,021651 0,000065
связанными 2,995732 0,000190
связанных 1,171183 0,000149
связано 1,078810 0,000069
связей 1,560648 0,000198
связи 0,235722 0,000225
связующее 3,912023 0,000249
связывались 3,912023 0,000249
связывающие 2,659260 0,000169
связывающий 3,506558 0,000446
связь 0,616186 0,000157
святая 3,506558 0,000891
святилищные 3,912023 0,000249
свято-троицкий 2,407946 0,000459
святого 1,078810 0,000069
святодуховская 3,912023 0,000249
святой 1,272966 0,000566
святых 1,427116 0,000272
сглажены 3,912023 0,000249
сдан 1,897120 0,000121
сдана 2,659260 0,000169
сдвинулось 3,912023 0,000249
сделали 2,407946 0,000153
севастьянова 3,912023 0,000746
севера 0,941609 0,000060
северка 3,912023 0,000497
северки 3,912023 0,000249
северная 1,078810 0,000069
северного 1,021651 0,000065
северной 0,693147 0,000044
северный 0,820981 0,000104
северным 1,771957 0,000113
северных 1,897120 0,000241
северо-западе 1,966113 0,000375
северо-западную 2,995732 0,000190
северодвинск 1,171183 0,000074
североуральск 3,912023 0,000249
северская 3,912023 0,000249
северские 3,506558 0,000223
сегодня 0,616186 0,000274
сегодняшний 1,660731 0,000106
седловину 3,912023 0,000249
седьмого 1,609438 0,000102
сезон 1,347074 0,000086
сезонами 3,506558 0,000223
сезоне 2,813411 0,000179
сезону 3,912023 0,000249
секретаря 2,525729 0,000161
сектор 1,714798 0,000436
сектора 1,832581 0,000116
села 1,203973 0,000077
сельских 0,776529 0,000345
сельскохозяйственные 2,207275 0,000140
сельскохозяйственный 2,040221 0,000130
семействами 3,912023 0,000249
семинария 1,469676 0,000093
семихатова 3,912023 0,000249
семь 1,309333 0,000166
семьей 2,995732 0,000190
семьи 1,272966 0,000485
семья 1,897120 0,000241
сенату 3,218876 0,000205
сент 0,843970 0,000054
сентябре 0,994252 0,000126
сентября 0,072571 0,000351
серая 2,813411 0,000358
сервиса 1,514128 0,000096
сервисы 2,525729 0,000161
сергеевна 3,912023 0,000249
серги 3,912023 0,000249
сердце 2,302585 0,000146
серебряных 2,525729 0,000321
середине 0,562119 0,000107
серий 2,995732 0,000190
серия 1,237874 0,000079
серов 2,813411 0,000179
серьезно 1,897120 0,000241
сетевой 2,813411 0,000179
сетей 1,272966 0,000081
сети 0,494296 0,000314
сеть 0,616186 0,000157
сетях 1,139434 0,000072
сибири 1,347074 0,000685
сибирский 1,469676 0,000280
сибирского 1,714798 0,000327
сибирское 1,832581 0,000116
сибирской 1,832581 0,000233
сибирь 1,469676 0,000280
сигизмунд 3,506558 0,000223
силин 3,218876 0,000205
силу 1,021651 0,000065
сильва 3,912023 0,000249
сильнейшими 3,506558 0,000223
сильно 0,776529 0,000099
сильное 1,897120 0,000121
сильной 2,813411 0,000179
сильным 2,525729 0,000161
символ 1,203973 0,000077
символизирует 1,966113 0,000125
символизируют 2,659260 0,000169
символизирующей 3,506558 0,000223
символизирующий 2,813411 0,000358
символика 1,272966 0,000081
символику 3,506558 0,000223
символов 1,560648 0,000198
символом 1,832581 0,000116
символы 1,386294 0,000352
синагога 1,609438 0,000307
синагоги 2,040221 0,000259
синара 3,506558 0,001783
синего 2,659260 0,000169
синие 2,995732 0,000381
синий 2,813411 0,000179
синица 3,506558 0,000223
синюю 3,912023 0,000249
синяя 2,995732 0,000381
систем 0,798508 0,000102
система 0,235722 0,000090
системе 0,733969 0,000140
системеобсуждениевкладсоздать -0,009950 -0,000001
системой 1,309333 0,000166
систему 0,673345 0,000086
системы 0,342490 0,000087
сити-менеджера 2,995732 0,000190
ситуаций 2,407946 0,000153
ситуацию 1,771957 0,000113
ситуация 1,469676 0,000093
сихофизиологические 3,912023 0,000249
ска-свердловск 3,912023 0,000746
скал 3,218876 0,000205
скалы 2,813411 0,001073
скальный 3,912023 0,000249
скальным 3,912023 0,000249
скальных 3,912023 0,000249
скандальный 3,912023 0,000249
скачать -0,009950 -0,000001
скб 3,912023 0,000249
скб-банк 3,506558 0,000223
сквер 1,203973 0,000230
сквера 2,207275 0,000561
скверами 3,218876 0,000205
сквере 1,560648 0,000198
скверов 2,302585 0,000146
складов 3,506558 0,000223
складское 3,912023 0,000249
складчатой 3,218876 0,000205
складчатости 3,218876 0,000205
складывающихся 3,506558 0,000223
склоне 2,525729 0,000321
склоны 2,525729 0,000161
сколько 0,653926 0,000042
сконцентрированы 3,506558 0,000223
скоробогатый 3,912023 0,000249
скоростной 2,120264 0,000135
скорость 0,867501 0,000055
скрыты 3,912023 0,000249
скульптур 2,407946 0,000153
скульптура 1,171183 0,000074
слава 2,302585 0,000146
славится 3,912023 0,000249
славка 3,912023 0,000249
славы 1,078810 0,000069
славянской 2,302585 0,000146
сладко 3,912023 0,000249
слева 1,108663 0,000070
следует 0,755023 0,000048
следующим 1,386294 0,000088
следуя 3,218876 0,000205
слов 1,560648 0,000099
словари 0,116534 0,000015
словарь 0,274437 0,000017
словарь-справочник 1,560648 0,000099
сложившейся 2,525729 0,000161
сложилось 2,995732 0,000190
сложности 1,347074 0,000086
сложную 2,995732 0,000190
сложные 2,407946 0,000153
сложным 0,867501 0,000055
слона 3,912023 0,000249
служанка 3,506558 0,000223
служат 2,525729 0,000161
служба 0,693147 0,000308
службы 0,798508 0,000152
служил 2,407946 0,000306
служила 3,218876 0,000205
служит 2,302585 0,000293
случае 0,843970 0,000054
случай 2,525729 0,000161
случаю 2,525729 0,000161
случаях -0,009950 -0,000001
смертности 2,040221 0,000130
сместив 3,912023 0,000249
сместил 3,506558 0,000446
смешанных 2,207275 0,000140
смещение 0,798508 0,000051
смеялись 3,912023 0,000249
сми 0,867501 0,000221
смолевка 3,912023 0,000249
смыкавшиеся 3,912023 0,000249
смыслы 3,506558 0,000223
сначала 1,386294 0,000088
снг 1,714798 0,000218
снеготаяния 3,912023 0,000249
снежный 1,660731 0,000106
снесена 3,218876 0,000205
снесенного 2,995732 0,000190
снижается 1,714798 0,000218
снижение 1,609438 0,000205
снижения 1,714798 0,000218
снимков 3,912023 0,000249
снк 2,659260 0,000169
снова 1,386294 0,000088
снос 2,302585 0,000146
сноскамивикипедия 2,813411 0,000179
сносках 2,302585 0,000146
сносок 0,843970 0,000054
сносом 3,506558 0,000223
собирающейся 3,912023 0,000249
соблюдение 3,912023 0,000249
соблюдением 3,218876 0,000205
собой 0,328504 0,000125
соболь 2,659260 0,000169
собор 0,755023 0,000432
собора 1,108663 0,000141
соборной 2,120264 0,000270
собором 2,040221 0,000389
собрание 0,941609 0,000239
собраний 3,218876 0,000205
собрания 1,139434 0,000362
собственного 1,427116 0,000181
собственности 1,514128 0,000096
собственными 1,897120 0,000121
событийный 3,218876 0,000205
событияпожертвовать -0,009950 -0,000001
сов 3,218876 0,000205
сова 2,813411 0,000715
совершения 3,218876 0,000205
совершенствование 2,207275 0,000281
совета 0,798508 0,000102
советов 0,820981 0,000052
советская 0,371064 0,000094
советский 0,755023 0,000144
советских 1,386294 0,000176
советского 0,776529 0,000197
советское 0,994252 0,000316
советской 0,755023 0,000096
совмина 3,912023 0,000249
совокупной 3,218876 0,000205
современного 0,653926 0,000166
современной 0,579818 0,000037
современном 1,272966 0,000081
современные 0,916291 0,000058
современный 0,967584 0,000184
современных 0,713350 0,000091
совхозный 3,912023 0,000249
совы 3,218876 0,000205
согласно 0,301105 0,000191
соглашение 1,139434 0,000145
содержание 0,010050 0,000001
соединений 2,120264 0,000135
соединит 3,506558 0,000223
соединяет 2,302585 0,000293
соединяющую 3,912023 0,000249
создается 1,832581 0,000116
создан 0,693147 0,000132
созданием 2,120264 0,000135
создании 1,203973 0,000306
созданию 1,609438 0,000205
создания 0,653926 0,000083
созданный 1,560648 0,000298
созданным 2,813411 0,000179
создано 1,347074 0,000086
созданы 1,078810 0,000069
созыва 1,609438 0,000102
соколова 2,525729 0,000482
сократ 2,995732 0,000190
сократились 3,506558 0,000223
сокращается 2,407946 0,000153
сокращения 1,714798 0,000218
солеварни 3,912023 0,000249
солнечном 2,995732 0,000190
солнечный 0,843970 0,000054
соловьев 2,040221 0,000130
соловьева 2,995732 0,000190
сообщен 0,000000 0,000000
сообщение 1,049822 0,000067
сообщению 2,995732 0,000190
сообщения 0,820981 0,000052
сообщить -0,009950 -0,000001
сооружение 1,469676 0,000093
сооружением 2,813411 0,000179
сооружений 1,078810 0,000274
сооружения 0,941609 0,000180
соответственно 1,021651 0,000065
соответствии 0,446287 0,000057
соответствующим 1,897120 0,000121
соответствующую 2,813411 0,000179
соотношением 2,813411 0,000179
сопровождалось 3,218876 0,000205
сопутствующие 3,506558 0,000223
соревнований 1,771957 0,000338
соревнования 1,514128 0,000096
сортировочная 3,506558 0,000223
соседству 3,506558 0,000223
сосны 2,302585 0,000293
сосредоточено 1,897120 0,000121
сосредоточием 3,912023 0,000249
сост 0,597837 0,000038
состав 0,400478 0,000255
составе 0,616186 0,000039
составил 0,916291 0,000874
составила 1,021651 0,000390
составили 1,660731 0,000211
составило 1,272966 0,000485
составленное 3,506558 0,000223
составленный 2,407946 0,000459
составляет 0,314711 0,000220
составлял 1,771957 0,000225
составляла 1,272966 0,000162
составляло 1,347074 0,000086
составляют 0,798508 0,000152
состоялся 1,237874 0,000079
состояние 0,733969 0,000187
состоянию 0,544727 0,000173
сосудистых 2,813411 0,000179
сотовой 1,469676 0,000187
сотрудники 2,659260 0,000169
сотрудников 1,966113 0,000125
сотрудничества 1,832581 0,000116
сотрудничество 1,660731 0,000211
сохранение 1,609438 0,000205
сохранением -0,009950 -0,000001
сохранении 2,407946 0,000306
сохранившаяся 3,218876 0,000205
сохранившиеся 2,525729 0,000161
сохранившимся 2,813411 0,000179
сохранившихся 2,207275 0,000140
сохранилось 1,714798 0,000109
соцгородки 3,218876 0,000205
социалистического 2,302585 0,000293
социалистической 1,897120 0,000121
социальная 1,514128 0,000192
социально-экономические 2,407946 0,000306
социально-экономический 2,995732 0,000190
социально-экономических 2,659260 0,000169
социально-экономического 1,237874 0,000236
социальное 2,207275 0,000140
социальной 1,386294 0,000088
социальную 2,525729 0,000161
социальных 0,941609 0,000120
социологии 2,995732 0,000190
союз 1,203973 0,000383
союза 0,733969 0,000187
спальные 3,218876 0,000205
спаржа 3,912023 0,000249
спартак 1,771957 0,000113
спб 0,385662 0,000049
спектакль 3,218876 0,000205
спектр 1,897120 0,000121
специализации 3,506558 0,000223
специализацию 2,813411 0,000179
специалистов 1,078810 0,000137
специальное 2,040221 0,000130
специальные 1,660731 0,000211
спидом 3,912023 0,000249
списка 1,469676 0,000093
список 0,248461 0,000158
сплюшка 3,912023 0,000249
спонсорские 3,912023 0,000249
спорт 0,776529 0,000197
спорт-экспресс 3,506558 0,000669
спорта 0,916291 0,000291
спортзалов 3,506558 0,000223
спортивная 2,040221 0,000130
спортивное 3,218876 0,000205
спортивные 1,078810 0,000274
спортивный 1,514128 0,000096
спортивных 1,108663 0,000352
спорткомплекс 2,525729 0,000161
спортсменов 2,302585 0,000293
спортсмены 2,302585 0,000146
спортсооружения 3,912023 0,000249
спорту 1,897120 0,000121
споры 2,813411 0,000179
способности 2,120264 0,000270
способствовало 1,609438 0,000102
справедливая 2,525729 0,000321
справедливой 3,506558 0,000446
справочника 2,659260 0,000169
спровоцировало 3,506558 0,000223
сравнению 1,078810 0,000274
сравни 3,506558 0,000446
сразу 0,994252 0,000063
среди 0,198451 0,000227
срединном 3,912023 0,000249
средне 3,912023 0,000249
средне-уральское 3,218876 0,000205
среднего 1,049822 0,000400
среднегодовая 1,078810 0,000274
среднегодовое 1,897120 0,000121
средней 0,867501 0,000110
среднем 0,693147 0,000088
среднемесячная 1,771957 0,000113
среднемесячной 3,912023 0,000249
среднемноголетний 3,506558 0,000223
среднеспециальное 3,506558 0,000223
среднесписочная 3,506558 0,000223
среднеуральск 3,912023 0,000497
среднеуральска 3,912023 0,000249
средние 0,941609 0,000180
средний 0,494296 0,000157
средних 1,078810 0,000137
средняя 0,510826 0,000097
средств 0,597837 0,000076
средства 0,415515 0,000053
среды 0,755023 0,000048
сродных 3,912023 0,000249
срок 1,237874 0,000079
сроком 1,966113 0,000125
српски 0,000000 0,000000
српскохрватски 0,000000 0,000000
сруба 3,506558 0,000446
сср 0,820981 0,000104
ссср 0,314711 0,000300
ссылка 0,274437 0,000174
ссылками 0,186330 0,000036
ссылкамивикипедия 1,609438 0,000102
ссылкасведения -0,009950 -0,000001
ссылки -0,009950 -0,000004
ссылкойвикипедия 1,660731 0,000106
ссылок 0,693147 0,000044
ста 2,040221 0,000130
стабильная 0,994252 0,000063
стабильных 3,218876 0,000205
став 1,771957 0,000338
стадион 1,108663 0,000423
стадиона 1,832581 0,000233
стадионов 1,660731 0,000106
стадионом 2,659260 0,000169
стадионы 1,714798 0,000109
стал 0,314711 0,000340
стала 0,462035 0,000088
сталепромышленная 3,912023 0,000497
стали 0,430783 0,000110
сталинского 2,525729 0,000161
стало 0,494296 0,000063
стандарт 1,966113 0,000125
становилась 2,659260 0,000169
становились 2,525729 0,000321
становится 0,527633 0,000067
становление 1,966113 0,000250
станции 0,693147 0,000352
станций 1,309333 0,000250
станцию 1,897120 0,000241
станция 0,798508 0,000254
станциями 2,813411 0,000179
старая 0,430783 0,000055
старейшем 3,912023 0,000249
старейшим 2,120264 0,000135
старейшими 2,813411 0,000179
старейших 1,309333 0,000333
старого 1,347074 0,000086
старообрядческая 1,560648 0,000099
старообрядчества 3,218876 0,000205
стартовал 2,207275 0,000140
старше 1,966113 0,000125
старый 1,049822 0,000067
статей 0,967584 0,000061
статистика -0,009950 -0,000002
статистике 0,916291 0,000058
статистики 0,713350 0,000317
статистический 0,755023 0,000816
статистическое 0,994252 0,000063
статус 0,510826 0,000195
статусе 1,560648 0,000099
статусная 3,912023 0,000249
статусом 1,171183 0,000298
стать 1,203973 0,000077
статьестатьи 0,843970 0,000107
статьи 0,072571 0,000069
статьислучайная -0,009950 -0,000001
статьисообществофорумсправкасвежие -0,009950 -0,000001
статья 0,105361 0,000167
статьяобсуждение -0,009950 -0,000001
статьятекущие -0,009950 -0,000001
стационарной 1,832581 0,000116
створ 2,995732 0,000190
створах 3,912023 0,000249
стене 2,813411 0,000358
стенограффия 3,912023 0,000746
степанов 2,813411 0,000179
стереотип 1,514128 0,000096
стиле 0,994252 0,000190
стоимость 1,237874 0,000079
сток 2,120264 0,000270
столетия 1,966113 0,000125
столиц 2,120264 0,000135
столица 0,967584 0,000492
столицей 1,171183 0,000372
столицу 2,120264 0,000135
столицы 1,049822 0,000200
столичности 3,506558 0,000223
столичные 2,659260 0,000338
столичных 2,659260 0,000169
столовые 2,995732 0,000190
стоматологических 2,302585 0,000146
сторона 2,040221 0,000130
сторону 1,171183 0,000074
стороны 0,430783 0,000027
сточными 3,506558 0,000223
стр 1,309333 0,000083
стран 0,597837 0,000038
страна 0,462035 0,000059
стране 0,867501 0,000386
страница -0,009950 -0,000001
страницасодержаниеизбранные -0,009950 -0,000001
страницецитировать -0,009950 -0,000001
страницуполучить -0,009950 -0,000001
страницы -0,009950 -0,000004
страницыслужебные -0,009950 -0,000001
страны 0,634878 0,000444
страстотерпцев 3,218876 0,000205
стратегии 2,040221 0,000259
стратегически 3,218876 0,000205
стратегические 2,995732 0,000381
стратегического 2,407946 0,000153
стрел 3,506558 0,000223
стрелка 2,407946 0,000306
стрит-арта 3,506558 0,000891
строений 1,660731 0,000106
строилась 2,525729 0,000161
строился 2,407946 0,000306
строителей 2,040221 0,000130
строительства 0,673345 0,000514
строительстве 1,078810 0,000206
строительство 0,510826 0,000584
строительством 1,714798 0,000109
строительству 1,469676 0,000280
строится 1,272966 0,000081
строить 1,832581 0,000116
строй 1,771957 0,000113
стройиздат 3,506558 0,000446
стройплощадку 3,912023 0,000249
строчку 2,995732 0,000190
строятся 1,714798 0,000436
строящегося 3,218876 0,000205
структура 0,967584 0,000492
структуре 1,272966 0,000324
структуру 1,514128 0,000192
структуры 1,171183 0,000223
студентов 1,272966 0,000566
студия 1,966113 0,000250
ступино 1,347074 0,000086
субботу 2,525729 0,000161
субъект 0,820981 0,000052
субъектов 0,755023 0,000192
сугрэс 3,912023 0,000249
сугубо 2,525729 0,000161
суд 1,469676 0,000187
судебную 2,995732 0,000190
судьбе 3,506558 0,000223
сумма 1,897120 0,000121
сумме 2,813411 0,000358
сумму 2,207275 0,000140
суммы 2,525729 0,000161
суперкомпьютер 3,218876 0,000205
суперкомпьютеров 3,506558 0,000223
суперлиги 2,813411 0,000179
супрематический 3,912023 0,000249
супруги 3,218876 0,000205
суровых 3,912023 0,000249
суток 2,207275 0,000281
суточный 0,820981 0,000104
сухогузва 3,912023 0,000249
сухой 1,966113 0,000125
существенно 1,108663 0,000070
существенные 2,120264 0,000135
существенный 2,407946 0,000153
существовала 1,386294 0,000088
существование 1,049822 0,000067
существования 1,272966 0,000081
существует 0,446287 0,000085
существуют 0,162519 0,000031
существующей 2,302585 0,000146
существующим 2,813411 0,000179
существующих 1,714798 0,000109
сфера 1,347074 0,000171
сферах 2,120264 0,000135
сфере 0,967584 0,000307
сферой 3,218876 0,000205
сферу 2,995732 0,000190
сферы 1,309333 0,000333
сформировали 3,506558 0,000446
сформировался 2,525729 0,000161
сформировано 2,302585 0,000146
сформированы 2,302585 0,000146
схема 1,386294 0,000176
сходится 3,912023 0,000249
сходятся 2,995732 0,000190
счет 0,673345 0,000043
счетная 2,995732 0,000571
считается 0,693147 0,000264
считать 0,994252 0,000063
считающийся 3,506558 0,000223
сша 0,562119 0,000036
сызрань 1,237874 0,000079
сысерть 3,912023 0,000746
сытина 1,560648 0,000099
сыч 3,506558 0,000223
сычик 3,912023 0,000249
сэ-новости 3,912023 0,000249
сюда 1,108663 0,000141
сюдасвязанные -0,009950 -0,000001
табл 0,867501 0,000055
таблица 0,653926 0,000208
таблички 2,813411 0,000179
табличной 1,309333 0,000083
тавда 3,218876 0,000205
тавду 3,912023 0,000249
таганский 3,506558 0,000223
тагил 1,272966 0,000485
таджики 1,347074 0,000086
также 0,000000 0,000000
такие 0,261365 0,000066
таким 0,527633 0,000067
таких 0,510826 0,000130
такого 1,237874 0,000079
такси 1,021651 0,000260
талица 3,506558 0,000223
танкового 2,995732 0,000190
тарасова 2,995732 0,000381
тарашкев 0,000000 0,000000
тарханова 3,912023 0,000249
татарча 0,000000 0,000000
татары 0,798508 0,000102
татищева 2,813411 0,000358
татищеву 3,218876 0,000409
татьяна 1,609438 0,000102
творческой 2,207275 0,000140
творчества 1,514128 0,000096
творчество 1,966113 0,000125
театр 0,713350 0,000544
театра 1,021651 0,000195
театрального 2,207275 0,000140
театральную 3,912023 0,000497
театральных 2,207275 0,000281
театров 1,203973 0,000153
театры 0,941609 0,000120
тег 1,966113 0,000125
текст -0,009950 -0,000002
текущего 2,120264 0,000135
текущем 0,544727 0,000035
текущим 1,771957 0,000113
тела 1,897120 0,000121
телебашни 2,995732 0,000762
телебашня 2,040221 0,000259
телевещание 1,966113 0,000125
телевидение 0,967584 0,000123
телевидения 1,237874 0,000079
телевышки 3,912023 0,000497
телеканал 1,309333 0,000083
телеком 2,302585 0,000146
телекоммуникации 2,813411 0,000715
телекоммуникаций 2,525729 0,000321
телекомпания 2,302585 0,000293
телекомпаниями 3,506558 0,000223
телепередача 2,995732 0,000190
телепропагандиста 3,912023 0,000249
телефонный 0,776529 0,000049
тема 1,897120 0,000121
тематика 2,659260 0,000169
тематические 0,510826 0,000032
темах 2,040221 0,000130
темахистория 2,813411 0,000179
темная 3,218876 0,000205
темное 3,506558 0,000446
темнохвойные 3,506558 0,000223
темпами 2,302585 0,000293
температур 1,609438 0,000307
температура 0,562119 0,000143
температуры 1,139434 0,000072
темпы 2,525729 0,000482
тенденция 1,832581 0,000349
теннису 2,995732 0,000190
теплая 2,525729 0,000161
тепло 2,207275 0,000140
теплолюбивых 3,506558 0,000223
теплые 2,659260 0,000169
теплый 1,609438 0,000102
терапевтический 3,912023 0,000249
термина 0,400478 0,000025
терминалыжелезнодорожные 2,407946 0,000153
террасы 2,525729 0,000161
территориально 2,525729 0,000161
территориальные 1,897120 0,000121
территориальный 1,660731 0,000106
территориальных 0,776529 0,000296
территории 0,400478 0,000535
территорий 1,049822 0,000067
территорию 0,941609 0,000180
территориям 2,525729 0,000161
территориях 0,916291 0,000175
тесно 1,832581 0,000116
техн 3,506558 0,000223
технико-эксплуатационные 3,506558 0,000223
техникум 1,714798 0,000109
технический 1,021651 0,000065
технологии 0,798508 0,000152
технологий 0,653926 0,000083
технологической 2,525729 0,000161
течение 0,527633 0,000034
течением 1,771957 0,000113
течении 1,660731 0,000106
течению 1,714798 0,000109
тигров 3,218876 0,000205
тил 3,912023 0,000249
тимишоара 3,912023 0,000249
тимур 3,218876 0,000205
тимьян 3,506558 0,000223
тип 0,356675 0,000068
типа 0,462035 0,000088
типичных 2,995732 0,000190
типов 1,386294 0,000088
типовых 2,525729 0,000161
типы 1,514128 0,000096
тиражом 2,995732 0,000190
титульных 3,506558 0,000223
тихоокеанский 2,995732 0,000190
тобола 2,995732 0,000190
тобольск 2,995732 0,000190
тобольская 3,506558 0,000446
тобольский 2,995732 0,000190
товарищество 2,302585 0,000146
товарный -0,009950 -0,000001
товаров 1,049822 0,000067
товарообороту 3,912023 0,000249
товары 1,966113 0,000125
толкачев 3,912023 0,000249
толчком 2,995732 0,000190
томах 1,832581 0,000116
томск 1,108663 0,000070
тому 1,108663 0,000070
топ 1,347074 0,000942
топе 3,912023 0,000249
топографо-геодезических 3,912023 0,000249
топонимический 0,798508 0,000051
торгов 3,506558 0,000223
торговая 1,660731 0,000106
торговли 0,867501 0,000496
торговля 1,021651 0,000260
торгово-развлекательных 2,659260 0,000169
торговом 2,407946 0,000153
торговые 1,203973 0,000383
торговым 2,207275 0,000140
торговыми 1,897120 0,000362
торговых 1,108663 0,000352
торфяник 3,912023 0,000249
торфяники 3,912023 0,000249
торфяных 3,912023 0,000249
траве 2,407946 0,000306
травматологии 3,506558 0,000446
травматологической 3,912023 0,000249
травяная 3,912023 0,000249
травяную 3,912023 0,000249
традиции 1,386294 0,000176
традиционно 1,347074 0,000171
традициям 2,813411 0,000179
традициями 2,813411 0,000179
траектории 3,912023 0,000249
тракт 2,040221 0,000259
трамваев 1,897120 0,000121
трамваи 1,897120 0,000121
трамвай 0,967584 0,000307
трамвайная 2,120264 0,000135
трамвайно-троллейбусного 3,506558 0,000223
трамвайно-троллейбусное 2,995732 0,000381
трамвайной 2,120264 0,000270
транзитного 1,897120 0,000121
транзитной 2,659260 0,000169
транснациональных 3,506558 0,000223
транспорт 0,693147 0,000573
транспорта 0,776529 0,000642
транспортная 1,237874 0,000157
транспортно-логистический 3,506558 0,000223
транспортного 1,660731 0,000106
транспортные 1,609438 0,000205
транспортный 1,171183 0,000074
транспортным 1,714798 0,000109
транспортных 0,891598 0,000283
транспортом 1,469676 0,000093
транссибирская 2,207275 0,000281
транссибирской 1,966113 0,000125
тратят 3,506558 0,000669
требующие 1,347074 0,000086
тремя 1,609438 0,000102
трети 1,897120 0,000121
третий 1,203973 0,000153
третье 1,560648 0,000694
третьего 1,771957 0,000113
третьей 1,832581 0,000116
третьим 2,120264 0,000270
третью 2,659260 0,000507
третьякова 3,506558 0,000446
трех 0,713350 0,000181
трибунами 2,525729 0,000161
трикотажных 3,912023 0,000249
тринадцатый 3,506558 0,000223
тритона 3,912023 0,000249
трлн 2,207275 0,000140
тройку 2,813411 0,000358
троллейбус 0,994252 0,000253
троллейбусное 2,302585 0,000146
троллейбусным 3,506558 0,000223
троллейбусных 1,347074 0,000086
троллейбусов 1,832581 0,000116
тронина 3,912023 0,000249
тротуар 3,912023 0,000497
тротуаре 3,912023 0,000249
труда 1,139434 0,000435
трудностями 3,506558 0,000223
трудов 1,966113 0,000125
трудовой 1,237874 0,000393
трудоспособного 1,771957 0,000450
тумбасова 3,912023 0,000249
тура 2,995732 0,000381
турбомоторного 3,912023 0,000249
туризм 1,347074 0,000342
туризма 1,609438 0,000614
туринск 3,218876 0,000205
туристический 1,897120 0,000844
туристическую 2,813411 0,000179
туристов 1,560648 0,000298
туристские 3,506558 0,000223
туристских 3,506558 0,000223
туру 3,912023 0,000249
турчевич 3,912023 0,000249
тыла 1,897120 0,000121
тыс 0,430783 0,000301
тысяч 0,415515 0,000158
тысячелетием 2,995732 0,000190
тысячи 0,597837 0,000190
тысячу 1,897120 0,000121
тюменской 2,659260 0,000169
тюмень 1,171183 0,000298
тяжелого 2,302585 0,000439
тяжелое 3,218876 0,000409
убив 3,506558 0,000223
убит 2,659260 0,000169
убытки 2,995732 0,000190
убыточность 3,912023 0,000249
увалы 3,912023 0,000249
увеличение 1,347074 0,000171
увеличением 2,120264 0,000135
увеличения 1,771957 0,000113
увеличивается 1,832581 0,000116
увеличилась 1,427116 0,000181
увеличилось 1,309333 0,000083
увеличился 1,832581 0,000116
увеличится 2,995732 0,000190
увенчались 2,995732 0,000190
увидеть 1,714798 0,000327
увлажнения 2,302585 0,000293
углту 3,912023 0,000497
угмк 3,912023 0,000995
угмк-арена 3,912023 0,000746
угмк-здоровье 3,912023 0,000497
угорской 3,506558 0,000223
угрожающими 3,912023 0,000249
удалось 1,237874 0,000079
удар 2,995732 0,000190
уделяется 2,659260 0,000169
удмуртукра 0,000000 0,000000
удмурты 1,660731 0,000106
удобно 2,995732 0,000190
удобным 3,218876 0,000205
удостоен 2,302585 0,000293
уезда 1,469676 0,000093
уездного 2,525729 0,000321
уездный 2,525729 0,000321
уезды 3,218876 0,000205
уефа 2,525729 0,000161
узаконение 3,912023 0,000249
узбеки 1,386294 0,000088
узел 0,891598 0,000227
узкоколейных 3,912023 0,000249
узла 1,966113 0,000250
узле 2,302585 0,000146
узлов 1,660731 0,000106
узтм 3,912023 0,000746
уйдут 3,912023 0,000249
указ 0,941609 0,000120
указан 0,139262 0,000035
указанием -0,009950 -0,000001
указания 1,714798 0,000109
указанного 1,078810 0,000069
указано 0,733969 0,000093
указу 1,714798 0,000218
указывает 1,660731 0,000211
уклоном 3,218876 0,000205
украинцы 0,891598 0,000113
украины 0,616186 0,000078
украшена 3,912023 0,000249
украшений 3,506558 0,000223
укреплением 2,995732 0,000190
уктус 3,912023 0,000746
уктусский 3,912023 0,000249
уктусских 3,912023 0,000249
уктусского 3,912023 0,000497
уктусской 3,912023 0,000249
улан-удэ 1,237874 0,000079
улиц 0,891598 0,000170
улица 0,994252 0,000126
улицами 1,897120 0,000121
улицах 1,660731 0,000106
улице 0,916291 0,000233
улицы 0,843970 0,000161
улично-дорожной 2,207275 0,000561
уличного 2,813411 0,000179
уличные 2,813411 0,000179
ульяновск 1,078810 0,000069
уменьшению 2,659260 0,000338
уменьшилось 2,407946 0,000153
умеренно 1,021651 0,000130
умеренных 2,207275 0,000140
умершими 3,912023 0,000249
умерших 1,832581 0,000233
умник 3,912023 0,000249
ун-т 0,000000 0,000000
ун-та 2,120264 0,000135
универсальная 0,891598 0,000057
универсиады 3,218876 0,000205
университет 0,562119 0,001000
университета 0,446287 0,000312
университете 1,560648 0,000099
университетом 2,040221 0,000130
уникальной 2,659260 0,000169
уникальный 1,560648 0,000198
уникальными 2,995732 0,000190
уничтожают 2,995732 0,000190
унц 3,506558 0,000223
упи 3,912023 0,000497
уплотнением 3,506558 0,000223
упоминается 1,660731 0,000106
упорядоченная 3,506558 0,000223
упорядоченной 3,912023 0,000249
упорядочивание 3,506558 0,000223
управление 0,527633 0,000201
управлении 2,407946 0,000153
управлений 3,912023 0,000249
управления 0,415515 0,000185
управленческую 3,506558 0,000223
упраздненные 3,218876 0,000205
упразднялась 3,912023 0,000249
упреждающий 3,912023 0,000249
упрощенной 3,912023 0,000249
урал 1,560648 0,002083
урала 1,609438 0,002660
урале 2,525729 0,001605
уралец 3,912023 0,000497
уралинформбюро 3,506558 0,000446
уралмаш 3,506558 0,001783
уралмаше 3,912023 0,000746
уралмашевский 3,912023 0,000249
уралнаш 3,912023 0,000249
уралнетс 3,912023 0,000249
уралниипроект 3,912023 0,000497
уралом 1,609438 0,000205
уралочка 3,912023 0,000249
уралочка-нтмк 3,912023 0,000746
уралполит 3,912023 0,000497
уралтрансмаш 3,506558 0,000223
уралфинанс 3,912023 0,000249
уралхиммаш 3,912023 0,000249
уральская 2,525729 0,000963
уральские 2,302585 0,000585
уральский 2,302585 0,006439
уральским 2,995732 0,000190
уральских 2,659260 0,000507
уральского 2,525729 0,003050
уральское 3,218876 0,000818
уральской 2,302585 0,000732
уральском 3,218876 0,001023
уральскому 3,912023 0,000249
уралэлектротяжмаш 3,912023 0,000249
уран 3,218876 0,000409
урбанизированных 3,912023 0,000249
урбанисты 3,506558 0,000223
урбоэкосистемы 3,912023 0,000249
ургу 3,506558 0,000891
уро 2,995732 0,000571
уровень 0,579818 0,000221
уровне 0,916291 0,000116
уровнем 0,798508 0,000203
уровню 1,897120 0,000241
уровнях 2,525729 0,000161
уроженец 2,659260 0,000169
уроженцев 3,506558 0,000223
урфу 3,912023 0,001740
усадеб 3,218876 0,000205
усадебный 3,912023 0,000249
усадебным 3,912023 0,000249
усадьба 2,040221 0,000648
усадьбы 2,302585 0,000293
усиление 2,120264 0,000270
усиливающейся 3,912023 0,000249
условием 2,995732 0,000190
условий -0,009950 -0,000003
условия -0,009950 -0,000001
условиях 1,049822 0,000067
услуг 0,967584 0,000184
услуги 0,994252 0,000569
усовершенствованным 3,912023 0,000249
успенской 3,218876 0,000205
успехом 2,120264 0,000135
устав 0,941609 0,000359
устава 1,897120 0,000241
уставный 3,218876 0,000205
уставом 1,966113 0,000250
уставу 2,302585 0,000146
устанавливается 1,832581 0,000116
установка 2,659260 0,000169
установку 3,218876 0,000205
установлен 0,941609 0,000060
установлена 1,237874 0,000157
установлении 1,771957 0,000225
установлены 1,560648 0,000198
устаревший 2,525729 0,000161
устойчивостью 3,912023 0,000249
устойчивый 2,813411 0,000179
устройства 1,309333 0,000083
уступают 3,218876 0,000205
уступающий 3,912023 0,000249
уступая 2,207275 0,000140
уступил 3,506558 0,000223
устье 0,994252 0,000063
утверждение 1,832581 0,000116
утверждении 1,427116 0,000272
утверждениями 0,713350 0,000091
утверждено 3,218876 0,000409
утепляют 3,912023 0,000249
утопия 3,912023 0,000249
утратившим 3,912023 0,000249
утратил 2,407946 0,000306
утрачены 2,659260 0,000169
уфа 0,967584 0,000246
уфе 3,218876 0,000205
уфу 2,995732 0,000190
уцсб 3,912023 0,000249
участвуют 2,207275 0,000140
участие -0,009950 -0,000001
участием 1,469676 0,000093
участке 1,469676 0,000093
участников 1,272966 0,000081
участок 1,203973 0,000077
учебные 1,108663 0,000141
учебным 3,218876 0,000205
учебных 1,049822 0,000133
учения 2,813411 0,000358
учености 3,912023 0,000249
ученых 1,203973 0,000153
учетную -0,009950 -0,000001
учетом 0,755023 0,000144
учитывать 2,120264 0,000135
учредительный 3,912023 0,000746
учрежден 1,832581 0,000116
учреждение 1,237874 0,000865
учреждении 2,407946 0,000306
учреждений 0,891598 0,000170
учреждения 0,843970 0,000483
учреждениях 2,040221 0,000259
учрежденной 2,995732 0,000190
ушастая 3,506558 0,000223
фабрика 1,272966 0,000081
фабрика-кухня 3,912023 0,000249
фабрики 1,832581 0,000116
фактически 0,916291 0,000058
фактов 1,386294 0,000088
фактор 2,040221 0,000130
факторы 2,207275 0,000561
факультет 2,207275 0,000140
фасадизм 3,912023 0,000249
фасадов 3,218876 0,000409
фауна 1,272966 0,000243
фауны 2,525729 0,000161
фгбу 2,659260 0,000169
февр 0,820981 0,000052
февральская 3,218876 0,000409
февраля 0,051293 0,000124
фегоптерис 3,912023 0,000249
федеральная 0,713350 0,000272
федерального 0,673345 0,000342
федеральное 1,832581 0,000932
федеральной 0,891598 0,000113
федеральном 1,771957 0,000450
федеральные 1,272966 0,000243
федеральный 0,653926 0,000582
федеральных 0,776529 0,000395
федерации 0,544727 0,000935
федерацию 3,506558 0,000223
федерация 1,714798 0,000109
федорова 2,207275 0,000140
фельдмаршала 3,506558 0,000223
фестивале 2,407946 0,000153
фестивалей 1,966113 0,000125
фестивали 1,427116 0,000363
фестиваль 1,139434 0,000217
фестиваля 1,714798 0,000436
фигур 2,525729 0,000161
фигурки 2,995732 0,000190
фигуры 2,525729 0,000161
физики 1,560648 0,000099
физико-географическая 0,843970 0,000107
физиологические 3,506558 0,000223
физических 2,207275 0,000140
филармония 1,237874 0,000079
филатова 2,659260 0,000169
филиал 0,798508 0,000355
филиалов 1,347074 0,000086
филин 2,813411 0,000179
фильм 1,386294 0,000088
фильмов 1,660731 0,000106
фильтровальная 3,912023 0,000497
фильтровальные 3,912023 0,000497
фильтровальных 3,912023 0,000249
финалист 2,813411 0,000179
финансированием 2,995732 0,000190
финансов 1,897120 0,000362
финансово-деловой 3,912023 0,000497
финансово-деловых 3,912023 0,000249
финансово-кредитных 3,912023 0,000249
финансового 1,897120 0,000362
финансовый 1,609438 0,000307
финансовых 1,560648 0,000099
финансы 0,798508 0,000152
финмаркет 3,912023 0,000249
фитнес-центров 3,912023 0,000249
фифа 3,506558 0,000223
флаг 0,673345 0,000385
флага 1,832581 0,000233
флаге 2,207275 0,000140
флигели 3,218876 0,000205
флора 1,171183 0,000223
флоре 2,813411 0,000179
флористическим 3,912023 0,000249
флоры 2,207275 0,000140
фома 2,659260 0,000169
фонд -0,009950 -0,000004
фонда 1,309333 0,000666
форм 1,347074 0,000086
формам 2,659260 0,000169
форме 0,941609 0,000060
формировалась 3,506558 0,000223
формировали 3,506558 0,000223
формирование 1,078810 0,000549
формировании 1,897120 0,000121
формирования 1,108663 0,000141
формируется 1,832581 0,000349
форму 1,714798 0,000109
форум 1,609438 0,000102
форэс 3,912023 0,000249
фостера 3,912023 0,000497
фото 1,203973 0,000077
фотограф 2,995732 0,000190
фототип 0,000000 0,000000
фототипогравюрами 2,813411 0,000179
фпи 3,912023 0,000249
франции 1,609438 0,000102
французский 2,040221 0,000130
французского 2,659260 0,000169
фрг 2,995732 0,000381
фридман 3,506558 0,000223
фтизиопульмонологии 3,912023 0,000497
функции 1,049822 0,000133
функций 1,660731 0,000106
функционировало 2,995732 0,000190
функционирует 1,203973 0,000230
функционируют 1,427116 0,000181
футболу 1,560648 0,000198
футбольного 2,659260 0,000169
футбольной 2,525729 0,000161
футбольный 1,203973 0,000153
футбольным 3,218876 0,000205
футзальный 3,912023 0,000249
хабаровск 2,302585 0,000146
хай-тек 3,912023 0,000249
хальмг 0,000000 0,000000
ханты-мансийск 1,347074 0,000171
ханты-мансийского 3,218876 0,000205
характер 0,994252 0,000063
характерен 2,207275 0,000281
характеризуется 0,941609 0,000239
характеристика 0,713350 0,000091
характеристики 1,660731 0,000106
характерна 1,966113 0,000125
характерно 1,609438 0,000307
характерны 1,514128 0,000192
характерный 3,218876 0,000205
харитоновский 3,912023 0,000249
харитоновых 3,912023 0,000746
хвойных 2,659260 0,000169
химическое 2,207275 0,000140
химмаше 3,912023 0,000249
хирургический 3,912023 0,000249
хищников 3,218876 0,000409
хищных 2,995732 0,000381
хлебозавод 2,659260 0,000338
ходе 0,562119 0,000071
хозяйства 0,755023 0,000192
хозяйственной 2,120264 0,000135
хозяйство 0,713350 0,000272
хозяйствующих 2,995732 0,000190
хоккейная 2,040221 0,000130
хоккейного 3,218876 0,000205
хоккейной 1,966113 0,000125
хоккейный 1,660731 0,000211
хоккею 1,347074 0,000257
холдинг 2,040221 0,000259
холдингов 3,912023 0,000249
холмисто-увалистой 3,912023 0,000249
холмистых 3,912023 0,000249
холодного 1,966113 0,000125
хотела 3,912023 0,000249
хотели 3,218876 0,000205
хотя 0,653926 0,000042
храм 0,843970 0,000483
храм-колокольня 3,912023 0,000249
храм-на-крови 3,912023 0,000497
храма 1,272966 0,000324
храмов 1,386294 0,000176
храмом 1,897120 0,000121
храмы 1,049822 0,000200
храпят 3,912023 0,000249
хронология 1,771957 0,000113
хрустальный 3,506558 0,000223
художественного 1,714798 0,000109
художественной 1,469676 0,000093
художественный 1,171183 0,000074
художник 1,660731 0,000106
хуже 3,218876 0,000205
цари 3,912023 0,000249
цариков 3,912023 0,000249
царские 2,813411 0,000179
царским 2,995732 0,000190
царской 2,120264 0,000539
царскому 3,218876 0,000205
царственных 3,218876 0,000205
цвет 1,771957 0,000113
цвета 1,171183 0,000149
цветное 3,218876 0,000205
цветов 1,966113 0,000125
цветом 3,218876 0,000205
целенаправленная 3,912023 0,000249
целенаправленное 3,218876 0,000205
цели 1,660731 0,000106
целлюлозно-бумажное 3,506558 0,000223
целом 0,755023 0,000048
целые 2,120264 0,000135
целью 0,733969 0,000047
целях 1,171183 0,000074
цена 2,120264 0,000270
ценных 2,407946 0,000306
ценой 2,659260 0,000169
центр 0,400478 0,000814
центра 0,562119 0,000536
центральная 0,755023 0,000096
центрального 0,967584 0,000369
центральной 0,843970 0,000268
центральную 1,832581 0,000233
центральный 0,673345 0,000171
центральных 1,427116 0,000181
центрах 2,407946 0,000153
центре 0,673345 0,000300
центров 0,776529 0,000888
центров-производителей 3,912023 0,000249
центровые 3,912023 0,000249
центром 0,713350 0,000363
центру 1,966113 0,000250
центры 0,713350 0,000227
цены 2,040221 0,000130
церемония 2,207275 0,000140
церкви 0,916291 0,000233
церковная 3,506558 0,000223
церковное 3,506558 0,000223
церковь 0,843970 0,000375
цехах 3,506558 0,000223
цехов 3,218876 0,000205
цик 2,207275 0,000281
цикла 1,832581 0,000116
циклоны 2,659260 0,000169
цирк 1,078810 0,000411
цирка 1,832581 0,000233
циркового 3,506558 0,000446
цирковой 3,218876 0,000205
цирком 3,218876 0,000205
циркуляция 2,995732 0,000190
цифровые 0,673345 0,000043
цпкио 2,659260 0,000169
чайка 1,966113 0,000125
чайных 3,912023 0,000249
чаклина 3,912023 0,000497
час 1,714798 0,000109
часов 1,078810 0,000069
часовня 1,771957 0,000225
часовой 0,755023 0,000192
частей 1,139434 0,000217
части 0,198451 0,000151
частично 0,653926 0,000125
частного 2,207275 0,000140
частности 0,462035 0,000059
частные 1,514128 0,000096
частный 1,832581 0,000116
частным 2,525729 0,000161
частных 1,108663 0,000282
часто 0,415515 0,000026
частуха 3,912023 0,000249
часть 0,105361 0,000080
частями 1,714798 0,000218
чащин 3,912023 0,000249
чебоксары 1,171183 0,000074
чеглок 3,912023 0,000249
чеканившие 2,659260 0,000169
чеканилось 3,912023 0,000249
чекистов 3,218876 0,000614
чел 0,713350 0,000091
человек 0,400478 0,001349
человека 0,579818 0,000479
челябинск 0,994252 0,000316
челябинском 2,995732 0,000190
чемпион 1,660731 0,000950
чемпионами 2,813411 0,000179
чемпионат 1,237874 0,000315
чемпионата 1,309333 0,000166
чемпионатов 2,302585 0,000293
чемпионату 2,659260 0,000169
чемпионов 1,966113 0,000375
чередованием 3,218876 0,000205
чередуются 2,995732 0,000190
черемшанка 2,995732 0,000190
черкасов 3,506558 0,000223
черная 1,714798 0,000109
чернецкий 3,912023 0,000497
черника 2,813411 0,000179
черноусова 3,912023 0,000497
черта 2,302585 0,000146
черте 1,272966 0,000566
чертежам 2,995732 0,000190
чертово 3,912023 0,000497
черты 1,203973 0,000077
честь 0,562119 0,000250
четверку 3,506558 0,000223
четвертая 2,302585 0,000146
четвертое 2,040221 0,000389
четвертый 1,714798 0,000436
четкая 3,912023 0,000249
четкими 3,912023 0,000249
четыре 0,713350 0,000136
четырех 1,203973 0,000077
четырехзвенная 3,912023 0,000249
четырьмя 3,218876 0,000205
чехословацким 3,912023 0,000497
чечевица 3,912023 0,000249
числа 0,891598 0,000057
числе 0,248461 0,000332
численности 0,653926 0,000457
численность 0,653926 0,001496
численностью 1,049822 0,000133
численный 3,506558 0,000223
число 0,478036 0,000213
числу 1,514128 0,000385
чита 1,237874 0,000079
читать 2,302585 0,000146
читатьправитьправить 0,494296 0,000031
чкаловская 3,506558 0,000223
чкаловский 3,218876 0,000205
чкаловскийсм 3,912023 0,000249
чкаловского 3,912023 0,000249
члены 1,966113 0,000125
чрезвычайных 3,506558 0,000223
чуваши 1,237874 0,000079
чугунный 3,912023 0,000249
чусовое 3,912023 0,000249
чусовой 2,995732 0,000381
чусовское 3,912023 0,000249
чусовском 3,912023 0,000249
чья 2,302585 0,000146
шаблонами 0,634878 0,000040
шабровские 3,912023 0,000249
шабровский 3,912023 0,000249
шага 3,218876 0,000205
шакинко 3,912023 0,000249
шанхайской 3,912023 0,000249
шар 2,813411 0,000179
шаривари 3,912023 0,000497
шаркс 3,912023 0,000249
шарташ 3,506558 0,001337
шарташская 3,912023 0,000249
шарташские 3,912023 0,000249
шарташский 3,912023 0,000249
шарташского 3,912023 0,000249
шахта 2,995732 0,000571
шахты 2,995732 0,000190
шварцбрейн 3,912023 0,000249
швейных 3,912023 0,000249
швец 3,912023 0,000249
шеломенцев 3,912023 0,000249
шести 1,966113 0,000125
шестидесяти 3,218876 0,000205
шестой 2,302585 0,000146
шестым 3,912023 0,000249
шестью 2,995732 0,000190
шигирский 3,506558 0,000223
шиловка 3,912023 0,000249
шины 3,912023 0,000249
ширину 2,207275 0,000140
ширины 2,207275 0,000140
широкая 2,407946 0,000306
широкими 3,218876 0,000205
широко 0,673345 0,000043
широколистный 3,912023 0,000249
широком 2,120264 0,000135
широт 2,525729 0,000161
широте 2,207275 0,000140
широты 1,832581 0,000116
школ 0,994252 0,000063
школа 0,891598 0,000113
школы 0,673345 0,000043
школьников 1,966113 0,000125
шолохова 3,218876 0,000205
шос 2,813411 0,000715
шпилем 3,506558 0,000223
шредера 3,912023 0,000249
штаб 1,897120 0,000241
штаб-квартир 3,506558 0,000223
штаб-квартира 2,302585 0,000439
штабацентрального 3,912023 0,000249
штатная 3,506558 0,000223
шувакиш 3,912023 0,000746
шувалов 3,218876 0,000205
щелкунчик 3,912023 0,000249
щит 1,609438 0,000205
щита 1,771957 0,000113
щитовник 3,912023 0,000497
щитодержателей 3,912023 0,000249
щитолистный 3,912023 0,000249
эвакуированные 2,995732 0,000190
эвакуированных 2,525729 0,000321
эволюция 2,207275 0,000281
эгидой 2,302585 0,000146
экз 0,415515 0,000211
экземпляров 1,560648 0,000099
экзотических 3,218876 0,000205
эклектике 3,506558 0,000223
эклектику 3,912023 0,000249
экологии 1,203973 0,000077
экологическая 1,560648 0,000099
экологические 1,560648 0,000099
экологический 1,832581 0,000233
экологического 1,771957 0,000113
экологической 1,560648 0,000099
экологическому 3,912023 0,000249
экология 0,693147 0,000176
экологияреки 3,912023 0,000249
экономика 0,510826 0,000260
экономике 1,714798 0,000327
экономики 0,713350 0,000725
экономико-географ 3,912023 0,000249
экономику 1,897120 0,000241
экономическими 3,218876 0,000205
экономических 1,560648 0,000198
экономической 1,237874 0,000079
экономическую 2,120264 0,000135
эксперт 1,714798 0,000109
эксплуатацию 0,994252 0,000190
эксплуатация 2,659260 0,000169
экспо 3,912023 0,000249
экспозиции 1,714798 0,000109
экспонат 2,995732 0,000381
экспорт -0,009950 -0,000001
экстремально 3,506558 0,000223
электричка 2,207275 0,000281
электронного 1,897120 0,000121
электронный 1,469676 0,000093
электрооборудования 2,120264 0,000135
электропоезда 2,207275 0,000140
электростанции 2,302585 0,000146
элемент 1,897120 0,000121
элемент-трейд 3,912023 0,000249
элементами 1,832581 0,000116
элитных 2,813411 0,000179
элиту 3,912023 0,000249
элиты 2,995732 0,000190
элодея 3,912023 0,000249
эльбская 3,912023 0,000249
эльмаше 3,912023 0,000249
эмблему 3,506558 0,000223
энел 3,912023 0,000249
энергетический 2,525729 0,000161
энергетического 3,506558 0,000223
энциклопедии -0,009950 -0,000001
энциклопедия 0,210721 0,000161
эпидемию 3,912023 0,000249
эпоха 1,771957 0,000113
эпохи 1,139434 0,000072
эпоху 1,386294 0,000088
эрзянь 0,000000 0,000000
эрмитаж 2,407946 0,000153
эрнста 3,218876 0,000409
эры 1,560648 0,000198
эстрады 2,659260 0,000338
эта 0,000000 0,000000
этажа 3,218876 0,000409
этажей 2,995732 0,000571
этап 1,427116 0,000091
этапе 1,714798 0,000109
этапы 1,714798 0,000109
этим 0,693147 0,000088
этих 0,400478 0,000051
этнической 2,659260 0,000169
это 0,000000 0,000000
этому 0,755023 0,000192
эффективности 1,609438 0,000205
ю-в 0,000000 0,000000
ю-з 0,000000 0,000000
юбилейный 0,820981 0,000104
ювелирного 3,912023 0,000746
ювелирных 2,995732 0,000190
юга 1,171183 0,000074
юго-западе 2,302585 0,000146
юго-западного 2,407946 0,000153
юго-западной 2,302585 0,000146
юго-западный 2,207275 0,000140
югорский 3,506558 0,000223
югорского 3,506558 0,000223
южно-таежной 3,912023 0,000249
южно-таежными 3,912023 0,000249
южной 0,733969 0,000047
южную 1,832581 0,000116
южный 0,755023 0,000096
юлия 2,407946 0,000306
юнеско 1,660731 0,000106
юного 1,560648 0,000099
юность 1,771957 0,000113
юношеского 2,813411 0,000179
юридическое 2,995732 0,000190
юрисдикция 2,813411 0,000179
яблоко 3,218876 0,000205
явка 3,506558 0,000446
явления 1,771957 0,000113
является 0,094311 0,000156
являлась 2,040221 0,000130
являлся 1,347074 0,000342
являются 0,248461 0,000047
ядра 2,407946 0,000306
ядром 1,832581 0,000116
язвы 3,912023 0,000249
язык 0,116534 0,000015
языками 1,386294 0,000176
языках -0,009950 -0,000001
языки 1,309333 0,000083
якоба 3,912023 0,000249
яков 2,040221 0,000130
якова 2,995732 0,000190
якову 3,218876 0,000205
якутск 1,203973 0,000077
яма 2,995732 0,000190
ямало-ненецкого 3,218876 0,000205
ями 0,000000 0,000000
янв 0,820981 0,000052
января 0,116534 0,000400
яркими 2,995732 0,000190
ярославль 1,078810 0,000069
ясная 2,525729 0,000161
ясностивикипедия 3,218876 0,000205
ястребиная 3,912023 0,000249
ящерица 3,506558 0,000223
