абиотическая 3,912023 0,000537
абхазов 3,912023 0,000537
авар 3,912023 0,000537
августа 0,072571 0,000060
австралии 3,218876 0,001768
австралийские 3,912023 0,000537
австралия 2,040221 0,000560
авторства -0,009950 -0,000001
авшати 3,912023 0,000537
агентство 1,049822 0,000288
агиографическими 3,912023 0,000537
агрессивной 3,912023 0,000537
агролесоводство 3,912023 0,000537
адаптации 2,995732 0,000411
административно-правовые 3,912023 0,000537
адыгэбзэ 0,000000 0,000000
ажвейпш 3,912023 0,000537
аза 3,912023 0,000537
азии 0,916291 0,000503
азия 1,897120 0,001823
азотом 3,506558 0,000481
аид 3,912023 0,000537
академия 0,798508 0,000219
аккадской 3,912023 0,000537
аккумулировано 3,912023 0,000537
активна 3,912023 0,000537
активно 0,755023 0,000207
активным 2,407946 0,000331
алг 3,912023 0,000537
аллегорического 3,912023 0,000537
аллегорической 3,912023 0,000537
алтая 2,659260 0,000365
алфавитустатьи 2,813411 0,000386
альтернативная 2,659260 0,000365
америка 2,040221 0,001961
америке 2,302585 0,001264
америки 1,966113 0,002969
аналогичной 3,912023 0,000537
англ 0,174353 0,000072
англии 2,407946 0,000331
андреев 2,040221 0,000280
антарктида 2,995732 0,000411
антипотребительство 3,912023 0,000537
антропогенное 2,995732 0,000411
антропогенными 3,218876 0,000442
антропогенных 2,525729 0,000347
антропоморфного 3,912023 0,000537
апологетические 3,912023 0,000537
аппалачах 3,912023 0,000537
апреля 0,174353 0,000168
апсати 3,912023 0,000537
апсаты 3,912023 0,000537
араукарии 3,912023 0,000537
арберзее 3,912023 0,000537
арбористика 3,912023 0,000537
ареал 3,506558 0,000481
ареалы 3,912023 0,000537
арктотретичной 3,912023 0,000537
арктотретичный 3,912023 0,000537
арминий 3,912023 0,000537
арнольда 3,218876 0,000442
архей 3,912023 0,000537
архив 0,462035 0,000127
архивированная 1,560648 0,000857
архивировано 0,020203 0,000108
архивная 0,400478 0,000165
архитектуру 2,995732 0,000411
аскетического 3,912023 0,000537
аспекты 2,120264 0,000291
ассоциировался 3,506558 0,000481
аст 0,820981 0,000113
астр 3,912023 0,000537
атлантический 2,040221 0,000280
атлас 1,272966 0,000175
атмосфера 2,525729 0,000347
атмосфере 2,302585 0,000632
атмосферные 2,813411 0,000386
атмосферу 1,514128 0,000416
атмосферы 1,469676 0,000404
атрибутов 2,813411 0,000386
аудит 3,218876 0,000442
африка 2,120264 0,002329
африканских 3,506558 0,001444
африке 2,659260 0,000365
африки 2,120264 0,000873
афсати 3,912023 0,001074
аэрации 2,995732 0,000411
аэрозольные 3,506558 0,000481
бабы-яги 3,912023 0,000537
база 0,916291 0,000126
базельская 3,912023 0,000537
базой 2,040221 0,000560
бай 3,506558 0,000481
байанаю 3,912023 0,000537
бактерий 3,218876 0,000884
бактерицидными 3,912023 0,000537
баланс 1,832581 0,000252
балкарский 3,912023 0,000537
бамбука 3,912023 0,000537
бамбути 3,912023 0,001074
баргузинских 3,912023 0,000537
барокко 1,560648 0,000214
барьеров 2,995732 0,000411
бассейн 1,078810 0,000296
баш 3,506558 0,000481
баян 3,912023 0,000537
беден 3,912023 0,001074
беднее 2,995732 0,000411
бедствие 3,218876 0,000442
бедствий 3,912023 0,000537
безвредным 3,912023 0,000537
безлесной 3,912023 0,000537
безлесные 3,912023 0,000537
безлесным 3,912023 0,000537
безлесными 3,912023 0,000537
безлесных 3,506558 0,000481
безмолвии 3,912023 0,000537
безмолвия 3,912023 0,000537
безопасность 1,469676 0,000202
безумного 3,912023 0,000537
беклина 3,912023 0,000537
беларуси 2,207275 0,000303
беларуская 0,000000 0,000000
белгородчина 3,912023 0,000537
белка 2,813411 0,000386
беловежской 3,912023 0,000537
берегам 1,897120 0,000260
берегу 0,616186 0,000085
берез 3,912023 0,000537
березовые 2,995732 0,000411
березы 2,813411 0,000386
бересклет 3,912023 0,000537
беседы 3,912023 0,000537
беспозвоночные 3,218876 0,000442
беспозвоночными 3,506558 0,000481
бесполезности 3,912023 0,000537
бессознательной 3,912023 0,000537
библейская 3,912023 0,000537
библиографических 0,094311 0,000013
бизоны 3,912023 0,000537
билибин 3,912023 0,000537
биогеоценоз 3,912023 0,000537
биологическая 2,995732 0,000411
биологические 2,407946 0,000331
биологических 2,659260 0,001095
биологическое 3,506558 0,000481
биологическом 3,912023 0,000537
биом 2,995732 0,000411
биомассе 3,912023 0,000537
биомом 3,912023 0,000537
биоразнообразие 3,218876 0,000884
биос 3,912023 0,000537
биосфера 2,995732 0,000823
биосферы 3,912023 0,000537
биота 3,506558 0,000963
биотоплива 3,912023 0,000537
биотопливо 3,912023 0,000537
благодаря 0,527633 0,000435
благодатная 3,912023 0,000537
благоприятная 3,506558 0,000481
благоприятно 3,218876 0,000442
благотворно 3,912023 0,000537
ближе 2,120264 0,000291
близки 2,813411 0,000386
близким 3,218876 0,000442
близнецов 3,912023 0,000537
близнечные 3,912023 0,000537
близость 2,659260 0,000730
бобров 3,218876 0,000884
бога 2,659260 0,000730
богата 2,659260 0,000365
богаты 2,659260 0,000365
богатый 2,659260 0,000365
богатыми 2,995732 0,000411
богатырями 3,912023 0,000537
богов 3,218876 0,000884
божества 3,912023 0,003222
болезней 2,525729 0,000347
болезнетворные 3,912023 0,000537
болезням 3,912023 0,000537
болот 3,218876 0,000884
болотный 2,995732 0,000411
большаков 3,218876 0,000442
большая 0,072571 0,000239
большей 1,078810 0,000148
большие 0,891598 0,000490
большинства 1,609438 0,000221
большинство 0,597837 0,000328
большое 0,544727 0,000449
большой 0,328504 0,000045
большую 0,891598 0,000367
бонитет 3,912023 0,002148
бонитировочная 3,912023 0,000537
бореальная 3,912023 0,000537
борисов 2,659260 0,000365
борисова-мусатова 3,506558 0,000481
борьба 1,897120 0,000781
борьбе 1,469676 0,000202
борьбы 1,386294 0,000190
ботанических 3,506558 0,001444
бразилия 2,525729 0,000347
бразильского 3,506558 0,000481
браконьерство 3,218876 0,000442
брали 2,995732 0,000411
братьями 3,218876 0,000442
бревенчатые 3,506558 0,000481
брейгеля 3,912023 0,000537
брокгауза 0,328504 0,000361
бросаемых 3,912023 0,000537
брянские 3,912023 0,000537
бсэ 2,120264 0,000291
будущее 1,386294 0,000190
будущему 2,407946 0,000331
буйволом 3,912023 0,000537
бук 3,218876 0,000884
бука 3,912023 0,000537
букв 2,407946 0,000661
буковый 3,912023 0,000537
бумаги 2,525729 0,000347
бурундук 3,218876 0,000442
бурый 2,659260 0,000365
буряад 0,000000 0,000000
бурят 3,218876 0,000442
бурятия 2,525729 0,000347
бурятские 3,506558 0,000481
буряты 1,714798 0,000235
български 0,000000 0,000000
бывает 1,660731 0,000456
быков 2,995732 0,000411
быстрее 2,040221 0,000280
быстро 1,139434 0,000156
быстрому 2,813411 0,000386
бюллетень 2,659260 0,000365
важна 3,218876 0,000442
важнейшим 2,407946 0,000331
важнейших 1,832581 0,000503
важнейшую 3,218876 0,000442
важно 2,120264 0,000291
важное 2,207275 0,000303
важную 1,771957 0,000487
важны 2,659260 0,000730
валежник 3,912023 0,006982
валежнике 3,912023 0,001074
вальдивские 3,912023 0,000537
вара 3,912023 0,000537
вариант 1,386294 0,000190
вашла 0,000000 0,000000
вдоль 0,755023 0,000207
ведения 1,832581 0,000252
ведет 1,203973 0,000165
ведьм 3,912023 0,000537
ведьмы 3,912023 0,000537
век 0,733969 0,000101
века 0,248461 0,000102
веках 1,021651 0,000281
веке 0,597837 0,000164
велика 2,407946 0,000331
великая 1,514128 0,000208
великих 1,832581 0,000252
велико 2,407946 0,000331
великобритании 1,897120 0,000260
венская 3,912023 0,000537
вергилия 3,506558 0,000963
верную 3,912023 0,000537
верованиях 3,912023 0,000537
вероятность 2,407946 0,000331
версия -0,009950 -0,000003
вертикальным 3,912023 0,000537
верхнего 1,609438 0,000221
верхнем 1,771957 0,000243
верхние 2,207275 0,000606
верхний 1,427116 0,000196
вершин 3,218876 0,000884
вершинами 3,218876 0,000442
вершинки 3,912023 0,000537
вершины 2,302585 0,000316
весенних 3,506558 0,000481
весной 1,049822 0,000144
вестн 3,912023 0,000537
ветви 1,897120 0,000260
ветвями 3,506558 0,000481
ветер 1,832581 0,000252
веток 2,813411 0,000386
ветра 1,049822 0,000144
ветровой 3,506558 0,000481
ветрозащитные 3,912023 0,000537
ветроэнергетика 3,912023 0,000537
вечнозеленые 3,912023 0,004297
вечнозеленый 3,912023 0,000537
вечнозелеными 3,912023 0,001074
веществ 1,171183 0,000804
вещества 2,207275 0,000909
взаимодействует 2,995732 0,000411
взаимозависимы 3,912023 0,000537
взаимоотношениями 3,912023 0,000537
взросления 3,912023 0,000537
взрыв 2,120264 0,000291
взрыва 2,813411 0,000386
вида 1,386294 0,000190
видам 1,560648 0,000429
видами 1,469676 0,000202
виде 0,235722 0,000065
видов 0,616186 0,001269
видовое 3,912023 0,000537
видовой 3,912023 0,001074
видовым 3,912023 0,000537
видом 1,514128 0,000208
виды 0,798508 0,000548
викиданных -0,009950 -0,000001
викимедиа -0,009950 -0,000001
википедии -0,009950 -0,000003
википедия -0,009950 -0,000010
викисклад 1,897120 0,000260
викискладвикиновостивикицитатникэлемент 2,525729 0,000347
викискладе 0,174353 0,000024
викисловарецитаты 1,108663 0,000152
викисловарьвикипедия 1,309333 0,000180
викитекемедиафайлы 1,272966 0,000175
викитеку 1,347074 0,000185
викицитатник 1,272966 0,000175
викицитатникетексты 1,427116 0,000196
вита 3,912023 0,000537
включает 0,462035 0,000127
включаться 3,218876 0,000884
включая 0,527633 0,000145
влагоемкость 3,912023 0,000537
владивосток 1,897120 0,000260
влажного 3,912023 0,000537
влажности 2,659260 0,000365
влажные 2,813411 0,001545
влажным 3,218876 0,000884
влажных 2,813411 0,000772
властвует 3,912023 0,000537
власти 0,634878 0,000087
влияет 1,832581 0,000252
влияли 3,218876 0,000442
влияние 0,776529 0,000959
влиянием 1,897120 0,000781
влияния 1,609438 0,000221
влияют 2,659260 0,001095
влияющим 2,995732 0,000411
вместе 0,510826 0,000351
вместо 0,798508 0,000110
вмешательство 3,912023 0,000537
вмешательством 3,506558 0,000963
вне 1,560648 0,000214
внешние 0,051293 0,000007
внеярусная 3,912023 0,001074
вниилм 3,912023 0,002685
внимания 1,897120 0,000260
внутрь 3,506558 0,000481
вод 1,078810 0,000148
вода 1,203973 0,000331
воде 1,966113 0,000270
водно-воздушного 3,912023 0,000537
водной 2,120264 0,000291
водный 1,237874 0,000170
водоемов 1,966113 0,000540
водопроницаемость 3,912023 0,000537
водоразделах 3,506558 0,000481
водоросли 2,659260 0,000730
воды 0,653926 0,000359
военачальника 2,813411 0,000386
военного 1,309333 0,000180
возвышающихся 3,912023 0,000537
воздействию 2,995732 0,000411
воздействия 1,714798 0,000942
воздух 1,660731 0,000684
воздуха 0,733969 0,000202
воздухе 2,302585 0,000316
возможен 2,120264 0,000291
возможно 0,867501 0,000119
возможности 0,891598 0,000122
возможность 0,616186 0,000085
возникают 1,714798 0,000235
возникновение 1,897120 0,000260
возникновения 1,469676 0,000202
возобновлению 3,912023 0,000537
возобновляемая 3,506558 0,000481
возобновляемые 3,912023 0,000537
возраст 1,897120 0,000521
возраста 1,560648 0,001500
возрасте 1,714798 0,000706
возрастную 3,912023 0,000537
возрастных 3,218876 0,000442
возрастом 3,218876 0,000442
возрождения 1,966113 0,000270
возросли 3,506558 0,000481
войне 1,049822 0,000432
войны 0,478036 0,000197
войск 1,347074 0,000185
войско 2,040221 0,000280
волгогр 3,912023 0,000537
волос 3,506558 0,000481
волшебные 0,040822 0,000006
волшебных 3,506558 0,000481
вооруженными 2,995732 0,000411
воплощается 3,912023 0,000537
воплощал 3,912023 0,000537
воплощен 3,506558 0,000481
воплощение 3,218876 0,000442
воплощений 3,912023 0,000537
воробьев 2,995732 0,002056
воробьиных 3,912023 0,000537
воскресенье 1,771957 0,000243
воспитание 2,995732 0,000411
воспринимаемой 3,912023 0,000537
воспроизводство 3,912023 0,000537
воспроизводству 3,506558 0,000481
восстановлению 2,207275 0,000909
восстановления 1,897120 0,000521
востока 1,078810 0,000148
востоке 1,108663 0,000457
восточная 1,309333 0,000360
восточной 0,693147 0,000095
восточном 1,897120 0,000260
восточных 1,897120 0,001042
впервые 0,385662 0,000053
вплоть 1,108663 0,000457
враждебного 3,506558 0,000481
враждебны 3,912023 0,000537
вращение 3,218876 0,000442
вредных 2,120264 0,000291
временным 2,813411 0,000386
время 0,030459 0,000054
всей 0,693147 0,000190
всем 0,891598 0,000122
всеми 1,386294 0,000190
всемирный 1,966113 0,000810
всему 1,272966 0,000175
вследствие 1,203973 0,000165
встречается 1,203973 0,000661
встречаются 1,272966 0,000874
встречаясь 3,912023 0,000537
вступил 2,302585 0,000316
всходы 3,912023 0,000537
вторичные 3,506558 0,000481
вторичным 3,912023 0,000537
второв 3,912023 0,000537
второй 0,274437 0,000113
втором 1,660731 0,000228
вход 1,897120 0,000260
входы 3,912023 0,000537
входят 0,713350 0,000196
выбирают 2,995732 0,000411
выборе 2,995732 0,000411
выветривания 3,218876 0,000442
выделить 1,386294 0,000190
выделяемого 3,506558 0,000481
выделяет 2,995732 0,000411
выделяют 1,609438 0,000442
выживание 3,912023 0,000537
выживают 3,912023 0,000537
вызвавшее 3,912023 0,000537
вызывает 1,427116 0,000196
выкорчеванных 3,912023 0,000537
вымерли 3,912023 0,000537
вымирание 3,506558 0,000481
вынуждены 2,659260 0,000365
выпадает 1,203973 0,000165
выполняет 1,832581 0,000252
выраженным 3,218876 0,000442
выраженными 2,995732 0,000411
выразительными 3,506558 0,000481
вырастают 3,506558 0,000481
вырасти 3,218876 0,000884
выросли 2,407946 0,000331
выросшими 3,506558 0,000481
вырубить 3,912023 0,000537
вырубка 2,659260 0,000730
вырубках 3,912023 0,000537
вырубки 3,218876 0,000884
вырубленных 3,506558 0,000481
высказано 3,506558 0,000481
высокие 1,560648 0,000214
высоким 1,514128 0,000208
высокими 1,966113 0,000270
высоких 1,237874 0,000340
высокой 1,272966 0,000350
высококалорийных 3,912023 0,000537
высоком 2,040221 0,000560
высокоствольные 3,912023 0,000537
высокоствольными 3,912023 0,000537
высоте 1,514128 0,000624
высотной 2,995732 0,000411
высотой 1,108663 0,000152
высоту 2,207275 0,000909
высоты 1,427116 0,000588
выступает 1,347074 0,000185
выступать 2,407946 0,000331
выступают 2,040221 0,000280
высшего 1,427116 0,000196
высших 1,078810 0,000148
вытеснять 3,506558 0,000481
вытесняя 3,912023 0,000537
выходом 2,407946 0,000331
вьетнаме 3,506558 0,000481
вьющиеся 3,912023 0,000537
вьющихся 3,912023 0,000537
вяз 2,995732 0,000823
газа 1,309333 0,000539
газовый 3,218876 0,000442
галльской 3,912023 0,001074
гарях 3,912023 0,000537
гвардия 2,525729 0,000694
гевара 3,912023 0,000537
гектаров 1,771957 0,000243
гемигилеи 3,912023 0,000537
географии 1,609438 0,000221
географические 0,713350 0,000098
географический 1,832581 0,000503
географическим 2,040221 0,000280
географических 1,139434 0,000156
географической 0,798508 0,000110
география 0,462035 0,000254
географияи 3,218876 0,000442
геоид 3,218876 0,000442
геологическая 2,525729 0,000347
геология 1,966113 0,000270
геотермальная 3,912023 0,000537
геохимическом 3,912023 0,000537
геохронологическая 3,218876 0,000884
геоэкология 3,218876 0,000442
германии 1,427116 0,000588
германская 3,506558 0,000481
германскими 3,218876 0,000442
германских 2,659260 0,000365
германцами 3,912023 0,000537
германцев 3,912023 0,000537
гермундуров 3,912023 0,000537
героем 3,506558 0,000481
герои 2,207275 0,000303
герой 1,560648 0,000429
герцинского 3,912023 0,000537
гигантская 3,506558 0,000481
гигантские 2,995732 0,000823
гигантских 3,218876 0,000442
гигантского 2,813411 0,000386
гидрологический 2,659260 0,000730
гидрологическими 3,912023 0,000537
гидросфера 2,995732 0,000823
гидроэнергетики 3,506558 0,000481
гильгамеш 3,912023 0,001074
гинкго 3,912023 0,000537
гинкговых 3,912023 0,001074
гипнеротомахии 3,912023 0,000537
гипотетические 3,218876 0,000442
глава 0,673345 0,000092
главная 1,078810 0,000444
главной 0,941609 0,000129
главный 0,916291 0,000126
главным 0,967584 0,000266
глобальная 2,995732 0,000411
глобального 2,407946 0,000661
глобальное 2,525729 0,001734
глобальном 3,912023 0,000537
глобальную 3,506558 0,000481
глобальные 2,995732 0,000411
глоссарий 3,218876 0,000442
глубже 2,659260 0,000365
глубине 2,525729 0,000347
глубокие 2,995732 0,000411
глубокому 3,506558 0,000481
глубь 2,995732 0,000411
гляциалов 3,912023 0,000537
гм-дерево 3,912023 0,000537
гниения 3,506558 0,000481
гниющие 3,912023 0,000537
говорят 2,040221 0,000280
гоголя 2,407946 0,000331
год 0,235722 0,000162
года -0,009950 -0,000059
годавикипедия 0,616186 0,000085
годами 2,302585 0,000316
годовой 1,897120 0,000260
году 0,072571 0,000030
головной 2,525729 0,000347
голосеменные 3,912023 0,000537
голосеменных 3,912023 0,000537
голоцен 3,912023 0,001074
гор 1,309333 0,000360
гора 1,139434 0,000626
горах 1,714798 0,000942
горбами 3,912023 0,000537
горения 3,506558 0,000481
горизонты 2,995732 0,000411
горкина 3,912023 0,002148
горные 1,832581 0,000755
горный 1,832581 0,001006
горных 1,966113 0,000270
город 0,544727 0,000150
города 0,430783 0,000059
городе 0,693147 0,000095
городское 1,203973 0,000165
горообразования 3,506558 0,000963
гос 1,609438 0,000221
господства 2,995732 0,000411
государства 0,843970 0,000116
государстве 2,525729 0,000347
государственного 0,616186 0,000085
государственном 1,714798 0,000235
граба 3,506558 0,000481
гравитационное 3,218876 0,000442
гражданами 2,302585 0,000316
граница 1,139434 0,000156
графики 2,120264 0,000291
гребень 3,218876 0,000442
гребешка 3,912023 0,000537
греции 1,560648 0,000214
греческой 2,659260 0,000365
грибным 3,506558 0,000481
грибов 3,218876 0,000442
грибы 2,813411 0,001545
громадное 3,912023 0,000537
громадных 3,912023 0,000537
громко 3,912023 0,000537
грубостебельными 3,912023 0,000537
грузии 1,771957 0,000243
грузин 2,813411 0,000386
грунтов 2,813411 0,000386
групп 1,514128 0,000624
группой 2,120264 0,000291
группы 0,634878 0,000261
грызунов 2,813411 0,000386
грызуны 2,813411 0,000386
гуд 3,912023 0,000537
гуманиста 3,912023 0,000537
гумилев 3,218876 0,000442
гумилева 3,912023 0,000537
гумус 3,912023 0,000537
густонаселенный 3,912023 0,000537
густота 3,506558 0,000481
густые 3,218876 0,000884
густым 3,218876 0,000442
густыми 3,912023 0,000537
давали 2,207275 0,000303
давление 2,302585 0,000316
давших 3,912023 0,000537
дагачан 3,912023 0,000537
дает 1,203973 0,000165
даймонд 3,912023 0,000537
далее 0,693147 0,000095
дали 2,120264 0,000291
дальнейшее 1,832581 0,000252
дальнейшем 1,309333 0,000180
дальнем 2,040221 0,000840
даля 2,207275 0,000303
даниитуннельное 3,912023 0,000537
данной 1,609438 0,000442
данном 2,040221 0,000280
данные 0,510826 0,000070
данных 0,616186 0,000254
данте 3,912023 0,000537
даров 3,912023 0,000537
дары 3,912023 0,000537
дата 0,030459 0,000100
датская 0,342490 0,000047
двигательную 3,912023 0,000537
движение 0,820981 0,000113
движущемся 3,912023 0,000537
дворцов 2,525729 0,000347
двулопастный 3,912023 0,000537
двумя 1,021651 0,000281
двух 0,462035 0,000127
девон 3,912023 0,000537
девонский 3,912023 0,000537
девственные 3,218876 0,000442
девственный 3,912023 0,001074
девственным 3,912023 0,000537
девять 1,714798 0,000235
деготь 3,912023 0,000537
дедю 3,912023 0,001611
действия 1,427116 0,000392
действовать -0,009950 -0,000001
декабрь 1,108663 0,000152
декабря 0,105361 0,000116
декларация 3,506558 0,000481
делает 1,771957 0,000243
делятся 2,525729 0,000347
демографический 2,813411 0,000386
демографического 2,995732 0,000411
демократическая 3,218876 0,000442
демонов 3,912023 0,000537
дендрология 3,912023 0,001074
дендрометрия 3,912023 0,000537
день 0,562119 0,000077
деревню 2,813411 0,000386
дерево 2,120264 0,001164
деревообрабатывающей 2,995732 0,000411
деревьев 1,469676 0,006255
деревья 2,120264 0,004657
деревьями 3,218876 0,002210
деревянистыми 3,912023 0,000537
деревянного 2,207275 0,000303
деревянной 2,120264 0,000291
деревянными 2,813411 0,000386
держит 2,525729 0,000347
деятельности 0,446287 0,000184
деятельность 0,653926 0,000090
деятельностью 1,714798 0,000235
деятельных 3,912023 0,000537
джаред 3,912023 0,000537
джок 3,912023 0,000537
джорджоне 3,912023 0,000537
джунгли 2,813411 0,000772
дикаря 3,912023 0,000537
дикая 2,813411 0,000386
дикой 2,813411 0,001545
динамика 1,427116 0,000196
дифференцированными 3,912023 0,000537
дичи 3,912023 0,000537
дичь 3,506558 0,000481
длится 2,040221 0,000280
доброе 2,995732 0,000411
добрынина 3,912023 0,000537
довольно 0,891598 0,000122
дождевой 2,659260 0,000730
дождевые 3,218876 0,001326
докембрий 3,912023 0,000537
документально 2,995732 0,000411
долганы 2,813411 0,000386
долго 2,525729 0,000347
долговременный 3,218876 0,000442
должно 1,714798 0,000235
долинах 3,218876 0,000442
дом 0,562119 0,000309
дома 0,798508 0,000110
доминировать 3,506558 0,000963
доминирующими 3,912023 0,000537
домом 2,302585 0,000316
доп 0,597837 0,000410
дополнительные -0,009950 -0,000001
дорог 0,891598 0,000245
достаточно 0,820981 0,000113
достичь 2,302585 0,000316
доступен -0,009950 -0,000001
дотет 3,912023 0,000537
драконов 3,912023 0,000537
древесина 2,995732 0,000411
древесине 3,506558 0,000481
древесину 3,912023 0,000537
древесины 2,525729 0,000694
древесная 2,995732 0,000411
древесно-кустарниковые 3,912023 0,000537
древесной 3,912023 0,002148
древесные 3,218876 0,001326
древесных 2,995732 0,002056
древнего 1,832581 0,000252
древней 1,560648 0,000214
древнейший 2,813411 0,000386
древнеяпонскому 3,912023 0,000537
древние 1,560648 0,000214
древних 1,469676 0,000605
древовидные 3,912023 0,000537
древовидных 3,912023 0,000537
древостое 3,912023 0,000537
древостоев 3,912023 0,000537
древостой 3,912023 0,002148
древостоя 3,912023 0,002148
дрейф 2,995732 0,000411
дрова 3,912023 0,000537
дрозды 3,506558 0,000481
другие 0,030459 0,000038
другими 0,616186 0,000423
других -0,009950 -0,000027
дуалистическая 3,912023 0,000537
дуб 2,659260 0,000730
дуба 2,995732 0,000411
дубов 2,995732 0,000411
дубрава 2,995732 0,000411
дудки 3,912023 0,001611
думка 3,506558 0,001444
дух 3,506558 0,003851
духа 2,302585 0,000948
духах 3,912023 0,000537
духи 3,506558 0,000481
духов 3,912023 0,000537
духом 3,912023 0,000537
душа 3,506558 0,000481
дыры 3,912023 0,000537
дыхания 2,659260 0,000365
дятлы 3,506558 0,000481
евразии 1,609438 0,000221
евразия 2,120264 0,000291
еврейская 0,843970 0,000116
европа 0,941609 0,000388
европе 0,916291 0,000126
европейской 0,891598 0,000122
европу 1,714798 0,000235
европы 0,673345 0,000277
единая 1,469676 0,000202
единица 1,609438 0,000221
единорогами 3,912023 0,000537
единстве 3,912023 0,000537
единственный 1,171183 0,000161
ели 2,525729 0,000347
еловый 3,912023 0,000537
ель 2,407946 0,000992
естественного 2,207275 0,000606
естественное 2,525729 0,000694
естественную 3,506558 0,000481
естественные 1,897120 0,000781
естественными 3,218876 0,000884
естественных 1,771957 0,000973
ефрона 0,328504 0,000361
жажда 3,912023 0,000537
железнодорожного 0,967584 0,000133
желудочно-кишечного 3,506558 0,000481
женского 2,040221 0,000560
женщина 3,218876 0,000442
женщинами 3,506558 0,000481
женщины 1,714798 0,000471
жестколиственные 3,912023 0,001074
жестколистные 3,912023 0,001611
жестколистных 3,912023 0,000537
живет 2,207275 0,000303
живой 2,207275 0,000909
живописи 1,771957 0,000243
живопись 2,525729 0,000347
животноводства 3,218876 0,000442
животного 2,995732 0,000411
животное 2,302585 0,000632
животные 1,714798 0,001177
животный 1,714798 0,000471
животным 2,525729 0,000347
животными 3,506558 0,000481
животных 1,203973 0,002314
живут 1,771957 0,000487
живущей 3,912023 0,000537
живые 2,995732 0,000823
живых 2,525729 0,000347
жизненной 3,912023 0,000537
жизнеспособность 3,912023 0,000537
жизни 0,562119 0,000386
жизнь 0,693147 0,000761
жилью 3,218876 0,000442
жилья 1,514128 0,000208
журнал 0,510826 0,000140
журнала 1,427116 0,000392
забираются 3,912023 0,000537
заброшенных 3,506558 0,000481
завалы 3,506558 0,000481
зависимости 0,798508 0,000438
зависит 1,560648 0,000857
заглавная -0,009950 -0,000001
загородных 3,218876 0,000442
загрязнение 1,309333 0,001438
загрязнения 1,203973 0,000331
задержать 3,506558 0,000481
задерживает 3,912023 0,000537
задом 3,912023 0,000537
закате 3,218876 0,000442
заключалась 2,995732 0,000411
законодательство 2,407946 0,000331
закономерности 2,407946 0,000331
закреплению 3,912023 0,000537
закрываться 3,912023 0,000537
закрываются 3,218876 0,000442
закрыться 3,912023 0,000537
замедляя 3,912023 0,000537
заменить 0,562119 0,000077
заметен 3,218876 0,000442
заметна 3,506558 0,000963
заметно 1,832581 0,000503
заметным 3,218876 0,000884
занимает 0,616186 0,000085
занимается 1,386294 0,000190
занимали 2,302585 0,000316
занимались 2,407946 0,000331
занимают 1,347074 0,000740
занимая 2,040221 0,000280
заняты 2,207275 0,000303
занятые 3,218876 0,000884
запад 1,427116 0,000196
запада 1,021651 0,000140
западе 1,347074 0,000740
западная 1,560648 0,000643
западной 0,994252 0,000136
западносибирские 3,912023 0,000537
западную 2,040221 0,000280
западных 1,771957 0,000243
запасенного 3,912023 0,000537
запасено 3,912023 0,000537
запасов 2,207275 0,000303
запасы 1,832581 0,000252
записках 2,659260 0,000365
записки 1,560648 0,000214
записьвойти -0,009950 -0,000001
заповедник 1,966113 0,000270
заповедника 2,525729 0,000347
заповедников 2,995732 0,000411
запрещении 3,506558 0,000481
запрещения 3,912023 0,000537
запрещено 2,040221 0,000280
зарегистрированный -0,009950 -0,000001
заросли 3,506558 0,000963
засечной 3,506558 0,000481
засоление 3,506558 0,000481
застегивает 3,912023 0,000537
засух 3,506558 0,000963
засуха 3,218876 0,000442
засухой 3,912023 0,000537
засушливого 3,506558 0,000481
засушливый 2,659260 0,000365
затемнение 3,506558 0,000481
затенения 3,912023 0,000537
затененной 3,912023 0,000537
защита 1,469676 0,000202
защите 1,897120 0,000260
защитник 3,218876 0,000442
защитные 3,218876 0,001768
защиту 1,897120 0,000260
защиты 0,941609 0,000517
защищает 2,995732 0,000411
заявление -0,009950 -0,000001
збекча 0,000000 0,000000
зверей 2,995732 0,002468
звериных 3,912023 0,000537
зверьем 3,912023 0,000537
зверя 3,506558 0,000481
здания 0,867501 0,000119
здоровье 1,609438 0,000221
здоровья 1,771957 0,000973
зейских 3,912023 0,000537
зеландии 3,506558 0,001444
зеленая 1,771957 0,000243
зеленое 2,525729 0,000347
зеленые 2,120264 0,000582
зеленый 1,347074 0,000370
земель 1,272966 0,000175
земле 0,994252 0,000546
земледелия 2,525729 0,000347
земли 0,634878 0,002005
землю 1,771957 0,000487
земля 1,139434 0,000313
земляистория 3,218876 0,000442
земноводных 3,506558 0,000481
земной 2,120264 0,000582
зимнего 1,966113 0,000270
зимний 1,660731 0,000228
зимой 0,713350 0,000098
злаками 3,912023 0,000537
злаков 2,995732 0,000411
зловещая 3,912023 0,000537
зловещего 3,912023 0,000537
злого 3,218876 0,000442
знак -0,009950 -0,000001
знаменитых 2,995732 0,000411
значение 0,314711 0,000432
значением 1,966113 0,000270
значений 1,609438 0,000442
значения 0,105361 0,000029
значительная 1,609438 0,000442
значительно 0,510826 0,000140
значительной 1,469676 0,000202
значительную 1,309333 0,000180
золотарника 3,912023 0,000537
зон 1,309333 0,000360
зона 0,891598 0,000612
зональные 3,506558 0,000481
зонам 3,218876 0,001768
зонах 2,120264 0,000582
зону 1,660731 0,000456
зоны 0,755023 0,001037
зоогеографических 3,912023 0,000537
зооморфные 3,912023 0,000537
зооморфный 3,912023 0,000537
зооморфным 3,912023 0,001074
иван 0,843970 0,000116
иванов 1,560648 0,000429
игнорировать 2,995732 0,000411
играет 1,386294 0,000381
играла 2,995732 0,000411
играли 2,407946 0,000331
играют 2,525729 0,000347
идеи 1,714798 0,000235
идет 1,078810 0,000148
идзанаки 3,912023 0,000537
идзанами 3,912023 0,000537
идущего 3,912023 0,000537
из-за 0,415515 0,000399
избыточным 3,506558 0,000481
известно 1,237874 0,000170
известны 1,309333 0,000180
изд 0,314711 0,000864
издавна 2,207275 0,000303
издание 0,776529 0,000107
издательский 1,514128 0,000208
издательство 0,510826 0,000070
изменении 2,302585 0,000316
изменений 1,272966 0,000175
изменению 2,302585 0,000316
изменения 0,562119 0,000077
изменениями 1,427116 0,000196
изменяется 1,771957 0,000243
изменяют 3,506558 0,000481
изобилию 3,912023 0,000537
изобразительном 3,506558 0,000481
изольды 3,912023 0,000537
изреживание 3,912023 0,000537
изучает 2,120264 0,000582
изучающая 2,813411 0,000772
изучение 1,514128 0,000416
изучения 1,272966 0,000350
иллюстрированная 2,995732 0,001645
имевшие 3,506558 0,000481
имевших 3,218876 0,000442
имеет 0,235722 0,000097
имеется 0,653926 0,000090
имело 2,302585 0,000632
имелось 2,207275 0,000303
имена 1,832581 0,000755
именно 0,544727 0,000075
именуется 2,659260 0,000365
иметь 1,272966 0,000175
имеют 0,371064 0,000357
имеющее 2,813411 0,000386
имеющиеся 2,995732 0,000411
имеющий 1,897120 0,000260
ими 1,272966 0,000175
иммунитет 3,912023 0,000537
иначе 0,733969 0,000202
ингибиторы 3,912023 0,000537
индекс 0,941609 0,000129
индии 2,040221 0,000280
индийский 2,525729 0,000347
индия 2,120264 0,000291
индо-малайский 3,912023 0,000537
индокитае 3,912023 0,000537
индонезия 2,813411 0,000386
индостане 3,912023 0,000537
инициации 3,912023 0,000537
инициаций 3,912023 0,000537
инициационных 3,912023 0,000537
иного 2,525729 0,000347
иносми 2,995732 0,000411
инспекторов 3,912023 0,000537
институт 0,478036 0,000066
инструменты -0,009950 -0,000003
интенсивность 2,525729 0,000347
интергляциалов 3,912023 0,000537
интернет 0,916291 0,000126
инфекционных 3,506558 0,000481
иоанн 2,995732 0,000411
иоанна 1,469676 0,000202
исключительно 1,272966 0,000699
ископаемые 2,659260 0,000365
ископаемых 1,714798 0,000235
искусства 0,733969 0,000202
искусстве 1,609438 0,000884
искусственные 2,995732 0,000823
искусственными 3,218876 0,000442
искусственных 2,207275 0,000303
исландцы 3,912023 0,000537
использование 0,891598 0,000245
использованием 1,347074 0,000185
использования -0,009950 -0,000005
использованы 2,659260 0,000365
использоваться 1,714798 0,000235
используется 0,616186 0,000338
используют 1,309333 0,000539
использующие 0,040822 0,000011
истории 0,248461 0,000068
историческая 1,237874 0,000170
исторически 1,078810 0,000148
исторический 0,653926 0,000269
исторических 1,139434 0,000156
история 0,051293 0,000042
источник -0,009950 -0,000005
источника 1,832581 0,000503
источнике 2,407946 0,000331
источников 0,371064 0,000051
источником 1,660731 0,000456
истребление 3,912023 0,000537
истребляют 3,912023 0,000537
исцеления 3,912023 0,000537
исчезают 3,506558 0,000481
исчезновения 2,407946 0,000331
итоге 1,427116 0,000196
июля 0,116534 0,000016
июнь 0,544727 0,000075
июня 0,116534 0,000144
иясе 3,912023 0,000537
йосемитский 3,912023 0,000537
каатинга 3,912023 0,000537
кабанец 3,912023 0,000537
кавказа 1,660731 0,000684
кавказская 2,659260 0,000365
каждого 1,427116 0,000392
каждом 1,660731 0,000228
каждому 1,966113 0,000270
кайгусь 3,912023 0,000537
кайнозой 3,912023 0,001611
кайнозойской 3,506558 0,000481
какой-либо 2,407946 0,000331
калимий 3,912023 0,000537
калина 2,659260 0,000365
калифорнии 3,506558 0,000963
калифорния 3,218876 0,000442
каменного 1,966113 0,000270
каменной 1,832581 0,000252
каменном 2,302585 0,000316
каменноугольный 3,912023 0,000537
камня 2,040221 0,000280
камнями 2,995732 0,000411
камуфляж 3,912023 0,000537
канада 2,207275 0,000606
канадская 2,120264 0,000291
карачаевский 3,506558 0,000481
карбон 3,912023 0,000537
карелии 3,218876 0,000884
карибский 3,912023 0,000537
карибского 3,912023 0,000537
карнеги 3,506558 0,000481
каскет 3,912023 0,000537
каталогах 0,094311 0,000013
катархей 3,912023 0,000537
катастроф 2,120264 0,000291
катастрофами 3,912023 0,000537
катастрофы 2,525729 0,000347
категории -0,009950 -0,000003
категорий 1,966113 0,000270
категория 0,916291 0,000126
качества 1,078810 0,000148
качестве 0,478036 0,000591
качество 1,309333 0,000180
каштан 2,995732 0,000411
квадратном 3,912023 0,000537
квадратных 1,832581 0,000252
квебеке 3,912023 0,000537
квинтилия 3,912023 0,000537
кедрами 3,912023 0,000537
кедров 3,218876 0,000442
кедровка 2,813411 0,000386
кедровому 3,912023 0,000537
кедровым 3,912023 0,000537
кедры 3,912023 0,000537
кембрий 3,912023 0,000537
кетов 3,218876 0,000442
кетской 3,912023 0,000537
киев 1,560648 0,000643
километров 1,078810 0,000148
киотский 3,506558 0,000481
кирпича 2,302585 0,000316
кислорода 2,995732 0,000823
кислые 3,506558 0,000481
китае 2,040221 0,000560
китай 0,867501 0,000119
китайская 0,776529 0,000213
кишинев 2,995732 0,001234
кладовая 3,506558 0,000481
кладоксилеевых 3,912023 0,000537
класса 1,203973 0,000165
классами 3,506558 0,000481
классификации 1,832581 0,000503
классификаций 3,506558 0,000481
классификация 2,040221 0,002521
классической 1,609438 0,000221
классы 2,207275 0,000303
клен 2,407946 0,000992
кленов 3,218876 0,000442
климат 0,494296 0,000407
климата 0,733969 0,000605
климатическим 2,995732 0,001645
климатическими 2,995732 0,000411
климатических 1,966113 0,000540
климатов 2,995732 0,000411
климатом 2,040221 0,000560
коала 3,912023 0,000537
ковязин 3,912023 0,000537
код -0,009950 -0,000059
кодекс -0,009950 -0,000001
кодистория 0,116534 0,000016
кое-где 3,912023 0,000537
коконопряд 3,912023 0,000537
колебания 1,714798 0,000471
количества 0,941609 0,000129
количествах 2,995732 0,000823
количестве 1,714798 0,000235
количественных 3,218876 0,000442
количество 0,328504 0,000451
количеством 1,514128 0,000208
количеству 1,309333 0,000360
коллапс 3,912023 0,000537
колонизованы 3,912023 0,000537
кольера 3,506558 0,000963
кольца 2,120264 0,000291
колючие 3,912023 0,001074
комель 3,912023 0,000537
коми 1,514128 0,000208
коммерческой 2,207275 0,000303
коммерческую 3,218876 0,000442
компонентами 2,659260 0,000365
компонентом 2,995732 0,000823
конвенция 2,525729 0,002081
конго 2,659260 0,000730
конденсации 3,506558 0,000481
конкретного 2,302585 0,000316
конницы 3,912023 0,000537
конрада 3,912023 0,000537
контакт 3,506558 0,000481
континент 2,120264 0,000291
континентальности 2,995732 0,000411
континентальным 2,525729 0,000347
континентов 3,218876 0,000442
конференцией 3,506558 0,000481
конфиденциальности -0,009950 -0,000001
конце 0,430783 0,000118
концентрации 2,040221 0,000560
копия 0,328504 0,000316
кора 3,218876 0,000884
корабельная 3,506558 0,000481
кордаиты 3,912023 0,000537
коренные 2,407946 0,000992
коренным 2,995732 0,000411
коренными 3,218876 0,000442
коренных 2,207275 0,000303
коридор 2,207275 0,000606
кормов 3,912023 0,000537
кормовая 3,218876 0,000442
корневой 3,506558 0,000481
корни 2,207275 0,000303
короедам 3,912023 0,000537
короткий -0,009950 -0,000001
коры 2,813411 0,000386
косвенно 3,218876 0,000442
которая 0,287682 0,000118
которого 0,301105 0,000124
которое 0,478036 0,000131
которой 0,174353 0,000096
котором 0,301105 0,000041
которому 0,843970 0,000116
которую 0,867501 0,000119
которые 0,162519 0,000245
который 0,105361 0,000130
которых 0,094311 0,000142
кочевки 3,912023 0,000537
кравец 1,386294 0,000190
край 0,891598 0,000122
красивая 3,218876 0,000442
красный 0,941609 0,000129
креститель 3,912023 0,000537
крестителя 3,912023 0,000537
криках 3,912023 0,000537
криогений 3,912023 0,000537
кролики 3,506558 0,000481
кроме 0,235722 0,000097
крон 3,912023 0,001611
кронах 3,912023 0,000537
круга 2,525729 0,000347
круговорот 3,218876 0,000442
круговороте 3,912023 0,001611
кругосвет 1,560648 0,000214
крупного 1,560648 0,000214
крупной 1,897120 0,000260
крупные 0,579818 0,000159
крупных 0,494296 0,000136
крутых 3,218876 0,000442
крушина 3,912023 0,000537
крымских 2,302585 0,000316
ксероморфными 3,912023 0,000537
ксерофильные 3,912023 0,000537
ксерофильных 3,912023 0,000537
кубы 3,506558 0,000481
куки -0,009950 -0,000001
куколок 3,912023 0,000537
культур 1,309333 0,000360
культура 0,653926 0,000180
культуре 1,427116 0,000196
культурные 2,040221 0,000280
культурный 1,108663 0,000152
купона 3,912023 0,000537
куртуазной 3,912023 0,000537
кусочек 3,912023 0,000537
кустарники 2,813411 0,001931
кустарников 2,207275 0,001212
кустарниковый 3,912023 0,000537
кустарнички 3,506558 0,000963
кыргызча 0,000000 0,000000
кырык 1,771957 0,000243
лазающие 3,912023 0,000537
лазящих 3,912023 0,000537
лаконичными 3,912023 0,000537
лама 2,995732 0,000411
ландшафтами 3,912023 0,000537
ландшафтаскрытые 3,506558 0,000481
лань 2,995732 0,000411
лас-тунас 3,218876 0,000442
латвии 2,813411 0,000386
легионов 3,912023 0,000537
ледовитый 2,407946 0,000331
лезги 0,000000 0,000000
лекция 2,995732 0,000411
лениздат 2,995732 0,000823
леонов 2,659260 0,000365
лес 1,514128 0,021203
леса 1,021651 0,027771
лесам 2,995732 0,000411
лесами 2,302585 0,000316
лесах 2,302585 0,006955
лесе 3,912023 0,001611
лесистая 3,912023 0,000537
лесная 1,660731 0,005244
лесного 2,120264 0,004366
лесное 2,525729 0,000694
лесной 1,272966 0,003495
лесную 2,995732 0,000823
лесные 1,560648 0,003428
лесным 3,506558 0,000481
лесными 2,995732 0,000823
лесных 2,120264 0,004657
лесов 1,469676 0,008272
лесоведение 3,912023 0,002685
лесоведением 3,912023 0,000537
лесоводства 3,506558 0,000481
лесоводственные 3,912023 0,000537
лесоводство 3,506558 0,000481
лесоводствотипы 3,912023 0,000537
лесовосстановление 3,912023 0,001074
лесозаготовка 3,912023 0,000537
лесом 2,302585 0,002213
лесоматериалов 3,506558 0,000481
лесообразующей 3,912023 0,000537
лесообразующие 3,912023 0,000537
лесообразующих 3,912023 0,000537
лесопитомник 3,912023 0,000537
лесополоса 3,912023 0,000537
лесопользование 3,912023 0,000537
лесопосадок 3,912023 0,000537
лесорастительными 3,912023 0,000537
лесорастительных 3,912023 0,001611
лесосаванна 3,912023 0,000537
лесостепных 3,912023 0,000537
лесостепь 2,659260 0,000365
лесотипологических 3,912023 0,000537
лесотундра 2,813411 0,000386
лесохимической 3,912023 0,000537
лесохозяйственных 3,912023 0,000537
леспроминформ 3,912023 0,000537
лесу 2,302585 0,006006
лесэкосистемытипы 3,912023 0,000537
лет 0,223144 0,000214
летнего 1,771957 0,000243
летучие 3,218876 0,000442
лечат 3,912023 0,000537
леший 3,912023 0,001611
лещина 3,506558 0,000481
лиан 3,912023 0,000537
лианами 3,912023 0,000537
либо 0,000000 0,000000
линдуловская 3,912023 0,000537
лип 3,506558 0,000481
липа 2,659260 0,000730
лирики 3,506558 0,000481
лирику 3,912023 0,000537
лиственниц 3,912023 0,000537
лиственница 2,813411 0,000772
лиственничный 3,506558 0,000481
лиственные 3,912023 0,002685
лиственный 2,995732 0,000411
лиственных 3,912023 0,000537
листовые 3,912023 0,000537
листопадные 3,912023 0,004297
листьев 3,912023 0,000537
листья 3,912023 0,000537
листьями 3,912023 0,001074
литве 3,218876 0,000442
литература 0,061875 0,000017
литературе 1,514128 0,000624
литературы 1,078810 0,000148
лицензии -0,009950 -0,000001
личинок 3,506558 0,000481
личностей 3,218876 0,000442
лишайники 2,995732 0,001645
лишая 3,912023 0,000537
лишенного 3,912023 0,000537
лишь 0,478036 0,000263
ловля 3,218876 0,000442
локальном 3,506558 0,000481
ломонос 3,218876 0,000442
лунь 3,218876 0,000442
луо 3,912023 0,000537
лучи 2,525729 0,000347
любит 3,912023 0,000537
любовь 2,525729 0,000347
любого 2,120264 0,000291
любой 1,514128 0,000208
людей 0,693147 0,000285
людьми 1,609438 0,000221
магдалины 3,218876 0,000442
магической 3,912023 0,000537
магическому 3,912023 0,000537
магнитное 2,995732 0,000411
магнолий 3,912023 0,000537
мадротретичный 3,912023 0,000537
мае 0,867501 0,000119
майя 2,995732 0,000411
макбете 3,912023 0,000537
македонски 0,000000 0,000000
малайзии 3,506558 0,000481
малакка 3,912023 0,000537
мало 1,427116 0,000392
малозаметные 3,912023 0,000537
малому 3,506558 0,000481
малый 0,371064 0,000051
мангры 2,995732 0,001645
манде 3,912023 0,000537
мантия 3,218876 0,000442
маргинальных 3,912023 0,000537
марии 2,040221 0,000280
маркоманов 3,912023 0,000537
марок 2,813411 0,000386
марта 0,139262 0,000249
мартынов 2,995732 0,000411
мары 0,000000 0,000000
масса 1,609438 0,000442
массив 2,302585 0,000316
массивов 1,966113 0,000270
массивы 1,560648 0,000214
мастеров 1,897120 0,000260
масштабе 2,525729 0,000347
масштабном 3,912023 0,000537
матвеева 3,218876 0,000442
материал -0,009950 -0,000001
материей 3,912023 0,000537
материи 2,995732 0,000411
материков 2,995732 0,000411
материковых 3,218876 0,000442
матты 3,912023 0,000537
мать 2,659260 0,000365
мачтовый 3,912023 0,000537
мая 0,139262 0,000019
мед 2,813411 0,000386
медведей 2,813411 0,000386
медведи 2,525729 0,000347
медведь 2,207275 0,000909
медведя 2,659260 0,000365
медвежьего 3,912023 0,000537
медиа 1,966113 0,000270
медиаторы 3,912023 0,000537
медицинская 2,040221 0,000280
медленно 2,120264 0,000291
международная 1,309333 0,000360
международного 0,733969 0,000101
международное 1,714798 0,000471
международных 0,967584 0,000133
межледниковых 3,912023 0,000537
мезо-протерозой 3,912023 0,000537
мезоархей 3,912023 0,000537
мезозое 3,912023 0,000537
мезозой 3,912023 0,001611
мезозойская 3,912023 0,000537
мексика 2,813411 0,000386
мексиканские 3,912023 0,000537
мел 3,912023 0,000537
мелкие 1,966113 0,001080
мелких 1,897120 0,000781
мелколиственные 2,995732 0,001234
мелового 3,506558 0,000963
мельников 2,207275 0,000303
менее 0,314711 0,000173
меньше 0,755023 0,000104
меньшей 2,207275 0,000303
меньшим 3,218876 0,000442
меньшую 2,525729 0,000347
меняется 1,714798 0,000235
меняя 3,218876 0,000442
мере 1,272966 0,000350
мероприятий 1,514128 0,000416
мероприятия 1,272966 0,000175
мертвый 2,995732 0,000823
мертвых 3,506558 0,001444
мест 0,713350 0,000196
места 0,579818 0,000478
местами 1,427116 0,000196
местах 1,049822 0,000288
месте 0,544727 0,000224
местности 1,427116 0,000784
местностях 3,218876 0,000442
местных 1,108663 0,000304
место 0,371064 0,000306
местом 1,049822 0,000577
местопребывание 3,912023 0,000537
месяцев 1,171183 0,000161
метасеквойя 3,912023 0,001074
методов 1,832581 0,000252
метре 3,912023 0,000537
метров 0,776529 0,000107
механических 2,659260 0,000365
механического 2,995732 0,000411
миграции 1,660731 0,000228
микенской 3,912023 0,000537
микробы 3,912023 0,000537
микроклимат 3,218876 0,000442
микроорганизмов 2,525729 0,000347
микроорганизмы 3,912023 0,001074
милаковский 3,912023 0,000537
миллионов 1,078810 0,000148
минаматская 3,912023 0,000537
министерства 0,891598 0,000122
мир 0,342490 0,000329
мира 0,415515 0,000627
мирами 3,506558 0,000481
миров 3,506558 0,000963
мирового 1,609438 0,000221
мировой 0,733969 0,000403
мировые 2,407946 0,000331
миром 2,659260 0,000730
миру 1,560648 0,000214
миф 2,659260 0,000365
мифа 3,218876 0,000442
мифах 3,912023 0,001074
мифическими 3,912023 0,000537
мифов 3,218876 0,000884
мифологии 2,525729 0,002081
мифологический 3,912023 0,000537
мифологических 3,506558 0,000963
мифологичность 3,912023 0,000537
мифологию 3,506558 0,000481
мифология 3,218876 0,000884
мифологиях 3,912023 0,001074
мифопоэтическим 3,912023 0,000537
мифу 3,506558 0,000481
мифы 2,302585 0,001581
млекопитающие 2,813411 0,001159
млекопитающих 1,966113 0,000810
млн 0,462035 0,000571
млнлетназад 3,912023 0,000537
мнение 1,427116 0,000196
мнм 3,912023 0,001074
многие 0,356675 0,000490
многими 2,040221 0,000280
многих 0,494296 0,000543
многом 1,514128 0,000208
многотрудные 3,912023 0,000537
многочисленные 1,139434 0,000156
многочисленных 1,560648 0,000214
множественные 3,218876 0,000884
мобильная -0,009950 -0,000001
могут -0,009950 -0,000026
могущие 3,912023 0,000537
моделирование 2,995732 0,000411
модерна 2,207275 0,000303
можжевеловый 3,912023 0,000537
можжевельник 2,995732 0,000411
мол 3,506558 0,000481
молдавской 3,506558 0,001444
молимо 3,912023 0,000537
моллюсков 3,218876 0,000442
молодая 2,659260 0,000730
молодняки 3,912023 0,000537
молодого 2,525729 0,000694
молодом 3,912023 0,001074
молодых 1,660731 0,000228
мониторинг 1,832581 0,000252
монреальский 3,912023 0,000537
морозов 2,207275 0,000303
морозоустойчивы 3,912023 0,000537
морской 1,309333 0,000180
моря 0,579818 0,000318
москва 0,400478 0,000330
московский 0,891598 0,000122
мотив 3,506558 0,001926
мотивами 3,506558 0,000481
мотивы 2,659260 0,001460
мохово-лишайниковый 3,912023 0,000537
мохово-лишайниковым 3,912023 0,000537
моховой 3,506558 0,000963
мощного 2,659260 0,000365
мудрости 2,813411 0,000386
мужчины 1,832581 0,000252
муромского 3,912023 0,000537
мусор 2,813411 0,000386
мусора 2,120264 0,000291
мусоре 3,912023 0,000537
муссонные 3,218876 0,003093
муссонных 3,912023 0,000537
муссонов 3,506558 0,000481
мучительно 3,912023 0,000537
мхи 2,813411 0,001545
мыса 2,302585 0,000316
мысль 1,897120 0,000260
мышей 2,995732 0,000411
мыши 2,525729 0,000347
мягкого 3,506558 0,000481
мягколиственные 3,912023 0,000537
мясо 2,995732 0,000411
набегов 2,120264 0,000291
навигации -0,009950 -0,000001
навигация -0,009950 -0,000003
наглядный 3,912023 0,000537
наголову 3,506558 0,000481
наделена 3,506558 0,000481
наживы 3,912023 0,000537
назад 1,108663 0,000913
название 0,198451 0,000054
наземных 2,813411 0,000772
называвших 3,912023 0,000537
называется 0,916291 0,000252
наиболее 0,139262 0,000172
наибольшее 1,386294 0,000190
наибольшей 2,120264 0,000291
наименований 1,832581 0,000252
наказание 2,995732 0,000411
накопление 2,813411 0,000386
накоплению 3,912023 0,000537
накоплены 3,912023 0,000537
накормил 3,912023 0,000537
наличие 1,108663 0,000152
нами -0,009950 -0,000001
нанайцев 3,506558 0,000963
нанайцы 2,407946 0,000661
наперед 3,912023 0,000537
написания 1,897120 0,000260
напоминает 2,302585 0,000316
напочвенный 3,912023 0,001074
направлении 1,108663 0,000152
направлений 1,108663 0,000152
направлению 2,040221 0,000280
направления 0,755023 0,000207
направлениях 1,832581 0,000252
напрасно 3,912023 0,000537
например 0,328504 0,001533
народной 1,966113 0,000270
народов 0,798508 0,001096
народонаселения 3,912023 0,000537
народы 1,832581 0,000252
нарушающие 3,912023 0,000537
нарушением 2,302585 0,000316
нарушенной 3,912023 0,000537
насаждение 3,912023 0,005371
насаждении 3,506558 0,000963
насаждений 1,660731 0,000456
насаждения 2,407946 0,006942
насаждениями 2,525729 0,000347
насаждениях 3,506558 0,000963
насекомоядные 3,912023 0,000537
насекомые 2,813411 0,000772
насекомым 3,912023 0,000537
насекомых 2,525729 0,001734
населенная 3,912023 0,000537
населенных 0,693147 0,000190
населены 3,506558 0,000481
населявшими 3,912023 0,000537
населяющие 3,912023 0,000537
населяющими 3,912023 0,000537
наследуется 3,912023 0,000537
наук 0,693147 0,000095
наука 0,301105 0,000331
науки 0,820981 0,000113
наукова 3,506558 0,001444
научно-исследовательские 2,040221 0,000280
научно-образовательный 0,967584 0,000133
научно-популярное 3,218876 0,000442
научное 0,891598 0,000122
научной 1,108663 0,000152
находится 0,328504 0,000090
находятся 0,527633 0,000145
находящейся 3,506558 0,000481
националистических 3,912023 0,000537
национальная 1,108663 0,000152
национальном 2,659260 0,000365
национальную 2,040221 0,000280
национальный 0,597837 0,000082
началась 0,967584 0,000133
начале 0,314711 0,000130
начало 0,415515 0,000057
начался 1,347074 0,000370
началу 1,171183 0,000161
начинается 0,755023 0,000104
начинают 1,771957 0,000243
нашей 1,386294 0,000190
нашествий 3,912023 0,000537
нашло 3,506558 0,000481
неблагоприятно 3,912023 0,000537
неблагоприятных 3,218876 0,000442
небо 2,040221 0,000280
небольшие 1,832581 0,000503
небольшое 2,040221 0,000280
небольшом 2,995732 0,000823
невидимому 3,912023 0,000537
невымерший 3,912023 0,000537
негативном 3,912023 0,000537
негидальцев 3,506558 0,000481
недостатка 2,813411 0,000386
недостатков 0,653926 0,000090
недоступная 0,527633 0,000072
неживая 3,912023 0,000537
неживой 3,912023 0,000537
незаконная 3,912023 0,001074
незаконные 3,506558 0,000481
неизмененные 3,912023 0,000537
некоммерческой -0,009950 -0,000001
некоторой 2,659260 0,000365
некоторую 3,218876 0,000442
некоторые 0,301105 0,000289
некоторых 0,494296 0,000814
немецкого 2,207275 0,000606
немецкой 1,897120 0,000260
нео-протерозой 3,912023 0,000537
неоархей 3,912023 0,000537
необходимо 1,237874 0,000510
необходимого 2,995732 0,000411
необходимых 2,407946 0,000661
необычному 3,912023 0,000537
неоген 3,912023 0,000537
неогеновом 3,912023 0,000537
неодинакова 3,506558 0,000481
неотропический 3,912023 0,000537
непарный 3,912023 0,000537
неполно 3,912023 0,000537
непосредственно 0,478036 0,000197
непосредственное 2,813411 0,000386
непрерывно 2,120264 0,000291
непроходимые 3,912023 0,000537
непроходимый 3,912023 0,000537
нерабочими 1,021651 0,000140
нервную 3,912023 0,000537
нередко 1,108663 0,000761
нескольких 0,755023 0,000104
несколько 0,150823 0,000124
несли 2,813411 0,000386
несмотря 0,755023 0,000311
нефелогилея 3,912023 0,000537
нею 3,506558 0,000481
нивха 3,912023 0,000537
нивхов 3,506558 0,000481
нидерландов 2,813411 0,000386
нижнем 1,660731 0,000228
нижние 1,660731 0,000684
нижний 0,673345 0,000185
нижних 2,813411 0,000386
низким 2,120264 0,000291
низких 2,407946 0,000331
низкорослые 3,912023 0,000537
низкорослыми 3,912023 0,000537
низкоствольные 3,912023 0,000537
низкоствольными 3,912023 0,000537
низкоуглеродная 3,912023 0,000537
низовых 3,506558 0,000481
николая 0,916291 0,000126
ничтожных 3,912023 0,000537
ниш 3,506558 0,000481
ниша 3,218876 0,000442
новгорода 2,040221 0,000280
нового 0,579818 0,000080
новой 0,653926 0,000269
новосибирск 0,916291 0,000126
новости 0,579818 0,000080
носила 2,407946 0,000331
носили 2,659260 0,000365
нохчийн 0,000000 0,000000
ночных 3,218876 0,000442
ноября 0,127833 0,000035
нравится 3,218876 0,000442
нська 0,000000 0,000000
нуждается 2,302585 0,000316
обгрызать 3,912023 0,000537
обезвредить 3,912023 0,000537
обезлесение 3,506558 0,002407
обезлесения 3,912023 0,000537
обеспечения 0,867501 0,000119
обеспечивается 2,120264 0,000291
обзор 1,171183 0,000161
обзора 3,912023 0,000537
обитает 2,207275 0,000606
обиталище 3,912023 0,000537
обитания 2,120264 0,000873
обитателей 2,525729 0,001040
обитатели 2,995732 0,000823
обитателям 3,506558 0,000481
обладает 1,171183 0,000322
обладают 2,040221 0,000560
обладающие 3,506558 0,000481
области 0,223144 0,000061
область 0,385662 0,000053
областях 1,560648 0,000429
облигации 3,506558 0,000481
облик 1,272966 0,000175
обликом 3,506558 0,000481
обличьях 3,912023 0,000537
обмена 1,560648 0,000429
обмене 3,218876 0,000442
обозначенными 3,912023 0,000537
оболочек 3,506558 0,000481
оболочки 2,525729 0,000347
образ 1,771957 0,001460
образе 3,218876 0,000442
образовавшемся 3,912023 0,000537
образование 0,494296 0,000068
образованию 2,040221 0,000280
образования 0,478036 0,000263
образованным 3,506558 0,000481
образовано 1,609438 0,000221
образованы 2,040221 0,000560
образовывали 3,506558 0,000963
образом 0,371064 0,000357
образует 0,994252 0,000136
образуют 1,771957 0,000973
образующиеся 3,912023 0,000537
образующими 3,506558 0,000481
образующих 2,659260 0,000365
образуя 2,407946 0,000661
образы 2,525729 0,000694
обращения 0,030459 0,000100
обряд 3,506558 0,000481
обряде 3,912023 0,001074
обрядов 3,506558 0,000481
обслуживание 1,832581 0,000503
обстановка 1,966113 0,000270
обстановки 2,407946 0,000331
обстоятельство 2,407946 0,000331
обусловливает 3,506558 0,000481
обширные 2,207275 0,000909
обширных 2,659260 0,000365
общеизвестна 3,912023 0,000537
общей 0,597837 0,000164
общем 1,514128 0,000208
общества 0,776529 0,000320
общественных 1,021651 0,000281
общий 0,916291 0,000126
общности 3,912023 0,000537
объединенных 2,120264 0,000291
объединяет 1,771957 0,000243
объединять 3,506558 0,000481
объединяются 3,218876 0,000442
объединяющего 3,506558 0,000481
объекта 1,203973 0,000165
объектах 2,525729 0,000347
объектов 0,527633 0,000072
объем 0,616186 0,000169
объяснил 2,995732 0,000411
обыкновенная 2,525729 0,000347
обычно 0,693147 0,000285
обычного 2,525729 0,000347
овидия 3,506558 0,000481
овос 3,912023 0,000537
ограниченное 2,995732 0,000411
ограничивают 2,995732 0,000411
огромное 1,966113 0,000270
огромные 2,302585 0,000316
огромный 2,207275 0,000303
одежду 3,506558 0,000481
одинаков 3,912023 0,000537
одиссея 3,506558 0,000481
однако 0,174353 0,000072
одни 1,714798 0,000706
одним 0,494296 0,000407
одних 2,207275 0,000303
одно 0,693147 0,000095
одновозрастное 3,912023 0,001074
одновозрастные 3,912023 0,001074
одного 0,544727 0,000224
одноименным 3,912023 0,000537
одной 0,371064 0,000357
одном 1,139434 0,000469
однородный 3,912023 0,000537
однотипных 3,912023 0,000537
озер 1,609438 0,000221
озера 0,967584 0,000133
означавших 3,912023 0,000537
озоновые 3,912023 0,000537
оказал 2,659260 0,000365
оказало 3,218876 0,000442
оказывает 1,427116 0,000196
оказывало 3,506558 0,000481
оказывают 1,660731 0,000456
оказываются 2,302585 0,000316
оказывая 3,506558 0,000963
окаймленной 3,912023 0,000537
океан 1,714798 0,001413
океана 1,272966 0,000175
океании 3,218876 0,000442
океания 2,659260 0,000365
океанов 2,040221 0,000280
окисляющей 3,912023 0,000537
оккупационный 3,912023 0,000537
оккупированной 2,995732 0,000411
около 0,000000 0,000000
окраинах 2,407946 0,000331
окружает 3,218876 0,000442
окружающая 3,218876 0,000884
окружающей 1,049822 0,001153
оксида 2,659260 0,000365
октября 0,083382 0,000137
оледенение 2,995732 0,000411
оледенений 3,506558 0,000481
оледенения 2,813411 0,000386
ольха 3,506558 0,000481
ольхи 3,218876 0,000442
ольховые 3,912023 0,000537
онлайн 0,198451 0,000027
оон 1,560648 0,001286
опавших 3,912023 0,000537
опад 3,912023 0,000537
опадающей 3,912023 0,001611
опасение 2,995732 0,000411
описание -0,009950 -0,000001
определением 2,995732 0,000411
определенного 2,525729 0,000347
определенной 1,832581 0,000503
определенном 2,659260 0,000365
определенным 2,120264 0,000582
определенными 2,525729 0,000347
определенных 2,040221 0,000560
определила 2,995732 0,000411
определяет 1,714798 0,000471
определяется 1,609438 0,000221
определяют 2,120264 0,000291
определяющее 3,506558 0,000481
опустынивание 3,506558 0,000481
опушка 3,912023 0,002685
опушке 3,912023 0,001074
опушки 3,912023 0,000537
опыляя 3,912023 0,000537
организации -0,009950 -0,000003
организаций 0,776529 0,000107
организационно-технические 3,912023 0,000537
организационные 3,912023 0,000537
организация 0,891598 0,000122
организациях 1,832581 0,000252
организмами 3,912023 0,001074
организмов 2,659260 0,000730
организмы 3,218876 0,000884
органическая 3,506558 0,000481
органических 2,659260 0,000365
органическое 3,506558 0,000481
органическом 3,912023 0,000537
органов 0,994252 0,000136
органы 0,891598 0,000122
ордовик 3,912023 0,000537
оригинал 2,995732 0,000411
оригиналах 3,912023 0,000537
ориентировочно 3,506558 0,000481
орловым 3,506558 0,000481
орозирий 3,912023 0,000537
ортса 0,000000 0,000000
орудий 2,525729 0,000347
осадками 1,771957 0,000243
осадков 0,544727 0,000374
осаждает 3,912023 0,001074
осборн 3,912023 0,000537
освоением 2,813411 0,000386
осенний 3,506558 0,000963
осетинский 3,218876 0,000884
осиновые 3,506558 0,000481
осипов 0,527633 0,000072
ослабляют 3,912023 0,001074
ослушался 3,912023 0,000537
основании 1,427116 0,000196
основаниями 3,912023 0,000537
основная 0,116534 0,000096
основной 0,653926 0,000449
основном 0,510826 0,000210
основные 0,223144 0,000123
основным 0,616186 0,000169
основных 0,634878 0,000349
основополагающее 3,912023 0,000537
основы 1,560648 0,000214
основываться 2,995732 0,000411
особей 2,659260 0,000365
особенно 0,562119 0,000309
особенностей 1,832581 0,000252
особенности 0,994252 0,000546
особо 1,237874 0,000340
особого 2,525729 0,000347
особое 1,832581 0,000252
особые 2,120264 0,000291
особых 2,995732 0,000411
оставаться 2,207275 0,000606
оставшихся 2,659260 0,001460
остается 0,891598 0,000122
осталось 2,040221 0,000280
остальной 1,966113 0,000270
остальные 0,891598 0,000367
остановить 2,995732 0,000411
остатки 1,469676 0,000404
остатков 3,218876 0,001326
остаются 2,040221 0,000560
остров 1,139434 0,000156
острова 1,078810 0,000148
островов 1,897120 0,000521
отв 0,755023 0,000104
ответственности -0,009950 -0,000001
отграниченные 3,912023 0,000537
отдельного 2,813411 0,000772
отдельные 1,078810 0,000148
отдельных -0,009950 -0,000008
отдых 2,207275 0,000303
отказ -0,009950 -0,000003
отказали 3,912023 0,000537
открытых 1,897120 0,000260
отлива 3,912023 0,000537
отличается 0,579818 0,000159
отличался 2,995732 0,000411
отличаться 1,560648 0,000214
отличаются 2,207275 0,000303
отличающиеся 3,218876 0,000442
отмершей 3,912023 0,000537
отмерших 3,912023 0,000537
отмирание 3,912023 0,000537
отмирают 3,912023 0,000537
отмирающие 3,912023 0,000537
относительно 0,415515 0,000171
относится 0,733969 0,000101
относятся 0,713350 0,000098
отношение 1,609438 0,000221
отношениях 2,120264 0,000291
отождествление 3,912023 0,000537
отправления 2,995732 0,000411
отправлили 3,912023 0,000537
отражает 2,040221 0,000560
отражается 2,813411 0,000386
отражена 3,218876 0,000442
отражение 2,040221 0,000280
отредактирована -0,009950 -0,000001
отрядов 3,218876 0,000442
отсталыми 3,912023 0,000537
отсутствие 1,347074 0,000185
отсутствовать 3,506558 0,000481
отходов 1,966113 0,000270
отходы 2,207275 0,000303
отчего 2,995732 0,000411
отчетливым 3,912023 0,000537
отчеты 2,995732 0,000411
охота 2,302585 0,000316
охотник 3,912023 0,001611
охотника 3,912023 0,001074
охотники 3,218876 0,000442
охотников 3,912023 0,000537
охотнику 3,912023 0,000537
охотничьим 3,912023 0,000537
охоту 3,506558 0,000481
охоты 3,912023 0,003759
охрана 1,771957 0,001946
охране 1,609438 0,000442
охраной 2,659260 0,000365
охраны 1,427116 0,000196
охраняемые 2,302585 0,000316
охраняемых 2,407946 0,000331
оценка 0,693147 0,000285
оценкам 1,609438 0,000221
оценке 1,560648 0,000214
оценки 1,609438 0,000663
оценку 2,207275 0,000303
очень 0,494296 0,000475
очередь 0,527633 0,000145
очерки 1,171183 0,000161
ошибкекак -0,009950 -0,000001
паводков 2,995732 0,000411
падубов 3,912023 0,000537
пакетами 3,506558 0,000481
пал 3,912023 0,000537
палео-протерозой 3,912023 0,000537
палеоархей 3,912023 0,000537
палеоген 3,912023 0,000537
палеогенового 3,912023 0,001074
палеозой 3,912023 0,001611
палеоцена 3,912023 0,000537
памятники 0,733969 0,000101
папоротники 3,218876 0,001326
папоротников 3,912023 0,001074
парадокс 3,218876 0,000442
паразитами 3,912023 0,000537
параметров 2,302585 0,000316
парк 0,693147 0,000095
парковые 3,218876 0,000884
парниковый 3,506558 0,000481
парсифаля 3,912023 0,000537
партизанский 3,218876 0,000442
партизанских 3,912023 0,000537
партизанское 3,912023 0,000537
пассивный 3,912023 0,000537
пастбищами 3,912023 0,000537
пасхи 3,218876 0,000442
пахотных 3,218876 0,000442
пейзажную 3,912023 0,000537
пер 1,108663 0,000152
первобытного 3,912023 0,000537
первом 1,237874 0,000170
первородный 3,912023 0,000537
первую 0,867501 0,000119
первые 0,494296 0,000136
первый 0,385662 0,000053
перевитые 3,912023 0,000537
переводах 3,506558 0,000481
переводом 3,506558 0,000481
перегноя 3,912023 0,000537
передает 2,659260 0,000365
передают 3,506558 0,000481
перейти -0,009950 -0,000003
перекинуться 3,912023 0,000537
переместились 3,912023 0,000537
переосмысления 3,912023 0,000537
перераб 1,609438 0,000221
переработка 2,995732 0,000411
переработке 2,120264 0,000582
переработкевикипедия 3,506558 0,000481
перераспределения 3,912023 0,000537
перестали 2,659260 0,000365
перестойные 3,912023 0,000537
переход 1,427116 0,000196
перехода 1,514128 0,000208
переходных 3,218876 0,000442
период 0,342490 0,000423
периода 0,967584 0,000797
периодах 3,912023 0,000537
периоде 2,525729 0,000694
пермского 2,995732 0,000411
пермь 0,994252 0,000136
персонаж 3,218876 0,000884
персональные -0,009950 -0,000001
персонифицируется 3,912023 0,000537
песков 3,218876 0,000442
песчаных 3,218876 0,000442
печати -0,009950 -0,000003
печать -0,009950 -0,000001
пигмеев 3,912023 0,000537
пинежье 3,912023 0,000537
писаренко 3,912023 0,000537
питается 3,912023 0,000537
питания 1,272966 0,000350
питательных 3,506558 0,000481
питаться 3,912023 0,000537
питаются 3,506558 0,000481
питера 3,218876 0,000442
пихта 2,659260 0,000730
пихты 2,995732 0,000411
пищевую 3,506558 0,000481
пищи 3,506558 0,000963
пищу 3,506558 0,000963
планете 2,302585 0,001264
планеты 2,040221 0,000280
планирования 1,714798 0,000235
плантации 3,506558 0,002888
пластиковыми 3,912023 0,000537
пластинки 3,912023 0,000537
платона 2,995732 0,000411
плаунов 3,912023 0,000537
плауны 3,912023 0,001074
племен 1,966113 0,001080
племенами 3,912023 0,000537
плит 2,813411 0,000386
плодов 2,995732 0,000411
плодородие 2,995732 0,000411
плодородию 3,912023 0,000537
плодородного 3,912023 0,000537
плоды 3,218876 0,000442
плоскогорья 3,218876 0,000442
плотным 3,506558 0,000481
площадей 1,897120 0,000521
площади 0,510826 0,000421
площадь 0,478036 0,000197
площадью 0,994252 0,000136
побегами 3,912023 0,000537
победу 1,897120 0,000260
побережий 3,218876 0,000442
побережья 1,427116 0,000196
поведения -0,009950 -0,000001
повелел 2,995732 0,000411
поверхности 1,514128 0,000416
поверьям 3,912023 0,000537
поверьях 3,912023 0,000537
повествует 3,506558 0,000481
повсеместно 2,407946 0,000331
повышает 2,995732 0,000411
повышение 1,609438 0,000221
повышению 2,302585 0,000316
погибают 3,218876 0,000442
погибли 1,832581 0,000252
поглощает 3,218876 0,000442
погода 0,776529 0,000213
подавляющие 3,912023 0,000537
подброшен 3,912023 0,000537
подверженные 3,912023 0,000537
поддерживает 1,609438 0,000442
поддерживается 1,897120 0,000260
поддерживают 2,525729 0,000347
поддержку 1,469676 0,000202
подземное 3,912023 0,000537
подземный 3,506558 0,000481
подземных 1,966113 0,000270
подзолистые 3,218876 0,000442
подзолообразовательный 3,912023 0,000537
подлеском 2,813411 0,000386
подлесок 3,912023 0,002148
подношения 3,912023 0,000537
подразделение 2,407946 0,000661
подробнее -0,009950 -0,000001
подрост 3,912023 0,000537
подроста 3,912023 0,000537
подспудно 3,912023 0,000537
подстилка 3,912023 0,002148
подстилке 3,912023 0,001074
подстилки 3,912023 0,001074
подстилку 3,506558 0,000481
подтвердилось 3,912023 0,000537
подчинении 2,525729 0,000347
поедать 3,912023 0,000537
пожалуйста 1,469676 0,000404
пожар 1,966113 0,000270
пожара 1,966113 0,000540
пожаров 2,302585 0,000632
пожароопасной 3,912023 0,000537
позади 3,912023 0,000537
позволяет 0,755023 0,000207
позволяют 1,469676 0,000202
позднее 0,798508 0,000110
позднеэллинистическое 3,912023 0,000537
поздние 3,506558 0,000481
поздним 2,659260 0,000365
познания 2,659260 0,000365
поиск -0,009950 -0,000001
поиску -0,009950 -0,000001
показавшие 3,912023 0,000537
показатель 0,713350 0,000098
покаяние 3,506558 0,000481
поклонения 3,506558 0,000481
поколение 2,407946 0,000331
поколения 1,897120 0,000260
покров 1,469676 0,001009
покровами 3,912023 0,000537
покрывает 3,506558 0,000481
покрытосеменные 3,506558 0,000481
покрытосеменных 3,912023 0,000537
покрыты 2,120264 0,000291
покрытые 3,506558 0,000481
покрытый 3,912023 0,000537
поле 0,798508 0,000219
полевой 2,813411 0,000386
полезнее 3,912023 0,000537
полезных 1,660731 0,000456
полесья 3,912023 0,000537
полиграф 3,912023 0,000537
политика -0,009950 -0,000003
политикаи 3,912023 0,000537
политические 2,207275 0,000303
полноводность 3,506558 0,000963
полного 1,660731 0,000228
полное 1,139434 0,000156
полностью 0,400478 0,000055
полный 1,272966 0,000175
половина 1,171183 0,000161
половины 0,994252 0,000136
полог 3,912023 0,000537
полога 3,912023 0,000537
пологов 3,912023 0,000537
пологом 3,218876 0,001326
полоса 1,771957 0,000243
полосе 2,207275 0,000303
полосу 2,407946 0,000331
полосы 1,469676 0,000404
полувечнозеленые 3,912023 0,000537
полулистопадные 3,912023 0,001611
полуострове 2,525729 0,000347
полупустынных 3,506558 0,000481
получении 2,995732 0,000411
получившее 3,218876 0,000442
полушарии 2,659260 0,000365
полушарий 3,218876 0,000442
полушарию 3,912023 0,000537
полушария 2,813411 0,000772
пользу 1,832581 0,000503
полярные 2,302585 0,000316
помещают 3,218876 0,000442
помимо 0,562119 0,000154
помогают 2,995732 0,000411
помощи 0,843970 0,000348
помощников 3,912023 0,000537
помощью 0,634878 0,000087
понимаемого 3,912023 0,000537
понимается 2,659260 0,000730
понятие 1,469676 0,000202
попадет 3,506558 0,000481
попросить 3,912023 0,000537
пор 0,941609 0,000129
пороговых 3,912023 0,000537
пород 1,897120 0,003646
породами 2,813411 0,000772
породе 3,912023 0,000537
породой 3,506558 0,000963
породы 1,966113 0,001889
порослевые 3,912023 0,000537
порослевым 3,912023 0,000537
поросли 3,506558 0,000481
поросшего 3,912023 0,000537
поросший 3,912023 0,000537
портал 0,342490 0,000094
посадки 2,302585 0,000632
посадкой 3,912023 0,000537
посажены 3,912023 0,000537
посева 3,912023 0,000537
посевами 3,218876 0,000442
посевом 3,912023 0,000537
поселений 0,798508 0,000110
поселению 2,995732 0,000411
поселениями 2,995732 0,000411
посещает 2,525729 0,000347
посла 3,912023 0,000537
последние 0,755023 0,000104
последний -0,009950 -0,000001
последовательно 1,832581 0,000252
последующим 2,407946 0,000331
посредники 3,218876 0,000442
постепенно 0,867501 0,000357
постепенного 3,506558 0,000481
постигнет 3,912023 0,000537
постоянной 1,897120 0,000260
постоянны 3,912023 0,000537
постоянным 2,302585 0,000316
постоянство 3,506558 0,000481
постройке 2,813411 0,000386
постройки 1,139434 0,000156
потенциала 1,897120 0,000260
потепление 2,407946 0,000992
потерял 2,120264 0,000291
потоки 2,040221 0,000280
потребляемого 3,912023 0,000537
поход 1,897120 0,000260
похожи 3,218876 0,001326
похожие 2,995732 0,000411
похожих 3,912023 0,000537
почв 2,302585 0,002845
почва 2,813411 0,000772
почвах 2,659260 0,001095
почве 2,813411 0,001545
почвенно-грунтовых 3,912023 0,000537
почвенные 3,912023 0,000537
почвенными 3,912023 0,000537
почвенных 3,912023 0,000537
почвогрунта 3,912023 0,000537
почвой 3,218876 0,000442
почву 3,218876 0,001326
почвы 1,609438 0,002210
почему 0,000000 0,000000
поэме 2,813411 0,000386
поэмы 3,218876 0,000884
поэтому 0,616186 0,000254
появились 0,579818 0,000159
появляется 1,560648 0,000214
появляться 1,771957 0,000243
пояса 1,560648 0,001714
поясам 3,912023 0,000537
поясах 2,659260 0,001460
поясе 2,207275 0,000303
поясности 3,218876 0,000442
поясов 2,813411 0,001931
права 0,755023 0,000207
правилами 1,771957 0,000243
правило 0,891598 0,000857
править -0,009950 -0,000120
правкиновые -0,009950 -0,000001
правкипостоянная -0,009950 -0,000001
право 1,469676 0,000404
правому 2,995732 0,000411
праздника 2,407946 0,000331
практика 2,207275 0,000303
пребывание 3,218876 0,000442
пребывания 2,120264 0,000291
превосходят 2,813411 0,000386
превышает 0,967584 0,000266
пределах 0,510826 0,000070
пределы 1,966113 0,000270
предки 2,525729 0,000347
предложенная 2,995732 0,000411
предоставляет 1,347074 0,000185
предотвращения 2,813411 0,000386
предполагает 1,832581 0,000252
предполагается 1,560648 0,000214
предпочитают 3,218876 0,000442
предсказание 3,506558 0,000481
представились -0,009950 -0,000001
представители 1,272966 0,000175
представитель 1,897120 0,000260
представлен 0,891598 0,000367
представление 1,514128 0,000624
представлении 2,995732 0,000411
представлениях 3,506558 0,000963
представлены 0,867501 0,000357
представляет 0,446287 0,000061
представляла 2,659260 0,000365
представляли 2,302585 0,000632
представляло 2,995732 0,000411
представляющего 3,506558 0,000481
предусед 3,912023 0,000537
прежде 1,049822 0,000144
преимущественно 0,776529 0,000533
преклонного 3,912023 0,000537
прекрасного 3,506558 0,000481
прелестного 3,912023 0,000537
преобладающие 2,995732 0,000411
преображению 3,912023 0,000537
преобразовывают 3,912023 0,000537
препятствовать 3,506558 0,001444
прерий 3,506558 0,000481
прериях 3,912023 0,000537
преследовали 3,506558 0,000481
преследователей 3,912023 0,000537
пресмыкающихся 3,218876 0,000442
пресноводных 3,218876 0,000884
пресных 3,912023 0,000537
преступления 2,040221 0,000280
приблизительно 1,514128 0,000208
привело 1,108663 0,000152
привязаны 3,506558 0,000481
пригодных 2,995732 0,000411
прикрывает 3,912023 0,000537
прилива 3,912023 0,000537
приливная 3,912023 0,000537
применение 1,469676 0,000202
применения 1,272966 0,000175
примерно 0,634878 0,000349
примером 1,966113 0,000270
примечания -0,009950 -0,000003
примитивные 3,218876 0,000884
примитивных 3,912023 0,000537
принадлежит 1,203973 0,000165
приносившей 3,912023 0,000537
приносит 2,659260 0,000365
приносят 2,813411 0,000772
принятая 3,218876 0,000442
приписывается 2,813411 0,000386
природа 1,309333 0,000899
природе 2,040221 0,000840
природная 2,207275 0,000606
природно-зональное 3,912023 0,000537
природного 2,302585 0,000316
природной 1,897120 0,000521
природную 3,218876 0,000442
природные 1,108663 0,000457
природным 2,525729 0,000347
природными 2,659260 0,000365
природных 1,108663 0,001522
природу 2,302585 0,000316
природы 1,021651 0,001543
природыэкология 3,912023 0,000537
прироста 2,407946 0,000331
присутствует 1,714798 0,000942
присутствуют 1,897120 0,000260
приходится 0,776529 0,000107
причем 0,994252 0,000273
причин 1,897120 0,000521
причина 2,407946 0,000331
причине 1,771957 0,000487
причины 1,771957 0,000243
проблема 1,237874 0,000170
проблему 1,514128 0,000208
проблемы 0,544727 0,000075
провинциальное 3,912023 0,000537
проводились 1,771957 0,000243
проводит 1,660731 0,000228
программ 1,203973 0,000165
прогресс 1,514128 0,000208
прогресса 2,813411 0,000386
прогулки 2,120264 0,000291
продовольственная 2,995732 0,000411
продолжается 1,560648 0,000214
продолжал 2,525729 0,000347
продолжали 2,407946 0,000331
продолжателей 3,912023 0,000537
продолжительность 1,171183 0,000161
продолжительных 3,506558 0,000481
продуктивности 3,506558 0,000481
продуктивность 3,218876 0,000442
продуктивные 3,912023 0,000537
проектах -0,009950 -0,000001
проектахзначения 1,237874 0,000170
проживания 1,832581 0,000503
произведений 1,714798 0,000235
производимое 3,506558 0,000481
производится 1,714798 0,000235
производные 2,995732 0,001234
производства 0,616186 0,000254
произраставших 3,912023 0,001074
произрастает 3,218876 0,001768
произрастал 3,912023 0,000537
произрастания 3,218876 0,000884
произрастают 2,207275 0,001818
произрастающий 3,912023 0,000537
происходили 2,207275 0,000606
происходило 1,832581 0,000252
происходит 0,634878 0,000087
происходящие 3,912023 0,000537
происхождение 1,427116 0,000196
происхождением 3,506558 0,000481
происхождению 2,995732 0,000411
происхождения 1,272966 0,000874
происшедшими 3,912023 0,000537
пролегает 3,506558 0,000481
промышленная 1,771957 0,000243
промышленности 0,579818 0,000159
промышленные 1,171183 0,000161
проникать 3,506558 0,000963
проникают 3,218876 0,000442
проникновению 3,218876 0,000442
проповедь 3,912023 0,000537
прорастание 3,912023 0,000537
проросли 3,912023 0,000537
просветов 3,912023 0,000537
просветы 3,912023 0,001074
просвещения 1,897120 0,000260
просмотры -0,009950 -0,000001
простейших 3,218876 0,000442
простирается 2,659260 0,000365
просто 1,272966 0,000350
простора 3,506558 0,000481
пространства 1,049822 0,000144
пространствах 3,506558 0,000481
простые 2,407946 0,000331
протерозой 3,912023 0,000537
противника 2,995732 0,000411
противопоставление 3,218876 0,000442
противопоставления 3,912023 0,000537
прото-хеттских 3,912023 0,000537
протокол 1,560648 0,000429
протяжении 0,867501 0,000119
протяженная 3,218876 0,000442
протяженного 3,912023 0,000537
проф 1,771957 0,000973
профессором 2,525729 0,000347
прохоров 1,078810 0,002518
процесс 1,108663 0,000152
процессами 2,302585 0,000316
процессах 2,407946 0,000331
процессе 1,309333 0,000180
процессов 1,347074 0,000370
процессом 2,813411 0,000386
процессы 1,514128 0,000831
прочего 2,120264 0,000291
прочие 1,203973 0,000165
прочности 2,813411 0,000386
прошлом 1,108663 0,000304
прощения 3,912023 0,000537
прямо 1,714798 0,000235
прямое 2,525729 0,000347
прячет 3,912023 0,000537
психического 3,218876 0,000442
псков 2,207275 0,000303
птиц 1,469676 0,000605
птицы 2,207275 0,001212
птичий 3,506558 0,000481
публикует 3,218876 0,000442
публия 3,912023 0,000537
пунктов 0,653926 0,000180
пустошами 3,912023 0,000537
пустынь 2,407946 0,000331
путем 0,941609 0,000259
пути 0,693147 0,000095
путь 0,820981 0,000113
пушкинский 2,659260 0,000365
пуще 3,912023 0,000537
пчеловодства 3,506558 0,000481
пыли 3,218876 0,000442
пыль 2,813411 0,000386
пытается 2,813411 0,000386
пытался 2,302585 0,000316
пьяный 3,912023 0,000537
пюви 3,912023 0,000537
пядениц 3,912023 0,000537
пяти 1,203973 0,000331
пятидесятью 3,912023 0,000537
пятилетний 3,912023 0,000537
равнинные 3,912023 0,000537
равных 2,659260 0,000365
радикальных 3,506558 0,000481
радиоактивное 3,506558 0,000481
разбил 3,506558 0,000481
разбирательства 3,912023 0,000537
разборчивы 3,912023 0,000537
разведения 3,912023 0,000537
развивается 1,609438 0,000221
развиваться 1,469676 0,000202
развиваются 1,832581 0,000503
развивающихся 2,407946 0,000331
развитие 0,314711 0,000130
развитию 0,843970 0,000232
развития 0,287682 0,000197
разгневанная 3,912023 0,000537
разговаривать 3,506558 0,000481
разгонов 3,912023 0,000537
раздел 0,891598 0,000245
разделе 0,776529 0,000107
разделение 1,660731 0,000228
разделения 1,966113 0,000270
разделены 2,207275 0,000303
разделить 2,525729 0,000347
разлагается 3,912023 0,000537
разлагающих 3,912023 0,000537
различают 2,302585 0,001581
различен 3,912023 0,000537
различения 3,218876 0,000442
различие 2,525729 0,000347
различного 1,714798 0,000235
различными 1,609438 0,000221
различных 0,385662 0,000159
разложившийся 3,912023 0,000537
размера 2,040221 0,000280
размножаться 3,912023 0,000537
размножаются 3,506558 0,000481
размножение 3,218876 0,000442
размножения 2,995732 0,000411
размыва 3,506558 0,000963
разновозрастное 3,912023 0,000537
разнообразие 2,407946 0,000992
разнообразию 3,218876 0,000442
разнообразна 3,218876 0,000442
разных 0,510826 0,000351
разработчики -0,009950 -0,000001
разрастанию 3,912023 0,000537
разрастающихся 3,912023 0,000537
разреженные 3,506558 0,000481
разрушительных 2,659260 0,000365
районах 0,941609 0,000776
районе 0,527633 0,000072
районы 0,653926 0,000180
райски 3,912023 0,000537
рамочная 3,218876 0,000442
ранее 0,430783 0,000118
ранних 2,302585 0,000316
рапануйцев 3,912023 0,000537
располагаются 1,108663 0,000152
расположения 1,832581 0,000252
расположены 0,673345 0,000092
распределение 1,560648 0,001071
распространен 2,813411 0,000386
распространение 1,237874 0,000510
распространению 2,302585 0,000632
распространения 1,660731 0,000912
распространенным 2,525729 0,000347
распространенными 2,525729 0,000347
распространенных 2,120264 0,000291
распространены 1,832581 0,001510
распространилась 3,506558 0,000481
распространились 3,506558 0,000481
распространилось 2,659260 0,000365
распространить 3,912023 0,000537
распространялись 3,912023 0,000537
рассказывает 2,659260 0,000365
рассказывают 2,995732 0,000823
рассматривать 1,966113 0,000540
растений 1,386294 0,004377
растения 1,771957 0,002919
растениями 3,506558 0,000481
растениях 3,506558 0,000481
растет 1,660731 0,000228
расти 2,040221 0,000280
растительное 3,218876 0,000442
растительности 2,302585 0,001897
растительность 1,427116 0,001371
растительностью 2,525729 0,000347
растительноядных 3,912023 0,000537
растут 2,120264 0,001747
реализме 3,912023 0,000537
реально 2,207275 0,000303
ребенка 2,407946 0,000331
регион 1,021651 0,000281
регионам 2,659260 0,001095
регионах 1,771957 0,000243
регионы 1,049822 0,000144
регламентации 3,912023 0,000537
регулируемые 3,912023 0,000537
регулятор 3,912023 0,001074
ред 0,235722 0,000712
редактор 1,609438 0,000884
редакцией 1,832581 0,001510
редакция 1,469676 0,000807
редко 1,832581 0,000252
редколесьем 3,912023 0,000537
редколесья 3,912023 0,001074
редкостойными 3,912023 0,000537
реже 2,302585 0,000316
режим 1,108663 0,000457
режима 2,120264 0,000291
резервуар 3,506558 0,000481
резервуаров 3,912023 0,000537
резко 0,967584 0,000133
результате 0,342490 0,000141
рейна 3,912023 0,000537
рек 0,820981 0,000225
реки 0,462035 0,000063
рекреационное 3,506558 0,000481
рекреационным 3,912023 0,000537
республика 0,843970 0,000116
ресурсов 0,798508 0,000877
ресурсом 3,218876 0,000442
ресурсы 0,020203 0,000008
решающее 2,813411 0,000386
римлян 3,218876 0,000442
римская 2,995732 0,000411
римских 3,506558 0,000481
римского 3,218876 0,000442
римской 2,813411 0,000386
рио 2,407946 0,000331
рио-де-жанейро 3,218876 0,000442
рисунок 2,995732 0,000411
робин 3,506558 0,000481
родам 3,218876 0,000442
родившегося 3,506558 0,000481
родины 2,525729 0,000347
родном 3,506558 0,000481
родственниками 3,506558 0,000481
родственными 3,506558 0,000481
родственных 0,755023 0,000104
рождает 3,912023 0,000537
рождению 3,912023 0,000537
роль 0,579818 0,000876
ролью 2,995732 0,000411
романтизма 3,218876 0,000442
росмэн 3,506558 0,001926
россии 0,186330 0,000128
российская 0,186330 0,000153
российских 0,733969 0,000202
россия 0,371064 0,000051
рост 0,967584 0,000266
роста 1,386294 0,000381
росте 2,813411 0,000386
ростки 3,506558 0,000481
росту 1,832581 0,000252
роща 1,514128 0,000208
рощах 3,912023 0,000537
роще 2,813411 0,000386
рощи 2,659260 0,000365
роющие 3,912023 0,000537
ртути 3,218876 0,000442
руанда 3,506558 0,000481
рубка 3,912023 0,000537
рубки 3,912023 0,000537
рубок 3,912023 0,001074
рус 0,162519 0,000223
руси 1,347074 0,000185
русиньскый 0,000000 0,000000
русский -0,009950 -0,000001
русской 0,673345 0,000092
русском 1,049822 0,000288
руссоистские 3,912023 0,000537
рыбная 2,525729 0,000347
рысин 3,506558 0,000481
рыцаря 3,912023 0,000537
рьянгомбе 3,912023 0,000537
ряд 0,385662 0,000053
ряда 0,994252 0,000409
ряде 1,237874 0,000170
рядом 0,733969 0,000101
рясий 3,912023 0,000537
саванновые 3,912023 0,000537
саговниковые 3,912023 0,001074
сада 1,832581 0,000252
самар 3,506558 0,000481
самара 0,891598 0,000122
самодийских 3,912023 0,000537
самому 2,659260 0,000365
самую 2,659260 0,000365
самый 0,579818 0,000080
самым 0,653926 0,000359
самых 0,544727 0,000075
санитарно-гигиеническое 3,912023 0,000537
санитарных 3,506558 0,000481
санкт-петербургом 1,832581 0,000252
сарыч 3,912023 0,000537
сассафрасов 3,912023 0,000537
саха 2,813411 0,000386
саян 2,813411 0,000386
сбить 3,912023 0,000537
сванский 3,912023 0,000537
сведено 3,912023 0,000537
свежий 2,995732 0,001234
света 1,714798 0,000942
светлые 3,506558 0,000481
светлыми 3,912023 0,000537
световое 3,912023 0,000537
светолюбивы 3,912023 0,000537
светолюбивых 3,912023 0,000537
свободной -0,009950 -0,000003
свое 0,616186 0,000085
своего 0,776529 0,000107
своей 0,776529 0,000213
своим 0,967584 0,000133
своими 1,427116 0,000588
свой 0,653926 0,000180
свойств 1,966113 0,000270
свойства 1,660731 0,000456
свойствами 2,525729 0,000347
свыше 0,891598 0,000245
свяжитесь -0,009950 -0,000001
связана 1,078810 0,000148
связанное 1,897120 0,000260
связанные 1,021651 0,000281
связанных 1,171183 0,000161
связано 1,078810 0,000296
связи 0,235722 0,000097
связывается 2,525729 0,000694
связывая 3,912023 0,000537
священного 2,813411 0,000386
священной 3,506558 0,000481
священных 3,506558 0,000963
сдерживают 3,506558 0,000481
север 1,171183 0,000161
севера 0,941609 0,000129
севере 1,139434 0,000313
северная 1,078810 0,000444
северного 1,021651 0,000561
северной 0,693147 0,001142
северном 1,469676 0,000202
северному 2,659260 0,000365
северные 1,966113 0,000810
северный 0,820981 0,000338
северным 1,771957 0,000243
северо-востоке 2,120264 0,000291
североамериканских 3,912023 0,000537
сегодня 0,616186 0,000254
сезонностью 3,506558 0,000481
сезонные 2,302585 0,001581
сезонов 2,995732 0,000411
сезоном 2,995732 0,000411
секвой 3,912023 0,000537
секвойя 3,912023 0,000537
секреторную 3,912023 0,000537
селение 2,302585 0,000632
селькупов 3,912023 0,000537
сельское 1,427116 0,000196
сельскохозяйственная 2,207275 0,000303
сельскохозяйственной 2,207275 0,000303
сельскохозяйственных 1,966113 0,000540
семена 2,813411 0,001159
семенного 3,912023 0,000537
семенные 3,912023 0,001074
семенным 3,912023 0,000537
семенных 3,912023 0,000537
семи 1,386294 0,000190
семьи 1,272966 0,000175
семью 2,813411 0,000386
семян 3,506558 0,000963
сеннов 3,912023 0,000537
сентября 0,072571 0,000040
сервий 3,912023 0,000537
сердечную 3,912023 0,000537
серию 2,407946 0,000331
сестра 2,995732 0,000411
сибири 1,347074 0,000740
сибирский 1,469676 0,000202
сибирских 1,966113 0,000540
сибирскому 2,813411 0,000386
сидерий 3,912023 0,000537
сил 1,771957 0,000243
силами 1,309333 0,000180
силу 1,021651 0,000140
силур 3,912023 0,000537
силы 1,427116 0,000392
сильвана 3,912023 0,000537
сильно 0,776529 0,000107
сильного 2,407946 0,000331
сильное 1,897120 0,000260
сильной 2,813411 0,000386
симард 3,912023 0,000537
символизма 3,912023 0,000537
система 0,235722 0,000032
систематического 2,813411 0,000386
системеобсуждениевкладсоздать -0,009950 -0,000001
систему 0,673345 0,000185
системы 0,342490 0,000094
сих 1,078810 0,000148
сказках 3,912023 0,001074
сказки 2,659260 0,000365
сказок 3,506558 0,000481
сказочника 3,912023 0,000537
сказочный 3,506558 0,000963
скачать -0,009950 -0,000003
складывается 2,525729 0,000347
складывающийся 3,912023 0,000537
склонах 2,407946 0,000661
склоны 2,525729 0,000347
сколько 0,653926 0,000090
скорее 1,966113 0,000270
скорости 1,897120 0,000260
скорость 0,867501 0,000238
скотоводства 3,912023 0,000537
скрыться 3,506558 0,000481
слабого 2,813411 0,000386
слабый 3,506558 0,000481
славян 2,813411 0,000772
славянских 2,525729 0,000347
славянской 2,302585 0,000316
след 2,302585 0,000316
следующие 0,544727 0,000374
сли 3,912023 0,000537
слова 0,562119 0,000077
словари 0,116534 0,000016
словарь 0,274437 0,000414
слово 0,673345 0,000092
словом 1,897120 0,000260
сложное 3,912023 0,000537
сложный 2,995732 0,000411
сложным 0,867501 0,000119
сложных 2,659260 0,000365
слои 2,813411 0,000386
слой 2,120264 0,000582
слоя 2,407946 0,000331
служат 2,525729 0,000347
служили 2,813411 0,000386
служить 2,120264 0,000291
случае 0,843970 0,000348
случаях -0,009950 -0,000003
слушать 2,659260 0,000365
смежному 3,912023 0,000537
смены 2,659260 0,000365
сменяют 3,218876 0,000442
сменяющиеся 3,506558 0,000481
смешанного 3,912023 0,000537
смешанные 2,302585 0,001897
смешанный 2,813411 0,000772
смешанными 3,506558 0,000481
смешанных 2,207275 0,000303
смеяться 3,912023 0,000537
смирнова 2,525729 0,000347
смола 3,506558 0,000481
смягчают 3,912023 0,000537
снега 1,771957 0,000487
снегозадержания 3,912023 0,000537
снегораспределение 3,912023 0,000537
снижают 3,506558 0,000481
снижению 2,659260 0,000365
снижения 1,714798 0,000235
снятию 3,912023 0,000537
собак 2,813411 0,000386
собирательство 3,506558 0,000481
собой 0,328504 0,000135
собрание 0,941609 0,000129
собственности 1,514128 0,000416
событияпожертвовать -0,009950 -0,000001
совершенствовали 3,912023 0,000537
советская 0,371064 0,002241
советской 0,755023 0,000415
совокупности 2,120264 0,000291
совокупность 1,660731 0,000456
совпадавшего 3,912023 0,000537
современная 1,108663 0,000609
современной 0,579818 0,000159
современные 0,916291 0,000503
современным 1,832581 0,000252
современных 0,713350 0,000098
согласно 0,301105 0,000041
соглашение 1,139434 0,000156
содействуют 3,912023 0,000537
содержание 0,010050 0,000001
содержаться 3,912023 0,000537
содержит 1,386294 0,000190
содержится 1,966113 0,000540
соединений 2,120264 0,000582
создание 0,733969 0,000202
созданы 1,078810 0,000148
создаются 2,040221 0,000280
сойка 3,912023 0,000537
соколов 1,966113 0,000540
соколы 3,506558 0,000481
сокольский 3,218876 0,000442
сократилось 1,897120 0,000260
сокращались 3,218876 0,000442
солнечная 2,120264 0,000291
солнечного 1,714798 0,000235
солнечные 2,659260 0,000365
солнца 1,966113 0,000540
соловей-разбойник 3,912023 0,000537
сомкнувшихся 3,912023 0,000537
сомкнутости 3,912023 0,002685
сомкнутость 3,912023 0,000537
сомкнутостью 3,912023 0,001611
сомкнутыми 3,912023 0,001074
сомкнутых 3,912023 0,000537
сообществ 2,995732 0,000411
сообществам 3,912023 0,000537
сообщество 2,407946 0,000661
сообществом 2,659260 0,000365
сообщить -0,009950 -0,000001
соответственно 1,021651 0,000140
соответствии 0,446287 0,000123
соответствует 1,427116 0,000196
соответствующая 2,525729 0,000347
соответствующие 1,560648 0,000214
соответствующий 2,207275 0,000303
соответствующих 1,609438 0,000221
соответствуя 3,912023 0,000537
соотношение 2,120264 0,000582
сопровождаемый 3,218876 0,000442
сорта 2,995732 0,000411
сортавальском 3,912023 0,000537
соседних 1,660731 0,000456
сосна 2,302585 0,000632
сосновом 2,995732 0,000411
сосновые 2,813411 0,000772
сосновый 2,302585 0,000316
сосны 2,302585 0,000316
сосредоточения 3,912023 0,000537
состав 0,400478 0,000440
состава 1,171183 0,000482
составленная 2,813411 0,000386
составляет 0,314711 0,000086
составляют 0,798508 0,000438
составляющая 2,813411 0,000386
составная 3,218876 0,000442
составом 3,218876 0,001326
составу 2,302585 0,000316
состоит 0,755023 0,000207
состоявший 3,506558 0,000481
состояние 0,733969 0,000101
состоянию 0,544727 0,000075
состояния 1,203973 0,000165
состоят 2,207275 0,000303
состоящей 3,912023 0,000537
состоящие 2,813411 0,000386
состоящий 2,302585 0,000316
сотрудников 1,966113 0,000270
сотрудничество 1,660731 0,000228
сохранением -0,009950 -0,000001
сохранности 3,218876 0,000442
сохранялась 2,995732 0,000411
социальная 1,514128 0,000208
социально-экономические 2,407946 0,000331
социальные 1,660731 0,000228
сочетается 3,912023 0,000537
сочетании 2,525729 0,000347
сочинений 2,525729 0,000347
спасавшийся 3,912023 0,000537
спб 0,385662 0,000265
спегальский 3,912023 0,000537
спелые 3,912023 0,000537
специализацию 2,813411 0,000386
специалистов 1,078810 0,000148
специфические 2,995732 0,000411
специфического 3,506558 0,000481
спивак 3,912023 0,000537
список 0,248461 0,000034
сплошные 3,218876 0,000442
сплюснутость 3,218876 0,000442
способностью 2,813411 0,000772
способные 2,995732 0,000411
способствовало 1,609438 0,000442
способствует 1,609438 0,000663
способствуют 2,207275 0,001515
способы 2,659260 0,000365
спрос 2,813411 0,000386
спутники 2,813411 0,000386
сравнимы 3,506558 0,000481
сравнительно 1,897120 0,000260
сразу 0,994252 0,000136
среда 1,386294 0,000571
среде 1,660731 0,000228
среди 0,198451 0,000136
средиземноморье 3,912023 0,000537
средневекового 3,218876 0,000442
средневековой 2,040221 0,000280
средневозрастные 3,912023 0,000537
средневозрастных 3,912023 0,000537
среднего 1,049822 0,000432
средней 0,867501 0,000238
среднем 0,693147 0,000095
среднему 2,813411 0,000386
средний 0,494296 0,000136
средой 2,813411 0,000386
средств 0,597837 0,000164
среду 1,897120 0,000260
среды 0,755023 0,000933
српски 0,000000 0,000000
српскохрватски 0,000000 0,000000
срубает 3,912023 0,000537
ссср 0,314711 0,000043
ссылка 0,274437 0,000151
ссылками 0,186330 0,000051
ссылкамистраницы 2,525729 0,000347
ссылкасведения -0,009950 -0,000001
ссылки -0,009950 -0,000008
стабильный 2,995732 0,000411
стабильных 3,218876 0,000442
стала 0,462035 0,000063
стали 0,430783 0,000177
стало 0,494296 0,000068
становилось 3,506558 0,000481
становился 2,302585 0,000316
становится 0,527633 0,000145
становятся 1,714798 0,000235
старения 3,506558 0,000481
старика 3,912023 0,000537
старшего 2,995732 0,000411
старых 1,560648 0,000214
статей 0,967584 0,000133
статерий 3,912023 0,000537
статистика -0,009950 -0,000001
статьевикипедия 1,660731 0,000228
статьестатьи 0,843970 0,000116
статьи 0,072571 0,000040
статьислучайная -0,009950 -0,000001
статьисообществофорумсправкасвежие -0,009950 -0,000001
статью 0,616186 0,000085
статья 0,105361 0,000087
статьяобсуждение -0,009950 -0,000001
статьятекущие -0,009950 -0,000001
стволов 3,506558 0,000963
стволы 3,912023 0,001074
стений 3,912023 0,000537
степень 1,714798 0,000942
степенью 2,813411 0,000386
степных 2,813411 0,000386
стерилен 3,912023 0,000537
стимулирует 3,218876 0,000442
стихий 3,912023 0,000537
стихийно-естественные 3,912023 0,000537
стихийное 2,995732 0,000411
стихийных 3,912023 0,000537
стихию 3,912023 0,000537
стихотворения 2,995732 0,001234
столкновения 2,813411 0,000386
столько 1,832581 0,000252
сторону 1,171183 0,000161
стороны 0,430783 0,000177
страж 3,218876 0,000442
стража 3,506558 0,000481
стран 0,597837 0,000164
странам 2,813411 0,001159
странами 2,207275 0,000303
странах 1,560648 0,000643
страница -0,009950 -0,000001
страницасодержаниеизбранные -0,009950 -0,000001
страницецитировать -0,009950 -0,000001
страницуполучить -0,009950 -0,000001
страницы -0,009950 -0,000001
страницыслужебные -0,009950 -0,000001
страну 2,207275 0,000303
страхов 3,506558 0,000481
стремится 3,218876 0,000442
стремясь 3,506558 0,000481
стремящейся 3,912023 0,000537
стрессов 3,912023 0,000537
строение 1,966113 0,000270
строился 2,407946 0,000331
строительных 1,427116 0,000196
строительства 0,673345 0,000185
строительство 0,510826 0,000070
строками 3,912023 0,000537
структура 0,967584 0,000266
структурой 2,813411 0,000386
структуру 1,514128 0,000208
субтропические 2,659260 0,001825
субтропический 2,207275 0,000606
субтропическим 2,995732 0,000411
субтропических 2,813411 0,001159
субэкваториальном 3,912023 0,000537
субэкваториальных 3,912023 0,000537
судан 3,218876 0,000442
судебные 2,659260 0,000365
судьбы 2,659260 0,000365
суммой 3,218876 0,000442
сумрачного 3,912023 0,000537
суперконтинент 3,218876 0,000442
сутки 1,771957 0,000243
суточное 3,218876 0,000442
сухие 2,813411 0,001545
сухим 3,506558 0,001444
сухих 2,813411 0,000386
суховершинность 3,506558 0,000481
сухого 3,218876 0,000884
сухой 1,966113 0,000270
сухотропические 3,912023 0,000537
сучья 3,912023 0,000537
суше 2,659260 0,000365
суши 2,207275 0,000606
существа 3,218876 0,000884
существенно 1,108663 0,000304
существенный 2,407946 0,000331
существовавших 2,302585 0,000948
существованию 3,218876 0,000442
существования 1,272966 0,000175
существовать 2,120264 0,000291
существует 0,446287 0,000123
существуют 0,162519 0,000112
существующих 1,714798 0,000471
сформировался 2,525729 0,000347
сходны 3,912023 0,001074
сценах 3,218876 0,000442
сцепке 3,912023 0,000537
счета 2,813411 0,000386
считается 0,693147 0,000095
считали 2,302585 0,000948
считалось 2,525729 0,000347
считаются 1,897120 0,000260
сша 0,562119 0,000232
сыктывкар 3,506558 0,000481
сырье 2,995732 0,000411
сырья 2,120264 0,000291
сычиков 3,912023 0,000537
сьерра-невада 3,912023 0,000537
сюдасвязанные -0,009950 -0,000001
сюжетах 3,912023 0,001611
сюжету 3,912023 0,000537
сюрреализм 3,912023 0,000537
таежная 3,218876 0,000442
таиланде 3,506558 0,000481
таинственное 3,912023 0,000537
тайга 1,966113 0,000540
тайге 2,813411 0,000386
тайги 2,040221 0,000560
также 0,000000 0,000000
такие 0,261365 0,000072
таким 0,527633 0,000290
таких 0,510826 0,000070
таксация 3,912023 0,001074
тактики 3,912023 0,000537
талые 3,506558 0,000481
таман-негара 3,912023 0,000537
тарашкев 0,000000 0,000000
тасмании 3,912023 0,000537
татар 1,469676 0,000202
татарча 0,000000 0,000000
татары 0,798508 0,000110
таяние 2,995732 0,000411
твердолиственные 3,912023 0,000537
творчестве 2,302585 0,000632
твоя 3,506558 0,000481
тевтобургском 3,912023 0,000537
текст -0,009950 -0,000003
текстов 1,966113 0,000270
тектоника 3,218876 0,000442
тема 1,897120 0,000260
температуры 1,139434 0,000156
теневыносливостью 3,912023 0,000537
теневыносливых 3,912023 0,000537
тень 2,995732 0,000411
теоретической 2,659260 0,000365
теория 1,386294 0,000190
тепла 1,832581 0,000252
теплого 2,207275 0,000303
теплым 2,302585 0,000316
теплых 2,813411 0,000386
термина 0,400478 0,000055
терминов 2,207275 0,001212
территории 0,400478 0,000660
территорий 1,049822 0,000288
тесно 1,832581 0,000252
тех 0,798508 0,000219
техногайянизм 3,912023 0,000537
течение 0,527633 0,000362
тимее 3,912023 0,000537
тип 0,356675 0,000343
типа 0,462035 0,000063
типичны 2,813411 0,000386
типичным 3,506558 0,000481
типов 1,386294 0,000761
типу 2,995732 0,000411
типы 1,514128 0,002079
тихий 2,302585 0,000316
тихоокеанского 2,302585 0,000316
тишину 3,912023 0,000537
товарный -0,009950 -0,000001
токарев 2,995732 0,000411
толкование 3,218876 0,000442
томах 1,832581 0,000252
тому 1,108663 0,000152
тоний 3,912023 0,000537
тонус 3,912023 0,000537
топлива 2,302585 0,000316
тополь 2,659260 0,000365
топонимы 2,659260 0,000365
топоса 3,912023 0,000537
торговлю 2,525729 0,000347
торикабуто 3,912023 0,000537
трав 2,407946 0,000331
травы 2,659260 0,000365
травянистая 3,218876 0,000884
травянистые 3,218876 0,000884
травяно-кустарничковый 3,912023 0,000537
травяно-кустарничковым 3,912023 0,000537
травяной 3,506558 0,000963
травяным 3,912023 0,000537
традиции 1,386294 0,000761
традиций 2,207275 0,000606
традициях 2,407946 0,000992
тракта 2,407946 0,000331
транспирация 3,912023 0,000537
транспорт 0,693147 0,000095
транспорта 0,776529 0,000213
трансформации 2,525729 0,000347
трансформируется 3,506558 0,000481
требовательностью 3,912023 0,000537
требовательны 3,912023 0,000537
требует 1,427116 0,000196
требуют 1,609438 0,000221
трети 1,897120 0,000260
третичный 3,218876 0,000442
третьи 3,218876 0,000442
трех 0,713350 0,000196
триас 3,912023 0,000537
триасовом 3,912023 0,001074
тристана 3,912023 0,000537
тройную 3,912023 0,000537
тропам 3,506558 0,000481
тропические 2,525729 0,004508
тропический 2,407946 0,001983
тропическим 3,218876 0,000884
тропических 2,995732 0,003290
тропического 3,506558 0,000963
тропическом 3,912023 0,000537
труда 1,139434 0,000156
труднопроходимые 3,506558 0,000481
трудный 3,506558 0,000481
трупов 3,506558 0,000481
трясинах 3,912023 0,000537
тувинцев 3,506558 0,000481
туманный 2,995732 0,000411
туманов 2,995732 0,000411
тундры 2,525729 0,000347
туризм 1,347074 0,000185
тыла 1,897120 0,000260
тыс 0,430783 0,000177
тысяч 0,415515 0,000057
тюрков 3,218876 0,000442
тюркских 2,302585 0,000316
убегающим 3,506558 0,000481
убеждение 3,912023 0,000537
убежища 3,218876 0,000442
убежищем 3,912023 0,000537
убивает 3,912023 0,000537
убивают 3,218876 0,000442
убийства 2,407946 0,000661
убор 3,506558 0,000481
убыль 2,525729 0,000347
увеличивает 2,659260 0,000365
увеличивалось 3,218876 0,000442
увлажнение 3,218876 0,000442
увлажнением 3,506558 0,000481
угле 3,506558 0,000481
углекислого 3,506558 0,001444
углерода 1,897120 0,002865
угля 2,525729 0,000347
угодий 3,218876 0,000442
угодьях 3,506558 0,000481
угрожает 3,506558 0,000963
удаление 2,995732 0,000411
удаляют 3,912023 0,000537
удача 3,506558 0,000481
удачей 3,506558 0,000481
уделяется 2,659260 0,000365
удобрения 2,813411 0,000386
узкоспециализированны 3,912023 0,000537
узкую 3,218876 0,000442
указан 0,139262 0,000019
указанием -0,009950 -0,000001
укра 0,000000 0,000000
украине 2,407946 0,000331
украины 0,616186 0,000169
укрепление 2,407946 0,000331
укрепляет 3,506558 0,000481
улучшая 3,912023 0,000537
улучшению 2,659260 0,000365
улучшите 1,897120 0,000260
умбуко 3,912023 0,000537
уменьшилась 2,995732 0,000411
умеренного 1,897120 0,002344
умеренную 3,912023 0,000537
умеренные 3,218876 0,001768
умеренный 1,897120 0,000260
умеренным 3,506558 0,000481
умеренных 2,207275 0,001212
умерших 1,832581 0,000252
умирают 3,506558 0,000481
ун-та 2,120264 0,000291
уникальной 2,659260 0,000365
уничтожена 3,218876 0,000442
уничтожение 2,302585 0,000632
уничтожил 2,659260 0,000365
уокло 3,912023 0,000537
упавшие 3,912023 0,000537
упадку 3,506558 0,000481
упал 2,813411 0,000386
упасть 3,912023 0,000537
уплотнения 3,912023 0,000537
уплотняется 3,912023 0,000537
управления 0,415515 0,000057
ураганов 2,995732 0,000411
урман 3,912023 0,000537
уровне 0,916291 0,000377
уровнем 0,798508 0,000219
уровня 0,634878 0,000087
уровнях 2,525729 0,000347
урожаи 3,912023 0,000537
усиливает 3,506558 0,000481
усилит 3,506558 0,000481
ускорения 2,659260 0,000365
условий -0,009950 -0,000008
условия -0,009950 -0,000003
условиям 1,966113 0,000270
условиями 2,407946 0,000331
условиях 1,049822 0,000721
успешного 2,207275 0,000303
уссурийской 3,506558 0,000481
устойчивого 2,525729 0,000694
устойчивое 2,813411 0,000386
устойчивый 2,813411 0,000772
устраивались 3,912023 0,000537
устраивают 3,912023 0,000537
уступая 2,207275 0,000303
утверждая 2,995732 0,000411
уткин 3,506558 0,000481
уточнения 1,514128 0,000624
уточните 2,813411 0,000386
утро 2,813411 0,000386
ухода 2,813411 0,000772
уходящих 3,506558 0,000481
ухудшена 3,912023 0,000537
участвует 2,302585 0,000632
участие -0,009950 -0,000001
участками 3,506558 0,000481
участке 1,469676 0,000202
участки 1,514128 0,000831
участков 1,897120 0,000781
участок 1,203973 0,000331
учетную -0,009950 -0,000001
учетом 0,755023 0,000104
ущерб 2,040221 0,000280
фавна 3,912023 0,000537
фактор 2,040221 0,001120
факторами 2,525729 0,000347
факторов 2,040221 0,000560
фактором 2,040221 0,000280
факторы 2,207275 0,000606
фанерозой 3,912023 0,000537
фантастике 3,218876 0,000442
фао 3,912023 0,002148
фауна 1,272966 0,001398
фауной 3,912023 0,000537
фауну 3,506558 0,000481
фауны 2,525729 0,001387
февраля 0,051293 0,000028
федеральное 1,832581 0,000503
федерация 1,714798 0,000235
фекалий 3,912023 0,000537
феллер 3,912023 0,000537
фермионов 3,912023 0,000537
фигурировал 3,912023 0,000537
физико-географических 2,995732 0,000411
физические 2,525729 0,000347
фикусов 3,912023 0,000537
филиппинах 3,912023 0,000537
философами 3,218876 0,000442
финно-угорских 3,218876 0,000442
фитонцидов 3,912023 0,000537
фитонциды 3,912023 0,001611
фитоценоз 3,912023 0,000537
фитоценоза 3,912023 0,000537
флаг 0,673345 0,000092
флоре 2,813411 0,000386
флористический 3,912023 0,000537
флоры 2,207275 0,002121
фолкнер 3,912023 0,000537
фонд -0,009950 -0,000005
форма 1,514128 0,000208
формации 3,506558 0,000481
форме 0,941609 0,000129
формирование 1,078810 0,000148
формирующий 3,912023 0,000537
формой 2,407946 0,000661
формы 0,941609 0,000129
фотосинтеза 3,506558 0,000481
фотосинтезом 3,912023 0,000537
фотосинтезу 3,912023 0,000537
фрагментация 3,912023 0,000537
фрост 3,912023 0,000537
фундаментально 3,506558 0,000481
функции 1,049822 0,000721
функцию 2,407946 0,000331
функция 1,832581 0,000252
халкидий 3,912023 0,000537
хаос 3,912023 0,001074
характер 0,994252 0,000136
характеризуется 0,941609 0,000129
характеризуются 2,813411 0,000772
характерное 3,218876 0,000442
характерны 1,514128 0,000416
характерный 3,218876 0,000442
характерными 2,659260 0,000365
характером 2,659260 0,000365
характеру 2,302585 0,000316
хаттских 3,912023 0,000537
хвоей 3,912023 0,001611
хвойно-широколиственые 3,912023 0,001074
хвойном 3,912023 0,000537
хвойные 2,659260 0,006206
хвойный 2,995732 0,000823
хвойных 2,659260 0,001825
хвост 2,995732 0,000411
хвощей 3,912023 0,000537
хвощи 3,912023 0,001074
херуск 3,912023 0,000537
хеттских 3,912023 0,000537
химический 2,120264 0,000291
химических 2,120264 0,000291
хищниками 3,506558 0,000481
хищные 3,506558 0,000481
ход 2,040221 0,000280
ходе 0,562119 0,000154
ходит 2,813411 0,000386
хозяевами 3,506558 0,000481
хозяевах 3,912023 0,000537
хозяин 2,995732 0,002879
хозяина 3,912023 0,001611
хозяином 3,912023 0,001074
хозяину 3,912023 0,000537
хозяйки 3,912023 0,000537
хозяйства 0,755023 0,000829
хозяйственная 2,659260 0,000730
хозяйственное 2,659260 0,000730
хозяйственной 2,120264 0,000582
хозяйственные 2,525729 0,000347
хозяйственными 3,218876 0,000442
хозяйственных 2,813411 0,000386
хозяйство 0,713350 0,000196
холодных 2,302585 0,000316
хонгаю 3,912023 0,000537
хорошее 3,218876 0,000442
хотя 0,653926 0,000090
храма 1,272966 0,000350
хранитель 2,813411 0,000772
хранителю 3,912023 0,000537
хранителя 3,912023 0,000537
хребет 2,525729 0,000694
христианской 3,218876 0,000442
хронология 1,771957 0,000243
хрущей 3,912023 0,000537
хуваву 3,912023 0,000537
художественное 2,040221 0,000280
художественной 1,469676 0,000202
художественные 2,120264 0,000291
хумбабу 3,912023 0,000537
хурритов 3,912023 0,000537
царство 2,040221 0,000280
цветки 3,912023 0,000537
цветковые 3,912023 0,001074
цветковых 3,506558 0,000481
цветов 1,966113 0,000270
цезарь 3,506558 0,000481
цезаря 3,912023 0,001611
целебное 3,912023 0,000537
целебный 3,912023 0,000537
целесообразнее 3,912023 0,000537
целлюлозно-бумажной 3,912023 0,000537
целое 2,407946 0,000331
целом 0,755023 0,000104
целые 2,120264 0,000291
цельтиса 3,912023 0,000537
целях 1,171183 0,000322
центр 0,400478 0,000110
центральная 0,755023 0,000415
центральной 0,843970 0,000232
центральную 1,832581 0,000252
цепочки 2,813411 0,000386
цивилизации 2,040221 0,000560
цивилизованных 3,912023 0,000537
цикле 2,995732 0,000411
циклов 3,218876 0,000442
цилиндра 3,912023 0,000537
циркулируют 3,912023 0,000537
части 0,198451 0,000109
частной 2,207275 0,000303
частности 0,462035 0,000190
часто 0,415515 0,000285
частых 2,995732 0,000411
часть 0,105361 0,000101
чаща 3,912023 0,000537
чаще 1,171183 0,000482
чащоба-прибежище 3,912023 0,000537
человек 0,400478 0,000110
человека 0,579818 0,000955
человеком 2,040221 0,001681
человеку 2,302585 0,000632
человеческие 2,407946 0,000331
человеческим 3,506558 0,000963
человеческого 2,120264 0,000582
человеческой 1,897120 0,000260
человеческую 3,506558 0,000481
человечества 1,897120 0,000260
чередование 3,506558 0,000481
чередованием 3,218876 0,000442
черной 2,120264 0,000291
черный 1,386294 0,000190
черт 2,995732 0,000411
черты 1,203973 0,000331
четвертичный 3,218876 0,000884
четко 1,897120 0,000521
чили 2,995732 0,000823
числе 0,248461 0,000307
численности 0,653926 0,000090
численность 0,653926 0,000180
число 0,478036 0,000131
чистое 3,506558 0,000481
чистые 2,659260 0,001095
читатьправитьправить 0,494296 0,000068
членистоногих 3,912023 0,000537
чрезмерной 3,506558 0,000481
чувасов 3,912023 0,000537
чудесным 3,912023 0,000537
чудесных 3,912023 0,000537
чудовищами 3,912023 0,000537
чудовище 3,912023 0,000537
чьи 2,302585 0,000316
шаблона 2,040221 0,000280
шаблонами 0,634878 0,000087
шаванна 3,912023 0,000537
шартрской 3,912023 0,000537
шатилов 3,912023 0,000537
швейцарский 2,120264 0,000291
швырнул 3,912023 0,000537
шекспира 3,506558 0,000481
шелкопряд 3,912023 0,000537
шервудского 3,912023 0,000537
шипов 3,506558 0,000481
шипования 3,912023 0,000537
широколиственные 2,525729 0,002427
широколиственный 3,506558 0,000481
широколиственными 3,506558 0,000963
широколиственных 2,813411 0,000386
широты 1,832581 0,000252
шишкин 2,659260 0,000365
шкала 3,218876 0,001326
шкалы 3,218876 0,000442
школу 2,525729 0,000347
школы 0,673345 0,000092
шлем 3,506558 0,000481
шорцы 2,525729 0,000347
шума 3,912023 0,000537
шумерской 3,912023 0,000537
шумового 3,912023 0,000537
шумовое 3,912023 0,000537
щедро 3,912023 0,000537
эвенков 2,995732 0,000823
эвенкы 3,912023 0,000537
эвкалипта 3,912023 0,000537
эвкалиптовые 3,912023 0,000537
эволюции 2,120264 0,000291
эврика 3,506558 0,000481
эдиакарий 3,912023 0,000537
эйфельском 3,912023 0,000537
экваториальная 3,218876 0,000442
экваториальном 3,912023 0,001074
экваториальные 3,912023 0,000537
экватору 3,506558 0,000963
экз 0,415515 0,000513
экзотических 3,218876 0,000884
экодизайн 3,912023 0,000537
экологии 1,203973 0,000331
экологическая 1,560648 0,001714
экологические 1,560648 0,000643
экологический 1,832581 0,002264
экологическими 3,218876 0,000442
экологических 2,207275 0,000303
экологического 1,771957 0,000243
экологическое 1,771957 0,000243
экологической 1,560648 0,000429
экология 0,693147 0,000761
экономика 0,510826 0,000140
экономистов 3,218876 0,000442
экономиче 3,912023 0,000537
экономические 1,771957 0,000243
экономических 1,560648 0,000214
экосистем 3,506558 0,000963
экосистема 3,218876 0,001768
экосистеме 2,813411 0,000386
экосистемой 3,912023 0,000537
экосистему 2,813411 0,000386
экотон 3,912023 0,000537
экотуризм 3,506558 0,000481
экоцид 3,912023 0,000537
экспансию 3,912023 0,000537
эксперименты 2,659260 0,000365
экспертиза 3,912023 0,000537
экспорт -0,009950 -0,000001
экстремальных 2,659260 0,000365
эктазий 3,912023 0,000537
электромагнитное 3,506558 0,000481
элементами 1,832581 0,000252
элементов 1,309333 0,000360
элементы 0,891598 0,000245
эллипсоид 3,218876 0,000442
эмоционального 3,912023 0,000537
энгельс 1,832581 0,000252
эндрю 2,995732 0,000411
энеиде 3,506558 0,000481
энергетика 1,660731 0,000912
энергетический 2,525729 0,000347
энергии 1,514128 0,000624
энергия 2,040221 0,000280
энцикл 3,506558 0,000481
энциклопедии -0,009950 -0,000007
энциклопедический 0,733969 0,000705
энциклопедия 0,210721 0,001880
эоархей 3,912023 0,000537
эон 3,912023 0,000537
эпифитов 3,912023 0,000537
эпосе 3,506558 0,000481
эпох 2,525729 0,000694
эпоху 1,386294 0,000190
эра 2,995732 0,000823
эрзянь 0,000000 0,000000
эрозией 3,912023 0,000537
эрозию 3,912023 0,000537
эры 1,560648 0,000429
эстонии 2,525729 0,000694
эта 0,000000 0,000000
этаж 2,995732 0,000823
этажи 2,659260 0,000365
этика 3,218876 0,000884
этим 0,693147 0,000285
этими 1,560648 0,000214
этих 0,400478 0,000275
этносов 3,218876 0,000442
это 0,000000 0,000000
этому 0,755023 0,000415
этюды 3,506558 0,000481
эффект 2,302585 0,000316
эффективности 1,609438 0,000442
эчауррена 3,912023 0,000537
юге 1,078810 0,000296
юго-восток 2,120264 0,000582
юго-восточная 2,302585 0,000316
юго-восточной 1,660731 0,000228
юго-запада 2,302585 0,000316
югославии 3,912023 0,000537
южная 0,941609 0,000517
южноамериканских 3,506558 0,000481
южного 1,139434 0,000313
южной 0,733969 0,000907
южный 0,755023 0,000104
юлия 2,407946 0,000661
юнеп 3,912023 0,000537
юношей 3,506558 0,000481
юноши 3,506558 0,000481
юра 3,912023 0,000537
юридические 3,218876 0,000442
юрского 3,506558 0,000481
юрском 3,912023 0,000537
ява 3,912023 0,000537
является 0,094311 0,000207
являются 0,248461 0,000273
являясь 1,771957 0,000243
ягоды 3,506558 0,000963
ягуаре 3,912023 0,000537
ядро 1,660731 0,000228
язык 0,116534 0,000016
языках -0,009950 -0,000004
языческой 3,218876 0,000442
якутов 3,912023 0,000537
якутские 3,912023 0,000537
якуты 1,714798 0,000235
января 0,116534 0,000096
японских 2,995732 0,000411
японском 3,218876 0,000442
ярко 2,659260 0,000365
ярус 2,525729 0,001734
яруса 2,813411 0,000772
ярусам 3,912023 0,000537
ярусами 3,912023 0,000537
ярусах 3,912023 0,000537
ярусе 3,506558 0,000481
ярусов 3,506558 0,001926
ярусы 3,506558 0,002888
ясень 2,995732 0,000823
ясном 3,218876 0,000442
