абрамов 2,995732 0,000204
абрамова 2,995732 0,000204
абсолютный 0,616186 0,000126
абхазии 2,407946 0,000164
абхазия 2,040221 0,000555
абхазский 2,302585 0,000156
авария 1,771957 0,000120
авг 0,820981 0,000056
август 0,072571 0,000316
августина 3,912023 0,000266
аверина 3,912023 0,000266
авиазавод 2,995732 0,000204
авиастроительный 3,218876 0,000219
авиационный 1,386294 0,000283
авиация 1,237874 0,000084
австрии 2,659260 0,000181
австрия 2,659260 0,000542
автобиографический 3,218876 0,000219
автобус 0,820981 0,000167
автогигант 3,912023 0,000532
автодорога 0,891598 0,000242
автозавод 3,218876 0,000437
автозаводец 3,912023 0,000266
автозаводский 3,218876 0,003062
автомеханический 3,912023 0,000266
автомобилестроение 2,995732 0,000204
автомобиль 1,108663 0,000226
автомобильный 0,713350 0,000776
автомонография 3,912023 0,000266
автономный 0,867501 0,000118
автор 0,462035 0,000126
авторадио 1,897120 0,000129
авторство -0,009950 -0,000001
автотранспортный 1,897120 0,000129
агеева 1,469676 0,000100
агентство 0,798508 0,000109
агломерация 0,798508 0,000380
адвентист 1,560648 0,000106
административно-территориальное 0,820981 0,000335
административно-территориальных 2,207275 0,000300
административный 0,597837 0,000650
администрация 0,755023 0,001283
адрес 1,078810 0,000220
аз 2,302585 0,000156
азия 0,755023 0,000051
аиф 2,407946 0,000164
аиф-нн 3,912023 0,000532
акад 2,040221 0,000139
академический 0,916291 0,000249
академия 0,544727 0,000037
академос 3,506558 0,000238
акб 3,218876 0,000219
акр 2,995732 0,000407
акт 1,237874 0,000084
актер 1,386294 0,000094
активист 3,218876 0,000219
активно 0,733969 0,000200
активность 1,309333 0,000089
активный 0,527633 0,000072
акулинину 3,912023 0,000266
акустик 3,218876 0,000219
алатырский 3,218876 0,000219
алатырь 3,506558 0,000238
алдан 1,309333 0,000089
александр 0,462035 0,000314
александро-невский 2,207275 0,000150
александрович 1,609438 0,000219
алексеева 2,407946 0,000327
алексей 1,049822 0,000071
алексея 1,514128 0,000103
алексин 3,218876 0,000219
алмаз-антей 3,912023 0,000532
алтай 2,407946 0,000164
алфавитный 2,995732 0,000407
алфавитувикипедия 0,776529 0,000106
алфавитунаселенные 0,867501 0,000059
альтернативный 1,203973 0,000082
анализ 0,967584 0,000066
аналитический 1,771957 0,000120
аналогичный 1,139434 0,000077
англ 0,174353 0,000012
англичанинов 3,912023 0,000266
андрей 0,967584 0,000263
аникитой 3,912023 0,000266
анкудиновка 3,912023 0,000532
анкудиновке 3,912023 0,000532
анна 1,560648 0,000106
аннексия 0,941609 0,000064
ансамбль 0,994252 0,000338
антагонистичный 3,912023 0,000266
антимонопольный 3,912023 0,000266
антон 1,832581 0,000125
антропогенный 1,771957 0,000120
аньхой 3,912023 0,000532
ап-нн 3,912023 0,000266
апостольский 1,771957 0,000120
аппаратура 2,120264 0,000144
апр 0,798508 0,000054
апрель 0,150823 0,000379
аптека 2,120264 0,000144
аракчеевым 3,912023 0,000266
арбитражный 1,966113 0,000134
аргумент 1,108663 0,000226
ардатовский 3,912023 0,000266
арен 1,237874 0,000421
арена 2,120264 0,000144
аренда 1,832581 0,000125
арзамас 3,218876 0,000656
арзамасский 3,912023 0,000532
арифметик 2,659260 0,000181
армейский 2,813411 0,000191
армянин 1,021651 0,000069
армяно-григорианский 3,912023 0,000266
армянский 1,347074 0,000183
арсенал 2,407946 0,000164
артиллерийский 1,609438 0,000109
арх 0,544727 0,000037
архив 0,446287 0,000091
архивировать 0,020203 0,000319
архивный 0,248461 0,000287
архиепископ 2,302585 0,000313
архимандрит 3,912023 0,000532
архитектор 0,916291 0,000311
архитектура 0,462035 0,000345
архитектурно-историческом 3,912023 0,000266
архитектурно-пространственной 3,912023 0,000266
архитектурно-этнографический 3,506558 0,000238
архитектурный 1,078810 0,000587
аршеневский 3,912023 0,000266
аршеневскому 3,912023 0,000266
аск 3,912023 0,000266
аспирант 2,659260 0,000181
ассамблея 2,659260 0,000181
ассоциация 1,309333 0,000178
аст 0,820981 0,000056
астрахани 2,407946 0,000164
астрахань 0,967584 0,000132
астраханью 3,218876 0,000219
астрель 1,049822 0,000071
атлас 1,108663 0,000151
атмосфера 0,994252 0,000068
атомный 1,660731 0,000113
аудио 2,120264 0,000144
аутсорсинга 3,912023 0,000532
афанасий 2,659260 0,000181
афанасия 2,525729 0,000172
афонино 3,912023 0,000266
афонину 3,912023 0,000266
африка 1,560648 0,000106
аэродромный 3,506558 0,000238
аэропорт 0,776529 0,000317
бабино 3,506558 0,000238
баевка 3,912023 0,000266
баз 0,371064 0,000177
база 2,040221 0,000139
бак 2,120264 0,000144
бактериальный 3,218876 0,000219
балабанова 3,912023 0,000266
балаково 2,120264 0,000144
балахна 2,120264 0,000432
балахнинский 3,506558 0,000715
балахну 3,912023 0,000266
балет 1,469676 0,000100
балочный 3,912023 0,000266
банк 0,693147 0,000236
баня-лука 3,912023 0,000532
баран 2,659260 0,000361
барнаул 1,203973 0,000082
барокко 1,560648 0,000212
баррикада 2,040221 0,000277
баскетбол 1,660731 0,000113
бассейн 0,653926 0,000044
баш 3,506558 0,000238
башкиров 3,506558 0,000238
башкирова 3,912023 0,000266
башкировы 3,912023 0,000266
башкортостан 2,207275 0,000150
башня 1,139434 0,000619
бдение 3,912023 0,000266
бегемот 3,912023 0,000266
бедный 2,302585 0,000313
бедняк 3,506558 0,000238
беженец 3,218876 0,000219
безводный 3,912023 0,000266
безоблачно 3,912023 0,000266
безопасность 0,916291 0,000125
безопорный 3,912023 0,000266
безымянный 2,040221 0,000139
бел 2,120264 0,000144
беларусь 1,237874 0,000252
белев 2,995732 0,000204
белец 3,912023 0,000532
белинского 2,659260 0,000361
беловой 3,506558 0,000238
белоомут 3,506558 0,000238
бензопила 3,912023 0,000532
берег 0,478036 0,000682
береговой 1,469676 0,000100
березка 2,407946 0,000164
березовая 2,040221 0,000555
берестяной 2,995732 0,000204
берет 1,966113 0,000134
бесплатный 1,386294 0,000094
бесспорно 3,506558 0,000238
бетанкура 3,912023 0,000798
бетон 2,995732 0,000204
бешенцево 3,912023 0,001063
библиографический 0,083382 0,000006
библиотека 0,328504 0,000156
библиотекарь 3,218876 0,000219
бизнес 0,820981 0,000056
бизнес-форумов 3,506558 0,000238
биржа 2,120264 0,000432
биржевой 2,813411 0,000191
благовещенский 1,832581 0,000623
благодаря 0,527633 0,000143
благородный 1,966113 0,000134
благородство 3,218876 0,000219
благотворитель 3,506558 0,000238
благоустройство 1,560648 0,000212
ближнеконстантиново 3,912023 0,001063
ближний 1,469676 0,000100
ближнихобъекты 3,506558 0,000238
близ 1,237874 0,000168
близкие 1,966113 0,000134
близкий 0,820981 0,000112
близко 1,714798 0,000233
близлежащий 2,040221 0,000277
близость 1,660731 0,000113
блиновы 3,912023 0,000532
богатый 1,049822 0,000071
богородица 1,272966 0,000519
богородицкая 3,912023 0,001329
богородск 3,912023 0,000532
богородский 3,218876 0,000437
богородским 3,506558 0,000238
богородского 3,912023 0,000266
божий 1,272966 0,000087
бой 1,237874 0,000084
бок 3,218876 0,000219
болгарин 1,427116 0,000097
болгария 1,272966 0,000173
бологое 1,347074 0,000092
болотистый 2,525729 0,000172
больница 1,078810 0,000367
большеболдинский 3,912023 0,000266
большее 1,309333 0,000178
большемурашкинский 3,912023 0,000266
большинство 0,342490 0,000070
большое 0,385662 0,000236
большой 0,040822 0,000086
бомбардировка 2,407946 0,000491
бомбардировщик 2,995732 0,000204
бонч-бруевича 3,506558 0,000238
бор 1,203973 0,000900
бор-тв 3,912023 0,000266
борзовкой 3,912023 0,000266
борисово 3,506558 0,000238
боровичи 1,347074 0,000092
борок 2,813411 0,000191
борский 2,995732 0,001018
борт 2,525729 0,000343
боснии 3,912023 0,000266
босния 2,995732 0,000407
браззавиль 3,912023 0,000532
бразильский 3,218876 0,000219
брат 1,272966 0,000087
братство 2,995732 0,000204
бренд 1,660731 0,000113
брно 3,218876 0,000437
брокгауза 0,328504 0,000089
бронзовый 1,386294 0,000188
буганов 3,912023 0,000266
бугор 2,995732 0,000204
бугрова 3,506558 0,000238
бугровы 3,912023 0,000266
бугровыми 3,912023 0,000266
буддийский 2,120264 0,000144
буддистский 3,912023 0,000266
букварный 3,912023 0,000532
булавинов 3,912023 0,000266
булавинова 3,912023 0,000266
булгар 2,659260 0,000181
булгарии 2,813411 0,000191
бульвар 1,237874 0,000084
бумажный 2,302585 0,000156
бурнаковкой 3,912023 0,000266
бурнаковский 3,912023 0,000266
бурный 1,660731 0,000113
бутурлина 3,912023 0,000266
бутурлинский 3,912023 0,000266
бухара 3,912023 0,000532
бухарский 3,506558 0,000238
бывает 1,660731 0,000113
быстро 0,967584 0,000132
быстрый 0,916291 0,000062
быт 2,040221 0,000139
быть -0,009950 -0,000005
бюджет 1,171183 0,000398
бюджетный 1,514128 0,000103
бюллетень 2,407946 0,000164
бюро 1,427116 0,000097
вадим 2,407946 0,000164
вадский 3,912023 0,000266
важное 1,108663 0,000075
важный 0,494296 0,000168
вакопп 3,912023 0,000266
вал 1,514128 0,000103
валерий 1,714798 0,000117
валовой 1,832581 0,000249
ван 3,218876 0,000219
варварка 3,912023 0,000266
варнавинский 3,912023 0,000266
варшава 2,813411 0,000191
варшавский 2,995732 0,000204
василий 1,078810 0,000073
василь 3,912023 0,000532
васильево 2,120264 0,000144
васильсурск 2,120264 0,000432
васса 3,912023 0,000532
вачский 3,912023 0,000266
вблизи 1,139434 0,000077
ввод 1,347074 0,000092
вводиться 1,966113 0,000134
вдовий 3,912023 0,000532
вдоль 0,755023 0,000359
ведение 1,427116 0,000097
ведомость 0,994252 0,000135
везти 2,525729 0,000172
век 0,248461 0,000490
векенаселенные 2,813411 0,000191
велик 1,897120 0,000129
великий 0,356675 0,000267
величие 2,659260 0,000181
величина 1,108663 0,000075
велодвижение 3,912023 0,000266
велодвижению 3,912023 0,000266
велодвижения 3,506558 0,000238
велодорожка 3,506558 0,000238
веломаршрут 3,506558 0,000238
велопрокат 3,506558 0,000238
велопроката 3,506558 0,000477
велосипед 2,659260 0,000181
велосипедист 3,218876 0,000219
велосипедный 2,407946 0,000327
велошеринг 3,912023 0,000266
велошеринга 3,912023 0,000266
венгрия 2,120264 0,000288
венецианский 2,659260 0,000181
венеции 2,995732 0,000204
вера 1,049822 0,000143
вернуть 1,897120 0,000129
вернуться 1,171183 0,000080
вероятность 2,040221 0,000139
вероятный 2,813411 0,000191
версия -0,009950 -0,000003
вертолетный 2,525729 0,000172
верхне-волжская 3,506558 0,000238
верхне-волжское 3,506558 0,000238
верхневолжский 2,995732 0,000611
верхний 0,494296 0,000504
верховный 1,108663 0,000226
веселый 2,407946 0,000164
весна 0,713350 0,000339
вести 0,356675 0,000073
вестник 1,049822 0,000071
весь 0,301105 0,000143
ветер 0,713350 0,000194
ветлуга 3,506558 0,000238
ветлуги 3,912023 0,000266
ветлужский 3,912023 0,000266
ветхий 2,525729 0,000343
ветчак 3,912023 0,000266
вех 2,525729 0,000172
вечер 1,966113 0,000267
вещание 1,108663 0,000226
вещество 0,994252 0,000068
взаимно 2,813411 0,000191
взаимосвязь 2,525729 0,000172
взять 0,755023 0,000051
вид 0,061875 0,000063
видео 1,049822 0,000214
визит 1,897120 0,000129
вики-разметкой 1,309333 0,000089
викигид 1,660731 0,000113
викигиде 0,776529 0,000106
викиданные 0,776529 0,000106
викиданных -0,009950 -0,000001
викиданныхвикипедия 0,891598 0,000121
викимапиипро 1,427116 0,000097
викимедиа -0,009950 -0,000001
википедии -0,009950 -0,000002
википедия -0,009950 -0,000003
викискладвикиновостивикицитатниквикигидэлемент 1,272966 0,000087
викискладвикипедия 1,469676 0,000100
викискладе 0,174353 0,000012
викискладепутеводитель 0,713350 0,000048
викисловарецитаты 1,108663 0,000075
викисловарьвикипедия 1,309333 0,000089
викитекемедиафайлы 1,272966 0,000087
викитеку 1,347074 0,000092
викицитатник 1,272966 0,000087
викицитатникетексты 1,427116 0,000097
вино 3,912023 0,000266
виноградова 3,218876 0,000219
виртуальный 1,139434 0,000077
вклад 0,994252 0,000203
включать 0,235722 0,000128
включая 0,527633 0,000072
включить 0,634878 0,000129
вко 3,912023 0,000266
вконтакте 1,966113 0,000134
вкп 2,407946 0,000164
владение 0,916291 0,000062
владеть 1,897120 0,000129
владимир 0,653926 0,000489
владимировка 3,218876 0,000219
владимирский 1,897120 0,000902
влажность 1,108663 0,000226
властный 2,995732 0,000407
власть 0,544727 0,000259
вместе 0,510826 0,000104
вместо 0,798508 0,000054
вне 1,560648 0,000106
внеочередной 2,995732 0,000204
внесение 1,560648 0,000212
внести 1,021651 0,000069
внешний 0,051293 0,000010
вниз 1,171183 0,000080
внимание 1,108663 0,000226
вновь 0,755023 0,000205
вносить 2,040221 0,000277
внутренний 0,314711 0,000021
внутригородской 0,867501 0,000118
вода 0,527633 0,000108
водный 0,562119 0,000344
водоем 1,139434 0,000077
водозабор 2,120264 0,000144
водопровод 1,714798 0,000233
водохранилище 1,139434 0,000155
водяной 2,302585 0,000156
воеводина 3,912023 0,000266
военно-стратегическое 3,506558 0,000238
военное 0,916291 0,000125
военный 0,494296 0,000168
вождь 2,813411 0,000191
возвести 1,139434 0,000077
возвратить 1,469676 0,000100
возвысить 2,207275 0,000150
возвышенность 1,386294 0,000094
воздвигнутаго 3,912023 0,000266
воздействие 1,021651 0,000069
воздух 0,616186 0,000084
воззвание 3,506558 0,000477
возле 1,386294 0,000188
возможно 0,867501 0,000059
возможность 0,314711 0,000043
вознесенский 2,659260 0,000904
возникать 1,021651 0,000069
возникновение 0,941609 0,000192
возникнуть 0,653926 0,000044
возраст 1,078810 0,000220
возрасти 1,660731 0,000113
возродить 2,207275 0,000150
возродиться 2,813411 0,000191
возрождение 1,660731 0,000113
война 0,430783 0,000439
войсковой 2,302585 0,000156
войти 0,634878 0,000259
вокзал 0,755023 0,000462
вокруг 0,693147 0,000094
волга 1,347074 0,003753
волгегорода 2,525729 0,000172
волго-вятского 3,506558 0,000238
волго-вятское 3,912023 0,001063
волговерховье 2,120264 0,000288
волгоград 1,139434 0,000155
волгореченск 2,120264 0,000144
волейбол 1,469676 0,000100
волейбольный 1,514128 0,000103
волжск 2,120264 0,000144
волжский 1,897120 0,001289
волжско-донской 3,506558 0,000238
волна 0,916291 0,000062
вологда 1,203973 0,000082
володарск 3,912023 0,000266
володарский 3,218876 0,000219
володарского 2,407946 0,000164
волонтер 3,506558 0,000238
волхове 3,506558 0,000238
волшебный 0,030459 0,000002
вольный 1,832581 0,000249
вольск 2,120264 0,000144
вообще 1,560648 0,000106
вооружение 1,832581 0,000125
вопрос 0,371064 0,000025
воркута 1,237874 0,000084
воронеж 1,203973 0,000082
воронина 3,506558 0,000238
ворот 1,078810 0,000147
воротынский 3,912023 0,000266
ворсма 3,912023 0,000266
восемь 1,469676 0,000300
воскресенский 2,207275 0,000150
воскресенье 1,771957 0,000120
воспитательный 3,506558 0,000238
воспитывать 3,506558 0,000238
воспитываться 3,912023 0,000266
восприниматься 2,525729 0,000172
восстание 1,237874 0,000168
восстановить 0,967584 0,000132
восстановление 1,078810 0,000147
восток 0,494296 0,000101
восточно-европейской 1,832581 0,000125
восточный 0,430783 0,000088
востребовать 2,407946 0,000164
восьмерка 2,995732 0,000204
воткинск 1,309333 0,000089
впервые 0,385662 0,000052
впечатление 2,525729 0,000172
вплотную 2,040221 0,000139
вплоть 1,108663 0,000151
впоследствии 0,653926 0,000044
впредь 3,506558 0,000238
вражеский 3,218876 0,000219
временной 0,967584 0,000066
время 0,020203 0,000052
все 0,040822 0,000006
всеволодовича 3,506558 0,000238
всеволодовичем 3,912023 0,000532
всемилостивый 3,506558 0,000477
всемирно 2,813411 0,000191
всеохватывающий 3,506558 0,000238
всероссийский 0,634878 0,000820
всесословный 3,506558 0,000477
всесоюзный 0,776529 0,000317
вск 3,912023 0,000266
вскоре 1,309333 0,000089
вследствие 1,203973 0,000082
вспомогательный 2,207275 0,000150
вспомоществование 3,506558 0,000238
вставка 1,272966 0,000087
встречать 2,207275 0,000150
встречаться 0,713350 0,000048
вступительный 2,813411 0,000191
втора 0,274437 0,000149
второе 0,653926 0,000089
второй 0,891598 0,000061
вуз 0,820981 0,000167
вход 0,755023 0,000051
входить 0,287682 0,000176
выбор 0,634878 0,000173
выбрать 1,139434 0,000077
выдаваться 1,139434 0,000077
выделить 0,544727 0,000074
выделять 1,139434 0,000077
выделяться 0,941609 0,000064
выйти 0,798508 0,000326
выкса 3,912023 0,000266
выкупить 3,218876 0,000219
вымя 3,912023 0,000266
вынести 2,525729 0,000172
вынуждать 2,813411 0,000191
вып 0,798508 0,000109
выпадать 1,139434 0,000465
выполнить 0,843970 0,000115
выпуск 0,693147 0,000094
выпускать 1,237874 0,000336
выпускаться 1,469676 0,000100
выпускник 1,966113 0,000134
выпускной 2,995732 0,000611
выпустить 0,891598 0,000121
вырасти 1,108663 0,000075
вырыть 3,506558 0,000477
высадка 2,813411 0,000191
высокий 0,139262 0,000123
высоково 3,912023 0,000532
высоковом 3,912023 0,000532
высокоскоростной 2,525729 0,000172
высокотемпературный 3,912023 0,000266
высокочистый 3,912023 0,000266
высота 0,415515 0,000113
высотный 1,427116 0,000097
выставка 1,139434 0,000542
выставочный 1,171183 0,000080
выступить 1,660731 0,000226
выступление 1,272966 0,000087
выходит 1,427116 0,000097
выше 0,616186 0,000167
выявить 1,514128 0,000103
вязовка 3,506558 0,000238
вязовые 2,120264 0,000144
вяхиревы 3,912023 0,000266
гагарина 1,427116 0,000097
гагаринские 3,912023 0,000266
гагинский 3,912023 0,000266
газ 0,941609 0,000704
газель 2,525729 0,000343
газета 0,579818 0,000512
газпром 1,714798 0,000233
гальске 3,912023 0,000266
гаранин 3,506558 0,000477
гарипова 3,912023 0,000266
гарнизон 1,966113 0,000134
гациский 3,912023 0,000266
гвардейский 1,966113 0,000134
генеральный 0,755023 0,000205
геннадьевич 2,995732 0,000204
генплан 1,560648 0,000106
географический 0,356675 0,000097
география 0,415515 0,000085
геодезия 2,659260 0,000181
георгиевский 2,407946 0,000327
георгий 1,139434 0,000077
гера 1,272966 0,000087
герасичкиным 3,912023 0,000266
герб 0,798508 0,000488
германий 0,843970 0,000229
герой 1,139434 0,000077
герцеговина 2,995732 0,000407
герцеговины 3,912023 0,000266
гжд 3,912023 0,000532
гидрография 1,427116 0,000194
гидродинамик 3,218876 0,000219
гидромаш 3,912023 0,000532
гидрометеорология 2,525729 0,000172
гидрометеослужба 3,912023 0,000266
гиз 3,912023 0,000266
гильдия 2,120264 0,000144
гимн 0,776529 0,000053
гимназический 3,506558 0,000238
гимназия 1,108663 0,000527
гимнастика 1,966113 0,000134
гирсу 3,912023 0,000266
гкгн 0,994252 0,000068
гкгнпро 0,916291 0,000062
глава 0,494296 0,000605
главное 1,469676 0,000100
главный 0,210721 0,000215
гнилицы 3,912023 0,000266
гоголь 1,966113 0,000134
год -0,009950 -0,000396
годунижний 3,912023 0,000266
голливуд 3,506558 0,000238
головин 2,813411 0,000191
голосовой 2,813411 0,000191
гомель 1,966113 0,000134
гомеля 2,995732 0,000204
гора 0,616186 0,000293
горбатов 3,506558 0,000477
гордеев 3,506558 0,000238
гордеевка 3,912023 0,000266
гордеевке 3,912023 0,000266
гордеевкой 3,912023 0,000266
гордость 1,966113 0,000134
горловка 1,309333 0,000089
горный 0,941609 0,000064
город 0,371064 0,007187
город-побратим 0,843970 0,000631
город-спутник 1,771957 0,000120
города-миллионера 2,659260 0,000181
города-миллионеры 1,714798 0,000117
города-партнеры 1,771957 0,000241
городами-партнерами 3,218876 0,000219
городахвикипедия 2,659260 0,000181
городец 2,120264 0,000576
городецкий 1,560648 0,000106
городнижний 3,912023 0,000266
городов-партнеров 3,506558 0,000238
городовой 2,207275 0,000150
городок 1,272966 0,000173
городпро 0,867501 0,000059
городской 0,544727 0,003147
городъ 3,506558 0,000477
горожанин 1,139434 0,000232
гороховец 2,525729 0,000172
горький 0,941609 0,003263
горько 3,912023 0,000532
горьковская 3,506558 0,000715
горьковский 3,218876 0,001312
горьковским 3,912023 0,000266
горьковского 3,506558 0,001191
горьковское 3,218876 0,000656
горьковской 2,995732 0,001222
горьковском 3,506558 0,000715
горьковскому 3,912023 0,000266
горьковчанин 3,912023 0,000532
горькогогорода 3,912023 0,000266
горэлектротранспорта 3,912023 0,000266
госкомстат 0,891598 0,000121
гостиница 0,843970 0,000057
гостиный 1,966113 0,000134
государствгорода-миллионеры 3,912023 0,000266
государственный 0,261365 0,000480
государство 0,579818 0,000158
гравюра 2,120264 0,000144
градостроитель 3,218876 0,000219
градостроительный 1,660731 0,000226
градский 3,506558 0,000238
гражданин 0,733969 0,000399
гражданский 0,733969 0,000150
грамота 1,427116 0,000097
грамотный 3,506558 0,000238
гран-при 2,207275 0,000150
граница 0,356675 0,000267
граничить 1,832581 0,000125
граф 1,832581 0,000249
граффити 3,912023 0,000266
гребенник 3,506558 0,000238
гребешок 2,995732 0,000204
гребной 2,525729 0,000172
греция 2,302585 0,000313
григорий 1,832581 0,000125
гроза 1,966113 0,000534
грозный 1,272966 0,000087
груз 1,309333 0,000178
грузии 1,771957 0,000120
грузинский 2,302585 0,000313
грузия 1,966113 0,000134
грузовая 1,139434 0,000310
группа 0,314711 0,000128
гтрк 1,049822 0,000214
губернатор 0,967584 0,000395
губерния 0,891598 0,000424
губернскаго 3,912023 0,000266
губернский 1,309333 0,000534
гулять 2,813411 0,000191
гуманитарный 0,994252 0,000068
гэс 1,832581 0,000125
гэт 3,912023 0,000266
давать 0,820981 0,000056
далее 0,693147 0,000047
далекий 2,525729 0,000172
дальнеконстантиновский 3,912023 0,000266
дальнеконстантиновским 3,912023 0,000266
дальний 0,446287 0,000061
даля 2,207275 0,000150
дамба 2,040221 0,000139
дарьино 3,912023 0,000266
дата 0,030459 0,000474
датский 0,328504 0,000022
дать 0,072571 0,000059
дача 1,469676 0,000200
дачный 2,040221 0,000139
два 0,150823 0,000154
дважды 1,272966 0,000260
двигатель 2,120264 0,000144
движение 0,544727 0,000111
двоевластие 3,506558 0,000238
двор 1,078810 0,000073
дворец 0,843970 0,000401
дворянин 2,207275 0,000150
дворянский 2,040221 0,000277
двухкилометровый 3,912023 0,000266
дебит 3,506558 0,000238
дева 2,995732 0,000204
девица 3,218876 0,000219
девичий 2,995732 0,000407
девушка 2,407946 0,000491
девятый 2,659260 0,000181
девять 1,609438 0,000109
действие 0,776529 0,000264
действительное 2,659260 0,000181
действовать -0,009950 -0,000005
дек 0,820981 0,000056
декабрь 0,094311 0,000340
декада 2,995732 0,000204
декстер 3,912023 0,000266
деление 0,579818 0,000315
делить 1,897120 0,000129
делиться 1,078810 0,000147
дело 0,562119 0,000191
деловой 1,237874 0,000505
деменев 3,912023 0,000266
демографический 1,609438 0,000219
демография 2,120264 0,000144
демоскоп 0,820981 0,000167
день 0,210721 0,000286
департамент 1,386294 0,000094
депутат 0,776529 0,000158
дер 3,218876 0,000219
деревня 1,021651 0,000972
деревообрабатывающий 2,302585 0,000156
деревянный 0,941609 0,000448
дерипаски 3,912023 0,000266
десятилетие 1,203973 0,000082
десяток 1,660731 0,000113
десятый 2,040221 0,000277
десять 1,078810 0,000220
детройт 3,912023 0,000266
детская 0,653926 0,000222
детский 0,967584 0,000132
детство 2,207275 0,000150
дефицит 1,832581 0,000125
деформация 3,506558 0,000238
деятельность 0,342490 0,000140
дзержинск 1,347074 0,000366
дзержинская 3,506558 0,000238
дзержинском 3,218876 0,000219
дзержинску 3,912023 0,000266
диалог 1,660731 0,000113
диапазон 1,560648 0,000212
дивеевский 3,912023 0,000266
дивизия 1,771957 0,000120
диво 3,218876 0,000219
дизелестроительный 3,912023 0,000266
динамик 1,272966 0,000087
динамо 1,171183 0,000080
дионисием 3,912023 0,000266
дитя 0,867501 0,000295
длина 0,579818 0,000079
дмитриев 2,525729 0,000343
дмитриевская 3,912023 0,000532
дмитриевы 3,506558 0,000238
дмитрием 2,995732 0,000204
дмитрий 0,967584 0,000066
дмитрия 1,560648 0,000106
дно 1,469676 0,000100
доблестинаселенные 3,218876 0,000219
доблесть 1,309333 0,000623
добрич 3,506558 0,000477
добричская 3,912023 0,000266
добролюбова 2,995732 0,000204
добролюбовых 3,912023 0,000532
договор 1,171183 0,000080
дождевой 2,207275 0,000150
дождливый 2,407946 0,000164
дождь 1,469676 0,000300
дожить 3,218876 0,000219
доза 3,506558 0,000238
доклад 1,237874 0,000084
докторант 3,506558 0,000238
документ 0,415515 0,000028
долгий 1,021651 0,000139
долгожитель 3,912023 0,000266
долгота 0,820981 0,000056
должен 1,078810 0,000147
должность 1,049822 0,000285
доля 0,544727 0,000111
дом 0,446287 0,000758
дом-музей 1,660731 0,000113
дома-коммуны 3,912023 0,000266
домашний 1,237874 0,000168
домик 2,995732 0,000204
доминировать 1,897120 0,000258
домовой 2,302585 0,000156
донор 3,912023 0,000266
доп 0,597837 0,000081
дополнение 1,771957 0,000241
дополнительный -0,009950 -0,000001
дополнить 1,714798 0,000233
дополнять 2,995732 0,000204
дореволюционный 1,347074 0,000183
дорога 0,527633 0,000574
дорожный 1,021651 0,000069
доскино 3,912023 0,000532
досрочно 2,995732 0,000204
достаточно 0,820981 0,000056
достигать 0,843970 0,000057
достижение 1,139434 0,000155
достичь 0,733969 0,000150
достоверность 2,207275 0,000150
достоин 3,506558 0,000238
достопримечательность 0,867501 0,000354
доступ 0,755023 0,000051
доступный -0,009950 -0,000001
досчатое 3,506558 0,000238
доход 1,514128 0,000309
доходный 1,966113 0,000267
дочерний 1,897120 0,000129
дочь 2,813411 0,000382
драма 1,469676 0,000699
древний 0,653926 0,000178
дробно -0,009950 -0,000001
друг 0,916291 0,000249
другой -0,009950 -0,000010
дружба 1,171183 0,000080
дружный 3,218876 0,000219
дубка 2,813411 0,000191
дубна 2,120264 0,000144
дубовка 2,040221 0,000139
дубравный 3,218876 0,000219
дугна 3,506558 0,000238
дуденево 3,506558 0,000238
дума 0,916291 0,001121
духовенство 2,525729 0,000172
духовная 1,108663 0,000226
духовницкое 2,120264 0,000144
душа 3,912023 0,000266
душина 3,912023 0,000266
дьер 3,912023 0,000532
дьер-мошон-шопрон 3,912023 0,000266
дьячок 3,506558 0,000238
дятловые 3,912023 0,000532
евангелическо-лютеранской 2,995732 0,000204
евангельский 1,427116 0,000097
евгения 2,207275 0,000150
еврейский 0,755023 0,000103
европа 0,301105 0,000184
европейский 0,494296 0,000134
евстигнеева 3,912023 0,000266
евфимия 3,912023 0,000266
единица 0,478036 0,000162
единогласно 2,813411 0,000191
единственное 1,021651 0,000069
единственный 0,891598 0,000121
единство 1,897120 0,000774
единый 0,544727 0,000037
ежегодник 0,820981 0,000781
ежедневное 3,218876 0,000219
ежедневный 2,207275 0,000150
еженедельник 2,207275 0,000300
екатерина 1,514128 0,000206
екатеринбург 0,843970 0,000115
екатериной 1,897120 0,000129
екатерины 1,514128 0,000103
елатьма 3,506558 0,000238
елисеев 3,218876 0,000219
елисейкин 3,912023 0,000266
елховка 3,912023 0,000266
ельня 2,659260 0,000361
емельян 3,218876 0,000219
емельяна 2,813411 0,000191
епархия 0,967584 0,000460
естественный 0,776529 0,000106
ефрона 0,328504 0,000089
жар 2,040221 0,000139
ждановский 3,218876 0,000219
железнова 3,506558 0,000238
железнодорожник 2,040221 0,000139
железнодорожно-автомобильный 3,506558 0,000238
железнодорожный 0,579818 0,000315
железный 0,616186 0,000419
желнино 3,506558 0,000238
желтоводского 3,912023 0,000532
жен-мироносиц 3,912023 0,000532
женский 0,867501 0,000236
женщина 1,171183 0,000080
жертвование 3,912023 0,000532
жертвовать 3,506558 0,000238
животное 0,798508 0,000054
жигулевск 1,832581 0,000125
жиздра 3,506558 0,000238
жизнь 0,342490 0,000279
жила 1,386294 0,000094
жилое 1,714798 0,000233
жилой 0,941609 0,000448
жилье 1,203973 0,000082
жиркомбинатом 3,912023 0,000266
жиромская 1,021651 0,000069
житель 0,562119 0,000306
жмурки 3,912023 0,000266
журавлев 3,218876 0,000219
журнал 0,301105 0,000041
забастовщик 3,912023 0,000266
заблагорассудить 3,912023 0,000266
забросить 1,966113 0,000134
заведение 0,867501 0,000354
завершение 1,609438 0,000219
завершить 0,867501 0,000236
зависимость 0,713350 0,000048
завод 0,693147 0,001931
заволжск 2,120264 0,000144
заволжье 2,040221 0,000277
заглавный -0,009950 -0,000001
заготавливаться 3,912023 0,000266
заготовка 3,506558 0,000238
загруженность 2,813411 0,000191
загрязнение 0,891598 0,000121
загрязненность 2,525729 0,000172
загрязнить 1,514128 0,000103
заинтересованность 2,995732 0,000204
зайцев 2,659260 0,000181
заказ 1,660731 0,000113
закладываться 3,218876 0,000219
заклеивать 3,912023 0,000266
заключить 1,309333 0,000445
закон 0,462035 0,000220
законодательный 1,347074 0,000458
закоулок 3,912023 0,000266
закрыто 2,040221 0,000139
закрыть 0,798508 0,000271
закупаться 3,912023 0,000266
закупить 2,995732 0,000204
закупка 2,995732 0,000204
зал 0,843970 0,000229
замена 1,660731 0,000113
заменить 0,494296 0,000067
заместитель 1,514128 0,000103
заметный 1,427116 0,000097
замораживаться 3,912023 0,000266
заморозить 2,302585 0,000156
замужем 3,912023 0,000266
занимать 0,430783 0,000351
заниматься 0,634878 0,000043
занять 0,693147 0,000283
зао 1,514128 0,000206
запад 0,634878 0,000086
западный 0,462035 0,000063
запечатлеть 2,525729 0,000172
записка 1,139434 0,000077
записьвойти -0,009950 -0,000001
заполнить 1,771957 0,000120
започаинье 3,912023 0,000798
запретить 1,309333 0,000178
запрудный 3,912023 0,000266
запустить 0,755023 0,000308
заработать 2,040221 0,000139
зарегистрировать -0,009950 -0,000003
заречный 2,120264 0,001585
зарплата 1,966113 0,000134
заседание 1,309333 0,000178
заселение 2,407946 0,000164
заселить 1,897120 0,000258
заселяться 2,995732 0,000204
застраиваться 2,120264 0,000288
застроить 1,832581 0,000125
застройка 0,916291 0,000685
затекин 3,912023 0,000532
затем 0,527633 0,000108
зато 1,560648 0,000106
затон 1,427116 0,000194
затоплять 3,218876 0,000219
затруднить 2,407946 0,000164
зачатьевской 3,912023 0,000532
защита 0,616186 0,000126
заявление -0,009950 -0,000001
звание 0,891598 0,000303
звезда 0,916291 0,000125
звездова 3,912023 0,000266
звенигово 2,120264 0,000144
здание 0,673345 0,000824
здравоохранение 0,843970 0,000401
зеленодольск 1,237874 0,000168
зеленский 3,506558 0,000238
зеленского 3,912023 0,000266
зеленый 0,755023 0,000308
зелецино 3,912023 0,000266
земельный 1,514128 0,000206
землидо 3,912023 0,000266
земля 0,400478 0,000408
земное 2,995732 0,000204
земский 1,609438 0,000219
земщина 2,995732 0,000611
зерно 2,407946 0,000655
зима 0,478036 0,000130
зименки 3,912023 0,000266
зимний 0,798508 0,000109
златоуст 1,347074 0,000092
знак -0,009950 -0,000001
знаковый 2,525729 0,000172
знаменитый 0,967584 0,000066
знатный 2,995732 0,000204
значение 0,061875 0,000038
значимостивикипедия 2,813411 0,000191
значимость 1,832581 0,000125
значительно 0,510826 0,000104
значительный 0,328504 0,000089
значить 1,427116 0,000194
зодчество 1,966113 0,000134
золотой 0,597837 0,000041
зона 0,400478 0,000245
зоопарк 1,560648 0,000742
зритель 1,108663 0,000151
зубец 1,771957 0,000120
зуша 3,506558 0,000238
иван 0,843970 0,000172
ивана 1,078810 0,000073
иваново 1,139434 0,000155
ивановский 2,120264 0,000144
иваном 2,040221 0,000139
иваньковского 2,120264 0,000144
иг 2,813411 0,000191
игра 0,843970 0,000115
играть 0,867501 0,000059
игрок 2,207275 0,000150
идентификатор 0,693147 0,000047
идти 0,820981 0,000056
ижевск 1,139434 0,000077
из-за 0,415515 0,000113
избираться 1,427116 0,000194
избрать 0,967584 0,000066
известно 1,237874 0,000084
известное 0,994252 0,000068
известность 2,040221 0,000139
известный 0,287682 0,000117
изволить 3,912023 0,000266
изд 0,314711 0,000086
издавна 2,207275 0,000150
издание 0,415515 0,000085
издательский 1,272966 0,000173
издательство 0,494296 0,000269
изделие 1,108663 0,000151
изменение 0,301105 0,000061
изменить 1,049822 0,000071
измениться 1,021651 0,000069
изменяться 1,203973 0,000082
изначально 1,309333 0,000267
изображение 0,693147 0,000047
изобразить 1,386294 0,000094
изобретение 2,302585 0,000156
изредка 2,525729 0,000172
изрядный 3,912023 0,000266
изучать 1,427116 0,000194
изучение 0,713350 0,000048
изыскание 3,218876 0,000219
иллюзия 3,218876 0,000437
ильи 2,525729 0,000343
ильинской 3,912023 0,000266
именно 0,544727 0,000074
именовать 1,560648 0,000106
именоваться 1,469676 0,000100
иметь 0,094311 0,000058
иметься 0,385662 0,000052
имоми 3,912023 0,000266
император 1,139434 0,000155
императорский 1,469676 0,000400
императрица 1,514128 0,000309
империя 0,653926 0,000222
имя 0,274437 0,000168
инвестиционный 1,514128 0,000103
инвестиция 1,237874 0,000168
инвестор 2,120264 0,000288
индекс 0,634878 0,000043
индий 1,609438 0,000109
индустриализация 1,832581 0,000498
инженер 1,139434 0,000155
инженерный 1,272966 0,000173
инициатива 1,171183 0,000159
инна 3,506558 0,000238
иной 0,867501 0,000059
иномарка 3,218876 0,000219
иностранец 1,771957 0,000361
иностранный 0,916291 0,000187
институт 0,371064 0,000353
инструмент -0,009950 -0,000002
инструментальный 2,995732 0,000204
интеллигенция 2,525729 0,000172
интенсивный 1,237874 0,000084
интервент 2,659260 0,000181
интервенция 2,995732 0,000204
интервью 1,660731 0,000113
интерес 1,021651 0,000208
интернет-журналистике 3,912023 0,000266
интернет-канал 3,506558 0,000238
интернет-портал 1,897120 0,000129
информационный 0,462035 0,000188
информация 0,162519 0,000099
информирование 2,659260 0,000181
инфраструктура 0,891598 0,000303
инфраструктурный 2,207275 0,000300
иоанна 1,469676 0,000300
иордании 3,506558 0,000238
ипподромный 3,912023 0,000266
ираклион 3,218876 0,000437
иркутск 1,171183 0,000080
искание 3,912023 0,000266
искоренение 3,912023 0,000266
искусственный 0,916291 0,000062
искусство 0,478036 0,000292
ислам 1,386294 0,000094
исп 3,506558 0,000238
испания 2,207275 0,000300
исполнение 0,867501 0,000059
исполнительный 1,171183 0,000159
исполниться 2,525729 0,000172
исполнять 1,108663 0,000075
использование -0,009950 -0,000001
использовать 0,020203 0,000004
использоваться 0,223144 0,000030
испытание 2,813411 0,000191
исследование 0,462035 0,000094
исследовательский 1,237874 0,000084
исстари 3,506558 0,000238
исток 0,755023 0,000154
историко-архитектурный 2,407946 0,000491
исторический 0,314711 0,000920
история 0,051293 0,000171
источник -0,009950 -0,000004
исчезать 2,120264 0,000288
исчезнуть 1,771957 0,000120
исчисление 0,776529 0,000053
италии 1,966113 0,000134
итальянский 1,139434 0,000077
итог 0,494296 0,000302
иудаизм 1,771957 0,000120
иудейский 2,407946 0,000164
ишимбай 1,309333 0,000089
июль 0,116534 0,000396
июнь 0,116534 0,000649
кабмин 3,912023 0,000266
кагью 2,659260 0,000181
кадетский 1,897120 0,000258
каждый 0,261365 0,000018
казаев 3,912023 0,000266
казани 1,771957 0,000120
казанский 1,049822 0,000143
казань 0,891598 0,000303
казанью 2,407946 0,000164
казарин 3,912023 0,000266
казна 1,966113 0,000134
калина 2,525729 0,000172
калининский 2,207275 0,000150
калуга 2,302585 0,000156
калязин 2,040221 0,000139
каменный 0,733969 0,000200
каменск-уральский 1,347074 0,000092
кампания 2,040221 0,000139
камский 1,714798 0,000233
камышина 2,120264 0,000144
канавине 3,912023 0,000798
канавино 3,912023 0,001329
канавинский 3,912023 0,002127
канал 0,673345 0,000275
канализационный 2,525729 0,000172
канализация 1,966113 0,000267
канатный 2,207275 0,000450
каннский 3,506558 0,000238
канцерогенный 3,912023 0,000266
капитальный 1,660731 0,000339
капитан 1,897120 0,000129
карабатово 3,912023 0,000266
караваиха 3,912023 0,000266
караван-сарай 3,506558 0,000238
караулово 3,912023 0,000266
караченцовым 3,912023 0,000266
каргалов 3,506558 0,000238
карма 2,813411 0,000191
карман 3,218876 0,000656
карповка 3,506558 0,000238
карповкой 3,912023 0,000266
карт 0,301105 0,000041
картина 1,347074 0,000366
картография 2,302585 0,000156
карточкевикипедия 1,469676 0,000100
карточкивикипедия 1,309333 0,000089
касимов 2,813411 0,000191
каспийск 1,272966 0,000087
каталанский 0,527633 0,000036
каталог 0,094311 0,000006
каталония 3,912023 0,000266
категория -0,009950 -0,000001
католицизм 2,207275 0,000150
католический 1,237874 0,000084
кафа 1,514128 0,000206
кафедра 1,660731 0,000226
кафедральный 0,967584 0,000066
качество 0,287682 0,000196
кашины 3,912023 0,000266
кашира 3,506558 0,000238
каширина 3,912023 0,000266
квадратный 1,660731 0,000113
квартал 0,994252 0,000338
кварц 3,506558 0,000238
квасовым 3,912023 0,000266
кемерово 1,237874 0,000084
кен 3,506558 0,000238
кенгидо 3,506558 0,000238
керженца 3,912023 0,000266
керженце 3,912023 0,000266
киево-печерского 3,912023 0,000266
кий 1,469676 0,000100
километр 0,693147 0,000141
кимр 2,120264 0,000144
кинематограф 2,120264 0,000144
кинешма 2,120264 0,000144
кино 0,994252 0,000068
кино-ссср 3,912023 0,000266
кинокартина 3,506558 0,000238
кинокомедия 3,912023 0,000266
кинопремией 3,912023 0,000266
кинотеатр 0,891598 0,000061
кинофестиваль 1,832581 0,000249
кирилла 1,966113 0,000134
киров 1,309333 0,000267
кировская 2,659260 0,000181
кирпичный 1,609438 0,000219
киселева 2,813411 0,000191
китай 0,776529 0,000369
китайский 0,653926 0,000044
клад 3,506558 0,000477
кладбище 1,237874 0,000084
класс 0,616186 0,000084
классицизм 1,514128 0,000103
клима 3,506558 0,000238
климат 0,446287 0,000273
клио 3,506558 0,000238
клуб 0,798508 0,000380
клязьма 3,506558 0,000238
кмзаволжье 3,912023 0,000266
кмказань 2,040221 0,000139
кмкалуга 3,912023 0,000266
кмкострома 3,506558 0,000238
кмлипецк 3,912023 0,000266
кммосква 1,832581 0,000125
кмнижнекамск 2,995732 0,000204
кмпенза 3,218876 0,000219
кмпермь 2,813411 0,000191
кмсамара 2,407946 0,000164
кмсанкт-петербург 2,120264 0,000144
кмсаранск 3,506558 0,000238
кмсаратов 2,813411 0,000191
кмсочи 2,120264 0,000144
кмуфа 2,407946 0,000164
кмшахунья 3,912023 0,000266
кндр 2,813411 0,000191
книга 0,415515 0,000056
книжный 0,798508 0,000326
княгинин 3,912023 0,000266
княгининский 3,912023 0,000266
княжество 1,714798 0,001165
княжихой 3,912023 0,000266
князь 0,867501 0,000413
ковалева 2,302585 0,000156
ковернинский 3,912023 0,000266
ковчег 2,813411 0,000191
код -0,009950 -0,000039
кодекс -0,009950 -0,000001
кодистория 0,116534 0,000008
кожа 2,407946 0,000164
кожевенно-обувными 3,912023 0,000266
коза 3,218876 0,000219
козино 2,120264 0,000288
козину 3,912023 0,000266
козловка 2,120264 0,000144
козьмодемьянск 2,120264 0,000144
козьмы 3,506558 0,000238
колбасная 3,218876 0,000219
колебаться 1,714798 0,000117
количество 0,210721 0,000072
колл 3,506558 0,000238
коллегия 2,659260 0,000181
колледж 1,108663 0,000226
коллекция 1,309333 0,000089
колокольня 2,040221 0,000139
коломна 1,272966 0,000173
колонизация 2,207275 0,000150
колосова 3,912023 0,000266
кольцо 1,021651 0,000069
ком 1,832581 0,000125
команда 0,798508 0,000109
комарово 3,218876 0,000437
комбинат 1,021651 0,000069
комедия 1,966113 0,000134
коми 1,514128 0,000103
комиссия 0,967584 0,000263
комитет 0,653926 0,000222
коммерсантъ 1,139434 0,000310
коммерческий 1,021651 0,000347
компания 0,371064 0,000403
компетенция 2,659260 0,000181
комплекс 0,579818 0,000276
компонент 0,967584 0,000066
компьютерный 1,347074 0,000092
комсомолец 1,560648 0,000106
комсомольск-на-амуре 1,203973 0,000082
комсомольский 0,891598 0,000242
комьюнити 3,912023 0,000266
конаково 2,120264 0,000144
конго 2,659260 0,000181
кондрашов 3,506558 0,000477
кондрашова 3,218876 0,000219
конец 0,198451 0,000148
конкретный 1,171183 0,000080
конно-спортивные 3,912023 0,000266
консерватория 2,207275 0,000300
константиново 3,218876 0,000219
константиновский 1,966113 0,000134
конструктивизм 1,771957 0,000120
конструкторский 2,407946 0,000164
консул 2,995732 0,000407
консульский 2,120264 0,000144
консульство 1,771957 0,000120
контейнерный 2,407946 0,000327
континентальность 2,407946 0,000164
континентальный 0,527633 0,000036
контракт 1,609438 0,000109
контролировать 1,469676 0,000100
контроль 0,994252 0,000068
конференция 0,941609 0,000192
конфессия 1,049822 0,000143
конфиденциальность -0,009950 -0,000001
концентрация 1,203973 0,000082
концепция 0,967584 0,000132
концерн 2,120264 0,000288
концерт 1,832581 0,000125
концертный 1,108663 0,000226
конюшня 3,912023 0,000266
копие 0,223144 0,000288
копосово 3,912023 0,000266
копосовом 3,912023 0,000266
корея 1,897120 0,000258
коридор 1,966113 0,000267
корить 1,309333 0,000178
короткий -0,009950 -0,000001
корпорация 1,347074 0,000092
корпус 1,171183 0,000478
корчева 2,040221 0,000139
костариха 3,912023 0,000798
костарихой 3,912023 0,000266
костел 2,302585 0,000156
костер 3,912023 0,000266
кострома 1,171183 0,000159
который 0,000000 0,000000
кочеров 3,912023 0,000266
кошелевка 3,912023 0,000532
коэффициент 2,040221 0,000139
краевед 1,714798 0,000117
краеведческий 1,108663 0,000301
краевой 1,771957 0,000120
край 0,544727 0,000296
красивый 1,660731 0,000113
красная 0,713350 0,000194
краснобаковский 3,912023 0,000532
краснодар 1,386294 0,000094
красное-на-волге 2,120264 0,000144
краснооктябрьский 3,506558 0,000238
краснослободск 2,120264 0,000144
красноярск 0,967584 0,000132
красный 0,597837 0,000488
краткий 0,653926 0,000222
кратковременный 2,302585 0,000156
кредитный 2,120264 0,000288
кремлевский 2,659260 0,000361
кремль 1,660731 0,003837
крепостной 1,714798 0,000233
крепость 0,994252 0,000338
крест 1,309333 0,000089
крестьянин 1,832581 0,000125
крестьянский 1,714798 0,000233
кривая 2,302585 0,000156
кризис 1,386294 0,000094
крит 3,506558 0,000238
критик 1,560648 0,000106
крк 2,995732 0,000204
кром 0,235722 0,000048
круизный 2,040221 0,000416
крупный 0,210721 0,000573
крутой 1,514128 0,000206
крушение 3,218876 0,000219
крым 1,660731 0,000564
крыма 0,843970 0,000172
крымского 1,832581 0,000125
кряжев 3,912023 0,000266
кстово 2,040221 0,000555
кстовский 3,912023 0,001063
кстовским 3,912023 0,000266
кстовского 3,912023 0,000798
ксюша 3,912023 0,000266
куб 2,120264 0,000288
кувардино 3,912023 0,000266
кудьма 3,506558 0,000477
кузнечиха 3,912023 0,001329
кузьма 3,218876 0,000219
кузьминка 2,995732 0,000204
кузьминке 3,912023 0,000266
куйбышевский 1,771957 0,000120
куки -0,009950 -0,000001
кукла 0,891598 0,000061
кулебаки 3,912023 0,000266
кулибина 3,912023 0,000266
культовый 1,966113 0,000267
культура 0,356675 0,000315
культурный 0,597837 0,000406
кунавино 3,912023 0,000532
купец 1,078810 0,000587
купеческий 1,832581 0,000125
купечество 2,302585 0,000313
курган 1,203973 0,000082
куренкова 3,912023 0,000266
курортный 2,302585 0,000313
курс 1,171183 0,000159
курсировать 1,514128 0,000103
курско-харьковской 3,912023 0,000266
кусаковка 3,912023 0,000798
кустарный 2,813411 0,000191
кучевой 3,506558 0,000238
кучеров 3,912023 0,000266
кучин 3,506558 0,000477
кучкин 2,995732 0,000407
кыргызстане 3,912023 0,000266
кырык 1,771957 0,000120
лаборатория 1,309333 0,000089
лавка 2,120264 0,000288
лавочка 2,995732 0,000204
лавра 3,912023 0,000266
лазарев 3,506558 0,000238
лазерный 2,813411 0,000191
ландшафт 1,427116 0,000097
лапшлей 3,912023 0,000266
ларусса 1,078810 0,000073
ласточка 2,813411 0,000191
лашма 3,506558 0,000238
лебедев 3,218876 0,000219
лев 0,967584 0,000329
левобережный 1,714798 0,000117
левобережье 1,832581 0,000125
левый 1,021651 0,000694
легкий 0,967584 0,000132
ледовый 1,078810 0,000073
лежать 0,994252 0,000068
лежитъ 3,912023 0,000266
лейпцигский 3,912023 0,000266
лен 2,207275 0,000150
ленгородок 3,912023 0,000266
лениздат 2,995732 0,000204
ленин 0,755023 0,000257
ленинагорода 2,120264 0,000144
ленинск-кузнецкий 1,347074 0,000092
ленинский 0,941609 0,000448
лента 1,203973 0,000082
леопард 2,659260 0,000181
лес 0,733969 0,000200
лесной 0,843970 0,000115
лесозаготовка 3,506558 0,000238
лесопарк 1,897120 0,000129
лесопарковый 2,659260 0,000181
лестница 2,813411 0,001721
лет 0,597837 0,000284
летие 1,309333 0,000445
летию 1,078810 0,000147
летия 1,108663 0,000301
летний 0,579818 0,000197
лето 0,891598 0,000061
лечебно-профилактических 2,995732 0,000204
лиаза 2,659260 0,000181
ливень 2,995732 0,000204
ликвидация 1,609438 0,000109
ликвидировать 1,309333 0,000267
лимпопо 3,912023 0,001329
лин 3,506558 0,000238
линия 0,462035 0,000314
линц 3,912023 0,000532
литература 0,051293 0,000007
литературный 0,867501 0,000118
литовец 1,897120 0,000129
лихвин 3,506558 0,000238
лицей 1,347074 0,000092
лицензия -0,009950 -0,000001
лицо 0,673345 0,000092
лишить 1,771957 0,000120
лишиться 2,040221 0,000139
лишь 0,478036 0,000065
лобачевский 2,995732 0,000204
лобачевского 3,506558 0,000715
лодка 1,660731 0,000113
ложиться 2,995732 0,000204
локальный 0,673345 0,000046
локомотив-нн 3,912023 0,000266
ломбард 2,995732 0,000204
луганск 1,203973 0,000082
лукоянов 3,506558 0,000238
лукояновский 3,912023 0,000266
луховицы 2,659260 0,000181
луч 1,897120 0,000516
лучшее 1,427116 0,000194
лучший 0,776529 0,000158
лыжный 1,897120 0,000129
лыкова 3,218876 0,000219
лысково 2,040221 0,000277
лысковский 3,912023 0,000266
лысковским 3,912023 0,000266
лысьва 1,347074 0,000092
льняной 3,506558 0,000238
льобрегат 3,912023 0,000266
любое 1,139434 0,000077
людейскрытые 3,218876 0,000219
люксембург-горьковский 3,912023 0,000532
лядова 3,912023 0,000266
ляхово 3,912023 0,001063
магадан 1,237874 0,000084
магазин 1,272966 0,000087
магистраль 0,867501 0,000118
магистральный 1,771957 0,000120
магнитогорск 1,272966 0,000087
май 0,127833 0,000565
майна 2,040221 0,000139
макариева 3,912023 0,000532
макарьева 3,506558 0,000238
макарьево 2,120264 0,000144
макарьевской 3,912023 0,000532
максаковский 3,912023 0,000266
максим 1,237874 0,000589
максимальный 0,867501 0,000177
максимум 0,579818 0,000079
малой 0,776529 0,000158
малоэтажный 2,302585 0,000156
малый 0,139262 0,000076
малышев 3,912023 0,000266
малышево 2,995732 0,000204
мануфактура 2,813411 0,000191
мариец 1,609438 0,000109
марии 2,040221 0,000277
мариинский 1,469676 0,000499
марий 2,525729 0,000172
марка 0,733969 0,000050
маркс 1,309333 0,000089
марокко 3,218876 0,000219
март 0,116534 0,000491
маруся 2,995732 0,000204
маршрут 0,673345 0,000503
маршрутный 1,049822 0,000071
масложировой 3,912023 0,000266
массив 0,891598 0,000121
массовый 0,494296 0,000134
мастер 1,171183 0,000080
мастерская 1,832581 0,000125
масштабный 1,139434 0,000077
матансас 3,912023 0,000798
материал -0,009950 -0,000005
матч 1,108663 0,000151
мать 1,203973 0,000245
машина 0,713350 0,000048
машиностроение 1,049822 0,000071
машиностроительный 1,347074 0,000275
маяк 1,078810 0,000147
мвт 2,525729 0,000343
медведева 2,659260 0,000181
медиафайлы 0,301105 0,000020
медицинский 0,653926 0,000133
медоборудования 3,912023 0,000266
междугородная 1,832581 0,000125
международный 0,385662 0,000262
межрайон-ной 3,912023 0,000266
мезитол 3,912023 0,000266
мельник 2,040221 0,000139
мельница 2,120264 0,000144
мемориал 1,514128 0,000103
менять 1,714798 0,000117
мерзокъ 3,912023 0,000266
меридиан 2,207275 0,000150
меркутов 3,912023 0,000266
мероприятие 0,916291 0,000062
местность 1,049822 0,000214
местный 0,478036 0,000097
место 0,139262 0,000237
месторасположение 3,506558 0,000238
месяц 0,415515 0,000056
месяцевикипедия 0,776529 0,000053
месячные 2,813411 0,000191
металл 1,272966 0,000173
металлический 1,771957 0,000241
металлообрабатывающий 2,659260 0,000361
металлообработка 1,897120 0,000129
металлоорганический 3,912023 0,000266
металлургический 1,469676 0,000100
метеостанция 2,302585 0,000156
метод 1,049822 0,000071
метр 0,653926 0,000089
метро 1,272966 0,000779
метромост 3,218876 0,000875
метрополитен 1,609438 0,000656
метрополитеновский 3,912023 0,000266
мефодия 1,966113 0,000134
механизация 3,912023 0,000266
механический 1,660731 0,000113
меценат 2,302585 0,000156
мечеть 0,994252 0,000338
мещанин 2,995732 0,000204
мещерский 2,995732 0,000611
миасс 1,309333 0,000089
миг 2,995732 0,000204
миграция 1,309333 0,000267
мид 2,207275 0,000300
микроавтобус 2,995732 0,000204
микрорайон 0,916291 0,000187
микрорайоныавтозаводский 3,912023 0,000266
миллион 0,776529 0,000211
миллионерша 3,912023 0,000266
мини-футбольный 2,207275 0,000150
минимальный 1,347074 0,000092
минимум 0,653926 0,000089
минин 2,813411 0,000191
минина 3,218876 0,003719
мининзон 3,912023 0,000266
мининский 3,506558 0,000238
минину 3,506558 0,000715
министерство 0,653926 0,000089
министр 1,171183 0,000080
минск 1,714798 0,000350
минута 1,272966 0,000173
минуть 3,506558 0,000238
мир 0,094311 0,000077
мировая 0,527633 0,000072
мисс 3,912023 0,000266
митинг 2,302585 0,000156
митино 3,506558 0,000238
митрополит 1,832581 0,000125
митрополия 1,660731 0,000226
митягина 3,912023 0,000266
михаила 1,171183 0,000080
михайло-архангельский 3,912023 0,001063
михалков 3,912023 0,000266
михалкова 3,506558 0,000238
михальчиково 3,912023 0,000266
мкс 3,218876 0,000219
млн 0,462035 0,000251
млрд 0,820981 0,000223
мнение 0,634878 0,000043
многие 0,356675 0,000048
многий 1,237874 0,000084
много 0,150823 0,000010
многоглавие 3,912023 0,000266
многодетный 2,995732 0,000814
многолетний 1,560648 0,000106
многонаселенный 3,506558 0,000238
многофункциональный 2,207275 0,000150
многочисленный 0,693147 0,000094
многоэтажный 1,832581 0,000374
множество 0,462035 0,000157
мобильный -0,009950 -0,000001
модуль 0,562119 0,000115
мокрый 2,302585 0,000156
мокша 3,218876 0,000219
мокшанин 2,659260 0,000181
молдова 2,525729 0,000343
молебен 3,912023 0,000266
молитовка 3,912023 0,000532
молитовский 3,912023 0,000798
молога 2,120264 0,000144
молодой 1,021651 0,000069
молочная 2,659260 0,000181
момент 0,527633 0,000143
монастырка 3,218876 0,000219
монастырский 2,302585 0,000156
монастырь 0,867501 0,000531
монах 2,659260 0,000181
монета 0,994252 0,000068
монетыгорода 2,995732 0,000204
монтаж 2,995732 0,000204
монте-карло 2,407946 0,000164
монумент 1,272966 0,000173
монферран 3,506558 0,000238
монферрана 3,912023 0,000266
мончегорск 1,347074 0,000092
мончегорский 3,912023 0,000266
морально 3,912023 0,000266
мордва 1,309333 0,000089
мордвинцево 3,912023 0,001063
мордовия 2,302585 0,000156
мордовский 2,659260 0,000181
мордюковой 3,912023 0,000266
море 0,562119 0,000153
морок 3,912023 0,000266
москва 0,400478 0,000327
москванижний 3,912023 0,000266
москве 1,171183 0,000318
москвой 1,237874 0,000168
москвъ 3,912023 0,000266
москвы 0,653926 0,000311
московию 3,506558 0,000238
московский 0,527633 0,000538
московско-казанской 3,912023 0,000266
московско-нижегородская 3,912023 0,000266
мост 0,713350 0,001163
мостовой 3,218876 0,000219
мостоотряд 3,506558 0,000238
мочь -0,009950 -0,000003
мощение 3,506558 0,000238
мощность 1,386294 0,000094
мощный 1,021651 0,000208
мск 0,843970 0,000057
мудрость 2,525729 0,000172
муж 2,407946 0,000164
мужской 1,108663 0,000075
музей 0,653926 0,000711
музей-заповедник 1,832581 0,000498
музей-квартира 2,995732 0,000407
музея-заповедника 2,525729 0,000172
музыкальный 0,867501 0,000059
мука 2,407946 0,000491
мультимедийный 2,120264 0,000144
муниципальный 0,713350 0,002085
мураткин 3,912023 0,000266
мурома 2,659260 0,000361
мусульманский 1,514128 0,000206
мфи 3,912023 0,000266
мыза 3,506558 0,000238
мызинский 3,912023 0,000532
мызинского 3,912023 0,000266
мытный 3,912023 0,000266
мышкин 2,120264 0,000144
мэр 1,078810 0,000806
мэрия 1,560648 0,000106
мякинин 3,912023 0,000266
мясокомбинат 1,966113 0,000134
мяч 1,609438 0,000109
набережная 0,891598 0,000909
наблюдаться 0,755023 0,000308
навашино 3,912023 0,000266
навигация -0,009950 -0,000002
навигациянижний 3,912023 0,000266
наволок 2,120264 0,000144
нагорный 2,302585 0,002504
награда 0,798508 0,000109
наградить 0,941609 0,000256
награждение 2,302585 0,000156
нагрузка 1,714798 0,000117
назад 1,108663 0,000151
название 0,105361 0,000086
назвать 0,371064 0,000151
назначаться 2,040221 0,000139
назначить 1,203973 0,000245
называть 0,174353 0,000047
называться 0,328504 0,000067
наиболее 0,139262 0,000047
налет 2,813411 0,000382
наличие 0,867501 0,000059
налог 1,897120 0,000258
налоговый 1,966113 0,000134
намерение 2,207275 0,000150
намерить 2,207275 0,000150
наноструктура 3,506558 0,000238
наоборот 1,832581 0,000249
наполниться 3,912023 0,000266
направить 0,867501 0,000059
направление 0,385662 0,000157
направо 1,560648 0,000106
например 0,328504 0,000022
напротив 1,237874 0,000084
наравне 2,813411 0,000191
нариманов 2,120264 0,000144
народ 0,579818 0,000118
народный 0,616186 0,000963
наряд 1,049822 0,000143
население 0,462035 0,003140
населить 0,597837 0,000772
наследие 0,713350 0,000145
настольный 1,771957 0,000120
настоящее 0,287682 0,000176
настоящий 1,272966 0,000087
наступать 0,843970 0,000115
наступить 2,407946 0,000327
насчитывать 1,203973 0,000164
насчитываться 0,967584 0,000263
насыпать 3,506558 0,000238
натурный 3,506558 0,000238
наука 0,235722 0,000096
научно-исследовательский 0,798508 0,000217
научно-образовательный 0,967584 0,000197
научно-педагогической 3,912023 0,000266
научно-технологический 3,912023 0,000266
научный 0,248461 0,000084
находиться 0,174353 0,000320
находка 0,994252 0,000135
нахождение 2,040221 0,000139
нацизм 3,506558 0,000238
национальность 0,867501 0,000118
национальный 0,342490 0,000023
начало 0,116534 0,000182
началось 0,616186 0,000126
начальный 0,967584 0,000066
начатие 3,912023 0,000266
начать 0,510826 0,000069
начаться 0,562119 0,000153
начинание 3,506558 0,000238
начинать 1,049822 0,000214
начинаться 0,527633 0,000036
начиная 0,733969 0,000050
наш 0,527633 0,000108
нбд-банк 3,912023 0,000266
нбд-банка 3,912023 0,000266
нгиамз 3,912023 0,000266
нгпу 3,506558 0,000238
нгту 3,506558 0,000477
небо 1,272966 0,000260
неволина 3,912023 0,000266
невский 1,272966 0,000346
невысокий 1,966113 0,000267
невыясненный 3,912023 0,000266
недвижимость 1,897120 0,000129
неделя 1,309333 0,000089
недостаток 0,579818 0,000118
недостроенный 3,218876 0,000219
недоступный 0,446287 0,000182
недружественный 3,912023 0,000798
независимый 1,049822 0,000071
некоммерческий -0,009950 -0,000001
некорректно 1,897120 0,000129
некоторые 0,127833 0,000043
некрасовский 2,040221 0,000139
нелинейный 3,218876 0,000219
немало 1,966113 0,000267
немалый 2,995732 0,000204
немец 1,108663 0,000075
немецкий 0,798508 0,000163
немного 1,309333 0,000089
ненадолго 3,506558 0,000238
неоднократно 1,139434 0,000077
неофициальный 1,139434 0,000155
непосредственно 0,478036 0,000162
непростой 3,912023 0,000266
неровня 3,912023 0,000266
несколько 0,116534 0,000135
несмотря 0,755023 0,000103
нефтепровод 2,813411 0,000191
ниа 3,218876 0,001531
ниже 0,693147 0,000236
нижегородец 3,912023 0,001595
нижегородка 3,506558 0,000238
нижегородпромстройбанка 3,912023 0,000266
нижегородский 1,832581 0,022168
нижегородско-суздальского 3,912023 0,000266
нижегородско-суздальское 3,912023 0,000532
нижегородстат 3,912023 0,000266
нижне-волжская 3,218876 0,000437
нижне-волжской 3,218876 0,000656
нижнее 0,916291 0,013326
нижний 0,494296 0,005274
нижнийновгород 3,506558 0,000238
нижполиграф 3,912023 0,000266
нижфарм 3,912023 0,000266
низ 2,813411 0,000191
низать 3,912023 0,000266
низинный 3,912023 0,000532
низкий 0,843970 0,000057
низконапорный 3,506558 0,000238
низовой 3,506558 0,000238
низовский 3,912023 0,001595
низовье 1,966113 0,000267
низок 3,218876 0,000437
нии 1,237874 0,000084
ниито 3,912023 0,000266
никита 2,302585 0,000469
никиташина 3,912023 0,000266
никитин 2,302585 0,000156
никитина 2,302585 0,000156
никитиных 3,506558 0,000238
никиты 2,813411 0,000191
николаевск 1,966113 0,000134
николаевский 1,832581 0,000125
николаем 2,302585 0,000156
николай 0,867501 0,000059
николая 0,916291 0,000125
никоне 3,912023 0,000266
никульское 3,912023 0,000266
никульскому 3,912023 0,000266
нител 3,912023 0,000266
нмжк 3,912023 0,000266
ннгу 3,506558 0,001191
нниирт 3,912023 0,000266
ннтв 3,912023 0,000532
новгород 0,867501 0,008136
новгород-сортировочный 3,912023 0,000266
новгорода 2,040221 0,018995
новгороддо 3,912023 0,000266
новгороде 2,659260 0,013373
новгородец 2,659260 0,000181
новгороднаселенные 3,912023 0,000266
новгородом 3,218876 0,000437
новгородпереименованные 3,912023 0,000266
новгородский 2,040221 0,000139
новгородстатистика 3,912023 0,000266
новгороду 3,506558 0,000715
новград 3,912023 0,000266
нови-сад 3,912023 0,000266
новинка 2,813411 0,000765
новинский 3,912023 0,000532
новинского 3,912023 0,000798
новодевичье 2,120264 0,000144
новое 0,287682 0,000235
новокузнецк 1,272966 0,000087
новокуйбышевск 2,120264 0,000144
новоликеево 3,912023 0,000266
новомосковск 1,203973 0,000082
новониколаевка 3,912023 0,000266
новопавловка 3,912023 0,000532
новопокровское 3,912023 0,001063
новосибирск 0,916291 0,000125
новосмолинский 3,912023 0,000266
новостной 2,040221 0,000139
новостройка 2,659260 0,000181
новость 0,544727 0,000148
новоульяновск 2,120264 0,000144
новочебоксарск 2,120264 0,000144
новоярмарочный 3,912023 0,000798
новый 0,083382 0,000136
новь 3,912023 0,000266
номер 0,634878 0,000043
номинальный 2,207275 0,000150
нонны 3,912023 0,000266
норвежский 0,248461 0,000017
норильск 1,203973 0,000082
норма 0,597837 0,000081
нос 2,302585 0,000156
носить 0,798508 0,000163
ночлежный 3,912023 0,000266
ночной 2,040221 0,000139
ночь 1,309333 0,000267
нояб 0,820981 0,000056
ноябрь 0,127833 0,000947
нпп 3,218876 0,000219
нравиться 2,813411 0,000191
нта 3,912023 0,002393
нтв 1,427116 0,000291
нуждаться 1,660731 0,000113
нуль 1,897120 0,000129
ныне 0,653926 0,000311
нэп 2,813411 0,000382
оао 0,916291 0,000249
оба 0,597837 0,000041
обанкротиться 2,995732 0,000204
обеспечение 0,634878 0,000086
обеспечивать 0,415515 0,000028
обеспечиваться 2,040221 0,000139
обзор 1,078810 0,000073
обкатка 3,912023 0,000266
обл 1,714798 0,000117
облако 2,207275 0,000450
областной 0,994252 0,000541
область 0,150823 0,000451
областьгорода 1,309333 0,000089
облачность 2,207275 0,000150
облик 1,203973 0,000327
облучение 3,506558 0,000238
обнаружить 1,021651 0,000069
обнести 2,407946 0,000164
обновлять 2,995732 0,000204
обозрение 1,897120 0,000129
обойтись 2,040221 0,000139
оборона 1,108663 0,000075
оборонительный 1,660731 0,000226
оборонно-промышленного 3,506558 0,000238
оборонный 1,771957 0,000361
оборот 1,139434 0,000077
оборудование 0,653926 0,000044
обострение 2,813411 0,000191
обрабатывать 1,049822 0,000071
образ 0,287682 0,000098
образец 1,203973 0,000082
образование 0,356675 0,000970
образованность 3,912023 0,000266
образовательный 0,891598 0,000242
образовать 0,385662 0,000026
образоваться 0,967584 0,000066
обратно 1,714798 0,000117
обращать 2,813411 0,000191
обращаться 2,040221 0,000139
обращение 0,030459 0,000466
обслуживание 0,941609 0,000192
обстоятельство 2,040221 0,000277
обсуждать 2,302585 0,000156
обсуждаться 1,897120 0,000258
обустройство 3,506558 0,000477
обучаться 1,560648 0,000742
обучение 1,309333 0,000534
обход 1,469676 0,000200
обширный 1,078810 0,000147
общедоступный 1,347074 0,000183
общее 0,301105 0,000082
общежитие 2,813411 0,000574
общеобразовательный 1,021651 0,000139
общероссийский 1,427116 0,000097
общественность 2,120264 0,000288
общественный 0,494296 0,000134
общество 0,415515 0,000141
общий 0,186330 0,000114
община 1,078810 0,000147
объединение 0,776529 0,000528
объединить 0,867501 0,000059
объединять 1,108663 0,000151
объездной 1,897120 0,000129
объект 0,235722 0,000128
объем 0,400478 0,000191
объявить 0,798508 0,000109
объявление 1,966113 0,000134
обычно 0,693147 0,000236
обязанность 1,347074 0,000183
обязать 1,609438 0,000109
овсянка 3,218876 0,000437
оглавление 3,912023 0,000266
огонь 1,139434 0,000077
ограниченно 3,912023 0,000266
ограничить 0,653926 0,000044
огромный 0,776529 0,000053
огюст 3,506558 0,000238
одаривать 3,912023 0,000266
один 0,051293 0,000080
одинокий 3,218876 0,000219
однако 0,174353 0,000071
одноименный 0,967584 0,000197
одноклассник 2,407946 0,000164
одобрить 1,897120 0,000774
ожоговый 2,995732 0,000407
озеленить 2,995732 0,000204
озеро 0,673345 0,000183
озеры 3,506558 0,000238
ознаменование 2,407946 0,000164
ознаменовать 3,218876 0,000219
ознаменоваться 2,120264 0,000144
означать 0,798508 0,000054
ока 2,525729 0,005836
оказаться 0,820981 0,000112
оказывать 0,867501 0,000059
окато 0,820981 0,000112
окегорода 3,912023 0,000266
окно 1,714798 0,000350
оконечность 1,966113 0,000134
окончание 1,309333 0,000267
окончательно 1,203973 0,000164
окончательный 1,897120 0,000129
окраина 1,049822 0,000071
окрестность 0,941609 0,000192
округ 0,562119 0,001375
окружать 0,755023 0,000103
окружение 2,207275 0,000150
окт 0,798508 0,000054
октмо 0,843970 0,000057
октябрь 0,072571 0,000296
октябрьск 2,120264 0,000144
октябрьский 0,776529 0,000053
олеария 2,813411 0,000191
олег 1,427116 0,000291
олега 1,966113 0,000267
олень 2,207275 0,000150
олимпиада 2,407946 0,000164
олимпийский 1,108663 0,000151
ольга 1,347074 0,000183
ольгино 3,506558 0,000953
омск 1,021651 0,000139
онлайн 0,198451 0,000027
оный 2,813411 0,000382
оон 1,560648 0,000212
ооо 0,843970 0,000057
опалиха 3,912023 0,000266
опер 1,469676 0,000100
операция 0,776529 0,000053
описание -0,009950 -0,000002
описать 1,347074 0,000092
оползень 2,995732 0,000204
ополчение 1,897120 0,000387
опорный 1,560648 0,000106
определение 0,967584 0,000132
определить 0,527633 0,000108
определять 0,867501 0,000118
опричнина 2,813411 0,000191
опубликовать 0,891598 0,000121
опускаться 1,714798 0,000117
опытный 1,108663 0,000075
орган 0,616186 0,000167
организация -0,009950 -0,000004
организовать 0,634878 0,000129
орден 0,891598 0,000242
орджоникидзе 2,040221 0,000139
ордынский 2,525729 0,000172
орел 1,386294 0,000283
оренбург 1,966113 0,000134
оренбургский 1,714798 0,000117
оригинал 0,139262 0,000511
орлик 3,218876 0,000219
орловский 2,302585 0,000156
орск 1,272966 0,000087
ортопедия 3,218876 0,000219
орудие 1,897120 0,000129
оружие 1,203973 0,000082
орфей 2,995732 0,000204
орфографический 2,813411 0,000191
орфография 3,506558 0,000238
осадка 1,237874 0,000168
осадок 0,544727 0,000111
осадочный 2,407946 0,000164
освобождение 1,514128 0,000206
освятить 1,560648 0,000106
осенне-зимний 3,506558 0,000238
осень 0,941609 0,000256
осипов 0,527633 0,000036
оскар 2,659260 0,000181
основа 0,210721 0,000072
основание 0,494296 0,000134
основать 0,274437 0,000298
основное 0,235722 0,000112
основной 0,040822 0,000105
особенно 0,562119 0,000076
особенность 0,693147 0,000188
особливо 3,506558 0,000238
особый 0,776529 0,000106
особь 2,659260 0,000181
оставаться 0,544727 0,000074
оставить 1,427116 0,000194
остальной 0,616186 0,000084
острог 1,897120 0,000129
осуществлять 0,597837 0,000081
осуществляться 0,616186 0,000084
отв 0,755023 0,000154
ответ 0,941609 0,000064
ответственность -0,009950 -0,000001
отвечать 1,609438 0,000109
отгрузить 1,386294 0,000094
отдел 1,171183 0,000159
отделение 0,713350 0,000048
отдельный -0,009950 -0,000002
отделять 2,207275 0,000150
отдых 0,941609 0,000192
отель 1,660731 0,000226
отечественный 0,634878 0,000302
отказ -0,009950 -0,000001
отказываться 2,995732 0,000204
откос 3,506558 0,000238
открывать 1,771957 0,000120
открываться 1,347074 0,000366
открытие 0,616186 0,000167
открыто 1,078810 0,000147
открыть 0,150823 0,000236
открыться 0,820981 0,000279
отличаться 0,342490 0,000023
отметить 0,616186 0,000084
отмечать 1,078810 0,000073
отмечаться 0,994252 0,000135
относительно 0,415515 0,000028
относительный 1,560648 0,000106
относиться 0,328504 0,000089
отношение 0,430783 0,000615
отправиться 2,040221 0,000139
отправка 2,302585 0,000156
отражать 1,309333 0,000178
отрасль 0,653926 0,000089
отредактировать -0,009950 -0,000001
отремонтировать 2,407946 0,000164
отреставрировать 2,040221 0,000139
отрицательный 2,120264 0,000144
отслужить 3,912023 0,000266
отставной 2,995732 0,000204
отстранить 2,813411 0,000191
отстроить 2,302585 0,000156
отсутствие 0,891598 0,000061
отсутствовать 0,776529 0,000106
оттуда 2,525729 0,000172
отчет 1,272966 0,000173
офисный 2,302585 0,000469
офицер 1,660731 0,000113
официально 0,693147 0,000047
официальный 0,356675 0,000485
оформление 1,609438 0,000109
ох 1,347074 0,000092
охапкин 3,912023 0,000266
охватить 1,832581 0,000125
охрана 0,843970 0,000057
оцениваться 1,560648 0,000106
оценка 0,400478 0,000136
очевидный 3,218876 0,000219
очень 0,494296 0,000134
очередь 0,510826 0,000035
очерк 0,733969 0,000200
очерк-обзор 3,912023 0,000266
ошибкекак -0,009950 -0,000001
павел 1,078810 0,000073
павильон 2,040221 0,000139
павлово 3,218876 0,000437
павловский 2,302585 0,000156
пакгауз 3,218876 0,000437
пальма 3,506558 0,000238
памятник 0,597837 0,000609
памятный 0,798508 0,000163
память 0,820981 0,000056
пан 2,659260 0,000361
панину 3,506558 0,000238
панорама 1,203973 0,000327
панорамный 2,813411 0,000191
панский 3,912023 0,000266
панъевропейский 3,218876 0,000219
пао 1,427116 0,000291
пар 1,309333 0,000267
парад 1,771957 0,000120
параметрамивикипедия 2,207275 0,000150
парк 0,653926 0,000667
парк-музей 2,995732 0,000204
паровой 2,407946 0,000164
пароходство 1,832581 0,000623
партнер 1,514128 0,000103
партнерский 2,207275 0,000150
партнерство 1,771957 0,000120
пасмурный 1,966113 0,000134
пассаж 2,659260 0,000361
пассажир 1,272966 0,000087
пассажиропоток 1,609438 0,000109
пассажирский 0,941609 0,000256
патриарх 2,040221 0,000139
патриот 2,659260 0,000181
педагогический 0,867501 0,000177
пенза 1,108663 0,000075
пензенская 2,207275 0,000150
пенсильвания 3,912023 0,000266
пенсионер 2,207275 0,000450
пепел 3,912023 0,000266
первенство 1,469676 0,000100
первое 0,150823 0,000205
первомайск 3,506558 0,000238
первоначально 1,203973 0,000164
первоначальный 1,203973 0,000082
первый 0,162519 0,000353
перевалка 2,995732 0,000204
перевести 0,994252 0,000068
перевод 0,941609 0,000064
перевоз 3,912023 0,000266
перевозка 0,891598 0,000061
переговоры 2,525729 0,000172
перегрузить 2,813411 0,000191
передать 0,798508 0,000054
передача 1,078810 0,000147
переделать 3,506558 0,000238
передовой 3,912023 0,000266
переименование 1,469676 0,000200
переименовать 0,941609 0,000192
перейти -0,009950 -0,000003
переломный 2,813411 0,000191
перемещение 2,659260 0,000542
перенести 0,994252 0,000270
перенос 1,560648 0,000424
перепись 0,755023 0,000821
перепланировка 3,218876 0,000219
переполнить 3,912023 0,000266
пересадочный 3,218876 0,000219
переселение 2,120264 0,000144
пересечение 1,171183 0,000080
перестроить 1,897120 0,000129
перестройка 1,771957 0,000120
переулок 1,514128 0,000103
переход 0,653926 0,000133
перечень 1,108663 0,000301
перечислить 1,966113 0,000134
перинатальный 2,040221 0,000277
период 0,274437 0,000373
периодический 1,560648 0,000106
пермский 1,966113 0,000134
пермь 0,994252 0,000135
пермью 2,813411 0,000191
персидский 1,897120 0,000129
персональный -0,009950 -0,000001
перформанс 3,912023 0,000266
песчаный 1,771957 0,000120
петербург 1,897120 0,000129
петра 1,078810 0,000073
петрить 1,714798 0,000233
петрович 1,897120 0,000129
петровский 1,514128 0,000103
печатник 3,506558 0,000238
печатный 1,021651 0,000069
печать -0,009950 -0,000002
печерский 2,302585 0,000626
печеры 3,506558 0,000238
пешеходный 1,560648 0,000106
пеший 2,302585 0,000156
пик 1,609438 0,000109
пильнинский 3,912023 0,000266
пильный 3,506558 0,000477
пионер 1,427116 0,000097
пирканмаа 3,912023 0,000266
писатель 0,916291 0,000125
писать 0,820981 0,000056
пискунова 3,912023 0,000532
письменный 1,660731 0,000113
письмо 1,237874 0,000168
питера 3,218876 0,000219
питирим 3,912023 0,000266
питьевой 1,897120 0,000129
пищевой 0,916291 0,000062
пко 3,218876 0,000219
плав 3,506558 0,000238
плаз 3,218876 0,000219
плазма 2,995732 0,000407
плазмоцентр 3,912023 0,000266
плазмоцентра 3,912023 0,000266
план 0,527633 0,000430
планетарий 1,832581 0,000125
планироваться 0,891598 0,000121
планировочный 2,407946 0,000327
пласт 2,813411 0,000191
платный 1,469676 0,000200
пленный 2,525729 0,000172
плес 1,832581 0,000125
плечо 3,218876 0,000219
плотина 1,514128 0,000103
плотно 2,813411 0,000191
плотность 0,634878 0,000043
площадиперед 3,912023 0,000266
площадка 0,867501 0,000236
площадь 0,385662 0,001206
плюс 1,272966 0,000173
плющ 3,506558 0,000238
по-нижегородски 3,912023 0,000532
по-новому 3,506558 0,000238
победа 0,755023 0,000103
победитель 1,514128 0,000206
побратим 1,514128 0,000206
побратимский 1,771957 0,002047
побывать 1,897120 0,000129
поведение -0,009950 -0,000001
поверхность 1,347074 0,000092
повести 1,832581 0,000125
поволжье 1,832581 0,000498
поволжья 1,714798 0,000466
повторять 2,302585 0,000156
повысить 1,021651 0,000139
повыситься 2,407946 0,000327
погибнуть 1,469676 0,000100
поглотить 2,207275 0,000150
погода 0,693147 0,000188
пограничный 1,469676 0,000200
подавить 2,525729 0,000343
подарить 2,207275 0,000150
подведомственный 2,040221 0,000139
подвергаться 1,609438 0,000219
подверженный 2,040221 0,000139
подводной 1,514128 0,000103
подготовка 0,916291 0,000062
поддержка 0,653926 0,000133
поджог 3,506558 0,000238
подземный 1,469676 0,000100
подлесово 3,912023 0,000266
подлодка 2,995732 0,000204
подложить 3,912023 0,000266
подниматься 1,427116 0,000097
подновье 3,912023 0,001063
подновья 3,912023 0,000266
подножие 2,525729 0,000172
подолгу 3,506558 0,000238
подольск 1,272966 0,000087
подоходный 3,912023 0,000266
подписать 0,941609 0,000256
подразумевать 2,302585 0,000156
подрядчик 2,813411 0,000191
подтверждаться 2,040221 0,000277
подход 0,994252 0,000068
подходить 1,386294 0,000094
подчеркивать 2,120264 0,000144
подчеркнуть 2,659260 0,000181
подчинение 1,237874 0,000084
подчинить 1,347074 0,000092
подчиняться 1,660731 0,000113
подъем 1,386294 0,000094
поезд 1,021651 0,000139
пожарские 3,506558 0,000238
пожарского 3,506558 0,003336
пожарскому 3,506558 0,000715
пожертвовать 2,995732 0,000204
позволять 0,462035 0,000063
позднеперестроечный 3,912023 0,000266
поздно 0,713350 0,000242
позже 0,733969 0,000150
познавательный 2,813411 0,000191
поиск -0,009950 -0,000002
пойма 1,609438 0,000437
пойти 1,897120 0,000129
показатель 0,494296 0,000101
показать 0,891598 0,000121
поколение 1,203973 0,000164
покорение 2,302585 0,000156
покров 0,843970 0,000172
покровка 2,813411 0,000191
покровская 2,302585 0,000626
покровский 1,771957 0,000241
покровского 2,407946 0,000164
покровской 2,995732 0,000814
покрыть 1,309333 0,000089
покупательский 3,506558 0,000238
пол 0,446287 0,000121
полдень 0,916291 0,000062
полиграфический 2,302585 0,000156
поликлиника 1,309333 0,000178
политехнический 1,560648 0,000212
политик -0,009950 -0,000001
политический 0,597837 0,000122
полиция 2,207275 0,000450
полицмейстер 3,506558 0,000238
полнометражный 2,813411 0,000191
полномочие 1,203973 0,000164
полномочный 2,407946 0,000164
полностью 0,400478 0,000136
полный 0,328504 0,000045
половина 0,430783 0,000176
положение 0,415515 0,000198
положительный 1,771957 0,000120
полужирный 1,966113 0,000134
полуостров 1,171183 0,000080
получение 1,203973 0,000082
получить 0,150823 0,000102
польза 1,714798 0,000117
пользование 1,609438 0,000109
польско-литовских 3,912023 0,000266
полюбоваться 3,218876 0,000219
поляк 0,820981 0,000112
помещение 1,560648 0,000106
помимо 0,562119 0,000153
помощник 2,302585 0,000156
помощь 0,342490 0,000047
пониматься 1,966113 0,000134
поп 1,966113 0,000134
попадать 1,771957 0,000120
попасть 1,049822 0,000071
попеременно 3,506558 0,000238
попечитель 3,912023 0,000266
попов 2,207275 0,000150
популярный 0,891598 0,000121
попытка 1,272966 0,000087
пора 0,776529 0,000264
порт 0,733969 0,000150
портал 0,342490 0,000116
порядковый 1,609438 0,000109
порядок 0,994252 0,000068
посад 1,469676 0,000799
посвятить 0,634878 0,000086
посевина 3,912023 0,000266
поселение 0,634878 0,000777
поселок 0,634878 0,000561
посетить 1,203973 0,000245
посещать 1,560648 0,000212
посещение 1,714798 0,000583
послевоенный 1,309333 0,000089
последнее 0,843970 0,000115
последний -0,009950 -0,000003
последующий 1,272966 0,000173
послереволюционный 3,912023 0,000266
послужить 1,469676 0,000200
пособие 1,514128 0,000103
посольство 1,897120 0,000129
поспелов 1,021651 0,000139
пост 1,078810 0,000220
поставка 2,207275 0,000300
поставляться 3,506558 0,000238
поставщик 1,897120 0,000258
постановить 2,407946 0,000164
постановка 2,120264 0,000144
постановление 0,891598 0,000121
постепенно 0,867501 0,000118
постоянная 0,843970 0,000057
постоянно 1,108663 0,000151
постоянный 0,579818 0,000394
построить 0,301105 0,000573
постройка 0,867501 0,000177
поступление 1,609438 0,000109
потенциал 0,967584 0,000197
потереть 3,506558 0,000238
потеря 1,660731 0,000113
потерять 1,386294 0,000283
поток 0,967584 0,000066
потомственный 2,995732 0,000204
потребительский 1,832581 0,000249
потребление 2,120264 0,000144
потрясать 3,912023 0,000266
поход 1,203973 0,000082
почайну 3,912023 0,000266
почайны 3,912023 0,000266
почетный 0,820981 0,000502
починка 2,995732 0,000407
починковский 3,912023 0,000266
почтовый 0,653926 0,000089
поэтому 0,616186 0,000042
появиться 0,248461 0,000101
появление 0,653926 0,000044
появляться 0,733969 0,000100
пояс 0,597837 0,000122
правда 0,820981 0,000167
правило 0,478036 0,000032
правительственный 1,832581 0,000125
правительство 0,510826 0,000521
правительствовать 3,218876 0,000219
править -0,009950 -0,000073
правка 0,274437 0,000019
правкиновые -0,009950 -0,000001
правкипостоянная -0,009950 -0,000001
правление 1,386294 0,000283
право 0,314711 0,000086
правовой 1,021651 0,000139
православие 1,386294 0,000188
православный 0,755023 0,000257
правый 0,798508 0,000434
праздник 1,203973 0,000491
праздничный 2,302585 0,000313
празднование 1,309333 0,000178
практик 1,049822 0,000071
практически 0,755023 0,000103
пребывать 2,659260 0,000181
превратить 1,832581 0,000125
превышать 0,673345 0,000092
предводительство 1,897120 0,000129
предел 0,400478 0,000082
предназначить 1,139434 0,000077
предопределить 2,207275 0,000150
предоставление 1,609438 0,000109
предписать 3,912023 0,000532
предполагать 1,171183 0,000080
предполагаться 1,078810 0,000147
предположительный 3,912023 0,000266
предприниматель 1,609438 0,000109
предприятие 0,527633 0,000717
представитель 0,653926 0,000089
представительство 0,994252 0,000203
представить 0,328504 0,000156
представиться -0,009950 -0,000001
представление 0,776529 0,000053
представлять 0,328504 0,000112
предтеча 2,120264 0,000288
предусматриваться 2,525729 0,000172
предусмотреть 1,427116 0,000097
прежний 1,021651 0,000139
президент 0,597837 0,000284
президиум 1,171183 0,000239
преимущественно 0,776529 0,000106
прекрасенъ 3,912023 0,000266
прекратить 0,916291 0,000187
прекращаться 2,813411 0,000191
преобладать 0,713350 0,000048
преобразование 1,347074 0,000183
преобразовать 0,967584 0,000132
преподавать 2,995732 0,000204
препятствие 2,302585 0,000313
пресвятой 1,272966 0,000519
пресс 1,272966 0,000087
пресс-конференция 2,525729 0,000172
прибыль 1,897120 0,000129
приватизировать 2,813411 0,000191
привезти 2,040221 0,000139
привести 0,356675 0,000024
привлекать 1,609438 0,000109
привлекаться 3,506558 0,000238
привлечь 2,040221 0,000139
приводить 0,776529 0,000053
привоз 3,912023 0,000266
приволжский 1,609438 0,001094
приволжье 3,218876 0,001969
пригород 1,714798 0,000117
пригородный 0,967584 0,000329
придти 0,755023 0,000051
прием 1,347074 0,000092
прижиться 2,995732 0,000204
призер 1,514128 0,000103
признание 0,867501 0,000118
признать 0,494296 0,000202
призрение 3,912023 0,000266
приказ 1,203973 0,000082
приказать 3,506558 0,000477
прикладной 1,078810 0,000147
прилегать 1,237874 0,000252
прилепин 3,912023 0,000266
применение 0,967584 0,000066
применять 0,510826 0,000069
пример 0,527633 0,000036
примечание -0,009950 -0,000001
принадлежать 0,755023 0,000205
принести 2,120264 0,000144
принимать 0,634878 0,000043
принять 0,248461 0,000068
приобрести 1,139434 0,000077
приобретение 2,302585 0,000156
приобщить 3,912023 0,000266
приокский 3,218876 0,001094
приостановление 3,912023 0,000266
природно-климатические 3,912023 0,000266
природно-экологического 3,912023 0,000266
природный 0,510826 0,000035
прирост 1,309333 0,000089
присвоение 1,139434 0,000077
присвоить 0,798508 0,000109
присоединение 1,469676 0,000200
присоединить 1,660731 0,000226
пристань 1,427116 0,000097
присутственный 2,302585 0,000156
притка 1,427116 0,000970
приток 1,078810 0,000073
приход 1,108663 0,000151
приходиться 0,693147 0,000047
приходский 2,813411 0,000382
причал 1,897120 0,000258
причетник 3,912023 0,000266
причина 0,562119 0,000076
приют 2,525729 0,000343
пробка 2,525729 0,000172
проблема 0,274437 0,000149
проведение 0,673345 0,000046
проверить 0,478036 0,000032
проверка 0,843970 0,000057
провести 0,579818 0,000197
проводиться 0,653926 0,000178
прогноз 1,427116 0,000097
программа 0,415515 0,000169
прогулка 1,609438 0,000219
прогулочный 2,525729 0,000172
продаваться 2,525729 0,000172
продажа 1,514128 0,000103
продление 2,525729 0,000343
продолжать 1,049822 0,000071
продолжаться 1,049822 0,000071
продолжительность 1,021651 0,000069
продолжительный 1,560648 0,000212
продукт 0,634878 0,000086
продукция 0,941609 0,000064
проект -0,009950 -0,000014
проектахзначения 1,237874 0,000084
проектирование 1,560648 0,000318
проектировать 2,407946 0,000164
проживать 0,776529 0,000264
прозвище 2,995732 0,000204
произведение 1,021651 0,000069
производитель 1,309333 0,000178
производить 0,916291 0,000187
производиться 1,108663 0,000075
производственный 1,078810 0,000220
производство 0,527633 0,000287
произойти 0,430783 0,000117
происходить 0,328504 0,000134
пройти 0,544727 0,000111
прокопьевск 1,272966 0,000087
прокошево 3,912023 0,000266
пролет 2,407946 0,000164
проложить 1,347074 0,000092
промилле 3,218876 0,000437
промысл 1,966113 0,000134
промышленность 0,494296 0,000370
промышлять 0,462035 0,000377
проня 3,506558 0,000238
прообраз 2,659260 0,000181
пророк 2,407946 0,000327
просвещение 1,560648 0,000318
просмотр -0,009950 -0,000001
проспект 0,891598 0,000061
просто 1,171183 0,000080
пространство 0,634878 0,000086
просьба 2,302585 0,000156
протва 3,218876 0,000219
протвино 3,506558 0,000238
протекать 1,108663 0,000075
протестантизм 2,040221 0,000139
против 0,798508 0,000109
противник 2,040221 0,000139
противокарстовый 3,912023 0,000266
противоположное 2,302585 0,000313
протоиерей 3,506558 0,000238
протяжение 0,843970 0,000172
протяженность 0,776529 0,000106
протяженный 2,207275 0,000150
проходить 0,462035 0,000440
проходная 2,407946 0,000164
прохоров 1,078810 0,000147
процент 1,427116 0,000097
процесс 0,415515 0,000028
процессия 3,912023 0,000266
прочее 0,544727 0,000037
проявиться 2,995732 0,000204
проясняться 3,506558 0,000238
пруд 1,609438 0,000219
прусакова 3,912023 0,000266
прямая 0,867501 0,000177
прямоугольный 1,560648 0,000106
психология 2,302585 0,000156
пуд 3,218876 0,000219
пудалов 3,912023 0,000266
пункт 0,494296 0,000873
пустить 1,514128 0,000309
пустырь 3,218876 0,000219
путать 1,714798 0,000117
путеводитель 0,713350 0,000242
путевой 2,525729 0,000172
путешествие 1,469676 0,000100
путина 1,386294 0,000283
путь 0,261365 0,000036
пучеж 2,120264 0,000144
пушкин 0,916291 0,000187
пушнина 2,995732 0,000204
пущино 3,506558 0,000238
пфо 3,912023 0,000266
пырьева 3,912023 0,000266
пышма 1,309333 0,000089
пьеса 2,120264 0,000288
пятиглавый 2,659260 0,000361
пятница 1,427116 0,000097
пятый 0,994252 0,000135
пять 0,693147 0,000283
работа 0,127833 0,000078
работать 0,314711 0,000385
работка 3,912023 0,000266
работник 1,108663 0,000075
рабочий 0,597837 0,000244
равнина 0,867501 0,000059
ради 2,525729 0,000172
радиационный 2,302585 0,000156
радио 0,891598 0,001636
радиоастрономия 3,912023 0,000266
радиолаборатория 3,912023 0,000266
радиолокация 3,912023 0,000266
радиостанция 1,021651 0,000347
радиофизик 3,506558 0,000238
раз -0,009950 -0,000001
разбить 1,514128 0,000103
развернуться 2,525729 0,000172
развиваться 0,597837 0,000122
развитие 0,127833 0,000330
развить 0,616186 0,000042
разводной 2,813411 0,000191
развязка 1,469676 0,000100
разговор 2,995732 0,000204
разговорный 2,995732 0,000204
раздел 0,342490 0,000023
разделить 0,527633 0,000072
разделять 1,609438 0,000219
разделяться 2,040221 0,000139
раздробленность 3,218876 0,000219
различение 3,218876 0,000219
различие 1,714798 0,000117
различный 0,116534 0,000024
размер 0,755023 0,000103
разместить 1,108663 0,000075
размещение 0,673345 0,000137
разногласие 1,714798 0,000117
разнообразный 1,139434 0,000155
разный 0,314711 0,000064
разработка 0,653926 0,000089
разработчик -0,009950 -0,000001
разрушаться 2,813411 0,000191
разрушить 1,139434 0,000077
разрыв 2,525729 0,000172
разряд 2,040221 0,000139
район 0,430783 0,002108
район-партнер 3,912023 0,000266
района-партнера 3,912023 0,000532
районбогородский 3,912023 0,000266
районы-партнеры 3,912023 0,000532
райцентр 0,941609 0,000064
рамка 0,478036 0,000065
рана 0,776529 0,000106
рандеву 3,912023 0,000532
рано 0,261365 0,000089
раскол 2,995732 0,000407
распасться 2,525729 0,000172
располагаться 0,544727 0,000259
расположение 0,776529 0,000158
расположить 0,385662 0,000603
распоряжение 1,139434 0,000155
распределенность 3,506558 0,000238
распределить 0,693147 0,000047
распустить 2,207275 0,000150
расселить 2,813411 0,000191
рассказ 1,514128 0,000103
рассказать 1,966113 0,000134
расставить 3,912023 0,000532
расстояние 0,713350 0,000145
рассчитать 1,514128 0,000206
рассчитывать 2,407946 0,000164
растение 1,171183 0,000080
растительность 1,309333 0,000178
расход 1,347074 0,000275
расходоваться 3,218876 0,000219
расчет 0,820981 0,000056
расширение 0,415515 0,000056
расширить 0,967584 0,000066
расшириться 2,407946 0,000164
ратманихой 3,912023 0,000266
ратьков 3,912023 0,000266
рбк 1,386294 0,000188
реализация 0,798508 0,000054
реальный 0,967584 0,000132
ревенская 3,912023 0,000266
революционный 1,386294 0,000094
революция 0,562119 0,000306
регион 0,385662 0,000262
региональный 0,634878 0,000173
регулярно 1,272966 0,000087
регулярный 0,798508 0,000163
ред 0,235722 0,000112
редакция 0,916291 0,000062
редко 1,514128 0,000103
реестр 1,272966 0,000173
режиссер 1,660731 0,000113
резидент 2,995732 0,000204
резиденция 1,832581 0,000125
резкий 1,386294 0,000094
резко 0,967584 0,000066
результат 0,174353 0,000083
рейн-вестфалия 3,506558 0,000238
рейтинг 0,967584 0,000526
рейтинговый 2,407946 0,000327
река 0,446287 0,000485
реконструировать 1,237874 0,000084
реконструкция 0,820981 0,000279
рекорд 1,427116 0,000194
рекреационный 1,469676 0,000200
религиозный 0,891598 0,000242
религия 0,755023 0,000103
рельеф 0,798508 0,000054
ремонт 1,139434 0,000155
рен 1,660731 0,000113
репин 1,966113 0,000134
республика 0,527633 0,000645
реставрация 2,120264 0,000288
реставрироваться 3,506558 0,000238
ресторан 1,469676 0,000100
ресторанный 3,506558 0,000238
ресурс 0,020203 0,000003
ретрансляция 2,525729 0,000343
ретро 1,897120 0,000129
реформа 1,108663 0,000226
речной 0,693147 0,000518
речь 1,514128 0,000206
решать 1,469676 0,000100
решение 0,328504 0,000156
ржавка 3,912023 0,000266
ржд 1,832581 0,000249
ржев 1,771957 0,000120
риа 1,049822 0,000071
рижские 3,912023 0,000266
римейк 3,912023 0,000266
римско-католический 1,832581 0,000125
рисование 3,506558 0,000238
рк-технологии 3,912023 0,000266
ровный 1,771957 0,000120
род 0,843970 0,000115
родиться 1,237874 0,000084
родное 1,966113 0,000267
родной 1,609438 0,000109
родственный 0,579818 0,000039
родство 2,995732 0,000204
роек 3,912023 0,000266
рождаемость 1,966113 0,000134
рождение 1,078810 0,000073
рождественский 2,407946 0,000818
рождество 1,660731 0,000339
роза 0,916291 0,000125
розанцева 3,912023 0,000266
розничный 1,171183 0,000080
ройского 3,912023 0,000266
рок-фестиваль 2,813411 0,000191
роль 0,494296 0,000168
роман 1,237874 0,000084
романтический 2,525729 0,000172
ромашково 3,912023 0,000532
ромодановский 3,912023 0,000266
росреестр 2,813411 0,000191
россиигорода 1,309333 0,000178
россииобластные 2,207275 0,000150
российский 0,105361 0,000551
российско-украинской 1,108663 0,000075
россия 0,174353 0,000782
росспэн 0,994252 0,000068
росстат 0,776529 0,000422
росстата 2,207275 0,000300
рост 0,597837 0,000122
ростов-на-дону 1,237874 0,000084
рсфср 0,733969 0,000299
ртрс 1,514128 0,000103
руб 1,171183 0,000080
рубеж 1,021651 0,000139
рубль 0,755023 0,000616
рубцовск 1,347074 0,000092
рука 1,139434 0,000077
рукавишниковы 3,912023 0,000266
руководитель 1,203973 0,000164
руководить 1,309333 0,000089
руководство 0,544727 0,000185
румо 3,506558 0,000238
румянцево 3,912023 0,000266
румянцеву 3,912023 0,000266
рус 0,162519 0,000873
русин 2,207275 0,000150
русинова 3,912023 0,000266
русистолицы 3,912023 0,000266
русский -0,009950 -0,000014
русско-турецкой 2,659260 0,000181
русскоязычный 1,966113 0,000134
русь 1,139434 0,000155
рыбак 2,040221 0,000139
рыбинск 1,203973 0,000164
рыбинский 1,966113 0,000134
рыболовный 2,813411 0,000191
рынок 0,713350 0,000291
ряд 0,223144 0,000121
рязань 1,049822 0,000214
савельев 3,218876 0,000219
сад 0,843970 0,000172
садовский 3,506558 0,000238
садокову 3,912023 0,000266
сайт 0,210721 0,000258
салехард 1,347074 0,000092
салют 2,525729 0,000343
сам 0,162519 0,000077
самара 0,891598 0,000182
самарская 2,207275 0,000150
самгина 3,912023 0,000266
самостоятельный 0,820981 0,000112
самоуправление 0,891598 0,000121
самый 0,174353 0,000059
сан-бой-де-льобрегат 3,912023 0,000266
санаев 3,506558 0,000238
санитарный 2,120264 0,000144
санкт-петербург 0,616186 0,000167
сант 3,506558 0,000238
сантиметр 2,659260 0,000181
сапсан 2,407946 0,000327
сараево 2,995732 0,000407
саратов 0,967584 0,000132
саратовский 1,966113 0,000134
саров 3,912023 0,000266
сартаково 3,912023 0,000532
сартаковский 3,912023 0,000532
сафроновская 3,506558 0,000238
сахарова 3,218876 0,000219
сборник 0,597837 0,000163
сброс 1,660731 0,000113
сватковский 3,912023 0,000266
сведение 0,579818 0,000158
свердлова 2,525729 0,000172
свердловка 3,912023 0,000266
сверхпроводник 3,506558 0,000238
сверху 1,347074 0,000092
свести 2,995732 0,000204
свет 0,941609 0,000064
светить 2,995732 0,000204
светлый 1,386294 0,000094
световой 2,040221 0,000139
свидание 3,218876 0,000219
свинья 3,218876 0,000219
свияжск 2,120264 0,000144
свобода 1,108663 0,000151
свободный -0,009950 -0,000002
свое 0,287682 0,000117
свой 0,150823 0,000031
свойство 0,415515 0,000056
свч 3,912023 0,000266
свыше 0,891598 0,000121
связать 0,174353 0,000024
связаться -0,009950 -0,000001
связывать 0,916291 0,000062
связь 0,174353 0,000059
святой 0,755023 0,000103
сгореть 1,660731 0,000113
сгруппировать 3,506558 0,000238
сдать 1,427116 0,000097
сдача 2,302585 0,000313
сделать 0,616186 0,000084
себя 0,198451 0,000067
севастополь 1,771957 0,000241
северный 0,385662 0,000052
северо-восток 1,237874 0,000084
северо-восточный 1,386294 0,000094
северо-запад 1,469676 0,000200
северо-западный 1,078810 0,000220
северодвинск 1,171183 0,000080
сегодня 0,616186 0,000084
седьмой 1,139434 0,000310
сезон 0,916291 0,000125
сей 0,693147 0,000188
сектор 1,049822 0,000143
селезнев 3,912023 0,001063
селекционный 3,506558 0,000238
селиванов 2,995732 0,000204
селижарово 2,120264 0,000144
село 0,891598 0,000242
сельский 0,634878 0,000604
сельсовет 2,659260 0,001084
семейный 2,120264 0,000144
семенов 2,207275 0,000150
семенцево 3,912023 0,000266
семинарий 1,386294 0,000283
семь 0,820981 0,000112
семья 0,843970 0,000344
сенат 2,207275 0,000150
сенгилей 2,120264 0,000144
сенной 2,525729 0,000515
сент 0,843970 0,000057
сентябрь 0,072571 0,000291
сентябрь-октябрь 3,912023 0,000266
сербия 2,525729 0,000343
сербский 3,218876 0,000656
сергач 3,912023 0,000266
сергачский 3,912023 0,000266
сергеем 2,407946 0,000164
сергей 0,967584 0,000132
серебряный 0,891598 0,000121
середина 0,356675 0,000194
сериал 2,207275 0,000150
серия 0,713350 0,000048
серпухов 3,218876 0,000219
серый 1,897120 0,000129
серьезно 1,897120 0,000129
сетевой 1,049822 0,000143
сеть 0,356675 0,000097
сеченовский 3,912023 0,000266
сибирью 2,207275 0,000150
сизык 3,912023 0,000266
сила 0,494296 0,000134
сильный 0,544727 0,000074
символ 0,733969 0,000349
сименс 3,506558 0,000238
синагога 1,347074 0,000275
система 0,051293 0,000028
системеобсуждениевкладсоздать -0,009950 -0,000001
сити-менеджером 3,506558 0,000238
ситуация 0,693147 0,000047
сказаться 2,302585 0,000156
скачать -0,009950 -0,000001
скачка 2,995732 0,000204
сквер 0,941609 0,000192
складываться 1,771957 0,000120
склон 1,347074 0,000092
скляров 3,912023 0,000266
скоба 3,912023 0,000266
сколько 0,653926 0,000089
скора 1,832581 0,000249
скоростной 1,309333 0,000178
скорость 0,755023 0,000051
скульптура 0,916291 0,000125
слабо 1,897120 0,000129
слабый 1,660731 0,000113
слава 0,941609 0,000192
славяно-российская 3,912023 0,000266
славяно-российской 3,912023 0,000266
славянский 1,386294 0,000188
слева 1,108663 0,000075
следовать 0,235722 0,000016
следует 0,755023 0,000051
слитков-гривен 3,912023 0,000266
слияние 1,609438 0,000984
слобода 1,347074 0,000366
слободской 3,218876 0,000219
словарь 0,094311 0,000032
слово 0,210721 0,000043
сложить 1,832581 0,000125
сложиться 0,994252 0,000203
сложный 0,446287 0,000030
служба 0,527633 0,000394
случай -0,009950 -0,000003
смена 1,272966 0,000260
смениться 2,302585 0,000156
смертность 1,832581 0,000125
смешать 1,309333 0,000089
смещение 0,733969 0,000050
сми 0,867501 0,000236
смоленский 1,966113 0,000134
смута 2,659260 0,000181
смутный 2,302585 0,000156
снасть 3,912023 0,000266
сначала 1,386294 0,000188
снег 1,386294 0,000188
снежный 1,078810 0,000073
снижаться 1,514128 0,000103
снижение 1,171183 0,000080
снизиться 1,609438 0,000109
снимать 2,525729 0,000343
сниматься 2,407946 0,000491
снова 1,386294 0,000094
снос 1,897120 0,000129
сноситься 2,995732 0,000204
снять 1,237874 0,000505
собираться 1,966113 0,000134
собор 0,733969 0,001047
соборный 1,049822 0,000143
собрание 0,634878 0,000173
собрать 1,386294 0,000188
собственно 1,386294 0,000094
собственность 1,309333 0,000089
собственный 0,446287 0,000091
событие 0,733969 0,000249
событияпожертвовать -0,009950 -0,000001
совершенно 2,302585 0,000156
совершить 0,994252 0,000068
совет 0,462035 0,000283
советник 2,302585 0,000156
советский 0,261365 0,000497
совкомбанк 3,218876 0,000875
совместить 2,040221 0,000277
совместно 1,427116 0,000097
совместный 1,514128 0,000206
совмещать 2,525729 0,000172
современность 1,386294 0,000094
современный 0,150823 0,000154
согласно 0,301105 0,000123
согласный 2,995732 0,000204
соглашение 0,994252 0,000473
содержание 0,010050 0,000001
соединение 1,237874 0,000168
соединить 0,994252 0,000068
соединять 1,108663 0,000226
создавать 0,798508 0,000109
создаваться 1,078810 0,000147
создание 0,301105 0,000020
создать 0,210721 0,000229
сокол 1,469676 0,000100
сокольский 3,218876 0,000219
сокольское 2,040221 0,000139
сокращение 0,867501 0,000118
солдат 1,469676 0,000100
солдатский 1,832581 0,000125
солнечный 0,597837 0,000041
солнце 1,347074 0,000275
соловей 1,966113 0,000134
соль 1,660731 0,000339
сомкнуться 3,506558 0,000238
сообщение 0,478036 0,000032
сообщить -0,009950 -0,000001
соорудить 1,897120 0,000258
сооружение 0,733969 0,000299
соответственно 1,021651 0,000069
соответствие 0,371064 0,000076
соответствовать 0,371064 0,000025
соотношение 1,560648 0,000106
соперничать 2,995732 0,000204
сопровождаться 1,609438 0,000109
сорм 3,912023 0,000266
сормове 3,912023 0,001063
сормович 3,912023 0,000266
сормово 3,506558 0,002383
сормовский 3,506558 0,003813
сорокин 2,995732 0,000204
сорт 2,659260 0,000181
сортировочный 3,912023 0,000266
сословие 2,813411 0,000191
сосновский 3,218876 0,000219
сост 0,597837 0,000041
состав 0,248461 0,000186
составить 0,400478 0,000299
составление 2,207275 0,000150
составлять 0,198451 0,000243
состояние 0,248461 0,000270
состоять 0,385662 0,000026
состояться 0,713350 0,000242
сотня 1,609438 0,000219
сотрудница 3,912023 0,000266
сотрудничество 1,078810 0,000440
софт 3,912023 0,000266
сохранение -0,009950 -0,000001
сохранить 1,171183 0,000080
сохраниться 0,820981 0,000279
сохраняться 1,108663 0,000226
соцгород 2,813411 0,000382
социалистический 1,272966 0,000087
социально-враждебное 3,912023 0,000266
социально-экономического 1,237874 0,000336
социальный 0,527633 0,000251
социум 3,218876 0,000219
союз 0,579818 0,000079
спальная 2,659260 0,000181
спарта 3,912023 0,000266
спас 1,609438 0,000219
спасение 2,302585 0,000156
спасо-преображенская 3,218876 0,000437
спасо-преображенский 1,966113 0,000267
спасо-преображенской 3,912023 0,000266
спасск-рязанский 3,506558 0,000238
спасский 2,207275 0,000300
спасского 2,995732 0,000204
спб 0,385662 0,000079
специализироваться 1,966113 0,000267
специалист 0,755023 0,000103
специальность 1,832581 0,000125
специальный 0,415515 0,000056
специя 3,218876 0,000219
спецрейд 3,912023 0,000266
спецслужба 3,218876 0,000219
список 0,210721 0,000129
спорный 1,514128 0,000720
спорт 0,713350 0,000339
спортивно-оздоровительных 3,912023 0,000266
спортивный 0,891598 0,000545
спортсмен 1,771957 0,000241
способность 1,139434 0,000077
справедливость 2,525729 0,000343
справка 1,203973 0,000082
справочник 0,798508 0,000054
спустя 1,609438 0,000109
сравнение 0,733969 0,000050
сравнительно 1,897120 0,000129
сразу 0,994252 0,000270
среда 0,385662 0,000157
среди 0,198451 0,000121
среднегодовой 0,776529 0,000106
среднее 0,342490 0,000279
среднесуточный 2,525729 0,000172
средний 0,371064 0,000252
средство 0,287682 0,000137
срок 0,798508 0,000217
сср 0,820981 0,000112
ссср 0,314711 0,000257
ссуза 3,912023 0,000266
ссылка -0,009950 -0,000011
ссылкасведения -0,009950 -0,000001
ссылкойстатьи 2,302585 0,000156
стабильный 0,820981 0,000167
стадион 0,891598 0,000364
сталь 0,415515 0,000113
станкозавод 3,506558 0,000238
становиться 0,415515 0,000141
станция 0,579818 0,000433
старинный 1,309333 0,000356
старица 1,897120 0,000129
старое 0,941609 0,000192
старообрядец 1,771957 0,000120
старообрядческий 1,427116 0,000291
староста 2,525729 0,000343
староярмарочный 3,912023 0,000798
старт 2,407946 0,000164
старцев 3,912023 0,000266
старшеклассник 2,995732 0,000204
старший 1,386294 0,000094
старый 0,314711 0,000192
статистик -0,009950 -0,000006
статистический 0,713350 0,000873
статус 0,430783 0,000234
статуя 2,813411 0,000574
стать 0,083382 0,000198
статьевикипедия 1,660731 0,000226
статьестатьи 0,843970 0,000057
статьислучайная -0,009950 -0,000001
статьисообществофорумсправкасвежие -0,009950 -0,000001
статья 0,020203 0,000055
статьяобсуждение -0,009950 -0,000001
статьятекущие -0,009950 -0,000001
стахановский 3,912023 0,000266
стен 0,967584 0,000197
стена 2,302585 0,000156
степанова 3,506558 0,000238
степура 3,912023 0,000266
стереотип 1,469676 0,000100
стечь 2,813411 0,000191
стиль 0,673345 0,000183
стоимость 1,021651 0,000417
столетие 1,469676 0,000200
столица 0,755023 0,000257
столичномъ 3,912023 0,000266
столичный 1,660731 0,000113
столько 1,832581 0,000125
стоматологический 2,040221 0,000139
сторожев 2,995732 0,000204
сторона 0,235722 0,000080
сточный 1,560648 0,000106
страна 0,235722 0,000304
страница -0,009950 -0,000005
страницасодержаниеизбранные -0,009950 -0,000001
страницецитировать -0,009950 -0,000001
страницуполучить -0,009950 -0,000001
страницыслужебные -0,009950 -0,000001
стратегия 1,514128 0,000206
стрежень 3,218876 0,000219
стрелецкий 2,525729 0,000343
стрелка 1,560648 0,001379
стрелковый 1,966113 0,000134
стригино 3,912023 0,000798
стригинский 3,912023 0,000532
стрит-арт 3,912023 0,000532
стрит-арта 3,506558 0,000477
строгановых 3,506558 0,000238
строгий 1,897120 0,000129
строение 0,891598 0,000121
строитель 1,272966 0,000087
строительно-транспортный 3,912023 0,000266
строительный 0,891598 0,000242
строительство 0,462035 0,000722
строить 1,309333 0,000178
строиться 0,693147 0,000188
стройка 2,407946 0,000491
стройплощадка 3,506558 0,000238
структура 0,400478 0,000054
стс 1,714798 0,000117
студенец 3,506558 0,000238
студент 1,237874 0,000252
студенческий 1,609438 0,000109
ступино 1,347074 0,000183
суббота 1,771957 0,000241
субсидия 3,506558 0,000238
субъект 0,597837 0,000406
сувон 3,912023 0,000532
суд 0,693147 0,000141
судана 3,912023 0,000266
судостроение 2,995732 0,000204
судостроительный 1,966113 0,000134
судоходный 1,714798 0,000466
судоходство 1,660731 0,000113
судьба 1,427116 0,000194
суздальский 2,995732 0,000611
сумма 1,386294 0,000094
суннитский 2,525729 0,000172
сура 2,995732 0,000407
суриковский 3,912023 0,000266
сутки 1,427116 0,000194
суточные 2,407946 0,000164
суточный 0,755023 0,000103
сухум 2,659260 0,000361
существенный 1,237874 0,000084
существование 0,693147 0,000094
существовать 0,020203 0,000007
сфера 0,562119 0,000076
сформировать 1,078810 0,000147
сформироваться 1,347074 0,000275
схема 0,916291 0,000125
сходить 2,813411 0,000191
сцена 1,514128 0,000206
счет 0,562119 0,000115
считать 0,597837 0,000122
считаться 0,385662 0,000052
сша 0,562119 0,000115
съезд 1,560648 0,000212
съемка 1,966113 0,000401
съемочный 3,218876 0,000437
сыграть 1,714798 0,000117
сызрань 1,237874 0,000168
сын 1,660731 0,000451
сытина 1,560648 0,000106
сюда 1,108663 0,000151
сюдасвязанные -0,009950 -0,000001
табл 0,867501 0,000059
таблица 0,544727 0,000259
табличный 1,237874 0,000084
тагил 1,272966 0,000087
тайный 1,832581 0,000125
такое 0,328504 0,000089
такой 0,162519 0,000077
такси 1,021651 0,000069
таможенный 2,302585 0,000469
тампере 3,912023 0,000532
танзании 3,912023 0,000266
таруса 3,506558 0,000238
тасс 1,171183 0,000159
татарин 0,733969 0,000050
татарстан 2,120264 0,000144
татинец 3,912023 0,000266
татищев 2,813411 0,000191
таять 3,218876 0,000219
твердотельный 3,912023 0,000266
тверь 1,514128 0,000103
твк 2,040221 0,002773
творческий 1,309333 0,000178
тгб 3,912023 0,000266
тгк 2,302585 0,000156
театр 0,713350 0,000727
театральный 1,049822 0,000214
текст -0,009950 -0,000002
телебашня 1,897120 0,000129
телевещание 1,966113 0,000134
телевидение 0,820981 0,000223
телеграфный 2,525729 0,000172
телеканал 0,916291 0,000062
телекомпания 1,832581 0,000125
телепередача 2,302585 0,000156
телерадиовещательный 2,995732 0,000204
телерадиостудия 3,912023 0,000266
телесемь 2,813411 0,000191
телесериал 3,218876 0,000219
телефонный 0,776529 0,000106
тематический 0,510826 0,000069
темная 2,407946 0,000164
температура 0,510826 0,000347
теннис 2,040221 0,000139
теория 1,049822 0,000071
тепло 1,386294 0,000188
теплое 1,309333 0,000089
теплообменник 3,912023 0,000266
теплоход 1,514128 0,000103
термаль 3,912023 0,000266
термин 0,198451 0,000013
терминал 1,347074 0,000183
территориальный 0,713350 0,000339
территория 0,356675 0,000994
терять 2,120264 0,000144
тетюши 2,120264 0,000144
техник 0,713350 0,000194
техникум 1,272966 0,000173
технический 0,462035 0,000126
технология 0,400478 0,000136
технопарк 2,525729 0,000172
течение 0,314711 0,000128
течь 0,274437 0,000037
теша 3,506558 0,000238
тил 3,912023 0,000266
тип 0,072571 0,000020
типография 1,171183 0,000318
титул 1,832581 0,000249
тихон 3,506558 0,000477
ткань 2,207275 0,000300
тнт 1,714798 0,000233
товар 0,916291 0,000436
товарищество 1,966113 0,000134
товарный -0,009950 -0,000001
товарооборот 2,302585 0,000156
тольятти 1,514128 0,000103
томск 1,108663 0,000075
тонкинский 3,912023 0,000266
тонна 1,108663 0,000151
тоннель 2,302585 0,000156
тоншаевский 3,912023 0,000266
топ 1,347074 0,000092
топоним 1,078810 0,000073
топонимический 0,776529 0,000053
топонимия 2,120264 0,000144
торг 2,659260 0,000723
торговать 2,525729 0,000172
торговец 3,218876 0,000219
торговля 0,579818 0,000355
торгово-офисными 3,912023 0,000266
торгово-офисных 3,912023 0,000266
торговый 0,597837 0,000569
торжественно 1,660731 0,000113
торжище 3,506558 0,000238
торпедо 2,995732 0,000611
торпедо-горький 3,912023 0,000266
точечный 2,525729 0,000172
точка 0,478036 0,000032
точный 1,347074 0,000092
травматология 3,506558 0,000238
традиция 0,891598 0,000061
трактир 3,912023 0,000266
трамвай 0,891598 0,000485
трамплин 2,407946 0,000164
транзитный 1,237874 0,000084
трансгаз 2,995732 0,000204
транспорт 0,616186 0,000879
транспортный 0,616186 0,000461
транссиб 2,040221 0,000139
транссибирский 1,714798 0,000233
трансформироваться 2,659260 0,000181
трасс 0,941609 0,000128
требовать 0,562119 0,000038
третий 0,616186 0,000167
треть 1,237874 0,000084
трехэтажный 3,218876 0,000219
три 0,248461 0,000068
тридцатка 3,506558 0,000238
тридцать 2,207275 0,000150
троице-сергиевой 3,912023 0,000266
троллейбус 0,867501 0,000177
труба 2,207275 0,000150
труд 0,597837 0,000203
трудовой 0,967584 0,000658
трудолюбие 3,218876 0,000219
трудоспособный 1,714798 0,000233
трулов 3,912023 0,000266
труппа 2,207275 0,000150
трц 1,660731 0,000113
туман 1,832581 0,000125
тумботино 3,506558 0,000238
туризм 1,078810 0,000220
турист 1,309333 0,000267
туристический 1,021651 0,000069
турнир 1,771957 0,000120
тутаев 2,040221 0,000139
тыл 1,771957 0,000120
тыс 0,430783 0,000527
тысяча 0,371064 0,000353
тэц 1,272966 0,000260
тюмень 1,171183 0,000080
тяжелый 1,108663 0,000075
убежище 2,813411 0,000191
убыль 2,407946 0,000164
убыточный 3,218876 0,000219
увеличение 0,733969 0,000150
увеличить 1,309333 0,000089
увеличиться 0,843970 0,000115
увидеть 1,560648 0,000106
углич 2,040221 0,000139
угр 3,218876 0,000219
удаление 1,966113 0,000267
удача 2,813411 0,000191
удел 3,506558 0,000238
уделяться 2,525729 0,000172
удивительно 3,912023 0,000266
удмуртский 2,813411 0,000191
удовольствие 3,218876 0,000219
удостоить 1,514128 0,000103
уезд 1,272966 0,000173
уездный 1,469676 0,000300
узбекистан 2,302585 0,000156
узел 0,527633 0,000108
узкий 1,171183 0,000159
узнавать 2,813411 0,000191
узнать 1,771957 0,000120
указ 0,733969 0,000399
указание -0,009950 -0,000001
указатель 1,966113 0,000134
указать 0,083382 0,000028
украина 0,527633 0,000179
украинец 0,867501 0,000059
укрепление 1,272966 0,000173
улан-удэ 1,237874 0,000084
улица 0,776529 0,001003
уличный 1,714798 0,000932
улучшить 1,049822 0,000071
ульянов 2,207275 0,000150
ульяновск 1,078810 0,000220
ульяновский 1,966113 0,000134
уменьшение 1,469676 0,000100
уменьшить 2,407946 0,000164
умеренно 1,021651 0,000069
умерить 1,049822 0,000071
универсальный 0,544727 0,000037
университет 0,328504 0,000446
уникальный 0,776529 0,000053
уничтожение 1,660731 0,000113
упоминание 0,967584 0,000066
упоминаться 1,203973 0,000082
упомянуть 1,714798 0,000233
употребляться 1,832581 0,000125
управление 0,248461 0,000068
управлять 0,967584 0,000066
упразднить 1,237874 0,000336
уралом 1,609438 0,000109
уральск 2,302585 0,000156
уренский 3,912023 0,000266
урень 3,912023 0,000266
уровень 0,150823 0,000061
уроженец 1,660731 0,000113
усадьба 1,832581 0,000125
уси 3,912023 0,000532
условие -0,009950 -0,000003
услуга 0,755023 0,000103
усмотреть 3,912023 0,000266
успение 2,207275 0,000600
успенский 1,237874 0,000252
успех 1,021651 0,000069
успешно 1,771957 0,000120
успешный 1,309333 0,000089
устав 0,843970 0,000057
устанавливаться 1,609438 0,000219
установить 0,328504 0,000089
установка 1,272966 0,000173
установление 1,021651 0,000069
устареть 0,941609 0,000064
устойчивый 1,427116 0,000097
устроить 1,609438 0,000109
устройство 0,527633 0,000108
уступать 1,609438 0,000109
устье 0,634878 0,000216
утвердить 0,755023 0,000257
утверждение 0,400478 0,000109
утечино 3,912023 0,000266
утечину 3,912023 0,000266
утомить 3,218876 0,000219
утро 1,771957 0,000241
уфа 0,967584 0,000132
участвовать 1,021651 0,000139
участие -0,009950 -0,000003
участник 0,510826 0,000035
участок 0,616186 0,000167
учебник 1,609438 0,000109
учебный 0,673345 0,000320
ученический 3,506558 0,000238
учет 0,597837 0,000203
учетный -0,009950 -0,000001
училище 0,967584 0,001052
учитель 1,427116 0,000097
учительская 3,218876 0,000219
учитываться 2,659260 0,000181
учиться 1,272966 0,000433
учредить 1,108663 0,000151
учреждение 0,653926 0,000711
учхоз 3,912023 0,000798
фабрика 1,021651 0,000139
факт 0,634878 0,000216
фактически 0,916291 0,000062
фактический 1,660731 0,000113
фактор 0,994252 0,000068
факультет 1,514128 0,000206
фарватер 3,218876 0,000219
фасад 1,897120 0,000129
фгу 2,525729 0,000172
фгуп 1,771957 0,000120
февр 0,820981 0,000056
февраль 0,051293 0,000119
федеральный 0,462035 0,000816
федеративный 1,897120 0,000129
федерация 0,510826 0,001597
федоров 2,302585 0,000156
федоровны 3,218876 0,000219
федоровского 3,912023 0,000532
федяково 3,912023 0,000266
фельзер 3,912023 0,000266
феномен 2,407946 0,000164
феодальный 2,525729 0,000172
фестиваль 1,021651 0,000278
физик 1,309333 0,000267
физико-географический 0,693147 0,000094
физкультурно-оздоровительных 3,506558 0,000238
филадельфия 3,218876 0,000437
филиал 0,755023 0,000205
филиалов-музеев 3,912023 0,000266
фильм 1,049822 0,001070
финансово-экономическое 3,506558 0,000238
финансовый 0,733969 0,000100
финансы 0,733969 0,000050
финляндия 1,832581 0,000249
финно-угорский 2,302585 0,000156
фирм-участников 3,912023 0,000266
флаг 0,597837 0,000244
флигель 2,813411 0,000191
флор 1,021651 0,000069
флот 1,347074 0,000275
фнпц 3,912023 0,000266
фома 2,659260 0,000181
фонд -0,009950 -0,000003
форма 0,287682 0,000020
формирование 0,597837 0,000163
фортуна 3,912023 0,000266
форум 1,203973 0,000082
форус 3,912023 0,000266
фото 1,203973 0,000245
фотография 1,108663 0,000151
фофановым 3,912023 0,000266
франций 1,139434 0,000077
фрахт 3,912023 0,000266
фроловское 3,912023 0,000266
фронт 1,078810 0,000220
фрукт 2,995732 0,000204
фсб 2,407946 0,000164
фсгс 3,506558 0,000477
фуникулер 2,813411 0,000574
функционирование 1,714798 0,000117
функционировать 0,798508 0,000054
функция 0,693147 0,000094
футбол 1,139434 0,000232
футбольный 0,941609 0,000192
футзал 3,218876 0,000219
хабенского 3,912023 0,000266
халезова 3,912023 0,000532
ханты-мансийск 1,347074 0,000092
характеристика 0,415515 0,000085
характерный 0,693147 0,000047
харитонов 3,912023 0,000266
харьков 2,120264 0,000144
хвалынск 2,120264 0,000144
химический 0,867501 0,000059
химия 1,514128 0,000103
хирургический 2,995732 0,000204
хит 2,407946 0,000164
хлеб 1,832581 0,000125
хлебная 2,302585 0,000156
хлопок 3,506558 0,000238
хлорировать 3,912023 0,000266
хлорорганический 3,912023 0,000266
ход 0,510826 0,000174
ходатайство 2,407946 0,000164
хожение 3,218876 0,000437
хозяйство 0,579818 0,000118
хозяйствовать 2,659260 0,000361
хоккей 1,171183 0,000159
хоккейный 1,108663 0,000151
холм 1,386294 0,000094
холодная 1,139434 0,000077
хореографический 2,659260 0,000181
хороший 1,660731 0,000339
хотя 0,653926 0,000089
храм 0,733969 0,000499
храмцовский 3,912023 0,000266
христиан-баптистов 1,771957 0,000120
христианство 1,660731 0,000113
хронологический 2,659260 0,000181
худеть 3,912023 0,000532
художественно-промышленная 3,506558 0,000477
художественный 0,653926 0,000267
худой 3,218876 0,000219
хулиганить 3,912023 0,000266
хутор 2,207275 0,000600
хэфэй 3,218876 0,000875
царство 1,237874 0,000252
царь 1,078810 0,000073
целое 0,634878 0,000086
целый 1,108663 0,000151
цель 0,371064 0,000101
цена 1,237874 0,000336
ценный 1,714798 0,000117
центр 0,287682 0,001290
центральный 0,400478 0,000245
цепь 2,040221 0,000277
церковный 1,771957 0,000241
церковь 0,673345 0,001647
цзинань 3,912023 0,000532
цзянсу 3,912023 0,000266
цирк 1,078810 0,000147
цифровой 0,562119 0,000076
чаек 1,660731 0,000226
чай 2,995732 0,000204
час 0,867501 0,000177
часовой 0,713350 0,000242
частично 0,653926 0,000133
частность 0,462035 0,000031
частный 0,634878 0,000086
часто 0,415515 0,000113
частый 1,309333 0,000089
часть 0,061875 0,000189
чаща 1,108663 0,000151
чебоксары 1,171183 0,000239
чекалин 3,218876 0,000219
чеканить 2,659260 0,000181
чекист 2,995732 0,000204
чело 0,713350 0,000194
человек 0,186330 0,000279
челябинск 0,994252 0,000135
чемпионат 0,994252 0,000135
чемпионка 2,995732 0,000204
червленый 1,897120 0,000129
черед 2,813411 0,000191
черемисский 3,912023 0,001063
чернобыль 3,912023 0,000266
чернова 2,995732 0,000204
чернуха 3,912023 0,000266
черный 0,843970 0,000115
чернышиха 3,912023 0,000266
чертков 3,506558 0,000238
честь 0,562119 0,000229
четверо 3,218876 0,000219
четвертый 0,994252 0,000270
четыре 0,597837 0,000163
чехии 2,407946 0,000164
чехия 2,525729 0,000343
чиновник 1,771957 0,000120
численность 0,616186 0,002512
число 0,186330 0,000279
чистая 1,427116 0,000097
чистота 2,302585 0,000156
чита 1,203973 0,000082
читатьправитьправить 0,494296 0,000034
чкалова 2,525729 0,000172
чкаловск 2,040221 0,000277
чкаловская 3,506558 0,001430
чкаловской 3,506558 0,000238
чкалову 3,506558 0,000238
член 0,755023 0,000051
чтение 1,714798 0,000117
чувашский 2,659260 0,000181
чугун 2,659260 0,000181
чугунный 2,659260 0,000181
чудесное 3,506558 0,000238
чуев 3,912023 0,000266
чулочно-трикотажными 3,912023 0,000266
шаблон 0,462035 0,000031
шава 3,912023 0,000266
шалабаев 3,912023 0,000798
шалабаева 3,912023 0,000266
шансон 2,302585 0,000156
шаньдун 3,506558 0,000238
шарангский 3,912023 0,000266
шатковский 3,912023 0,000266
шатровый 2,659260 0,000181
шаховского 3,912023 0,000266
шахунья 3,912023 0,000266
швейная 2,120264 0,000144
швейцария 2,302585 0,000469
шедевр 2,407946 0,000164
шелк 2,995732 0,000204
шелокша 3,912023 0,000532
шерсть 2,995732 0,000204
шестой 1,660731 0,000113
шесть 1,021651 0,000278
шефский 3,912023 0,000266
шилово 3,218876 0,000219
шиморское 3,506558 0,000238
ширдина 3,912023 0,000266
широкий 0,494296 0,000067
шквальный 3,912023 0,000266
школа 0,478036 0,000292
шкурихина 3,912023 0,000266
шмойлово 3,912023 0,000266
шоколад 2,995732 0,000204
шоссе 1,427116 0,000097
шпальный 3,912023 0,000266
шрифт 1,897120 0,000129
штаб-квартира 1,832581 0,000125
штат 1,560648 0,000106
шумилкин 3,912023 0,000266
шумозащитный 3,912023 0,000266
щедрый 3,912023 0,000266
щелокова 3,912023 0,000266
щелоковский 3,912023 0,000798
щелоковском 3,912023 0,000266
щербинка 3,218876 0,000219
эвакуация 1,832581 0,000249
эвакуировать 1,272966 0,000346
экз 0,415515 0,000141
экологический 0,693147 0,000236
экология 0,562119 0,000038
экономика 0,400478 0,000218
экономический 0,478036 0,000227
экран 1,771957 0,000120
эксплуатация 0,776529 0,000053
эксплуатироваться 2,207275 0,000150
экспорт -0,009950 -0,000001
элеватор 2,995732 0,000611
электрический 1,309333 0,000178
электричество 2,207275 0,000150
электричка 1,832581 0,000498
электробус 2,207275 0,000900
электроника 2,120264 0,000144
электронный 0,478036 0,000065
электропила 3,912023 0,000266
электропоезд 1,609438 0,000109
элита 2,813411 0,000574
эллино-греческая 3,912023 0,000266
эллино-греческой 3,912023 0,000266
эльтонки 3,912023 0,000266
эмблема 2,407946 0,000164
энгельс 1,560648 0,000106
энергообеспечение 3,912023 0,000266
энциклопедический 0,733969 0,000100
энциклопедия -0,009950 -0,000008
эпизод 2,407946 0,000164
эпизодически 3,912023 0,000266
эпоха 0,713350 0,000048
эрзянин 3,912023 0,000532
эсбевикипедия 2,995732 0,000204
эссен 3,506558 0,000477
эстакада 2,525729 0,000172
этап 0,634878 0,000216
этимология 0,616186 0,000126
этна 3,912023 0,000798
эфир 1,427116 0,000097
эффект 1,966113 0,000267
эхо 2,407946 0,000164
юбилейный 0,798508 0,000109
юг 0,693147 0,000236
юго-восток 1,171183 0,000159
юго-запад 1,309333 0,000178
юго-западный 1,049822 0,000071
южноморавский 3,912023 0,000266
южный 0,385662 0,000079
юлова 3,912023 0,000266
юмор 1,966113 0,000134
юношеский 1,560648 0,000106
юный 1,309333 0,000089
юнь 3,912023 0,000266
юпитер 2,813411 0,000191
юрием 2,302585 0,000313
юрий 1,203973 0,000327
юрино 2,120264 0,000144
юрия 1,660731 0,000226
юрьевец 2,120264 0,000288
явление 1,021651 0,000069
являться 0,040822 0,000092
ядрин 3,912023 0,000266
язык -0,009950 -0,000003
якобы 2,995732 0,000204
якову 3,218876 0,000219
якорь 2,525729 0,000172
якутск 1,203973 0,000082
янв 0,820981 0,000056
январь 0,105361 0,000430
яндекс 1,714798 0,000117
ярилина 3,912023 0,000266
яркий 1,771957 0,000120
ярмарка 1,660731 0,004176
ярмарочный 3,506558 0,001430
ярославлем 2,995732 0,000204
ярославль 1,078810 0,000147
ясный 1,347074 0,000092
яхт-клуб 2,659260 0,000361
