абеляр 3,912023 0,000429
аберрацией 3,912023 0,000429
абсолюта 3,912023 0,000429
абсолютного 3,218876 0,001058
абсолютное 2,813411 0,000308
абсолютной 2,995732 0,000328
абсолютный 0,798508 0,000087
абстрактный 3,218876 0,000353
абсурдности 3,912023 0,000429
абсурдность 3,912023 0,000429
авар 3,912023 0,000429
августа 0,072571 0,000024
августин 3,218876 0,000705
авиценна 3,912023 0,000429
авторами 2,525729 0,000277
авторитет 3,506558 0,001921
авторитета 3,506558 0,000384
авторитете 3,912023 0,000429
авторитетом 3,912023 0,000857
авторства -0,009950 -0,000001
адаптировать 3,912023 0,000857
адептов 3,912023 0,000429
аджита 3,912023 0,000429
аза 3,912023 0,000429
академии 0,693147 0,000152
академический 1,171183 0,000257
аквинский 3,912023 0,001286
аквинского 3,912023 0,000429
акмеология 3,912023 0,000429
аксаков 2,813411 0,000308
аксиологию 3,912023 0,000857
аксиология 3,912023 0,001286
аксиоматизацию 3,912023 0,000429
активности 1,560648 0,000171
активных 2,207275 0,000242
актов 1,897120 0,000208
актуален 3,912023 0,000429
актуальность 2,659260 0,000291
акцент 2,659260 0,000291
алан 2,525729 0,000277
алг 3,912023 0,000429
александр 0,693147 0,000076
алексеев 2,207275 0,001934
аллаха 3,912023 0,000429
алмейды 3,912023 0,000429
алфавитувикипедия 0,776529 0,000085
аль-кинди 3,912023 0,000857
альманах 2,040221 0,000223
альтернативному 3,912023 0,000429
альфа 3,506558 0,000384
альфред 2,813411 0,000925
американский 1,897120 0,000208
американской 2,207275 0,000242
америки 1,966113 0,000215
анализ 1,237874 0,000814
анализа 1,897120 0,001455
анализирует 3,912023 0,000857
анализом 3,506558 0,000384
анализу 2,995732 0,000328
аналитическая 2,525729 0,003873
аналитический 2,525729 0,000277
аналитической 2,813411 0,008629
аналитическую 3,912023 0,002143
аналогии 2,407946 0,000264
аналогично 2,407946 0,000528
аналогичные 2,813411 0,000308
аналогичными 3,506558 0,000384
аналогичных 2,659260 0,000291
анархизм 3,912023 0,003000
анархизма 3,912023 0,001714
анархизму 3,912023 0,000429
анархисты 3,506558 0,000384
анвикшики 3,912023 0,000429
англ 0,174353 0,000401
англией 3,912023 0,000429
англии 2,407946 0,000264
английские 3,506558 0,000384
английского 2,659260 0,000291
английской 3,506558 0,000384
англия 2,995732 0,000328
англоязычная 3,912023 0,000429
англоязычных 3,506558 0,000384
андрей 0,967584 0,000106
анри 2,659260 0,000291
антиковеды 3,912023 0,000429
античная 2,995732 0,000656
античной 3,912023 0,002571
античности 2,525729 0,000830
античность 3,218876 0,000353
античную 3,912023 0,000429
античные 2,813411 0,000308
античным 3,912023 0,000857
античных 2,659260 0,000583
антропологии 3,218876 0,000353
антропологических 3,912023 0,000429
антропология 2,995732 0,000984
антропоморфности 3,912023 0,000429
антропоцентризм 3,912023 0,000429
антропоцентричность 3,912023 0,000429
апологеты 3,912023 0,000429
апорий 3,912023 0,000429
аппарат 2,302585 0,000504
аппарата 2,040221 0,000223
аппарату 3,506558 0,000384
апреля 0,174353 0,000076
априорной 3,912023 0,000429
арабо-исламская 3,912023 0,000429
арабо-мусульманской 3,912023 0,000429
арабских 2,302585 0,000252
арабского 2,407946 0,000264
аргументации 3,912023 0,000429
аргументированный 3,912023 0,000429
аргументы 1,203973 0,000264
аристотелевским 3,912023 0,000429
аристотелем 3,506558 0,000768
аристотелизм 3,912023 0,000429
аристотелизма 3,912023 0,002143
аристотелизмом 3,912023 0,000429
аристотель 2,525729 0,003597
аристотелю 3,912023 0,000429
аристотеля 2,995732 0,005907
армстронг 3,912023 0,000429
артура 3,912023 0,000429
архив 0,462035 0,000051
архивировано 0,020203 0,000009
архивная 0,400478 0,000175
архитектуры 0,755023 0,000083
асмус 3,912023 0,000857
аспектами 3,506558 0,000384
аспектах 3,218876 0,000353
аспекте 3,218876 0,000353
аспектов 2,813411 0,000308
аспектом 3,912023 0,000429
аспекты 2,120264 0,000232
астероид 1,966113 0,000215
астрономами 3,912023 0,000429
астрономии 2,302585 0,000252
астрономию 3,506558 0,000384
атеистом 3,912023 0,000429
атомизм 3,912023 0,000429
атомизма 3,912023 0,000429
атомистов-досократиков 3,912023 0,000429
атомы 3,912023 0,000429
атрибутом 3,218876 0,000353
афинская 3,912023 0,000429
афоризмов 3,912023 0,000429
базовым 2,813411 0,000308
базовых 2,659260 0,000291
байрон 3,912023 0,000429
бакунин 3,506558 0,001152
бакунина 3,912023 0,000429
баллам 3,912023 0,000429
банглапедия 3,506558 0,000384
барьеров 2,995732 0,000328
баш 3,506558 0,000384
безнравственным 3,912023 0,000429
беккета 3,912023 0,000429
беларуская 0,000000 0,000000
белинский 3,506558 0,000384
бен 3,218876 0,000353
бентам 3,912023 0,000429
берет 1,966113 0,000431
беркли 3,506558 0,000768
бертран 3,218876 0,000705
бесплодных 3,912023 0,000429
беспочвенно 3,912023 0,000429
бессмертия 3,912023 0,000429
бессмысленно 3,912023 0,000429
библии 3,506558 0,001152
библиографических 0,094311 0,000010
библиотека 0,462035 0,000202
библию 3,912023 0,000429
библия 2,813411 0,000308
бизнес-школ 3,912023 0,000429
биологии 2,207275 0,000484
биологический 3,506558 0,000384
биологических 2,659260 0,000583
биологию 3,912023 0,000429
биологов 3,218876 0,000353
биотехногенный 3,912023 0,000429
благодаря 0,527633 0,000058
благоприятное 3,218876 0,000353
блаженный 3,506558 0,000768
ближнего 2,525729 0,000553
ближнем 3,218876 0,001763
близкие 3,218876 0,000353
близких 2,525729 0,000277
близко 2,525729 0,000277
близком 3,912023 0,000429
бог 2,525729 0,000830
бога 2,659260 0,001748
богатство 2,407946 0,000264
богом 3,506558 0,000384
богословие 3,912023 0,000857
богословия 3,912023 0,000429
божественное 3,912023 0,000429
большая 0,072571 0,000056
большее 3,506558 0,000384
большей 1,078810 0,000118
большинстве 1,386294 0,000304
большинство 0,597837 0,000131
больших 1,272966 0,000139
большое 0,544727 0,000179
большой 0,328504 0,000072
большому 2,407946 0,000528
борьбы 1,386294 0,000456
борющимися 3,912023 0,000429
боткин 3,912023 0,000429
брались 3,506558 0,000384
брентано 3,912023 0,000429
брикмон 3,912023 0,000429
британских 3,912023 0,000429
брокгауза 0,328504 0,000072
бруно 3,506558 0,000384
будда 3,912023 0,000429
буддизм 2,525729 0,000277
буддизма 3,506558 0,004225
буддизмом 3,912023 0,000429
буддийская 2,995732 0,000656
буддийский 2,659260 0,000291
буддийских 3,218876 0,000353
буддийской 3,506558 0,000384
будды 3,912023 0,000857
будут 1,203973 0,000132
будучи 1,714798 0,000376
буля 3,912023 0,000429
буржуазию 3,912023 0,000429
буржуазной 3,912023 0,000429
бурова 3,912023 0,000857
буряад 0,000000 0,000000
български 0,000000 0,000000
быстрее 2,040221 0,000223
быстро 1,139434 0,000499
бытие 3,506558 0,000384
бытием 3,912023 0,000857
бытии 3,912023 0,000857
бытия 2,995732 0,002625
бытовало 3,506558 0,000384
бэкон 3,506558 0,000384
в-третьих 0,000000 0,000000
в-четвертых 0,000000 0,000000
важнейшее 2,813411 0,000308
важнейшей 3,218876 0,000353
важнейших 1,832581 0,000201
важного 3,218876 0,000353
важность 2,995732 0,000328
важный 1,514128 0,000166
важным 1,386294 0,000456
вайшешика 3,912023 0,000429
варианте 2,407946 0,000264
вариантов 1,771957 0,000194
вариантом 2,995732 0,000328
василенко 3,218876 0,000353
ватикана 3,506558 0,000384
ватиканский 3,912023 0,000429
вашла 0,000000 0,000000
введение 1,609438 0,000529
ввел 2,525729 0,000830
ввела 3,506558 0,000384
вводная 3,506558 0,000768
вдохновленный 3,506558 0,000384
вед 3,912023 0,000857
ведам 3,912023 0,000429
веданта 3,912023 0,000429
ведется 0,994252 0,000109
веды 3,506558 0,000768
везде 2,813411 0,000308
век 0,733969 0,000322
века 0,248461 0,000817
веке 0,597837 0,000458
веков 0,713350 0,000313
веком 2,995732 0,000656
веку 2,659260 0,001165
великой 0,653926 0,000072
венского 3,506558 0,000384
вереницу 3,912023 0,000429
верили 3,506558 0,000384
верификации 2,813411 0,000616
верификационизм 3,912023 0,000857
верификационизмом 3,912023 0,000429
вернадский 3,218876 0,000353
вернадского 3,218876 0,000353
вернуться 2,525729 0,000553
верным 3,912023 0,000429
вероятно 1,609438 0,000353
версия -0,009950 -0,000003
верующими 3,506558 0,000384
верят 3,218876 0,000353
вес 1,966113 0,000215
весь 0,755023 0,000165
ветви 1,897120 0,000208
вечные 3,506558 0,000384
вечных 3,218876 0,000705
вещах 3,912023 0,000429
вещей 2,207275 0,000484
вещи 2,407946 0,000528
взаимная 3,912023 0,000429
взаимоотношения 3,218876 0,000353
взаимосвязи 3,218876 0,001058
взаимосвязь 2,659260 0,000583
взглядов 2,995732 0,000984
взгляды 3,912023 0,000429
взимосвязи 3,912023 0,000429
взойдет 3,912023 0,000429
вид 0,494296 0,000108
вида 1,386294 0,000304
виде 0,235722 0,000103
видел 2,813411 0,000616
видели 3,506558 0,000384
видеть 2,995732 0,000328
визгин 3,912023 0,000857
викиданных -0,009950 -0,000001
викимедиа -0,009950 -0,000001
википедии -0,009950 -0,000002
википедия -0,009950 -0,000005
викисклад 1,897120 0,000208
викискладвикиновостивикицитатниквикиверситетэлемент 3,912023 0,000429
викискладе 0,174353 0,000038
викисловарецитаты 1,108663 0,000121
викисловарьвикипедия 1,309333 0,000143
викицитатник 1,272966 0,000139
викицитатникемедиафайлы 1,469676 0,000161
виноват 3,912023 0,000429
винчи 3,912023 0,000429
витгенштейн 3,912023 0,000429
витгенштейна 3,912023 0,000429
вклад 1,108663 0,000850
вкладом 3,912023 0,001286
включает 0,462035 0,000152
включали 3,912023 0,000429
включают 1,609438 0,000529
включающая 1,966113 0,000215
включающие 2,995732 0,000328
включающий 1,771957 0,000194
включающую 2,995732 0,000328
включая 0,527633 0,000462
включение 2,207275 0,000242
властей 1,714798 0,000188
власти 0,634878 0,000417
влияние 0,776529 0,000680
влиянием 1,897120 0,000831
влияния 1,609438 0,000176
влиятельной 3,218876 0,000353
влиятельных 3,218876 0,000705
вместе 0,510826 0,000392
вместо 0,798508 0,000087
внес 2,040221 0,000223
внесения 2,659260 0,000291
внесли 2,120264 0,000465
внешние 0,051293 0,000006
внимание 1,347074 0,000738
вновь 0,755023 0,000083
внутренней 2,040221 0,000447
внутренних 1,237874 0,000136
внутри 0,000000 0,000000
во-вторых 2,659260 0,000583
во-первых 2,659260 0,000583
возврат 2,407946 0,000264
возвращается 2,659260 0,000291
возвращалась 3,912023 0,000429
возвращаются 3,218876 0,000353
возвышенном 3,218876 0,000353
возможно 0,867501 0,000190
возможного 2,659260 0,000291
возможностей 2,040221 0,000223
возможности 0,891598 0,000098
возможность 0,616186 0,000202
возможны 2,207275 0,000484
возможным 2,207275 0,000484
возможных 2,040221 0,000223
возник 1,469676 0,000161
возникла 2,040221 0,000447
возникли 1,714798 0,000188
возникло 2,040221 0,000223
возникновение 1,897120 0,000208
возникновении 2,813411 0,000308
возникновению 2,525729 0,000277
возникновения 1,469676 0,000322
возникшие 3,218876 0,000353
возникший 2,813411 0,000308
возникших 2,995732 0,000328
возобладала 3,912023 0,000429
возобновляется 3,218876 0,000353
возражал 3,912023 0,001286
возражали 3,912023 0,000429
возражения 2,995732 0,000328
возрождения 1,966113 0,002584
войны 0,478036 0,000105
вокруг 0,693147 0,000228
воли 2,525729 0,000553
волне 2,995732 0,000328
волшебные 0,040822 0,000004
вольтер 3,912023 0,000857
вообще 1,560648 0,000171
вопрос 0,967584 0,000636
вопроса 2,302585 0,000252
вопросам 1,966113 0,000861
вопросами 3,218876 0,001058
вопросах 2,813411 0,001233
вопросов 1,560648 0,001368
вопросом 2,813411 0,000616
вопросу 1,386294 0,000152
вопросы 1,049822 0,003680
воспринимает 3,506558 0,000384
восприятием 3,912023 0,000429
востока 1,078810 0,000591
востоке 1,108663 0,000972
восточная 1,309333 0,000143
восточной 0,693147 0,000304
восходит 2,040221 0,000223
восходящие 3,218876 0,000353
вошла 1,609438 0,000176
впервые 0,385662 0,000042
вписана 3,912023 0,000429
вплоть 1,108663 0,000364
впоследствии 0,653926 0,000501
враги 3,506558 0,000384
враждебных 2,995732 0,000328
вращается 3,506558 0,000384
вращалась 3,912023 0,000429
времен 0,941609 0,000516
времена 1,108663 0,000121
временем 0,616186 0,000067
времени 0,186330 0,000225
временно 1,309333 0,000143
временной 2,659260 0,000291
временном 3,506558 0,000384
временный 2,659260 0,000291
время 0,030459 0,000067
всей 0,693147 0,000531
всем 0,891598 0,000098
всеми 1,386294 0,000152
всемирного 1,966113 0,000215
всемогущим 3,912023 0,000857
всеобщих 2,995732 0,000328
вслед 2,207275 0,000484
вследствие 1,203973 0,000132
вспоминает 3,912023 0,000429
встреч 2,995732 0,000328
встречает 3,912023 0,000429
встречается 1,203973 0,000132
вступительных 3,506558 0,000384
вся 0,994252 0,000109
вторая 0,994252 0,000109
вторжение 2,995732 0,000328
второго 1,139434 0,000250
второе 1,272966 0,000139
второй 0,274437 0,000120
втором 1,660731 0,000546
второму 2,813411 0,000308
вузов 0,891598 0,000098
входили 2,120264 0,000232
выбирать 2,995732 0,000328
выбранному 3,912023 0,000429
вывод 2,407946 0,000264
выводили 2,995732 0,000328
выводы 2,659260 0,000291
выгодному 3,218876 0,000353
выдвинул 2,995732 0,000656
выдвинутая 3,506558 0,000384
выдвинутых 3,506558 0,000384
выделен 2,040221 0,000223
выделение 2,813411 0,000616
выделению 3,506558 0,000384
выделилась 3,506558 0,000384
выделилось 3,506558 0,000384
выделить 1,386294 0,000304
выделяет 2,995732 0,001313
выделялся 3,506558 0,000384
выделяются 1,386294 0,000759
выделяя 3,912023 0,000429
выжить 3,912023 0,000429
вынесение 3,218876 0,000353
вынуждена 2,813411 0,000308
вынужденного 3,912023 0,000429
выпадают 2,659260 0,000291
выполняется 2,207275 0,000242
выполняли 2,995732 0,000328
выполняя 3,912023 0,000429
выпускников 2,813411 0,000308
выработку 2,813411 0,000308
выражаемой 3,912023 0,000429
выражает 3,912023 0,000857
выражается 3,506558 0,000384
выражали 3,218876 0,000353
выражена 3,218876 0,000353
выражение 2,407946 0,000264
выражением 3,506558 0,000384
выраженному 3,912023 0,000429
выраженную 3,912023 0,000429
выраженный 2,813411 0,000616
высказанному 3,912023 0,000429
высказываний 2,995732 0,000328
высокий 1,347074 0,000148
высокими 1,966113 0,000215
высоких 1,237874 0,000407
высокого 1,514128 0,000166
высокоспециализированную 3,912023 0,000429
выстраивается 3,506558 0,000384
выстроенной 3,912023 0,000429
выступали 1,966113 0,000215
выступая 2,995732 0,000328
высшая 1,386294 0,000607
высшее 1,021651 0,000112
высших 1,078810 0,000118
выхода 1,771957 0,000194
выше 0,616186 0,000067
вышеописанной 3,912023 0,000429
выявить 3,218876 0,000353
выявление 3,506558 0,000768
выявления 2,995732 0,000656
вьетнам 2,813411 0,000308
гадамер 3,506558 0,000768
гадамеру 3,912023 0,000429
галилей 3,506558 0,000384
галилео 3,218876 0,000353
гандхара 3,912023 0,000429
гармонии 3,506558 0,001152
гвардия 2,525729 0,000277
где-то 3,218876 0,000353
гегелевской 3,912023 0,000429
гегель 3,218876 0,001058
гегеля 3,506558 0,003457
гегемонии 3,912023 0,000429
геделя 3,218876 0,001058
географии 1,609438 0,000353
географически 2,813411 0,000308
географические 0,713350 0,000078
геометрии 2,813411 0,000308
герман 2,302585 0,000252
германией 2,302585 0,000252
германии 1,427116 0,000313
герменевтика 3,912023 0,002143
герменевтики 3,912023 0,001714
герменевтику 3,912023 0,000429
герменевтической 3,912023 0,000429
геродота 2,659260 0,000291
герцен 2,995732 0,000328
герцена 2,302585 0,000252
гибриды 3,912023 0,000429
гиренок 3,912023 0,000857
гитлер 3,218876 0,000353
глава 0,673345 0,000516
главная 1,078810 0,000118
главной 0,941609 0,000103
главный 0,916291 0,000100
главным 0,967584 0,000742
главных 1,078810 0,000118
главы 0,967584 0,000106
глагола 3,506558 0,000384
глобализации 3,218876 0,000705
глубинного 3,506558 0,000384
глубокие 2,995732 0,000328
глубоко 2,302585 0,000252
глубокое 2,659260 0,000291
гносеологией 3,912023 0,000429
гносеологической 3,912023 0,000857
гоббс 3,912023 0,000429
говоря 2,525729 0,000277
года -0,009950 -0,000008
годавикипедия 0,616186 0,000135
году 0,072571 0,000008
годы 0,356675 0,000195
голландией 3,912023 0,000429
гонения 3,912023 0,000429
гонениям 3,912023 0,000429
горфункель 3,912023 0,001286
государства 0,843970 0,000277
государстве 2,525729 0,000277
государственные 1,514128 0,000166
государственных 0,994252 0,000109
государство 1,347074 0,000590
государством 2,040221 0,000223
готлоб 3,912023 0,000429
гравюра 2,302585 0,001009
гражданин 1,309333 0,000143
грамотность 3,912023 0,000429
гранат 1,386294 0,000152
границы 0,867501 0,000190
грановский 3,912023 0,000429
греховности 3,912023 0,000429
греции 1,560648 0,000684
греч 1,427116 0,000469
греческая 3,218876 0,003879
греческими 3,506558 0,000384
греческих 3,506558 0,000768
греческой 2,659260 0,001165
греческую 3,912023 0,000429
григорий 1,832581 0,000201
грицанов 3,912023 0,000857
группа 0,693147 0,000076
группе 1,832581 0,000401
грязнов 3,218876 0,000705
губский 3,912023 0,000429
гуманизм 3,912023 0,000857
гуманистами 3,912023 0,000429
гуманисты 3,912023 0,001286
гуманитарного 2,659260 0,000291
гуманитарных 2,302585 0,000504
гуссерлем 3,912023 0,000429
гуссерль 3,912023 0,001286
гуссерля 3,912023 0,001714
дает 1,203973 0,000132
дал 1,714798 0,000188
дала 2,525729 0,000277
далее 0,693147 0,000076
дальнего 1,514128 0,000498
дальнейшая 2,995732 0,000328
дальнейшее 1,832581 0,000401
дальнейшем 1,309333 0,000143
дальнем 2,040221 0,000447
дальше 1,897120 0,000208
дамиани 3,912023 0,000429
данильян 3,912023 0,000429
данные 0,510826 0,000112
даны 3,506558 0,000384
даосизм 3,912023 0,000857
даосизма 3,912023 0,000857
даосизмом 3,912023 0,000429
даоцзы 3,912023 0,000429
дарша 0,000000 0,000000
даршаны 3,912023 0,000429
дата 0,030459 0,000010
датская 0,342490 0,000038
дать 2,407946 0,000264
две 0,527633 0,000173
движется 3,218876 0,000353
дворец 0,967584 0,000106
двум 2,207275 0,000242
двумя 1,021651 0,000112
двух 0,462035 0,000051
де-факто 2,302585 0,000504
девальвировало 3,912023 0,000429
девушка 3,506558 0,000384
дедуктивного 3,912023 0,000857
действие 1,897120 0,000208
действительно 2,302585 0,000504
действительности 2,407946 0,000528
действительными 3,912023 0,000429
действия 1,427116 0,000313
действовать -0,009950 -0,000001
декабря 0,105361 0,000012
декарт 3,506558 0,000768
декарта 3,506558 0,000384
декартом 3,912023 0,000429
декларирует 3,912023 0,000429
декларируют 3,912023 0,000429
деконструкции 3,912023 0,001286
деконструкция 3,912023 0,000429
дела 1,469676 0,000161
делает 1,771957 0,000388
делами 2,120264 0,000232
делать 1,832581 0,000201
делают 2,120264 0,000232
деле 1,660731 0,000182
делеза 3,912023 0,000429
деление 0,673345 0,000074
дело 1,078810 0,000118
деловой 1,560648 0,000171
демократии 2,995732 0,000328
демокрит 3,912023 0,000429
демокрита 3,912023 0,000429
демокритом 3,912023 0,000429
демона 3,912023 0,000429
демонстрирует 2,813411 0,000616
демонстрируя 3,506558 0,000384
деннет 3,912023 0,000429
день 0,562119 0,000185
денье 0,000000 0,000000
деррида 3,912023 0,001714
дефиниция 3,912023 0,000429
деятельности 0,446287 0,000244
деятельность 0,653926 0,000215
джайнизма 3,912023 0,000857
джайнская 3,912023 0,000429
джеймса 3,506558 0,000384
джон 2,302585 0,001513
джона 2,995732 0,000328
джоном 3,218876 0,000705
джордж 2,995732 0,000656
дзэн-буддизм 3,912023 0,000857
дзэн-буддизма 3,912023 0,000429
диалектика 2,207275 0,000484
диалектике 3,912023 0,000429
диалога 3,218876 0,000705
диалоге 3,506558 0,000384
диалогов 2,995732 0,000328
диктатуру 3,506558 0,000384
дильс 3,912023 0,000429
династии 2,207275 0,000725
дискурс 3,506558 0,000384
дискурсе 3,506558 0,000384
дискурсов 3,912023 0,000857
дискуссии 2,525729 0,000277
дисциплин 2,407946 0,000528
дисциплина 2,659260 0,000874
дисциплинам 2,813411 0,000308
дисциплинах 3,218876 0,000353
дисциплиной 3,506558 0,000384
дисциплину 3,218876 0,000705
дисциплины 2,659260 0,000874
днако 0,000000 0,000000
днейвикипедия 0,967584 0,000106
дни 1,237874 0,000136
дня 0,478036 0,000052
добавил 3,218876 0,000353
добавьте 2,813411 0,000308
добра 3,218876 0,000353
доброту 3,912023 0,000429
добыть 3,912023 0,000429
доверять 3,218876 0,000353
доводит 3,912023 0,000429
догмата 3,912023 0,000429
догматизацией 3,912023 0,000429
догматических 3,912023 0,000429
догматом 3,912023 0,000429
договора 2,207275 0,000242
договоре 3,912023 0,000429
доказательных 3,912023 0,000429
доказательства 2,207275 0,000484
доказательствами 3,912023 0,000429
доказательством 3,218876 0,000353
доказать 2,659260 0,000874
доктор 1,714798 0,000188
доктрине 3,506558 0,000384
доктрину 3,912023 0,000429
долгих 2,995732 0,000328
долго 2,525729 0,000277
должен 1,078810 0,000473
должна 0,544727 0,000239
должно 1,714798 0,000376
должны 1,021651 0,000112
дом 0,562119 0,000185
доминирование 3,218876 0,000353
доминированием 3,912023 0,000429
дональд 2,525729 0,000277
доп 0,597837 0,000065
дополненное 2,525729 0,000277
дополнительные -0,009950 -0,000001
дополнительный 2,995732 0,000328
дополняется 3,912023 0,000429
допускает 2,813411 0,000308
допустимых 2,659260 0,000291
дореволюционной 2,302585 0,000252
дорогу 1,609438 0,000353
дословно 2,659260 0,000291
досократиками 3,912023 0,000429
досократики 3,912023 0,001714
досократиков 3,912023 0,003000
достаточно 0,820981 0,000090
достиг 1,469676 0,000161
достигла 1,771957 0,000194
достижения 1,514128 0,000332
достижимо 3,912023 0,000857
достоверности 2,659260 0,000291
достоевского 2,525729 0,000277
доступен -0,009950 -0,000001
дошедших 3,218876 0,000353
древнего 1,832581 0,000401
древнегреческая 3,506558 0,001152
древнегреческих 2,813411 0,000616
древнегреческой 2,813411 0,000925
древнее 2,302585 0,000252
древнеиндийская 3,912023 0,003428
древнеиндийский 3,912023 0,000429
древнеиндийским 3,912023 0,000429
древнеиндийской 3,912023 0,001714
древней 1,560648 0,000513
древнейшей 2,813411 0,000308
древнейших 1,609438 0,000176
древнекитайская 3,912023 0,002571
древнекитайские 3,912023 0,000429
древние 1,560648 0,000171
древних 1,469676 0,000161
древности 1,469676 0,000161
друг 1,108663 0,000486
друга 1,560648 0,000171
другие 0,030459 0,000033
другим 0,733969 0,000080
другими 0,616186 0,000135
других -0,009950 -0,000004
другом 1,514128 0,000332
другу 2,659260 0,000291
дуализм 3,912023 0,000429
дуализма 3,912023 0,000857
думаю 3,912023 0,000429
дух 3,506558 0,000384
духа 2,302585 0,000252
души 3,218876 0,000705
дыл 0,000000 0,000000
дьюи 3,912023 0,000857
дэвид 2,407946 0,000264
дэвидсон 3,912023 0,000429
дэниел 3,506558 0,000384
еврейская 0,843970 0,000185
еврейский 1,832581 0,000201
еврейской 2,659260 0,000291
европа 0,941609 0,000103
европе 0,916291 0,001004
европейская 2,407946 0,000791
европейских 1,771957 0,000194
европейское 3,218876 0,000353
европейской 0,891598 0,000195
европейском 3,218876 0,000353
европейцами 3,912023 0,000429
европу 1,714798 0,000188
европы 0,673345 0,000516
египта 3,506558 0,000384
единственная 1,832581 0,000201
единственно 2,995732 0,000328
единственного 2,813411 0,000308
единый 1,469676 0,000161
естественного 2,207275 0,000242
естественной 2,525729 0,001383
естественные 1,897120 0,000623
естественным 2,120264 0,000232
естественных 1,771957 0,000776
ефрона 0,328504 0,000072
жака 3,912023 0,000857
жан 3,218876 0,000353
жан-жак 3,506558 0,000384
жан-поль 3,506558 0,000384
жана 3,506558 0,000384
животное 2,302585 0,000252
животные 1,714798 0,000188
жизненно-практическим 3,912023 0,000429
жизненного 3,506558 0,000384
жизненный 3,912023 0,000429
жизненным 3,912023 0,000429
жизни 0,562119 0,000554
жизниь 3,912023 0,000429
жизнь 0,693147 0,000076
жиля 3,912023 0,000429
жуниора 3,912023 0,000429
журнал 0,510826 0,000112
журнала 1,427116 0,000469
журнальный 3,912023 0,000429
забытым 3,506558 0,000384
заведомо 3,912023 0,000429
завершились 3,218876 0,000353
завесу 3,912023 0,000429
зависимости 0,798508 0,000087
зависит 1,560648 0,000171
завтра 2,207275 0,000242
заглавная -0,009950 -0,000001
заглядывающий 3,912023 0,000429
задавали 3,506558 0,000384
задавались 3,912023 0,000429
задается 3,218876 0,000353
задали 3,912023 0,000429
задача 1,660731 0,000182
задачам 3,912023 0,000429
задачей 2,407946 0,000264
задачи 1,469676 0,000322
заимствовано 2,525729 0,000277
зайцев 2,207275 0,000484
закате 3,218876 0,000353
закладывает 3,506558 0,000384
заключается 1,897120 0,000623
заключалась 2,995732 0,000328
заключался 3,912023 0,000429
заключены 2,813411 0,000308
законов 1,660731 0,000182
законодательных 3,506558 0,000384
законы 2,120264 0,000232
закрепленного 3,506558 0,000384
зал 1,021651 0,000112
заложила 3,506558 0,000384
заложили 2,995732 0,000328
заменены 2,525729 0,000277
замените 3,912023 0,000857
замену 2,813411 0,000308
заметнее 3,912023 0,000429
заметный 2,659260 0,000291
замечательных 3,506558 0,000384
занимавшийся 3,912023 0,000429
занимает 0,616186 0,000202
занимается 1,386294 0,000456
занимали 2,302585 0,000252
заниматься 2,302585 0,000252
занимаются 1,660731 0,000182
занятия 2,207275 0,000242
заостряет 3,912023 0,000429
западникам 3,912023 0,000429
западников 3,912023 0,000429
западного 1,560648 0,000171
западной 0,994252 0,000980
западную 2,040221 0,000447
запись 2,040221 0,000223
записьвойти -0,009950 -0,000001
заполненными 1,966113 0,000215
запросы 1,897120 0,000208
заре 3,218876 0,000705
зарегистрированный -0,009950 -0,000001
зародилась 2,995732 0,000328
зарождались 3,912023 0,000429
зарождение 2,525729 0,001383
зарождению 3,912023 0,000429
зарождения 2,525729 0,000553
заслуга 3,506558 0,000768
заслуги 1,966113 0,000215
засомневались 3,912023 0,000429
затем 0,527633 0,000173
затронута 3,912023 0,000429
захвата 2,659260 0,000291
зачастую 1,771957 0,000388
заявление -0,009950 -0,000001
збекча 0,000000 0,000000
земле 0,994252 0,000327
землю 1,771957 0,000194
земного 3,218876 0,000705
земной 2,120264 0,000232
земными 3,912023 0,000429
зенон 3,912023 0,000429
зенона 3,912023 0,000429
зеньковский 3,506558 0,002305
зильберман 3,912023 0,000857
зла 3,506558 0,000384
злого 3,218876 0,000353
знаем 3,218876 0,001058
знак -0,009950 -0,000002
знаки 2,120264 0,000465
знаков 2,120264 0,000232
знаменитая 2,207275 0,000242
знаменитой 2,659260 0,000583
знаменитые 2,302585 0,000252
знание 2,120264 0,000697
знаний 1,660731 0,001273
знания 1,832581 0,003011
значение 0,314711 0,000034
значении 1,714798 0,000188
значений 1,609438 0,000176
значения 0,105361 0,000012
значит 1,560648 0,000171
значительная 1,609438 0,000353
значительно 0,510826 0,000336
значительного 2,207275 0,000242
значительной 1,469676 0,000161
значительные 1,514128 0,000166
золотым 2,407946 0,000264
зона 0,891598 0,000098
зоологии 3,506558 0,000384
зрелых 3,506558 0,000384
зрения 1,272966 0,000976
ибн 2,659260 0,000291
играть 2,525729 0,000277
идеализм 3,912023 0,005999
идеализма 3,912023 0,001714
идеализмом 3,912023 0,000429
идеального 3,218876 0,000353
идеальное 3,912023 0,000429
идеальном 3,912023 0,000429
идеальному 3,912023 0,000429
идеальный 3,506558 0,001152
идеальным 3,506558 0,000384
идеальными 3,912023 0,000429
идеальных 3,218876 0,000353
идеи 1,714798 0,000564
идей 2,407946 0,002374
идеолог 3,912023 0,000429
идеологии 3,218876 0,000353
идеологию 3,506558 0,000768
идеологов 3,506558 0,000384
идею 2,407946 0,001055
идея 1,609438 0,000705
идеям 3,912023 0,000429
идеями 3,506558 0,000384
идут 1,832581 0,000201
иерархии 3,506558 0,000384
известен 1,203973 0,000396
известного 1,609438 0,000176
известной 1,966113 0,000215
известном 2,995732 0,000328
известные 0,891598 0,000195
известный 0,941609 0,000516
известным 1,832581 0,000201
известными 2,120264 0,000232
известных 1,171183 0,000898
изд 0,314711 0,000069
издание 0,776529 0,000340
издании 2,525729 0,000277
изданию 2,525729 0,000277
издания 1,049822 0,000115
издательство 0,510826 0,000056
излишнее 3,912023 0,000857
изложение 3,218876 0,001058
изложением 3,912023 0,000429
изложения 2,995732 0,000328
изложенных 3,218876 0,000353
изложил 3,218876 0,001410
изменения 0,562119 0,000062
изменившись 3,912023 0,000429
изменить 2,207275 0,000242
измерение 2,659260 0,000583
измерениям 3,912023 0,000429
изначально 1,309333 0,000143
изобретает 3,912023 0,000429
изолированными 3,506558 0,000384
изредка 2,525729 0,000553
изучает 2,120264 0,000929
изучала 3,506558 0,000384
изучать 2,659260 0,000291
изучаются 2,813411 0,000308
изучающая 2,813411 0,000308
изучающий 3,506558 0,000384
изучена 3,218876 0,000353
изучение 1,514128 0,001493
изучения 1,272966 0,000976
изъят 3,912023 0,000429
иллюстратора 3,912023 0,000429
ильенков 3,506558 0,000768
ильенкову 3,912023 0,000429
имеет 0,235722 0,000077
имели 1,386294 0,000152
именами 2,302585 0,001261
именем 1,272966 0,000139
именно 0,544727 0,000298
именуются 2,995732 0,000328
иметь 1,272966 0,000139
имеют 0,371064 0,000081
имеющие 1,714798 0,000188
имеющими 2,813411 0,000308
ими 1,272966 0,000139
иммануил 3,912023 0,002143
иммануила 3,506558 0,000384
империи 0,733969 0,000161
иначе 0,733969 0,000080
индии 2,040221 0,004246
индийская 3,218876 0,001763
индийским 3,506558 0,000384
индийских 3,506558 0,000768
индийской 3,506558 0,001921
индию 3,218876 0,000705
индия 2,120264 0,000232
индуизма 3,912023 0,002143
индуктивное 3,912023 0,000429
индуктивном 3,912023 0,000429
индукции 3,506558 0,000384
иного 2,525729 0,000277
иной 1,714798 0,000564
иностранных 1,203973 0,000264
институт 0,478036 0,000262
институтов 1,560648 0,000171
институты 1,660731 0,000182
инструментализм 3,912023 0,000429
инструментализмом 3,912023 0,000429
инструментом 2,995732 0,000328
инструменты -0,009950 -0,000004
интеграции 2,207275 0,000242
интеграцию 3,506558 0,001152
интеграция 3,506558 0,000384
интегрирована 3,912023 0,000429
интеллекта 2,302585 0,001009
интеллектуалов 3,912023 0,000429
интеллектуалы 3,506558 0,000384
интеллектуальной 2,525729 0,000553
интеллектуальные 3,506558 0,000384
интенциональности 3,912023 0,000429
интерес 1,714798 0,000564
интересоваться 3,912023 0,000429
интересом 3,912023 0,000429
интернациональными 3,506558 0,000384
интерпретатор 2,995732 0,000328
интерпретации 2,813411 0,000925
интерпретацию 2,995732 0,000328
интерпретация 2,995732 0,000328
интерпретируют 2,995732 0,000328
информации 0,446287 0,000049
инфра-м 0,000000 0,000000
иными 2,525729 0,000277
иных 1,469676 0,000161
инь 3,912023 0,000429
иррациональное 3,912023 0,000429
иррациональность 3,912023 0,000429
исаак 3,218876 0,000353
искавших 3,912023 0,000429
искать 2,813411 0,000308
исключительно 1,272966 0,000279
искусства 0,733969 0,000080
искусственного 2,120264 0,000929
ислам 1,427116 0,000156
ислама 2,995732 0,001313
исламе 3,912023 0,000429
исламская 3,218876 0,000353
исламские 3,912023 0,000429
исламскими 3,912023 0,000857
исламской 2,813411 0,001233
использовал 2,120264 0,000697
использовалось 2,659260 0,000291
использовался 1,771957 0,000388
использование 0,891598 0,000098
использованием 1,347074 0,000148
использования -0,009950 -0,000001
использовать 1,171183 0,000385
используется 0,616186 0,000067
используются 0,916291 0,000100
использующие 0,040822 0,000004
использующим 3,912023 0,000429
используя 1,966113 0,000215
исправл 3,912023 0,000429
испытывают 2,813411 0,000308
исследование 1,427116 0,000625
исследований 0,941609 0,000516
исследования 0,733969 0,000643
исследованиями 2,407946 0,000264
исследованиях 2,207275 0,000242
исследователей 1,966113 0,000215
исследователи 1,469676 0,000161
исследователи-нефилософы 3,912023 0,000429
исследовательскую 3,912023 0,000429
исследует 3,218876 0,001763
исследуют 3,218876 0,000705
истин 3,912023 0,000429
истина 3,218876 0,000705
истинного 3,506558 0,000384
истинной 3,506558 0,000384
истинные 2,813411 0,000308
истинных 3,912023 0,000429
истину 3,912023 0,000857
истины 2,995732 0,000656
истоки 2,040221 0,000447
истолковывала 3,912023 0,000429
истолковывали 3,912023 0,000429
истории 0,248461 0,000136
историк 2,302585 0,000252
историков 2,525729 0,000277
исторически 1,078810 0,000236
исторические 0,941609 0,000309
исторического 1,049822 0,000115
историческом 1,771957 0,000194
историю 0,843970 0,000185
история 0,051293 0,000112
источник -0,009950 -0,000007
источника 1,832581 0,000602
источники 0,415515 0,000046
источников 0,371064 0,000122
источниковвикипедия 1,966113 0,000215
источником 1,660731 0,000364
исходит 3,506558 0,000384
исчерпав 3,912023 0,000429
исчерпывающую 3,506558 0,000384
итальянская 1,609438 0,000176
итальянский 2,995732 0,000328
иудаизма 2,995732 0,000656
иудаизму 3,912023 0,000429
ищет 2,995732 0,000656
июля 0,116534 0,000013
йога 3,912023 0,000857
йосефа 3,912023 0,000429
каждого 1,427116 0,000156
каждое 1,714798 0,000188
каждой 1,966113 0,000215
каждому 1,966113 0,000215
каждый 0,733969 0,000322
кажущейся 3,912023 0,000429
как-то 3,912023 0,000429
какая-нибудь 3,912023 0,000429
какие-либо 2,995732 0,000328
каким 2,207275 0,000725
какими 3,218876 0,000353
каких-либо 2,302585 0,001009
какое-то 2,813411 0,000308
какой-либо 2,407946 0,000264
какой-нибудь 3,506558 0,000384
какой-то 2,407946 0,000264
какому-либо 3,506558 0,000384
калам 3,912023 0,000857
каламами 3,912023 0,000429
камю 3,912023 0,000857
канон 3,218876 0,000705
канона 3,912023 0,000429
канонизацией 3,912023 0,000429
канонизация 3,912023 0,000429
канонизированных 3,912023 0,000429
каноном 3,912023 0,000857
кант 3,912023 0,004285
канта 3,218876 0,002821
кантианство 3,912023 0,000857
кантовских 3,912023 0,000429
канту 3,506558 0,000768
капитала 2,120264 0,000232
карл 2,813411 0,001541
карла 1,560648 0,000342
карлейль 3,912023 0,000429
картина 2,302585 0,000504
картину 2,659260 0,000291
касался 3,506558 0,000384
касающийся 3,912023 0,000429
каталогах 0,094311 0,000010
категориальный 3,912023 0,000429
категоризацией 3,912023 0,000429
категоризация 3,912023 0,000429
категоризирует 3,912023 0,000429
категории -0,009950 -0,000002
категорий 1,966113 0,000646
категоричные 3,912023 0,000429
категория 0,916291 0,000301
категориями 3,912023 0,000429
католических 3,506558 0,000384
католического 2,995732 0,000328
католической 2,525729 0,000830
кафку 3,912023 0,000429
качестве 0,478036 0,000367
каччаяна 3,912023 0,000429
квинтэссенцией 3,912023 0,000429
кентавр 3,218876 0,000353
кесакамбала 3,912023 0,000429
кибернетика 2,813411 0,000308
киево-могилянской 3,912023 0,000429
кино 0,994252 0,000109
киреевский 3,218876 0,000353
кит 2,659260 0,000291
китае 2,040221 0,002011
китаем 2,813411 0,000308
китай 0,867501 0,000285
китайская 0,776529 0,000425
китайские 2,525729 0,000553
китайским 3,218876 0,000353
китайского 2,659260 0,000583
китайское 3,506558 0,000384
китайской 2,407946 0,001055
китайскую 3,218876 0,000353
китайцев 3,218876 0,000353
китая 1,897120 0,001039
класс 1,514128 0,000166
классам 3,506558 0,000384
классическая 2,120264 0,001161
классические 2,407946 0,000264
классических 1,897120 0,000416
классического 2,813411 0,000308
классическое 3,218876 0,000353
классической 1,609438 0,000176
классическом 3,506558 0,000384
классическую 2,995732 0,000328
классов 1,660731 0,000182
классовой 3,506558 0,000384
классы 2,207275 0,000484
ключевых 2,207275 0,000242
книг 1,660731 0,000182
книга 0,843970 0,000092
книге 1,309333 0,000143
книги 0,916291 0,000703
книгой 2,813411 0,000308
книжный 2,207275 0,000242
кобзев 3,912023 0,000857
код -0,009950 -0,000073
кодекс -0,009950 -0,000001
кодистория 0,116534 0,000013
козлова 2,813411 0,000616
колесников 3,218876 0,000705
колетт 3,912023 0,000429
колледжах 3,912023 0,000429
колониях 3,912023 0,000429
комбинации 3,506558 0,000384
комбинацию 3,912023 0,000429
комбинация 3,912023 0,000429
комментариев 3,218876 0,000353
комментарии 1,386294 0,000304
коммунизма 2,813411 0,000308
коммуникативное 3,912023 0,000429
коммунистическому 3,912023 0,000429
конец 0,798508 0,000087
конечный 2,813411 0,000308
конкретизациивикипедия 1,714798 0,000188
конкретизация 3,912023 0,000429
конкретно 3,506558 0,000384
конкретного 2,302585 0,000252
конкретное 3,912023 0,000429
конкретные 2,525729 0,000277
конкретных 2,407946 0,000264
консенсус 3,506558 0,000384
консервативный 3,912023 0,000429
консерватизм 3,912023 0,000429
консерваторов 3,912023 0,000429
конституции 2,120264 0,000232
контактирует 3,912023 0,000429
контекста 2,995732 0,000328
контекстах 3,912023 0,000429
контексте 1,560648 0,000855
континентальная 3,912023 0,003857
континентального 1,832581 0,000201
континентальной 2,407946 0,004484
континентальную 3,912023 0,001714
континентальные 3,506558 0,000384
континентальных 2,995732 0,000656
континенте 3,912023 0,000429
контом 3,912023 0,000429
конфигурацию 3,506558 0,000384
конфиденциальности -0,009950 -0,000001
конфликте 3,218876 0,000353
конфуцианского 3,912023 0,000429
конфуцианства 3,912023 0,000429
конфуцианство 3,912023 0,000429
конфуцианству 3,912023 0,001714
конфуций 3,912023 0,000429
конфуцию 3,912023 0,000429
конфуция 3,912023 0,003000
конца 0,562119 0,000062
концах 3,506558 0,000384
конце 0,430783 0,000094
концептуализацией 3,912023 0,000429
концептуализации 3,912023 0,000857
концептуализация 3,912023 0,000429
концептуализациях 3,912023 0,000429
концептуализировали 3,912023 0,000429
концептуализирована 3,912023 0,000429
концептуализированы 3,912023 0,000429
концептуализирует 3,912023 0,000429
концепцией 3,506558 0,000768
концепции 1,347074 0,001771
концепций 2,995732 0,003282
концепцию 2,207275 0,000967
концепция 1,966113 0,000646
концепциям 3,912023 0,000429
концепциями 3,912023 0,001286
концепциях 3,506558 0,000384
концов 2,813411 0,000308
концу 0,994252 0,000218
коперника 3,912023 0,000429
коперниковской 3,912023 0,000429
копия 0,328504 0,000144
кораблева 3,912023 0,000429
корейской 2,040221 0,000223
корею 3,506558 0,000384
корни 2,207275 0,000484
корнями 3,218876 0,000705
коровиков 3,912023 0,000429
короткий -0,009950 -0,000001
корректное 3,912023 0,000429
коррелят 3,912023 0,000429
корш 3,912023 0,000429
космизм 3,506558 0,004225
космизма 3,912023 0,002571
космизму 3,912023 0,000429
космологией 3,912023 0,000429
космологии 3,218876 0,000705
космосе 3,218876 0,000353
космосом 3,506558 0,000384
которая 0,287682 0,000945
которого 0,301105 0,000066
которое 0,478036 0,000314
которой 0,174353 0,000076
котором 0,301105 0,000066
которую 0,867501 0,000190
которые 0,162519 0,000570
который 0,105361 0,000242
которым 0,798508 0,000175
которыми 1,469676 0,000161
которых 0,094311 0,000072
крамольные 3,912023 0,000429
красной 0,967584 0,000106
красноречиво 3,912023 0,000429
краткая 0,967584 0,000106
кризиса 2,040221 0,000223
критерий 2,302585 0,000757
критерию 2,813411 0,000616
критика 2,120264 0,001626
критике 2,525729 0,000277
критики 2,407946 0,001055
критико-рефлексивный 3,912023 0,000429
критиков 3,912023 0,000857
критиковал 3,506558 0,000384
критиковали 3,506558 0,000384
критиковались 3,912023 0,000857
критику 3,218876 0,001410
критикуется 3,506558 0,000384
критикуют 3,506558 0,001536
критически 3,506558 0,000384
критический 3,912023 0,002143
критического 2,813411 0,000616
критическому 3,912023 0,000429
кроме 0,235722 0,000052
кропоткин 2,659260 0,000583
кропоткина 3,506558 0,000384
круг 2,207275 0,000242
кругосвет 1,560648 0,000342
кружка 3,506558 0,000384
кружков 3,506558 0,000384
кружок 3,506558 0,000384
крупные 0,579818 0,000064
крупный 0,798508 0,000087
крупным 1,021651 0,000112
крупных 0,494296 0,000054
крылатой 3,912023 0,000429
крым 1,660731 0,000182
куайн 3,912023 0,000857
кузанский 2,995732 0,000328
куки -0,009950 -0,000001
культура 0,653926 0,000072
культуре 1,427116 0,000313
культурно-языковые 3,912023 0,000429
культурное 2,207275 0,000242
культурным 2,120264 0,000232
культурой 2,813411 0,000308
культуру 2,120264 0,000232
культуры 0,462035 0,000405
кун 3,912023 0,001286
куна 3,506558 0,000384
курс 1,347074 0,000295
курта 3,506558 0,000384
кыргызча 0,000000 0,000000
кьеркегора 3,912023 0,000857
лагеря 2,302585 0,000504
лакана 3,912023 0,000429
лань 2,995732 0,000656
лао-цзы 3,912023 0,001286
ларусса 1,078810 0,000236
лат 1,771957 0,000194
латур 3,912023 0,000429
латынь 3,912023 0,000857
леви-стросса 3,912023 0,000429
левкиппом 3,912023 0,000429
лег 3,506558 0,000384
легендарного 2,995732 0,000328
легизм 3,912023 0,000429
легли 3,506558 0,000768
лежит 1,560648 0,000171
лезги 0,000000 0,000000
лейбниц 2,995732 0,000984
лекции 2,302585 0,000504
лекций 2,659260 0,000291
ленина 0,867501 0,000095
леонардо 3,912023 0,000429
лет 0,223144 0,000098
летописи 1,609438 0,000176
либеральной 3,506558 0,000384
либо 0,000000 0,000000
лидируют 3,218876 0,000353
лимитирует 3,912023 0,000429
лингвиста 3,912023 0,000429
лингвистами 3,912023 0,000429
лингвистика 3,218876 0,000353
лингвистике 3,506558 0,000384
лингвистики 3,506558 0,000384
лингвистику 3,912023 0,000429
лингвистические 2,813411 0,000308
лингвистический 3,506558 0,000384
лиотара 3,912023 0,000429
лист 1,966113 0,000215
литература 0,061875 0,000061
литературе 1,514128 0,000498
литературы 1,078810 0,000236
литовская 1,309333 0,000143
лицензии -0,009950 -0,000001
лишь 0,478036 0,000419
логик 3,506558 0,000384
логика 2,207275 0,006286
логики 2,813411 0,006780
логико-математический 3,912023 0,000429
логикой 3,218876 0,001058
логику 2,659260 0,000291
логическая 3,218876 0,000353
логически 2,813411 0,000308
логические 2,659260 0,000291
логический 2,813411 0,000616
логических 2,813411 0,000616
логического 3,218876 0,001763
логической 2,995732 0,000656
логическому 3,912023 0,000429
логосфера 3,912023 0,000429
ложится 3,218876 0,000353
ложными 3,912023 0,000429
ложных 3,506558 0,000384
локализованными 3,912023 0,000429
локаята 3,912023 0,001286
локк 3,912023 0,001286
локка 3,912023 0,000429
локком 3,912023 0,000857
лосев 3,218876 0,001763
лосский 3,506558 0,001152
лутченко 3,506558 0,000384
любая 2,525729 0,000553
любви 2,407946 0,000264
любовь 2,525729 0,000277
любое 2,120264 0,000465
любой 1,514128 0,000332
любом 2,120264 0,000232
любому 2,659260 0,000291
любомудрие 3,912023 0,000429
любую 2,525729 0,000277
любые 2,207275 0,000242
людвига 3,912023 0,000429
людей 0,693147 0,000304
люди 0,755023 0,000083
людьми 1,609438 0,000353
людям 1,832581 0,000201
маймонида 3,912023 0,000429
македонски 0,000000 0,000000
малый 0,371064 0,000041
мамардашвили 3,912023 0,000857
маневра 3,506558 0,000384
мареев 3,912023 0,000429
мареева 3,912023 0,000429
марий 2,525729 0,000277
маркс 1,897120 0,001455
маркса 1,609438 0,000881
марксизм 3,912023 0,003428
марксизма 3,506558 0,002305
марксизму 3,912023 0,000429
марксистская 3,218876 0,000353
марксистской 3,506558 0,000384
марта 0,139262 0,000015
мартин 2,659260 0,000291
марченков 3,912023 0,000429
маслин 3,912023 0,000857
математик 2,659260 0,000583
математиками 3,218876 0,000353
математике 2,659260 0,000874
математики 1,660731 0,001273
математические 2,525729 0,000277
математических 2,302585 0,000252
математической 2,525729 0,000830
математическом 3,912023 0,000429
материал -0,009950 -0,000001
материала 2,302585 0,000252
материале 2,525729 0,000277
материализм 3,912023 0,003857
материального 3,506558 0,001152
материальному 3,912023 0,000429
материальные 2,995732 0,001313
материальный 3,218876 0,000353
материальными 3,506558 0,000384
материальных 2,659260 0,000291
материя 3,506558 0,000384
матрица 2,995732 0,000328
махаяны 3,912023 0,000429
медиа 1,966113 0,000215
медиафайлы 0,301105 0,000033
медицинских 1,427116 0,000156
медицины 1,514128 0,000166
медленнее 2,813411 0,000925
медленно 2,120264 0,000929
междисциплинарных 3,506558 0,000384
менее 0,314711 0,000207
меньше 0,755023 0,000083
меньшую 2,525729 0,000277
меняются 2,813411 0,000308
месопотамии 3,912023 0,000429
места 0,579818 0,000064
место 0,371064 0,000041
местоблюститель 3,912023 0,000429
мета-позицию 3,912023 0,000429
метаонтология 3,912023 0,000429
метапозицию 3,912023 0,000429
метафизика 3,218876 0,004231
метафизике 3,912023 0,001286
метафизики 3,506558 0,002689
метафизикой 3,912023 0,000429
метафизику 3,912023 0,000857
метафизические 3,912023 0,001286
метафизический 3,912023 0,000429
метафизических 3,912023 0,000429
метафилософии 3,912023 0,000429
метафилософия 3,912023 0,000857
метаэволюционирует 3,912023 0,000429
метаэтика 3,912023 0,001286
метод 1,771957 0,002329
метода 2,302585 0,001009
методами 2,525729 0,000277
методов 1,832581 0,000401
методологии 2,525729 0,001383
методологический 3,506558 0,001152
методологических 3,912023 0,000429
методологию 3,912023 0,000857
методом 2,407946 0,000264
методы 1,714798 0,000188
мешали 3,218876 0,000353
микеланджело 3,912023 0,000429
миманса 3,912023 0,000429
мин 2,525729 0,000277
минимум 0,693147 0,000076
минск 1,714798 0,000188
мир 0,342490 0,000450
мир-человек 3,912023 0,000429
мира 0,415515 0,000637
мире 0,494296 0,000758
мировая 1,897120 0,000416
мировоззрение 2,813411 0,000925
мировоззрений 3,912023 0,000429
мировоззренческий 3,912023 0,000429
мировой 0,733969 0,000161
мировую 2,302585 0,000252
миром 2,659260 0,002039
миропониманием 3,912023 0,000429
миру 1,560648 0,000513
мистическими 3,912023 0,000429
мистическое 3,912023 0,000429
миф 2,659260 0,000583
мифа 3,218876 0,000353
мифологического 3,506558 0,000384
мифологию 3,506558 0,000768
михаил 0,916291 0,000100
мишель 3,912023 0,000429
мишеля 3,912023 0,000429
мнение 1,427116 0,000313
мнений 3,912023 0,000429
мнению 0,967584 0,000318
многие 0,356675 0,000586
многим 1,897120 0,000416
многими 2,040221 0,000223
многих 0,494296 0,000379
многовекового 3,912023 0,000429
многократно 2,407946 0,000264
многом 1,514128 0,000166
многочисленный 3,218876 0,000353
множества 2,120264 0,000232
множество 0,597837 0,000065
множеством 2,040221 0,000223
мобильная -0,009950 -0,000001
могли 1,514128 0,000166
могут -0,009950 -0,000003
модальная 3,912023 0,000429
модальной 3,912023 0,001286
моделей 2,207275 0,000484
модифицированному 3,912023 0,000429
модифицирует 3,912023 0,000429
модным 2,995732 0,000328
модными 3,912023 0,000429
модулем 1,021651 0,000336
моды 2,995732 0,000328
можете 0,653926 0,000072
мозга 3,218876 0,000353
мозге 3,506558 0,000384
моистам 3,912023 0,000429
молодая 2,659260 0,000291
момент 0,597837 0,000065
моменту 2,813411 0,000308
монады 3,912023 0,000429
монаха 3,912023 0,000429
монахи 3,912023 0,000429
монгол 0,000000 0,000000
монотеистические 3,912023 0,000429
монотеистическим 3,912023 0,000429
монотеистических 3,912023 0,000429
монтень 3,912023 0,000429
монтескье 3,912023 0,000429
мор 3,218876 0,000353
морали 3,912023 0,000857
моральное 3,506558 0,000384
моральный 3,912023 0,001286
моральным 3,912023 0,000429
моральных 3,912023 0,000429
моргана 3,912023 0,000429
москва 0,400478 0,001535
мосты 1,427116 0,000156
мотрошилова 3,912023 0,000429
мудрено 3,912023 0,000429
мудрости 2,813411 0,000308
музыки 1,469676 0,000161
мулла 3,912023 0,000429
муром 2,659260 0,000291
мусульман 1,660731 0,000182
мухаммеда 3,912023 0,000429
мысли 2,407946 0,001583
мыслителей 2,995732 0,000656
мыслители 3,912023 0,000429
мыслитель 3,506558 0,000384
мыслителями 3,506558 0,000384
мысль 1,897120 0,003117
мышление 3,506558 0,002689
мышлением 3,506558 0,000768
мышлении 3,506558 0,000768
мышления 2,995732 0,003610
наблюдаемые 3,218876 0,000353
наблюдаемых 2,995732 0,000328
наблюдается 1,021651 0,000112
наблюдений 1,386294 0,000152
наблюдениями 3,912023 0,000429
набором 3,218876 0,000353
навигации -0,009950 -0,000001
навигация -0,009950 -0,000002
надежным 3,912023 0,000429
надолго 2,813411 0,000308
назад 1,108663 0,000121
назвал 1,660731 0,000364
назван 1,078810 0,000118
название 0,198451 0,000217
названия 0,342490 0,000075
назовут 2,995732 0,000328
называемая 2,120264 0,000232
называемому 3,506558 0,000384
называемую 2,813411 0,000308
называется 0,916291 0,000803
называл 3,218876 0,000353
называли 1,347074 0,000295
называться 1,660731 0,000182
называют 0,916291 0,000201
называющаяся 3,912023 0,000429
наиболее 0,139262 0,000153
наибольшее 1,386294 0,000456
наибольший 1,966113 0,000431
наилучшим 3,218876 0,000705
наипростейшим 3,912023 0,000429
найти 1,771957 0,000194
накладывает 3,506558 0,000384
накопленные 2,995732 0,000328
наличие 1,108663 0,000121
намеревался 3,506558 0,000384
намерениями 3,912023 0,000429
нами -0,009950 -0,000001
намного 2,302585 0,000504
написал 1,897120 0,000208
написанием 3,506558 0,000384
написания 1,897120 0,000208
направление 1,203973 0,000791
направлении 1,108663 0,000243
направлений 1,108663 0,000243
направления 0,755023 0,000331
направлениям 1,660731 0,000182
направлениях 1,832581 0,000201
например 0,328504 0,001583
напротив 1,237874 0,000136
напрямую 1,660731 0,000182
нарастает 3,506558 0,000384
нарисовал 3,912023 0,000429
народов 0,798508 0,000087
наследие 1,347074 0,000148
наследии 3,912023 0,000429
наследия 0,820981 0,000180
настаивающих 3,912023 0,000429
настолько 1,897120 0,000208
настоящего 2,040221 0,000223
настоящее 0,328504 0,000324
настоящему 2,120264 0,000232
настоящие 3,218876 0,000353
настоящий 1,609438 0,000176
насущнее 3,912023 0,000429
насчитывалось 1,347074 0,000148
натуральной 3,912023 0,000429
натурфилософии 3,506558 0,001921
натурфилософия 3,506558 0,001536
наук 0,693147 0,000380
наука 0,301105 0,000132
науками 2,995732 0,000328
наукафилософиядр 3,912023 0,000429
науках 2,995732 0,000984
науке 1,897120 0,000416
науки 0,820981 0,002968
наукой 2,207275 0,000725
наукоцентризм 3,912023 0,000429
науку 1,966113 0,000646
научная 0,798508 0,000087
научно-технического 3,218876 0,000705
научного 1,309333 0,000861
научной 1,108663 0,000364
научном 2,525729 0,000277
научную 2,120264 0,000232
научные 1,049822 0,000115
научный 0,941609 0,000722
научных 0,776529 0,000170
находилась 1,514128 0,000166
находится 0,328504 0,000072
находят 2,813411 0,000308
национальная 1,108663 0,000121
национальные 2,120264 0,000232
начал 0,798508 0,000087
начала 0,314711 0,000103
начале 0,314711 0,000103
начало 0,415515 0,000228
началом 1,171183 0,000128
началось 0,616186 0,000067
началу 1,171183 0,000128
начатое 3,506558 0,000384
начинается 0,755023 0,000165
начиналась 2,525729 0,000277
начинают 1,771957 0,000388
начинаются 1,897120 0,000416
начиная 0,733969 0,000563
нашим 3,506558 0,000384
небес 3,912023 0,000429
небесспорно 3,912023 0,000429
небо 2,040221 0,000223
невозможна 3,506558 0,000384
невозможная 3,912023 0,000429
невозможно 1,832581 0,000401
невозможности 2,813411 0,000308
негативно 2,120264 0,000232
негативный 3,506558 0,000384
недостатков 0,653926 0,000072
недоступная 0,527633 0,000058
независимо 1,966113 0,000215
незыблемым 3,912023 0,000429
неизбежным 3,912023 0,000429
неизвестными 2,302585 0,000252
неизменной 3,912023 0,000857
некий 2,995732 0,000656
некими 3,506558 0,000384
некоммерческой -0,009950 -0,000001
некорректно 1,897120 0,000208
некоторое 1,771957 0,000194
некоторые 0,301105 0,000165
некоторым 1,966113 0,000215
некоторыми 2,120264 0,000232
некоторых 0,494296 0,000379
нем 0,356675 0,000078
нематериальность 3,912023 0,000429
немецкая 1,966113 0,000215
немецкий 1,427116 0,000782
немецким 2,659260 0,000291
немецких 2,302585 0,000252
немецкую 2,995732 0,000328
необходимо 1,237874 0,000407
необходимость 1,714798 0,000376
необходимы 3,218876 0,000353
необычность 3,912023 0,000429
неоднозначны 3,912023 0,000429
неоднократно 1,139434 0,000250
неожиданными 3,912023 0,000429
неокантианство 3,912023 0,000857
неоконфуцианство 3,912023 0,000857
неомарксизм 3,912023 0,000857
неомарксизма 3,912023 0,000429
неомарксистов 3,912023 0,000429
неомарксисты 3,912023 0,000857
неопифагореизм 3,912023 0,000429
неоплатонизм 3,912023 0,001286
неоплатонизма 3,912023 0,002571
неоплатонизме 3,912023 0,000429
неоплатонизму 3,912023 0,000857
неоплатоническое 3,912023 0,000429
неопозитивизма 3,912023 0,000429
неопровержимые 3,912023 0,000429
неполноте 3,506558 0,001152
непосредственно 0,478036 0,000105
непосредственное 2,813411 0,000308
непостижимы 3,912023 0,000429
непредсказуемыми 3,912023 0,000429
нерабочими 1,021651 0,000112
нередко 1,108663 0,000121
неретина 3,506558 0,000768
несет 2,813411 0,000308
несколькими 1,660731 0,000182
несколько 0,150823 0,000149
неслучайно 3,506558 0,000768
несмотря 0,755023 0,000083
несомненно 3,218876 0,000353
нестор-история 3,506558 0,000384
нетривиальных 3,506558 0,000384
неугодных 3,912023 0,000429
нефилософы 3,912023 0,000429
нечитаемой 3,506558 0,000384
нигилизм 3,912023 0,003428
нигилизма 3,912023 0,000429
нигилизму 3,912023 0,000429
нигилистам 3,912023 0,000429
нигилистическую 3,912023 0,000429
нигилистов 3,912023 0,000429
никаких 2,407946 0,000264
николай 0,867501 0,000095
николая 0,916291 0,000100
ними 1,049822 0,000115
ниспосланных 3,912023 0,000857
ницше 3,912023 0,003428
нло 3,912023 0,000429
новаторства 3,912023 0,000429
новая 0,634878 0,000765
новейшая 3,912023 0,000429
новейший 3,912023 0,000857
нового 0,579818 0,000572
новое 0,755023 0,000165
новой 0,653926 0,000215
новом 1,386294 0,000152
новочеркасск 3,506558 0,000384
новую 1,171183 0,000128
новые 0,342490 0,000188
новым 1,049822 0,000115
новых 0,430783 0,000142
норвежская 0,248461 0,000027
норм 2,207275 0,000242
нормальное 3,506558 0,000384
нормам 2,813411 0,000308
норме 3,218876 0,000353
носит 1,309333 0,000143
носят 2,302585 0,000252
нохчийн 0,000000 0,000000
ноября 0,127833 0,000028
нравственных 3,912023 0,000429
нська 0,000000 0,000000
нуждается 2,302585 0,000252
нужно 1,049822 0,000230
нынешней 1,966113 0,000215
ньскъ 0,000000 0,000000
ньютон 3,506558 0,000384
ньяя 3,912023 0,000429
оба 1,386294 0,000152
обеих 2,207275 0,000242
обеспечивает 1,108663 0,000121
обеспечивают 1,514128 0,000166
обладает 1,171183 0,000128
обладают 2,040221 0,000223
областей 1,049822 0,000460
области 0,223144 0,000196
область 0,385662 0,000084
областью 2,302585 0,000504
областям 2,813411 0,000308
областями 2,659260 0,000291
областях 1,560648 0,000171
обманывать 3,912023 0,000429
обнаружены 1,771957 0,000194
обнаружив 3,912023 0,000429
обобщение 3,218876 0,000353
обобщением 3,506558 0,000384
обобщении 3,912023 0,000429
обобщения 3,218876 0,000353
обогащается 3,506558 0,000384
обоих 1,469676 0,000161
обосновал 3,506558 0,000384
обоснованной 3,218876 0,000353
обосновать 3,218876 0,001058
обострили 3,912023 0,000429
образовавшихся 3,506558 0,000384
образования 0,478036 0,000209
образом 0,371064 0,000935
образы 2,525729 0,000277
обратившись 3,912023 0,000429
обратился 3,506558 0,000384
обратить 2,995732 0,000328
обратно 1,714798 0,000188
обратной 2,407946 0,000528
обращают 3,912023 0,000429
обращаясь 3,912023 0,000429
обращение 1,832581 0,000401
обращения 0,030459 0,000010
обрекает 3,912023 0,000429
обретения 3,506558 0,000384
обслуживать 3,912023 0,000429
обстоятельства 2,995732 0,000328
обстоятельстве 3,912023 0,000429
обсудить 3,506558 0,000384
обсуждаемых 3,912023 0,000429
обсуждает 3,912023 0,000429
обсуждается 3,218876 0,000353
обсуждались 3,506558 0,000384
обсуждать 3,506558 0,000384
обсуждаются 3,506558 0,000384
обсуждение 2,995732 0,000328
обучали 3,912023 0,000429
общего 0,713350 0,000078
общедисциплинарном 3,912023 0,000429
общей 0,597837 0,000131
общем 1,514128 0,000498
общества 0,776529 0,000680
обществе 2,040221 0,000894
общественно-политического 3,506558 0,000384
общественно-политическую 3,912023 0,000429
общественного 0,916291 0,000100
общественной 1,832581 0,000401
общественном 1,897120 0,000208
общественные 1,609438 0,000353
общественным 2,302585 0,000252
общество 0,713350 0,000625
обществу 2,995732 0,000328
общий 0,916291 0,000301
общим 1,427116 0,000156
общих 1,771957 0,000388
объединил 3,506558 0,000384
объединяет 1,771957 0,000194
объединяющий 2,659260 0,000291
объединяющую 3,506558 0,000384
объектами 1,897120 0,000831
объективного 3,506558 0,000384
объективности 3,912023 0,000429
объективный 3,506558 0,000384
объектов 0,527633 0,000289
объектом 1,560648 0,000171
объекту 2,995732 0,000328
объекты 0,478036 0,000209
объяснить 2,659260 0,000291
объясняет 2,659260 0,000291
обыденного 3,912023 0,001286
обыденной 3,912023 0,000429
обычно 0,693147 0,000304
обычной 2,995732 0,000328
овладевают 3,912023 0,000429
огарев 3,506558 0,000384
ограничений 1,832581 0,000201
ограничения 1,897120 0,000208
ограниченностью 3,912023 0,000429
ограничивается 2,995732 0,000656
огромного 2,995732 0,000328
огромное 1,966113 0,000215
огюста 3,912023 0,000429
огюстом 3,912023 0,000429
однако 0,174353 0,000497
одним 0,494296 0,000271
одними 2,207275 0,000242
одновременно 0,776529 0,000170
одновременной 3,506558 0,000384
одновременную 3,912023 0,000429
однозначная 3,912023 0,000429
одной 0,371064 0,000488
одному 1,514128 0,000166
одну 1,237874 0,000136
ожегов 3,218876 0,000353
ожидают 1,897120 0,000208
означает 1,237874 0,000271
оказала 3,218876 0,000705
оказалась 1,771957 0,000388
оказали 2,407946 0,000264
оказались 1,514128 0,000166
оказалось 2,120264 0,000232
оказался 1,832581 0,000201
оказаться 2,813411 0,000308
оказывает 1,427116 0,000313
оказывались 3,506558 0,000768
оказываясь 3,912023 0,000429
оканчивающие 3,912023 0,000429
оккам 3,912023 0,000429
около 0,000000 0,000000
окончательно 1,203973 0,000132
окружающего 2,813411 0,000925
окружающей 1,049822 0,000115
окружающем 3,218876 0,000705
окружающий 3,912023 0,000429
окружающим 3,218876 0,001410
октября 0,083382 0,000018
олык 0,000000 0,000000
онлайн 0,198451 0,000022
оно 0,000000 0,000000
онтологии 3,218876 0,001058
онтология 3,506558 0,001536
опасным 2,525729 0,000277
опиралась 3,912023 0,000429
опираясь 2,659260 0,000874
описание -0,009950 -0,000001
описанию 2,659260 0,000291
описанного 3,912023 0,000429
описывают 2,995732 0,000328
оппонентом 3,912023 0,000429
оправданностью 3,912023 0,000429
определен 2,407946 0,000264
определена 3,218876 0,000353
определение 1,660731 0,000728
определении 2,407946 0,000264
определения 1,560648 0,000513
определениях 3,506558 0,000384
определенного 2,525729 0,000553
определенной 1,832581 0,000201
определенном 2,659260 0,000291
определенные 2,525729 0,000277
определенным 2,120264 0,000232
определительную 3,912023 0,000429
определяет 1,714798 0,000376
определяется 1,609438 0,000353
определяют 2,120264 0,000929
опробована 3,912023 0,000429
опубликовал 2,302585 0,000252
опубликовали 2,813411 0,000308
опыт 1,714798 0,000376
опыта 2,659260 0,000291
опыте 3,912023 0,000429
опытным 2,995732 0,000328
организации -0,009950 -0,000001
организациях 1,832581 0,000201
органов 0,994252 0,000109
органы 0,891598 0,000098
оригинала 0,162519 0,000018
оригинальный 2,302585 0,000252
ориентации 2,995732 0,000328
ортса 0,000000 0,000000
оружия 1,560648 0,000171
освобождения 2,040221 0,000447
ослабление 3,506558 0,000384
ослабло 3,912023 0,000429
осмысленно 3,912023 0,000429
осмысленности 3,912023 0,000429
осмысленность 3,912023 0,001286
оснований 2,995732 0,000656
основанию 2,995732 0,000656
основания 0,713350 0,000156
основаниям 3,506558 0,000384
основанное 3,218876 0,000353
основанных 3,218876 0,000353
основаны 1,771957 0,000194
основателю 2,302585 0,000252
основателя 2,525729 0,000277
основе 0,494296 0,000054
основная 0,116534 0,000217
основное 1,347074 0,000148
основной 0,653926 0,000072
основном 0,510826 0,000168
основную 1,832581 0,000401
основные 0,223144 0,000342
основным 0,616186 0,000135
основных 0,634878 0,000070
основой 1,237874 0,000271
основу 1,203973 0,000791
основы 1,560648 0,000855
основывается 2,207275 0,000242
основываясь 2,813411 0,000308
особая 2,525729 0,000277
особенная 3,912023 0,000429
особенности 0,994252 0,000653
особенностью 1,609438 0,000881
особого 2,525729 0,000277
особую 2,120264 0,000232
оставалась 2,302585 0,000504
оставаться 2,207275 0,000242
оставаясь 3,218876 0,000353
оставляет 3,506558 0,000768
оставшиеся 2,659260 0,000291
остается 0,891598 0,000195
остальную 3,218876 0,000353
остальные 0,891598 0,000195
остальных 1,660731 0,000182
остаются 2,040221 0,000447
островной 3,218876 0,000353
осуществив 3,912023 0,000429
осуществляется 0,776529 0,000085
отвергал 3,218876 0,000353
отвергнув 3,912023 0,000429
ответ 1,560648 0,000171
ответить 2,813411 0,000925
ответов 2,525729 0,000277
ответственно 3,912023 0,000429
ответственности -0,009950 -0,000001
ответы 1,514128 0,000332
отвечающих 3,912023 0,000429
отделения 1,021651 0,000112
отделено 3,912023 0,000429
отделило 3,912023 0,000429
отделов 3,506558 0,000384
отдельно 2,120264 0,000232
отдельное 1,966113 0,000215
отдельной 2,407946 0,000264
отдельные 1,078810 0,000236
отдельный 1,832581 0,000401
отдельных -0,009950 -0,000002
отделяет 2,813411 0,000308
отделяется 3,218876 0,000353
отказ -0,009950 -0,000002
отказался 2,659260 0,000291
открестился 3,912023 0,000429
открывает 2,120264 0,000465
открывающие 3,912023 0,000429
открыли 1,237874 0,000136
открытое 1,714798 0,000188
открытый 1,049822 0,000115
открытым 1,309333 0,000287
открытыми 3,218876 0,000353
откуда 0,000000 0,000000
отличает 2,407946 0,000264
отличалась 2,813411 0,000308
отличаться 1,560648 0,000171
отличие 0,891598 0,000391
отличий 3,506558 0,000384
отличительной 2,995732 0,000328
отмена 3,218876 0,000353
отмены 2,302585 0,000252
отмечает 2,040221 0,000223
относились 2,813411 0,000925
относит 2,995732 0,000328
относительно 0,415515 0,000319
относительность 3,506558 0,000384
относится 0,733969 0,000402
относят 1,609438 0,000176
относятся 0,713350 0,000469
относящихся 2,302585 0,000252
отношение 1,609438 0,000176
отношении 1,203973 0,000264
отношению 1,966113 0,001292
отношения 0,994252 0,000218
отодвинуты 3,912023 0,000429
отождествляющая 3,912023 0,000429
отправной 3,218876 0,000353
отрабатывалась 3,506558 0,000384
отразилось 3,506558 0,000384
отредактирована -0,009950 -0,000001
отрицает 3,506558 0,000384
отрицательно 2,995732 0,000328
отрицают 2,995732 0,000328
отрыв 3,912023 0,000429
отстаивать 3,912023 0,000429
отсутствие 1,347074 0,000590
отсутствует 1,272966 0,000139
отсюда 1,897120 0,000208
отталкиваясь 3,912023 0,000429
оттенок 3,912023 0,000429
оттепель 2,813411 0,000308
оттолкнувшись 3,912023 0,000429
отчасти 2,302585 0,000504
отчетливо 3,218876 0,000353
официальной 1,469676 0,000322
оценить 3,218876 0,000353
оценкам 1,609438 0,000176
очень 0,494296 0,000271
очередь 0,527633 0,001040
ошибкекак -0,009950 -0,000001
ошибочности 3,912023 0,000429
ощутит 3,912023 0,000429
ощущение 3,506558 0,000384
пакудха 3,912023 0,000429
панин 3,218876 0,002821
пап 3,912023 0,000429
парадигм 3,218876 0,000705
парадигма 3,218876 0,000353
парадигму 3,506558 0,000384
парадигмы 3,218876 0,001058
параллели 2,659260 0,000291
параллельно 1,237874 0,000542
параметрамивикипедия 2,207275 0,000242
париж 2,302585 0,000252
паринирвана 3,912023 0,000429
партий 2,659260 0,000291
партийна 3,912023 0,000429
партиями 3,912023 0,000429
пассаж 3,218876 0,000353
патнэм 3,912023 0,000429
патристика 3,912023 0,000429
патристикой 3,912023 0,000429
пенроуз 3,912023 0,000429
первично 3,912023 0,000429
первичной 3,506558 0,000384
первичным 3,218876 0,000353
первого 0,733969 0,000241
первое 0,544727 0,000119
первой 0,462035 0,000202
первоклассные 3,912023 0,000429
первом 1,237874 0,000271
первоначально 1,203973 0,000132
первоначальной 2,813411 0,000308
первоначальный 2,659260 0,000291
первоочередной 3,506558 0,000384
первую 0,867501 0,001425
первые 0,494296 0,000108
первым 0,597837 0,000393
первых 0,653926 0,000143
переведены 2,207275 0,000242
перевод 1,427116 0,000156
переводам 3,912023 0,000429
переводамивикипедия 3,506558 0,000384
переводах 3,506558 0,000384
переводов 3,218876 0,000353
переводу 2,813411 0,000308
переезжает 3,218876 0,000353
пережило 3,912023 0,000429
перейдя 3,506558 0,000384
перейти -0,009950 -0,000002
перекликается 3,912023 0,000857
перемещаться 2,995732 0,000328
перемещению 3,506558 0,000384
перемещениювикипедия 3,912023 0,000429
перенаправлений 3,218876 0,000353
перенести 2,207275 0,000242
перенос 2,659260 0,000291
переноса 2,120264 0,000232
переносить 2,995732 0,000328
переопределяет 3,912023 0,000429
переосмыслить 3,912023 0,000429
переоценить 3,506558 0,000384
переписать 3,912023 0,000429
перераб 1,609438 0,000176
переработке 2,120264 0,000465
переработкевикипедия 3,506558 0,000384
перестали 2,659260 0,000291
переход 1,427116 0,000156
переходит 2,302585 0,000252
перечисленных 2,659260 0,000291
период 0,342490 0,000600
периода 0,967584 0,000954
периодов 2,040221 0,000223
периоду 2,120264 0,000465
перипате 0,000000 0,000000
перипатетики 3,912023 0,000429
перипатетиков 3,912023 0,000429
персидский 2,995732 0,000328
персоналий 3,912023 0,000429
персональные -0,009950 -0,000001
перспективы 1,347074 0,000148
петр 1,108663 0,000121
петра 1,078810 0,000236
печати -0,009950 -0,000001
печать -0,009950 -0,000001
пещере 2,995732 0,000328
пика 3,218876 0,000353
пирса 3,912023 0,000429
пирсом 3,912023 0,000429
писателей 1,714798 0,000376
писатели 2,407946 0,000264
писатель 1,514128 0,000166
пифагор 3,912023 0,000857
пифагора 3,912023 0,000429
платон 3,912023 0,004714
платона 2,995732 0,006235
платонизм 3,912023 0,001286
платоновским 3,912023 0,000429
платоном 3,506558 0,000768
платону 3,912023 0,000429
плеханов 3,218876 0,000353
плотин 3,218876 0,000353
плюс 1,386294 0,000152
по-прежнему 1,966113 0,000215
по-разному 2,407946 0,000264
победит 3,912023 0,000429
поведением 3,912023 0,000429
поведения -0,009950 -0,000001
повлияло 2,995732 0,000328
поводу 2,207275 0,000484
повороты 3,912023 0,000429
повторен 2,995732 0,000328
подвергать 3,912023 0,000429
подвергли 3,912023 0,000429
подверглись 2,995732 0,000328
поддержания 2,995732 0,000328
поддержать 3,506558 0,000384
поддерживается 1,897120 0,000208
поднятым 3,912023 0,000429
подобия 3,912023 0,000429
подобно 2,407946 0,000264
подорвал 3,506558 0,000384
подошла 3,506558 0,000384
подразделяется 2,525729 0,000277
подразумевает 2,995732 0,001641
подразумевается 2,995732 0,000656
подразумевал 3,506558 0,000384
подразумеваться 3,506558 0,000384
подразумевают 3,506558 0,000384
подробнее -0,009950 -0,000001
подхватил 3,912023 0,000429
подход 1,771957 0,001165
подхода 2,407946 0,000264
подходах 2,659260 0,000291
подходила 3,912023 0,000429
подходов 2,525729 0,000553
подходом 2,995732 0,000328
подчеркивая 2,995732 0,000656
подчинена 2,995732 0,000328
пожалуйста 1,469676 0,000322
позволили 2,207275 0,000242
позднее 0,798508 0,000087
поздний 2,813411 0,000308
поздними 3,912023 0,000429
поздняя 3,506558 0,000384
позже 0,733969 0,000161
позитивизм 3,506558 0,001536
позитивизма 3,912023 0,002571
позитивистов 3,912023 0,000857
позитивно 3,506558 0,000384
позиции 1,832581 0,000201
позиций 2,659260 0,000291
позицию 2,302585 0,000504
позиция 3,506558 0,001152
познаваем 3,912023 0,000429
познавательной 3,506558 0,000384
познакомился 3,912023 0,000429
познание 3,506558 0,001921
познанию 3,912023 0,000857
познания 2,659260 0,004369
поиск -0,009950 -0,000003
поиском 3,506558 0,000384
поиску -0,009950 -0,000001
показало 3,506558 0,000384
показателям 2,302585 0,000252
показывает 2,207275 0,000242
поколений 1,897120 0,000208
покрыты 2,120264 0,000232
пол 1,897120 0,000208
полагал 3,506558 0,001152
полагали 3,912023 0,001286
полагать 3,506558 0,000384
полагая 3,506558 0,000384
полем 2,407946 0,000264
полемика 3,218876 0,000353
полемики 3,912023 0,000429
полемику 3,506558 0,000384
полемическая 3,912023 0,000429
политик 3,218876 0,000353
политика -0,009950 -0,000001
политикам 3,912023 0,000429
политики 1,237874 0,000136
политическая 0,843970 0,000555
политические 2,207275 0,000484
политических 1,660731 0,000182
политического 2,813411 0,000308
политической 1,469676 0,000644
политическую 2,995732 0,000328
полная 2,040221 0,000223
полностью 0,400478 0,000044
полноте 3,912023 0,000857
полноценного 3,218876 0,000353
полным 2,040221 0,000223
половине 0,634878 0,000070
половину 1,660731 0,000182
половины 0,994252 0,000218
положений 3,218876 0,000705
положения 1,309333 0,000143
положениями 3,912023 0,000429
положительно 2,995732 0,000328
получает 1,660731 0,000546
получать 2,302585 0,000252
получают 2,040221 0,000223
получающими 3,912023 0,000429
получению 3,506558 0,000384
получения 1,469676 0,000161
получившая 2,813411 0,000308
получил 0,713350 0,000156
получила 0,653926 0,000501
получило 1,832581 0,000602
получить 1,427116 0,000313
пользовались 2,995732 0,000328
пользовался 2,995732 0,000328
пользу 1,832581 0,000201
помещает 3,506558 0,000384
помимо 0,562119 0,000123
помогает 2,813411 0,000308
помогать 3,218876 0,000353
помочь 1,560648 0,000171
помощью 0,634878 0,000348
поначалу 3,218876 0,000705
понимание 2,207275 0,001451
понимании 1,897120 0,000416
понимания 2,525729 0,001383
понятие 1,469676 0,000483
понятия 1,560648 0,000513
понятиях 3,912023 0,000429
понять 2,995732 0,000656
поппер 3,912023 0,000857
поппера 3,506558 0,000384
популярный 2,525729 0,000277
попытались 2,813411 0,000616
попытался 3,218876 0,000353
попытка 2,120264 0,000232
попытками 3,506558 0,000384
попытки 1,660731 0,001092
попытку 2,813411 0,000308
попыток 2,407946 0,000528
пор 0,941609 0,000103
порождает 3,506558 0,000384
порождались 3,912023 0,000429
порождая 3,506558 0,000384
поручение 3,218876 0,000353
поручения 3,506558 0,000384
порядка 1,139434 0,000749
порядков 3,506558 0,001152
поскольку 0,941609 0,000103
последнее 1,347074 0,000148
последнем 2,525729 0,000277
последний -0,009950 -0,000001
последних 1,347074 0,000148
последователей 3,506558 0,002689
последователи 2,813411 0,000616
последовательно 1,832581 0,000201
последовательное 3,912023 0,000429
последствия 2,040221 0,000223
последствиями 3,218876 0,000353
последующее 2,995732 0,000328
последующие 1,660731 0,000182
последующих 2,659260 0,000291
послекантовский 3,912023 0,001286
пословиц 3,912023 0,000429
послужило 2,302585 0,001009
пособие 1,609438 0,000176
посредством 1,771957 0,000388
поставили 2,302585 0,000504
поставленные 3,506558 0,000384
постепенным 3,506558 0,000384
постигать 3,912023 0,000429
постичь 3,912023 0,000429
постмодерна 3,912023 0,000429
постмодернизм 3,506558 0,000384
постмодернизма 3,506558 0,000384
постмодернистскую 3,912023 0,000429
постоянно 1,108663 0,000121
постоянном 3,506558 0,000384
построить 1,427116 0,000156
постскриптум 3,506558 0,000384
постструктурализм 3,912023 0,002571
постструктурализма 3,912023 0,001714
постструктуралисты 3,912023 0,000429
постулировал 3,506558 0,000384
постулировала 3,912023 0,000429
постулировали 3,912023 0,000429
постулировании 3,912023 0,000429
постулирует 3,912023 0,000857
постулируя 3,912023 0,000429
посылка 3,912023 0,000429
посылки 3,506558 0,000384
потенциально 2,813411 0,000308
потопа 3,218876 0,000353
потребоваться 3,912023 0,000429
потрясений 2,813411 0,000308
почему 0,000000 0,000000
поэтическую 3,506558 0,000384
поэтому 0,616186 0,000405
появившейся 3,506558 0,000384
появились 0,579818 0,000127
появлению 2,207275 0,000484
появлялись 2,813411 0,000308
права 0,755023 0,000414
правилами 1,771957 0,000194
правило 0,891598 0,000098
правильно 2,302585 0,000252
правитель 2,995732 0,000328
править -0,009950 -0,000148
правкиновые -0,009950 -0,000001
правкипостоянная -0,009950 -0,000001
православных 1,427116 0,000156
прагматизм 3,912023 0,002143
прагматизма 3,912023 0,001714
прагматизмом 3,912023 0,000429
прагматисты 3,912023 0,000429
прагматична 3,912023 0,000429
праксеология 3,912023 0,000429
практике 1,660731 0,000182
практиковалась 3,912023 0,000429
практиковали 3,912023 0,000429
практиковалось 3,912023 0,000429
практику 2,813411 0,000616
практическая 2,995732 0,001969
практически 0,755023 0,000165
практической 2,525729 0,000553
практическую 3,218876 0,000353
превратить 2,659260 0,000291
превращается 2,040221 0,000447
превращая 3,506558 0,000384
превышающий 3,506558 0,000384
предан 3,506558 0,000384
пределах 0,510826 0,000112
предельные 3,912023 0,000429
предельных 3,218876 0,000353
предикатов 3,506558 0,001152
предлагали 3,218876 0,000353
предлагало 3,912023 0,000429
предложил 1,832581 0,000201
предмет 2,120264 0,002090
предмета 2,813411 0,000925
предметам 3,912023 0,000429
предмете 2,813411 0,000308
предметов 1,660731 0,000182
предметом 1,560648 0,000171
предметы 1,832581 0,000803
предназначенные 2,995732 0,000328
предопределенной 3,912023 0,000429
предопределили 3,506558 0,000384
предоставили 3,912023 0,000429
предоставляя 3,912023 0,000429
предполагает 1,832581 0,000201
предположения 2,813411 0,000308
предположительно 1,966113 0,000215
предпонимание 3,912023 0,000429
предпосылка 3,912023 0,000429
предпосылки 2,995732 0,000328
предпринимали 3,506558 0,000384
предпринимались 2,813411 0,000308
предпринял 3,218876 0,000353
предприняты 3,506558 0,000384
представились -0,009950 -0,000001
представителей 1,469676 0,000322
представители 1,272966 0,000139
представитель 1,897120 0,000208
представление 1,514128 0,000332
представлении 2,995732 0,000656
представлений 2,207275 0,000242
представления 1,469676 0,000322
представлениям 3,218876 0,000353
представляет 0,446287 0,000244
представляют 1,237874 0,000136
предстала 3,912023 0,000429
предфилософия 3,912023 0,000429
предшествующими 3,506558 0,000768
предыдущие 2,525729 0,000277
предыдущих 2,407946 0,000264
преемники 3,912023 0,000429
прежде 1,049822 0,000115
прежней 2,659260 0,000291
прежних 2,659260 0,000291
преимущественно 0,776529 0,000085
прекрасное 3,506558 0,000384
прекращается 3,218876 0,000353
прелюдией 3,912023 0,000429
преобладает 2,120264 0,000232
преобладание 2,525729 0,000553
преобладают 1,203973 0,000132
преобразования 2,120264 0,000232
преодолеть 2,995732 0,000328
преподаваемой 3,506558 0,000384
преподавание 2,995732 0,000328
преподавателями 3,218876 0,000353
препятствие 3,218876 0,000353
препятствием 3,506558 0,000384
приближается 2,995732 0,000984
приближенными 3,912023 0,000429
приблизительно 1,514128 0,000166
привел 2,040221 0,000223
привела 1,771957 0,000194
привело 1,108663 0,000364
приверженности 3,912023 0,000429
приверженность 3,912023 0,000857
приверженцем 3,912023 0,000429
приветствуются 3,912023 0,000429
привлечения 2,302585 0,000252
привязана 3,506558 0,000384
привязанные 3,912023 0,000429
привязать 3,912023 0,000429
привязкой 2,995732 0,000328
пригодности 3,912023 0,000429
придает 3,506558 0,000384
придания 2,995732 0,000328
придать 3,218876 0,000353
придерживались 3,506558 0,000384
придерживался 3,912023 0,000429
придерживаться 3,912023 0,000429
придерживаются 3,506558 0,000384
придуманных 3,912023 0,000429
прием 1,966113 0,000215
приемлемы 3,912023 0,000429
призму 3,506558 0,000768
признаками 3,218876 0,000353
признания 0,916291 0,000100
призывают 3,912023 0,000429
прикладные 2,040221 0,000223
прикладными 3,218876 0,000353
приложение 1,309333 0,000143
прим 2,407946 0,002374
применение 1,469676 0,000322
применения 1,272966 0,000418
применим 3,218876 0,000353
применимости 3,218876 0,000353
применить 3,218876 0,000353
применяемой 3,912023 0,000429
применял 3,912023 0,000429
пример 1,171183 0,000128
примерно 0,634878 0,000070
примером 1,966113 0,000215
примечаний 3,912023 0,000429
примечания -0,009950 -0,000002
принадлежность 1,609438 0,000176
принес 3,218876 0,000353
принесла 3,912023 0,000429
принималась 3,912023 0,000429
принимало 3,506558 0,000384
принцип 1,832581 0,000602
принципа 3,218876 0,000353
принципами 3,218876 0,000353
принципах 2,302585 0,000252
принципов 2,302585 0,001009
принципы 1,771957 0,000582
приняли 1,347074 0,000148
принятием 2,995732 0,000328
принято 0,713350 0,000078
приобретает 2,659260 0,000291
приобретения 2,995732 0,000328
приписываемого 3,912023 0,000429
приписывается 2,813411 0,000308
приписывался 3,912023 0,000429
природе 2,040221 0,000223
природных 1,108663 0,000121
природой 2,813411 0,000308
природу 2,302585 0,000504
природы 1,021651 0,000560
приросла 3,912023 0,000429
приступила 2,659260 0,000291
присутствия 2,525729 0,000277
присущий 3,912023 0,000429
приходила 3,912023 0,000429
причем 0,994252 0,000545
причин 1,897120 0,000208
причинами 2,302585 0,000252
причинах 3,506558 0,000384
причинность 3,912023 0,000429
причиной 1,469676 0,000161
причины 1,771957 0,000388
причисляют 3,506558 0,000768
пришедших 3,506558 0,000384
проблем 0,798508 0,000087
проблемам 2,207275 0,000242
проблемами 2,302585 0,000252
проблематизировано 3,912023 0,000429
проблематика 3,912023 0,000429
проблеме 2,813411 0,000308
проблемой 1,660731 0,000182
проблему 1,514128 0,000332
проведение 1,660731 0,000182
провел 1,966113 0,000646
проверить 2,207275 0,000484
проверяемости 3,912023 0,000429
провести 2,659260 0,000583
провинции 1,660731 0,000182
проводить 2,302585 0,000252
провозглашает 3,506558 0,000384
прогнозы 2,659260 0,000291
программистами 3,912023 0,000429
прогресса 2,813411 0,000925
прогрессирует 3,912023 0,000429
прогуливаться 3,506558 0,000384
прогуливаясь 3,912023 0,000429
проделали 3,912023 0,000429
продемонстрировал 2,995732 0,000656
продолжает 1,714798 0,000188
продолжали 2,407946 0,000264
продолжают 2,040221 0,000447
продолжаются 3,912023 0,000429
продолжающих 3,912023 0,000429
продолжая 3,218876 0,000705
продолжение 1,832581 0,000401
продолжения 3,218876 0,000353
продукт 1,660731 0,000182
проект 0,400478 0,000088
проектах -0,009950 -0,000001
проектахзначения 1,237874 0,000136
проекту 1,049822 0,000115
проживавших 3,912023 0,000429
прозвучавшую 3,912023 0,000429
произведением 3,912023 0,000429
произведения 1,427116 0,000156
произведениях 2,302585 0,000252
производства 0,616186 0,000067
произойдет 2,525729 0,000277
произошло 0,733969 0,000241
происходило 1,832581 0,000803
происходит 0,634878 0,000278
происходят 1,966113 0,000431
происходящих 2,813411 0,000308
пройденного 3,912023 0,000429
прокопович 3,912023 0,000429
пролетариат 3,912023 0,000429
пролетариата 2,659260 0,000291
прологом 3,506558 0,000384
промежуточным 3,506558 0,000384
промежуточных 2,813411 0,000308
проникает 2,995732 0,000656
проработала 3,912023 0,000429
проработанными 3,912023 0,000429
проработке 3,912023 0,000429
прорыв 2,995732 0,000328
просвещение 2,302585 0,000504
просвещении 3,912023 0,000429
просвещения 1,897120 0,000416
проследить 3,218876 0,000353
прослеживается 2,120264 0,000465
прослеживаются 3,506558 0,000384
прослеживающийся 3,912023 0,000429
прослойки 3,912023 0,000429
просмотры -0,009950 -0,000001
проспект 1,021651 0,000112
проспекты 2,407946 0,000264
проспером 3,912023 0,000429
простейшей 3,912023 0,000429
простираются 2,813411 0,000308
просто 1,272966 0,000279
простоте 3,912023 0,000429
пространства 1,049822 0,000230
пространственных 3,506558 0,000384
пространство 1,203973 0,000396
пространством 3,506558 0,000384
простые 2,407946 0,000264
протест 3,912023 0,000429
против 0,798508 0,000700
противоположные 3,506558 0,000384
противопоставление 3,218876 0,000353
противопоставляет 3,912023 0,000429
противоречащих 3,912023 0,000429
противоречие 3,218876 0,000353
противоречило 3,912023 0,000429
противостояние 2,813411 0,000308
противостоянии 3,912023 0,000429
проторенессанс 3,912023 0,000429
протяжении 0,867501 0,000095
профессиональными 3,218876 0,000353
проходила 1,966113 0,000215
проходило 2,407946 0,000528
прохоров 1,078810 0,000118
процесс 1,108663 0,000243
процесса 1,714798 0,000376
процессе 1,309333 0,000287
процессов 1,347074 0,000295
процессом 2,813411 0,000308
прочее 0,653926 0,000072
прошедшего 3,506558 0,000384
прошла 1,560648 0,000171
прошлого 1,609438 0,000353
проявлениями 3,912023 0,000429
проявляла 3,912023 0,000429
прояснить 3,218876 0,000353
прудон 3,912023 0,000429
прямо 1,714798 0,000188
прямой 1,347074 0,000148
психиатрии 3,912023 0,000429
психическому 3,912023 0,000429
психологией 3,912023 0,000429
психологии 2,407946 0,000264
психологов 3,912023 0,000429
публикаций 2,407946 0,000528
публикация 2,659260 0,000291
публиковал 3,218876 0,000353
пустарнаков 3,912023 0,000857
пустоты 3,506558 0,000768
путем 0,941609 0,000516
пути 0,693147 0,000228
путь 0,820981 0,000090
пущаев 3,912023 0,000429
пытается 2,813411 0,001541
пытались 2,120264 0,000232
пытался 2,302585 0,000252
пытаясь 3,218876 0,000353
пьер 3,218876 0,000705
пяти 1,203973 0,000132
пятигорский 3,506558 0,000768
пятью 2,407946 0,000264
работ 0,941609 0,000103
работа 0,891598 0,000195
работает 0,755023 0,000414
работами 2,525729 0,000277
работах 2,120264 0,000929
работают 0,673345 0,000074
работе 1,237874 0,000271
работу 0,693147 0,000076
работы 0,314711 0,000241
радикальный 3,506558 0,000384
радикальных 3,506558 0,000384
разбиваются 3,912023 0,000429
разброс 3,912023 0,000429
развернуто 3,218876 0,000353
развивает 3,218876 0,000353
развивается 1,609438 0,000176
развивалась 1,966113 0,001292
развивали 3,506558 0,000384
развивались 2,813411 0,000308
развиваться 1,469676 0,000161
развивающаяся 3,506558 0,000384
развивающиеся 3,912023 0,000429
развиваясь 3,506558 0,000384
развил 3,218876 0,000353
развили 3,218876 0,000353
развитие 0,314711 0,000724
развитием 1,171183 0,000385
развитии 1,078810 0,000591
развитию 0,843970 0,000092
развития 0,287682 0,000315
развитого 3,506558 0,000384
развитый 3,218876 0,000353
развиться 3,912023 0,000429
разд 3,506558 0,000384
раздел 0,891598 0,000293
раздела 1,514128 0,000166
разделами 0,891598 0,000098
разделе 0,776529 0,000085
разделение 1,660731 0,001092
разделением 2,995732 0,000328
разделений 3,912023 0,000429
разделению 2,995732 0,000656
разделения 1,966113 0,000431
разделил 2,525729 0,000277
разделов 2,995732 0,000328
разделом 3,506558 0,000384
разделы 2,407946 0,001055
разделяется 2,302585 0,000252
разделяющих 3,912023 0,000429
различия 1,966113 0,000646
различны 3,912023 0,000429
различные 0,693147 0,000911
различным 1,469676 0,000322
различными 1,609438 0,000176
различных 0,385662 0,000338
размышлением 3,912023 0,000429
размышлениях 3,912023 0,000429
размышляет 3,912023 0,000429
размышляя 3,912023 0,000429
разнообразие 2,407946 0,000264
разнообразием 2,813411 0,000308
разнообразия 3,506558 0,000384
разную 3,912023 0,000429
разные 1,139434 0,000125
разным 1,609438 0,000353
разных 0,510826 0,000224
разнятся 3,912023 0,000429
разработанной 3,506558 0,000384
разработанному 3,218876 0,000353
разработки 1,203973 0,000132
разработчики -0,009950 -0,000001
разрешимых 3,912023 0,000429
разрушительным 3,218876 0,000353
разрыв 2,995732 0,000328
разум 3,912023 0,000429
разума 2,995732 0,001969
разумеется 3,506558 0,000384
рамках 0,544727 0,001014
рамки 2,207275 0,000242
рамок 3,506558 0,000768
ран 0,776529 0,000425
раннего 1,897120 0,000831
раннее 2,659260 0,000291
ранние 1,660731 0,000182
ранних 2,302585 0,000252
ранняя 2,525729 0,001107
раньше 1,171183 0,000128
раскола 3,506558 0,000384
распада 1,714798 0,000188
распалась 3,218876 0,000353
расплывчатость 3,912023 0,000429
распределенные 1,514128 0,000166
распространение 1,237874 0,000814
распространенное 3,218876 0,000353
распространены 1,832581 0,000602
распространяется 1,897120 0,000208
рассвет 2,813411 0,000308
рассел 3,506558 0,001536
рассела 3,912023 0,001286
расселения 1,966113 0,000215
расселом 3,912023 0,000429
рассматривает 2,525729 0,000277
рассматривается 2,302585 0,000252
рассматривались 2,995732 0,000328
рассматривать 1,966113 0,000215
рассматриваться 2,659260 0,000291
рассматривают 2,407946 0,000264
рассматриваются 2,120264 0,000232
рассмотрение 2,813411 0,000308
рассуждать 3,912023 0,000429
рассуждение 3,506558 0,000768
рассуждений 2,995732 0,001641
рассуждения 3,218876 0,001763
растянувшейся 3,912023 0,000429
расцветает 3,506558 0,000384
рафаеля 3,912023 0,000429
рационализация 3,912023 0,000429
рационализировать 3,912023 0,000857
рационализм 3,912023 0,001714
рационализма 3,218876 0,001058
рационалистам 3,912023 0,000429
рационалистических 3,912023 0,000429
рационалисты 3,912023 0,000429
рационально 3,912023 0,001714
рационального 3,218876 0,001410
рациональное 3,506558 0,000384
рациональной 3,912023 0,001714
рациональность 3,912023 0,000429
рациональный 3,506558 0,000384
рациональным 3,912023 0,000429
рациональных 3,912023 0,001286
реализм 3,506558 0,000384
реализму 3,912023 0,000857
реалистичная 3,912023 0,000429
реальности 2,813411 0,002157
реальностью 3,506558 0,000384
реальным 3,218876 0,000353
реальных 2,659260 0,000291
революцией 2,525729 0,000553
революции 0,693147 0,000456
революций 3,506558 0,000384
революционные 2,659260 0,000291
революцию 2,659260 0,000291
революция 1,427116 0,000313
регионах 1,771957 0,000582
ред 0,235722 0,000052
редукции 3,912023 0,000429
редукционизм 3,912023 0,001714
редукционизму 3,912023 0,000857
редукция 3,912023 0,000857
редуцировать 3,912023 0,000429
результата 3,218876 0,000353
результате 0,342490 0,000188
результатом 1,771957 0,000194
результаты 1,237874 0,000271
рекатегоризации 3,912023 0,000857
рекламные 2,659260 0,000291
рекомендующая 3,912023 0,000429
реконцептуализации 3,912023 0,000429
религией 3,218876 0,000705
религии 2,040221 0,002011
религий 2,302585 0,000504
религиозно-философской 3,912023 0,000429
религиозного 3,506558 0,000384
религиозную 3,506558 0,000384
религию 3,218876 0,000353
религия 0,843970 0,000092
релятивизм 3,912023 0,003000
релятивизма 3,912023 0,000429
релятивизме 3,912023 0,000429
релятивизму 3,912023 0,000429
релятивисткое 3,912023 0,000429
релятивистские 3,912023 0,000429
рене 3,912023 0,000857
ренессанс 2,525729 0,000277
репрессивным 3,912023 0,000429
республика 0,843970 0,000185
ресурсы 0,020203 0,000002
ретроспективе 3,912023 0,000429
реформ 2,207275 0,000242
реформация 3,912023 0,000429
речи 2,040221 0,000670
решений 1,660731 0,000182
решения 0,967584 0,000106
решительно 3,218876 0,000353
рикардо 3,912023 0,000429
римских 3,506558 0,000384
римской 2,813411 0,000308
риторика 3,218876 0,000353
риторики 3,912023 0,000857
род 2,120264 0,000232
рода 1,560648 0,000171
родена 3,912023 0,000429
роджер 2,813411 0,000308
родства 3,506558 0,000384
родственных 0,755023 0,000083
роль 0,579818 0,000127
романы 3,912023 0,000429
росенко 3,912023 0,001286
россии 0,186330 0,000490
российская 0,186330 0,000020
российские 0,994252 0,000109
российского 0,634878 0,000070
российское 1,771957 0,000194
российской 0,385662 0,000084
российском 2,040221 0,000223
россиус 3,912023 0,000429
россию 1,966113 0,000431
рубеже 1,560648 0,000171
русиньскый 0,000000 0,000000
русская 0,867501 0,000380
русский -0,009950 -0,000001
русских 0,843970 0,000555
русского 0,494296 0,000054
русской 0,673345 0,000811
русском 1,049822 0,000345
руссо 3,218876 0,000353
рушд 3,912023 0,000429
ряд 0,385662 0,000169
ряда 0,994252 0,000109
саадия 3,912023 0,000429
сагуна 3,912023 0,000429
садра 3,912023 0,000429
сайты 0,478036 0,000052
самарин 3,912023 0,000429
самими 3,218876 0,000353
самих 2,659260 0,000291
само 2,040221 0,000447
самобытных 3,912023 0,000429
самого 0,891598 0,000684
самодержавия 2,813411 0,000308
самое 0,994252 0,000109
самой 0,916291 0,000201
самом 1,108663 0,000364
самостоятельно 2,120264 0,000697
самостоятельное 2,995732 0,000328
самостоятельной 2,995732 0,000328
самостоятельную 2,207275 0,000242
самостоятельные 2,525729 0,000277
саму 2,995732 0,000984
самураев 3,912023 0,000429
самые 1,021651 0,000112
самый 0,579818 0,000127
самым 0,653926 0,000215
самых 0,544727 0,000418
санкт-петербург 0,776529 0,000340
санкт-петербургского 2,207275 0,000242
санкхья 3,912023 0,000429
санскр 3,912023 0,000429
сартр 3,506558 0,000384
саха 2,813411 0,000308
сближение 3,912023 0,000429
сборника 3,506558 0,000384
сборники 3,218876 0,000353
сбылись 3,912023 0,000429
сверхчеловеком 3,912023 0,000429
сверхъестественное 3,506558 0,000384
свидетельствуют 2,407946 0,000264
свобода 1,771957 0,000194
свободно 2,302585 0,000252
свободной -0,009950 -0,000001
свободой 3,912023 0,000429
свободу 2,302585 0,000504
свободы 1,714798 0,000376
сводилась 3,218876 0,000353
сводятся 3,912023 0,000429
свое 0,616186 0,000337
своего 0,776529 0,000425
своей 0,776529 0,001191
своем 1,560648 0,000513
своеобразный 3,506558 0,000384
свои 0,755023 0,000414
своим 0,967584 0,000636
своими 1,427116 0,000313
своих 0,776529 0,000510
свойств 1,966113 0,000215
свойствах 2,659260 0,000291
свойственен 3,912023 0,000857
свыше 0,891598 0,000195
свяжитесь -0,009950 -0,000001
связан 1,171183 0,000385
связана 1,078810 0,000355
связанная 2,302585 0,000252
связанное 1,897120 0,000208
связанной 2,659260 0,000583
связанные 1,021651 0,000448
связанным 2,659260 0,000291
связанных 1,171183 0,000257
связано 1,078810 0,000709
связаны 1,237874 0,000407
связи 0,235722 0,000258
связке 3,506558 0,000384
связывается 2,525729 0,000277
связывающей 2,813411 0,000308
связь 0,616186 0,000067
священные 3,912023 0,000429
священными 3,912023 0,000429
сделали 2,407946 0,000264
сделало 2,813411 0,000308
сделано 2,995732 0,000328
сдерживал 3,912023 0,000429
сегмент 3,912023 0,000857
сегментации 3,506558 0,000384
сегментаций 3,912023 0,000429
сегментировано 3,912023 0,000429
сегодняшний 1,660731 0,000182
сей 1,660731 0,000364
сектами 3,912023 0,000429
секуляризации 3,912023 0,000429
сельджукского 3,912023 0,000429
семантика 2,995732 0,000328
семинариях 3,912023 0,000429
семиотика 3,506558 0,003457
семиотики 3,912023 0,000429
семиотических 3,912023 0,000429
сентября 0,072571 0,000032
серебряным 2,659260 0,000291
середина 2,120264 0,000232
середине 0,562119 0,000062
середины 0,967584 0,000318
серль 3,912023 0,000429
серьезного 3,218876 0,000353
серьезной 3,218876 0,000353
серьезные 2,207275 0,000484
серьезным 2,813411 0,000308
сибирь 1,469676 0,000161
силлогизм 3,912023 0,001714
силлогизма 3,912023 0,000429
силлогизмов 3,912023 0,001714
силового 3,912023 0,000429
силу 1,021651 0,000112
сильно 0,776529 0,000085
сильный 2,302585 0,000252
символа 2,207275 0,000242
символического 3,506558 0,000384
синергетика 3,912023 0,000429
синонимы 3,506558 0,000384
сират 3,912023 0,000429
систем 0,798508 0,000087
система 0,235722 0,000052
системам 3,506558 0,000384
систематизацией 3,912023 0,000429
систематизировал 3,912023 0,000429
систематизированы 3,506558 0,000384
системеобсуждениевкладсоздать -0,009950 -0,000001
систему 0,673345 0,000148
системы 0,342490 0,000188
ситуации 1,347074 0,000148
сих 1,078810 0,000118
сказалось 2,813411 0,000308
сказывалось 3,912023 0,000429
сказываются 3,912023 0,000429
скакун 3,506558 0,000384
скачать -0,009950 -0,000001
сквозь 2,659260 0,000291
скепсис 3,912023 0,000429
скептики 3,912023 0,000857
скептики-софисты 3,912023 0,000429
скептицизм 3,912023 0,000857
скептицизма 3,912023 0,000429
складывается 2,525729 0,000277
скобки 3,506558 0,000384
сковорода 3,912023 0,000429
сколько 0,653926 0,000215
скомбинировали 3,912023 0,000429
сконструированными 3,912023 0,000429
скорее 1,966113 0,000646
скорой 1,832581 0,000201
скульптура 1,171183 0,000128
славянофилам 3,912023 0,000429
славянофилов 3,912023 0,000429
слева 1,108663 0,000121
слегка 2,813411 0,000308
след 2,302585 0,000252
следования 2,302585 0,000252
следовательно 2,207275 0,000484
следовать 3,506558 0,000384
следствие 1,832581 0,000602
следствия 2,813411 0,000308
следствиями 3,912023 0,000429
следующие 0,544727 0,000060
следующих 1,386294 0,000152
следуя 3,218876 0,000353
следы 2,302585 0,000252
слов 1,560648 0,000171
слова 0,562119 0,000123
словами 2,040221 0,000223
словари 0,116534 0,000013
словарь 0,274437 0,000120
слово 0,673345 0,000369
слоев 2,040221 0,000223
сложившимся 3,506558 0,000384
сложного 3,218876 0,000353
сложном 2,813411 0,000308
слон 2,813411 0,000616
служанка 3,506558 0,000384
службу 2,207275 0,000242
случае 0,843970 0,000462
случаи 1,714798 0,000188
случалось 3,218876 0,000353
случаях -0,009950 -0,000002
смена 2,040221 0,000223
смену 1,966113 0,000646
смертен 3,912023 0,000429
смертностью 3,912023 0,000429
смертны 3,912023 0,000429
сместился 3,506558 0,000384
смешались 3,912023 0,000429
смирнов 2,302585 0,000252
смысл 2,407946 0,001583
смысла 2,813411 0,000925
смысле 1,832581 0,002409
смыслом 3,912023 0,000857
сначала 1,386294 0,000304
снижается 1,714798 0,000188
снижения 1,714798 0,000188
собирательно 3,912023 0,000429
собой 0,328504 0,000216
собрание 0,941609 0,000309
собственно 1,386294 0,000456
собственной 1,660731 0,000182
собственности 1,514128 0,000332
собственную 2,407946 0,000528
собственным 2,995732 0,000328
событияпожертвовать -0,009950 -0,000001
совершенна 3,912023 0,000429
совершенно 2,302585 0,000504
совершенный 3,218876 0,000353
совершенных 2,407946 0,000264
совершенствование 2,207275 0,000967
совершенствовании 3,912023 0,000429
совершенствования 3,506558 0,000768
совершить 3,218876 0,000705
советская 0,371064 0,000203
советский 0,755023 0,000083
советское 0,994252 0,000109
советской 0,755023 0,000083
совместить 3,506558 0,000384
совокупности 2,120264 0,000697
совокупность 1,660731 0,000364
современная 1,108663 0,000486
современник 2,813411 0,000308
современниками 3,506558 0,000384
современного 0,653926 0,000072
современное 1,108663 0,000121
современной 0,579818 0,000508
современному 2,813411 0,000308
современность 1,609438 0,000353
современные 0,916291 0,000100
современным 1,832581 0,000201
современными 2,407946 0,000264
современных 0,713350 0,000391
согласно 0,301105 0,000165
соглашается 3,912023 0,000429
соглашающихся 3,912023 0,000429
содержание 0,010050 0,000001
содержатся 3,218876 0,000353
содержащих 2,525729 0,000277
содержимое 2,302585 0,000252
содержит 1,386294 0,000456
соединенные 2,995732 0,000328
создавали 3,506558 0,000384
создали 2,207275 0,000242
созданы 1,078810 0,000118
создать 1,171183 0,000128
сознание 3,218876 0,001058
сознанием 3,912023 0,000429
сознании 3,218876 0,000353
сознания 2,120264 0,004645
сокал 3,912023 0,000429
соколов 1,966113 0,000215
сократ 2,995732 0,000984
сократа 3,912023 0,001714
сократом 3,912023 0,000429
сократу 3,912023 0,000429
солнце 1,714798 0,000188
соловьев 2,040221 0,000670
солонин 3,912023 0,000857
сомневался 3,912023 0,000429
сомнение 2,407946 0,000264
сомнению 3,506558 0,000768
сомнения 2,813411 0,000308
сообщить -0,009950 -0,000001
соответственно 1,021651 0,000224
соответствии 0,446287 0,000098
соответствует 1,427116 0,000156
соответствующую 2,813411 0,000308
соотносит 3,912023 0,000429
соотносят 3,506558 0,000384
сопоставления 3,506558 0,000384
сопутствующую 3,912023 0,000429
соседними 2,659260 0,000291
сосредоточившим 3,912023 0,000429
соссюра 3,912023 0,000857
составляли 1,660731 0,000182
составляющие 2,407946 0,000264
состоит 0,755023 0,000414
состоял 2,659260 0,000291
состояние 0,733969 0,000080
состоянии 1,309333 0,000143
состоянию 0,544727 0,000060
состояться 3,506558 0,000384
состоящих 2,813411 0,000308
сосуществование 3,506558 0,000384
сосуществования 3,912023 0,000429
софизм 3,912023 0,000429
софистов 3,912023 0,000857
софисты 3,912023 0,002143
сохранением -0,009950 -0,000001
сохранившиеся 2,525729 0,000277
сохранились 1,609438 0,000353
сохраняет 2,207275 0,000242
сохраняются 2,302585 0,000252
социализированный 3,912023 0,000429
социальная 1,514128 0,000663
социально 2,995732 0,000328
социальной 1,386294 0,000152
социальные 1,660731 0,000182
социальными 3,506558 0,000384
социальных 0,941609 0,000103
сочетала 3,912023 0,000429
сочетали 3,506558 0,000384
сочетание 2,659260 0,000291
сочетании 2,525729 0,000553
сочинений 2,525729 0,000830
сочинения 2,120264 0,000232
спасает 3,912023 0,000429
спб 0,385662 0,000042
спектр 1,897120 0,000208
сперва 3,506558 0,000384
специализированных 1,514128 0,000166
специалистами 1,966113 0,000215
специалистов 1,078810 0,000118
специальной 2,120264 0,000232
специальный 1,832581 0,000201
специфические 2,995732 0,000328
спиноза 3,912023 0,000857
спиркин 3,506558 0,000768
список 0,248461 0,000027
спорта 0,916291 0,000100
способ 1,966113 0,000215
способа 2,659260 0,000291
способе 3,218876 0,000353
способом 1,771957 0,000194
способствовала 2,995732 0,000328
способствовало 1,609438 0,000176
способствует 1,609438 0,000176
справа 1,714798 0,000188
справедливости 2,659260 0,000291
справедливость 3,218876 0,000353
справляется 3,912023 0,000429
справочная 2,407946 0,000528
спровоцировало 3,506558 0,000768
сравнению 1,078810 0,000118
сравнительная 3,912023 0,000429
сразу 0,994252 0,000218
среди 0,198451 0,000196
средиземноморских 3,912023 0,000429
срединная 3,506558 0,000384
средневековая 2,407946 0,002901
средневековой 2,040221 0,000670
средневековые 2,659260 0,000291
средневековый 2,525729 0,000277
средние 0,941609 0,000206
средним 1,832581 0,000201
средств 0,597837 0,000065
средства 0,415515 0,000046
средством 2,207275 0,000242
срок 1,237874 0,000136
српски 0,000000 0,000000
српскохрватски 0,000000 0,000000
ссср 0,314711 0,000103
ссылая 3,912023 0,000429
ссылаясь 2,813411 0,000308
ссылка 0,274437 0,000060
ссылками 0,186330 0,000041
ссылкамивикипедия 1,609438 0,000176
ссылкасведения -0,009950 -0,000001
ссылки -0,009950 -0,000007
ссылкой 2,302585 0,000252
ссылкойвикипедия 1,660731 0,000182
ссылкойстатьи 2,302585 0,000252
ста 2,040221 0,000447
ставили 2,659260 0,000583
ставит 2,302585 0,000252
ставится 2,813411 0,000308
ставят 2,659260 0,000291
ставящая 3,912023 0,000429
стал 0,314711 0,000103
стала 0,462035 0,000152
стали 0,430783 0,000378
сталин 2,525729 0,000277
стало 0,494296 0,000054
стандартных 2,813411 0,000308
стандартом 2,302585 0,000252
стандарты 1,966113 0,000431
станет 1,309333 0,000143
станкевич 3,218876 0,000353
становились 2,525729 0,000277
становится 0,527633 0,000116
становление 1,966113 0,001077
становлении 2,995732 0,000328
становления 1,609438 0,000176
становясь 3,506558 0,000384
становятся 1,714798 0,000564
станут 2,120264 0,000232
старались 3,912023 0,000429
старалось 3,912023 0,000429
старая 0,430783 0,000047
статей 0,967584 0,000106
статистика -0,009950 -0,000001
статус 0,510826 0,000112
статуса 1,309333 0,000143
статуя 3,506558 0,000384
стать 1,203973 0,000264
статьестатьи 0,843970 0,000092
статьи 0,072571 0,000175
статьислучайная -0,009950 -0,000001
статьисообществофорумсправкасвежие -0,009950 -0,000001
статью 0,616186 0,000202
статья 0,105361 0,000185
статьяобсуждение -0,009950 -0,000001
статьятекущие -0,009950 -0,000001
степанянц 3,912023 0,001286
степени 0,843970 0,000092
степень 1,714798 0,000188
степин 3,506558 0,003457
стереотипов 3,912023 0,000429
стереотипы 3,912023 0,000429
стилям 3,218876 0,000353
стихийно 2,995732 0,000328
стоицизм 3,912023 0,000857
стоически 3,912023 0,000429
столкновение 3,218876 0,000353
столкнуться 3,506558 0,000384
столпами 3,912023 0,000429
столько 1,832581 0,000602
сторонником 3,506558 0,000384
стороннюю 3,912023 0,000429
сторону 1,171183 0,000257
стороны 0,430783 0,000661
стран 0,597837 0,000065
странах 1,560648 0,000342
страница -0,009950 -0,000001
страницасодержаниеизбранные -0,009950 -0,000001
странице 2,120264 0,000232
страницецитировать -0,009950 -0,000001
страницуполучить -0,009950 -0,000001
страницы -0,009950 -0,000005
страницыслужебные -0,009950 -0,000001
странствующие 3,912023 0,000429
страны 0,634878 0,000070
стратегии 2,040221 0,000223
стремительное 3,218876 0,000705
стремится 3,218876 0,000705
строгая 3,218876 0,000705
строгий 3,912023 0,000429
строго 2,525729 0,000553
строгой 3,506558 0,000768
строгости 3,912023 0,000429
строили 2,659260 0,000291
строится 1,272966 0,000279
стройного 3,912023 0,000429
структур 2,659260 0,000291
структура 0,967584 0,000106
структурализм 3,912023 0,001714
структурализма 3,912023 0,000429
структурализмом 3,912023 0,000429
структуралисты 3,912023 0,000429
структурная 2,995732 0,000656
структуры 1,171183 0,000128
студенты-бакалавры 3,912023 0,000429
ступеней 3,506558 0,000768
субстанции 3,912023 0,000429
субстанция 3,912023 0,000429
субъект 0,820981 0,000090
субъекта 2,302585 0,000252
субъективной 3,912023 0,000429
сугубо 2,525729 0,000277
судьбы 2,659260 0,000583
сужение 3,506558 0,000768
супранатурализм 3,912023 0,000429
сути 2,120264 0,000465
суть 2,813411 0,000616
суфизм 3,912023 0,001286
сущего 3,506558 0,000768
существа 3,218876 0,000353
существенно 1,108663 0,000121
существенное 2,207275 0,000242
существительного 3,912023 0,000429
существительными 3,506558 0,000384
существование 1,049822 0,000805
существовании 2,302585 0,000504
существования 1,272966 0,000697
существует 0,446287 0,000391
существую 3,912023 0,000429
существуют 0,162519 0,000107
существующего 2,659260 0,000291
существующие 2,040221 0,000223
существующим 2,813411 0,000308
существующих 1,714798 0,000188
сущности 2,302585 0,000504
сущность 2,659260 0,000583
сформировал 3,506558 0,000384
сформулировал 3,218876 0,002116
сформулировали 3,912023 0,000429
сформулирована 3,506558 0,000768
сформулированного 3,912023 0,000429
сформулировано 3,506558 0,000384
схема 1,386294 0,000152
схеме 2,120264 0,000232
схожая 3,912023 0,000429
схожей 3,912023 0,000429
схоластизированного 3,912023 0,000429
схоластика 3,912023 0,000429
схоластики 3,912023 0,000429
схоластикой 3,912023 0,001286
сциентизм 3,506558 0,001152
счастье 3,218876 0,000705
счете 2,813411 0,000308
счету 2,813411 0,000616
считается 0,693147 0,000152
считал 2,407946 0,001846
считали 2,302585 0,000252
считать 0,994252 0,000109
считают 1,660731 0,000546
считаются 1,897120 0,000208
считая 2,207275 0,000484
сша 0,562119 0,000185
сычев 3,218876 0,000353
сюдасвязанные -0,009950 -0,000001
таврического 3,506558 0,000384
таиланд 2,813411 0,000308
также 0,000000 0,000000
такие 0,261365 0,000143
таким 0,527633 0,001156
таких 0,510826 0,000224
такого 1,237874 0,000136
такое 1,108663 0,001214
таком 1,660731 0,000364
такому 2,995732 0,000328
тан 3,506558 0,000384
тараненко 3,506558 0,000384
тарашкев 0,000000 0,000000
тарский 3,506558 0,000384
татарча 0,000000 0,000000
тахо-годи 3,218876 0,001058
творческий 2,659260 0,000291
творческую 3,506558 0,000384
творчестве 2,302585 0,000252
тезис 3,506558 0,000384
тезисы 3,218876 0,000353
текст -0,009950 -0,000003
текста 1,966113 0,000215
текстами 3,506558 0,000384
текстах 2,525729 0,000277
тексте 2,407946 0,000264
текстов 1,966113 0,001292
текстуально 3,912023 0,000429
текстуальное 3,912023 0,000429
тексты 2,120264 0,001161
текущую 3,218876 0,000353
тела 1,897120 0,000208
тема 1,897120 0,000416
тематическая 3,912023 0,000857
тематические 0,510826 0,000056
теме 2,407946 0,000264
темпами 2,302585 0,000252
темпах 3,506558 0,000384
тенденции 1,832581 0,000201
теням 3,912023 0,000429
теологией 3,912023 0,000429
теологии 3,218876 0,000705
теологические 3,912023 0,000429
теорема 3,218876 0,000705
теорему 3,912023 0,000429
теоремы 3,506558 0,000384
теоретизирование 3,912023 0,000429
теоретическая 2,407946 0,001319
теоретически 3,218876 0,000353
теоретическое 3,506558 0,000384
теоретической 2,659260 0,000291
теоретическом 3,912023 0,000429
теоретическую 3,218876 0,000353
теории 1,514128 0,001824
теорий 2,995732 0,000984
теория 1,386294 0,000304
теориями 2,995732 0,000328
теософии 3,912023 0,000429
термин 1,049822 0,000690
термина 0,400478 0,000132
терминологию 3,912023 0,000429
термином 2,302585 0,000252
термины 2,407946 0,000264
территории 0,400478 0,000088
тесно 1,832581 0,000401
тестах 3,912023 0,000429
тех 0,798508 0,000262
техники 0,867501 0,000190
технического 1,514128 0,000166
технологий 0,653926 0,000072
течение 0,527633 0,000405
течением 1,771957 0,000194
течений 2,659260 0,001165
течению 1,714798 0,000188
течения 1,897120 0,001039
течениям 3,912023 0,000429
течениями 3,218876 0,000353
тики 0,000000 0,000000
тимология 3,912023 0,000429
типам 1,609438 0,000353
типичной 3,506558 0,000384
типы 1,514128 0,000166
титаренко 3,912023 0,000857
титульный 3,912023 0,000429
ткаченко 3,912023 0,000857
товарный -0,009950 -0,000001
тождества 3,912023 0,000429
той 1,049822 0,000345
толкование 3,218876 0,000353
толкования 3,506558 0,000384
томас 2,659260 0,000874
томах 1,832581 0,000201
тому 1,108663 0,000243
точки 1,049822 0,000690
точкой 2,120264 0,000232
точку 2,407946 0,000264
точное 2,207275 0,000242
точность 2,659260 0,000291
точную 3,218876 0,000705
точными 3,912023 0,000429
точных 2,813411 0,000308
традицией 2,995732 0,000328
традиции 1,386294 0,002582
традиций 2,207275 0,000484
традиционно 1,347074 0,000148
традиционную 3,912023 0,000429
традиционных 2,302585 0,000252
традицию 2,813411 0,000308
традиция 2,207275 0,001209
традициях 2,407946 0,000528
трактаты 3,218876 0,000353
трактуется 3,218876 0,000353
трансгуманизм 3,912023 0,003000
трансгуманизма 3,912023 0,002143
трансформации 2,525729 0,000553
трансформировал 3,912023 0,000429
трансцендентальный 3,912023 0,000857
трансцендентного 3,912023 0,000429
требует 1,427116 0,000156
требуется 1,714798 0,000376
требующие 1,347074 0,000443
тревоги 3,912023 0,000857
трем 2,525729 0,000277
третьему 3,218876 0,000353
трех 0,713350 0,000234
трехчленный 3,912023 0,000429
триумфа 3,218876 0,000353
трудами 3,218876 0,000705
трудах 2,995732 0,000328
труде 3,218876 0,000353
трудно 2,407946 0,000264
трудов 1,966113 0,000215
труды 1,469676 0,000322
трудящихся 2,120264 0,000232
тургенев 3,218876 0,000353
тыва 2,995732 0,000328
тыла 1,897120 0,000208
тысячелетие 2,813411 0,000308
тысячелетия 2,040221 0,000447
тысячи 0,597837 0,000131
тюремные 3,912023 0,000429
уайтхед 3,506558 0,000768
убедительно 3,506558 0,000384
убежден 2,995732 0,000328
убеждения 3,218876 0,000705
убиты 2,995732 0,000328
увлечения 3,912023 0,000429
увязана 3,912023 0,000429
увязываются 3,912023 0,000429
углубляет 3,912023 0,000429
углубляющий 3,912023 0,000429
уголках 3,912023 0,000857
удается 2,813411 0,000616
удалось 1,237874 0,000271
уделили 3,912023 0,000429
уделяет 3,218876 0,000353
уделяла 3,912023 0,000429
удовлетворяет 2,813411 0,000308
удовлетворять 3,912023 0,000429
узкие 3,218876 0,000353
узких 2,813411 0,000308
узко 3,912023 0,000429
узком 2,813411 0,000308
уиллард 3,506558 0,000768
уильяма 3,218876 0,000353
указал 2,813411 0,000308
указан 0,139262 0,000031
указанием -0,009950 -0,000001
указывает 1,660731 0,000546
указывал 3,912023 0,000429
указывают 2,525729 0,000277
укр 2,040221 0,000223
укра 0,000000 0,000000
улице 0,916291 0,000100
уловки 3,912023 0,000429
улучшите 1,897120 0,000208
ульяновск 1,078810 0,000118
умеренного 1,897120 0,000208
универсалии 3,912023 0,000429
универсалий 3,912023 0,000429
универсальная 0,891598 0,000098
универсальное 3,912023 0,000429
университета 0,446287 0,000098
университетах 2,659260 0,000291
упанишад 3,912023 0,000429
упанишады 3,912023 0,000429
упомянутой 3,912023 0,000429
употребление 2,407946 0,000264
управляемую 3,912023 0,000429
уровень 0,579818 0,000127
уровне 0,916291 0,000301
уровня 0,634878 0,000070
усвоена 3,912023 0,000429
усилиями 2,659260 0,000291
условием 2,995732 0,000656
условий -0,009950 -0,000001
условия -0,009950 -0,000002
условиях 1,049822 0,000115
усматриваемых 3,912023 0,000429
усовершенствовать 3,218876 0,000705
успехи 1,832581 0,000201
успешное 2,813411 0,000308
установив 3,506558 0,000384
установок 2,813411 0,000308
устранив 3,912023 0,000429
устройства 1,309333 0,000143
усугубляющим 3,912023 0,000429
утверждал 2,813411 0,000308
утверждая 2,995732 0,000328
утверждение 1,832581 0,000201
утверждений 2,995732 0,000656
утверждения 2,525729 0,000553
утверждениями 0,713350 0,000078
утопическая 3,912023 0,000429
уточнения 1,514128 0,000166
уточните 2,813411 0,000308
уточнить 2,120264 0,000232
уттарадит 3,912023 0,000429
уходит 2,207275 0,000242
уходящая 3,912023 0,000429
участие -0,009950 -0,000003
учеб 2,995732 0,000328
ученая 3,912023 0,000429
учение 3,218876 0,000705
учении 3,912023 0,000429
учений 3,218876 0,000353
ученик 3,506558 0,000384
ученика 3,506558 0,001152
ученикам 3,912023 0,000429
учениками 3,506558 0,000384
учеников 2,995732 0,000328
учения 2,813411 0,000616
ученые 1,427116 0,000469
учетную -0,009950 -0,000001
учетом 0,755023 0,000083
учивший 3,912023 0,000429
учителем 3,506558 0,000384
учитель 2,407946 0,000264
ущербные 3,912023 0,000429
фазу 3,218876 0,000353
факт 1,514128 0,000166
фактически 0,916291 0,000100
фактором 2,040221 0,000223
факультеты 3,218876 0,000353
фалес 3,912023 0,000857
фальсифицируемости 3,912023 0,000857
фальсифицируемость 3,912023 0,000429
федоров 2,302585 0,000252
федорова 2,207275 0,000242
фейерабенд 3,912023 0,000429
феминизма 3,506558 0,000384
феномена 2,995732 0,000328
феноменологии 3,912023 0,002143
феноменологическая 3,912023 0,000857
феноменологического 3,912023 0,000429
феноменологию 3,912023 0,000857
феноменология 3,912023 0,002571
феномену 3,912023 0,000429
феномены 3,912023 0,000429
феофан 2,995732 0,000328
фердинанда 3,912023 0,000429
фигурой 3,506558 0,000384
физик 3,218876 0,000353
физики 1,560648 0,000513
физикой 3,506558 0,000384
физику 3,218876 0,000353
физическое 3,912023 0,000429
физической 1,514128 0,000166
филолог 3,912023 0,000429
филосо 0,000000 0,000000
философ 2,813411 0,001541
философа 3,218876 0,000353
философам 3,912023 0,002143
философами 3,218876 0,001410
философами-схоластами 3,912023 0,000429
философией 3,506558 0,004225
философии 2,659260 0,063212
философииосновные 3,912023 0,000429
философий 3,912023 0,000857
философию 3,218876 0,015162
философия 2,120264 0,060851
философияскрытые 3,912023 0,000429
философов 3,218876 0,009520
философов-гуманистов 3,912023 0,000429
философом 3,912023 0,002143
философская 3,218876 0,005994
философские 2,995732 0,006235
философский 3,218876 0,001410
философским 3,218876 0,002468
философскими 3,912023 0,000857
философских 2,525729 0,005810
философского 3,912023 0,003000
философское 3,506558 0,001921
философской 3,218876 0,005994
философском 3,506558 0,000768
философскому 3,912023 0,000429
философскую 3,912023 0,001286
философствовать 3,912023 0,000429
философы 2,995732 0,006563
фильм 1,386294 0,000152
фиске 3,912023 0,000429
фихте 3,912023 0,000857
фия 0,000000 0,000000
фламмариона 3,912023 0,000429
фокус 3,506558 0,000384
фома 2,659260 0,000874
фомы 3,912023 0,000429
фонд -0,009950 -0,000001
форм 1,347074 0,000295
форма 1,514128 0,000166
формализации 3,218876 0,000705
формализована 3,912023 0,000429
формализовать 3,912023 0,000429
формализует 3,912023 0,000429
формально 2,525729 0,000277
формального 3,506558 0,000384
формальное 3,218876 0,000705
формальному 3,218876 0,000353
формам 2,659260 0,000291
форме 0,941609 0,000103
формирование 1,078810 0,000236
формированием 2,995732 0,000656
формировании 1,897120 0,000208
формированию 2,813411 0,000308
формирования 1,108663 0,000121
формироваться 2,302585 0,000252
формирует 2,207275 0,000484
формируется 1,832581 0,000201
формируются 2,120264 0,000232
формирующие 3,506558 0,000384
формула 2,525729 0,000277
формулировкой 3,912023 0,000429
формулирует 3,506558 0,000768
формулируется 3,506558 0,000384
формулируя 3,912023 0,000429
формы 0,941609 0,000309
фрагмент 2,407946 0,000264
франку 3,912023 0,000429
франкфорт 3,912023 0,000429
франкфуртской 3,912023 0,000429
франсуа 3,218876 0,000353
францем 3,912023 0,000429
франции 1,609438 0,000353
французский 2,040221 0,000223
французскими 3,912023 0,000429
французских 3,218876 0,001058
французского 2,659260 0,000291
французское 3,912023 0,001286
французской 2,407946 0,000528
французском 3,506558 0,000384
французскую 3,912023 0,000429
фреге 3,912023 0,000857
фрейдизмом 3,912023 0,000429
фрески 3,912023 0,000429
фридрих 3,506558 0,000384
фролов 2,813411 0,000616
фролова 3,506558 0,001152
фрэнсис 3,506558 0,000384
фукидида 3,506558 0,000384
фуко 3,912023 0,001286
фундаментально 3,506558 0,000384
фундаментального 3,912023 0,000429
фундаментальную 3,912023 0,000429
фундаментальные 2,040221 0,000223
фундаментальный 3,218876 0,000353
фундаментальных 2,813411 0,000308
фундаментом 3,506558 0,000384
функциональных 3,218876 0,000353
хабермас 3,912023 0,000857
хабибуллина 3,912023 0,000429
хайдеггер 3,506558 0,000384
хайдеггера 3,912023 0,000857
хайдеггером 3,912023 0,000429
ханс-георг 3,912023 0,000429
хань 3,506558 0,000384
характер 0,994252 0,000109
характера 1,771957 0,000194
характеризуется 0,941609 0,000206
характеристик 2,207275 0,000242
характеристиках 3,912023 0,000429
характерно 1,609438 0,000353
характерной 2,302585 0,001009
характерны 1,514128 0,000166
характерным 3,912023 0,000429
характерными 2,659260 0,000291
хилари 3,912023 0,000429
химии 1,832581 0,000201
химию 3,912023 0,000429
ходе 0,562119 0,000062
холизма 3,912023 0,000429
хомяков 3,218876 0,000353
хотя 0,653926 0,000860
храме 2,525729 0,000277
хранила 3,506558 0,000384
христа 1,966113 0,000215
христианами 3,912023 0,000429
христианская 2,995732 0,000656
христианским 3,506558 0,000384
христианскими 3,912023 0,000429
христианского 3,506558 0,000384
христианской 3,218876 0,001410
христианском 3,912023 0,000429
христианства 2,659260 0,000291
христианство 1,832581 0,001204
хрущевская 3,912023 0,000429
художественной 1,469676 0,000161
художника 1,771957 0,000194
хуэйкэ 3,912023 0,000429
целесообразность 3,506558 0,000384
цели 1,660731 0,000364
целиком 1,897120 0,000416
целое 2,407946 0,000264
целом 0,755023 0,000496
целостности 2,813411 0,000308
целостность 3,506558 0,000768
целым 3,218876 0,000353
целью 0,733969 0,000080
цензурируя 3,912023 0,000429
цензурой 3,506558 0,000384
цензуры 3,218876 0,000353
ценной 3,506558 0,000384
ценностей 2,813411 0,001233
ценностную 3,912023 0,000429
ценность 2,120264 0,000465
ценностью 2,995732 0,000328
ценный 3,506558 0,000384
центр 0,400478 0,000044
цепочкам 3,912023 0,000429
церкви 0,916291 0,000502
церковной 2,995732 0,000328
церковных 2,813411 0,000616
церковью 2,207275 0,000242
цзя 3,912023 0,000429
цивилизации 2,040221 0,000894
цивилизаций 2,995732 0,000656
цивилизацию 3,506558 0,000384
цивилизованного 3,912023 0,000429
цивилизованность 3,912023 0,000429
циолковский 3,218876 0,000353
циолковского 2,525729 0,000553
чаадаев 3,506558 0,000384
чанышев 3,912023 0,001714
чань-буддизм 3,912023 0,000857
чань-буддизма 3,912023 0,000429
чарльза 3,912023 0,000429
чарльзом 3,912023 0,000429
частей 1,139434 0,000125
части 0,198451 0,000043
частиц 2,659260 0,000291
частицам 3,912023 0,000429
частичка 3,912023 0,000429
частички 3,912023 0,000429
частично 0,653926 0,000143
частичную 3,506558 0,000384
частной 2,207275 0,000484
частности 0,462035 0,000405
частные 1,514128 0,000332
часто 0,415515 0,000228
часть 0,105361 0,000115
частями 1,714798 0,000188
человек 0,400478 0,000439
человека 0,579818 0,001397
человеком 2,040221 0,000670
человекоподобия 3,912023 0,000429
человеку 2,302585 0,000504
человеческие 2,407946 0,000264
человеческий 3,506558 0,000384
человеческим 3,506558 0,000384
человеческих 2,813411 0,000308
человеческого 2,120264 0,000929
человеческое 3,506558 0,001536
человеческой 1,897120 0,000623
человеческом 3,218876 0,000705
человечества 1,897120 0,000416
человечество 2,659260 0,000291
чередой 3,912023 0,000429
чернышевский 3,218876 0,000353
чернышевского 2,659260 0,000291
честь 0,562119 0,000062
четверокнижия 3,912023 0,000429
четко 1,897120 0,000208
четырех 1,203973 0,000264
чжан 3,912023 0,000429
чижевского 3,912023 0,000429
чиновникам 3,912023 0,000429
числе 0,248461 0,000136
числу 1,514128 0,000166
чистого 2,659260 0,001456
чистой 2,659260 0,000291
чистом 3,506558 0,000384
чистым 2,995732 0,000328
читал 3,912023 0,000429
читатьправитьправить 0,494296 0,000054
чтений 3,506558 0,000384
что-либо 3,912023 0,000429
что-то 2,659260 0,000291
чувств 3,912023 0,001714
чувственно 3,912023 0,000429
чьих 3,506558 0,000384
шаблон 1,660731 0,000364
шаблона 2,040221 0,000223
шаблонами 0,634878 0,000070
шаблоном 1,897120 0,000208
шагом 3,218876 0,000353
шара 3,218876 0,000705
шеллинг 3,912023 0,000429
шестаков 2,995732 0,000656
шести 1,966113 0,000215
шесть 1,272966 0,000139
широко 0,673345 0,000074
широкое 1,660731 0,000546
широком 2,120264 0,001161
школ 0,994252 0,001634
школа 0,891598 0,000586
школам 3,506558 0,001921
школами 2,813411 0,000616
школе 2,040221 0,000223
школу 2,525729 0,000277
школы 0,673345 0,000664
шопенгауэр 3,912023 0,000429
шопенгауэра 3,912023 0,000857
шохин 3,506558 0,008450
шпенглер 3,506558 0,000768
шраманский 3,912023 0,000429
шраманскому 3,912023 0,000429
шраманы 3,912023 0,000429
штаты 2,995732 0,000328
эволюцией 3,912023 0,000429
эволюции 2,120264 0,000697
эволюционизм 3,912023 0,000429
эволюция 2,207275 0,000242
эгейская 3,912023 0,000429
эдмунда 3,912023 0,000429
эдмундом 3,912023 0,000429
экз 0,415515 0,000956
экзистенциализм 3,912023 0,003000
экзистенциалист 3,912023 0,000429
экзистенциалистам 3,912023 0,000429
экзистенциального 3,912023 0,000429
экономики 0,713350 0,000156
экономические 1,771957 0,000194
эксмо 2,525729 0,000277
эксперимента 2,525729 0,000277
экспорт -0,009950 -0,000001
электронная 1,237874 0,000271
электронный 1,469676 0,000161
элементарной 3,506558 0,000384
элементарных 2,995732 0,000328
элементом 2,407946 0,000264
элементы 0,891598 0,000195
эллинистическая 3,912023 0,001286
эмпиризм 3,912023 0,001714
эмпиризма 3,912023 0,001714
эмпириокритицизм 3,912023 0,000429
эмпириокритицизма 3,912023 0,000857
эмпиристов 3,912023 0,000429
эмпирически 3,506558 0,000384
эмпирическим 3,912023 0,000857
эмпирическими 3,912023 0,000429
эмпирического 3,506558 0,000384
энергии 1,514128 0,000166
энциклопедии -0,009950 -0,000003
энциклопедий 3,912023 0,000429
энциклопедический 0,733969 0,000080
энциклопедия 0,210721 0,000323
эпикуреизм 3,912023 0,000429
эпистем 3,912023 0,000429
эпистемологии 3,506558 0,001921
эпистемологический 3,912023 0,000857
эпистемологической 3,912023 0,000429
эпистемологическую 3,912023 0,000429
эпистемологию 3,912023 0,000429
эпистемология 3,912023 0,001714
эпического 3,912023 0,000429
эпоха 1,771957 0,000194
эпохи 1,139434 0,000874
эпоху 1,386294 0,000152
эрзянь 0,000000 0,000000
эстетика 2,659260 0,001165
эстетики 3,912023 0,000429
эта 0,000000 0,000000
этапом 2,659260 0,000291
этапы 1,714798 0,000376
этика 3,218876 0,002468
этике 3,912023 0,000429
этикет 3,912023 0,000429
этики 3,912023 0,003857
этико-религиозных 3,912023 0,000429
этикой 3,912023 0,000429
этим 0,693147 0,000607
этих 0,400478 0,000351
этическая 3,912023 0,000429
это 0,000000 0,000000
этому 0,755023 0,000165
эффективности 1,609438 0,000176
эффективность 2,120264 0,000232
эффективную 3,912023 0,000429
явились 3,218876 0,000353
явилось 3,506558 0,000384
явился 3,506558 0,000384
явлений 2,120264 0,000232
явлениями 2,813411 0,000308
является 0,094311 0,000248
являлся 1,347074 0,000148
являются 0,248461 0,000082
являющейся 1,897120 0,000208
явно 2,659260 0,000874
ядром 1,832581 0,000201
язык 0,116534 0,000051
языка 0,798508 0,001137
языкам 2,813411 0,000308
языках -0,009950 -0,000003
языке 0,867501 0,000380
языки 1,309333 0,000143
языков 1,203973 0,000264
языковым 3,506558 0,000384
языковых 2,659260 0,000291
языком 1,514128 0,000332
японии 2,302585 0,000252
японию 2,813411 0,000308
ярким 2,302585 0,000252
ярко 2,659260 0,000291
яркой 3,218876 0,000353
ясной 2,813411 0,000308
ясностивикипедия 3,218876 0,000353
