абдулино 3,218876 0,000189
абонент 2,120264 0,000373
абсолютный 0,616186 0,000108
авангард 1,660731 0,000097
авг 0,820981 0,000048
август 0,072571 0,000200
авейде 3,912023 0,000229
авиаагрегат 3,506558 0,000205
авиагородок 3,506558 0,000205
авиакор 3,912023 0,000917
авиакосмический 3,506558 0,000411
авиалиния 2,302585 0,000405
авиапорт 3,218876 0,000189
авиаприборостроительной 3,912023 0,000229
авиарейс 3,218876 0,000189
авиасалон 3,506558 0,000205
авиационно-космической 3,912023 0,000229
авиационный 1,386294 0,001299
авиация 1,237874 0,000435
аврора 2,302585 0,000809
австро-венгерский 3,218876 0,000189
автобус 0,820981 0,000385
автобусный 1,021651 0,000359
автовазбанк 3,506558 0,000205
автовокзал 1,078810 0,000126
автограф 3,506558 0,000205
автодорога 0,891598 0,000052
автомагистраль 1,832581 0,000107
автоматизировать 2,407946 0,000282
автоматический 1,560648 0,000091
автомобильный 0,713350 0,000042
автор 0,462035 0,000135
автореферат 2,525729 0,000148
авторитетный 0,891598 0,000418
авторский 1,966113 0,000115
авторство -0,009950 -0,000001
автостанция 1,714798 0,000100
автотранспорт 1,609438 0,000377
агеева 1,469676 0,000086
агентство 0,798508 0,000140
агломерация 0,798508 0,000281
агни 3,912023 0,000229
аграф 3,912023 0,000458
агрегатный 2,813411 0,000165
ад 1,966113 0,000115
адам 2,813411 0,000165
административно-территориального 1,660731 0,000097
административно-территориальное 0,820981 0,000192
административный 0,597837 0,000280
администрация 0,755023 0,001636
адреналин 3,506558 0,000205
адрес 1,078810 0,000126
аз 2,302585 0,000135
азаров 3,506558 0,000411
азербайджанец 1,139434 0,000067
азия 0,755023 0,000133
азовский 1,660731 0,000097
аиро 3,912023 0,000229
аитова 3,912023 0,000229
академик 1,203973 0,000564
академический 0,916291 0,000483
академия 0,544727 0,000479
аккредитационный 3,912023 0,000229
аккредитация 2,995732 0,000351
аккредитовать 2,995732 0,000351
аксарин 3,912023 0,000229
аксм 2,995732 0,000175
актер 1,386294 0,000081
актерский 3,218876 0,000189
активно 0,733969 0,000215
активный 0,527633 0,000155
актриса 2,407946 0,000141
актуализация 2,659260 0,000156
актуальный 1,347074 0,000079
акустик 3,218876 0,000566
акустический 2,659260 0,000156
акция 1,660731 0,000097
алабин 3,506558 0,002054
алабина 3,912023 0,000458
алабинская 3,912023 0,000229
алабиным 3,912023 0,000229
алатырский 3,218876 0,000189
алгебра 2,525729 0,000148
алдан 1,309333 0,000077
александр 0,462035 0,000379
александрийский 2,525729 0,000148
александрович 1,609438 0,000189
алексеевский 2,659260 0,000156
алексеем 3,218876 0,000189
алексей 1,049822 0,000123
алексея 1,514128 0,000177
аллея 1,347074 0,000316
аллой 3,912023 0,000229
алма-ату 3,506558 0,000205
алтай 2,407946 0,000141
алтеркоп 3,912023 0,000229
алфавитувикипедия 0,776529 0,000091
алфавитунаселенные 0,867501 0,000051
альтернативный 1,203973 0,000071
альфа-банк 2,659260 0,000156
альфреда 3,912023 0,000229
альянс 2,813411 0,000330
амбар 3,912023 0,000687
амбулатория 2,995732 0,000175
амбулаторно-поликлиническими 3,912023 0,000229
амбулаторно-поликлинических 2,813411 0,000165
аммиак 2,659260 0,000312
амн 3,912023 0,000229
анализ 0,967584 0,000113
аналитический 1,771957 0,000104
ангел 2,120264 0,000124
англия 2,995732 0,000175
андреевич 2,040221 0,000120
андреевича 2,995732 0,000175
андреевна 3,506558 0,000205
андрей 0,967584 0,000113
андрея 1,832581 0,000215
андриянова 3,912023 0,000229
анклав 3,218876 0,000189
аннаевым 3,912023 0,000229
аннексия 0,941609 0,000055
ансамбль 0,994252 0,000058
антон 1,832581 0,000107
антону 3,506558 0,000205
апостольский 1,771957 0,000104
аппарат 1,469676 0,000172
апр 0,798508 0,000047
апрель 0,150823 0,000309
араб 1,609438 0,000094
арабский 1,560648 0,000274
аргумент 1,108663 0,000065
арен 1,237874 0,000363
армия 0,916291 0,000268
армянин 1,021651 0,000060
армянский 1,347074 0,000158
артема 3,506558 0,000205
артемьев 2,813411 0,000165
артист 1,832581 0,000107
арх 0,544727 0,000064
архейский 3,912023 0,000229
археология 1,171183 0,000069
архи 3,912023 0,000229
архив 0,446287 0,000078
архивировать 0,020203 0,000258
архивный 0,248461 0,000044
архитектор 0,916291 0,000537
архитектура 0,462035 0,000135
архитектурно-строительный 2,407946 0,000282
архитектурный 1,078810 0,000379
арцимович 3,912023 0,000229
аспирантура 3,218876 0,000189
ассамблея 2,659260 0,000467
ассоциация 1,309333 0,000307
аст 0,820981 0,000144
астан 2,813411 0,000165
астрахани 2,407946 0,000282
астраханский 1,832581 0,000107
астрахань 0,967584 0,000113
астраханью 3,218876 0,000189
астрель 1,049822 0,000061
асфальт 2,525729 0,000148
атмосфера 0,994252 0,000233
атмосферный 1,386294 0,000162
атомный 1,660731 0,000097
аттестовать 3,506558 0,000205
аттракцион 2,120264 0,000248
атырау 2,659260 0,000156
аудитория 2,407946 0,000141
ахмеда 3,218876 0,000189
ашан 2,120264 0,000124
аширов 3,912023 0,000229
аэродром 1,237874 0,000435
аэродромный 3,506558 0,000822
аэрокосмический 2,813411 0,000824
аэропорт 0,776529 0,000591
аэрофлот 2,813411 0,000165
баз 0,371064 0,000152
базар 2,207275 0,000129
базилик 3,506558 0,000205
базироваться 1,272966 0,000075
байкова 3,506558 0,000205
бак 2,120264 0,000248
балаково 2,120264 0,000124
балахна 2,120264 0,000124
балет 1,469676 0,000258
балетная 3,218876 0,000377
балканах 3,912023 0,000229
балкон 3,506558 0,000205
балтийский 1,514128 0,000177
банк 0,693147 0,000528
банковский 1,427116 0,000084
банкрот 2,659260 0,000312
баптист 2,207275 0,000129
бар 2,407946 0,000141
баранова 2,659260 0,000156
барбошина 3,912023 0,000229
барнаул 1,203973 0,000071
баррикада 2,040221 0,000120
баррозу 3,912023 0,000229
барс 2,995732 0,000175
баскетбол 1,660731 0,000486
баскетбольный 1,714798 0,000502
бассейн 0,653926 0,000038
бахчевой 3,912023 0,000229
баш 3,506558 0,000205
башня 1,139434 0,000067
ббк 2,995732 0,000175
беглопоповец 3,912023 0,000229
безенчукский 3,506558 0,000205
безлифтовые 3,912023 0,000229
безопасность 0,916291 0,000054
безработный 2,407946 0,000141
безрельсовый 2,302585 0,000135
безформата 3,912023 0,000229
безчинский 2,995732 0,000175
безымянка 3,506558 0,001027
безымянской 3,912023 0,000229
бекирович 3,912023 0,000229
беларусь 1,237874 0,000218
белова 3,506558 0,000205
белое 0,994252 0,000175
белорус 1,171183 0,000069
белочех 2,995732 0,000175
белый 0,867501 0,000102
бензапирена 3,218876 0,000189
берег 0,478036 0,000224
береза 1,714798 0,000201
берии 3,912023 0,000229
беспересадочный 3,218876 0,000189
бесплатно 2,207275 0,000129
бесплатный 1,386294 0,000081
бетон 2,995732 0,000175
бетонный 2,525729 0,000444
библиографический 0,083382 0,000005
библиотека 0,328504 0,000500
библиотекарь 3,218876 0,000189
библиотечный 1,609438 0,000094
биеннале 2,659260 0,000156
бизнес-ассоциацией 3,912023 0,000229
билайн 1,272966 0,000373
билайн-самара 3,912023 0,000229
биология 1,560648 0,000183
биохимия 2,813411 0,000165
битва 1,560648 0,000091
битмейкинга 3,912023 0,000229
биться 3,506558 0,000205
благо 3,218876 0,000189
благополучный 3,506558 0,000205
благоустроить 1,560648 0,000091
благоустройство 1,560648 0,000091
близкие 1,966113 0,000115
блогер 3,218876 0,000189
бобр 2,207275 0,000129
бог 1,832581 0,000107
богадельня 2,995732 0,000175
богатовский 3,506558 0,000205
богатый 1,049822 0,000184
богатырь 2,525729 0,000148
богдан 3,506558 0,000205
богородица 1,272966 0,000149
боевой 1,237874 0,000290
боеприпас 2,813411 0,000165
бокс 2,040221 0,000120
болгарин 1,427116 0,000084
болгария 1,272966 0,000224
болгарский 2,813411 0,000824
болдырской 3,912023 0,000229
бологое 1,347074 0,000079
больница 1,078810 0,001201
больной 2,995732 0,000175
большевик 1,347074 0,000158
большеглушицкий 3,506558 0,000205
большее 1,309333 0,000077
большечерниговский 3,506558 0,000205
большинство 0,342490 0,000100
большое 0,385662 0,000045
большой 0,040822 0,000055
бомбардировка 2,407946 0,000282
бондаренко 2,813411 0,000494
бор 1,203973 0,000071
бордюгова 3,912023 0,000229
борис 1,660731 0,000195
бориса 1,832581 0,000215
борисенок 3,912023 0,000229
борисов 2,659260 0,000156
боровичи 1,347074 0,000079
борский 2,995732 0,000175
борьба 0,820981 0,000096
ботанический 1,427116 0,000084
боярский 2,040221 0,000120
брайля 3,506558 0,000205
брамский 2,995732 0,000175
брат 1,272966 0,000075
брать 1,714798 0,000100
брейк-данс 3,912023 0,000458
брейк-данс-танцоры 3,912023 0,000229
брейк-дэнса 3,912023 0,000229
брокгауза 0,328504 0,000058
бронзовый 1,386294 0,000244
брэ 2,040221 0,000239
бугульма 2,995732 0,000175
будень 2,659260 0,000156
буква 1,427116 0,000251
булгарии 2,813411 0,000494
бум 1,897120 0,000111
бункер 3,912023 0,001604
буревестник 2,207275 0,000129
буреев 3,912023 0,000229
бурлак 2,659260 0,000156
бутковский 3,912023 0,000229
бушуев 3,218876 0,000189
буянова 3,506558 0,000205
быстро 0,967584 0,000170
быть -0,009950 -0,000014
бюджет 1,171183 0,000755
бюро 1,427116 0,000084
бюст 2,302585 0,000135
ва-банкъ 3,912023 0,000229
вагон 1,660731 0,000584
вадим 2,407946 0,000141
вадима 2,995732 0,000175
важ 3,912023 0,000229
важность 2,525729 0,000148
вакано 3,912023 0,000229
вал 1,514128 0,000089
валентин 2,659260 0,000467
валентиновна 3,506558 0,000205
валериана 3,912023 0,000687
валерия 2,302585 0,000135
валовой 1,832581 0,000107
варвар 2,525729 0,000148
василенко 3,218876 0,000377
василий 1,078810 0,000190
васильевич 1,609438 0,000094
васильевна 2,813411 0,000165
васильево 2,120264 0,000124
васильсурск 2,120264 0,000124
ваш 2,995732 0,000351
вблизи 1,139434 0,000267
ввести 0,634878 0,000149
ввиду 2,120264 0,000124
ввод 1,347074 0,000079
ввс 2,995732 0,000351
вдоль 0,755023 0,000088
вдохновитель 3,912023 0,000229
век 0,248461 0,000393
векегорода-миллионеры 2,995732 0,000175
веклич 2,995732 0,000351
веклича 2,995732 0,000351
великий 0,356675 0,000146
великолепный 2,659260 0,000156
величественный 2,813411 0,000165
величина 1,108663 0,000130
велосамара 3,912023 0,000229
велосипед 2,659260 0,000156
велосипедный 2,407946 0,000846
вера 1,049822 0,000123
верблюжий 3,912023 0,000229
вернуть 1,897120 0,000222
веровать 2,120264 0,000248
версия -0,009950 -0,000006
вертикаль 2,813411 0,000330
вертолетный 2,525729 0,000296
верхний 0,494296 0,000087
верховный 1,108663 0,000455
верховой 3,218876 0,000189
верхушка 3,218876 0,000189
верчельской 3,912023 0,000229
весна 0,713350 0,000251
вести 0,356675 0,000230
вестись 0,673345 0,000039
весть 2,813411 0,000165
весь 0,301105 0,000071
ветвь 1,514128 0,000089
ветер 0,713350 0,000125
ветеран 1,832581 0,000107
вето 3,506558 0,000205
вечный 1,309333 0,000153
вещание 1,108663 0,000065
вещать 1,609438 0,000094
вещество 0,994252 0,000349
вещь 1,771957 0,000208
взаимодействие 1,203973 0,000071
взвесить 2,302585 0,000135
взвоз 3,506558 0,000205
взлетать 3,506558 0,000205
взрослый 1,609438 0,000094
взять 0,755023 0,000044
вива 3,912023 0,000229
вид 0,061875 0,000054
видео 1,049822 0,000061
видеоблог 3,912023 0,000458
визит 1,897120 0,000111
визовый 2,302585 0,000405
визуальный 2,302585 0,000135
вики-разметкой 1,309333 0,000077
викигид 1,660731 0,000097
викигиде 0,776529 0,000091
викигидепортал 1,469676 0,000086
викиданные 0,776529 0,000091
викиданных -0,009950 -0,000001
викиданныхвикипедия 0,891598 0,000104
викимапиипро 1,427116 0,000084
викимедиа -0,009950 -0,000001
википедии -0,009950 -0,000002
википедия -0,009950 -0,000008
викискладвикиновостивикицитатниквикигидэлемент 1,272966 0,000075
викискладвикипедия 1,469676 0,000086
викискладе 0,174353 0,000010
викискладепутеводитель 0,713350 0,000042
викисловарецитаты 1,108663 0,000065
викисловарьвикипедия 1,309333 0,000077
викицитатник 1,272966 0,000075
викицитатникемедиафайлы 1,469676 0,000086
виктор 1,386294 0,000325
виктория 2,659260 0,000156
викторович 2,207275 0,000129
вилоновская 3,912023 0,000687
вильданович 3,912023 0,000229
винновка 3,506558 0,000205
винтай 3,912023 0,000229
виталий 1,966113 0,000230
витебск 3,506558 0,000205
витольдович 3,506558 0,000205
вклад 0,994252 0,000175
включать 0,235722 0,000110
включаться 1,966113 0,000115
включая 0,527633 0,000062
включить 0,634878 0,000112
владелец 1,660731 0,000097
владение 0,916291 0,000054
владимир 0,653926 0,000575
владимирович 1,771957 0,000519
владимировна 2,813411 0,000165
влажность 1,108663 0,000065
влажный 1,427116 0,000084
власть 0,544727 0,000511
влияние 0,527633 0,000062
влксм 2,302585 0,000135
вместе 0,510826 0,000030
вмещать 2,120264 0,000124
вне 1,560648 0,000091
внедрение 1,609438 0,000094
внедряться 2,659260 0,000156
внесение 1,560648 0,000183
внести 1,021651 0,000120
внешнее 1,609438 0,000094
внешний 0,051293 0,000009
вновь 0,755023 0,000088
внутренний 0,314711 0,000037
внутригородской 0,867501 0,000508
внутриобластной 3,506558 0,000205
вов 2,120264 0,000373
вода 0,527633 0,000062
водник 2,813411 0,000330
водный 0,562119 0,000132
водород 3,218876 0,000189
водохранилище 1,139434 0,000267
воевода 1,714798 0,000301
военно-медицинского 3,912023 0,000229
военно-медицинскую 3,912023 0,000229
военно-промышленный 2,995732 0,000175
военное 0,916291 0,000161
военнопленный 2,525729 0,000148
военный 0,494296 0,000203
возведение 1,609438 0,000189
возвести 1,139434 0,000267
возвратить 1,469676 0,000258
возвращение 1,660731 0,000097
возглавить 2,407946 0,000423
возглавлять 1,203973 0,000141
воздвиженский 3,506558 0,000205
возделывание 3,506558 0,000205
воздух 0,616186 0,000289
воздушный 0,798508 0,000187
возле 1,386294 0,000081
возложить 2,813411 0,000165
возможно 0,867501 0,000102
возможность 0,314711 0,000111
возможный 0,994252 0,000058
возникновение 0,941609 0,000110
возникнуть 0,653926 0,000077
возраст 1,078810 0,000063
возрастной 2,207275 0,000129
возродить 2,207275 0,000129
война 0,430783 0,000328
войско 0,798508 0,000187
войсковой 2,302585 0,000270
войти 0,634878 0,000112
вокзал 0,755023 0,000575
вокзальный 2,659260 0,000156
вокруг 0,693147 0,000122
волга 1,347074 0,002525
волга-инфо 3,912023 0,000229
волгакабель 3,912023 0,000458
волгарь 2,995732 0,000175
волгателеком 3,506558 0,000616
волгегорода 2,525729 0,000148
волго-донского 3,506558 0,000205
волго-камского 3,912023 0,000229
волговерховье 2,120264 0,000248
волгоград 1,139434 0,000267
волгоградом 3,218876 0,000189
волгореченск 2,120264 0,000124
волейбол 1,469676 0,000086
волейбольный 1,514128 0,000089
волжск 2,120264 0,000124
волжский 1,897120 0,002222
волк 1,771957 0,000104
волковым 2,995732 0,000175
волкодав 3,912023 0,000229
волна 0,916291 0,000054
вологда 1,203973 0,000071
волшебный 0,030459 0,000002
вольск 2,120264 0,000124
вопрос 0,371064 0,000087
воржева 3,912023 0,000229
воркута 1,237874 0,000073
воровъ 3,912023 0,000458
воронеж 1,203973 0,000071
воронежские 3,506558 0,000411
ворот 1,078810 0,000063
ворошилов 2,995732 0,000175
восемь 1,469676 0,000172
воскресенский 2,207275 0,000259
воспитатель 3,506558 0,000205
воспоминание 2,040221 0,000120
воссоздать 1,897120 0,000111
восстание 1,237874 0,000218
восстановить 0,967584 0,000113
восток 0,494296 0,000087
восточный 0,430783 0,000151
востребовать 2,407946 0,000141
восход 2,120264 0,000124
восходить 1,609438 0,000094
восьмой 2,207275 0,000129
воткинск 1,309333 0,000077
впадение 1,139434 0,000200
впервые 0,385662 0,000181
впк 3,506558 0,000411
вплоть 1,108663 0,000130
впоследствии 0,653926 0,000038
врач 1,347074 0,000316
врачебный 2,813411 0,000165
временно 1,309333 0,000077
временный 2,659260 0,000156
время 0,020203 0,000043
вручение 2,120264 0,000124
вручить 2,120264 0,000124
все 0,040822 0,000002
всемирный 0,891598 0,000104
всенародный 2,995732 0,000175
всеобщий 1,237874 0,000145
всероссийский 0,634878 0,000632
всесоюзный 0,776529 0,000409
всеукраинский 2,813411 0,000165
всехсвятское 2,813411 0,000165
вскоре 1,309333 0,000153
вспомнить 3,218876 0,000189
встать 2,659260 0,000156
встреча 1,966113 0,000115
вступление 1,966113 0,000115
всхолмить 2,995732 0,000175
втб 1,714798 0,000100
втора 0,274437 0,000032
вторичное 2,995732 0,000175
второй 0,891598 0,000157
вуз 0,820981 0,000433
вход 0,755023 0,000221
входить 0,287682 0,000185
вцик 1,832581 0,000107
выбирать 1,897120 0,000111
выбираться 2,813411 0,000165
выбор 0,634878 0,000298
выбрасывать 2,813411 0,000165
выбрать 1,139434 0,000067
выброс 1,347074 0,000237
вывод 1,386294 0,000081
выгодный 1,771957 0,000104
выдаваться 1,139434 0,000067
выдвигать 3,506558 0,000205
выделить 0,544727 0,000191
выдержать 1,832581 0,000107
вызвать 1,049822 0,000061
вызов 2,040221 0,000120
выйти 0,798508 0,000281
вымпелком 2,995732 0,000175
выпадение 2,659260 0,000156
выполнение 1,049822 0,000061
выполнить 0,843970 0,000148
выполняться 1,272966 0,000075
выпуск 0,693147 0,000041
выпускать 1,237874 0,000290
выпускник 1,966113 0,000345
выпустить 0,891598 0,000209
выработка 2,120264 0,000248
выраженно 3,912023 0,000229
вырасти 1,108663 0,000195
высечь 3,218876 0,000189
высокий 0,139262 0,000188
высокопроизводительный 3,506558 0,000411
высота 0,415515 0,000316
высотный 1,427116 0,000084
высоцкого 3,218876 0,000754
высоцкому 2,995732 0,000351
выставка 1,139434 0,000067
выставлять 2,995732 0,000175
выставочный 1,171183 0,000206
выстрел 2,659260 0,000156
выступать 0,916291 0,000107
выступить 1,660731 0,000195
выход 1,078810 0,000126
выходит 1,427116 0,000084
вышеизложенный 3,912023 0,000229
вышиваться 3,912023 0,000229
вышить 3,912023 0,000229
вязовые 2,120264 0,000124
вячеслав 1,897120 0,000111
габдрахманов 3,912023 0,000229
гаврилова 2,995732 0,000175
гагарин 2,659260 0,000156
гагарина 1,427116 0,000418
газель 2,525729 0,000148
газета 0,579818 0,000543
газотурбинный 3,506558 0,000205
гаи 3,218876 0,000189
гай 2,995732 0,000175
галактионовской 3,912023 0,000229
галахов 3,912023 0,000229
галерея 1,049822 0,000307
галина 2,207275 0,000129
гарнизон 1,966113 0,000115
гарнизонный 2,995732 0,000526
гбоу 3,218876 0,000377
гбук 3,218876 0,000189
гектар 1,609438 0,000094
генеральный 0,755023 0,000265
генетик 2,407946 0,000141
геннадий 2,302585 0,000135
генштаб 3,506558 0,000205
геоботаник 3,912023 0,000229
географический 0,356675 0,000167
география 0,415515 0,000073
геология 1,609438 0,000283
георга 2,995732 0,000351
георгий 1,139434 0,000200
геральдика 2,120264 0,000124
герб 0,798508 0,000608
германий 0,843970 0,000099
германия 2,302585 0,000135
герой 1,139434 0,000200
герпетология 3,912023 0,000229
гибель 2,207275 0,000129
гид 3,218876 0,000189
гидроботаника 3,912023 0,000229
гидроним 1,660731 0,000097
гидросфера 2,813411 0,000165
гильдия 2,120264 0,000124
гимн 0,776529 0,000045
гимназия 1,108663 0,000130
гипермаркет 1,660731 0,000195
гипсовый 3,506558 0,000205
гитара 3,218876 0,000189
гкгн 0,994252 0,000058
гкгнпро 0,916291 0,000054
гко 3,218876 0,000189
глава 0,494296 0,000666
главнокомандование 3,506558 0,000205
главнокомандующий 2,525729 0,000148
главный 0,210721 0,000099
глазной 2,813411 0,000165
гласить 2,407946 0,000141
гласный 2,659260 0,000312
глинистый 3,218876 0,000189
глинка 2,407946 0,000987
глубина 1,139434 0,000067
глубокий 1,078810 0,000063
гмк 3,912023 0,000687
гниение 3,218876 0,000189
гну 3,506558 0,000205
говорить 1,049822 0,000184
говориться 2,525729 0,000148
гоголь 1,966113 0,000115
год -0,009950 -0,000414
годавикипедия 0,616186 0,000072
годовщина 2,813411 0,000165
годунов 3,506558 0,000205
годунова 2,995732 0,000175
годусамарагорода 3,912023 0,000229
гол 2,525729 0,000296
голль 3,912023 0,000229
голова 1,427116 0,000334
головин 2,813411 0,000165
головкин 3,912023 0,000229
головкина 3,912023 0,000229
головкиным 3,912023 0,000229
голос 1,609438 0,000094
голосование 1,309333 0,000077
голуба 1,897120 0,000111
голубое 2,659260 0,000156
гомель 1,966113 0,000115
гора 0,616186 0,000325
гордость 1,966113 0,000115
горелов 3,912023 0,000229
горелый 3,912023 0,000229
горельеф 3,912023 0,000229
горизонтальный 1,966113 0,000115
горит 2,813411 0,000165
горловка 1,309333 0,000077
горнолыжный 1,897120 0,000333
город 0,371064 0,005912
город-побратим 0,843970 0,000099
город-спутник 1,771957 0,000104
города-миллионеры 1,714798 0,000100
города-партнеры 1,771957 0,000208
городасамара 3,912023 0,000229
городахвикипедия 2,659260 0,000156
городец 2,120264 0,000124
городецкий 1,560648 0,000091
городнический 3,912023 0,000229
городов-крепостей 3,912023 0,000229
городов-хозяев 3,506558 0,000205
городок 1,272966 0,000298
городпро 0,867501 0,000051
городсамара 3,912023 0,000229
городской 0,544727 0,004659
горсовет 1,897120 0,000111
горький 0,941609 0,000496
горючее 2,995732 0,000175
горючий 3,912023 0,000458
горячко 1,609438 0,000283
госбанк 2,813411 0,000165
госкомстат 0,891598 0,000104
гостиница 0,843970 0,000099
гость 1,347074 0,000079
государственный 0,261365 0,000949
государство 0,579818 0,000068
госцирка 3,912023 0,000229
готический 3,506558 0,000205
готовить 2,302585 0,000405
готовиться 2,407946 0,000141
готовый 1,386294 0,000081
гпз 2,995732 0,000351
гравюра 2,120264 0,000124
градоначальник 1,427116 0,000334
градостроительство 1,660731 0,000195
гражданин 0,733969 0,000387
гражданский 0,733969 0,000129
гражданство 2,813411 0,000165
грамота 1,427116 0,000084
граница 0,356675 0,000084
граничить 1,832581 0,000107
гранный 3,912023 0,000229
график 1,560648 0,000091
графический 1,897120 0,000111
граффити-художники 3,912023 0,000229
греве 3,912023 0,000229
григорию 3,218876 0,000189
грозный 1,272966 0,000075
груз 1,309333 0,000153
грузовая 1,139434 0,000067
группа 0,314711 0,000111
грушина 3,912023 0,000229
грушинского 3,506558 0,000205
гсха 3,506558 0,000205
гтрк 1,049822 0,000123
губернатор 0,967584 0,000227
губерния 0,891598 0,000783
губернский 1,309333 0,000537
гуго 3,218876 0,000377
гудок 3,218876 0,000189
гуманитарный 0,994252 0,000058
густонаселенный 3,218876 0,000189
давать 0,820981 0,000096
давидова 3,912023 0,000229
дагестан 2,659260 0,000156
дайджест 2,659260 0,000156
далее 0,693147 0,000041
даль 1,609438 0,000094
дальний 0,446287 0,000026
дамир 3,506558 0,000205
дар 2,207275 0,000259
дата 0,030459 0,000391
датский 0,328504 0,000019
дать 0,072571 0,000094
дача 1,469676 0,000172
дачный 2,040221 0,000359
два 0,150823 0,000062
двенадцатиглавый 3,912023 0,000229
двенадцатый 2,813411 0,000165
дверь 2,120264 0,000124
двигатель 2,120264 0,000248
движение 0,544727 0,000287
двор 1,078810 0,000126
дворец 0,843970 0,000247
дворянин 2,207275 0,000259
дворянский 2,040221 0,000120
двукратный 2,207275 0,000517
двухступенчатый 3,912023 0,000229
де-факто 2,302585 0,000135
дебаркадер 3,218876 0,000189
девиз 2,407946 0,000141
девятнадцатый 3,218876 0,000189
девятый 2,659260 0,000156
девять 1,609438 0,000094
дегтев 3,912023 0,000229
дегтяревым 3,912023 0,000229
действительный 2,525729 0,000148
действовать -0,009950 -0,000010
дек 0,820981 0,000048
декабрь 0,094311 0,000193
декоративно-прикладной 2,525729 0,000148
делегация 2,302585 0,000135
деление 0,579818 0,000306
дело 0,562119 0,000033
деловой 1,237874 0,000073
дельфийский 2,525729 0,000888
демографический 1,609438 0,000189
демография 2,120264 0,000124
демократия 2,995732 0,000351
демоскоп 0,820981 0,000144
денис 2,040221 0,000120
день 0,210721 0,000321
департамент 1,386294 0,000162
депо 1,771957 0,000415
депутат 0,776529 0,000273
деревня 1,021651 0,000060
деревянный 0,941609 0,000055
держать 1,966113 0,000115
держаться 2,040221 0,000120
десятка 1,139434 0,000200
десять 1,078810 0,000316
деталь 1,714798 0,000100
детская 0,653926 0,000306
детский 0,967584 0,000283
дефицит 1,832581 0,000107
деятель 1,108663 0,000260
деятельность 0,342490 0,000321
джаз-фестиваль 3,912023 0,000229
дзержинск 1,347074 0,000079
дзержинского 1,660731 0,000195
дзюба 3,218876 0,000189
диагностик 3,218876 0,000377
диагностирование 3,218876 0,000189
диалект 3,218876 0,000189
диалог 1,660731 0,000195
диджей 3,506558 0,000205
дизайн 1,832581 0,000215
дизель 3,218876 0,000189
дикий 1,469676 0,000086
димитрова 2,813411 0,000165
димитровград 3,218876 0,000189
динамик 1,272966 0,000298
динамический 1,897120 0,000111
динамично 2,659260 0,000156
динамо 1,171183 0,000069
динамо-самара 3,912023 0,000229
диплом 2,302585 0,000270
дипломатический 2,302585 0,000135
директор 1,272966 0,000075
диск-жокей 3,912023 0,000229
дискотека 3,912023 0,000458
диспансер 1,832581 0,000322
диссертация 2,040221 0,000239
дитя 0,867501 0,000254
дифференциальный 2,995732 0,000175
длд 3,912023 0,000229
длина 0,579818 0,000068
длинный 1,237874 0,000073
длительный 1,309333 0,000077
длиться 1,771957 0,000208
дмитрий 0,967584 0,000283
дмитрию 2,813411 0,000330
дмитрия 1,560648 0,000091
дневной 1,832581 0,000215
днейвикипедия 0,967584 0,000057
днепр 2,813411 0,000330
добавить 0,562119 0,000198
доблестинаселенные 3,218876 0,000189
доблесть 1,309333 0,000690
добыча 1,386294 0,000081
довольно 0,891598 0,000104
довсе 3,912023 0,000229
договор 1,171183 0,000069
дойти 1,560648 0,000091
докладывать 3,506558 0,000205
доктор 1,427116 0,000167
докторантура 3,912023 0,000458
докторская 2,995732 0,000175
документ 0,415515 0,000122
долгий 1,021651 0,000060
долгосрочный 1,966113 0,000115
долгота 0,820981 0,000144
должен 1,078810 0,000063
должно 1,714798 0,000100
должностной 1,514128 0,000089
должность 1,049822 0,000184
должный 0,356675 0,000104
доля 0,544727 0,000032
дом 0,446287 0,000575
дом-музей 1,660731 0,000195
домок 3,912023 0,000458
донецкий 2,302585 0,000135
дописать 3,912023 0,000229
дополнение 1,771957 0,000104
дополнительный -0,009950 -0,000001
доработать 3,912023 0,000229
дорога 0,527633 0,000247
дорожка 2,302585 0,000270
дорожный 1,021651 0,000060
доска 1,897120 0,000444
достаточно 0,820981 0,000096
достигать 0,843970 0,000099
достигаться 2,207275 0,000129
достичь 0,733969 0,000129
достопримечательность 0,867501 0,000152
доступ 0,755023 0,000088
доступный -0,009950 -0,000001
досуг 2,407946 0,000141
доходный 1,966113 0,000115
доцент 2,813411 0,001318
дошкольник 3,506558 0,000205
дошкольный 1,309333 0,000077
дракон 2,207275 0,000129
драма 1,469676 0,000430
драматический 1,108663 0,000130
драматург 2,407946 0,000141
драматургия 2,813411 0,000165
древлеправославный 2,525729 0,000444
древний 0,653926 0,000077
древность 1,203973 0,000071
дробно -0,009950 -0,000001
дробышев 3,912023 0,000229
друг 0,916291 0,000107
другое 0,462035 0,000135
другой -0,009950 -0,000012
дружеский 3,912023 0,000229
дружина 2,302585 0,000135
дуб 1,966113 0,000115
дубай 3,218876 0,000189
дублировать 3,218876 0,000377
дубна 2,120264 0,000124
дубовка 2,040221 0,000120
дубрава 2,813411 0,000165
дума 0,916291 0,001986
дух 1,897120 0,000111
духовницкое 2,120264 0,000124
дыбенко 3,506558 0,000411
дым 3,218876 0,000189
дыр-дыр 3,912023 0,000229
евангелическо-лютеранская 2,995732 0,000351
евгений 1,347074 0,000158
евгеньевич 2,659260 0,000156
евразийский 1,966113 0,000230
еврей 1,203973 0,000071
еврейский 0,755023 0,000177
еврокомиссии 3,912023 0,000229
европа 0,301105 0,000176
европейский 0,494296 0,000087
евросоюз 3,506558 0,000205
егором 3,506558 0,000205
единица 0,478036 0,000224
единоверие 3,912023 0,000229
единоверческий 2,659260 0,000156
единственный 0,891598 0,000313
единый 0,544727 0,000223
ежегодник 0,820981 0,000577
ежегодно 0,916291 0,000322
ежегодный 1,171183 0,000206
ежедневно 1,714798 0,000100
еженедельно 2,995732 0,000175
езда 3,218876 0,000189
екатерина 1,514128 0,000089
екатеринбург 0,843970 0,000148
екатеринбургом 3,218876 0,000189
екатерины 1,514128 0,000089
екино 3,912023 0,000458
елкрас 3,912023 0,000229
елховский 3,506558 0,000205
елчанинова 3,912023 0,000229
ель 2,120264 0,000124
емельяна 2,813411 0,000165
емельяну 3,912023 0,000229
емкость 2,120264 0,000124
епархия 0,967584 0,000113
епископ 1,966113 0,000115
еремеевич 3,912023 0,000229
еро 3,506558 0,000205
ерошевского 3,912023 0,000229
ефимом 3,912023 0,000229
ефрона 0,328504 0,000058
жанна 3,912023 0,000229
жаркий 1,514128 0,000089
жби-поволжье 3,912023 0,000229
желать 1,660731 0,000097
железнодорожник 2,040221 0,000239
железнодорожный 0,579818 0,000747
железный 0,616186 0,000217
железобетонный 2,207275 0,000129
жена 2,407946 0,000141
женский 0,867501 0,000407
жертва 1,347074 0,000079
жетон 3,506558 0,000205
жибера 3,912023 0,000229
живописец 2,813411 0,000165
живописный 2,040221 0,000239
живопись 1,609438 0,000094
животное 0,798508 0,000047
жигулевск 1,832581 0,000322
жигулевский 2,995732 0,001755
жигули 3,218876 0,000566
жизнь 0,342490 0,000120
жила 1,386294 0,000325
жилищник 3,912023 0,000229
жилищно-коммунальная 3,912023 0,000229
жилищный 1,560648 0,000548
жилой 0,941609 0,000221
жилье 1,203973 0,000071
жиромская 1,021651 0,000060
житель 0,562119 0,000494
жкс 3,912023 0,000229
жкх 2,120264 0,000497
жозе 3,912023 0,000229
жукова 2,302585 0,000135
журнал 0,301105 0,000106
журналист 1,660731 0,000097
завальный 3,912023 0,000229
заведение 0,867501 0,000610
завершение 1,609438 0,000094
завершить 0,867501 0,000051
зависимость 0,713350 0,000042
завод 0,693147 0,000771
завоевание 2,525729 0,000148
заволжск 2,120264 0,000124
заволжье 2,040221 0,000120
завриев 3,912023 0,000229
заглавный -0,009950 -0,000002
загородный 1,966113 0,000115
загрязнение 0,891598 0,000104
загрязненность 2,525729 0,000148
загрязнитель 2,525729 0,000148
загрязнить 1,514128 0,000089
загрязнять 1,514128 0,000266
задача 0,820981 0,000096
задействоваться 3,912023 0,000229
задельный 3,912023 0,000229
задумка 3,912023 0,000229
зажечь 2,659260 0,000156
заказ 1,660731 0,000195
заканчивать 3,218876 0,000189
заключаться 1,609438 0,000094
заключительный 3,218876 0,000189
закон 0,462035 0,000135
законный 2,407946 0,000141
законодательство 1,609438 0,000094
закрепить 1,771957 0,000104
закрыть 0,798508 0,000421
зал 0,843970 0,000346
залегать 2,995732 0,000175
заложение 3,506558 0,000205
заложить 0,843970 0,000049
замедление 3,506558 0,000205
заменить 0,494296 0,000116
заместитель 1,514128 0,000266
заметить 2,525729 0,000148
заметка 2,120264 0,000248
заморозить 2,302585 0,000135
занимать 0,430783 0,000151
заниматься 0,634878 0,000223
заново 1,897120 0,000222
занять 0,693147 0,000203
зао 1,514128 0,000177
западноевропейский 2,525729 0,000296
западный 0,462035 0,000108
запасной 2,995732 0,000526
записать 1,609438 0,000094
записка 1,139434 0,000267
записываться 2,659260 0,000156
записьвойти -0,009950 -0,000001
заповедник 1,714798 0,000201
заполнить 1,771957 0,000104
запуск 1,347074 0,000079
запустить 0,755023 0,000177
заработный 2,040221 0,000598
зарегистрировать -0,009950 -0,000006
зарубежный 0,994252 0,000175
засамарка 3,912023 0,000229
заседание 1,309333 0,000153
засекин 3,506558 0,000205
засекина 3,912023 0,000458
засекину 3,506558 0,000205
заселение 2,407946 0,000141
застройка 0,916291 0,000429
засухина 3,912023 0,000229
засушливый 1,714798 0,000201
затем 0,527633 0,000062
затон 1,427116 0,000084
захватить 1,272966 0,000075
захоронение 1,832581 0,000537
заштатный 3,912023 0,000229
защита 0,616186 0,000108
защитить 1,139434 0,000067
заявить 1,386294 0,000081
заявление -0,009950 -0,000001
звание 0,891598 0,000366
звезда 0,916291 0,000215
звенигово 2,120264 0,000124
звукозапись 2,813411 0,000330
здание 0,673345 0,000986
здравоохранение 0,843970 0,000346
здравпункт 3,912023 0,000229
зеленодольск 1,237874 0,000145
зеленые 1,203973 0,000212
зеленый 0,755023 0,000088
земля 0,400478 0,000070
земляной 2,525729 0,000148
земский 1,609438 0,000189
зерно 2,407946 0,000141
зима 0,478036 0,000196
зимний 0,798508 0,000140
зиу 2,525729 0,000444
златоуст 1,347074 0,000079
злой 3,218876 0,000189
знак -0,009950 -0,000001
знаменитый 0,967584 0,000170
знамя 1,386294 0,000406
знание 1,108663 0,000065
значение 0,061875 0,000033
значимостивикипедия 2,813411 0,000165
значимость 1,832581 0,000215
значительно 0,510826 0,000030
значительный 0,328504 0,000038
значиться 2,995732 0,000175
зои 3,506558 0,000205
зоином 3,912023 0,000229
золотистый 2,995732 0,000175
золотой 0,597837 0,000105
золотоордынский 2,302585 0,000135
зона 0,400478 0,000188
зоологический 2,302585 0,000539
зоология 2,995732 0,000175
зоопарк 1,560648 0,000274
зоя 3,912023 0,000229
зпон 3,912023 0,000229
зрение 1,203973 0,000141
зритель 1,108663 0,000130
зрительный 2,659260 0,000156
зрительский 2,525729 0,000148
зубец 1,771957 0,000104
зубчаниновка 3,912023 0,000229
зубчаниновке 3,912023 0,000229
зураба 3,912023 0,000229
ибн 2,659260 0,000312
иван 0,843970 0,000198
ивана 1,078810 0,000190
иванов 1,560648 0,000091
иванович 1,560648 0,000183
ивановича 2,040221 0,000120
ивановичем 2,995732 0,000175
иваново 1,139434 0,000067
иваньковского 2,120264 0,000124
иверский 3,506558 0,000411
иверского 3,506558 0,000822
иг 2,813411 0,000165
игорь 1,714798 0,000100
игра 0,843970 0,000445
идентификатор 0,693147 0,000041
идея 1,108663 0,000130
идти 0,820981 0,000096
иегудил 3,912023 0,000229
ижевск 1,139434 0,000067
иза 3,218876 0,000377
избежать 2,040221 0,000120
избирать 1,609438 0,000094
избрать 0,967584 0,000283
известие 0,994252 0,000116
известное 0,994252 0,000116
известный 0,287682 0,000270
изд 0,314711 0,000037
издаваться 1,660731 0,000195
издание 0,415515 0,000316
издательский 1,272966 0,000149
издательство 0,494296 0,000174
издать 1,386294 0,000162
изделие 1,108663 0,000130
излучина 3,912023 0,000458
изменение 0,301105 0,000088
изменить 1,049822 0,000061
измерение 1,771957 0,000104
измеряться 2,995732 0,000175
изображение 0,693147 0,000284
изобразительный 1,347074 0,000079
изобразить 1,386294 0,000162
изрезать 2,407946 0,000141
изучение 0,713350 0,000042
иисус 2,207275 0,000259
илии 2,813411 0,000165
ильин 2,525729 0,000148
именно 0,544727 0,000064
именной 2,659260 0,000156
именовать 1,560648 0,000091
иметь 0,094311 0,000127
иметься 0,385662 0,000113
имитировать 2,995732 0,000175
император 1,139434 0,000133
императорский 1,469676 0,000086
империя 0,653926 0,000192
имущество 1,660731 0,000097
имя 0,274437 0,000627
иначе 0,733969 0,000172
инвест 3,912023 0,000458
инвестиционный 1,514128 0,000177
инвестиция 1,237874 0,000145
индекс 0,634878 0,000186
индивидуальный 1,560648 0,000091
индустриально-педагогический 3,218876 0,000189
инженер 1,139434 0,000133
инженерный 1,272966 0,000224
инициатива 1,171183 0,000069
инициативный 2,995732 0,000175
инициатор 2,407946 0,000141
инициировать 2,302585 0,000135
иногородний 2,120264 0,000248
иное 1,714798 0,000201
иностранец 1,771957 0,000104
иностранный 0,916291 0,000429
институт 0,371064 0,000804
инструмент -0,009950 -0,000002
интегральный 2,525729 0,000148
интеграция 1,966113 0,000115
интегрирование 3,912023 0,000229
интенсивный 1,237874 0,000073
интерактивный 1,560648 0,000091
интервью 1,660731 0,000195
интерес 1,021651 0,000180
интересный 1,832581 0,000107
интернационал 2,659260 0,000156
интернет 0,755023 0,000088
интерпретация 2,120264 0,000124
интерьер 2,659260 0,000156
инфляция 2,813411 0,000165
инфолада 3,506558 0,000205
информатик 1,469676 0,000517
информационный 0,462035 0,000244
информация 0,162519 0,000133
инфраструктура 0,891598 0,000157
инюшкин 3,912023 0,000229
иоаннович 3,912023 0,000229
иоанновича 3,506558 0,000411
иосиф 2,407946 0,000141
иркутск 1,171183 0,000069
исаклинский 3,506558 0,000205
исключение 0,891598 0,000052
исключительно 1,272966 0,000075
ископаемое 1,560648 0,000183
искра-амонд 3,912023 0,000229
искупаться 3,506558 0,000411
искусственный 0,916291 0,000054
искусство 0,478036 0,000252
ислам 1,386294 0,000244
исои 3,912023 0,000229
исполнение 0,867501 0,000356
исполнитель 1,714798 0,000201
исполнительно-распорядительным 2,995732 0,000175
исполнительный 1,171183 0,000137
исполнить 2,302585 0,000270
исполнять 1,108663 0,000195
использование -0,009950 -0,000001
использовать 0,020203 0,000009
использоваться 0,223144 0,000013
испытание 2,813411 0,000330
исследование 0,462035 0,000217
исследовательский 1,237874 0,000073
исток 0,755023 0,000088
историко-краеведческий 2,407946 0,000564
исторический 0,314711 0,000277
история 0,051293 0,000150
источник -0,009950 -0,000026
источникевикипедия 2,302585 0,000135
источниковвикипедия 1,966113 0,000115
исчерпать 2,525729 0,000148
исчисление 0,776529 0,000045
италии 1,966113 0,000115
италия 1,609438 0,000094
итог 0,494296 0,000290
иудаизации 3,912023 0,000229
иудаизм 1,771957 0,000311
ишимбай 1,309333 0,000077
июль 0,116534 0,000410
июнь 0,116534 0,000225
йошкар-ола 3,218876 0,000189
кабалевского 3,912023 0,000229
кабель 3,218876 0,000189
кабельный 1,514128 0,000089
кабытов 3,506558 0,000411
кавалер 2,120264 0,000124
кавказа 1,660731 0,000097
кавказский 1,966113 0,000115
кадр 1,514128 0,000266
каждый 0,261365 0,000061
казаковъ 3,912023 0,000229
казани 1,771957 0,000104
казанский 1,049822 0,000307
казань 0,891598 0,000261
казарма 1,966113 0,000230
казахстан 1,469676 0,000258
казначей 2,813411 0,000165
казначейство 2,407946 0,000141
кайнозойский 3,218876 0,000189
какой-либо 1,272966 0,000075
калейдоскоп 2,995732 0,000175
калининграда 3,506558 0,000205
калининградом 2,813411 0,000165
калмыцкий 2,995732 0,000175
калязин 2,040221 0,000120
каменноугольный 3,218876 0,000189
каменный 0,733969 0,000086
каменск-уральский 1,347074 0,000079
камень 0,994252 0,000058
камерный 1,660731 0,000097
камский 1,714798 0,000100
камышина 2,120264 0,000124
камышлинский 3,506558 0,000205
канал 0,673345 0,000079
канализировать 3,506558 0,000205
кандидат 1,272966 0,000149
канон 2,813411 0,000165
канун 2,813411 0,000165
канцлер 3,506558 0,000205
кап 3,506558 0,000616
капитал 1,469676 0,000172
капля 3,218876 0,000189
караван 2,659260 0,000312
кардиологический 2,407946 0,000141
карен 3,506558 0,000205
каркарьян 3,912023 0,000229
карнавал 3,218876 0,000189
карнавальный 3,912023 0,000229
каро 2,813411 0,000165
карпушкин 3,912023 0,000229
карт 0,301105 0,000194
картина 1,347074 0,000079
картографический 2,525729 0,000148
карточкивикипедия 1,309333 0,000077
карусель 1,771957 0,000104
карьер 2,207275 0,000129
каспийск 1,272966 0,000075
каспийский 1,514128 0,000089
каталанский 0,527633 0,000031
каталог 0,094311 0,000011
катание 1,966113 0,000230
катапультировать 3,912023 0,000229
категория -0,009950 -0,000003
католик 2,120264 0,000248
католицизм 2,207275 0,000259
католический 1,237874 0,000145
катэк 3,912023 0,000229
кафа 1,514128 0,000532
кафедра 1,660731 0,000292
кафедральный 0,967584 0,000227
каховская 3,912023 0,000229
качественный 1,832581 0,000107
качество 0,287682 0,000135
кбшжд 3,506558 0,000205
квалификация 2,120264 0,000124
квартал 0,994252 0,000058
квартальный 2,813411 0,000165
квартира 1,966113 0,000230
квас 2,995732 0,000175
кемерово 1,237874 0,000073
керамик 2,659260 0,000156
киамиль 3,912023 0,000229
кибернетик 2,525729 0,000148
кий 1,469676 0,000172
кимр 2,120264 0,000124
кинель 3,506558 0,000411
кинель-черкасский 3,506558 0,000205
кинельский 3,506558 0,000205
кинешма 2,120264 0,000124
кино 0,994252 0,000116
киноклуб 2,813411 0,000494
кинолекционный 3,912023 0,000229
киномакс 2,120264 0,000248
кинотеатр 0,891598 0,000888
кипр 2,813411 0,000165
кипт 3,912023 0,000229
киргизский 2,659260 0,000156
кирилл 2,302585 0,000135
кириллу 3,506558 0,000205
киркомбинат 3,912023 0,000229
киров 1,309333 0,000077
кирова 1,386294 0,000325
кировский 1,237874 0,000218
кировское 3,218876 0,000189
кировском 2,525729 0,000444
кирпичный 1,609438 0,000283
кирха 1,832581 0,000215
кирюхин 3,912023 0,000229
кирюхина 3,912023 0,000229
китай 0,776529 0,000091
кладбище 1,237874 0,000870
клапан 3,506558 0,000205
класс 0,616186 0,000072
классик 2,120264 0,000124
классический 0,755023 0,000088
кластер 2,120264 0,000248
клейнерман 3,912023 0,000229
климат 0,446287 0,000261
клиника 2,040221 0,000120
клинический 1,386294 0,000812
клодта 3,506558 0,000205
клуб 0,798508 0,000795
клубный 2,659260 0,000156
клык 2,813411 0,000165
клявлинский 3,506558 0,000205
кмволгоград 2,659260 0,000156
кмказань 2,040221 0,000120
кмнабережные 2,995732 0,000175
кмнижнекамск 2,995732 0,000175
кморск 3,506558 0,000205
кмсаранск 3,506558 0,000205
кмульяновск 3,218876 0,000189
кмуфа 2,407946 0,000141
кмчелябинск 2,407946 0,000141
книга 0,415515 0,000097
книжный 0,798508 0,000094
кнпз 3,912023 0,000229
князь 0,867501 0,000407
код -0,009950 -0,000061
кодекс -0,009950 -0,000001
кодистория 0,116534 0,000007
кожа 2,407946 0,000141
кожевниковым 3,912023 0,000229
коза 3,218876 0,000754
козел 2,525729 0,000148
козелок 3,912023 0,000687
козий 2,995732 0,000175
козино 2,120264 0,000124
козлова 2,813411 0,000165
козловка 2,120264 0,000124
козлову 3,912023 0,000458
козьмодемьянск 2,120264 0,000124
койка 2,040221 0,000717
количество 0,210721 0,000136
количествомаршрутов 3,912023 0,000229
коллегия 2,659260 0,000156
колледж 1,108663 0,000974
коллектив 1,237874 0,000073
коллективный 2,040221 0,000120
коллекция 1,309333 0,000460
колодец 3,218876 0,000189
коломна 1,272966 0,000075
колониальный 3,506558 0,000205
колыбель 3,218876 0,000189
команда 0,798508 0,000140
командный 1,347074 0,000158
командование 1,609438 0,000094
комедия 1,966113 0,000115
комиссар 2,207275 0,000129
комиссия 0,967584 0,000113
комитет 0,653926 0,000460
комма 2,995732 0,000702
коммеморации 3,506558 0,000205
комментарий 1,237874 0,000145
коммерсантъ 1,139434 0,000067
коммерческий 1,021651 0,000239
коммуна 2,407946 0,000987
коммунальник 3,912023 0,000229
коммунальный 1,609438 0,000094
коммуникация 1,660731 0,000195
компания 0,371064 0,000217
компетенция 2,659260 0,000312
комплекс 0,579818 0,000408
комплексный 1,078810 0,000126
композитор 1,514128 0,000089
композиция 1,386294 0,000081
комсомольск-на-амуре 1,203973 0,000071
комсомольский 0,891598 0,000261
комстар 3,506558 0,000205
комуч 3,506558 0,000205
комучевской 3,912023 0,000229
комфортабельный 2,813411 0,000165
конаково 2,120264 0,000124
конверсия 3,506558 0,000616
кондитерская 1,660731 0,000097
конек 2,207275 0,000129
конец 0,198451 0,000232
конка 2,995732 0,000351
конкретизациивикипедия 1,714798 0,000100
конкурс 1,171183 0,000274
конкурсный 2,207275 0,000517
коноваленко 3,912023 0,000229
константин 1,560648 0,000183
константинова 3,912023 0,000458
константиновский 1,966113 0,000115
константином 3,506558 0,000205
конструктор 2,040221 0,000598
конструкторский 2,407946 0,000141
конструкция 1,469676 0,000086
консульский 2,120264 0,000124
консульство 1,771957 0,000519
контекст 1,427116 0,000167
континентальный 0,527633 0,000093
контора 2,120264 0,000248
контракт 1,609438 0,000094
контраст 3,912023 0,000229
контролировать 1,469676 0,000086
контроль 0,994252 0,000116
контрольная 2,525729 0,000296
конференция 0,941609 0,000110
конфиденциальность -0,009950 -0,000001
концерт 1,832581 0,000537
концертный 1,108663 0,000260
конькобежный 2,995732 0,000175
кооператив 2,659260 0,000156
координата 1,347074 0,000158
координация 2,120264 0,000248
копер 3,912023 0,000458
копие 0,223144 0,000026
коровкиной 3,912023 0,000229
королев 1,897120 0,000667
корона 1,660731 0,000195
короткий -0,009950 -0,000002
корпус 1,171183 0,000206
коррекция 3,218876 0,000189
корчева 2,040221 0,000120
косицин 3,912023 0,000229
космический 1,309333 0,000844
космонавт 1,514128 0,000355
космонавтика 2,040221 0,000359
космопорт 3,912023 0,000458
космос 1,237874 0,000363
костел 2,302585 0,000405
кострома 1,171183 0,000137
который 0,000000 0,000000
кофемолка 3,912023 0,000229
кочевник 2,040221 0,000120
кочкина 3,506558 0,000205
кошкинский 3,506558 0,000205
кпрф 2,207275 0,000259
кпсс 1,832581 0,000107
кравец 1,386294 0,000081
краеведение 2,040221 0,000120
краеведческий 1,108663 0,000130
край 0,544727 0,000223
крайний 1,514128 0,000089
красивый 1,660731 0,000097
красная 0,713350 0,000376
красноармеец 2,407946 0,000141
красноармейский 1,714798 0,000201
красноглинский 3,912023 0,000917
красноглинского 3,912023 0,000458
красноглинском 3,912023 0,000458
краснодар 1,386294 0,000081
красное-на-волге 2,120264 0,000124
краснослободск 2,120264 0,000124
красноярск 0,967584 0,000113
красноярский 1,609438 0,000094
красный 0,597837 0,000210
крат 3,218876 0,000189
краткий 0,653926 0,000115
крафт 3,912023 0,000458
крепость 0,994252 0,001048
кресло 2,995732 0,000351
крест 1,309333 0,000153
крестьянский 1,714798 0,000301
кривенцов 3,912023 0,000229
кризис 1,386294 0,000081
кристаллический 2,995732 0,000175
критический 1,966113 0,000115
кровь 1,832581 0,000107
кром 0,235722 0,000041
кромка 3,506558 0,000411
кросс 3,912023 0,000229
круг 0,967584 0,000057
круиз 2,407946 0,000141
крупный 0,210721 0,000494
круто 2,995732 0,000175
крутой 1,514128 0,000089
крыло 1,966113 0,001036
крыма 0,843970 0,000049
кряж 2,813411 0,000494
ксв 2,302585 0,000135
ксения 2,302585 0,000135
кстово 2,040221 0,000120
кубок 1,237874 0,000580
кувшин 3,912023 0,000458
кузнец 1,560648 0,000183
кузнецов 1,771957 0,000104
куйбышев 2,659260 0,002648
куйбышев-на-волге 3,912023 0,000229
куйбышева 2,207275 0,002715
куйбышевагорода 3,912023 0,000229
куйбышеве 3,506558 0,000822
куйбышевкабель 3,912023 0,000229
куйбышевская 3,506558 0,000205
куйбышевский 1,771957 0,001038
куйбышевским 3,218876 0,000189
куйбышевских 3,912023 0,000229
куйбышевского 2,525729 0,000592
куйбышевское 2,813411 0,000824
куйбышевской 2,813411 0,000659
куйбышевском 3,218876 0,000189
куйбышевскую 3,912023 0,000229
куйбышеву 3,912023 0,000229
куки -0,009950 -0,000001
культовый 1,966113 0,000230
культура 0,356675 0,000501
культурно-досугового 3,218876 0,000189
культурно-досуговой 3,912023 0,000229
культурно-массовый 3,218876 0,000189
культурно-рекреационные 3,912023 0,000229
культурный 0,597837 0,000455
купец 1,078810 0,000316
курган 1,203973 0,000071
курлиной 3,912023 0,000458
курс 1,171183 0,000069
курумоч 3,218876 0,000943
курьер 2,525729 0,000148
кутякова 3,912023 0,000458
кучер 3,912023 0,000229
кушнерев 2,995732 0,000175
кушнир 3,912023 0,000458
кушнира 3,912023 0,000229
лаборатория 1,309333 0,000077
лавка 2,120264 0,000124
лавочка 2,995732 0,000175
лагерь 1,514128 0,000089
ладья 2,995732 0,000526
лазерный 2,813411 0,000494
лазуревый 3,218876 0,000189
лангбард 3,912023 0,000229
ларусса 1,078810 0,000063
латы 1,771957 0,000104
лауреат 1,609438 0,000094
лаушкина 3,912023 0,000229
леан 3,912023 0,000458
лебедева 2,995732 0,000351
лев 0,967584 0,000340
левашов 1,660731 0,000097
легенда 1,469676 0,000689
легкий 0,967584 0,000057
ледокол 2,525729 0,000148
лежать 0,994252 0,000058
лейканд 3,912023 0,000229
лен 2,207275 0,000129
ленин 0,755023 0,000265
ленинагорода 2,120264 0,000124
ленинградский 1,560648 0,000274
ленинск-кузнецкий 1,347074 0,000079
ленинский 0,941609 0,000276
лента 1,203973 0,000141
лес 0,733969 0,000043
лесной 0,843970 0,000049
лесопарк 1,897120 0,000222
лесопарковый 2,659260 0,000156
лет 0,597837 0,000140
летательный 3,912023 0,000229
летию 1,078810 0,000063
летия 1,108663 0,000455
летний 0,579818 0,000204
лето 0,891598 0,000052
летоисчисление 3,506558 0,000205
летописец 2,659260 0,000467
летучий 2,525729 0,000148
летчик 2,207275 0,000129
лечиться 3,506558 0,000205
лига 0,941609 0,000055
лидер 1,237874 0,000145
лидерский 3,912023 0,000229
лидировать 1,832581 0,000107
ликвидировать 1,309333 0,000077
лингвист 2,813411 0,000165
линия 0,462035 0,000189
лирик 3,218876 0,000566
лист 1,203973 0,000071
литвинова 3,506558 0,000411
литература 0,051293 0,000024
лицевой 2,659260 0,000156
лицей 1,347074 0,000079
лицензирование 2,995732 0,000175
лицензия -0,009950 -0,000002
лицо 0,673345 0,000118
лично 2,302585 0,000135
личной 1,469676 0,000086
лишить 1,771957 0,000104
лишь 0,478036 0,000056
лодка 1,660731 0,000097
локальный 0,673345 0,000039
локомотив 1,714798 0,000100
лошадь 1,966113 0,000230
луганск 1,203973 0,000071
лук 1,771957 0,000727
лучшее 1,427116 0,000084
лучший 0,776529 0,000182
лыжа 2,659260 0,000156
лыжня 3,506558 0,000205
лысково 2,040221 0,000120
лысьва 1,347074 0,000079
львович 2,995732 0,000175
льгота 2,813411 0,000165
лэнд 3,506558 0,000205
людейрайонные 3,912023 0,000229
люди 0,755023 0,000177
людмила 2,207275 0,000259
лютеранский 1,714798 0,000201
ляпиной 3,912023 0,000229
мавританский 3,506558 0,000205
магадан 1,237874 0,000073
магазин 1,272966 0,000224
магдеев 3,912023 0,000229
магистраль 0,867501 0,000051
магистрат 2,995732 0,000175
магнит 1,609438 0,000094
магнитоальбом 3,912023 0,000458
магнитогорск 1,272966 0,000149
маисс 3,912023 0,000229
май 0,127833 0,000412
майкл 2,407946 0,000141
майна 2,040221 0,000120
макаров 1,660731 0,000097
макарьево 2,120264 0,000124
макет 2,659260 0,000156
макса 1,897120 0,000222
максим 1,237874 0,000290
максимальный 0,867501 0,000102
максимум 0,579818 0,000102
мала 1,237874 0,000145
мало 0,579818 0,000068
малой 0,776529 0,000045
малоэтажный 2,302585 0,000135
малый 0,139262 0,000024
манизер 3,218876 0,000377
мануфактурный 3,218876 0,000189
мануэль 3,912023 0,000229
мар 2,040221 0,000120
маргарит 3,218876 0,000189
марджани 3,218876 0,000189
марии 2,040221 0,000120
мариинский 1,469676 0,000086
марий 2,525729 0,000148
марка 0,733969 0,000043
марковцы 3,912023 0,000229
маркс 1,309333 0,000077
март 0,116534 0,000273
марш 2,525729 0,000148
маршал 1,966113 0,000115
маршрут 0,673345 0,000513
маршрутный 1,049822 0,000184
масленникова 3,506558 0,000411
масса 0,916291 0,000054
массив 0,891598 0,000052
массовый 0,494296 0,000116
мастер 1,171183 0,000069
мастерская 1,832581 0,000537
мастрюковских 3,912023 0,000458
матвеев 2,040221 0,000239
матвеевич 3,218876 0,000189
матвей 3,218876 0,000377
математик 1,347074 0,000079
математический 1,832581 0,000107
матери-родине 3,912023 0,000229
материал -0,009950 -0,000004
материаловедение 2,995732 0,000351
материальный 1,514128 0,000089
матч 1,108663 0,000260
матякин 3,912023 0,000229
мачнева 3,912023 0,000229
машина 0,713350 0,000376
машиноведение 3,912023 0,000229
машиностроение 1,049822 0,000307
машиностроительный 1,347074 0,000237
мба 3,912023 0,000229
мв-самара 3,912023 0,000458
мега 2,995732 0,000351
мегаполис 2,040221 0,000239
мегафон 1,237874 0,000435
медиафайлы 0,301105 0,000018
медико-санитарный 2,995732 0,000175
медико-социальный 3,912023 0,000229
медицинский 0,653926 0,000536
медленно 1,832581 0,000107
межвузовский 2,659260 0,000467
междугородная 1,832581 0,000107
междугородний 2,407946 0,000141
междугородный 1,832581 0,000322
международный 0,385662 0,000520
мелкий 1,309333 0,000230
мелкорозничный 3,218876 0,000189
мельник 2,040221 0,000120
мемориал 1,514128 0,000177
мемориальный 1,139434 0,000200
меньшевик 3,506558 0,000205
мера 0,820981 0,000048
меридианный 3,912023 0,000229
меркель 3,218876 0,000189
меркулов 3,506558 0,000205
меркулова 3,218876 0,000189
мероприятие 0,916291 0,000215
местность 1,049822 0,000307
местный 0,478036 0,000364
место 0,139262 0,000269
месяц 0,415515 0,000122
месяцевикипедия 0,776529 0,000045
металл 1,272966 0,000075
металлист 2,525729 0,000148
металлист-самара 3,912023 0,000229
металлический 1,771957 0,000104
металлообработка 1,897120 0,000333
металлург 2,302585 0,000539
металлургический 1,469676 0,000517
металлургия 1,714798 0,000201
метафест 3,912023 0,000229
метеоцентр 3,912023 0,000229
метод 1,049822 0,000061
методический 3,218876 0,000189
метр 0,653926 0,000077
метро 1,272966 0,000373
метровый 1,714798 0,000301
метрология 3,218876 0,000189
метрополитен 1,609438 0,000754
мефодию 3,506558 0,000205
механико-технологический 3,506558 0,000205
мехзавод 3,912023 0,000229
меценатам-купцам 3,912023 0,000229
мечеть 0,994252 0,000408
мечетьлютеранский 3,912023 0,000229
мешок 2,525729 0,000296
миасс 1,309333 0,000077
миграционный 1,560648 0,000183
микаберидзе 3,912023 0,000229
микроавтобус 2,995732 0,000351
микрорайон 0,916291 0,000268
миллиард 1,514128 0,000089
миллион 0,776529 0,000045
миллионный 1,771957 0,000104
милон 3,912023 0,000229
минаева 3,506558 0,000205
мини-магазинов 3,912023 0,000229
мини-футбольный 2,207275 0,000129
минимальный 1,347074 0,000158
минимум 0,653926 0,000115
министерство 0,653926 0,000230
минобороны 3,218876 0,000189
мир 0,094311 0,000066
мирной 1,609438 0,000094
мировая 0,527633 0,000062
мировой 1,469676 0,000086
миссури 3,912023 0,000229
митинг 2,302585 0,000135
митлин 3,912023 0,000229
митлина 3,912023 0,000229
михаил 0,916291 0,000322
михаила 1,171183 0,000137
михайлович 1,386294 0,000162
михайловна 3,218876 0,000189
мичурина 3,218876 0,000189
мичуринский 2,995732 0,000175
мкр 3,218876 0,000377
млн 0,462035 0,000189
млрд 0,820981 0,000240
мнение 0,634878 0,000037
многие 0,356675 0,000063
много 0,150823 0,000044
многоконфессиональный 2,813411 0,000165
многократный 2,040221 0,000239
многолетний 1,560648 0,000091
многомерный 3,506558 0,000205
многотысячный 3,218876 0,000189
многофигурный 3,506558 0,000205
многочисленный 0,693147 0,000162
многоэтажный 1,832581 0,000107
множество 0,462035 0,000108
мобильный -0,009950 -0,000003
могилев 2,525729 0,000296
модель 0,891598 0,000157
модерн 1,609438 0,000377
модеста 3,912023 0,000229
модификация 2,207275 0,000129
модуль 0,562119 0,000099
мозаичный 3,506558 0,000411
молитвенный 2,302585 0,000135
молить 3,218876 0,000189
молл 2,525729 0,000148
молния 2,813411 0,000165
молога 2,120264 0,000124
молодежный 1,078810 0,000379
молодежь 1,386294 0,000568
молодогвардейский 3,912023 0,000229
молодой 1,021651 0,000120
молодость 2,813411 0,000330
молчатский 3,912023 0,000229
момент 0,527633 0,000340
монастырь 0,867501 0,000305
монастырьхрам 3,912023 0,000229
монахиня 3,912023 0,000458
монета 0,994252 0,000175
мониторинг 1,108663 0,000065
мономаха 2,813411 0,000165
монтаж 2,995732 0,000175
монумент 1,272966 0,000671
мончегорск 1,347074 0,000079
мор 1,021651 0,000060
моральный 2,659260 0,000156
моргун 3,218876 0,000189
мордва 1,309333 0,000230
море 0,562119 0,000132
морж 3,218876 0,000189
мороженое 3,218876 0,000189
москва 0,400478 0,000281
москвасамара 3,506558 0,000205
москве 1,171183 0,000069
москвой 1,237874 0,000145
москву 1,139434 0,000067
москвы 0,653926 0,000153
московский 0,527633 0,000340
мост 0,713350 0,000042
мосфильм 2,995732 0,000175
мотив 2,120264 0,000248
мотивировать 2,813411 0,000165
моторвагонный 3,912023 0,000229
моторостроительный 2,813411 0,000165
мочалова 3,912023 0,000687
мочь -0,009950 -0,000004
мощный 1,021651 0,000120
мск 0,843970 0,000049
мтл 3,912023 0,000229
мтс 1,237874 0,000363
мужчина 1,347074 0,000079
музей 0,653926 0,001570
музей-усадьба 2,525729 0,000148
музейный 1,514128 0,000266
музыка 0,941609 0,000110
музыкальный 0,867501 0,000254
музыкант 2,207275 0,000129
мультимедийный 2,120264 0,000248
мультиформатный 3,912023 0,000229
муниципальный 0,713350 0,002047
муннибаев 3,912023 0,000229
мурза 3,912023 0,000229
мусоргского 3,506558 0,000205
мусульман 1,171183 0,000069
мышкин 2,120264 0,000124
мэр 1,078810 0,000063
мягкий 1,714798 0,000402
мясокомбинат 1,966113 0,000115
мяч 1,609438 0,000189
набег 1,660731 0,000195
набережная 0,891598 0,000366
набилете 3,912023 0,000687
наблюдаться 0,755023 0,000088
наблюдение 1,108663 0,000065
навигация -0,009950 -0,000003
наволок 2,120264 0,000124
награда 0,798508 0,000094
наградить 0,941609 0,000276
надежность 2,995732 0,000175
наделить 2,407946 0,000141
надзор 2,040221 0,000120
надпись 1,660731 0,000195
назад 1,108663 0,000130
название 0,105361 0,000111
назвать 0,371064 0,000043
наземный 1,609438 0,000094
назначать 2,207275 0,000129
назначение 1,108663 0,000195
назначить 1,203973 0,000071
называть 0,174353 0,000031
называться 0,328504 0,000096
наиболее 0,139262 0,000090
наименование 0,994252 0,000466
наличие 0,867501 0,000203
наличный 2,525729 0,000148
налоговый 1,966113 0,000115
наметить 2,407946 0,000141
нанесение 3,218876 0,000189
нанести 1,832581 0,000107
нападение 1,832581 0,000107
напиток 1,897120 0,000222
наполова 3,912023 0,000229
напоминать 1,714798 0,000100
направление 0,385662 0,000136
например 0,328504 0,000038
напротив 1,237874 0,000145
наречие 3,912023 0,000229
нариманов 2,120264 0,000124
народ 0,579818 0,000068
народный 0,616186 0,000614
нарушение 1,560648 0,000183
наряд 1,049822 0,000061
насаждение 1,469676 0,000172
население 0,462035 0,002138
населить 0,597837 0,000595
наследие 0,713350 0,000167
настолько 1,897120 0,000111
настоящее 0,287682 0,000219
настоящий 1,272966 0,000149
наступать 0,843970 0,000049
насчитывать 1,203973 0,000282
насчитываться 0,967584 0,000567
наталья 1,660731 0,000097
наука 0,235722 0,000221
научно-инженерный 3,912023 0,000229
научно-исследовательский 0,798508 0,000281
научно-методической 3,912023 0,000229
научно-образовательный 0,967584 0,000057
научно-практической 2,207275 0,000129
научно-технический 1,386294 0,000406
научно-учебным 3,912023 0,000229
научный 0,248461 0,000320
находиться 0,174353 0,000143
находка 0,994252 0,000058
национальность 0,867501 0,000203
национальный 0,342490 0,000140
нацистский 2,995732 0,000175
нация 2,813411 0,000165
начало 0,116534 0,000157
началось 0,616186 0,000144
начальный 0,967584 0,000170
начать 0,510826 0,000120
начаться 0,562119 0,000132
начиная 0,733969 0,000129
начислить 2,207275 0,000388
наш 0,527633 0,000124
неавторитетном 2,525729 0,000148
неавторитетный 2,407946 0,000141
неблагополучный 2,995732 0,000175
небольшой 0,494296 0,000087
невероятный 2,813411 0,000165
невский 1,272966 0,000075
негативный 1,347074 0,000079
недалекий 3,912023 0,000229
недалеко 1,469676 0,000172
неделя 1,309333 0,000307
недостаток 0,579818 0,000034
недостроенный 3,218876 0,000377
недоступный 0,446287 0,000261
недра 2,525729 0,000148
незначительный 1,660731 0,000195
нейштадт 3,912023 0,000229
некоммерческий -0,009950 -0,000001
некорректно 1,897120 0,000111
некоторые 0,127833 0,000030
некоторый 1,237874 0,000073
некрасовский 2,040221 0,000359
немец 1,108663 0,000065
немецкий 0,798508 0,000094
необслуживаемых 3,912023 0,000229
необходимость 1,139434 0,000067
необходимый 1,078810 0,000063
необычный 1,832581 0,000107
неоготический 3,218876 0,000189
неоднократно 1,139434 0,000067
неоднократный 2,525729 0,000148
неподалеку 2,040221 0,000239
непосредственно 0,478036 0,000140
неправильный 2,407946 0,000141
непродовольственный 2,813411 0,000165
неразделенный 3,912023 0,000229
несанкционированный 2,407946 0,000141
несданных 3,912023 0,000229
несколько 0,116534 0,000068
несмотря 0,755023 0,000133
несогласный 3,912023 0,000229
нести 1,609438 0,000094
нефтегорск 3,506558 0,000205
нефтегорский 3,506558 0,000205
нефтеперерабатывающий 2,302585 0,000539
нефтепереработка 2,995732 0,000175
нефтехимический 1,966113 0,000230
нефтяной 1,514128 0,000177
ниа 3,218876 0,000377
ниже 0,693147 0,000081
нижнее 0,916291 0,000107
нижний 0,494296 0,000261
нии 1,237874 0,000145
ник 2,659260 0,000156
николаевич 1,309333 0,000307
николаевичу 2,995732 0,000351
николаевна 2,659260 0,000156
николаевск 1,966113 0,000115
николаем 2,302585 0,000135
николай 0,867501 0,000152
николая 0,916291 0,000107
нина 2,659260 0,000156
нова-загору 3,912023 0,000229
новгород 0,867501 0,000203
новгородом 3,218876 0,000377
ново-садовая 3,912023 0,000458
ново-садовой 3,912023 0,000229
новодевичье 2,120264 0,000124
новое 0,287682 0,000084
новокузнецк 1,272966 0,000075
новокуйбышевск 2,120264 0,000373
новомосковск 1,203973 0,000071
новосибирск 0,916291 0,000107
новость 0,544727 0,000255
новоульяновск 2,120264 0,000124
новочебоксарск 2,120264 0,000124
новый 0,083382 0,000078
ногаец 1,771957 0,000104
ногайский 2,525729 0,000296
номер 0,634878 0,000298
номинальный 2,207275 0,000259
номинация 2,040221 0,000239
норвежский 0,248461 0,000015
норильск 1,203973 0,000071
норма 0,597837 0,000070
нормативный 1,897120 0,000111
нос 2,302585 0,000135
носитель 2,040221 0,000120
носок 3,912023 0,000229
ночное 2,659260 0,000156
ночной 2,040221 0,000120
нояб 0,820981 0,000048
ноябрь 0,127833 0,000524
нуждаться 1,660731 0,000097
нужно 1,049822 0,000061
ныне 0,653926 0,000077
ныть 2,407946 0,000141
оао 0,916291 0,000322
оба 0,597837 0,000035
обеспечение 0,634878 0,000074
обеспеченность 1,771957 0,000311
обеспечивать 0,415515 0,000073
обеспечить 1,386294 0,000081
обещать 2,407946 0,000141
обзор 1,078810 0,000063
обзорный 2,813411 0,000165
обладатель 1,514128 0,000532
обладать 0,843970 0,000049
областиобластные 2,407946 0,000141
областипоявились 3,912023 0,000229
областной 0,994252 0,001864
область 0,150823 0,000954
областьгорода 1,309333 0,000077
облисполком 2,813411 0,000330
обозначать 1,609438 0,000094
обозрение 1,897120 0,000111
оборона 1,108663 0,000195
оборот 1,139434 0,000334
оборудование 0,653926 0,000077
обосноваться 3,218876 0,000189
обрабатывать 1,049822 0,000061
обработка 1,309333 0,000307
образ 0,287682 0,000152
образец 1,203973 0,000071
образование 0,356675 0,001003
образовательный 0,891598 0,000627
образовать 0,385662 0,000361
образоваться 0,967584 0,000113
образовываться 2,995732 0,000175
обратно 1,714798 0,000100
обращение 0,030459 0,000389
обрываться 3,506558 0,000205
обслуживание 0,941609 0,000165
обслуживать 1,469676 0,000172
обслуживаться 2,525729 0,000444
обстановка 1,386294 0,000081
обсуждаться 1,897120 0,000111
обсуждение 2,120264 0,000248
обусловить 1,237874 0,000073
обучать 2,525729 0,000148
обучаться 1,560648 0,000091
обучение 1,309333 0,000307
обширный 1,078810 0,000063
общегородской 2,040221 0,000120
общегосостава 3,912023 0,000229
общедоступный 1,347074 0,000079
общее 0,301105 0,000106
общеобразовательный 1,021651 0,000419
общественно-политическими 3,912023 0,000458
общественность 2,120264 0,000124
общественный 0,494296 0,000492
общество 0,415515 0,000024
обществознание 3,506558 0,000205
общий 0,186330 0,000131
община 1,078810 0,000316
объединение 0,776529 0,000227
объединить 0,867501 0,000152
объект 0,235722 0,000097
объем 0,400478 0,000188
объявить 0,798508 0,000047
обязанность 1,347074 0,000237
обязать 1,609438 0,000094
овраг 1,660731 0,000097
огмв 3,218876 0,000189
огонь 1,139434 0,000200
ограничить 0,653926 0,000038
огромный 0,776529 0,000136
один 0,051293 0,000105
одиннадцатый 3,912023 0,000229
однако 0,174353 0,000061
одновременно 0,776529 0,000091
ожидаться 2,302585 0,000270
оздоровительный 2,407946 0,000141
озеро 0,673345 0,000197
означать 0,798508 0,000187
оказание 2,120264 0,000248
оказать 1,427116 0,000084
оказаться 0,820981 0,000048
окаменение 3,912023 0,000229
окато 0,820981 0,000144
океан 0,994252 0,000058
окно 1,714798 0,000100
окончание 1,309333 0,000153
окончательно 1,203973 0,000071
окраина 1,049822 0,000184
округ 0,562119 0,002206
окружать 0,755023 0,000044
окружение 2,207275 0,000129
оксфорд 3,506558 0,000205
окт 0,798508 0,000047
октмо 0,843970 0,000049
октябрь 0,072571 0,000340
октябрьск 2,120264 0,000248
октябрьский 0,776529 0,000364
олеария 2,813411 0,000165
олег 1,427116 0,000251
олега 1,966113 0,000230
олимп 2,407946 0,000423
олимпийский 1,108663 0,000065
омск 1,021651 0,000180
онкологический 1,897120 0,000111
онлайн 0,198451 0,000012
ооо 0,843970 0,000544
опал 3,912023 0,000229
опасный 1,272966 0,000075
опека 3,912023 0,000229
опер 1,469676 0,000344
оперативный 1,832581 0,000107
оператор 0,941609 0,000496
операция 0,776529 0,000045
опережать 2,207275 0,000129
опираться 1,560648 0,000091
описание -0,009950 -0,000002
оплата 1,609438 0,000189
ополченец 3,506558 0,000616
ополчение 1,897120 0,000111
опрос 1,832581 0,000107
опти-телеком 3,912023 0,000229
оптик 2,659260 0,000312
орбитальный 3,506558 0,000205
орган 0,616186 0,000289
организатор 1,771957 0,000104
организация -0,009950 -0,000012
организовать 0,634878 0,000112
организоваться 2,995732 0,000175
органический 1,832581 0,000107
орден 0,891598 0,000209
оренбург 1,966113 0,000345
оренбургский 1,714798 0,000201
оригинал 0,139262 0,000326
оригинальный 1,771957 0,000104
орион 2,995732 0,000175
оркестр 1,386294 0,000081
орск 1,272966 0,000075
орский 3,912023 0,000229
оружие 1,203973 0,000071
осадок 0,544727 0,000064
освобождение 1,514128 0,000089
освоение 1,309333 0,000077
осенний 2,302585 0,000270
осень 0,941609 0,000221
осипенко 2,995732 0,000175
осипов 0,527633 0,000062
осифовичу 3,912023 0,000229
осмотреть 3,506558 0,000205
основа 0,210721 0,000074
основание 0,494296 0,000463
основатель 0,967584 0,000283
основать 0,274437 0,000289
основное 0,235722 0,000097
основной 0,040822 0,000093
основываться 1,560648 0,000183
особенно 0,562119 0,000033
особняк 1,771957 0,000208
особый 0,776529 0,000182
оставаться 0,544727 0,000064
останки 2,995732 0,000175
остановка 1,514128 0,000089
остров 0,820981 0,000096
осуществление 1,427116 0,000167
осуществлять 0,597837 0,000420
осуществляться 0,616186 0,000361
отбор 2,040221 0,000120
отборочный 2,995732 0,000175
отв 0,755023 0,000177
отвага 2,813411 0,000165
ответственность -0,009950 -0,000001
отводиться 2,813411 0,000165
отгрузить 1,386294 0,000162
отдел 1,171183 0,000206
отделение 0,713350 0,000334
отдельный -0,009950 -0,000002
отдохнуть 3,912023 0,000229
отдых 0,941609 0,000165
отдыхать 2,302585 0,000135
отечественный 0,634878 0,000223
отказ -0,009950 -0,000001
отказаться 1,427116 0,000084
открывать 1,771957 0,000208
открываться 1,347074 0,000079
открытие 0,616186 0,000289
открытка 2,207275 0,000129
открыто 1,078810 0,000253
открыть 0,150823 0,000212
открыться 0,820981 0,000192
отличаться 0,342490 0,000080
отличить 3,218876 0,000189
отменить 1,427116 0,000084
отменять 2,659260 0,000156
отметить 0,616186 0,000144
отмечать 1,078810 0,000063
отмечаться 0,994252 0,000058
относительно 0,415515 0,000049
относить 1,469676 0,000086
относиться 0,328504 0,000038
отношение 0,430783 0,000126
отправляться 1,427116 0,000251
отрадный 2,525729 0,000148
отраслевой 1,609438 0,000094
отрасль 0,653926 0,000306
отредактировать -0,009950 -0,000003
отрицательно 2,995732 0,000351
отрываться 3,912023 0,000229
отряд 1,272966 0,000075
отслеживание 2,995732 0,000175
отставка 1,832581 0,000215
отстранение 3,218876 0,000189
отстроить 2,302585 0,000135
отступление 2,525729 0,000148
отсутствовать 0,776529 0,000182
отсюда 1,897120 0,000333
отток 2,407946 0,000141
оттуда 2,525729 0,000148
отчет 1,272966 0,000597
отъ 3,506558 0,000616
офицер 1,660731 0,000389
официально 0,693147 0,000081
официальный 0,356675 0,000272
оформить 1,514128 0,000089
офорт 3,506558 0,000205
офтальмология 3,912023 0,000229
ох 1,347074 0,000079
охватить 1,832581 0,000107
охватывать 1,237874 0,000073
охрана 0,843970 0,000049
охранять 1,427116 0,000084
оценка 0,400478 0,000047
очень 0,494296 0,000029
очередь 0,510826 0,000060
очерк 0,733969 0,000043
ошибкекак -0,009950 -0,000001
ошибочно 2,813411 0,000165
паблика 3,912023 0,000229
павел 1,078810 0,000063
павильон 2,040221 0,000120
павлович 2,302585 0,000270
павловичем 3,506558 0,000205
палата 1,347074 0,000552
палеогеография 2,995732 0,000175
палермо 3,218876 0,000189
памяти 1,078810 0,000063
памятник 0,597837 0,001086
памятный 0,798508 0,000374
память 0,820981 0,000144
пан 2,659260 0,000156
панельный 2,995732 0,000175
панорамный 2,813411 0,000165
пао 1,427116 0,000084
парад 1,771957 0,000208
парадно 3,912023 0,000229
паразитология 3,506558 0,000205
параллельно 1,237874 0,000073
параметр 1,139434 0,000067
параметрамивикипедия 2,207275 0,000129
парк 0,653926 0,001111
парк-музей 2,995732 0,000175
парковка 2,120264 0,000373
парковый 1,609438 0,000189
паром 2,659260 0,000156
партизанский 2,407946 0,000141
партийный 1,660731 0,000195
партия 1,514128 0,000355
партнер 1,514128 0,000177
партнерство 1,771957 0,000208
парус 2,207275 0,000129
пассажир 1,272966 0,000075
пассажиравтотранс 3,506558 0,000205
пассажиропоток 1,609438 0,000094
пассажирский 0,941609 0,000772
пастернацкая 3,912023 0,000229
пастушенко 3,912023 0,000229
пасть 2,120264 0,000124
патриарх 2,040221 0,000120
патриархия 2,659260 0,000156
патронат 3,218876 0,000189
пахарь 3,506558 0,000411
пгк 3,912023 0,000458
пдк 2,207275 0,000517
педагог 2,302585 0,000270
педагогический 0,867501 0,000102
пенза 1,108663 0,000260
пензенской 2,813411 0,000330
пение 3,218876 0,000189
первичное 2,525729 0,000148
первое 0,150823 0,000300
первый 0,162519 0,000324
перебоины 3,912023 0,000229
перевести 0,994252 0,000058
перевод 0,941609 0,000110
перевозить 1,832581 0,000215
перевозка 0,891598 0,000574
перевозчик 2,302585 0,000135
переговоры 2,525729 0,000148
перегудова 3,912023 0,000229
передать 0,798508 0,000140
передача 1,078810 0,000379
передвигаться 2,813411 0,000165
переехать 1,966113 0,000115
переименование 1,469676 0,000086
переименовать 0,941609 0,000165
перейти -0,009950 -0,000003
перекресток 1,237874 0,000145
перенести 0,994252 0,000058
переориентироваться 3,506558 0,000205
переписной 1,714798 0,000100
перепись 0,755023 0,000708
переправа 1,514128 0,000089
переправиться 3,506558 0,000205
пересечение 1,171183 0,000343
перестать 1,714798 0,000100
перестройка 1,771957 0,000104
переулок 1,514128 0,000089
перечень 1,108663 0,000390
период 0,274437 0,000289
периодичность 3,218876 0,000377
периферия 2,813411 0,000165
пермский 1,966113 0,000115
пермь 0,994252 0,000233
пермью 2,813411 0,000165
персонал 2,040221 0,000120
персональный -0,009950 -0,000001
перспектива 1,049822 0,000123
песенный 3,506558 0,000205
песнь 1,469676 0,000086
пестравский 3,506558 0,000205
песчаный 1,771957 0,000311
петр 1,108663 0,000260
петра 1,078810 0,000126
петра-дубрава 3,912023 0,000458
петре 2,659260 0,000156
петрович 1,897120 0,000222
петроградский 3,218876 0,000189
петром 2,120264 0,000124
печатный 1,021651 0,000180
печать -0,009950 -0,000001
пешеходный 1,560648 0,000091
пещер 1,897120 0,000111
пжрт 3,912023 0,000229
пианист 3,912023 0,000229
пивзавод 2,659260 0,000156
пиво 2,659260 0,000156
пивоваренный 2,207275 0,000388
пик 1,609438 0,000094
пиковый 2,525729 0,000148
пилон 3,218876 0,000377
пилотировать 3,506558 0,000205
пионер 1,427116 0,000084
пирогова 3,506558 0,000616
пирс 3,218876 0,000189
писатель 0,916291 0,000107
писать 0,820981 0,000048
пискалинский 3,912023 0,000229
пискалы 3,912023 0,000229
пискаревский 3,912023 0,000687
письменный 1,660731 0,000097
письмо 1,237874 0,000073
пища 2,995732 0,000175
пищевой 0,916291 0,000161
плавно 2,407946 0,000141
план 0,527633 0,000495
планета 1,309333 0,000077
планироваться 0,891598 0,000052
планировка 1,427116 0,000084
планомерный 3,218876 0,000189
плат 1,771957 0,000415
платный 1,469676 0,000086
плес 1,832581 0,000107
плоешти 3,912023 0,000458
плоскопечатный 3,912023 0,000229
плотность 0,634878 0,000037
площадка 0,867501 0,000610
площадь 0,385662 0,001355
пляж 1,609438 0,000377
пляжный 2,207275 0,000129
пневмогидравлический 3,912023 0,000229
пниисс 3,912023 0,000229
по-разному 2,407946 0,000141
победа 0,755023 0,000354
победитель 1,514128 0,000177
победоносец 2,407946 0,000141
побратимский 1,771957 0,000104
поведение -0,009950 -0,000001
повлечь 2,407946 0,000141
повлиять 1,609438 0,000094
поволжский 2,302585 0,001079
поволжье 1,832581 0,001718
поволжья 1,714798 0,000804
повстанец 3,506558 0,000411
повторять 2,302585 0,000135
повышение 1,078810 0,000253
погиб 2,525729 0,000296
погода 0,693147 0,000081
пограничник 2,995732 0,000526
погрузочно-разгрузочные 3,506558 0,000205
подавление 2,525729 0,000148
подавлять 1,771957 0,000104
подарить 2,207275 0,000129
подать 1,714798 0,000201
подача 2,207275 0,000129
подведомственный 2,040221 0,000239
подвиг 2,040221 0,000239
подвижной 1,832581 0,000107
подводной 1,514128 0,000177
подворный 3,912023 0,000229
подгоры 3,912023 0,000229
подготовить 1,386294 0,000081
подготовка 0,916291 0,000215
поддержание 2,407946 0,000141
поддержать 1,966113 0,000115
поддержка 0,653926 0,000077
поделом 3,912023 0,000229
поджабный 3,506558 0,000205
подземный 1,469676 0,000517
подковыр 3,506558 0,000205
подлежать 2,120264 0,000124
поднимать 2,813411 0,000165
поднять 1,609438 0,000094
подобный 0,994252 0,000116
подольск 1,272966 0,000075
подпольный 2,407946 0,000282
подразделение 1,514128 0,000266
подробный 1,832581 0,000107
подстепновка 3,912023 0,000229
подтверждение 1,771957 0,000104
подушка 3,506558 0,000205
подчинить 1,347074 0,000158
подшипник 2,995732 0,000175
подъездной 2,813411 0,000165
подъемник 2,995732 0,000175
подьячий 3,506558 0,000205
поезд 1,021651 0,000180
пожар 1,171183 0,000069
пожертвование 2,407946 0,000141
позагорать 3,912023 0,000229
позволять 0,462035 0,000135
поздно 0,713350 0,000084
поземельный 3,912023 0,000229
позиция 1,347074 0,000158
поиск -0,009950 -0,000003
пойти 1,897120 0,000333
показатель 0,494296 0,000347
покататься 3,218876 0,000189
покинуть 1,966113 0,000115
поклонный 3,218876 0,000189
покоиться 2,995732 0,000351
поколение 1,203973 0,000212
покорнейше 3,912023 0,000229
покровский 1,771957 0,000208
покрыть 1,309333 0,000077
пол 0,446287 0,000183
полдень 0,916291 0,000054
поле 1,049822 0,000061
полевой 1,966113 0,000115
полезный 1,203973 0,000071
полет 1,609438 0,000189
поликлиника 1,309333 0,000383
политехнический 1,560648 0,000183
политик -0,009950 -0,000003
политический 0,597837 0,000035
полномочие 1,203973 0,000141
полностью 0,400478 0,000047
полный 0,328504 0,000038
половина 0,430783 0,000126
положение 0,415515 0,000146
положено 2,813411 0,000165
положительный 1,771957 0,000311
положить 1,514128 0,000177
полоса 0,916291 0,000107
полотнище 1,609438 0,000094
полотно 2,040221 0,000120
полтора 2,040221 0,000239
полугодие 2,207275 0,000129
полужирный 1,966113 0,000115
получение 1,203973 0,000141
получить 0,150823 0,000097
пользование 1,609438 0,000094
пользоваться 1,139434 0,000133
польский 1,347074 0,000158
польши 2,659260 0,000156
полюбоваться 3,218876 0,000189
поляк 0,820981 0,000144
поляна 1,427116 0,000418
поместье 3,506558 0,000205
пометка 2,995732 0,000175
помещение 1,560648 0,000366
помимо 0,562119 0,000132
поморский 2,525729 0,000148
помощь 0,342490 0,000181
понижаться 2,525729 0,000296
попечительство 3,912023 0,000229
попов 2,207275 0,000259
пополняться 2,995732 0,000175
поправка 2,407946 0,000141
популярность 1,609438 0,000189
популярный 0,891598 0,000104
пора 0,776529 0,000045
порода 1,427116 0,000084
порт 0,733969 0,000215
портал 0,342490 0,000040
порталстатьи 2,040221 0,000120
порядка 1,139434 0,000334
порядковый 1,609438 0,000189
порядок 0,994252 0,000058
посад 1,469676 0,000172
посвятить 0,634878 0,000298
поселение 0,634878 0,000409
поселиться 2,407946 0,000141
поселок 0,634878 0,000558
посетитель 1,771957 0,000208
посетить 1,203973 0,000071
посещать 1,560648 0,000091
поскольку 0,941609 0,000055
послать 2,040221 0,000120
послевоенный 1,309333 0,000077
последнее 0,843970 0,000049
последний -0,009950 -0,000003
последующий 1,272966 0,000149
пособие 1,514128 0,000089
посольский 3,218876 0,000189
посольство 1,897120 0,000222
поспелов 1,021651 0,000120
посреди 2,659260 0,000156
пост 1,078810 0,000126
поставить 1,021651 0,000060
постамент 2,407946 0,000141
постановка 2,120264 0,000124
постановление 0,891598 0,000104
постепенно 0,867501 0,000051
постоянная 0,843970 0,000049
постоянно 1,108663 0,000065
постоянный 0,579818 0,000306
построить 0,301105 0,000317
постройка 0,867501 0,000203
поступление 1,609438 0,000094
потенциал 0,967584 0,000057
потенциальный 1,832581 0,000215
потеря 1,660731 0,000195
поток 0,967584 0,000113
потребительский 1,832581 0,000215
похвистнево 3,506558 0,000411
похвистневский 3,506558 0,000205
похожие 2,659260 0,000156
похожий 1,897120 0,000111
почва 1,272966 0,000075
почет 3,506558 0,000205
почетный 0,820981 0,000433
почта 1,309333 0,000460
почтово-телеграфного 3,912023 0,000229
почтовый 0,653926 0,000268
поэт 1,049822 0,000061
поэтому 0,616186 0,000036
появиться 0,248461 0,000175
появление 0,653926 0,000038
появляться 0,733969 0,000129
пояс 0,597837 0,000105
пояснительный 2,120264 0,000124
правда 0,820981 0,000240
правило 0,478036 0,000028
правильно 2,302585 0,000135
правительство 0,510826 0,000150
правительствовать 3,218876 0,000189
править -0,009950 -0,000112
правка 0,274437 0,000016
правкиновые -0,009950 -0,000001
правкипостоянная -0,009950 -0,000001
правление 1,386294 0,000081
право 0,314711 0,000074
правовой 1,021651 0,000060
православие 1,386294 0,000162
православный 0,755023 0,000177
праздник 1,203973 0,000071
празднование 1,309333 0,000077
практик 1,049822 0,000061
практически 0,755023 0,000044
превратить 1,832581 0,000107
превратиться 1,386294 0,000081
превысить 1,427116 0,000167
превышать 0,673345 0,000079
превышение 1,660731 0,000195
предвосхитить 3,912023 0,000229
предел 0,400478 0,000070
предложить 0,820981 0,000096
предмет 0,713350 0,000167
предназначение 2,813411 0,000165
предоставление 1,609438 0,000189
предположить 2,302585 0,000270
предпосылка 2,525729 0,000148
предприниматель 1,609438 0,000094
предпринимать 2,813411 0,000165
предприятие 0,527633 0,000896
председ 1,203973 0,000071
председатель 0,916291 0,000376
председательствовать 3,912023 0,000229
представитель 0,653926 0,000077
представительный 1,237874 0,000218
представительство 0,994252 0,000175
представить 0,328504 0,000135
представиться -0,009950 -0,000001
представление 0,776529 0,000045
представлять 0,328504 0,000135
предтеченской 3,912023 0,000229
предшествовать 1,771957 0,000311
предыдущее 2,040221 0,000120
преемник 2,207275 0,000129
прежний 1,021651 0,000060
презентация 3,506558 0,000205
президент 0,597837 0,000105
президиум 1,171183 0,000412
преимущественно 0,776529 0,000091
прекратить 0,916291 0,000161
премия 1,272966 0,000075
премьер 1,966113 0,000230
преобладать 0,713350 0,000125
преобразовать 0,967584 0,000113
пресвятой 1,272966 0,000298
пресс 1,272966 0,000373
приблизиться 2,813411 0,000165
приборостроение 2,040221 0,000120
приборостроительный 1,966113 0,000115
прибрежный 1,386294 0,000162
прибывать 2,207275 0,000129
прибыль-убыток 3,912023 0,000229
прибытие 1,897120 0,000111
приватизация 3,218876 0,000189
привезти 2,040221 0,000120
привести 0,356675 0,000021
привлекательность 1,832581 0,000107
приводить 0,776529 0,000045
приволжский 1,609438 0,000566
приволжско-уральского 3,912023 0,000229
пригород 1,714798 0,000100
пригородный 0,967584 0,000453
придавать 2,659260 0,000156
придти 0,755023 0,000088
приезжать 2,040221 0,000239
прием 1,347074 0,000158
приехать 2,040221 0,000120
прижизненный 3,912023 0,000229
приземление 3,506558 0,000205
призер 1,514128 0,000710
признаваться 2,659260 0,000156
признание 0,867501 0,000102
признать 0,494296 0,000087
признаться 2,207275 0,000129
приказ 1,203973 0,000141
прикрытие 3,218876 0,000189
прилегать 1,237874 0,000145
приложение 0,733969 0,000043
прим 2,407946 0,000141
применение 0,967584 0,000057
применять 0,510826 0,000090
применяться 1,139434 0,000067
пример 0,527633 0,000185
примерно 0,634878 0,000037
примечание -0,009950 -0,000001
примыкать 1,386294 0,000081
принадлежать 0,755023 0,000088
принадлежность 1,272966 0,000075
принимать 0,634878 0,000149
принцип 0,867501 0,000102
принять 0,248461 0,000160
приобретение 2,302585 0,000135
приписать 2,659260 0,000156
природа 0,653926 0,000077
природный 0,510826 0,000060
прирост 1,309333 0,000153
присваиваться 2,525729 0,000148
присвоение 1,139434 0,000133
присвоить 0,798508 0,000374
прислать 2,813411 0,000165
присоединить 1,660731 0,000097
присоединиться 2,525729 0,000148
присоединяться 3,218876 0,000189
пристань 1,427116 0,000084
приступить 2,302585 0,000135
присутственный 2,302585 0,000135
присутствовать 1,021651 0,000239
приходиться 0,693147 0,000041
приют 2,525729 0,000148
проблема 0,274437 0,000177
пробный 2,302585 0,000135
проведение 0,673345 0,000237
проверить 0,478036 0,000028
проверять 0,820981 0,000192
провести 0,579818 0,000102
проводить 0,843970 0,000099
проводиться 0,653926 0,000498
проводной 2,040221 0,000120
прогноз 1,427116 0,000084
программа 0,415515 0,000341
прогресс 1,309333 0,000307
продовольственный 1,832581 0,000215
продолжаться 1,049822 0,000061
продукт 0,634878 0,000074
продукция 0,941609 0,000110
проезд 1,171183 0,000137
проездной 2,525729 0,000148
проект -0,009950 -0,000009
проектывикипедия 2,040221 0,000120
проживать 0,776529 0,000227
произведение 1,021651 0,000120
производительность 1,609438 0,000094
производить 0,916291 0,000107
производиться 1,108663 0,000130
производственный 1,078810 0,000190
производство 0,527633 0,000773
произойти 0,430783 0,000126
происходить 0,328504 0,000058
происхождение 0,776529 0,000182
пройти 0,544727 0,000447
прокладка 2,659260 0,000156
прокопьевск 1,272966 0,000075
прокуратура 2,040221 0,000239
пролегать 2,659260 0,000156
промзона 2,120264 0,000124
промилле 3,218876 0,000189
промышленник 2,525729 0,000148
промышленность 0,494296 0,000318
промышлять 0,462035 0,000595
проран 3,912023 0,000458
пророк 2,407946 0,000141
прорубь 3,218876 0,000189
просить 2,207275 0,000129
просмотр -0,009950 -0,000001
проспект 0,891598 0,000470
простираться 1,714798 0,000100
проститься 3,912023 0,000229
просто 1,171183 0,000069
простой 1,108663 0,000065
простота 2,659260 0,000156
пространство 0,634878 0,000074
протестантизм 2,040221 0,000120
протестантский 2,120264 0,000124
против 0,798508 0,000094
противное 2,659260 0,000312
протограф 3,912023 0,000458
протяженность 0,776529 0,000182
протяженный 2,207275 0,000129
протянуться 1,897120 0,000111
профессиональный 0,733969 0,000473
профессия 2,302585 0,000135
профессор 0,967584 0,001360
профилактика 2,525729 0,000296
профиль 1,427116 0,000251
профицит 2,995732 0,000175
прохладительное 3,912023 0,000229
прохладный 2,659260 0,000156
проходить 0,462035 0,000271
процент 1,427116 0,000334
процесс 0,415515 0,000122
прочее 0,544727 0,000032
прочие 0,798508 0,000140
прочитать 3,218876 0,000189
прочностной 3,912023 0,000687
прочность 2,659260 0,000156
прошение 2,995732 0,000175
прошкин 3,912023 0,000458
прошлогодний 3,912023 0,000229
прошлое 0,673345 0,000158
проявляться 2,525729 0,000148
прямая 0,867501 0,000152
прямо 1,714798 0,000100
прямоугольник 2,995732 0,000175
прямоугольный 1,560648 0,000091
псевдоним 2,525729 0,000148
психиатрический 1,966113 0,000345
псрл 3,218876 0,000189
птс-сервис 3,912023 0,000229
публика 2,659260 0,000312
публиковать 2,207275 0,000129
публичный 1,078810 0,000126
пугачева 2,302585 0,000135
пугачевагорода 3,218876 0,000189
пулькина 3,912023 0,000229
пульс 3,912023 0,000229
пункт 0,494296 0,000521
пустить 1,514128 0,000089
пустынь 2,040221 0,000120
путеводитель 0,713350 0,000125
путешественник 1,714798 0,000201
путина 1,386294 0,000081
путь 0,261365 0,000168
пучеж 2,120264 0,000124
пучок 3,912023 0,000229
пушкарь 3,218876 0,000189
пушкин 0,916291 0,000161
пушкинский 1,897120 0,000111
пшеница 2,995732 0,000175
пылявский 3,912023 0,000229
пышма 1,309333 0,000077
пьедестал 2,995732 0,000175
пьеса 2,120264 0,000124
пядь 3,912023 0,000229
пятерка 2,040221 0,000120
пятерочка 1,832581 0,000107
пятиборье 3,506558 0,000205
пятиглавый 2,659260 0,000156
пятидесятник 2,040221 0,000120
пятый 0,994252 0,000116
пять 0,693147 0,000325
работа 0,127833 0,000082
работать 0,314711 0,000369
работник 1,108663 0,000325
рабочий 0,597837 0,000175
равиль 3,912023 0,000229
равновеликий 2,995732 0,000175
равный 1,203973 0,000071
радиационный 2,302585 0,000135
радио 0,891598 0,000157
радио-шоу 3,912023 0,000229
радиовещание 1,714798 0,000201
радиорелейный 2,995732 0,000175
радиостанция 1,021651 0,000539
радиотрансляционный 3,506558 0,000205
радиоцентр 3,506558 0,000205
радоноопасности 3,912023 0,000229
раен 3,506558 0,000616
раз -0,009950 -0,000003
развалиться 3,912023 0,000229
развиваться 0,597837 0,000175
развитие 0,127833 0,000217
развить 0,616186 0,000072
развлекательный 1,714798 0,000301
разворот 3,506558 0,000205
раздел 0,342490 0,000160
разделить 0,527633 0,000062
разина 2,207275 0,000388
разинаскрытые 2,525729 0,000148
различный 0,116534 0,000055
разложение 3,912023 0,000229
размер 0,755023 0,000088
разместить 1,108663 0,000195
разместиться 2,407946 0,000141
размещаться 1,560648 0,000274
размещение 0,673345 0,000118
разновидность 2,407946 0,000141
разнообразный 1,139434 0,000267
разность 2,995732 0,000351
разный 0,314711 0,000018
разорвать 1,897120 0,000111
разрабатываться 1,660731 0,000097
разработать 0,616186 0,000108
разработка 0,653926 0,000230
разработчик -0,009950 -0,000001
разрешение 1,660731 0,000097
разрушить 1,139434 0,000067
разрыв 2,525729 0,000148
разрядный 2,813411 0,000165
рай 3,218876 0,000189
район 0,430783 0,001539
районный 1,171183 0,000206
райсовет 3,506558 0,000205
райффайзенбанк 2,813411 0,000165
райцентр 0,941609 0,000055
ракета 2,040221 0,000120
ракета-носитель 2,813411 0,000659
ракетно-космический 3,912023 0,000229
ракетно-космического 3,912023 0,000229
ракетно-космической 3,218876 0,000189
ракетный 2,407946 0,000141
ракурс 3,218876 0,000377
рамка 0,478036 0,000308
рана 0,776529 0,001092
ранний 0,733969 0,000129
рано 0,261365 0,000214
расписание 1,832581 0,000322
располагать 1,386294 0,000162
располагаться 0,544727 0,000160
расположить 0,385662 0,000655
распорядительный 3,506558 0,000205
распоряжение 1,139434 0,000200
распределить 0,693147 0,000041
распространить 0,616186 0,000036
распространиться 2,302585 0,000270
распустить 2,207275 0,000129
рассекать 3,506558 0,000205
рассказ 1,514128 0,000089
рассказать 1,966113 0,000230
рассказывать 1,832581 0,000107
рассматриваться 1,203973 0,000071
рассмотрение 2,040221 0,000239
расстояние 0,713350 0,000167
рассчитать 1,514128 0,000177
расти 0,941609 0,000055
расхн 2,995732 0,000175
расходный 3,218876 0,000189
расчет 0,820981 0,000096
расширение 0,415515 0,000049
ратнер 3,506558 0,000205
рбк 1,386294 0,000162
реакция 2,525729 0,000148
реализация 0,798508 0,000140
реализовать 0,673345 0,000158
реально 2,207275 0,000129
реальный 0,967584 0,000057
ревизор 3,506558 0,000205
революциигорода 2,813411 0,000165
революционный 1,386294 0,000162
революция 0,562119 0,000230
регион 0,385662 0,000271
региональный 0,634878 0,000298
регламент 2,995732 0,000175
регламентировать 3,218876 0,000189
регулировка 3,912023 0,000229
регулярно 1,272966 0,000298
регулярный 0,798508 0,000187
ред 0,235722 0,000124
редактор 1,427116 0,000084
редкол 2,659260 0,000156
реестр 1,272966 0,000075
режиссер 1,660731 0,000292
резко 0,967584 0,000057
результат 0,174353 0,000051
резун 3,912023 0,000229
рейс 1,171183 0,000137
рейтлингера 3,912023 0,000229
река 0,446287 0,000575
река-море 3,218876 0,000189
реклама 1,832581 0,000215
рекламно-информационные 3,218876 0,000189
рекламно-информационными 3,912023 0,000229
рекомендация 0,776529 0,000182
реконструировать 1,237874 0,000073
реконструкция 0,820981 0,000144
рекордный 1,966113 0,000115
рекреация 3,506558 0,000411
рекунов 3,912023 0,000229
религиозный 0,891598 0,000052
религия 0,755023 0,000221
рельеф 0,798508 0,000140
рельефно-точечной 3,912023 0,000229
ремезова 2,659260 0,000156
ремонт 1,139434 0,000067
реорганизовать 2,813411 0,000165
реорганизовываться 3,912023 0,000229
репинецкий 3,912023 0,000229
репка 3,506558 0,000616
репрессия 1,897120 0,000111
республика 0,527633 0,000247
ресторан 1,469676 0,000344
ресурс 0,020203 0,000006
реформа 1,108663 0,000065
рец 3,506558 0,000205
рецензия 3,506558 0,000205
речной 0,693147 0,000528
решение 0,328504 0,000250
решить 0,941609 0,000055
ржд 1,832581 0,000107
ржев 1,771957 0,000104
рио 2,407946 0,000141
ркка 1,966113 0,000230
робот 2,995732 0,000175
ровный 1,771957 0,000104
рогова 3,218876 0,000189
род 0,843970 0,000099
родзянко 3,506558 0,000205
родина 1,108663 0,000130
родитель 2,813411 0,000165
родиться 1,237874 0,000145
родовой 3,218876 0,000189
рождаемость 1,966113 0,000230
рождение 1,078810 0,000063
рождествено 3,912023 0,000458
роза 0,916291 0,000054
розенберг 3,912023 0,000229
розничный 1,171183 0,000412
рок 2,995732 0,000526
рок-группой 3,912023 0,000229
рок-коллективам 3,912023 0,000229
рок-фестиваль 2,813411 0,000330
роль 0,494296 0,000029
романенко 3,506558 0,000205
романтический 2,525729 0,000148
роскомнадзор 3,218876 0,001131
росовского 3,912023 0,000229
россельхозбанк 2,659260 0,000156
россиигорода 1,309333 0,000077
россиинаселенные 2,302585 0,000270
россиипереименованные 3,218876 0,000189
российский 0,105361 0,000395
российско-украинской 1,108663 0,000065
россия 0,174353 0,000848
россия-евросоюз 3,912023 0,000229
росспэн 0,994252 0,000058
росстат 0,776529 0,000136
рост 0,597837 0,000070
ростелеком 1,386294 0,000244
ростехинвентаризация 3,506558 0,000205
ростов-на-дону 1,237874 0,000073
роща 1,469676 0,000086
рсфср 0,733969 0,000344
ртв 3,912023 0,000229
руб 1,171183 0,000206
рубеж 1,021651 0,000120
рубежный 3,912023 0,000917
рублевая 3,218876 0,000189
рубль 0,755023 0,000221
рубцовск 1,347074 0,000079
рука 1,139434 0,000133
рукав 2,120264 0,000124
руководитель 1,203973 0,000282
руководство 0,544727 0,000032
румыния 2,120264 0,000248
рус 0,162519 0,001285
руслан 2,659260 0,000156
русский -0,009950 -0,000013
русско-турецкой 2,659260 0,000156
русскоязычный 1,966113 0,000115
русфинанс 3,506558 0,000205
русь 1,139434 0,000067
рыбинск 1,203973 0,000141
рыбинский 1,966113 0,000115
рынок 0,713350 0,000292
рыночный 1,771957 0,000415
рэп 3,218876 0,000377
рэп-альбом 3,912023 0,000229
рэп-группа 3,506558 0,000616
рэп-группы 3,912023 0,000229
рэп-исполнителей 3,912023 0,000229
рэп-коллективы 3,912023 0,000229
рэп-тусовка 3,912023 0,000229
рэп-фестиваля 3,912023 0,000229
рэпере 3,912023 0,000229
рэперов 3,912023 0,000687
рэпером 3,912023 0,000229
рэпчатый 3,912023 0,000229
ряд 0,223144 0,000131
рязанову 3,912023 0,000229
рязань 1,049822 0,000123
сад 0,843970 0,000494
садоводческий 3,912023 0,000229
садовый 1,966113 0,000115
сайт 0,210721 0,000235
саксонов 3,912023 0,000229
салехард 1,347074 0,000079
сало 3,506558 0,000205
салон 2,120264 0,000248
сальдировать 3,912023 0,000229
сам 0,162519 0,000124
самар 3,506558 0,001027
самара 0,891598 0,009871
самара-арена 3,912023 0,000229
самара-гис 3,912023 0,000229
самара-городок 3,912023 0,000229
самара-телеком 3,912023 0,000229
самараавтогаз 3,912023 0,000229
самарадо 3,912023 0,000229
самараинтур 3,912023 0,000229
самарапресса 3,912023 0,000229
самарастат 3,506558 0,000205
самаратехника-сервис 3,912023 0,000229
самаратранс 3,912023 0,000229
самаре 3,218876 0,017535
самарка 3,912023 0,000229
самарканд 2,813411 0,000165
самарой 2,813411 0,001318
самарская 2,207275 0,007499
самарские 3,506558 0,001232
самарский 3,218876 0,020363
самарским 3,912023 0,001375
самарских 3,506558 0,000616
самарско-тольяттинская 3,506558 0,000411
самарского 2,659260 0,003738
самарское 3,506558 0,001849
самарской 2,813411 0,015820
самарском 3,506558 0,000822
самарскому 3,912023 0,000229
самарскую 3,506558 0,001027
самарт 3,912023 0,000458
самарте 3,912023 0,000229
самару 2,659260 0,001090
самарха 3,912023 0,000917
самарцев 3,912023 0,000229
самары 2,659260 0,021652
самарыпо 3,912023 0,000229
самбо 2,995732 0,000175
самгу 3,912023 0,000229
саммит 2,040221 0,000478
самнц 3,912023 0,001375
самогоров 3,912023 0,000229
самогоровпастушенко 3,912023 0,000229
самодержавие 2,813411 0,000165
самолет 1,237874 0,000073
самолет-штурмовик 3,912023 0,000229
самостоятельный 0,820981 0,000048
самоуправление 0,891598 0,000157
самппк 3,912023 0,000229
самсонов 3,218876 0,000189
самсонова 3,912023 0,000229
самуилович 3,912023 0,000229
самур 3,218876 0,000566
самый 0,174353 0,000133
санаторий 1,714798 0,000201
сандра 3,912023 0,000229
санитарка 3,912023 0,000229
санкт-петербург 0,616186 0,000144
санкт-петербургский 1,469676 0,000086
саратов 0,967584 0,000227
саратовом 3,506558 0,000205
саратовский 1,966113 0,000461
саркисов 3,912023 0,000229
саха 2,813411 0,000165
сбербанк 1,714798 0,000100
сборник 0,597837 0,000175
сброс 1,660731 0,000195
свалка 1,897120 0,000111
сварка 3,506558 0,000205
сварочный 3,506558 0,000205
сведение 0,579818 0,000170
свежий 2,525729 0,000148
свергнуть 2,659260 0,000156
свержение 2,813411 0,000494
светлый 1,386294 0,000081
свидетельствовать 1,386294 0,000244
свияжск 2,120264 0,000124
сво 3,218876 0,000377
свободный -0,009950 -0,000001
сводный 3,218876 0,000377
свое 0,287682 0,000051
своеобразный 1,966113 0,000230
свой 0,150823 0,000115
свойство 0,415515 0,000049
свыше 0,891598 0,000157
связать 0,174353 0,000041
связаться -0,009950 -0,000001
связь 0,174353 0,000337
связьинформ 3,912023 0,000229
связьконсалт 3,912023 0,000229
святой 0,755023 0,000133
сгаки 3,912023 0,000229
сгасу 3,912023 0,000229
сгау 3,506558 0,000411
сгореть 1,660731 0,000097
сгэу 3,912023 0,000229
сделать 0,616186 0,000072
себя 0,198451 0,000081
север 0,527633 0,000124
северный 0,385662 0,000136
северодвинск 1,171183 0,000069
сегмент 2,813411 0,000165
сегодня 0,616186 0,000180
сегодняшнее 3,218876 0,000189
сегодняшний 1,560648 0,000183
седьмой 1,139434 0,000200
сезон 0,916291 0,000054
сезонный 1,714798 0,000100
сей 0,693147 0,000041
секретарь 1,660731 0,000097
сектор 1,049822 0,000123
секунда 2,207275 0,000129
селекционный 3,506558 0,000205
селекция 3,506558 0,000411
селиверстович 3,912023 0,000229
селижарово 2,120264 0,000124
село 0,891598 0,000209
сельский 0,634878 0,000372
сельскохозяйственный 0,941609 0,000276
семашко 3,506558 0,000205
семейство 1,660731 0,000195
семенович 2,407946 0,000141
семеноводство 3,912023 0,000229
семинар 2,302585 0,000135
семнадцать 3,218876 0,000189
семь 0,820981 0,000048
семья 0,843970 0,000198
семя 2,659260 0,000156
сен-викторского 3,912023 0,000458
сен-жан-де-люз 2,813411 0,000330
сенат 2,207275 0,000129
сенгилей 2,120264 0,000124
сент 0,843970 0,000049
сент-луис 3,506558 0,000205
сентябрь 0,072571 0,000259
сервисный 3,218876 0,000189
сергей 0,967584 0,000113
сергея 1,469676 0,000086
сергиевский 2,995732 0,000351
сердце 1,714798 0,000201
серебренников 3,218876 0,000189
серебряный 0,891598 0,000052
середавина 3,912023 0,000229
середина 0,356675 0,000084
серия 0,713350 0,000042
сертификация 2,813411 0,000330
серый 1,897120 0,000111
сеть 0,356675 0,000334
сеять 3,506558 0,000205
сибирь 1,469676 0,000172
сибирью 2,207275 0,000129
сила 0,494296 0,000029
сильный 0,544727 0,000032
симбирский 2,659260 0,000623
символ 0,733969 0,000129
символизировать 1,469676 0,000086
символика 1,237874 0,000145
симфония 3,218876 0,000377
синагога 1,347074 0,000473
синельник 3,912023 0,000229
синод 2,207275 0,000129
сиротский 3,912023 0,000229
система 0,051293 0,000069
системеобсуждениевкладсоздать -0,009950 -0,000001
сити 2,120264 0,000248
сити-менеджер 3,218876 0,000189
ситуация 0,693147 0,000162
сказаться 2,302585 0,000135
скат 2,995732 0,000351
скафандр 3,912023 0,000229
скачать -0,009950 -0,000001
сквер 0,941609 0,000331
скверик 3,912023 0,000229
скифии 3,912023 0,000229
скифия 3,506558 0,000205
скифский 2,525729 0,000148
скобка 1,897120 0,000111
скокова 3,912023 0,000229
сколько 0,653926 0,000038
скончаться 2,813411 0,000165
скора 1,832581 0,000322
скорая 3,218876 0,000189
скорбеть 2,302585 0,000135
скоро 1,560648 0,000091
скоростной 1,309333 0,000230
скорость 0,755023 0,000044
скот 2,659260 0,000156
скульптор 1,237874 0,000725
скульптура 0,916291 0,000054
скульптурный 1,966113 0,000230
скупить 3,912023 0,000229
слава 0,941609 0,000827
славист 3,506558 0,000205
славный 2,407946 0,000141
слева 1,108663 0,000065
след 1,427116 0,000084
следовать 0,235722 0,000110
слепой 1,771957 0,000311
слобода 1,347074 0,000079
словарь 0,094311 0,000017
словарь-справочник 1,560648 0,000091
словении 2,995732 0,000175
словения 2,525729 0,000148
словенский 3,912023 0,000229
слово 0,210721 0,000086
сложение 2,659260 0,000156
сложить 1,832581 0,000107
сложиться 0,994252 0,000116
сложный 0,446287 0,000131
слой 1,272966 0,000149
служба 0,527633 0,000340
служилый 2,302585 0,000135
служить 0,820981 0,000096
слух 2,659260 0,000312
случай -0,009950 -0,000002
смартс 3,218876 0,000754
смертность 1,832581 0,000107
смерть 1,609438 0,000189
смета 3,506558 0,000205
смещение 0,733969 0,000043
сми 0,867501 0,000356
смирнов 2,302585 0,000135
смоленский 1,966113 0,000115
смотр 2,995732 0,000175
смотреть 2,302585 0,000135
смочь 1,203973 0,000071
смп 3,912023 0,000229
смыслообразование 3,912023 0,000229
смышляевка 3,912023 0,001146
снаряжение 2,813411 0,000165
сначала 1,386294 0,000081
снежный 1,078810 0,000063
снижаться 1,514128 0,000177
снижение 1,171183 0,000069
снип 3,506558 0,000205
снк 2,659260 0,000156
снос 1,897120 0,000111
сноска 0,733969 0,000172
сноуборд 2,995732 0,000175
сноубордистская 3,912023 0,000229
снять 1,237874 0,000218
собачий 3,912023 0,000229
собирать 1,966113 0,000115
соболев 3,218876 0,000189
собор 0,733969 0,000129
соборнапротив 3,912023 0,000229
соборный 1,049822 0,000369
собрание 0,634878 0,000149
собрать 1,386294 0,000081
собственность 1,309333 0,000153
собственный 0,446287 0,000105
событие 0,733969 0,000129
событияпожертвовать -0,009950 -0,000001
соведущий 3,912023 0,000229
совершенствование 2,040221 0,000120
совет 0,462035 0,000514
советник 2,302585 0,000135
советский 0,261365 0,000306
совещание 2,302585 0,000135
совинтел 3,506558 0,000205
совместно 1,427116 0,000167
совместный 1,514128 0,000266
совпадать 1,832581 0,000215
современный 0,150823 0,000115
согласно 0,301105 0,000106
соглашение 0,994252 0,000466
содействие 2,120264 0,000248
содействовать 3,218876 0,000377
содержание 0,010050 0,000002
содержаться 1,560648 0,000091
соединять 1,108663 0,000130
созвать 3,506558 0,000205
создаваться 1,078810 0,000063
создание 0,301105 0,000176
создать 0,210721 0,000247
созыв 1,514128 0,000089
сойфер 3,912023 0,000229
сок 2,995732 0,000526
соколий 3,506558 0,000411
соколова 2,525729 0,000148
сокольское 2,040221 0,000120
сокращать 3,218876 0,000189
сокращаться 1,897120 0,000111
сокращение 0,867501 0,000051
солдат 1,469676 0,000344
солдатский 1,832581 0,000429
солидарность 3,506558 0,000411
солнечный 0,597837 0,000070
солнце 1,347074 0,000079
соловьева 2,995732 0,000175
соломонович 3,506558 0,000205
сольный 3,506558 0,000205
сообщение 0,478036 0,000224
сообщить -0,009950 -0,000001
сооружение 0,733969 0,000344
соответственно 1,021651 0,000120
соответствие 0,371064 0,000043
соответствовать 0,371064 0,000087
соотношение 1,560648 0,000091
сопоставимый 2,302585 0,000135
соратник 2,995732 0,000175
соревнование 1,108663 0,000455
соревноваться 2,995732 0,000351
сорок 1,897120 0,000111
сортовой 3,912023 0,000229
сослать 2,659260 0,000156
сосредоточить 1,171183 0,000137
сост 0,597837 0,000035
состав 0,248461 0,000277
составитель 2,207275 0,000129
составить 0,400478 0,000258
составлять 0,198451 0,000256
состояние 0,248461 0,000146
состоять 0,385662 0,000113
состояться 0,713350 0,000334
сосудистый 2,525729 0,000148
сотни 1,427116 0,000084
сотовый 1,309333 0,000383
сотрудник 1,386294 0,000081
сотрудничать 2,302585 0,000135
сотрудничество 1,078810 0,000506
софии 2,813411 0,000165
сохранение -0,009950 -0,000001
сохранить 1,171183 0,000069
сохраниться 0,820981 0,000192
сохранять 1,427116 0,000084
социалистический 1,272966 0,000075
социально-благотворительный 3,912023 0,000229
социально-педагогический 2,995732 0,000351
социально-экономического 1,237874 0,000073
социально-экономическом 2,525729 0,000296
социальный 0,527633 0,000216
сочетать 2,040221 0,000120
союз 0,579818 0,000238
спартакиада 2,659260 0,000156
спасение 2,302585 0,000135
спаситель 2,659260 0,000156
спб 0,385662 0,000068
спектакль 2,040221 0,000239
спектр 1,609438 0,000094
специализировать 0,994252 0,000233
специалист 0,755023 0,000221
специалистов-юристов 3,912023 0,000229
специально 1,714798 0,000100
специальность 1,832581 0,000322
специальный 0,415515 0,000024
спз 3,912023 0,000229
спиральный 3,218876 0,000189
список 0,210721 0,000222
списочный 3,912023 0,000229
спо 3,506558 0,000822
спокойствие 3,506558 0,000205
спорт 0,713350 0,000292
спортивный 0,891598 0,000366
спортмастер 2,302585 0,000135
способ 1,078810 0,000063
способствовать 0,867501 0,000051
справа 1,714798 0,000100
справка 1,203973 0,000141
справочник 0,798508 0,000047
справочно-библиографическим 3,912023 0,000229
справочно-библиографическое 3,912023 0,000229
справочный 1,514128 0,000089
спрыгина 3,506558 0,000205
спуск 1,897120 0,000444
спустя 1,609438 0,000094
сравнение 0,733969 0,000258
сражаться 3,218876 0,000377
сражение 2,120264 0,000248
среди 0,198451 0,000186
средиземный 2,302585 0,000135
средне-волжский 3,506558 0,000205
средне-волжской 2,995732 0,000175
средне-профессиональных 3,912023 0,000229
средне-специальное 3,506558 0,000205
средне-техническое 3,912023 0,000229
средневековый 1,386294 0,000406
средневолжский 3,506558 0,000205
среднегодовой 0,776529 0,000182
среднее 0,342490 0,000481
среднемесячный 1,560648 0,000183
среднесрочный 3,912023 0,000229
среднеэтажные 3,912023 0,000229
средний 0,371064 0,000217
средство 0,287682 0,000185
срок 0,798508 0,000094
српп 3,912023 0,000229
сруб 2,813411 0,000165
сср 0,820981 0,000096
ссср 0,314711 0,000461
ссылка -0,009950 -0,000020
ссылкасведения -0,009950 -0,000001
ссылкойвикипедия 1,660731 0,000097
стабилизация 2,995732 0,000175
стабильный 0,820981 0,000096
ставка 2,120264 0,000124
ставрополь 2,207275 0,000259
ставропольский 2,659260 0,000156
стадий 1,660731 0,000097
стадион 0,891598 0,000261
сталина 2,040221 0,000598
сталинский 1,514128 0,000089
сталь 0,415515 0,000243
стандарт 0,867501 0,000102
стандартизация 2,120264 0,000124
станислав 2,407946 0,000141
становиться 0,415515 0,000073
становление 1,237874 0,000145
станция 0,579818 0,000543
стара-загора 3,912023 0,000917
стара-загору 3,912023 0,000229
старинный 1,309333 0,000077
старица 1,897120 0,000111
старообрядец 1,771957 0,000208
старообрядческий 1,427116 0,000251
старообрядчество 2,659260 0,000312
старт 2,407946 0,000141
стартинейджер 3,912023 0,000229
стартовать 1,714798 0,000201
старый 0,314711 0,000221
статистик -0,009950 -0,000005
статистический 0,713350 0,000710
статский 2,813411 0,000165
статус 0,430783 0,000126
стать 0,083382 0,000151
статьестатьи 0,843970 0,000099
статьислучайная -0,009950 -0,000001
статьисообществофорумсправкасвежие -0,009950 -0,000001
статья 0,020203 0,000063
статьяобсуждение -0,009950 -0,000001
статьятекущие -0,009950 -0,000001
стационарный 1,108663 0,000649
сташенков 3,912023 0,000229
стая 3,218876 0,000189
стела 1,386294 0,000162
стен 0,967584 0,000057
степана 1,966113 0,000461
степанович 2,525729 0,000148
степановна 3,506558 0,000205
степной 1,609438 0,000094
степь 1,469676 0,000258
стереотип 1,469676 0,000086
стефан 2,995732 0,000175
стечь 2,813411 0,000165
стилизация 3,218876 0,000189
стиль 0,673345 0,000316
стоимость 1,021651 0,000060
стоить 0,891598 0,000157
стойка 3,218876 0,000189
столица 0,755023 0,000310
стоматологический 2,040221 0,000239
сторожевой 2,040221 0,000120
сторона 0,235722 0,000097
сточный 1,560648 0,000091
стояние 3,218876 0,000377
стоять 1,386294 0,000081
страна 0,235722 0,000152
страница -0,009950 -0,000005
страницасодержаниеизбранные -0,009950 -0,000001
страницецитировать -0,009950 -0,000001
страницуполучить -0,009950 -0,000001
страницыслужебные -0,009950 -0,000001
стратегия 1,514128 0,000177
стрелец 2,302585 0,000135
стрелецкий 2,525729 0,000148
стремительно 2,302585 0,000135
стремиться 2,120264 0,000124
стрешнева 3,912023 0,000229
стриж 2,995732 0,000175
строение 0,891598 0,000052
строительный 0,891598 0,000209
строительство 0,462035 0,000704
строиться 0,693147 0,000081
строй 1,609438 0,000094
стройкерамика 3,912023 0,000229
стромилово 3,912023 0,000229
строчной 3,506558 0,000205
струйный 3,506558 0,000205
струковский 3,912023 0,000917
струковского 3,912023 0,000229
струковском 3,912023 0,000687
структура 0,400478 0,000094
структурный 1,427116 0,000084
стс-волга 3,912023 0,000229
студент 1,237874 0,000363
студенческий 1,609438 0,000189
студия 1,560648 0,000091
ступино 1,347074 0,000079
субъект 0,597837 0,000210
суворов 2,302585 0,000135
суворовв 3,912023 0,000229
суд 0,693147 0,000406
судоходство 1,660731 0,000097
сукно 2,995732 0,000175
суммарный 1,386294 0,000081
сурб 2,813411 0,000165
суткевич 3,912023 0,000229
суточный 0,755023 0,000088
сухова 3,218876 0,000189
сухову 3,912023 0,000229
сухой 1,049822 0,000061
сушко 3,912023 0,000229
существование 0,693147 0,000203
существовать 0,020203 0,000013
сфера 0,562119 0,000132
схема 0,916291 0,000107
сцена 1,514128 0,000443
сценический 2,525729 0,000444
счет 0,562119 0,000165
считать 0,597837 0,000070
считаться 0,385662 0,000023
сша 0,562119 0,000099
съезд 1,560648 0,000183
сызранский 2,995732 0,000175
сызрань 1,237874 0,000363
сырьевой 3,218876 0,000189
сюдасвязанные -0,009950 -0,000001
табл 0,867501 0,000051
таблица 0,544727 0,000160
табуле 3,912023 0,000229
тагил 1,272966 0,000075
таз 3,218876 0,000189
такое 0,328504 0,000077
такой 0,162519 0,000048
такси 1,021651 0,000180
талант 3,218876 0,000189
тамара 2,407946 0,000141
тамо 3,912023 0,000229
танец 1,832581 0,000322
танк 2,040221 0,000120
тараненко 3,506558 0,000205
тарасова 2,995732 0,000351
тарновский 3,912023 0,000229
тасс 1,171183 0,000137
татарин 0,733969 0,000129
татарский 1,203973 0,000071
татарстан 2,120264 0,000248
татищев 2,813411 0,000165
твердый 1,771957 0,000104
тверь 1,514128 0,000089
творческий 1,309333 0,000153
творчество 1,021651 0,000120
театр 0,713350 0,001630
театр-студия 2,407946 0,000141
театр-центр 3,912023 0,000229
театр-цирк 3,912023 0,000458
театральный 1,049822 0,000430
тезка 3,912023 0,000229
текст -0,009950 -0,000001
телевидение 0,820981 0,000337
телевизионный 1,078810 0,000063
телеграмма 2,525729 0,000148
телеграф 2,120264 0,000124
телеканал 0,916291 0,000054
телекоммуникация 2,120264 0,000621
теленеделя 3,912023 0,000229
телепередача 2,302585 0,000135
телесемь-самара 3,912023 0,000229
телефон 1,347074 0,000316
телефонный 0,776529 0,000455
телецентр 1,897120 0,000333
тема 0,693147 0,000122
тематический 0,510826 0,000060
темник 3,912023 0,000229
темп 1,347074 0,000237
температура 0,510826 0,000090
тенденция 1,237874 0,000073
теоретический 1,609438 0,000283
теория 1,049822 0,000123
теплица 3,912023 0,000229
теремок 3,218876 0,000189
термин 0,198451 0,000012
терминал 1,347074 0,000079
терминальный 3,506558 0,000205
терра 2,659260 0,000312
территориальный 0,713350 0,000209
территория 0,356675 0,000543
террорист 3,506558 0,000205
терять 2,120264 0,000124
тетюши 2,120264 0,000124
техник 0,713350 0,000251
технико-экономический 2,995732 0,000175
техникум 1,272966 0,000447
технический 0,462035 0,000108
техничный 3,912023 0,000229
технология 0,400478 0,000188
технополис 3,506558 0,000205
течение 0,314711 0,000129
течь 0,274437 0,000064
тил 3,912023 0,000229
тип 0,072571 0,000038
тип-тяв 3,912023 0,000229
типография 1,171183 0,000069
тираж 1,560648 0,000183
тиражный 2,813411 0,000165
тифлологии 3,912023 0,000229
тифлопедагогика 3,912023 0,000229
тихий 1,347074 0,000079
товар 0,916291 0,000268
товарищ 2,659260 0,000467
товарищество 1,966113 0,000115
товарный -0,009950 -0,000001
толевый 3,912023 0,000229
толкование 2,995732 0,000175
толстый 1,309333 0,000383
толчок 2,040221 0,000120
тольятти 1,514128 0,000976
томск 1,108663 0,000065
тонна 1,108663 0,000130
тоннель 2,302585 0,000405
топ 1,347074 0,000079
топография 2,525729 0,000148
топоним 1,078810 0,000190
топонимический 0,776529 0,000045
торговать 2,525729 0,000148
торговля 0,579818 0,000408
торгово-офисный 3,218876 0,000189
торгово-промышленный 2,407946 0,000846
торгово-экономический 2,995732 0,000175
торгово-экономических 3,912023 0,000458
торгово-экономической 3,506558 0,000205
торговый 0,597837 0,000210
торжественный 1,309333 0,000077
точка 0,478036 0,000112
трава 1,609438 0,000094
традиционно 1,347074 0,000158
традиционный 0,941609 0,000110
традиция 0,891598 0,000104
трактоваться 3,218876 0,000189
трамвай 0,891598 0,000470
трамвайно-троллейбусное 2,995732 0,000175
трамвайный 1,139434 0,000267
трансляция 1,897120 0,000111
транспорт 0,616186 0,001299
транспортный 0,616186 0,000577
транстелеком 2,813411 0,000165
трасс 0,941609 0,000110
требование 0,967584 0,000113
требовать 0,562119 0,000033
трезвость 3,912023 0,000229
третий 0,616186 0,000144
треть 1,237874 0,000073
третьяковский 2,813411 0,000494
трехъ-вековая 3,912023 0,000229
три 0,248461 0,000058
тридцатилетие 3,912023 0,000229
тройницкий 2,995732 0,000175
троллейбус 0,867501 0,000407
троллейбусный 0,967584 0,000227
троцкий 3,912023 0,000229
труд 0,597837 0,000070
трудовой 0,967584 0,001134
трудотерапия 3,912023 0,000229
труппа 2,207275 0,000259
трц 1,660731 0,000681
тсм 3,912023 0,000458
туберкулезный 3,506558 0,000205
туда 2,525729 0,000148
тулайкова 3,912023 0,000229
тур 1,609438 0,000094
турецкий 1,771957 0,000104
туризм 1,078810 0,000063
туристический 1,021651 0,000239
туристский 2,407946 0,000141
туристско-рекреационный 3,912023 0,000458
турка 1,469676 0,000086
турнир 1,771957 0,000415
тутаев 2,040221 0,000120
тыл 1,771957 0,000104
тыс 0,430783 0,000252
тысяча 0,371064 0,000652
тюмень 1,171183 0,000069
тюрки-кочевники 3,912023 0,000229
тюркский 1,386294 0,000244
увеличиться 0,843970 0,000346
увенчать 1,897120 0,000111
увлечь 3,912023 0,000229
углеводород 2,407946 0,000141
углич 2,040221 0,000120
угол 1,108663 0,000195
уголовно-исполнительной 3,506558 0,000205
удаление 1,966113 0,000115
удалить 0,579818 0,000238
удк 2,813411 0,000165
уезд 1,272966 0,000298
уездный 1,469676 0,000689
ужкк 3,912023 0,000229
узбек 1,347074 0,000079
узбекистан 2,302585 0,000135
узел 0,527633 0,000093
узловой 2,659260 0,000156
уйти 1,237874 0,000073
указ 0,733969 0,000344
указание -0,009950 -0,000001
указать 0,083382 0,000078
укр 2,040221 0,000359
украина 0,527633 0,000093
украинец 0,867501 0,000152
украшать 2,407946 0,000141
улан-удэ 1,237874 0,000073
улица 0,776529 0,001774
уличный 1,714798 0,000100
улыбнуться 3,912023 0,000229
ульянов 2,207275 0,000129
ульяновск 1,078810 0,000190
ульяновский 1,966113 0,000230
уменьшение 1,469676 0,000086
умеренно 1,021651 0,000180
умеренно-морозная 3,912023 0,000229
умереть 1,309333 0,000153
универсальный 0,544727 0,000160
университет 0,328504 0,000520
уникальный 0,776529 0,000091
упоминание 0,967584 0,000283
упоминаться 1,203973 0,000282
упорядочение 2,995732 0,000175
употребление 1,714798 0,000100
управление 0,248461 0,000146
управленческий 2,813411 0,000494
управлять 0,967584 0,000170
уравнение 2,525729 0,000148
урал 1,560648 0,000183
уралом 1,609438 0,000094
уралтрансмаш 3,506558 0,000205
уральск 2,302585 0,000135
уральский 1,560648 0,000183
урицкого 2,525729 0,000148
уровень 0,150823 0,000186
уроженец 1,660731 0,000097
урочище 2,525729 0,000296
усилие 1,660731 0,000097
усилиться 2,525729 0,000148
условие -0,009950 -0,000002
условно 2,040221 0,000120
условно-русском 3,912023 0,000229
услуга 0,755023 0,000177
успешный 1,309333 0,000077
устав 0,843970 0,000198
установить 0,328504 0,000346
установка 1,272966 0,000224
установление 1,021651 0,000180
устар 2,525729 0,000148
устроить 1,609438 0,000094
устройство 0,527633 0,000216
уступать 1,609438 0,000094
устье 0,634878 0,000186
утвердить 0,755023 0,000177
утверждаться 2,302585 0,000135
утверждение 0,400478 0,000281
утес 2,407946 0,000141
уточняться 2,995732 0,000175
утро 1,771957 0,000104
уфа 0,967584 0,000227
уфе 3,218876 0,000189
уфпс 3,506558 0,000411
уходить 1,386294 0,000081
ухудшить 3,218876 0,000189
участвовать 1,021651 0,000180
участие -0,009950 -0,000003
участник 0,510826 0,000120
участок 0,616186 0,000144
учеба 2,407946 0,000141
учебный 0,673345 0,000434
ученый 0,653926 0,000038
учет 0,597837 0,000105
учетный -0,009950 -0,000001
училище 0,967584 0,000113
учитель 1,427116 0,000167
учитывать 1,514128 0,000089
учиться 1,272966 0,000224
учредительный 2,659260 0,000156
учредить 1,108663 0,000325
учреждение 0,653926 0,001149
ушаков 2,659260 0,000156
фабрика 1,021651 0,000120
фабрика-кухня 3,218876 0,000566
фадеева 3,506558 0,000205
фадлан 3,506558 0,000205
фадлана 3,912023 0,000229
факт 0,634878 0,000186
фактор 0,994252 0,000058
факультет 1,514128 0,000887
фармацевтический 2,659260 0,000156
фасад 1,897120 0,000111
фасмер 1,966113 0,000115
фасмеру 3,912023 0,000229
фауна 1,108663 0,000065
фгуп 1,771957 0,000415
февр 0,820981 0,000048
февраль 0,051293 0,000123
февральский 2,040221 0,000120
федеральный 0,462035 0,000568
федерация 0,510826 0,000778
федор 1,560648 0,000091
федора 1,771957 0,000208
федоров 2,302585 0,000135
федоровна 3,506558 0,000205
фельдшер 3,218876 0,000189
фельетон 3,506558 0,000205
феномен 2,407946 0,000141
феодосией 3,912023 0,000229
фестиваль 1,021651 0,001436
фестиваль-лаборатория 3,912023 0,000229
фетисов 3,506558 0,000205
фиан 3,912023 0,000458
фиба 3,506558 0,000411
фигура 1,514128 0,000177
фигурный 2,207275 0,000129
физик 1,309333 0,000230
физико-географический 0,693147 0,000081
физиология 2,659260 0,000156
физический 0,798508 0,000327
физкультура 2,040221 0,000120
физкультурно-массовой 3,912023 0,000229
физкультурный 2,525729 0,000148
фиксация 3,218876 0,000189
филарета 3,912023 0,000229
филармония 1,049822 0,000369
филиал 0,755023 0,000752
филиппович 2,995732 0,000175
филлипович 3,218876 0,000189
фильм 1,049822 0,000246
финалист 2,525729 0,000444
финансовый 0,733969 0,000129
финансы 0,733969 0,000086
фирма 1,386294 0,000162
фирменный 2,040221 0,000120
флаг 0,597837 0,000595
флаговедения 3,912023 0,000229
флор 1,021651 0,000120
флорова 3,912023 0,000229
фоменко 2,995732 0,000702
фон 1,203973 0,000141
фонд -0,009950 -0,000004
фонтан 1,309333 0,000077
форма 0,287682 0,000067
формальдегид 2,302585 0,000135
формат 0,843970 0,000099
формирование 0,597837 0,000035
формировать 1,272966 0,000149
форум 1,203973 0,000212
фотография 1,108663 0,000195
фотосалон 3,912023 0,000229
фотоснимок 3,218876 0,000189
фрагмент 1,469676 0,000172
фрадков 3,912023 0,000229
фраенова 3,912023 0,000458
франсез 3,912023 0,000458
франций 1,139434 0,000133
французский 1,309333 0,000077
фрунзе 2,525729 0,000740
фсин 2,813411 0,000165
фундамент 1,966113 0,000115
фундаментальный 1,560648 0,000183
функционирование 1,714798 0,000100
функционировать 0,798508 0,000140
функция 0,693147 0,000041
фуражный 3,912023 0,000229
фурман 3,506558 0,000205
фурсов 3,506558 0,000411
фурсова 3,912023 0,000229
футбол 1,139434 0,000868
футбольный 0,941609 0,000165
футзал 3,218876 0,000189
хазарии 3,912023 0,000229
хазария 3,506558 0,000205
ханты-мансийск 1,347074 0,000079
характеризоваться 0,891598 0,000052
характеристика 0,415515 0,000097
характерное 2,995732 0,000175
харьков 2,120264 0,000124
хач 3,218876 0,000189
хвалынск 2,120264 0,000124
хватать 0,820981 0,000192
хворостянский 3,506558 0,000205
хедлайнер 3,912023 0,000229
химия 1,514128 0,000177
хип 3,912023 0,000229
хип-хоп 3,912023 0,000229
хип-хоп-вечеринка 3,912023 0,000229
хип-хоп-культура 3,912023 0,000687
хип-хоп-культуры 3,912023 0,000229
хип-хоп-магазин 3,912023 0,000229
хип-хоп-объединения 3,912023 0,000229
хип-хоп-фестиваль 3,912023 0,000687
хип-хопа 3,912023 0,000229
хип-хопе 3,912023 0,000687
хирургия 2,407946 0,000141
хит 2,407946 0,000141
хладагент 3,912023 0,000229
хламида 3,912023 0,000229
хлебная 2,302585 0,000135
хлебозавод 2,207275 0,000129
хлористый 3,912023 0,000229
ход 0,510826 0,000060
ходатайство 2,407946 0,000282
ходить 1,514128 0,000089
хозяйство 0,579818 0,000272
хоккей 1,171183 0,000274
холм 1,386294 0,000162
хопа 3,912023 0,000229
хоральный 2,995732 0,000351
хореографический 2,659260 0,000156
хороший 1,660731 0,000389
храм 0,733969 0,000516
храмков 3,912023 0,000229
храмкова 3,912023 0,000229
хранение 1,309333 0,000077
хранилище 2,407946 0,000141
христианин 1,514128 0,000177
христианство 1,660731 0,000195
христос 1,897120 0,000111
хроник 1,832581 0,000322
хрущеву 3,912023 0,000229
художественный 0,653926 0,000383
художник 0,967584 0,000227
художника-самоучки 3,912023 0,000229
художников-монументалистов 3,912023 0,000229
хутор 2,207275 0,000129
цав 3,912023 0,000229
цава 3,912023 0,000229
царь 1,078810 0,000190
цвет 0,941609 0,000055
цветник 3,218876 0,000189
цветное 2,659260 0,000156
целевой 1,771957 0,000208
целое 0,634878 0,000149
цель 0,371064 0,000065
цена 1,237874 0,000508
ценность 1,609438 0,000094
ценный 1,714798 0,000100
центр 0,287682 0,001146
центральный 0,400478 0,000305
церетели 3,912023 0,000229
церковь 0,673345 0,000513
цивилизация 1,771957 0,000104
цикл 1,237874 0,000073
циолковского 2,525729 0,000148
цирк 1,078810 0,000316
цирка-театра 3,912023 0,000229
цирковой 2,302585 0,000135
цитата 2,040221 0,000120
цифра 1,272966 0,000373
цифровой 0,562119 0,000066
цск 3,912023 0,000458
цскб 3,912023 0,000458
цскб-прогресс 3,912023 0,000229
чапаева 2,813411 0,000659
чапаевец 3,506558 0,000205
чапаевск 3,218876 0,000377
чапаевский 3,218876 0,000566
чапаеву 3,506558 0,000411
час 0,867501 0,000152
часовой 0,713350 0,000167
частное 1,514128 0,000177
частность 0,462035 0,000027
частный 0,634878 0,000037
часто 0,415515 0,000024
часть 0,061875 0,000076
чебоксарах 3,506558 0,000205
чебоксары 1,171183 0,000137
чей 1,386294 0,000162
челн 2,525729 0,000148
челно-вершинский 3,506558 0,000205
чело 0,713350 0,000209
человек 0,186330 0,000426
человечество 1,660731 0,000097
челябинск 0,994252 0,000233
чемпион 1,203973 0,000212
чемпионат 0,994252 0,000815
черниговка 3,912023 0,000229
черное 1,237874 0,000073
чернявский 3,506558 0,000205
черт 0,916291 0,000215
черта 0,994252 0,000058
чертеж 1,660731 0,000097
честь 0,562119 0,000362
четвертый 0,994252 0,000116
четыре 0,597837 0,000175
четырехкратный 2,995732 0,000175
четырехсотлетие 3,912023 0,000229
чех 1,609438 0,000189
чехословацкий 2,407946 0,000282
чешский 1,966113 0,000230
чжэнчжоу 3,912023 0,000229
чиди 3,912023 0,000229
чиновник 1,771957 0,000104
численность 0,616186 0,001624
число 0,186330 0,000186
чита 1,203973 0,000071
читальный 2,813411 0,000165
читатьправитьправить 0,494296 0,000029
чичагова 3,912023 0,000229
чкалова 2,525729 0,000148
чкаловск 2,040221 0,000120
член 0,755023 0,000221
член-корреспондент 2,407946 0,000564
членство 2,813411 0,000330
чтение 1,714798 0,000100
чуваш 1,237874 0,000218
чувашский 2,659260 0,000156
чудо 2,207275 0,000259
шаблон 0,462035 0,000027
шайба 1,966113 0,000230
шайка 3,218876 0,000189
шайн 3,912023 0,000229
шайне 3,912023 0,000229
шайном 3,912023 0,000229
шакирович 3,912023 0,000229
шаманский 3,506558 0,000205
шамина 3,912023 0,000229
шарль 3,912023 0,000229
шаталова 3,912023 0,000229
шахматы 2,525729 0,000444
шейново 3,912023 0,000229
шелехметь 3,912023 0,000229
шенталинский 3,506558 0,000205
шерсть 2,995732 0,000175
шествие 3,218876 0,000189
шестиконечный 3,912023 0,000229
шесть 1,021651 0,000180
шигабутдина 3,912023 0,000229
шигонский 3,506558 0,000205
шипок 3,912023 0,000458
ширина 0,916291 0,000322
широкий 0,494296 0,000087
широко 0,653926 0,000077
широковещательный 3,218876 0,000189
широта 1,237874 0,000145
широтный 1,897120 0,000111
ширяево 3,912023 0,000229
ширяевской 3,912023 0,000229
шихобаловым 3,912023 0,000229
школ-интернатов 2,813411 0,000165
школа 0,478036 0,000308
школьник 1,771957 0,000208
шмидта 2,407946 0,000141
шнырев 3,912023 0,000229
шоколадный 3,506558 0,000205
шорин 3,912023 0,000458
шоссе 1,427116 0,000418
шостаковича 3,912023 0,000458
шостаковичу 3,912023 0,000458
шофер 3,912023 0,000229
шрифт 1,897120 0,000111
штаб 1,560648 0,000274
штат 1,560648 0,000274
шторм 2,302585 0,000270
штурм 2,207275 0,000129
штурмовик 3,912023 0,000229
штутгарт 3,912023 0,000229
шуйского 2,995732 0,000175
шэньчжэнь 3,506558 0,000205
щекаев 3,912023 0,000229
щербакова 3,218876 0,000754
щит 1,171183 0,000274
щорса 3,506558 0,000822
щукина 3,912023 0,000229
эбсторфской 3,912023 0,000687
эвакогоспиталь 3,218876 0,000189
эвакуация 1,832581 0,000107
эвакуировать 1,272966 0,000298
эир 3,912023 0,000229
экз 0,415515 0,000097
экземпляр 1,237874 0,000363
эклектик 2,302585 0,000135
экологический 0,693147 0,000122
экология 0,562119 0,000165
экономика 0,400478 0,000211
экономически 2,525729 0,000148
экономический 0,478036 0,000476
экран 1,771957 0,000208
экспедиция 1,469676 0,000172
экспериментально-испытательный 3,912023 0,000229
экспериментальный 1,660731 0,000097
эксплуатация 0,776529 0,000318
экспозиция 1,272966 0,000298
экспорт -0,009950 -0,000001
экспресс 2,120264 0,000124
экстремум 2,995732 0,000175
экстренный 3,506558 0,000411
электрический 1,309333 0,000153
электродепо 3,912023 0,000229
электронный 0,478036 0,000140
электрооборудование 2,120264 0,000124
электропоезд 1,609438 0,000189
электропоездов-экспрессов 3,912023 0,000229
электротехнический 2,407946 0,000282
элемент 0,544727 0,000160
элитный 2,407946 0,000141
эльдару 3,912023 0,000229
эльдорадо 1,966113 0,000115
энгельс 1,560648 0,000274
эндоскоп 3,912023 0,000458
энергетический 1,897120 0,000444
энергия-буран 3,912023 0,000229
энциклопедия -0,009950 -0,000008
эр-телеком 1,897120 0,000111
эра 1,514128 0,000089
эрзянский 3,912023 0,000458
эрнеста 3,912023 0,000229
эсер 2,659260 0,000312
эсеровский 3,506558 0,000205
эстонии 2,525729 0,000148
эстрадный 2,659260 0,000156
этаж 1,832581 0,000107
этажность 3,218876 0,000189
этажный 2,207275 0,000129
этап 0,634878 0,000112
этимология 0,616186 0,000108
эфир 1,427116 0,000334
эффективность 1,347074 0,000079
эхо 2,407946 0,000141
юбилейный 0,798508 0,000094
юг 0,693147 0,000203
юго-восток 1,171183 0,000206
юго-запад 1,309333 0,000077
юго-западный 1,049822 0,000123
южный 0,385662 0,000158
юлия 2,407946 0,000141
юнгородок 3,912023 0,000458
юношеский 1,560648 0,000091
юношество 2,302585 0,000270
юный 1,309333 0,000153
юридический 0,994252 0,000116
юрино 2,120264 0,000124
юрисдикция 2,207275 0,000129
юрия 1,660731 0,000292
юрьевец 2,120264 0,000124
ютэир 3,912023 0,000229
являться 0,040822 0,000093
явный 2,302585 0,000135
ядерный 1,771957 0,000104
язык -0,009950 -0,000003
язычник 3,506558 0,000205
яицкий 2,995732 0,000175
якутск 1,203973 0,000071
яна 2,302585 0,000135
янв 0,820981 0,000048
январь 0,105361 0,000747
янкин 3,912023 0,000229
ярмарка 1,660731 0,000292
ярославль 1,078810 0,000126
ярославский 2,302585 0,000135
ясли 2,995732 0,000175
ясный 1,347074 0,000237
ясюк 3,912023 0,000229
ятб 3,506558 0,000205
