абдулино 3,218876 0,000189
абонентов 2,407946 0,000423
абсолютный 0,798508 0,000094
абсолютных 2,995732 0,000175
авангарда 2,995732 0,000175
авг 0,820981 0,000048
августа 0,072571 0,000191
августе 0,994252 0,000116
авейде 3,912023 0,000229
авиаагрегат 3,506558 0,000205
авиагородок 3,506558 0,000205
авиакор 3,912023 0,000917
авиакосмических 3,912023 0,000229
авиакосмической 3,912023 0,000229
авиалинии 2,525729 0,000444
авиапорт 3,218876 0,000189
авиаприборостроительной 3,912023 0,000229
авиарейсы 3,218876 0,000189
авиасалон 3,506558 0,000205
авиации 1,347074 0,000473
авиационно-космической 3,912023 0,000229
авиационного 2,813411 0,000330
авиационной 2,525729 0,001036
авиационный 1,771957 0,000519
авиационных 2,813411 0,000330
аврора 2,302585 0,000270
авроры 3,506558 0,000822
австро-венгерской 3,912023 0,000229
автобус 1,021651 0,000299
автобусное 2,040221 0,000359
автобусные 1,966113 0,000230
автобусными 2,659260 0,000156
автобусов 1,469676 0,000086
автобусы 1,386294 0,000162
автовазбанк 3,506558 0,000205
автовокзала 1,660731 0,000195
автографы 3,912023 0,000229
автодорогам 1,078810 0,000063
автомагистралей 2,995732 0,000175
автоматизированных 3,218876 0,000377
автоматических 2,659260 0,000156
автомобильные 1,347074 0,000079
автор 0,994252 0,000175
автора 2,207275 0,000129
автореферат 2,659260 0,000156
авторитетные 0,941609 0,000221
авторитетных 2,207275 0,000517
автором 1,966113 0,000115
авторской 3,218876 0,000189
авторства -0,009950 -0,000001
автостанции 2,302585 0,000135
автотранспорт 2,659260 0,000467
автотранспорта 1,897120 0,000111
агеева 1,469676 0,000086
агентство 1,049822 0,000184
агломерации 0,916291 0,000161
агломераций 2,040221 0,000120
агломерация 0,867501 0,000102
агни 3,912023 0,000229
аграф 3,912023 0,000458
агрегатное 3,912023 0,000229
адам 2,407946 0,000141
адама 2,995732 0,000175
административно-территориального 1,660731 0,000097
административно-территориальное 0,820981 0,000192
административное 0,843970 0,000247
административную 2,995732 0,000175
административные 1,514128 0,000089
административный 0,843970 0,000049
администрацией 1,771957 0,000311
администрации 0,843970 0,000593
администраций 2,813411 0,000330
администрация 0,941609 0,001048
администрациями 3,506558 0,000205
адреналин 3,506558 0,000205
адрес 1,609438 0,000094
адресам 3,506558 0,000205
аза 3,912023 0,000229
азаров 3,506558 0,000411
азербайджанцы 1,139434 0,000067
азией 2,407946 0,000141
азии 0,916291 0,000054
азию 2,407946 0,000141
азовского 2,040221 0,000120
аиро 3,912023 0,000229
аитова 3,912023 0,000229
академии 0,693147 0,000325
академик 1,660731 0,000681
академика 1,714798 0,000100
академический 1,171183 0,000480
академическим 2,995732 0,000175
академическое 3,218876 0,000189
академию 3,218876 0,000377
академия 0,798508 0,000234
аккредитации 2,995732 0,000175
аккредитационной 3,912023 0,000229
аккредитацию 3,506558 0,000205
аккредитован 3,912023 0,000229
аккредитованным 3,912023 0,000229
аксарин 3,912023 0,000229
аксм 2,995732 0,000175
актера 2,407946 0,000141
актерская 3,912023 0,000229
активная 2,207275 0,000129
активно 0,755023 0,000221
активное 1,469676 0,000172
активную 2,120264 0,000248
актрисой 3,912023 0,000229
актуализация 2,813411 0,000165
актуальным 3,506558 0,000205
акустика 3,506558 0,000205
акустики 3,912023 0,000458
акустической 3,912023 0,000229
акций 2,120264 0,000124
алабин 3,506558 0,002054
алабина 3,912023 0,000458
алабинская 3,912023 0,000229
алабиным 3,912023 0,000229
алатырскому 3,912023 0,000229
алгебра 2,525729 0,000148
алдан 1,309333 0,000077
александр 0,693147 0,000365
александра 0,820981 0,000144
александрийскому 3,912023 0,000229
александрович 1,609438 0,000189
александру 1,966113 0,000115
александры 2,995732 0,000175
алексеевский 2,659260 0,000156
алексеем 3,218876 0,000189
алексей 1,049822 0,000123
алексея 1,514128 0,000177
аллее 2,813411 0,000330
аллеи 2,302585 0,000135
аллеями 3,506558 0,000205
аллой 3,912023 0,000229
алма-ату 3,506558 0,000205
алтай 2,407946 0,000141
алтеркоп 3,912023 0,000229
алфавитувикипедия 0,776529 0,000091
алфавитунаселенные 0,867501 0,000051
альтернативного 3,506558 0,000205
альфа-банк 2,659260 0,000156
альфреда 3,912023 0,000229
альянс 2,995732 0,000351
амбар 3,912023 0,000687
амбулаторий 3,912023 0,000229
амбулаторно-поликлиническими 3,912023 0,000229
амбулаторно-поликлинических 2,813411 0,000165
аммиак 3,506558 0,000205
аммиака 2,995732 0,000175
амн 3,912023 0,000229
анализ 1,237874 0,000145
аналитический 2,525729 0,000148
ангела 3,218876 0,000189
англия 2,995732 0,000175
андреевич 2,040221 0,000120
андреевича 2,995732 0,000175
андреевна 3,506558 0,000205
андрей 0,967584 0,000113
андрея 1,832581 0,000215
андриянова 3,912023 0,000229
анклава 3,506558 0,000205
аннаевым 3,912023 0,000229
аннексия 0,994252 0,000058
ансамбль 1,203973 0,000071
антон 1,832581 0,000107
антону 3,506558 0,000205
апостольская 2,120264 0,000124
аппаратов 2,407946 0,000141
аппараты 2,813411 0,000165
апр 0,798508 0,000047
апреле 0,994252 0,000058
апреля 0,174353 0,000347
арабов 3,506558 0,000205
арабский 2,813411 0,000165
арабских 2,302585 0,000135
арабского 2,407946 0,000141
аргументы 1,203973 0,000071
арена 1,427116 0,000418
армии 1,049822 0,000246
армию 2,813411 0,000165
армяне 1,021651 0,000060
армянская 1,771957 0,000104
армянский 2,302585 0,000135
артема 3,506558 0,000205
артемьев 2,813411 0,000165
артистов 2,995732 0,000175
арх 0,544727 0,000064
архейской 3,912023 0,000229
археологии 1,309333 0,000077
архи 3,912023 0,000229
архив 0,462035 0,000081
архивировано 0,020203 0,000258
архивной 0,713350 0,000125
архитектор 1,427116 0,000418
архитектора 1,469676 0,000344
архитекторы 1,469676 0,000086
архитектура 0,755023 0,000133
архитектуре 1,609438 0,000189
архитектурно-строительный 2,407946 0,000282
архитектурное 2,813411 0,000330
архитектурной 2,525729 0,000148
архитектурном 3,912023 0,000229
архитектурную 3,218876 0,000189
архитектурный 1,660731 0,000097
арцимович 3,912023 0,000229
аспирантура 3,912023 0,000229
ассамблея 2,995732 0,000526
ассоциация 2,407946 0,000564
аст 0,820981 0,000144
астана 2,813411 0,000165
астрахани 2,407946 0,000282
астраханской 2,525729 0,000148
астрахань 0,967584 0,000113
астраханью 3,218876 0,000189
астрель 1,049822 0,000061
асфальтом 3,506558 0,000205
атмосфере 2,302585 0,000135
атмосферного 1,771957 0,000104
атмосферном 3,218876 0,000189
атмосферу 1,514128 0,000177
атмосферы 1,469676 0,000086
атомной 2,302585 0,000135
аттестованным 3,506558 0,000205
аттракционы 2,995732 0,000351
атырау 2,659260 0,000156
аудиторией 3,506558 0,000205
ахмеда 3,218876 0,000189
ашан 2,120264 0,000124
аширов 3,912023 0,000229
аэродром 1,514128 0,000266
аэродрома 1,832581 0,000107
аэродромная 3,912023 0,000458
аэродромного 3,912023 0,000229
аэродромной 3,912023 0,000229
аэродромы 3,506558 0,000411
аэрокосмический 3,506558 0,000411
аэрокосмических 3,506558 0,000205
аэрокосмического 3,218876 0,000377
аэропорт 0,843970 0,000198
аэропорта 1,049822 0,000246
аэропортом 2,407946 0,000282
аэропорту 1,609438 0,000094
аэропорты 1,714798 0,000201
аэрофлот 2,995732 0,000175
база 0,916291 0,000054
базары 3,912023 0,000229
базе 0,776529 0,000136
базиликам 3,912023 0,000229
базируется 2,407946 0,000141
базы 1,108663 0,000195
байкова 3,506558 0,000205
баку 2,207275 0,000259
балаково 2,120264 0,000124
балахна 2,120264 0,000124
балета 1,560648 0,000274
балетная 3,506558 0,000411
балканах 3,912023 0,000229
балконе 3,912023 0,000229
балтийский 2,813411 0,000165
балтийского 1,897120 0,000111
банк 1,078810 0,000506
банка 0,941609 0,000055
банки 1,560648 0,000091
банков 1,272966 0,000224
банковская 2,813411 0,000165
банкрот 3,912023 0,000229
банкротами 3,218876 0,000189
баптистов 2,525729 0,000148
баранова 2,659260 0,000156
барбошина 3,912023 0,000229
барнаул 1,203973 0,000071
баррикады 2,040221 0,000120
баррозу 3,912023 0,000229
барс 2,995732 0,000175
бары 3,218876 0,000189
баскетболу 2,659260 0,000779
баскетбольного 3,912023 0,000229
баскетбольный 1,832581 0,000429
бассейнов 1,660731 0,000097
бахчевыми 3,912023 0,000229
баш 3,506558 0,000205
башен 2,207275 0,000129
ббк 2,995732 0,000175
беглопоповцы 3,912023 0,000229
безенчукский 3,506558 0,000205
безлифтовые 3,912023 0,000229
безопасности 1,139434 0,000067
безработных 2,407946 0,000141
безрельсового 3,218876 0,000189
безформата 3,912023 0,000229
безчинский 2,995732 0,000175
безымянка 3,506558 0,000822
безымянке 3,912023 0,000229
безымянской 3,912023 0,000229
бейтесь 3,912023 0,000229
бекирович 3,912023 0,000229
беларуская 0,000000 0,000000
беларускаябългарски 0,000000 0,000000
беларусь 1,237874 0,000218
белая 1,832581 0,000107
белова 3,506558 0,000205
белого 1,609438 0,000189
белое 1,714798 0,000100
белой 1,660731 0,000097
белорусы 1,203973 0,000071
белочехам 3,912023 0,000229
бензапирена 3,218876 0,000189
берега 0,916291 0,000054
берегу 0,616186 0,000253
береза 2,207275 0,000259
берии 3,912023 0,000229
беспересадочное 3,912023 0,000229
бесплатно 2,207275 0,000129
бесплатные 2,302585 0,000135
бетона 2,995732 0,000175
бетонной 3,506558 0,000616
библиографических 0,094311 0,000006
библиотек 0,967584 0,000057
библиотека 0,462035 0,000433
библиотекарей 3,506558 0,000205
библиотеки 0,843970 0,000445
библиотечное 3,506558 0,000205
биеннале 2,659260 0,000156
бизнес-ассоциацией 3,912023 0,000229
билайн 1,272966 0,000373
билайн-самара 3,912023 0,000229
биологии 2,207275 0,000129
биология 2,120264 0,000124
биохимия 3,218876 0,000189
битве 2,302585 0,000135
битмейкинга 3,912023 0,000229
благо 3,912023 0,000229
благополучный 3,912023 0,000229
благоустроенный 2,407946 0,000141
благоустройства 2,525729 0,000148
бласть 0,000000 0,000000
близких 2,525729 0,000148
блогер 3,218876 0,000189
бобры 3,218876 0,000189
бог 2,525729 0,000148
богадельни 2,995732 0,000175
богатейшее 3,912023 0,000229
богатовский 3,506558 0,000205
богатые 2,407946 0,000141
богатырь 3,218876 0,000189
богатых 2,525729 0,000148
богдан 3,506558 0,000205
богородицы 1,272966 0,000149
боевой 1,832581 0,000429
боеприпасов 3,218876 0,000189
боксу 2,995732 0,000175
болгар 1,966113 0,000115
болгарией 3,506558 0,000205
болгарии 2,302585 0,000135
болгария 1,386294 0,000081
болгарским 3,218876 0,000566
болгарского 3,912023 0,000229
болгарскому 3,912023 0,000229
болдырской 3,912023 0,000229
бологое 1,347074 0,000079
больниц 1,966113 0,000230
больница 1,469676 0,001033
больницами 3,506558 0,000205
больнице 3,218876 0,000189
больницы 1,347074 0,000237
больных 3,218876 0,000189
большая 0,072571 0,000055
большевики 2,207275 0,000259
большеглушицкий 3,506558 0,000205
большечерниговский 3,506558 0,000205
большие 0,891598 0,000052
большим 1,560648 0,000091
большинство 0,597837 0,000140
большинством 1,897120 0,000111
больших 1,272966 0,000075
большое 0,544727 0,000064
большой 0,328504 0,000058
большую 0,891598 0,000052
бомбардировке 2,995732 0,000351
бондаренко 2,813411 0,000494
бор 1,427116 0,000084
бордюгова 3,912023 0,000229
борис 1,660731 0,000195
бориса 1,832581 0,000215
борисенок 3,912023 0,000229
борисов 2,659260 0,000156
боровичи 1,347074 0,000079
борский 2,995732 0,000175
борьбе 1,469676 0,000172
ботанический 1,609438 0,000094
боярские 3,218876 0,000189
брайля 3,506558 0,000205
брал 3,912023 0,000229
брамский 2,995732 0,000175
братьев 1,832581 0,000107
брейк-данс 3,912023 0,000458
брейк-данс-танцоры 3,912023 0,000229
брейк-дэнса 3,912023 0,000229
брокгауза 0,328504 0,000058
бронзовый 2,207275 0,000259
бронзовым 3,506558 0,000205
брэ 2,040221 0,000239
бугульма 2,995732 0,000175
будни 2,659260 0,000156
буду 3,506558 0,000205
будут 1,203973 0,000141
будущих 2,659260 0,000156
будьте 3,912023 0,000229
букв 2,407946 0,000141
буквами 2,813411 0,000165
буквы 2,659260 0,000156
булгарии 2,813411 0,000494
бум 2,040221 0,000120
бункер 3,912023 0,001604
буревестник 2,302585 0,000135
буреев 3,912023 0,000229
бурлаки 3,218876 0,000189
буряад 0,000000 0,000000
бутковский 3,912023 0,000229
бушуев 3,218876 0,000189
буянова 3,506558 0,000205
бывшая 1,660731 0,000097
бывшего 1,021651 0,000120
бывшей 1,514128 0,000089
бывшие 1,771957 0,000104
бывший 1,108663 0,000844
бывших 1,897120 0,000111
быстро 1,139434 0,000200
бюджет 1,771957 0,000208
бюджета 1,309333 0,000690
бюро 1,427116 0,000084
бюст 2,407946 0,000141
ва-банкъ 3,912023 0,000229
вагон 3,218876 0,000189
вагона 3,218876 0,000377
вагонами 3,506558 0,000411
вагонов 2,120264 0,000124
вадим 2,407946 0,000141
вадима 2,995732 0,000175
важа 3,912023 0,000229
важность 2,995732 0,000175
вакано 3,912023 0,000229
вал 2,207275 0,000129
валентин 2,659260 0,000467
валентиновна 3,506558 0,000205
валериана 3,912023 0,000229
валериане 3,912023 0,000229
валериану 3,912023 0,000229
валерия 2,302585 0,000135
валовые 3,912023 0,000229
варвара 3,506558 0,000205
василенко 3,218876 0,000377
василий 1,386294 0,000081
василию 2,525729 0,000148
василия 1,771957 0,000104
васильевич 1,609438 0,000094
васильевна 2,813411 0,000165
васильево 2,120264 0,000124
васильсурск 2,120264 0,000124
ваш 3,506558 0,000411
вашла 0,000000 0,000000
вблизи 1,139434 0,000267
введен 1,427116 0,000084
введено 1,771957 0,000311
ввиду 2,120264 0,000124
ввод 1,897120 0,000111
ввс 2,995732 0,000351
вдоль 0,755023 0,000088
вдохновители 3,912023 0,000229
ведет 1,203973 0,000071
ведут 1,832581 0,000107
ведутся 1,966113 0,000115
ведущие 2,040221 0,000120
ведущим 2,659260 0,000156
ведущих 1,386294 0,000325
век 0,733969 0,000043
века 0,248461 0,000291
веках 1,021651 0,000060
веке 0,597837 0,000070
векегорода-миллионеры 2,995732 0,000175
веклич 2,995732 0,000351
веклича 2,995732 0,000351
веков 0,713350 0,000125
вели 2,659260 0,000156
великий 1,469676 0,000086
великой 0,653926 0,000230
великолепный 2,995732 0,000175
величественный 3,506558 0,000205
величине 1,771957 0,000104
величины 2,659260 0,000156
вело 3,912023 0,000229
велосамара 3,912023 0,000229
велосипедная 3,506558 0,000205
велосипедные 3,218876 0,000189
велосипедный 2,995732 0,000351
велосипедными 3,912023 0,000229
велосипедных 3,218876 0,000189
велосипеды 3,506558 0,000205
вера 1,560648 0,000183
верблюжьим 3,912023 0,000229
вернула 3,218876 0,000189
вернули 2,995732 0,000175
версий 1,347074 0,000079
версия -0,009950 -0,000005
вертикаль 3,506558 0,000411
вертолетная 3,506558 0,000411
верующих 2,995732 0,000351
верхней 1,272966 0,000075
верхняя 1,108663 0,000130
верховного 1,272966 0,000447
верховный 2,207275 0,000129
верховой 3,506558 0,000205
верхушки 3,912023 0,000229
верчельской 3,912023 0,000229
весна 1,469676 0,000344
весной 1,049822 0,000123
вести 0,843970 0,000049
весть 2,813411 0,000165
весь 0,755023 0,000044
ветви 1,897120 0,000111
ветер 1,832581 0,000107
ветераны 3,218876 0,000189
вето 3,506558 0,000205
ветра 1,049822 0,000061
ветров 0,843970 0,000049
вечный 2,120264 0,000248
вещали 3,912023 0,000229
вещание 1,203973 0,000071
вещей 2,207275 0,000129
веществ 1,171183 0,000343
веществами 2,525729 0,000148
вещи 2,407946 0,000141
взаимодействия 1,660731 0,000097
взвешенными 3,506558 0,000205
взвоз 3,912023 0,000229
взлетающую 3,912023 0,000229
взрослого 2,995732 0,000175
взятые 2,407946 0,000141
вива 3,912023 0,000229
вид 0,494296 0,000116
вида 1,386294 0,000081
видами 1,469676 0,000086
виде 0,235722 0,000069
видео 1,049822 0,000061
видеоблог 3,912023 0,000458
видов 0,616186 0,000072
видом 1,514128 0,000089
виду 1,966113 0,000115
визита 2,995732 0,000175
визовый 2,525729 0,000444
визуальная 3,912023 0,000229
вики-разметкой 1,309333 0,000077
викигид 1,660731 0,000097
викигиде 0,776529 0,000091
викигидепортал 1,469676 0,000086
викиданные 0,776529 0,000091
викиданных -0,009950 -0,000001
викиданныхвикипедия 0,891598 0,000104
викимапиипро 1,427116 0,000084
викимедиа -0,009950 -0,000001
википедии -0,009950 -0,000002
википедия -0,009950 -0,000008
викискладвикиновостивикицитатниквикигидэлемент 1,272966 0,000075
викискладвикипедия 1,469676 0,000086
викискладе 0,174353 0,000010
викискладепутеводитель 0,713350 0,000042
викисловарецитаты 1,108663 0,000065
викисловарьвикипедия 1,309333 0,000077
викицитатник 1,272966 0,000075
викицитатникемедиафайлы 1,469676 0,000086
виктор 1,386294 0,000325
виктория 2,659260 0,000156
викторович 2,207275 0,000129
вилоновская 3,912023 0,000687
вильданович 3,912023 0,000229
винновка 3,506558 0,000205
винтай 3,912023 0,000229
виталий 1,966113 0,000230
витебск 3,506558 0,000205
витольдович 3,506558 0,000205
вклад 1,108663 0,000195
включает 0,462035 0,000135
включал 2,407946 0,000141
включался 2,995732 0,000175
включают 1,609438 0,000094
включающей 2,207275 0,000129
включая 0,527633 0,000062
включен 1,560648 0,000091
включена 1,514128 0,000089
включены 1,560648 0,000091
владельца 2,995732 0,000175
владение 1,427116 0,000084
владимир 0,733969 0,000387
владимира 1,309333 0,000383
владимирович 1,771957 0,000519
владимировна 2,813411 0,000165
владимиру 2,407946 0,000141
влажное 2,407946 0,000141
влажность 1,171183 0,000069
властей 1,714798 0,000100
власти 0,634878 0,000446
власть 0,733969 0,000129
влияние 0,776529 0,000045
влиянием 1,897120 0,000111
влксм 2,302585 0,000135
вместе 0,510826 0,000030
вмещавшая 3,912023 0,000229
вне 1,560648 0,000091
внедрением 2,995732 0,000175
внедряется 3,912023 0,000229
внес 2,040221 0,000120
внесение 2,659260 0,000156
внесением 3,912023 0,000229
внесла 2,813411 0,000165
внешнему 3,218876 0,000189
внешние 0,051293 0,000009
вновь 0,755023 0,000088
внутреннее 0,733969 0,000043
внутренних 1,237874 0,000073
внутригородские 2,407946 0,000423
внутригородским 0,967584 0,000113
внутригородскими 3,218876 0,000189
внутригородских 1,514128 0,000355
внутриобластные 3,912023 0,000229
вов 2,120264 0,000373
вод 1,078810 0,000063
воде 1,966113 0,000115
водников 3,506558 0,000411
водного 1,171183 0,000069
водные 1,386294 0,000162
водным 2,120264 0,000124
водорода 3,218876 0,000189
водохранилища 1,272966 0,000298
воеводе 2,525729 0,000148
воеводой 2,525729 0,000148
воеводы 2,040221 0,000120
военная 1,108663 0,000065
военно-медицинского 3,912023 0,000229
военно-медицинскую 3,912023 0,000229
военно-промышленным 3,912023 0,000229
военного 1,309333 0,000230
военнопленных 2,525729 0,000148
военный 1,272966 0,000298
военных 1,272966 0,000149
возведен 2,040221 0,000120
возведения 2,407946 0,000282
возведенном 3,912023 0,000229
возведено 2,813411 0,000165
возведены 2,120264 0,000124
возвращен 2,525729 0,000148
возвращение 2,407946 0,000141
возвращено 2,207275 0,000259
возглавивший 3,912023 0,000229
возглавила 3,506558 0,000205
возглавить 3,912023 0,000229
возглавляемой 3,912023 0,000229
возглавлять 3,912023 0,000229
воздвиженская 3,912023 0,000229
возделывания 3,506558 0,000205
воздух 1,660731 0,000097
воздуха 0,733969 0,000215
воздухе 2,302585 0,000270
воздушного 2,040221 0,000120
воздушной 2,407946 0,000141
воздушных 1,347074 0,000158
возле 1,386294 0,000081
возложена 3,912023 0,000229
возможно 0,867501 0,000102
возможностей 2,040221 0,000120
возможности 0,891598 0,000157
возможность 0,616186 0,000036
возможностью 2,207275 0,000129
возможные 2,407946 0,000141
возникла 2,040221 0,000120
возникли 1,714798 0,000100
возникновение 1,897120 0,000111
возникновения 1,469676 0,000086
возрасте 1,714798 0,000100
возрастной 2,813411 0,000165
возродили 3,506558 0,000205
войны 0,478036 0,000364
войск 1,347074 0,000079
войска 1,237874 0,000073
войсками 1,386294 0,000081
войсковой 3,506558 0,000205
войсковых 3,218876 0,000189
войском 2,302585 0,000135
вокзал 0,820981 0,000289
вокзала 0,967584 0,000170
вокзалом 2,407946 0,000423
вокзалы 1,771957 0,000104
вокзальная 3,218876 0,000189
вокруг 0,693147 0,000122
волга 1,660731 0,000195
волга-инфо 3,912023 0,000229
волгакабель 3,912023 0,000458
волгарь 2,995732 0,000175
волгателеком 3,506558 0,000616
волге 1,771957 0,001038
волгегорода 2,525729 0,000148
волги 1,771957 0,001453
волго-донского 3,506558 0,000205
волго-камского 3,912023 0,000229
волговерховье 2,120264 0,000248
волгоград 1,139434 0,000267
волгоградом 3,218876 0,000189
волгой 2,407946 0,000282
волгореченск 2,120264 0,000124
волгу 1,966113 0,000461
волейболу 2,207275 0,000129
волейбольный 1,966113 0,000115
волжск 2,120264 0,000124
волжская 2,659260 0,001090
волжский 2,120264 0,000497
волжскими 3,912023 0,000229
волжских 2,813411 0,000330
волжского 2,302585 0,000270
волжское 2,813411 0,000165
волжской 2,120264 0,000124
волжском 2,525729 0,000148
волжскому 3,506558 0,000205
волков 2,525729 0,000148
волковым 2,995732 0,000175
волкодавов 3,912023 0,000229
волна 1,427116 0,000084
вологда 1,203973 0,000071
волшебные 0,040822 0,000002
вольск 2,120264 0,000124
вопрос 0,967584 0,000113
вопроса 2,302585 0,000135
вопросов 1,560648 0,000091
воржева 3,912023 0,000229
воркута 1,237874 0,000073
воро 0,000000 0,000000
воровъ 3,912023 0,000458
воронеж 1,203973 0,000071
воронежские 3,506558 0,000411
ворота 1,347074 0,000079
ворошилов 2,995732 0,000175
восемь 1,660731 0,000195
воскресенский 2,207275 0,000259
воспитателей 3,912023 0,000229
воспоминания 2,659260 0,000156
воссоздана 3,218876 0,000189
восстанием 2,407946 0,000141
восстаний 2,813411 0,000330
восстановить 2,120264 0,000124
восстановлена 2,120264 0,000124
востока 1,078810 0,000063
востоку 1,514128 0,000177
восточной 0,693147 0,000203
восточный 1,021651 0,000060
востребованных 3,506558 0,000205
восход 2,302585 0,000135
восходящем 3,912023 0,000229
восьмые 2,995732 0,000175
воткинск 1,309333 0,000077
вошел 1,237874 0,000073
вошли 1,347074 0,000079
вошло 2,302585 0,000135
впадении 1,660731 0,000195
впадения 1,514128 0,000089
впервые 0,385662 0,000181
впк 3,506558 0,000411
вплоть 1,108663 0,000130
впоследствии 0,653926 0,000038
врач 2,120264 0,000124
врачебными 3,506558 0,000205
врачей 1,897120 0,000333
времен 0,941609 0,000055
временем 0,616186 0,000036
времени 0,186330 0,000098
временно 1,309333 0,000077
временный 2,659260 0,000156
время 0,030459 0,000045
вручения 3,218876 0,000189
вручено 3,506558 0,000205
всей 0,693147 0,000081
всеми 1,386294 0,000081
всемирной 1,897120 0,000222
всенародных 3,506558 0,000205
всеобщая 2,040221 0,000120
всеобщим 2,813411 0,000165
всероссийская 0,843970 0,000049
всероссийские 2,659260 0,000467
всероссийский 1,469676 0,000258
всероссийских 2,407946 0,000423
всероссийского 1,347074 0,000079
всероссийское 3,218876 0,000189
всероссийской 0,713350 0,000167
всероссийском 2,995732 0,000175
всесоюзная 0,843970 0,000297
всесоюзные 3,912023 0,000458
всесоюзный 2,813411 0,000165
всеукраинская 2,995732 0,000175
всехсвятское 2,813411 0,000165
вскоре 1,309333 0,000153
вспомнить 3,912023 0,000229
встал 2,813411 0,000165
встрече 2,813411 0,000165
вступлением 3,506558 0,000205
всхолмленный 3,912023 0,000229
вся 0,994252 0,000058
втб 1,714798 0,000100
вторая 0,994252 0,000116
вторичному 3,912023 0,000229
второй 0,274437 0,000032
вторую 2,207275 0,000129
вуз 1,832581 0,000322
вузов 0,891598 0,000261
вузы 1,514128 0,000089
вход 1,897120 0,000222
входа 1,832581 0,000107
входили 2,120264 0,000124
входит 0,653926 0,000192
входом 0,994252 0,000116
входят 0,713350 0,000125
входящее 3,506558 0,000205
входящей 2,407946 0,000141
вцик 1,832581 0,000107
выбирают 2,995732 0,000175
выбираются 3,912023 0,000229
выбор 1,832581 0,000215
выборах 1,514128 0,000089
выборов 1,897120 0,000111
выборы 1,347074 0,000316
выбрали 2,659260 0,000156
выбрасывающих 3,506558 0,000205
выбросы 1,771957 0,000311
выводы 2,659260 0,000156
выгодные 3,912023 0,000229
выдающихся 2,302585 0,000135
выдвигал 3,912023 0,000229
выделен 2,040221 0,000120
выделена 3,506558 0,000205
выделены 1,560648 0,000091
выделить 1,386294 0,000244
выдержаны 3,912023 0,000229
вызваны 3,912023 0,000229
вызова 2,995732 0,000175
выйти 2,813411 0,000165
вымпелком 2,995732 0,000175
выпадения 3,218876 0,000189
выполнении 2,659260 0,000156
выполненная 3,912023 0,000229
выполнено 2,120264 0,000248
выполняются 1,660731 0,000097
выпуск 0,916291 0,000054
выпускаемых 2,813411 0,000165
выпускают 2,813411 0,000165
выпускающие 3,506558 0,000411
выпускник 2,995732 0,000351
выпускники 3,506558 0,000205
выпустил 2,040221 0,000239
выпущенного 3,506558 0,000205
выпущено 2,659260 0,000156
выработка 3,912023 0,000229
выработки 2,813411 0,000165
выраженно 3,912023 0,000229
вырос 1,560648 0,000091
выросла 2,040221 0,000120
выросло 1,609438 0,000094
высечены 3,218876 0,000189
высокая 1,237874 0,000073
высоким 1,514128 0,000089
высокими 1,966113 0,000115
высокое 1,660731 0,000097
высокой 1,272966 0,000075
высокопроизводительной 3,912023 0,000458
высот 2,120264 0,000248
высота 0,562119 0,000165
высоте 1,514128 0,000089
высотное 2,995732 0,000175
высотой 1,108663 0,000195
высоты 1,427116 0,000167
высоцкого 3,218876 0,000754
высоцкому 2,995732 0,000351
высочайших 3,506558 0,000205
выставки 1,660731 0,000097
выставлять 3,506558 0,000205
выставочного 3,506558 0,000205
выставочные 1,966113 0,000115
выставочных 2,302585 0,000135
выстрела 2,995732 0,000175
выступать 2,407946 0,000141
выступают 2,040221 0,000120
выступила 3,912023 0,000229
выступили 2,302585 0,000135
высшего 1,427116 0,000418
высшее 1,021651 0,000180
высшие 1,386294 0,000244
высший 2,525729 0,000148
высшим 1,609438 0,000094
высших 1,078810 0,000190
выхода 1,771957 0,000104
выходит 1,427116 0,000084
выходы 3,218876 0,000189
вышеизложенного 3,912023 0,000229
вышел 1,469676 0,000086
вышивалось 3,912023 0,000229
вышитое 3,912023 0,000229
вышла 1,897120 0,000444
вязовые 2,120264 0,000124
вячеслав 1,897120 0,000111
габдрахманов 3,912023 0,000229
гаврилова 2,995732 0,000175
гагарин 2,659260 0,000156
гагарина 1,427116 0,000418
газель 2,525729 0,000148
газета 0,616186 0,000469
газетами 2,813411 0,000165
газеты 0,994252 0,000116
газотурбинных 3,506558 0,000205
гаи 3,218876 0,000189
галактионовской 3,912023 0,000229
галахов 3,912023 0,000229
галереи 1,771957 0,000415
галерея 1,203973 0,000071
галина 2,207275 0,000129
гарнизона 2,659260 0,000156
гарнизонный 3,912023 0,000687
гая 3,506558 0,000205
гбоу 3,218876 0,000377
гбук 3,218876 0,000189
гектаров 1,771957 0,000104
генерального 1,514128 0,000089
генеральное 2,407946 0,000141
генеральному 2,302585 0,000135
генеральный 0,967584 0,000170
генетика 3,506558 0,000205
геннадий 2,302585 0,000135
генштаб 3,912023 0,000229
геоботаника 3,912023 0,000229
географии 1,609438 0,000094
географические 0,713350 0,000125
географическое 0,693147 0,000162
географической 0,798508 0,000047
география 0,462035 0,000054
геологии 2,407946 0,000141
геология 1,966113 0,000230
георга 2,995732 0,000351
георгий 1,560648 0,000091
георгия 1,897120 0,000222
геральдики 2,659260 0,000156
герб 0,820981 0,000385
герба 1,427116 0,000334
гербом 2,995732 0,000175
германией 2,302585 0,000135
германии 1,427116 0,000084
германия 1,203973 0,000071
героев 2,120264 0,000124
героя 1,832581 0,000107
героям 2,040221 0,000120
герпетология 3,912023 0,000229
гибели 2,302585 0,000135
гид 3,218876 0,000189
гидроботаника 3,912023 0,000229
гидроним 2,302585 0,000135
гидросферу 3,912023 0,000229
гильдии 2,207275 0,000129
гимн 0,820981 0,000048
гимназий 1,966113 0,000230
гипермаркет 2,659260 0,000156
гипермаркеты 1,966113 0,000115
гипсовый 3,506558 0,000205
гитара 3,506558 0,000205
гкгн 0,994252 0,000058
гкгнпро 0,916291 0,000054
гко 3,218876 0,000189
глав 1,897120 0,000111
глава 0,673345 0,000276
главе 1,237874 0,000218
главного 1,237874 0,000073
главной 0,941609 0,000055
главнокомандования 3,506558 0,000205
главнокомандующего 3,218876 0,000189
главный 0,916291 0,000054
главным 0,967584 0,000113
главных 1,078810 0,000190
главой 1,309333 0,000153
главы 0,967584 0,000567
глазная 3,506558 0,000205
гласит 2,659260 0,000156
гласный 3,506558 0,000205
гласных 3,506558 0,000205
глинистые 3,506558 0,000205
глинка 3,218876 0,001131
глинке 3,506558 0,000205
глубине 2,525729 0,000148
глубокой 2,302585 0,000135
гмк 3,912023 0,000687
гниения 3,506558 0,000205
гну 3,506558 0,000205
говорится 2,525729 0,000148
говорить 2,207275 0,000259
говорящих 3,506558 0,000205
гоголя 2,407946 0,000141
год 0,235722 0,000884
года -0,009950 -0,000261
годавикипедия 0,616186 0,000072
годами 2,302585 0,000135
годах 0,385662 0,000113
годов 0,356675 0,000167
годовщина 3,506558 0,000205
годом 0,941609 0,000276
году 0,072571 0,000655
годунов 3,506558 0,000205
годунова 2,995732 0,000175
годусамарагорода 3,912023 0,000229
годы 0,356675 0,000188
голль 3,912023 0,000229
голов 2,659260 0,000312
голова 2,302585 0,000270
голове 3,912023 0,000229
головина 3,218876 0,000189
головкин 3,912023 0,000229
головкина 3,912023 0,000229
головкиным 3,912023 0,000229
головой 2,659260 0,000156
голосов 1,966113 0,000115
голосованием 2,207275 0,000129
голубого 2,813411 0,000165
голубой 2,040221 0,000120
гомель 1,966113 0,000115
гор 1,309333 0,000153
гора 1,139434 0,000067
гордостью 3,912023 0,000229
горелов 3,912023 0,000229
горелый 3,912023 0,000229
горельеф 3,912023 0,000229
горизонтальных 2,995732 0,000175
горит 2,813411 0,000165
горловка 1,309333 0,000077
горнолыжная 2,995732 0,000175
горнолыжный 2,659260 0,000312
город 0,544727 0,001883
города 0,430783 0,003280
города-миллионеры 1,714798 0,000100
города-партнеры 1,771957 0,000208
города-побратимы 0,891598 0,000104
города-спутники 2,813411 0,000165
городам 0,798508 0,000047
городами 0,916291 0,000429
городасамара 3,912023 0,000229
городахвикипедия 2,659260 0,000156
городе 0,693147 0,001746
городец 2,120264 0,000124
городецкая 1,660731 0,000097
городки 3,912023 0,000229
городническое 3,912023 0,000229
городов 0,579818 0,000611
городов-крепостей 3,912023 0,000229
городов-хозяев 3,506558 0,000205
городок 1,386294 0,000244
городом 0,798508 0,000327
городпро 0,867501 0,000051
городсамара 3,912023 0,000229
городская 0,843970 0,000742
городские 0,941609 0,000276
городским 0,798508 0,000140
городских 0,713350 0,000877
городского 0,693147 0,002598
городское 1,203973 0,000141
городской 0,755023 0,001371
городскую 1,609438 0,000471
городу 0,798508 0,000281
горсоветом 3,912023 0,000229
горы 1,108663 0,000390
горький 2,525729 0,000148
горького 1,139434 0,000534
горючим 3,912023 0,000229
горючих 3,912023 0,000458
горячко 1,609438 0,000283
госбанка 2,995732 0,000175
госкомстат 0,891598 0,000104
гостей 1,966113 0,000115
гостиниц 1,427116 0,000084
гостиница 1,386294 0,000081
государства 0,843970 0,000049
государствами 2,995732 0,000175
государственная 0,941609 0,000331
государственного 0,616186 0,000397
государственное 0,776529 0,000136
государственной 0,616186 0,000361
государственном 1,714798 0,000100
государственную 1,714798 0,000301
государственный 0,430783 0,000580
государственным 1,897120 0,000222
государственных 0,994252 0,000175
госцирка 3,912023 0,000229
готическом 3,912023 0,000229
готовит 3,506558 0,000411
готовится 2,995732 0,000175
готовых 2,207275 0,000129
готовящая 3,912023 0,000229
гпз 2,995732 0,000351
гравюра 2,302585 0,000135
градоначальники 1,771957 0,000415
градостроительства 1,966113 0,000115
градостроительство 2,525729 0,000148
граждан 1,309333 0,000537
граждане 1,108663 0,000065
гражданин 1,309333 0,000077
гражданским 3,506558 0,000205
гражданского 2,207275 0,000129
гражданское 2,659260 0,000156
гражданство 2,995732 0,000175
грамотах 2,813411 0,000165
границ 0,916291 0,000054
граница 1,139434 0,000067
границах 1,078810 0,000063
границу 2,120264 0,000124
граничащее 3,912023 0,000229
гранный 3,912023 0,000229
графики 2,120264 0,000124
графический 3,218876 0,000189
граффити-художники 3,912023 0,000229
греве 3,912023 0,000229
григорию 3,218876 0,000189
грозного 1,966113 0,000115
гру 0,000000 0,000000
грузами 3,912023 0,000229
грузовые 1,771957 0,000104
грузы 2,407946 0,000141
группа 0,693147 0,000081
группе 1,832581 0,000107
группой 2,120264 0,000124
группы 0,634878 0,000074
грушина 3,912023 0,000229
грушинского 3,506558 0,000205
гсха 3,506558 0,000205
гтрк 1,049822 0,000123
губернатора 1,237874 0,000073
губернатором 1,966113 0,000230
губернаторы 2,995732 0,000175
губернии 0,994252 0,000408
губерний 1,714798 0,000201
губернию 2,120264 0,000124
губерния 1,427116 0,000418
губернская 2,207275 0,000259
губернский 1,832581 0,000322
губернской 2,525729 0,000148
губернскую 2,995732 0,000175
гуго 3,218876 0,000377
гудок 3,218876 0,000189
гуманитарным 3,218876 0,000189
густонаселенного 3,912023 0,000229
давал 3,506558 0,000205
давидова 3,912023 0,000229
дагестан 2,659260 0,000156
дайджест 2,813411 0,000165
далее 0,693147 0,000041
дальнейшей 2,995732 0,000175
далями 3,912023 0,000229
дамир 3,506558 0,000205
данная 2,207275 0,000129
данного 1,714798 0,000100
данной 1,609438 0,000189
данному 1,966113 0,000115
данный 0,713350 0,000167
данным 0,415515 0,000195
данными 1,514128 0,000089
данных 0,616186 0,000144
дар 2,525729 0,000296
дата 0,030459 0,000389
датах 3,218876 0,000189
датская 0,342490 0,000020
дача 1,832581 0,000107
даче 3,218876 0,000189
дачные 3,506558 0,000411
дачных 2,995732 0,000175
дают 2,040221 0,000120
две 0,527633 0,000031
двенадцатиглавый 3,912023 0,000229
двенадцатым 3,912023 0,000229
двери 2,659260 0,000156
двигателей 3,218876 0,000377
движение 0,820981 0,000240
движения 0,733969 0,000172
двор 1,771957 0,000104
дворец 0,967584 0,000283
дворов 1,897120 0,000111
дворян 2,995732 0,000351
дворянская 3,912023 0,000229
двукратный 2,407946 0,000564
двух 0,462035 0,000162
двухступенчатой 3,912023 0,000229
де-факто 2,302585 0,000135
дебаркадеров 3,912023 0,000229
девиз 2,659260 0,000156
девятнадцатый 3,912023 0,000229
девятым 3,506558 0,000205
девять 1,714798 0,000100
дегтев 3,912023 0,000229
дегтяревым 3,912023 0,000229
действительный 2,995732 0,000175
действовал 1,660731 0,000097
действовать -0,009950 -0,000001
действует 0,634878 0,000335
действуют 0,867501 0,000152
действующие 2,040221 0,000120
действующий 2,040221 0,000120
действующих 1,514128 0,000089
дек 0,820981 0,000048
декабре 0,798508 0,000140
декабрь 1,108663 0,000065
декабрю 3,912023 0,000229
декабря 0,105361 0,000185
декоративно-прикладному 3,912023 0,000229
дел 1,469676 0,000086
делегацией 3,912023 0,000229
деление 0,673345 0,000276
делением 2,995732 0,000175
деления 2,120264 0,000124
деловой 1,560648 0,000091
дельфийские 2,659260 0,000467
дельфийских 3,506558 0,000205
дельфийского 3,506558 0,000411
демографические 2,995732 0,000175
демографической 2,995732 0,000175
демография 2,407946 0,000141
демократии 2,995732 0,000175
демократию 3,912023 0,000229
демоскоп 0,820981 0,000144
денис 2,040221 0,000120
день 0,562119 0,000230
департамент 1,771957 0,000104
департамента 1,832581 0,000107
депо 1,771957 0,000415
депутатов 0,891598 0,000313
деревня 1,609438 0,000094
деревянные 2,040221 0,000120
держащего 3,506558 0,000205
держитесь 3,912023 0,000229
десяти 1,560648 0,000091
десятками 2,995732 0,000175
десятки 1,347074 0,000079
десятку 2,120264 0,000124
десять 1,514128 0,000355
деталях 3,506558 0,000205
детей 0,941609 0,000165
дети 1,966113 0,000115
детская 0,916291 0,000161
детские 1,660731 0,000195
детский 1,171183 0,000206
детских 1,272966 0,000224
детского 1,832581 0,000215
детям 2,525729 0,000148
дефицит 2,207275 0,000129
деятеле 3,912023 0,000229
деятелей 2,040221 0,000120
деятель 1,966113 0,000115
деятельности 0,446287 0,000209
деятельность 0,653926 0,000268
деятельностью 1,714798 0,000100
деятеля 2,407946 0,000141
джаз-фестиваль 3,912023 0,000229
дзержинск 1,347074 0,000079
дзержинского 1,660731 0,000195
дзюба 3,218876 0,000189
диагностики 3,218876 0,000377
диагностирования 3,218876 0,000189
диалектов 3,912023 0,000229
диалог 2,207275 0,000259
диджеями 3,912023 0,000229
дизайн 2,525729 0,000148
дизайна 2,302585 0,000135
дизель 3,506558 0,000205
дикая 2,813411 0,000165
димитрова 2,813411 0,000165
димитровград 3,218876 0,000189
динамика 1,427116 0,000251
динамики 2,813411 0,000165
динамических 3,218876 0,000189
динамично 2,659260 0,000156
динамо 1,171183 0,000069
динамо-самара 3,912023 0,000229
дипломатические 2,525729 0,000148
дипломом 3,218876 0,000377
директоров 2,995732 0,000175
диск-жокей 3,912023 0,000229
дискотеках 3,912023 0,000229
дискотеки 3,912023 0,000229
диспансер 2,120264 0,000373
диссертации 2,525729 0,000148
диссертация 2,525729 0,000148
дифференциальные 3,506558 0,000205
длд 3,912023 0,000229
длившееся 3,912023 0,000229
длились 3,912023 0,000229
длине 1,660731 0,000195
длинных 2,813411 0,000165
длительная 2,813411 0,000165
дмитрий 0,967584 0,000283
дмитрию 2,813411 0,000330
дмитрия 1,560648 0,000091
дневной 3,506558 0,000205
дневных 2,659260 0,000156
дней 0,446287 0,000235
днейвикипедия 0,967584 0,000057
днепр 2,813411 0,000330
дни 1,237874 0,000145
дню 2,040221 0,000239
дня 0,478036 0,000168
добавив 0,941609 0,000221
добавьте 2,813411 0,000330
доблести 1,347074 0,000710
доблестинаселенные 3,218876 0,000189
добычи 2,040221 0,000120
довольно 0,891598 0,000104
довсе 3,912023 0,000229
договор 1,771957 0,000104
докладывал 3,912023 0,000229
доктор 1,714798 0,000100
докторантура 3,912023 0,000229
докторантуры 3,912023 0,000229
докторов 2,407946 0,000141
докторской 3,218876 0,000189
документов 0,653926 0,000153
документы 1,386294 0,000081
долгое 1,386294 0,000081
долгосрочный 3,218876 0,000189
долготой 0,941609 0,000055
долготы 1,832581 0,000215
должен 1,078810 0,000063
должна 0,544727 0,000128
должно 1,714798 0,000100
должности 1,771957 0,000104
должностных 3,506558 0,000205
должность 1,203973 0,000141
должны 1,021651 0,000060
доля 0,733969 0,000043
дом 0,562119 0,000362
дом-музей 1,660731 0,000195
дома 0,798508 0,000281
доме 1,427116 0,000167
домком 3,912023 0,000458
домов 1,078810 0,000126
дому 2,813411 0,000165
донецкий 3,218876 0,000189
дописана 3,912023 0,000229
дополнений 3,218876 0,000189
дополнительного 1,609438 0,000094
дополнительные -0,009950 -0,000001
доработал 3,912023 0,000229
дорог 0,891598 0,000052
дорога 0,798508 0,000140
дороге 1,427116 0,000084
дороги 0,713350 0,000125
дорожка 3,218876 0,000189
дорожками 3,506558 0,000205
дорожных 2,995732 0,000175
доска 2,995732 0,000175
доски 2,659260 0,000156
доской 3,506558 0,000205
досок 2,813411 0,000165
достаточно 0,820981 0,000096
достигает 1,347074 0,000158
достигаются 3,506558 0,000205
достигла 1,771957 0,000104
достигло 1,966113 0,000230
достопримечательностей 1,660731 0,000097
достопримечательности 1,049822 0,000123
доступ 1,203973 0,000141
доступен -0,009950 -0,000001
доступный 2,659260 0,000156
досуга 2,813411 0,000165
доходная 3,912023 0,000229
доцент 3,218876 0,001508
дошкольников 3,506558 0,000205
дошкольных 1,771957 0,000104
дошли 2,659260 0,000156
дракона 2,995732 0,000175
драматический 1,203973 0,000141
драматургии 2,813411 0,000165
драматургом 3,912023 0,000229
драмы 1,560648 0,000457
древлеправославная 3,912023 0,000458
древлеправославный 3,912023 0,000229
древнего 1,832581 0,000107
древний 1,660731 0,000097
древности 1,469676 0,000086
дробышев 3,912023 0,000229
друга 1,560648 0,000091
другая 1,897120 0,000222
другие 0,030459 0,000021
другим 0,733969 0,000086
другими 0,616186 0,000036
других -0,009950 -0,000003
другое 1,049822 0,000184
другом 1,514128 0,000089
дружеская 3,912023 0,000229
дружине 3,912023 0,000229
дубай 3,218876 0,000189
дубами 3,506558 0,000205
дублирующих 3,912023 0,000458
дубна 2,120264 0,000124
дубовка 2,040221 0,000120
дубрава 2,995732 0,000175
дума 1,108663 0,000779
думой 1,897120 0,000333
думу 2,040221 0,000717
думы 1,078810 0,001011
духи 3,506558 0,000205
духовницкое 2,120264 0,000124
дыбенко 3,506558 0,000411
дым 3,218876 0,000189
дыр-дыр 3,912023 0,000229
евангелическо-лютеранская 2,995732 0,000351
евгений 1,347074 0,000158
евгеньевич 2,659260 0,000156
евразийское 3,506558 0,000411
евреи 1,203973 0,000071
еврейская 0,843970 0,000148
еврейское 2,995732 0,000175
еврокомиссии 3,912023 0,000229
европе 0,916291 0,000322
европейское 3,218876 0,000189
европейской 0,891598 0,000104
европы 0,673345 0,000158
евросоюз 3,506558 0,000205
егором 3,506558 0,000205
единая 1,469676 0,000344
единиц 0,673345 0,000237
единицу 2,207275 0,000129
единицы 1,386294 0,000081
единоверию 3,912023 0,000229
единоверческой 3,506558 0,000205
единого 1,714798 0,000100
единственная 1,832581 0,000215
единственной 2,040221 0,000120
единственный 1,171183 0,000206
единую 2,525729 0,000148
единый 1,469676 0,000086
ежегодник 0,820981 0,000577
ежегодно 0,916291 0,000322
ежегодного 2,525729 0,000148
ежегодный 1,609438 0,000189
ежедневно 1,714798 0,000100
еженедельно 2,995732 0,000175
езды 3,218876 0,000189
екатерина 1,514128 0,000089
екатеринбург 0,843970 0,000148
екатеринбургом 3,218876 0,000189
екатерины 1,514128 0,000089
екино 3,912023 0,000458
ели 2,525729 0,000148
елкрас 3,912023 0,000229
елховский 3,506558 0,000205
елчанинова 3,912023 0,000229
емельяна 2,813411 0,000165
емельяну 3,912023 0,000229
емкостью 2,995732 0,000175
епархии 1,108663 0,000065
епархия 1,560648 0,000091
епископов 3,506558 0,000205
еремеевич 3,912023 0,000229
еро 3,506558 0,000205
ерошевского 3,912023 0,000229
ефимом 3,912023 0,000229
ефрона 0,328504 0,000058
жанна 3,912023 0,000229
жаркое 1,897120 0,000111
жби-поволжье 3,912023 0,000229
желающие 2,995732 0,000175
железная 1,171183 0,000206
железнодорожная 1,309333 0,000153
железнодорожников 2,120264 0,000248
железнодорожного 0,967584 0,000283
железнодорожной 1,347074 0,000237
железнодорожном 2,407946 0,000141
железнодорожные 1,272966 0,000149
железнодорожный 0,755023 0,000354
железнодорожным 1,771957 0,000104
железной 0,755023 0,000044
железные 1,771957 0,000104
железных 1,832581 0,000107
железобетонных 2,995732 0,000175
жена 3,506558 0,000205
женский 1,309333 0,000307
женских 1,966113 0,000115
женского 2,040221 0,000359
жертв 2,120264 0,000124
жетона 3,912023 0,000229
жибера 3,912023 0,000229
живописи 1,771957 0,000104
живописными 3,506558 0,000205
живописных 3,506558 0,000205
живописцев 2,995732 0,000175
животные 1,714798 0,000100
жигулевск 1,832581 0,000322
жигулевские 3,218876 0,000754
жигулевский 3,218876 0,000566
жигулевского 3,912023 0,000458
жигулевское 3,506558 0,000205
жигули 3,218876 0,000566
жизни 0,562119 0,000165
жизнь 0,693147 0,000041
жилищная 3,506558 0,000205
жилищник 3,912023 0,000229
жилищно-коммунальная 3,912023 0,000229
жилищного 2,207275 0,000259
жилищное 2,407946 0,000141
жилищный 2,995732 0,000351
жилой 1,560648 0,000366
жилые 1,347074 0,000079
жилых 1,237874 0,000218
жилье 2,120264 0,000124
жиромская 1,021651 0,000060
жителей 0,673345 0,000355
жители 1,049822 0,000061
житель 1,714798 0,000100
жителям 1,966113 0,000230
жителями 1,609438 0,000189
жкс 3,912023 0,000229
жкх 2,120264 0,000497
жозе 3,912023 0,000229
жукова 2,302585 0,000135
журнал 0,510826 0,000180
журналист 2,995732 0,000175
завальный 3,912023 0,000229
заведение 1,897120 0,000222
заведением 3,912023 0,000229
заведений 1,203973 0,000353
заведения 1,108663 0,000260
завершения 2,120264 0,000124
завершены 2,995732 0,000175
зависимостей 3,506558 0,000205
завод 0,798508 0,000608
завода 0,941609 0,000276
заводах 2,659260 0,000156
завоевание 2,995732 0,000175
заволжск 2,120264 0,000124
заволжье 2,040221 0,000120
завриев 3,912023 0,000229
заглавная -0,009950 -0,000001
заглавной 3,506558 0,000205
загородный 2,659260 0,000156
загрязнения 1,203973 0,000141
загрязненности 2,995732 0,000175
загрязненных 2,407946 0,000141
загрязнители 3,218876 0,000189
загрязняющих 1,660731 0,000292
задач 1,386294 0,000081
задачи 1,469676 0,000086
задействуются 3,912023 0,000229
задельное 3,912023 0,000229
задумка 3,912023 0,000229
зажжен 2,813411 0,000165
заказу 2,207275 0,000259
заканчивая 3,506558 0,000205
заключалось 3,506558 0,000205
заключительный 3,506558 0,000205
закон 0,616186 0,000144
законных 2,995732 0,000175
законодательство 2,407946 0,000141
законом 2,407946 0,000141
закреплено 3,218876 0,000189
закрыли 2,813411 0,000330
закрыт 1,386294 0,000162
закрыта 2,207275 0,000129
закрыты 1,966113 0,000230
закрытым 2,207275 0,000129
закрытыми 3,506558 0,000205
зал 1,021651 0,000060
залах 2,995732 0,000175
залегает 3,506558 0,000205
залов 1,771957 0,000104
заложен 1,832581 0,000107
заложения 3,506558 0,000205
залом 2,525729 0,000296
залы 1,469676 0,000172
замедление 3,912023 0,000229
заменен 2,813411 0,000330
заменить 0,562119 0,000066
заместитель 1,897120 0,000222
заместителя 2,659260 0,000156
заметил 3,218876 0,000189
заметки 2,302585 0,000270
замороженным 3,912023 0,000229
занимает 0,616186 0,000180
занимается 1,386294 0,000406
занимался 3,218876 0,000189
занимают 1,347074 0,000079
заново 1,897120 0,000222
занял 1,139434 0,000067
заняла 1,771957 0,000104
заняли 2,207275 0,000129
занятого 2,995732 0,000175
занятых 2,407946 0,000141
зао 1,514128 0,000177
западноевропейских 3,506558 0,000205
западноевропейской 3,218876 0,000189
западной 0,994252 0,000058
западный 1,560648 0,000183
западных 1,771957 0,000104
запасная 3,218876 0,000377
запасного 3,912023 0,000229
записал 2,995732 0,000175
записка 2,207275 0,000129
записках 2,659260 0,000312
записок 3,218876 0,000189
записываться 3,506558 0,000205
записьвойти -0,009950 -0,000001
заповедник 1,966113 0,000115
заповедников 2,995732 0,000175
заполненными 1,966113 0,000115
запуска 1,832581 0,000107
запустившим 3,912023 0,000229
запустил 2,659260 0,000156
запущен 1,386294 0,000162
заработная 2,040221 0,000478
заработной 2,995732 0,000175
зарегистрирована 2,040221 0,000120
зарегистрированный -0,009950 -0,000001
зарегистрированных 1,771957 0,000830
зарубежной 2,659260 0,000156
зарубежными 2,659260 0,000156
зарубежных 1,469676 0,000086
засамарка 3,912023 0,000229
заседание 2,302585 0,000135
заседании 1,771957 0,000104
засекин 3,506558 0,000205
засекина 3,912023 0,000458
засекину 3,506558 0,000205
заселения 2,659260 0,000156
застройка 1,272966 0,000224
застройке 2,120264 0,000248
застройки 1,021651 0,000120
застройку 2,207275 0,000129
засухина 3,912023 0,000229
засушливого 3,506558 0,000205
засушливый 2,659260 0,000156
затем 0,527633 0,000062
затон 1,560648 0,000091
захвачена 2,407946 0,000141
захоронений 2,407946 0,000423
захоронения 2,407946 0,000282
заштатный 3,912023 0,000229
защита 1,469676 0,000172
защиты 0,941609 0,000055
защищенный 3,912023 0,000229
заявила 2,813411 0,000165
заявление -0,009950 -0,000001
збекча 0,000000 0,000000
звание 1,049822 0,000369
звания 1,203973 0,000071
звезд 2,040221 0,000359
звезду 3,218876 0,000189
звенигово 2,120264 0,000124
звукозаписи 3,218876 0,000377
здание 0,776529 0,000637
зданием 1,660731 0,000097
здании 1,171183 0,000343
зданий 1,049822 0,000061
здания 0,867501 0,000152
зданиях 2,207275 0,000129
здравоохранение 0,941609 0,000165
здравоохранения 1,203973 0,000282
здравпунктов 3,912023 0,000229
зеленая 1,771957 0,000104
зеленодольск 1,237874 0,000145
зеленой 2,040221 0,000120
зеленые 2,120264 0,000124
зелеными 2,525729 0,000148
зеленых 1,347074 0,000079
земель 1,272966 0,000075
земли 0,634878 0,000074
земляной 3,218876 0,000189
земская 2,995732 0,000175
земский 2,813411 0,000165
зерном 3,218876 0,000189
зима 1,021651 0,000120
зимнего 1,966113 0,000115
зимний 1,660731 0,000097
зимних 1,897120 0,000111
зимой 0,713350 0,000209
зиу 2,525729 0,000444
златоуст 1,347074 0,000079
злые 3,912023 0,000229
знак -0,009950 -0,000001
знаменем 3,218876 0,000189
знамени 1,832581 0,000107
знаменитой 2,659260 0,000156
знаменитые 2,302585 0,000135
знаменитый 2,207275 0,000129
знамя 2,040221 0,000359
знаний 1,660731 0,000097
значение 0,314711 0,000055
значения 0,105361 0,000037
значилась 3,912023 0,000229
значимости 2,302585 0,000135
значимостивикипедия 2,813411 0,000165
значимость 2,525729 0,000148
значительная 1,609438 0,000094
значительно 0,510826 0,000030
значительный 1,347074 0,000079
зои 3,506558 0,000205
зоином 3,912023 0,000229
золотая 1,560648 0,000183
золотистыми 3,912023 0,000229
золотой 0,843970 0,000049
золотоордынская 3,506558 0,000205
зона 0,891598 0,000157
зоне 0,527633 0,000062
зоной 2,302585 0,000135
зоны 0,755023 0,000088
зоологический 2,407946 0,000282
зоологических 3,912023 0,000229
зоологического 3,506558 0,000205
зоология 3,506558 0,000205
зоопарк 1,771957 0,000208
зоопарка 2,302585 0,000135
зоя 3,912023 0,000229
зпон 3,912023 0,000229
зрения 1,272966 0,000149
зрителей 1,714798 0,000100
зрительных 3,506558 0,000205
зрительских 3,218876 0,000189
зрителя 1,427116 0,000084
зубцов 2,040221 0,000120
зубчаниновка 3,912023 0,000229
зубчаниновке 3,912023 0,000229
зураба 3,912023 0,000229
ибн 2,659260 0,000312
иван 0,843970 0,000198
ивана 1,078810 0,000190
иванов 1,560648 0,000091
иванович 1,560648 0,000183
ивановича 2,040221 0,000120
ивановичем 2,995732 0,000175
иваново 1,139434 0,000067
иваньковского 2,120264 0,000124
иверский 3,506558 0,000411
иверского 3,506558 0,000822
ига 3,218876 0,000189
игорь 1,714798 0,000100
игр 1,609438 0,000189
играх 2,302585 0,000135
игре 2,525729 0,000148
игры 1,203973 0,000353
идеи 1,714798 0,000201
идентификаторы 0,693147 0,000041
иегудил 3,912023 0,000229
ижевск 1,139434 0,000067
иза 3,218876 0,000377
избежавшего 3,912023 0,000229
избираемый 2,813411 0,000165
избран 1,386294 0,000325
избранным 3,218876 0,000189
известен 1,203973 0,000282
известие 3,506558 0,000205
известия 1,021651 0,000060
известного 1,609438 0,000094
известном 2,995732 0,000175
известны 1,309333 0,000153
известный 0,941609 0,000165
известными 2,120264 0,000248
известных 1,171183 0,000343
изд 0,314711 0,000037
издается 2,120264 0,000248
издал 2,813411 0,000330
издание 0,776529 0,000091
изданием 2,659260 0,000467
изданию 2,525729 0,000148
издания 1,049822 0,000246
изданиями 3,912023 0,000229
изданиях 2,525729 0,000296
издательский 1,514128 0,000177
издательство 0,510826 0,000180
изделий 1,309333 0,000153
излучину 3,912023 0,000458
изменений 1,272966 0,000075
изменения 0,562119 0,000066
изменениям 2,407946 0,000141
изменениями 1,427116 0,000084
измененное 3,912023 0,000229
измерения 2,207275 0,000129
измеряется 3,912023 0,000229
изображен 1,771957 0,000104
изображена 2,659260 0,000156
изображение 1,427116 0,000084
изображением 1,966113 0,000115
изображении 1,272966 0,000149
изображений 2,407946 0,000282
изображения 1,609438 0,000094
изобразительное 2,813411 0,000165
изрезанную 3,912023 0,000229
изучение 1,514128 0,000089
иисуса 2,407946 0,000282
илии 2,813411 0,000165
ильин 2,525729 0,000148
имеет 0,235722 0,000138
имеется 0,653926 0,000077
имел 1,469676 0,000086
имела 1,832581 0,000215
имели 1,386294 0,000244
имелось 2,207275 0,000129
имена 1,832581 0,000107
имени 0,462035 0,000920
именно 0,544727 0,000064
именных 3,506558 0,000205
именовать 2,813411 0,000165
имет 3,912023 0,000229
имеют 0,371064 0,000065
имеются 0,843970 0,000099
имеющая 2,525729 0,000148
имеющей 2,525729 0,000148
имеющим 2,525729 0,000148
имитирующий 3,912023 0,000229
император 1,771957 0,000104
императора 1,514128 0,000089
императорской 2,659260 0,000156
империи 0,733969 0,000215
имущества 2,525729 0,000148
имя 0,891598 0,000209
иначе 0,733969 0,000172
инвест 3,912023 0,000458
инвестиции 1,714798 0,000100
инвестиций 1,560648 0,000091
инвестиционная 3,218876 0,000189
инвестиционной 2,302585 0,000135
индекс 0,941609 0,000276
индивидуального 2,813411 0,000165
индустриально-педагогический 3,218876 0,000189
инженер 2,407946 0,000141
инженерная 2,995732 0,000175
инженерный 2,813411 0,000165
инженерных 2,302585 0,000135
инженеров 1,714798 0,000100
инициативе 1,427116 0,000084
инициативной 3,506558 0,000205
инициатором 2,995732 0,000175
инициировали 3,506558 0,000205
иного 2,525729 0,000148
иногородних 2,207275 0,000259
иностранной 3,218876 0,000189
иностранные 1,660731 0,000097
иностранных 1,203973 0,000423
иностранцев 2,040221 0,000120
институт 0,478036 0,000616
института 0,755023 0,000442
институтами 2,995732 0,000175
институтов 1,560648 0,000274
институтом 1,897120 0,000111
инструменты -0,009950 -0,000002
интегральный 3,218876 0,000189
интеграцию 3,506558 0,000205
интегрированию 3,912023 0,000229
интенсивное 2,120264 0,000124
интерактивная 2,525729 0,000148
интервью 1,660731 0,000195
интересных 2,659260 0,000156
интересов 2,407946 0,000141
интересы 2,207275 0,000259
интернационала 2,995732 0,000175
интернет 0,916291 0,000107
интерпретации 2,813411 0,000165
интерьер 2,995732 0,000175
инфляции 2,813411 0,000165
инфолада 3,506558 0,000205
информатике 2,995732 0,000175
информатики 1,714798 0,000502
информацией 1,714798 0,000100
информации 0,446287 0,000157
информационное 1,469676 0,000258
информационной 2,207275 0,000388
информационный 1,427116 0,000084
информационным 2,995732 0,000351
информация 0,446287 0,000183
инфраструктура 1,347074 0,000079
инфраструктуры 1,272966 0,000149
иным 2,525729 0,000148
инюшкин 3,912023 0,000229
иоаннович 3,912023 0,000229
иоанновича 3,506558 0,000411
иосиф 2,407946 0,000141
иркутск 1,171183 0,000069
ирон 0,000000 0,000000
исаклинский 3,506558 0,000205
исключениями 3,506558 0,000205
исключительно 1,272966 0,000075
ископаемых 1,714798 0,000201
искра-амонд 3,912023 0,000229
искупаться 3,506558 0,000411
искусств 0,916291 0,000161
искусства 0,733969 0,000129
искусственный 2,207275 0,000129
искусство 0,994252 0,000116
искусству 2,995732 0,000175
ислам 1,427116 0,000251
исои 3,912023 0,000229
исполнена 3,506558 0,000205
исполнении 1,560648 0,000640
исполнители 2,813411 0,000165
исполнительно-распорядительным 2,995732 0,000175
исполнительную 2,302585 0,000135
исполнительные 2,525729 0,000148
исполнителя 2,995732 0,000175
исполнить 3,506558 0,000205
исполнявший 3,218876 0,000189
исполняет 2,407946 0,000141
исполняющим 2,040221 0,000120
использования -0,009950 -0,000001
использованная 3,912023 0,000458
использовать 1,171183 0,000069
использует 1,514128 0,000089
используется 0,616186 0,000036
используют 1,309333 0,000077
использующие 0,040822 0,000007
испытаний 3,218876 0,000377
исследований 0,941609 0,000165
исследования 0,733969 0,000129
исследованиям 2,040221 0,000120
исследованиями 2,407946 0,000141
исследовательский 1,771957 0,000104
исток 1,469676 0,000086
истока 1,021651 0,000060
истории 0,248461 0,000218
историко-краеведческий 2,407946 0,000564
историческая 1,237874 0,000073
исторические 0,941609 0,000110
исторический 0,653926 0,000153
исторических 1,139434 0,000200
исторического 1,049822 0,000061
историческое 1,660731 0,000097
исторической 1,171183 0,000069
историческом 1,771957 0,000208
история 0,051293 0,000105
источник -0,009950 -0,000006
источниками 0,776529 0,000136
источниках 1,386294 0,000406
источникевикипедия 2,302585 0,000135
источники 0,415515 0,000341
источников 0,371064 0,000239
источниковвикипедия 1,966113 0,000115
источником 1,660731 0,000097
исчерпан 3,912023 0,000229
исчислении 0,843970 0,000049
италии 1,966113 0,000115
италия 1,609438 0,000094
итогам 1,139434 0,000267
итоге 1,427116 0,000084
итоги 0,713350 0,000167
итогов 0,891598 0,000052
иудаизации 3,912023 0,000229
иудаизм 1,966113 0,000345
ишимбай 1,309333 0,000077
июле 0,967584 0,000170
июль 0,579818 0,000068
июля 0,116534 0,000375
июне 0,967584 0,000170
июнь 0,544727 0,000064
июня 0,116534 0,000191
йбышев 0,000000 0,000000
йбышевом 0,000000 0,000000
йошкар-ола 3,218876 0,000189
кабалевского 3,912023 0,000229
кабелей 3,912023 0,000229
кабельной 3,506558 0,000205
кабытов 3,506558 0,000411
кавалеров 3,506558 0,000205
кавказа 1,660731 0,000097
кавказских 3,218876 0,000189
кадр 3,218876 0,000189
кадрами 2,659260 0,000156
кадры 2,302585 0,000135
каждом 1,660731 0,000195
каждую 2,525729 0,000148
каждые 1,832581 0,000107
казаковъ 3,912023 0,000229
казани 1,771957 0,000104
казанская 2,120264 0,000124
казанского 1,660731 0,000292
казанской 1,469676 0,000086
казань 0,891598 0,000261
казарма 2,407946 0,000141
казармах 3,912023 0,000229
казахстан 1,469676 0,000258
казначейство 3,218876 0,000189
казначея 3,506558 0,000205
кайнозойских 3,912023 0,000229
какая-либо 3,218876 0,000189
калейдоскопе 3,912023 0,000229
калининграда 3,506558 0,000205
калининградом 2,813411 0,000165
калмыцкому 3,912023 0,000229
калязин 2,040221 0,000120
каменная 2,407946 0,000141
каменном 2,302585 0,000135
каменноугольных 3,506558 0,000205
каменск-уральский 1,347074 0,000079
камень 1,714798 0,000100
камерная 3,912023 0,000229
камское 1,966113 0,000115
камышин 2,120264 0,000124
камышлинский 3,506558 0,000205
канал 0,843970 0,000049
канала 1,771957 0,000104
канализированном 3,912023 0,000229
кандидатов 1,897120 0,000222
канон 3,218876 0,000189
канунами 3,912023 0,000229
канцлер 3,912023 0,000229
капа 3,506558 0,000616
капитал 1,966113 0,000230
капли 3,506558 0,000205
караван 3,218876 0,000377
кардиологический 2,659260 0,000156
карен 3,506558 0,000205
каркарьян 3,912023 0,000229
карнавал 3,218876 0,000189
карнавальное 3,912023 0,000229
каро 2,813411 0,000165
карпушкин 3,912023 0,000229
карта 0,776529 0,000091
картами 0,562119 0,000033
картах 2,040221 0,000120
карте 1,108663 0,000195
картин 2,659260 0,000156
картографической 3,506558 0,000205
карточкивикипедия 1,309333 0,000077
карту 2,302585 0,000135
карты 0,941609 0,000165
карусель 1,832581 0,000107
карьеру 3,218876 0,000189
каспийск 1,272966 0,000075
каспийского 1,897120 0,000111
каталанская 0,527633 0,000031
каталог 1,609438 0,000094
каталогах 0,094311 0,000006
катание 3,218876 0,000189
катанию 2,659260 0,000156
катапультируемые 3,912023 0,000229
категории -0,009950 -0,000001
категорий 1,966113 0,000115
категория 0,916291 0,000161
католик 3,912023 0,000229
католики 2,407946 0,000141
католицизм 2,207275 0,000259
католические 2,813411 0,000165
католической 2,525729 0,000148
катэк 3,912023 0,000229
кафе 1,609438 0,000566
кафедра 2,525729 0,000148
кафедральный 1,021651 0,000239
кафедры 2,407946 0,000282
каховская 3,912023 0,000229
качества 1,078810 0,000190
качестве 0,478036 0,000084
качественных 3,506558 0,000205
качество 1,309333 0,000153
кбшжд 3,506558 0,000205
квалификации 2,407946 0,000141
квартале 2,407946 0,000141
квартальная 3,506558 0,000205
квартир 2,813411 0,000330
квасом 3,912023 0,000229
кемерово 1,237874 0,000073
керамика 2,995732 0,000175
киамиль 3,912023 0,000229
кибернетика 2,813411 0,000165
киев 1,560648 0,000183
кимры 2,120264 0,000124
кинель 3,506558 0,000411
кинель-черкасский 3,506558 0,000205
кинельский 3,506558 0,000205
кинешма 2,120264 0,000124
кино 0,994252 0,000116
киноклуб 2,995732 0,000526
кинолекционный 3,912023 0,000229
киномакс 2,120264 0,000248
кинотеатр 1,108663 0,000390
кинотеатра 1,771957 0,000208
кинотеатров 1,237874 0,000218
кинотеатры 1,078810 0,000379
кипр 2,813411 0,000165
кипт 3,912023 0,000229
киргизскому 3,912023 0,000229
кирилл 2,302585 0,000135
кириллу 3,506558 0,000205
киркомбинат 3,912023 0,000229
киров 1,309333 0,000077
кирова 1,386294 0,000325
кировский 1,237874 0,000218
кировское 3,218876 0,000189
кировском 2,525729 0,000444
кирпичного 3,506558 0,000205
кирпичные 2,659260 0,000156
кирпичный 3,218876 0,000189
кирха 1,897120 0,000111
кирхи 2,813411 0,000165
кирху 0,000000 0,000000
кирюхин 3,912023 0,000229
кирюхина 3,912023 0,000229
китай 0,867501 0,000102
кладбищ 1,966113 0,000230
кладбища 1,560648 0,000366
кладбище 1,347074 0,000473
клапанов 3,506558 0,000205
класса 1,203973 0,000071
классики 3,506558 0,000205
классическая 2,120264 0,000124
классической 1,609438 0,000094
классов 1,660731 0,000097
кластер 2,525729 0,000296
клейнерман 3,912023 0,000229
климат 0,494296 0,000203
климата 0,733969 0,000129
клиники 2,659260 0,000156
клиническая 1,714798 0,000603
клинические 3,218876 0,000189
клинический 2,207275 0,000259
клинических 3,218876 0,000189
клодта 3,506558 0,000205
клуб 0,916291 0,000429
клуба 1,660731 0,000097
клубах 3,218876 0,000189
клубе 2,813411 0,000165
клубных 2,995732 0,000175
клубу 3,912023 0,000229
клубы 1,108663 0,000325
клыков 2,995732 0,000175
клявлинский 3,506558 0,000205
кмволгоград 2,659260 0,000156
кмказань 2,040221 0,000120
кмнабережные 2,995732 0,000175
кмнижнекамск 2,995732 0,000175
кморск 3,506558 0,000205
кмсаранск 3,506558 0,000205
кмульяновск 3,218876 0,000189
кмуфа 2,407946 0,000141
кмчелябинск 2,407946 0,000141
книг 1,660731 0,000097
книге 1,309333 0,000077
книги 0,916291 0,000054
книгу 1,514128 0,000089
книжное 1,078810 0,000126
кнпз 3,912023 0,000229
князей 2,525729 0,000148
князь 1,771957 0,000208
князю 2,207275 0,000129
князя 1,139434 0,000267
код -0,009950 -0,000059
кода 0,798508 0,000047
кодекс -0,009950 -0,000001
кодистория 0,116534 0,000007
кодом 2,040221 0,000239
коек 2,040221 0,000598
кожами 3,912023 0,000229
кожевниковым 3,912023 0,000229
коза 3,506558 0,000411
козелки 3,912023 0,000687
козино 2,120264 0,000124
козлов 2,659260 0,000156
козлова 2,813411 0,000165
козловка 2,120264 0,000124
козлову 3,912023 0,000458
козы 3,912023 0,000458
козьем 3,912023 0,000229
козьмодемьянск 2,120264 0,000124
койками 3,912023 0,000229
количества 0,941609 0,000055
количество 0,328504 0,000154
количеством 1,514128 0,000089
количествомаршрутов 3,912023 0,000229
количеству 1,309333 0,000077
коллегии 2,995732 0,000175
колледж 1,386294 0,001218
коллективный 3,218876 0,000189
коллективы 2,120264 0,000124
коллекции 1,560648 0,000274
коллекций 2,813411 0,000165
коллекцию 2,995732 0,000175
коллекция 1,714798 0,000100
колодцы 3,912023 0,000229
коломна 1,272966 0,000075
колониальными 3,912023 0,000229
колыбель 3,218876 0,000189
команд 1,660731 0,000097
команда 1,272966 0,000149
командного 2,995732 0,000351
командованием 1,771957 0,000104
комедии 2,040221 0,000120
комикомикыргызча 0,000000 0,000000
комиссаров 2,659260 0,000156
комиссией 2,120264 0,000124
комиссии 1,309333 0,000077
комитет 0,755023 0,000177
комитета 1,203973 0,000353
комитету 2,813411 0,000330
комитеты 2,995732 0,000175
комм 2,995732 0,000702
коммеморации 3,506558 0,000205
комментарии 1,386294 0,000162
коммерсантъ 1,139434 0,000067
коммерческие 2,407946 0,000141
коммерческими 2,995732 0,000175
коммерческих 1,714798 0,000201
коммуна 2,813411 0,001154
коммунальник 3,912023 0,000229
коммунальное 2,813411 0,000165
коммуникации 2,302585 0,000135
коммуникаций 2,207275 0,000129
компании 0,579818 0,000068
компаний 0,967584 0,000057
компания 0,653926 0,000268
компетенции 2,995732 0,000175
компетенцию 3,912023 0,000229
комплекс 0,653926 0,000268
комплекса 1,272966 0,000224
комплексная 2,659260 0,000156
комплексную 3,912023 0,000229
комплексом 1,966113 0,000115
комплексы 1,514128 0,000089
композитора 2,995732 0,000175
композиция 2,040221 0,000120
комсомольск-на-амуре 1,203973 0,000071
комсомольская 1,171183 0,000343
комстар 3,506558 0,000205
комучевской 3,912023 0,000229
комучу 3,912023 0,000229
комфортабельными 3,912023 0,000229
конаково 2,120264 0,000124
конверсии 3,506558 0,000616
кондитерская 2,040221 0,000120
конец 0,798508 0,000047
конка 3,506558 0,000205
конки 3,218876 0,000189
конкретизациивикипедия 1,714798 0,000100
конкурс 1,832581 0,000107
конкурсе 2,407946 0,000141
конкурсного 3,218876 0,000189
конкурсной 2,525729 0,000296
конкурсных 3,912023 0,000229
конкурсов 2,407946 0,000282
коноваленко 3,912023 0,000229
константин 1,560648 0,000183
константинова 3,912023 0,000458
константиновский 1,966113 0,000115
константином 3,506558 0,000205
конструктор 2,525729 0,000296
конструкторов 3,218876 0,000189
конструкторского 3,912023 0,000229
конструктору 3,912023 0,000458
конструкций 2,207275 0,000129
консульским 3,912023 0,000229
консульства 2,120264 0,000248
консульство 1,966113 0,000345
контексте 1,560648 0,000183
континентального 1,832581 0,000107
континентальный 0,776529 0,000091
контора 2,525729 0,000148
контору 3,506558 0,000205
контракты 2,659260 0,000156
контрастов 3,912023 0,000229
контролировать 2,995732 0,000175
контроль 1,427116 0,000084
контрольные 3,506558 0,000205
контрольных 2,995732 0,000175
контроля 1,560648 0,000091
конференции 1,139434 0,000133
конфиденциальности -0,009950 -0,000001
конца 0,562119 0,000165
конце 0,430783 0,000202
концерт 3,506558 0,000411
концерте 3,912023 0,000229
концертную 3,218876 0,000189
концертные 2,040221 0,000239
концертных 2,407946 0,000141
концерты 2,120264 0,000248
концу 0,994252 0,000349
коньках 2,995732 0,000175
конькобежному 2,995732 0,000175
кооперативом 3,912023 0,000229
координаты 1,469676 0,000172
координацией 3,912023 0,000229
координация 3,506558 0,000205
копер 3,912023 0,000458
копии 0,653926 0,000077
коровкиной 3,912023 0,000229
королев 2,407946 0,000141
королева 2,207275 0,000646
короной 2,207275 0,000129
короны 3,506558 0,000205
короткие 2,302585 0,000270
короткий -0,009950 -0,000001
корпус 1,272966 0,000149
корпуса 1,560648 0,000091
коррекции 3,218876 0,000189
корчева 2,040221 0,000120
косицин 3,912023 0,000229
космическая 2,525729 0,000444
космический 2,813411 0,000330
космической 2,120264 0,000745
космонавт 2,407946 0,000141
космонавта 2,813411 0,000165
космонавтики 2,207275 0,000388
космонавтов 2,040221 0,000120
космонавты 3,218876 0,000189
космопорт 3,912023 0,000458
космос 1,897120 0,000444
космосе 3,218876 0,000189
костела 2,995732 0,000351
костеле 3,912023 0,000229
кострома 1,171183 0,000137
которая 0,287682 0,000084
которого 0,301105 0,000176
которое 0,478036 0,000056
которой 0,174353 0,000071
котором 0,301105 0,000106
которому 0,843970 0,000148
которую 0,867501 0,000051
которые 0,162519 0,000095
который 0,105361 0,000074
которым 0,798508 0,000094
которых 0,094311 0,000110
кофемолка 3,912023 0,000229
кочевников 2,120264 0,000124
кочкина 3,506558 0,000205
кошкинский 3,506558 0,000205
кпрф 2,207275 0,000259
кпсс 1,832581 0,000107
кравец 1,386294 0,000081
крае 1,514128 0,000089
краеведения 2,659260 0,000156
краеведческих 2,659260 0,000156
краеведческой 3,218876 0,000189
край 0,891598 0,000104
крайнего 3,218876 0,000189
красивых 2,525729 0,000148
красная 1,108663 0,000390
красноармейская 3,506558 0,000205
красноармейский 2,040221 0,000120
красноармейца 3,912023 0,000229
красноглинский 3,912023 0,000917
красноглинского 3,912023 0,000458
красноглинском 3,912023 0,000458
краснодар 1,386294 0,000081
красное-на-волге 2,120264 0,000124
красной 0,967584 0,000170
краснослободск 2,120264 0,000124
красноярск 0,967584 0,000113
красноярский 2,207275 0,000129
красные 1,660731 0,000389
красный 0,941609 0,000110
крат 3,218876 0,000189
краткая 0,967584 0,000113
кратчайшие 2,813411 0,000165
крафт 3,912023 0,000458
края 0,713350 0,000125
краям 2,995732 0,000175
крепости 1,203973 0,000776
крепость 1,078810 0,000379
крепостью 2,813411 0,000165
кресла 3,912023 0,000458
крест 2,120264 0,000248
крестьянский 3,506558 0,000205
крестьянских 2,040221 0,000239
кривенцов 3,912023 0,000229
кризис 1,897120 0,000111
кристаллический 3,506558 0,000205
критического 2,813411 0,000165
крови 1,966113 0,000115
кроме 0,235722 0,000041
кромки 3,506558 0,000411
кросс 3,912023 0,000229
круг 2,207275 0,000129
круизы 2,995732 0,000175
крупнейшая 1,347074 0,000079
крупнейшие 0,776529 0,000045
крупнейший 0,755023 0,000088
крупнейшим 1,203973 0,000282
крупнейших 0,634878 0,000446
крупнейшую 3,506558 0,000205
крупного 1,560648 0,000091
крупной 1,897120 0,000111
крупные 0,579818 0,000204
крупный 0,798508 0,000140
крупным 1,021651 0,000180
крупными 1,309333 0,000077
крупных 0,494296 0,000116
круто 3,506558 0,000205
крутую 3,912023 0,000229
крылья 2,525729 0,001184
крыльях 2,995732 0,000175
крыма 0,843970 0,000049
кряж 3,218876 0,000566
ксв 2,302585 0,000135
ксения 2,659260 0,000156
кстово 2,040221 0,000120
кубка 1,347074 0,000631
кувшин 3,912023 0,000458
кузнецов 1,714798 0,000201
кузнецова 2,040221 0,000120
куйбышев 2,659260 0,002648
куйбышев-на-волге 3,912023 0,000229
куйбышева 2,207275 0,002715
куйбышевагорода 3,912023 0,000229
куйбышеве 3,506558 0,000822
куйбышевкабель 3,912023 0,000229
куйбышевская 3,506558 0,000205
куйбышевский 1,771957 0,001038
куйбышевским 3,218876 0,000189
куйбышевских 3,912023 0,000229
куйбышевского 2,525729 0,000592
куйбышевское 2,813411 0,000824
куйбышевской 2,813411 0,000659
куйбышевском 3,218876 0,000189
куйбышевскую 3,912023 0,000229
куйбышеву 3,912023 0,000229
куки -0,009950 -0,000001
культовые 2,407946 0,000282
культур 1,309333 0,000230
культура 0,653926 0,000115
культурами 3,506558 0,000205
культурно-досугового 3,218876 0,000189
культурно-досуговой 3,912023 0,000229
культурно-массовые 3,218876 0,000189
культурно-рекреационные 3,912023 0,000229
культурного 0,916291 0,000268
культурной 2,207275 0,000129
культурном 2,120264 0,000248
культурный 1,108663 0,000065
культурным 2,120264 0,000248
культурных 1,347074 0,000158
культуры 0,462035 0,000460
купец 1,832581 0,000107
купца 1,560648 0,000091
купцов 2,302585 0,000135
купцом 3,912023 0,000229
купцы 1,832581 0,000107
курган 1,237874 0,000073
курлиной 3,912023 0,000458
курс 1,347074 0,000079
курумоч 3,218876 0,000943
курьер 2,659260 0,000156
кутякова 3,912023 0,000458
кучер 3,912023 0,000229
кушнерев 2,995732 0,000175
кушнир 3,912023 0,000458
кушнира 3,912023 0,000229
лаборатории 2,525729 0,000148
лавках 3,506558 0,000205
лавочки 3,506558 0,000205
лагеря 2,302585 0,000135
ладья 3,506558 0,000616
лазерной 3,218876 0,000377
лазерных 3,912023 0,000229
лазуревом 3,506558 0,000205
лангбард 3,912023 0,000229
ларусса 1,078810 0,000063
лат 1,771957 0,000104
лауреат 2,040221 0,000120
лаушкина 3,912023 0,000229
леан 3,912023 0,000458
лебедева 2,995732 0,000351
лев 1,832581 0,000107
левашов 1,660731 0,000097
левом 1,309333 0,000153
легенда 2,407946 0,000423
легендам 3,506558 0,000205
легенду 2,995732 0,000175
легенды 2,207275 0,000388
легкой 1,771957 0,000104
ледокол 2,659260 0,000156
лежат 2,407946 0,000141
лейканд 3,912023 0,000229
лена 2,659260 0,000156
ленин 2,207275 0,000129
ленина 0,867501 0,000254
ленинагорода 2,120264 0,000124
ленинградская 2,659260 0,000156
ленинградским 3,912023 0,000229
ленинградской 2,525729 0,000148
ленинск-кузнецкий 1,347074 0,000079
ленинский 1,078810 0,000126
ленинском 2,302585 0,000405
лента 1,560648 0,000183
лесной 1,272966 0,000075
лесов 1,469676 0,000086
лесопарк 2,302585 0,000135
лесопарка 2,813411 0,000165
лесопарковая 3,506558 0,000205
лет 0,223144 0,000209
лета 1,897120 0,000111
летательных 3,912023 0,000229
летию 1,078810 0,000063
летия 1,108663 0,000455
летнего 1,771957 0,000104
летней 2,120264 0,000124
летние 1,714798 0,000100
летний 1,108663 0,000065
летних 2,120264 0,000248
лето 0,891598 0,000052
летоисчислению 3,912023 0,000229
летом 0,597837 0,000140
летописец 3,218876 0,000566
летучий 3,912023 0,000229
летчиков 2,525729 0,000148
лечилась 3,912023 0,000229
либо 0,000000 0,000000
лига 1,897120 0,000111
лидерами 2,302585 0,000135
лидеров 1,966113 0,000115
лидерские 3,912023 0,000229
лидирующие 2,659260 0,000156
ликвидированных 3,506558 0,000205
лингвист 3,218876 0,000189
линии 0,755023 0,000133
линий 1,309333 0,000077
линия 0,891598 0,000157
лирики 3,506558 0,000616
листе 3,218876 0,000189
литвинова 3,506558 0,000411
литература 0,061875 0,000018
литературе 1,514128 0,000089
литературы 1,078810 0,000126
лиц 1,427116 0,000084
лица 1,272966 0,000075
лицам 2,995732 0,000175
лицевой 2,813411 0,000165
лицеев 1,771957 0,000104
лицензии -0,009950 -0,000001
лицензий 2,813411 0,000165
лицензированием 3,912023 0,000229
лицензию 2,659260 0,000156
лично 2,302585 0,000135
личные 1,966113 0,000115
лишен 2,525729 0,000148
лишь 0,478036 0,000056
лодки 2,407946 0,000141
локальное 1,108663 0,000065
локомотив 1,771957 0,000104
лошадьми 3,506558 0,000205
лошадях 3,912023 0,000229
луганск 1,203973 0,000071
лук 3,218876 0,000189
лука 2,659260 0,000312
луки 2,207275 0,000388
луку 3,912023 0,000229
лучшая 2,995732 0,000175
лучшим 1,514128 0,000089
лучших 1,049822 0,000184
лыжах 3,218876 0,000189
лыжня 3,506558 0,000205
лысково 2,040221 0,000120
лысьва 1,347074 0,000079
льва 1,966113 0,000345
львович 2,995732 0,000175
льгот 3,218876 0,000189
льшая 0,000000 0,000000
лэнд 3,506558 0,000205
людейрайонные 3,912023 0,000229
люди 0,755023 0,000177
людмила 2,207275 0,000259
лютеранская 1,897120 0,000111
лютеранской 3,218876 0,000189
ляпиной 3,912023 0,000229
м-н 0,000000 0,000000
мавританском 3,506558 0,000205
магадан 1,237874 0,000073
магазин 1,897120 0,000111
магазина 2,407946 0,000282
магдеев 3,912023 0,000229
магистрали 1,078810 0,000063
магистрат 3,218876 0,000189
магнит 1,714798 0,000100
магнитоальбомов 3,912023 0,000458
магнитогорск 1,272966 0,000149
мае 0,867501 0,000203
маи 3,912023 0,000229
маисс 3,912023 0,000229
май 0,597837 0,000070
майкл 2,407946 0,000141
майна 2,040221 0,000120
макаров 2,207275 0,000129
макарьево 2,120264 0,000124
македонскимонгол 0,000000 0,000000
макеты 3,912023 0,000229
макс 2,120264 0,000124
максим 1,560648 0,000183
максима 2,120264 0,000248
максимальное 2,659260 0,000156
максимальной 2,207275 0,000129
максимум 0,733969 0,000086
максимумы 3,506558 0,000205
максу 3,912023 0,000229
малой 1,514128 0,000177
малоэтажный 3,506558 0,000205
малый 0,371064 0,000022
малых 1,309333 0,000077
манизер 3,218876 0,000377
мануфактурными 3,912023 0,000229
мануэль 3,912023 0,000229
мар 2,120264 0,000124
маргарита 3,506558 0,000205
марджани 3,218876 0,000189
марии 2,040221 0,000120
мариинский 1,897120 0,000111
марий 2,525729 0,000148
марка 0,867501 0,000051
марковцы 3,912023 0,000229
маркс 1,897120 0,000111
март 0,616186 0,000072
марта 0,139262 0,000286
марте 0,967584 0,000170
маршал 2,995732 0,000175
маршами 3,912023 0,000229
маршрут 1,272966 0,000075
маршрута 1,469676 0,000172
маршруте 2,407946 0,000141
маршрутное 2,120264 0,000124
маршрутные 2,302585 0,000270
маршрутов 0,967584 0,000340
маршрутом 3,912023 0,000229
маршруты 1,272966 0,000149
масленникова 3,506558 0,000411
массивов 1,966113 0,000115
массовой 0,916291 0,000107
массовые 2,207275 0,000129
массовых 1,832581 0,000107
массы 2,040221 0,000120
мастеров 1,897120 0,000111
мастерская 2,525729 0,000592
мастерские 2,120264 0,000124
мастрюковских 3,912023 0,000458
матвеев 2,040221 0,000239
матвеевич 3,218876 0,000189
матвей 3,218876 0,000377
математике 2,659260 0,000156
математический 2,995732 0,000175
матери-родине 3,912023 0,000229
материал -0,009950 -0,000001
материалов 0,755023 0,000221
материаловедению 3,912023 0,000229
материаловедения 3,218876 0,000189
материалы 0,843970 0,000049
материальной 2,995732 0,000175
матчи 1,832581 0,000429
матякин 3,912023 0,000229
мачнева 3,912023 0,000229
машин 1,139434 0,000534
машиноведения 3,912023 0,000229
машиностроению 3,506558 0,000205
машиностроения 1,469676 0,000344
машиностроительной 2,995732 0,000175
машиностроительный 1,897120 0,000111
машиностроительных 2,995732 0,000175
машины 1,514128 0,000089
мая 0,139262 0,000392
мба 3,912023 0,000229
мв-самара 3,912023 0,000458
мега 2,995732 0,000351
мегаполис 2,302585 0,000135
мегаполисов 2,813411 0,000165
мегафон 1,237874 0,000435
медиафайлы 0,301105 0,000018
медико-санитарных 3,912023 0,000229
медико-социальный 3,912023 0,000229
медицинская 2,040221 0,000120
медицинский 0,891598 0,000209
медицинским 3,218876 0,000189
медицинских 1,427116 0,000251
медицинского 1,714798 0,000201
медицинской 1,514128 0,000266
медленно 2,120264 0,000124
межвузовская 3,912023 0,000458
межвузовский 2,659260 0,000156
междугородние 3,218876 0,000189
междугородное 2,407946 0,000141
междугородный 2,207275 0,000259
междугородным 3,506558 0,000205
международная 1,309333 0,000077
международно 1,139434 0,000067
международного 0,733969 0,000129
международное 1,714798 0,000201
международной 1,203973 0,000071
международные 0,941609 0,000276
международный 0,713350 0,000251
международным 1,966113 0,000115
международных 0,967584 0,000170
мелкие 1,966113 0,000230
мелкого 3,218876 0,000189
мелкорозничной 3,506558 0,000205
мельников 2,207275 0,000129
мемориал 1,609438 0,000094
мемориалы 2,995732 0,000175
мемориального 3,218876 0,000189
мемориальный 1,469676 0,000086
мемориальных 2,302585 0,000135
менее 0,314711 0,000037
меньше 0,755023 0,000088
меньшевикам 3,912023 0,000229
мер 2,040221 0,000120
меридианном 3,912023 0,000229
меркель 3,218876 0,000189
меркулов 3,506558 0,000205
меркулова 3,218876 0,000189
мероприятия 1,272966 0,000298
мест 0,713350 0,000585
места 0,579818 0,000136
месте 0,544727 0,000191
местного 0,941609 0,000110
местной 1,832581 0,000107
местности 1,427116 0,000167
местность 1,660731 0,000292
местные 1,049822 0,000246
местный 2,207275 0,000259
местным 2,659260 0,000156
местных 1,108663 0,000195
место 0,371064 0,000196
месяц 1,272966 0,000075
месяца 1,347074 0,000158
месяцев 1,171183 0,000137
месяцевикипедия 0,776529 0,000045
металла 2,302585 0,000135
металлист 2,813411 0,000165
металлист-самара 3,912023 0,000229
металлических 1,966113 0,000115
металлообработки 2,813411 0,000494
металлург 2,659260 0,000312
металлургии 2,040221 0,000239
металлургический 2,407946 0,000282
металлургических 3,218876 0,000189
металлургическое 2,207275 0,000129
металлургической 2,525729 0,000296
металлургов 2,813411 0,000330
метафест 3,912023 0,000229
метеоцентр 3,912023 0,000229
методических 3,912023 0,000229
методов 1,832581 0,000107
метро 1,272966 0,000373
метров 0,776529 0,000091
метровая 2,525729 0,000148
метровом 3,506558 0,000205
метровым 3,506558 0,000205
метрологии 3,912023 0,000229
метрополитен 1,966113 0,000806
метрополитена 1,660731 0,000097
мефодию 3,506558 0,000205
механико-технологический 3,506558 0,000205
мехзавод 3,912023 0,000229
меценатам-купцам 3,912023 0,000229
мечети 1,560648 0,000274
мечеть 1,078810 0,000253
мечетьлютеранский 3,912023 0,000229
мешок 3,218876 0,000377
миасс 1,309333 0,000077
миграционный 2,207275 0,000259
микаберидзе 3,912023 0,000229
микроавтобусами 3,912023 0,000229
микроавтобусы 3,506558 0,000205
микрорайон 1,660731 0,000097
микрорайоне 1,771957 0,000104
микрорайонов 2,040221 0,000120
микрорайоны 1,609438 0,000189
миллиардов 2,302585 0,000135
миллиона 1,386294 0,000081
миллионный 2,120264 0,000124
милон 3,912023 0,000229
минаева 3,506558 0,000205
мини-магазинов 3,912023 0,000229
мини-футбольный 2,207275 0,000129
минимальных 3,506558 0,000411
минимум 0,693147 0,000122
министерства 0,891598 0,000104
министерство 1,108663 0,000195
министерством 1,609438 0,000094
минобороны 3,218876 0,000189
мир 0,342490 0,000020
мира 0,415515 0,000243
мире 0,494296 0,000029
мирным 2,995732 0,000175
мировая 1,897120 0,000111
мировое 2,995732 0,000175
мировые 2,407946 0,000141
миссури 3,912023 0,000229
митингам 3,912023 0,000229
митлин 3,912023 0,000229
митлина 3,912023 0,000229
михаил 0,916291 0,000322
михаила 1,171183 0,000137
михайлович 1,386294 0,000162
михайловна 3,218876 0,000189
мичурина 3,218876 0,000189
мичуринский 3,218876 0,000189
мкр 3,218876 0,000377
млн 0,462035 0,000189
млрд 0,820981 0,000240
мнению 0,967584 0,000057
многие 0,356675 0,000063
многим 1,897120 0,000111
многих 0,494296 0,000116
многоконфессиональный 2,995732 0,000175
многократный 2,525729 0,000296
многолетними 3,912023 0,000229
многомерных 3,912023 0,000229
многотысячной 3,912023 0,000229
многофигурный 3,912023 0,000229
многочисленные 1,139434 0,000067
многочисленных 1,560648 0,000274
многоэтажные 2,813411 0,000165
множество 0,597837 0,000140
мобильная -0,009950 -0,000001
мобильного 2,207275 0,000129
мобильной 2,525729 0,000296
мобильные 2,207275 0,000129
могилев 2,525729 0,000296
могли 1,514128 0,000089
могут -0,009950 -0,000001
моделей 2,207275 0,000129
модели 1,171183 0,000137
модерн 2,040221 0,000239
модерна 2,207275 0,000129
модерну 2,995732 0,000175
модеста 3,912023 0,000229
модификации 2,525729 0,000148
модулем 1,021651 0,000120
модуль 0,941609 0,000055
можете 0,653926 0,000153
мозаичные 3,506558 0,000205
мозаичными 3,912023 0,000229
моленной 3,506558 0,000205
молитвенные 3,912023 0,000229
молл 2,525729 0,000148
молния 2,813411 0,000165
молога 2,120264 0,000124
молодежи 1,469676 0,000603
молодежные 2,659260 0,000467
молодежный 1,309333 0,000077
молодежным 3,912023 0,000229
молодежных 2,302585 0,000135
молодогвардейская 3,912023 0,000229
молодость 2,995732 0,000351
молодых 1,660731 0,000195
молчатский 3,912023 0,000229
момент 0,597837 0,000315
момента 1,469676 0,000172
монастырь 1,139434 0,000133
монастырьхрам 3,912023 0,000229
монастыря 1,309333 0,000307
монахинями 3,912023 0,000458
монета 1,309333 0,000077
монету 2,040221 0,000120
монеты 2,207275 0,000129
мониторинг 1,832581 0,000107
мономаха 2,813411 0,000165
монтаж 3,506558 0,000205
монумент 1,560648 0,000366
монумента 2,302585 0,000270
монументы 2,525729 0,000444
мончегорск 1,347074 0,000079
моральной 3,912023 0,000229
моргун 3,912023 0,000229
мордва 1,309333 0,000230
море 1,049822 0,000061
морей 1,832581 0,000107
морж 3,912023 0,000229
мороженым 3,912023 0,000229
моря 0,579818 0,000102
москва 0,400478 0,000281
москвасамара 3,506558 0,000205
москве 1,171183 0,000069
москвой 1,237874 0,000145
москву 1,139434 0,000067
москвы 0,653926 0,000153
московская 1,609438 0,000094
московского 0,867501 0,000152
московское 1,347074 0,000316
московской 1,237874 0,000145
московском 2,120264 0,000124
мосты 1,427116 0,000084
мосфильм 2,995732 0,000175
мотивам 3,506558 0,000411
мотивировали 3,912023 0,000229
моторвагонное 3,912023 0,000229
моторостроительное 3,218876 0,000189
мочалова 3,912023 0,000687
мощный 2,207275 0,000129
мощных 2,995732 0,000175
мск 0,843970 0,000049
мская 0,000000 0,000000
мтл 3,912023 0,000229
мтс 1,237874 0,000363
мужчин 1,609438 0,000094
музее 1,771957 0,000104
музеев 1,309333 0,000307
музеем 1,966113 0,000115
музеи 0,820981 0,000144
музей 0,776529 0,001092
музей-усадьба 2,525729 0,000148
музейное 2,995732 0,000175
музейной 3,218876 0,000189
музейный 2,207275 0,000129
музея 1,021651 0,000479
музыка 1,347074 0,000079
музыкальное 2,207275 0,000129
музыкальный 1,469676 0,000344
музыкантами 3,218876 0,000189
музыку 2,302585 0,000135
мультимедийные 3,218876 0,000189
мультимедийный 2,813411 0,000165
мультиформатный 3,912023 0,000229
муниципального 0,891598 0,000366
муниципальное 1,139434 0,000133
муниципальной 1,966113 0,000115
муниципальном 2,659260 0,000156
муниципальному 2,995732 0,000351
муниципальные 1,309333 0,000307
муниципальный 1,386294 0,000406
муниципальным 0,776529 0,000682
муниципальными 1,660731 0,000195
муниципальных 0,776529 0,000455
муннибаев 3,912023 0,000229
мурзой 3,912023 0,000229
мусоргского 3,506558 0,000205
мусульмане 1,714798 0,000100
мышкин 2,120264 0,000124
мэра 1,347074 0,000079
мягкие 3,506558 0,000205
мягкий 2,813411 0,000494
мясокомбината 3,506558 0,000205
мячом 1,771957 0,000208
набегов 2,120264 0,000248
набережная 1,139434 0,000267
набережной 1,272966 0,000075
набережных 2,525729 0,000296
набилете 3,912023 0,000687
наблюдается 1,021651 0,000060
наблюдалась 2,995732 0,000175
наблюдений 1,386294 0,000081
навигации -0,009950 -0,000002
навигация -0,009950 -0,000002
наволоки 2,120264 0,000124
награды 0,867501 0,000102
награжден 1,514128 0,000266
награжденные 1,021651 0,000120
надежности 3,218876 0,000189
наделенное 3,912023 0,000229
надзору 2,207275 0,000129
надписи 2,659260 0,000156
надпись 2,207275 0,000129
назад 1,108663 0,000130
назван 1,078810 0,000063
название 0,198451 0,000128
названием 0,820981 0,000048
названия 0,342490 0,000120
названных 2,995732 0,000175
наземная 3,506558 0,000205
назначаемый 2,995732 0,000175
назначен 1,386294 0,000081
назначения 1,427116 0,000251
называвшиеся 2,813411 0,000165
называемой 2,040221 0,000120
называемых 2,040221 0,000120
называется 0,916291 0,000054
называли 1,347074 0,000079
назывались 1,897120 0,000111
назывался 1,347074 0,000158
наиболее 0,139262 0,000090
наибольшая 1,832581 0,000107
наибольшей 2,120264 0,000248
наибольшие 2,995732 0,000175
наивысшей 3,506558 0,000205
наименование 1,714798 0,000100
наименований 1,832581 0,000644
наименования 2,207275 0,000129
наличие 1,108663 0,000065
наличием 2,525729 0,000148
наличии 2,040221 0,000239
наличный 3,506558 0,000205
налоговую 3,506558 0,000205
намечено 3,912023 0,000229
нами -0,009950 -0,000001
нанесением 3,506558 0,000205
нанесены 3,506558 0,000205
нападений 2,659260 0,000156
напитками 3,912023 0,000229
напитки 2,207275 0,000129
наполова 3,912023 0,000229
напоминает 2,302585 0,000135
направление 1,203973 0,000071
направлением 2,120264 0,000124
направлении 1,108663 0,000065
направлению 2,040221 0,000120
направлениям 1,660731 0,000097
направлениями 2,525729 0,000148
например 0,328504 0,000038
напротив 1,237874 0,000145
наречиях 3,912023 0,000229
нариманов 2,120264 0,000124
народная 0,713350 0,000084
народного 1,171183 0,000137
народное 0,798508 0,000187
народной 1,966113 0,000345
народные 1,832581 0,000107
народный 1,469676 0,000344
народных 1,203973 0,000071
народов 0,798508 0,000047
народу 2,813411 0,000165
нарушения 2,813411 0,000165
нарушениями 2,995732 0,000175
наряду 1,078810 0,000063
насаждений 1,660731 0,000097
насаждениями 2,525729 0,000148
население 0,693147 0,000528
населением 0,776529 0,000182
населения 0,494296 0,001795
населениягод 0,000000 0,000000
населенные 0,673345 0,000158
населенных 0,693147 0,000528
наследие 1,347074 0,000158
наследия 0,820981 0,000096
настолько 1,897120 0,000111
настоящего 2,040221 0,000120
настоящее 0,328504 0,000212
настоящей 3,218876 0,000377
настоящему 2,120264 0,000124
наступает 0,916291 0,000054
насчитывает 1,347074 0,000158
насчитывается 1,427116 0,000502
насчитывала 3,506558 0,000205
насчитывало 3,506558 0,000205
насчитывалось 1,347074 0,000316
наталья 1,660731 0,000097
наук 0,693147 0,000284
наука 0,301105 0,000053
науки 0,820981 0,000240
наукой 2,207275 0,000129
научная 0,798508 0,000140
научно-инженерный 3,912023 0,000229
научно-исследовательский 1,237874 0,000363
научно-исследовательскими 3,218876 0,000189
научно-методической 3,912023 0,000229
научно-образовательный 0,967584 0,000057
научно-практической 2,207275 0,000129
научно-технических 3,506558 0,000411
научно-технической 2,407946 0,000141
научно-техническом 3,912023 0,000458
научно-учебным 3,912023 0,000229
научного 1,309333 0,000307
научное 0,891598 0,000052
научные 1,049822 0,000184
научный 0,941609 0,000276
научными 2,120264 0,000124
научных 0,776529 0,000227
находился 0,776529 0,000091
находится 0,328504 0,000154
находка 1,171183 0,000069
находятся 0,527633 0,000124
наций 3,218876 0,000189
национального 1,469676 0,000086
национальной 1,272966 0,000075
национальности 0,867501 0,000102
национальность 1,237874 0,000145
национальный 0,597837 0,000175
нацистской 3,218876 0,000189
начавшийся 3,506558 0,000205
начал 0,798508 0,000094
начала 0,314711 0,000184
началась 0,967584 0,000113
начале 0,314711 0,000074
начали 0,891598 0,000052
начались 1,660731 0,000097
начало 0,415515 0,000146
началом 1,171183 0,000069
началось 0,616186 0,000144
начальная 2,659260 0,000156
начального 1,832581 0,000107
начальные 2,659260 0,000156
начат 2,525729 0,000148
начато 1,469676 0,000086
начать 2,120264 0,000124
начиная 0,733969 0,000129
начисленная 2,302585 0,000270
начисленной 3,218876 0,000189
нашего 2,040221 0,000120
наши 1,609438 0,000094
наших 1,469676 0,000172
неавторитетном 2,525729 0,000148
неавторитетный 2,407946 0,000141
неблагополучный 3,912023 0,000229
небольшим 2,040221 0,000120
небольшой 1,427116 0,000167
невероятных 3,912023 0,000229
невская 2,813411 0,000165
негативных 2,813411 0,000165
недалека 3,912023 0,000229
недалеко 1,469676 0,000172
неделю 2,407946 0,000423
неделя 2,407946 0,000141
недостатков 0,653926 0,000038
недостроенной 3,912023 0,000229
недостроенных 3,506558 0,000205
недоступная 0,527633 0,000278
недоступные 0,755023 0,000044
недрах 3,506558 0,000205
незначительное 2,995732 0,000175
незначительный 3,506558 0,000205
нейштадт 3,912023 0,000229
некоммерческой -0,009950 -0,000001
некорректно 1,897120 0,000111
некоторое 1,771957 0,000104
некоторые 0,301105 0,000035
некоторых 0,494296 0,000058
некрасовским 3,912023 0,000229
некрасовское 2,120264 0,000124
некрасовской 3,912023 0,000229
нем 0,356675 0,000063
немецким 2,659260 0,000156
немецкому 3,218876 0,000189
немцев 2,207275 0,000129
необслуживаемых 3,912023 0,000229
необходимость 1,714798 0,000100
необходимых 2,407946 0,000141
необычные 2,659260 0,000156
неоготическом 3,506558 0,000205
неоднократно 1,139434 0,000067
неоднократным 3,506558 0,000205
неподалеку 2,040221 0,000239
непосредственно 0,478036 0,000140
неправильную 3,506558 0,000205
непродовольственной 3,912023 0,000229
неразделенный 3,912023 0,000229
несанкционированных 2,813411 0,000165
несданных 3,912023 0,000229
несколькими 1,660731 0,000097
нескольких 0,755023 0,000133
несколько 0,150823 0,000053
несли 2,813411 0,000165
несмотря 0,755023 0,000133
несогласных 3,912023 0,000229
нефтегорск 3,506558 0,000205
нефтегорский 3,506558 0,000205
нефтеперерабатывающей 3,218876 0,000754
нефтепереработки 3,218876 0,000189
нефтехимических 3,912023 0,000229
нефтехимической 2,813411 0,000165
нефтяная 2,659260 0,000156
нефтяных 2,525729 0,000148
ниа 3,218876 0,000377
ниже 0,693147 0,000081
нижней 1,514128 0,000089
нижние 1,660731 0,000097
нижний 0,673345 0,000237
нижним 2,995732 0,000351
нижняя 1,203973 0,000071
нии 1,237874 0,000145
ник 2,659260 0,000156
николаевич 1,309333 0,000307
николаевичу 2,995732 0,000351
николаевна 2,659260 0,000156
николаевск 1,966113 0,000115
николаем 2,302585 0,000135
николай 0,867501 0,000152
николая 0,916291 0,000107
нин 0,000000 0,000000
нина 2,659260 0,000156
нка 0,000000 0,000000
нова-загору 3,912023 0,000229
новая 0,634878 0,000112
новгород 0,867501 0,000203
новгородом 3,218876 0,000377
ново-садовая 3,912023 0,000458
ново-садовой 3,912023 0,000229
нового 0,579818 0,000068
новодевичье 2,120264 0,000124
новое 0,755023 0,000088
новокузнецк 1,272966 0,000075
новокуйбышевск 2,120264 0,000373
новомосковск 1,203973 0,000071
новосибирск 0,916291 0,000107
новости 0,579818 0,000272
новоульяновск 2,120264 0,000124
новочебоксарск 2,120264 0,000124
новую 1,171183 0,000069
новые 0,342490 0,000020
новый 0,446287 0,000183
новым 1,049822 0,000061
новых 0,430783 0,000101
ногайским 3,912023 0,000229
ногайских 3,912023 0,000229
ногайцев 3,506558 0,000205
ной 3,506558 0,000205
номер 0,820981 0,000192
номера 1,609438 0,000094
номерами 2,813411 0,000330
номеров 1,832581 0,000107
номинальная 2,302585 0,000270
номинации 2,207275 0,000129
номинациях 3,506558 0,000205
норвежская 0,248461 0,000015
норильск 1,203973 0,000071
норма 0,798508 0,000047
нормативной 2,995732 0,000175
нормы 1,514128 0,000089
носителях 3,912023 0,000229
носков 3,912023 0,000229
носов 3,912023 0,000229
нохчийн 0,000000 0,000000
ночном 3,506558 0,000205
ночных 3,218876 0,000189
нояб 0,820981 0,000048
ноябре 0,994252 0,000116
ноября 0,127833 0,000509
нська 0,000000 0,000000
нуждаются 2,659260 0,000156
нужно 1,049822 0,000061
ныне 0,653926 0,000077
ньскъ 0,000000 0,000000
оао 0,916291 0,000322
обе 1,609438 0,000094
обеспечение 1,237874 0,000073
обеспечения 0,867501 0,000051
обеспеченность 2,120264 0,000373
обеспечивает 1,108663 0,000130
обеспечивал 2,659260 0,000156
обеспечить 2,120264 0,000124
обещают 2,995732 0,000175
обзор 1,171183 0,000069
обзорные 3,506558 0,000205
обладает 1,171183 0,000069
обладатель 1,832581 0,000644
области 0,223144 0,001216
областиобластные 2,407946 0,000141
областипоявились 3,912023 0,000229
областная 1,309333 0,000844
областного 1,108663 0,000325
областной 1,078810 0,000821
областному 3,506558 0,000205
областные 1,771957 0,000104
областных 2,207275 0,000129
область 0,385662 0,000226
областьгорода 1,309333 0,000077
областям 2,813411 0,000165
областях 1,560648 0,000366
облисполком 3,506558 0,000205
облисполкома 3,218876 0,000189
обозначает 2,813411 0,000165
обозрение 2,120264 0,000124
обороны 1,309333 0,000230
оборот 1,309333 0,000307
оборота 1,966113 0,000115
оборудования 1,049822 0,000123
обосновался 3,912023 0,000229
обрабатывающего 3,506558 0,000205
обработки 1,897120 0,000444
образ 1,771957 0,000104
образа 2,302585 0,000270
образовавшихся 3,506558 0,000205
образовался 2,407946 0,000141
образован 1,347074 0,000868
образована 1,427116 0,000084
образование 0,494296 0,000376
образованием 1,966113 0,000345
образований 1,386294 0,000081
образования 0,478036 0,000392
образованиям 0,776529 0,000682
образованиями 1,966113 0,000115
образованиях 3,506558 0,000205
образовано 1,609438 0,000094
образовательного 2,659260 0,000156
образовательное 2,302585 0,000135
образовательной 2,659260 0,000156
образовательную 3,218876 0,000189
образовательные 1,714798 0,000100
образовательным 2,813411 0,000824
образовательных 1,427116 0,000167
образовываться 3,506558 0,000205
образом 0,371064 0,000130
образует 0,994252 0,000175
образцы 2,207275 0,000129
обратно 1,714798 0,000100
обращение 1,832581 0,000107
обращения 0,030459 0,000387
обрываются 3,912023 0,000229
обслуживаемая 3,912023 0,000229
обслуживаемых 3,506558 0,000205
обслуживается 3,218876 0,000377
обслуживанием 3,218876 0,000189
обслуживания 1,469676 0,000172
обслуживаются 2,995732 0,000175
обстановка 1,966113 0,000115
обсуждался 3,218876 0,000189
обсуждение 2,995732 0,000175
обсуждения 2,525729 0,000148
обусловлено 2,207275 0,000129
обучающий 3,912023 0,000229
обучающихся 2,995732 0,000175
обучение 1,714798 0,000100
обучения 1,660731 0,000292
обширной 2,659260 0,000156
общая 0,673345 0,000158
общего 0,713350 0,000167
общегородских 3,506558 0,000205
общегосостава 3,912023 0,000229
общедоступная 3,506558 0,000205
общее 1,237874 0,000145
общей 0,597837 0,000210
общеобразовательные 2,207275 0,000129
общеобразовательных 1,203973 0,000423
общественно-политическими 3,912023 0,000458
общественного 0,916291 0,000054
общественной 1,832581 0,000215
общественности 2,813411 0,000165
общественные 1,609438 0,000283
общественный 0,941609 0,000552
общественных 1,021651 0,000060
общество 0,713350 0,000042
обществознанию 3,912023 0,000229
общие 0,673345 0,000039
общий 0,916291 0,000054
общин 1,897120 0,000111
община 1,609438 0,000189
общине 3,218876 0,000377
объединение 1,171183 0,000343
объединенные 2,302585 0,000270
объединенный 2,302585 0,000135
объект 1,386294 0,000081
объектам 2,659260 0,000156
объектами 1,897120 0,000111
объектов 0,527633 0,000124
объем 0,616186 0,000072
объема 1,237874 0,000145
объеме 1,832581 0,000322
объемы 1,897120 0,000111
объявил 1,714798 0,000100
обязана 3,506558 0,000205
обязанности 1,427116 0,000251
оврагами 2,207275 0,000129
огмв 3,218876 0,000189
огонь 1,771957 0,000311
ограничена 2,995732 0,000175
огромная 2,995732 0,000175
огромное 1,966113 0,000115
огромную 2,207275 0,000129
одиннадцатый 3,912023 0,000229
одна 0,527633 0,000216
однако 0,174353 0,000061
одним 0,494296 0,000347
одно 0,693147 0,000162
одновременно 0,776529 0,000091
одного 0,544727 0,000064
одной 0,371064 0,000174
одном 1,139434 0,000067
одну 1,237874 0,000073
ожидается 2,407946 0,000141
ожидалось 3,506558 0,000205
оздоровительных 2,813411 0,000165
озер 1,609438 0,000189
озера 0,967584 0,000113
озерах 2,659260 0,000156
означает 1,237874 0,000218
означать 3,912023 0,000229
оказалась 1,771957 0,000104
оказали 2,407946 0,000141
оказанием 3,506558 0,000205
оказания 2,659260 0,000156
окаменение 3,912023 0,000229
окато 0,820981 0,000144
океана 1,272966 0,000075
окно 2,407946 0,000141
около 0,000000 0,000000
окончание 2,659260 0,000156
окончания 1,714798 0,000100
окончательно 1,203973 0,000071
окраине 1,966113 0,000345
округ 0,673345 0,000237
округа 0,653926 0,001992
округов 0,776529 0,000318
округом 2,302585 0,000135
округу 1,714798 0,000100
окружающего 2,813411 0,000165
окружении 2,659260 0,000156
оксфорд 3,506558 0,000205
окт 0,798508 0,000047
октмо 0,843970 0,000049
октябре 0,967584 0,000283
октябрьск 2,120264 0,000248
октябрьская 1,897120 0,000222
октябрьский 1,078810 0,000190
октябрьской 1,078810 0,000126
октябрьском 2,525729 0,000148
октября 0,083382 0,000366
олеария 2,813411 0,000165
олег 1,427116 0,000251
олега 1,966113 0,000230
олимп 2,407946 0,000423
олимпийских 1,897120 0,000111
олык 0,000000 0,000000
омск 1,021651 0,000180
онкологический 2,120264 0,000124
онлайн 0,198451 0,000012
оно 0,000000 0,000000
ооо 0,843970 0,000544
опалу 3,912023 0,000229
опасных 2,302585 0,000135
опека 3,912023 0,000229
опера 2,659260 0,000156
оперативной 2,525729 0,000148
оператор 1,609438 0,000283
оператора 1,966113 0,000115
операторами 2,659260 0,000156
оператором 2,207275 0,000129
операторы 1,514128 0,000266
операций 1,771957 0,000104
опережая 2,995732 0,000175
оперы 1,660731 0,000292
опирающегося 3,912023 0,000229
описание -0,009950 -0,000002
оплата 2,813411 0,000165
оплаты 1,966113 0,000115
ополчения 2,207275 0,000129
ополченцам 3,912023 0,000458
ополченцы 3,506558 0,000205
опроса 2,995732 0,000175
опти-телеком 3,912023 0,000229
оптики 2,659260 0,000312
орбитального 3,912023 0,000229
орган 1,203973 0,000212
органа 1,966113 0,000115
организаторов 2,407946 0,000141
организацией 1,966113 0,000115
организации -0,009950 -0,000006
организаций 0,776529 0,000227
организациях 1,832581 0,000429
организован 1,660731 0,000292
организуются 2,995732 0,000175
органических 2,659260 0,000156
органов 0,994252 0,000058
органом 1,514128 0,000089
органы 0,891598 0,000104
орденов 2,813411 0,000165
орденом 1,021651 0,000180
оренбург 1,966113 0,000345
оренбургской 2,525729 0,000296
оригинала 0,162519 0,000381
оригинальных 2,995732 0,000175
орион 2,995732 0,000175
оркестры 3,218876 0,000189
орск 1,272966 0,000075
орской 3,912023 0,000229
ортса 0,000000 0,000000
оружия 1,560648 0,000091
осадков 0,544727 0,000064
освобождения 2,040221 0,000120
освоения 1,897120 0,000111
осенней 3,912023 0,000229
осенняя 3,218876 0,000189
осень 1,469676 0,000172
осенью 1,309333 0,000153
осипенко 2,995732 0,000175
осипов 0,527633 0,000062
осифовичу 3,912023 0,000229
осмотрели 3,912023 0,000229
основ 2,659260 0,000312
основан 0,579818 0,000374
основана 1,272966 0,000149
основание 1,272966 0,000373
основанием 2,659260 0,000156
основании 1,427116 0,000167
основания 0,713350 0,000334
основанная 2,040221 0,000120
основанные 0,776529 0,000091
основанный 1,386294 0,000081
основанными 2,525729 0,000148
основателем 2,525729 0,000296
основатель 1,609438 0,000283
основе 0,494296 0,000029
основная 0,116534 0,000184
основное 1,347074 0,000237
основной 0,653926 0,000115
основном 0,510826 0,000030
основные 0,223144 0,000052
основным 0,616186 0,000108
основными 1,203973 0,000282
основных 0,634878 0,000037
основой 1,237874 0,000145
основу 1,203973 0,000071
основывается 2,207275 0,000259
особенно 0,562119 0,000033
особняк 2,302585 0,000135
особняков 2,995732 0,000175
особого 2,525729 0,000148
особое 1,832581 0,000107
особую 2,120264 0,000124
особый 2,040221 0,000120
оставались 2,302585 0,000135
остается 0,891598 0,000052
останки 2,995732 0,000175
остановки 2,302585 0,000135
остров 1,139434 0,000067
островах 2,302585 0,000135
осуществление 2,302585 0,000135
осуществлении 2,995732 0,000175
осуществлявший 3,912023 0,000229
осуществляет 1,203973 0,000423
осуществляется 0,776529 0,000182
осуществляла 2,995732 0,000175
осуществлялась 2,407946 0,000282
осуществляют 1,469676 0,000258
осуществляются 1,714798 0,000402
осуществляющий 2,813411 0,000165
отбора 2,407946 0,000141
отборочные 3,912023 0,000229
отв 0,755023 0,000177
отвага 3,506558 0,000205
ответственности -0,009950 -0,000001
отводятся 3,912023 0,000229
отгруженной 2,040221 0,000120
отгруженных 2,040221 0,000120
отдел 1,771957 0,000208
отдела 2,207275 0,000129
отделение 1,139434 0,000267
отделений 2,659260 0,000156
отделения 1,021651 0,000180
отдельное 1,966113 0,000115
отдельные 1,078810 0,000126
отдельных -0,009950 -0,000001
отдохнуть 3,912023 0,000229
отдыха 1,049822 0,000184
отдыхал 3,912023 0,000229
отечественной 0,673345 0,000237
отказ -0,009950 -0,000001
отказались 2,407946 0,000141
открывает 2,120264 0,000124
открывается 1,660731 0,000097
открывали 3,218876 0,000189
открыл 1,609438 0,000094
открылась 1,309333 0,000077
открыли 1,237874 0,000218
открылись 2,659260 0,000156
открылся 0,941609 0,000110
открыт 0,798508 0,000421
открыта 0,967584 0,000340
открытие 0,941609 0,000110
открытием 2,302585 0,000270
открытия 0,916291 0,000215
открытках 2,995732 0,000175
открыто 1,078810 0,000253
открытом 2,407946 0,000141
открыты 1,049822 0,000061
открытый 1,049822 0,000061
открытым 1,309333 0,000077
открытыми 3,218876 0,000189
откуда 0,000000 0,000000
отличается 0,579818 0,000136
отличило 3,912023 0,000229
отменено 2,525729 0,000148
отменяющий 3,912023 0,000229
отметят 3,506558 0,000205
отмечает 2,040221 0,000120
отмечалось 2,407946 0,000141
отмечен 1,966113 0,000115
отмечено 1,966113 0,000230
относил 3,912023 0,000229
относительно 0,415515 0,000049
относится 0,733969 0,000086
отношение 1,609438 0,000189
отношений 1,309333 0,000153
отношения 0,994252 0,000058
отправляются 1,771957 0,000104
отправляющиеся 3,506558 0,000411
отрадный 3,506558 0,000205
отраслевой 2,525729 0,000148
отраслей 1,771957 0,000104
отрасли 1,078810 0,000379
отраслях 2,659260 0,000156
отредактирована -0,009950 -0,000001
отредактировать 0,967584 0,000227
отрицательно 2,995732 0,000351
отрывается 3,912023 0,000229
отряд 2,120264 0,000124
отслеживание 3,912023 0,000229
отставку 2,525729 0,000296
отстранении 3,506558 0,000205
отстроенном 3,912023 0,000229
отступлении 3,218876 0,000189
отсутствовала 3,506558 0,000205
отсутствовали 2,813411 0,000165
отсутствует 1,272966 0,000075
отсутствуют 1,897120 0,000111
отсюда 1,897120 0,000333
отток 2,407946 0,000141
оттуда 2,525729 0,000148
отчет 1,660731 0,000389
отчета 2,813411 0,000659
отъ 3,506558 0,000616
офицеров 1,771957 0,000415
официально 0,693147 0,000081
официального 2,040221 0,000120
официальное 1,771957 0,000104
официальные 1,469676 0,000086
официальный 0,510826 0,000239
официальным 1,272966 0,000149
оформлен 3,912023 0,000229
офорт 3,912023 0,000229
офтальмологии 3,912023 0,000229
оха 1,347074 0,000079
охватывающих 3,506558 0,000205
охваченные 2,525729 0,000148
охрана 1,771957 0,000104
охраняя 3,912023 0,000229
оценка 0,693147 0,000081
очень 0,494296 0,000029
очереди 1,966113 0,000115
очередь 0,527633 0,000031
очерк 1,237874 0,000073
ошибкекак -0,009950 -0,000001
ошибочно 2,813411 0,000165
паблика 3,912023 0,000229
павильона 3,218876 0,000189
павлов 2,525729 0,000148
павлович 2,302585 0,000270
павловичем 3,506558 0,000205
павших 2,813411 0,000165
палата 1,660731 0,000389
палатой 2,995732 0,000175
палаты 2,302585 0,000270
палеогеография 2,995732 0,000175
палермо 3,218876 0,000189
памяти 1,078810 0,000063
памятник 0,693147 0,000771
памятника 1,078810 0,000126
памятниками 2,040221 0,000239
памятники 0,733969 0,000172
памятников 0,820981 0,000192
памятной 2,813411 0,000165
памятную 2,407946 0,000141
памятные 1,832581 0,000215
памятный 2,207275 0,000517
память 0,891598 0,000157
панельные 3,912023 0,000229
панов 2,659260 0,000156
панорамный 3,506558 0,000205
пао 1,427116 0,000084
парад 2,207275 0,000129
парада 3,218876 0,000189
парадно 3,912023 0,000229
паразитология 3,912023 0,000229
параллельно 1,237874 0,000073
параметрамивикипедия 2,207275 0,000129
параметров 2,302585 0,000135
парк 0,693147 0,000650
парк-музей 2,995732 0,000175
парка 1,021651 0,000060
парками 2,813411 0,000165
парке 1,171183 0,000343
парки 1,272966 0,000447
парковая 2,525729 0,000296
парковки 2,407946 0,000282
парковок 2,525729 0,000148
паромов 2,995732 0,000175
партизанской 3,218876 0,000189
партии 1,966113 0,000461
партийного 2,995732 0,000175
партийном 3,912023 0,000229
партнерами 2,995732 0,000175
партнером 2,995732 0,000175
партнерство 2,995732 0,000351
паруса 2,813411 0,000165
пассажиравтотранс 3,506558 0,000205
пассажиров 1,309333 0,000077
пассажиропотоков 3,506558 0,000205
пассажирская 2,407946 0,000141
пассажирские 1,427116 0,000167
пассажирский 1,514128 0,000177
пассажирским 3,506558 0,000205
пассажирскими 2,995732 0,000351
пассажирских 1,609438 0,000094
пассажирского 1,609438 0,000189
пассажирское 2,525729 0,000296
пассажирской 3,506558 0,000205
пастернацкая 3,912023 0,000229
пастушенко 3,912023 0,000229
патриарх 2,525729 0,000148
патриархии 2,995732 0,000175
патронатом 3,218876 0,000189
пахарь 3,506558 0,000411
пгк 3,912023 0,000458
пдк 2,207275 0,000517
педагогам 3,912023 0,000229
педагогический 1,078810 0,000063
педагогического 1,897120 0,000111
педагогов 3,218876 0,000189
пенза 1,108663 0,000260
пензенской 2,813411 0,000330
пение 3,506558 0,000205
первая 0,430783 0,000404
первичному 3,912023 0,000229
первого 0,733969 0,000215
первое 0,544727 0,000128
первой 0,462035 0,000189
первом 1,237874 0,000073
первому 2,207275 0,000129
первую 0,867501 0,000051
первые 0,494296 0,000174
первый 0,385662 0,000226
первым 0,597837 0,000280
первыми 1,609438 0,000094
первых 0,653926 0,000306
перебоины 3,912023 0,000229
переведен 2,040221 0,000120
переводе 2,040221 0,000239
перевозках 2,813411 0,000165
перевозки 1,203973 0,000494
перевозок 1,469676 0,000258
перевозчиком 3,912023 0,000229
перевозят 2,659260 0,000156
перевозящим 3,912023 0,000229
переговоры 2,813411 0,000165
перегудова 3,912023 0,000229
передал 3,218876 0,000189
переданные 3,506558 0,000205
переданный 3,506558 0,000205
передача 1,514128 0,000266
передачи 1,560648 0,000274
передвигался 3,912023 0,000229
переехала 2,995732 0,000175
переименован 1,347074 0,000158
переименована 1,771957 0,000104
переименовании 1,897120 0,000111
перейти -0,009950 -0,000001
перекрестке 1,966113 0,000115
перекресток 1,714798 0,000100
перем 0,000000 0,000000
перенес 2,995732 0,000175
переориентироваться 3,912023 0,000229
переписи 0,755023 0,000265
переписном 3,218876 0,000189
перепись 0,820981 0,000481
переправ 2,995732 0,000175
переправился 3,912023 0,000229
пересечение 2,302585 0,000539
пересечении 1,427116 0,000084
перестала 2,995732 0,000175
перестройку 3,506558 0,000205
переулке 2,995732 0,000175
перечень 1,469676 0,000517
перешедшим 3,912023 0,000229
перешел 1,832581 0,000107
перешла 1,660731 0,000097
период 0,342490 0,000281
периода 0,967584 0,000113
периодичностью 3,912023 0,000458
периоду 2,120264 0,000124
периоды 1,560648 0,000091
периферия 3,506558 0,000205
пермских 3,218876 0,000189
пермь 0,994252 0,000233
пермью 2,813411 0,000165
персонал 2,813411 0,000165
персональные -0,009950 -0,000001
перспективы 1,347074 0,000158
песенный 3,506558 0,000205
песни 1,514128 0,000089
пестравский 3,506558 0,000205
песчаная 2,995732 0,000175
песчаные 2,995732 0,000175
песчаными 3,506558 0,000205
петр 1,108663 0,000260
петра 1,078810 0,000126
петра-дубрава 3,912023 0,000458
петре 2,659260 0,000156
петрович 1,897120 0,000222
петроградского 3,218876 0,000189
петром 2,120264 0,000124
печати -0,009950 -0,000001
печатные 1,514128 0,000089
печатных 1,609438 0,000189
печать -0,009950 -0,000001
пешеходной 2,813411 0,000165
пещеры 2,659260 0,000156
пжрт 3,912023 0,000229
пианистов 3,912023 0,000229
пива 3,218876 0,000189
пивзавода 3,506558 0,000205
пивоваренного 3,506558 0,000205
пивоваренный 2,407946 0,000282
пик 1,966113 0,000115
пиковой 3,218876 0,000189
пилонов 3,912023 0,000458
пилотируемого 3,912023 0,000229
пионеров 1,966113 0,000115
пирогова 3,506558 0,000616
пирсы 3,912023 0,000229
писали 2,525729 0,000148
писатель 1,514128 0,000089
писателя 1,660731 0,000097
пискалинский 3,912023 0,000229
пискалы 3,912023 0,000229
пискаревский 3,912023 0,000687
письма 1,897120 0,000111
письменных 2,407946 0,000141
пищевой 1,514128 0,000177
пищевых 1,897120 0,000111
пищи 3,506558 0,000205
плавно 2,407946 0,000141
план 0,755023 0,000177
плана 1,272966 0,000075
планах 2,040221 0,000120
плане 1,660731 0,000195
планеты 2,040221 0,000120
планировка 1,771957 0,000104
планируется 1,021651 0,000060
планов 2,302585 0,000135
планомерное 3,506558 0,000205
плану 1,386294 0,000162
планы 1,347074 0,000395
плата 1,832581 0,000322
платные 2,525729 0,000148
платы 2,659260 0,000156
плес 1,966113 0,000115
плоешти 3,912023 0,000458
плоскопечатной 3,912023 0,000229
плотность 0,693147 0,000041
площадей 1,897120 0,000444
площади 0,510826 0,000569
площадка 1,514128 0,000266
площадках 2,525729 0,000296
площадке 2,207275 0,000129
площадки 1,714798 0,000502
площадок 1,714798 0,000100
площадь 0,478036 0,000840
площадью 0,994252 0,000291
площадях 2,407946 0,000282
пляж 2,207275 0,000259
пляжами 3,218876 0,000189
пляжному 2,995732 0,000175
пляжу 3,506558 0,000205
пневмогидравлических 3,912023 0,000229
пниисс 3,912023 0,000229
по-разному 2,407946 0,000141
победа 1,609438 0,000189
победе 2,813411 0,000165
победителей 2,995732 0,000175
победителем 2,207275 0,000129
победоносца 2,407946 0,000141
победу 1,897120 0,000111
победы 0,916291 0,000215
побратимские 2,302585 0,000135
поведения -0,009950 -0,000001
повлекло 3,506558 0,000205
повлияли 2,525729 0,000148
поволжская 3,218876 0,000189
поволжский 2,659260 0,000623
поволжского 2,995732 0,000526
поволжье 1,832581 0,001718
поволжья 1,714798 0,000804
повстанцам 3,912023 0,000229
повстанцев 3,912023 0,000229
повторяющее 3,912023 0,000229
повышение 1,609438 0,000377
погиб 2,525729 0,000296
погода 0,776529 0,000045
погоды 2,040221 0,000120
пограничника 3,912023 0,000229
пограничникам 3,506558 0,000411
погрузочно-разгрузочные 3,506558 0,000205
подавления 2,659260 0,000156
подавляющее 2,207275 0,000129
подал 2,995732 0,000175
подано 3,506558 0,000205
подарено 3,506558 0,000205
подачи 2,659260 0,000156
подведомственные 2,995732 0,000175
подведомственными 3,218876 0,000189
подвиг 2,659260 0,000156
подвигах 3,912023 0,000229
подвижной 2,659260 0,000156
подводной 2,659260 0,000156
подводных 2,407946 0,000141
подворная 3,912023 0,000229
подгоры 3,912023 0,000229
подготовка 1,771957 0,000104
подготовки 1,309333 0,000077
подготовку 1,897120 0,000222
подготовлено 3,218876 0,000189
поддержало 3,506558 0,000205
поддержанию 3,912023 0,000229
поддержка 1,832581 0,000107
поддержки 1,560648 0,000091
поделом 3,912023 0,000229
поджабный 3,506558 0,000205
подземными 3,506558 0,000411
подземных 1,966113 0,000461
подковыров 3,506558 0,000205
подлежащих 2,813411 0,000165
поднимает 3,218876 0,000189
поднятых 3,912023 0,000229
подобные 1,609438 0,000189
подольск 1,272966 0,000075
подпольной 3,912023 0,000458
подразделение 2,407946 0,000141
подразделений 2,407946 0,000141
подразделения 2,302585 0,000135
подробная 2,659260 0,000156
подробнее -0,009950 -0,000001
подстепновка 3,912023 0,000229
подтверждениях 3,912023 0,000229
подушке 3,506558 0,000205
подчиненные 2,995732 0,000175
подчинены 1,897120 0,000111
подшипников 3,218876 0,000189
подъездные 3,218876 0,000189
подъемником 3,506558 0,000205
подьячих 3,912023 0,000229
поезд 1,560648 0,000091
поезда 1,272966 0,000149
пожарах 3,506558 0,000205
пожертвований 2,995732 0,000175
позагорать 3,912023 0,000229
позволяет 0,755023 0,000044
позволяла 3,218876 0,000189
позволяют 1,469676 0,000086
позволяющая 2,525729 0,000148
позволяющие 2,525729 0,000148
позднее 0,798508 0,000047
поздней 2,302585 0,000135
поземельный 3,912023 0,000229
позиции 1,832581 0,000215
поиск -0,009950 -0,000001
поиску -0,009950 -0,000003
показателей 1,203973 0,000071
показатели 0,994252 0,000291
показатель 0,713350 0,000167
показателю 1,897120 0,000111
показателя 2,525729 0,000148
покататься 3,218876 0,000189
покинул 3,506558 0,000205
поклонный 3,912023 0,000229
покоились 3,912023 0,000229
поколение 2,407946 0,000141
поколений 1,897120 0,000222
покорнейше 3,912023 0,000229
покоятся 3,506558 0,000205
покровский 1,771957 0,000208
покрыто 3,218876 0,000189
полдень 0,916291 0,000054
поле 0,798508 0,000140
полевых 3,506558 0,000205
полезных 1,660731 0,000097
полета 2,525729 0,000296
поликлиник 2,207275 0,000388
поликлиники 1,966113 0,000230
политехнический 2,040221 0,000239
политика -0,009950 -0,000001
политику 2,302585 0,000405
политическая 0,843970 0,000049
полномочий 1,609438 0,000094
полномочия 1,660731 0,000097
полностью 0,400478 0,000047
полный 1,272966 0,000075
полных 2,525729 0,000148
половина 1,171183 0,000069
половине 0,634878 0,000037
половиной 2,995732 0,000175
половины 0,994252 0,000116
положение 0,510826 0,000150
положения 1,309333 0,000077
положено 2,813411 0,000165
положивший 3,218876 0,000189
положил 2,813411 0,000165
положительная 2,525729 0,000148
положительные 2,995732 0,000351
полос 2,407946 0,000141
полосе 2,207275 0,000129
полотна 2,302585 0,000135
полотнище 1,609438 0,000094
полтора 3,218876 0,000377
полу 0,916291 0,000215
полугодие 2,995732 0,000175
полужирным 1,966113 0,000115
получение 1,966113 0,000115
получения 1,469676 0,000086
получено 2,995732 0,000175
получил 0,713350 0,000209
получила 0,653926 0,000115
получили 0,967584 0,000113
пользования 1,660731 0,000097
пользоваться 2,525729 0,000148
пользуются 1,966113 0,000115
польская 3,218876 0,000189
польских 3,218876 0,000189
польши 2,659260 0,000156
полюбоваться 3,218876 0,000189
поляка 3,912023 0,000229
поляки 1,469676 0,000086
поляков 0,916291 0,000054
поляна 1,660731 0,000486
полях 2,813411 0,000165
поместьями 3,912023 0,000229
пометку 3,912023 0,000229
помещение 2,525729 0,000148
помещений 2,120264 0,000248
помещения 2,407946 0,000141
помимо 0,562119 0,000132
поморская 2,995732 0,000175
помощи 0,843970 0,000346
помощь 1,714798 0,000201
понижается 2,813411 0,000330
попечительства 3,912023 0,000229
попова 2,407946 0,000282
пополняться 3,912023 0,000229
поправки 3,218876 0,000189
популярная 2,407946 0,000141
популярной 2,659260 0,000156
популярности 2,207275 0,000129
популярностью 2,207275 0,000129
порах 3,506558 0,000205
породах 3,912023 0,000229
порт 0,941609 0,000221
порта 1,309333 0,000077
портал 0,342490 0,000040
порталстатьи 2,040221 0,000120
порядка 1,139434 0,000334
порядковые 1,714798 0,000100
порядковыми 3,912023 0,000229
порядку 3,506558 0,000205
посад 1,660731 0,000097
посадом 2,995732 0,000175
посвящена 2,407946 0,000141
посвященная 1,714798 0,000100
посвященную 2,813411 0,000165
посвященные 1,966113 0,000115
посвященный 1,660731 0,000195
посвященных 1,966113 0,000230
поселение 1,309333 0,000077
поселений 0,798508 0,000421
поселениям 0,967584 0,000057
поселились 3,218876 0,000189
поселка 1,309333 0,000230
поселкам 0,891598 0,000052
поселками 2,407946 0,000141
поселке 1,609438 0,000377
поселки 1,347074 0,000158
поселок 1,108663 0,000260
посетило 2,659260 0,000156
посетителей 1,966113 0,000230
посещает 2,525729 0,000148
поскольку 0,941609 0,000055
послан 3,506558 0,000205
послевоенному 3,912023 0,000229
последней 1,714798 0,000100
последние 0,755023 0,000044
последний -0,009950 -0,000001
последним 2,040221 0,000120
последняя 0,342490 0,000020
последующая 3,218876 0,000189
последующие 1,660731 0,000097
пособия 3,218876 0,000189
посольский 3,506558 0,000205
посольства 2,120264 0,000124
посольством 3,912023 0,000229
поспелов 1,021651 0,000120
посреди 2,659260 0,000156
пост 1,514128 0,000177
поставлено 2,995732 0,000175
постаменте 3,218876 0,000189
постановка 3,506558 0,000205
постановлением 1,469676 0,000086
постановлению 2,302585 0,000135
постепенно 0,867501 0,000051
постоянно 1,108663 0,000065
постоянного 0,693147 0,000325
постоянное 2,120264 0,000124
постоянную 2,525729 0,000148
построен 0,798508 0,000187
построена 0,916291 0,000215
построенная 1,897120 0,000111
построенное 3,218876 0,000377
построенный 1,237874 0,000218
построено 0,867501 0,000051
построены 1,021651 0,000060
построить 1,427116 0,000167
постройке 2,813411 0,000165
постройки 1,139434 0,000200
поступления 2,120264 0,000124
потенциал 1,347074 0,000079
потенциальной 3,218876 0,000377
потери 1,966113 0,000115
потеря 2,813411 0,000165
поток 1,660731 0,000097
потока 2,302585 0,000135
потребительских 2,525729 0,000148
потребительском 2,995732 0,000175
похвистнево 3,506558 0,000411
похвистневский 3,506558 0,000205
похожа 2,995732 0,000175
похожие 2,995732 0,000175
почвы 1,609438 0,000094
почему 0,000000 0,000000
почета 3,506558 0,000205
почетного 1,237874 0,000073
почетное 1,560648 0,000366
почетные 1,108663 0,000065
почетный 1,469676 0,000172
почетных 2,407946 0,000141
почт 3,506558 0,000205
почта 1,609438 0,000377
почтовая 1,078810 0,000253
почтово-телеграфного 3,912023 0,000229
почтовой 2,040221 0,000120
почтовые 1,469676 0,000086
почтовый 1,108663 0,000065
почты 2,207275 0,000129
пошла 2,659260 0,000467
поэта 1,966113 0,000115
поэтому 0,616186 0,000036
появилась 0,820981 0,000144
появились 0,579818 0,000102
появилось 1,171183 0,000069
появился 0,693147 0,000162
появится 1,832581 0,000107
появлением 1,347074 0,000079
появляться 1,771957 0,000311
пояс 0,693147 0,000122
пояснительная 2,407946 0,000141
прав 1,514128 0,000089
права 0,755023 0,000044
правда 0,891598 0,000261
правее 3,912023 0,000229
правило 0,891598 0,000052
правильно 2,302585 0,000135
правительства 0,693147 0,000081
правительство 0,843970 0,000148
правительствующему 3,912023 0,000229
править -0,009950 -0,000112
правка 0,328504 0,000019
правкиновые -0,009950 -0,000001
правкипостоянная -0,009950 -0,000001
правление 2,040221 0,000120
правовом 2,659260 0,000156
правом 1,171183 0,000069
православие 1,560648 0,000183
православная 1,272966 0,000075
православные 1,347074 0,000079
православным 2,525729 0,000148
православных 1,427116 0,000084
правящей 3,506558 0,000205
праздники 2,040221 0,000120
празднования 1,832581 0,000107
практике 1,660731 0,000097
практически 0,755023 0,000044
превратилась 2,040221 0,000120
превратили 3,912023 0,000229
превысил 2,525729 0,000148
превысило 1,966113 0,000115
превышал 2,995732 0,000175
превышающей 3,506558 0,000205
превышение 2,040221 0,000120
превышением 3,506558 0,000205
предвосхитила 3,912023 0,000229
пределам 3,506558 0,000205
пределах 0,510826 0,000030
пределы 1,966113 0,000115
предложил 1,832581 0,000215
предметом 1,560648 0,000183
предмету 2,995732 0,000351
предназначение 3,506558 0,000205
предоставлением 3,912023 0,000229
предоставления 2,120264 0,000124
предположить 2,813411 0,000330
предпосылкой 3,912023 0,000229
предпринимал 3,912023 0,000229
предпринимателей 2,040221 0,000120
предприятием 2,120264 0,000124
предприятий 0,713350 0,000543
предприятия 0,713350 0,000460
предприятиям 2,302585 0,000135
предприятиях 1,832581 0,000322
председ 1,203973 0,000071
председателем 1,469676 0,000344
председатель 1,347074 0,000079
председательствовал 3,912023 0,000229
председателя 1,514128 0,000177
представились -0,009950 -0,000001
представительного 3,506558 0,000205
представительную 2,995732 0,000175
представительный 1,771957 0,000104
представительства 1,386294 0,000162
представительство 1,514128 0,000089
представителями 1,897120 0,000222
представлена 1,171183 0,000137
представления 1,469676 0,000086
представлено 1,560648 0,000183
представлены 0,867501 0,000152
представляет 0,446287 0,000157
представляют 1,237874 0,000073
предтеченской 3,912023 0,000229
предшествующие 3,506558 0,000616
предыдущем 3,218876 0,000189
преемником 2,995732 0,000175
прежние 1,171183 0,000069
презентация 3,506558 0,000205
президент 1,386294 0,000244
президиума 1,272966 0,000373
президиумом 3,218876 0,000189
преимущественно 0,776529 0,000091
прекратил 1,660731 0,000195
прекращено 2,659260 0,000156
премии 1,714798 0,000100
премьер 2,407946 0,000141
премьера 2,995732 0,000175
преобладает 2,120264 0,000124
преобладают 1,203973 0,000141
преобразован 2,207275 0,000129
преобразована 2,120264 0,000124
пресвятого 3,506558 0,000411
пресвятой 1,272966 0,000149
пресса 2,120264 0,000373
прессе 2,995732 0,000175
прессы 2,040221 0,000120
приблизимся 3,912023 0,000229
приборостроения 2,525729 0,000148
приборостроительный 2,302585 0,000135
прибрежный 2,813411 0,000330
прибывало 3,912023 0,000229
прибыль-убыток 3,912023 0,000229
прибытия 2,659260 0,000156
приватизация 3,912023 0,000229
приведены 2,040221 0,000120
привезли 2,995732 0,000175
привлекательностью 3,912023 0,000229
приводящим 3,912023 0,000229
приволжский 1,897120 0,000333
приволжско-уральского 3,912023 0,000229
приволжского 1,832581 0,000107
приволжской 2,207275 0,000129
приволжскому 3,912023 0,000229
пригородная 3,218876 0,000189
пригородного 2,813411 0,000165
пригородные 1,469676 0,000258
пригородных 1,609438 0,000283
пригородов 2,995732 0,000175
придают 3,912023 0,000229
приезжали 2,995732 0,000175
приезжающих 3,218876 0,000189
приема 2,813411 0,000330
приехали 3,506558 0,000205
прижизненные 3,912023 0,000229
приземления 3,912023 0,000229
призер 1,771957 0,000519
призерами 3,506558 0,000411
призером 2,813411 0,000165
признавалась 3,912023 0,000229
признается 2,659260 0,000156
признана 2,040221 0,000120
признание 2,995732 0,000175
признания 0,916291 0,000054
признанными 3,506558 0,000205
признанных 0,967584 0,000057
приказа 2,525729 0,000296
прикрытие 3,506558 0,000205
прилегающими 2,407946 0,000141
прилегающих 2,040221 0,000120
приложение 1,309333 0,000077
прим 2,407946 0,000141
применением 2,207275 0,000129
применяемого 0,843970 0,000049
применяемым 0,941609 0,000055
применяемых 2,995732 0,000175
применяться 2,407946 0,000141
примерно 0,634878 0,000037
примеров 2,120264 0,000745
примечания -0,009950 -0,000001
примыкают 2,995732 0,000175
принадлежало 2,525729 0,000148
принадлежит 1,203973 0,000071
принадлежности 1,514128 0,000089
принимает 1,469676 0,000086
принимали 1,966113 0,000115
принимать 1,660731 0,000195
принципах 2,302585 0,000135
принципы 1,771957 0,000104
приняла 1,966113 0,000345
приняли 1,347074 0,000079
принята 1,714798 0,000201
принято 0,713350 0,000167
принять 2,207275 0,000129
приобретения 2,995732 0,000175
приписана 3,506558 0,000205
природным 2,525729 0,000148
природных 1,108663 0,000065
природы 1,021651 0,000120
прирост 1,427116 0,000167
присваивается 3,506558 0,000205
присвоен 1,832581 0,000107
присвоении 1,386294 0,000162
присвоено 1,078810 0,000379
присвоить 2,995732 0,000175
прислали 3,912023 0,000229
присоединен 2,813411 0,000165
присоединилась 3,218876 0,000189
присоединяться 3,912023 0,000229
пристань 1,714798 0,000100
приступила 2,659260 0,000156
присутственные 2,995732 0,000175
присутствовали 2,813411 0,000165
присутствовало 3,912023 0,000229
присутствует 1,714798 0,000201
приходится 0,776529 0,000045
пришла 2,120264 0,000124
пришло 2,207275 0,000129
приюты 3,506558 0,000205
проблем 0,798508 0,000281
проблемам 2,207275 0,000129
проблему 1,514128 0,000177
проблемы 0,544727 0,000064
пробные 3,506558 0,000205
проведена 1,832581 0,000215
проведение 1,660731 0,000195
проведения 0,843970 0,000198
провел 1,966113 0,000115
проверенная 1,049822 0,000061
проверяема 0,967584 0,000227
проводившийся 3,506558 0,000205
проводились 1,771957 0,000311
проводился 2,525729 0,000296
проводимый 2,995732 0,000175
проводится 1,108663 0,000390
проводить 2,302585 0,000135
проводное 2,995732 0,000175
проводятся 1,203973 0,000071
прогноз 1,897120 0,000111
программ 1,203973 0,000141
программа 0,994252 0,000175
программам 2,525729 0,000296
программе 1,771957 0,000104
программы 0,713350 0,000251
прогресс 1,514128 0,000355
продовольственной 3,506558 0,000205
продовольственных 2,995732 0,000175
продолжающимся 3,912023 0,000229
продуктов 1,237874 0,000145
продукции 1,021651 0,000120
проезда 1,560648 0,000183
проездного 3,912023 0,000229
проект 0,400478 0,000070
проекта 0,616186 0,000108
проектах -0,009950 -0,000001
проектов 1,469676 0,000172
проекту 1,049822 0,000307
проекты 1,108663 0,000130
проектывикипедия 2,040221 0,000120
проживает 1,771957 0,000208
проживало 1,514128 0,000177
проживающие 3,218876 0,000189
произведения 1,427116 0,000084
произведениям 3,506558 0,000205
производимых 2,995732 0,000175
производит 2,302585 0,000135
производительностью 2,525729 0,000148
производится 1,714798 0,000100
производств 1,832581 0,000107
производства 0,616186 0,000505
производственного 2,995732 0,000175
производственное 2,302585 0,000135
производственные 2,407946 0,000141
производство 0,941609 0,000441
производству 1,427116 0,000167
производятся 2,659260 0,000156
произойдет 2,525729 0,000148
произошла 1,714798 0,000100
произошло 0,733969 0,000129
происходившему 3,912023 0,000229
происходили 2,207275 0,000129
происходило 1,832581 0,000107
происхождение 1,427116 0,000251
происхождении 1,514128 0,000089
пройдет 2,120264 0,000373
пройти 1,897120 0,000111
прокладка 3,912023 0,000229
прокопьевск 1,272966 0,000075
прокуратуры 2,813411 0,000330
пролегают 3,912023 0,000229
промзоны 3,506558 0,000205
промилле 3,218876 0,000189
промышленники 3,912023 0,000229
промышленного 1,171183 0,000480
промышленной 1,309333 0,000230
промышленном 2,207275 0,000259
промышленности 0,579818 0,000272
промышленность 0,693147 0,000122
промышленные 1,171183 0,000069
промышленный 1,203973 0,000141
промышленным 1,660731 0,000097
промышленных 0,916291 0,000322
проран 3,912023 0,000458
пророка 2,407946 0,000141
проруби 3,912023 0,000229
просить 3,218876 0,000189
просмотры -0,009950 -0,000001
проспект 1,021651 0,000180
проспекта 1,347074 0,000158
проспекте 1,427116 0,000167
проспектом 2,659260 0,000156
проспекту 2,040221 0,000120
простились 3,912023 0,000229
простирается 2,659260 0,000156
просто 1,272966 0,000075
простой 2,659260 0,000156
простотой 3,506558 0,000205
пространства 1,049822 0,000061
пространство 1,203973 0,000071
протестантизм 2,040221 0,000120
протестантские 2,525729 0,000148
против 0,798508 0,000094
противном 2,813411 0,000330
протограф 3,912023 0,000229
протографах 3,912023 0,000229
протяженность 0,941609 0,000110
протяженностью 1,386294 0,000162
протяженных 2,995732 0,000175
протянувшемуся 3,912023 0,000229
профессионального 1,427116 0,000585
профессиональное 2,040221 0,000239
профессиональной 2,813411 0,000165
профессиональный 1,897120 0,000111
профессия 3,218876 0,000189
профессор 1,660731 0,002335
профилактики 2,995732 0,000351
профиля 1,966113 0,000345
профицит 2,995732 0,000175
прохладительными 3,912023 0,000229
прохладные 3,912023 0,000229
проходил 1,660731 0,000097
проходили 1,427116 0,000167
проходит 0,693147 0,000081
проходят 0,941609 0,000221
проходящий 2,813411 0,000165
процент 2,302585 0,000405
процентах 2,995732 0,000175
процесс 1,108663 0,000065
процесса 1,714798 0,000100
процессов 1,347074 0,000158
процессы 1,514128 0,000089
прочее 0,653926 0,000038
прочими 2,995732 0,000175
прочитал 3,912023 0,000229
прочих 1,560648 0,000183
прочности 2,813411 0,000165
прочностной 3,912023 0,000229
прочностных 3,912023 0,000458
прошедшего 3,506558 0,000205
прошедшей 3,506558 0,000205
прошедшие 2,302585 0,000270
прошел 0,994252 0,000233
прошение 3,506558 0,000205
прошкин 3,912023 0,000458
прошли 1,309333 0,000153
прошлого 1,609438 0,000283
прошлогодний 3,912023 0,000229
прошлом 1,108663 0,000065
проявляются 3,506558 0,000205
прямо 1,714798 0,000100
прямоугольник 3,506558 0,000205
прямоугольное 1,771957 0,000104
прямые 1,966113 0,000230
прямых 2,407946 0,000141
псевдонимом 2,813411 0,000165
психиатрическая 2,525729 0,000444
псрл 3,218876 0,000189
птс-сервис 3,912023 0,000229
публике 3,506558 0,000411
публиковал 3,218876 0,000189
публичного 3,218876 0,000189
публичный 2,407946 0,000141
пугачева 2,302585 0,000135
пугачевагорода 3,218876 0,000189
пулькина 3,912023 0,000229
пульс 3,912023 0,000229
пункта 1,514128 0,000177
пунктов 0,653926 0,000306
пункты 0,616186 0,000289
пустыни 2,813411 0,000165
путеводитель 0,713350 0,000125
путей 0,916291 0,000161
путем 0,941609 0,000110
путешественник 2,407946 0,000141
путешественника 2,813411 0,000165
пути 0,693147 0,000162
путин 1,714798 0,000100
путь 0,820981 0,000096
пучеж 2,120264 0,000124
пучков 3,912023 0,000229
пушкари 3,506558 0,000205
пушкина 1,139434 0,000200
пушкинского 3,912023 0,000229
пущен 2,120264 0,000124
пшеницы 2,995732 0,000175
пылявский 3,912023 0,000229
пышма 1,309333 0,000077
пьедестале 3,218876 0,000189
пьесы 2,813411 0,000165
пядь 3,912023 0,000229
пятерку 2,302585 0,000135
пятерочка 1,832581 0,000107
пяти 1,203973 0,000071
пятиборью 3,912023 0,000229
пятиглавая 3,506558 0,000205
пятидесятников 2,525729 0,000148
пятый 1,427116 0,000084
пятым 2,995732 0,000175
пять 1,108663 0,000455
работ 0,941609 0,000110
работа 0,891598 0,000052
работает 0,755023 0,000044
работал 1,309333 0,000077
работали 1,469676 0,000258
работать 1,108663 0,000065
работают 0,673345 0,000355
работающие 2,525729 0,000148
работающими 3,218876 0,000377
работающих 2,040221 0,000239
работе 1,237874 0,000073
работников 1,469676 0,000430
работы 0,314711 0,000129
рабочего 1,897120 0,000111
рабочих 1,108663 0,000260
равиль 3,912023 0,000229
равна 2,525729 0,000148
равновеликих 2,995732 0,000175
радиационного 3,912023 0,000229
радио 0,891598 0,000157
радио-шоу 3,912023 0,000229
радиовещание 1,771957 0,000104
радиовещанию 2,995732 0,000175
радиорелейная 3,218876 0,000189
радиостанции 1,347074 0,000631
радиостанция 1,966113 0,000115
радиотрансляционный 3,912023 0,000229
радиоцентра 3,912023 0,000229
радоноопасности 3,912023 0,000229
рае 3,912023 0,000229
раен 3,506558 0,000616
раза 0,867501 0,000254
развалились 3,912023 0,000229
развивается 1,609438 0,000094
развивалась 1,966113 0,000115
развиваются 1,832581 0,000215
развивающихся 2,407946 0,000141
развитие 0,314711 0,000092
развитием 1,171183 0,000069
развитии 1,078810 0,000126
развитию 0,843970 0,000247
развития 0,287682 0,000270
развитой 2,040221 0,000120
развитые 2,525729 0,000148
развлекательном 3,506558 0,000205
развлекательные 2,525729 0,000148
развлекательными 3,912023 0,000229
разворот 3,912023 0,000229
раздела 1,514128 0,000266
разделами 0,891598 0,000052
разделе 0,776529 0,000182
разделен 1,171183 0,000137
разина 2,207275 0,000388
разинаскрытые 2,525729 0,000148
различного 1,714798 0,000100
различным 1,469676 0,000172
различными 1,609438 0,000094
различных 0,385662 0,000090
разложения 3,912023 0,000229
размеру 2,407946 0,000141
размеры 2,040221 0,000120
разместилась 3,912023 0,000229
разместить 2,813411 0,000165
размещалась 2,813411 0,000165
размещался 2,659260 0,000156
размещаться 3,912023 0,000229
размещен 2,302585 0,000135
размещение 2,120264 0,000124
размещения 0,843970 0,000099
размещены 2,120264 0,000124
разновидностей 2,995732 0,000175
разнообразные 2,207275 0,000259
разнообразных 1,966113 0,000230
разность 2,995732 0,000351
разных 0,510826 0,000030
разорвал 2,525729 0,000148
разрабатываются 2,813411 0,000165
разработанному 3,218876 0,000189
разработаны 2,525729 0,000296
разработкам 3,912023 0,000229
разработке 1,560648 0,000091
разработки 1,203973 0,000212
разработкой 2,995732 0,000175
разработчики -0,009950 -0,000001
разрешение 1,966113 0,000115
разрушили 3,506558 0,000205
разрыв 2,995732 0,000175
разрядного 3,912023 0,000229
район 0,597837 0,000525
района 0,673345 0,000237
районам 0,820981 0,000096
районами 1,347074 0,000079
районах 0,941609 0,000110
районе 0,527633 0,000464
районных 2,120264 0,000373
районов 0,562119 0,000428
району 2,207275 0,000129
районы 0,653926 0,000230
райсоветы 3,912023 0,000229
райффайзенбанк 2,813411 0,000165
райцентров 0,941609 0,000055
ракетах-носителях 3,912023 0,000229
ракетно-космический 3,912023 0,000229
ракетно-космического 3,912023 0,000229
ракетно-космической 3,218876 0,000189
ракетных 3,912023 0,000229
ракету 3,506558 0,000205
ракеты-носителя 3,506558 0,000616
ракурс 3,506558 0,000411
рамках 0,544727 0,000351
ран 0,776529 0,001092
ранее 0,430783 0,000353
раннем 2,659260 0,000156
ранние 1,660731 0,000195
расписание 1,966113 0,000345
располагает 1,609438 0,000094
располагается 0,994252 0,000175
располагала 3,912023 0,000229
располагались 1,966113 0,000115
располагаются 1,108663 0,000065
расположен 0,733969 0,000387
расположена 0,916291 0,000161
расположенная 1,609438 0,000094
расположенного 1,832581 0,000107
расположенное 2,407946 0,000141
расположенные 1,514128 0,000089
расположенный 1,203973 0,000212
расположенных 1,427116 0,000084
расположено 0,916291 0,000268
расположены 0,673345 0,000158
распорядительные 3,912023 0,000229
распоряжение 1,609438 0,000094
распоряжения 2,813411 0,000330
распределены 1,771957 0,000104
распространенными 2,525729 0,000148
распространилась 3,506558 0,000205
распространилось 2,659260 0,000156
распущен 3,912023 0,000229
рассекаемая 3,912023 0,000229
рассказал 2,302585 0,000270
рассказам 3,506558 0,000205
рассказывает 2,659260 0,000156
рассматривался 3,218876 0,000189
рассмотрения 2,525729 0,000296
расстояние 0,843970 0,000148
расстояний 1,469676 0,000086
рассчитанная 3,218876 0,000189
рассчитанный 2,813411 0,000165
растет 1,660731 0,000097
расхн 2,995732 0,000175
расходная 3,506558 0,000205
расчет 1,386294 0,000162
расширение 0,527633 0,000062
ратнер 3,506558 0,000205
рбк 1,386294 0,000162
реакции 3,218876 0,000189
реализации 0,994252 0,000175
реализовал 3,506558 0,000205
реализованы 2,407946 0,000282
реализует 2,659260 0,000156
реальная 2,995732 0,000175
реально 2,207275 0,000129
ревизор 3,506558 0,000205
революции 0,693147 0,000203
революциигорода 2,813411 0,000165
революционный 3,218876 0,000377
революция 1,427116 0,000167
регион 1,021651 0,000299
региона 0,776529 0,000091
региональное 1,660731 0,000486
региональном 2,813411 0,000330
региональных 1,203973 0,000071
регионе 1,049822 0,000061
регионов 0,941609 0,000110
регионом 3,218876 0,000189
регионы 1,049822 0,000061
регламента 3,912023 0,000229
регламентируемой 3,912023 0,000229
регулировки 3,912023 0,000229
регулярно 1,272966 0,000298
регулярное 1,714798 0,000201
регулярные 1,514128 0,000089
регулярных 2,120264 0,000124
ред 0,235722 0,000124
редактор 1,609438 0,000094
редкол 2,659260 0,000156
реестр 1,469676 0,000086
режиссер 2,207275 0,000259
режиссером 3,218876 0,000189
резко 0,967584 0,000057
результат 1,469676 0,000086
результате 0,342490 0,000060
результаты 1,237874 0,000073
резун 3,912023 0,000229
рейсы 1,427116 0,000167
рейтлингера 3,912023 0,000229
рек 0,820981 0,000096
река 0,733969 0,000215
река-море 3,218876 0,000189
реках 2,040221 0,000120
реке 0,713350 0,000084
реки 0,462035 0,000244
реклама 2,995732 0,000351
рекламно-информационные 3,218876 0,000189
рекламно-информационными 3,912023 0,000229
рекой 1,714798 0,000100
рекомендации 0,843970 0,000198
реконструировано 2,659260 0,000156
реконструкции 0,967584 0,000113
реконструкцию 2,040221 0,000120
рекордное 3,506558 0,000205
рекреация 3,506558 0,000411
реку 1,171183 0,000137
рекунов 3,912023 0,000229
религии 2,040221 0,000359
религиозных 1,469676 0,000086
религия 0,843970 0,000099
рельеф 0,941609 0,000165
рельефно-точечной 3,912023 0,000229
ремезова 2,659260 0,000156
ремонту 2,813411 0,000165
реорганизована 3,506558 0,000205
реорганизовывалась 3,912023 0,000229
репинецкий 3,912023 0,000229
репка 3,912023 0,000687
репрессий 2,120264 0,000124
республика 0,843970 0,000049
республике 1,714798 0,000100
республики 0,916291 0,000215
республикой 2,207275 0,000259
ресторан 2,302585 0,000270
ресторанов 2,302585 0,000135
рестораны 2,120264 0,000124
ресурс 1,514128 0,000177
ресурсам 2,813411 0,000330
ресурсы 0,020203 0,000001
реформы 1,609438 0,000094
рец 3,506558 0,000205
рецензии 3,912023 0,000229
речного 1,139434 0,000133
речной 0,916291 0,000429
речные 1,897120 0,000111
речным 2,040221 0,000120
речных 1,609438 0,000094
решение 0,755023 0,000310
решением 1,078810 0,000253
решении 2,407946 0,000141
решения 0,967584 0,000057
решить 2,120264 0,000124
ржд 1,832581 0,000107
ржев 1,771957 0,000104
рио 2,407946 0,000141
рка 0,000000 0,000000
ркка 1,966113 0,000230
роботы 3,506558 0,000205
ровное 2,120264 0,000124
рогова 3,218876 0,000189
род 2,120264 0,000124
рода 1,560648 0,000091
родзянко 3,506558 0,000205
родилось 2,302585 0,000135
родился 1,660731 0,000097
родина 1,560648 0,000183
родителей 3,506558 0,000205
родовых 3,912023 0,000229
рождаемости 2,120264 0,000248
рождения 1,514128 0,000089
рождествено 3,912023 0,000458
роза 1,021651 0,000060
розенберг 3,912023 0,000229
розничной 1,514128 0,000532
рок 3,218876 0,000189
рок-группой 3,912023 0,000229
рок-коллективам 3,912023 0,000229
рок-фестиваль 2,813411 0,000330
рока 3,506558 0,000411
роль 0,579818 0,000034
романенко 3,506558 0,000205
романтических 3,912023 0,000229
роскомнадзор 3,218876 0,001131
росовского 3,912023 0,000229
россельхозбанк 2,659260 0,000156
россии 0,186330 0,000699
россиигорода 1,309333 0,000077
россиинаселенные 2,302585 0,000270
россиипереименованные 3,218876 0,000189
российская 0,186330 0,000098
российские 0,994252 0,000175
российский 0,634878 0,000446
российских 0,733969 0,000215
российско-украинской 1,108663 0,000065
российского 0,634878 0,000037
российское 1,771957 0,000208
российской 0,385662 0,000723
россия 0,371064 0,000413
россия-евросоюз 3,912023 0,000229
росспэн 0,994252 0,000058
росстат 0,776529 0,000136
рост 0,967584 0,000057
роста 1,386294 0,000081
ростелеком 1,386294 0,000244
ростехинвентаризация 3,506558 0,000205
ростов-на-дону 1,237874 0,000073
роща 1,514128 0,000089
рская 0,000000 0,000000
рсфср 0,733969 0,000344
ртв 3,912023 0,000229
руб 1,171183 0,000206
рубежа 2,813411 0,000165
рубежей 2,813411 0,000165
рубежное 3,912023 0,000458
рубежном 3,912023 0,000229
рубежный 3,912023 0,000229
рублевую 3,912023 0,000229
рублей 0,755023 0,000221
рубцовск 1,347074 0,000079
рук 2,040221 0,000120
рукава 2,659260 0,000156
руках 2,120264 0,000124
руководителей 2,120264 0,000248
руководителем 2,659260 0,000156
руководители 2,302585 0,000135
руководством 0,941609 0,000055
румыния 2,120264 0,000248
рус 0,162519 0,001285
руси 1,347074 0,000079
руслан 2,659260 0,000156
русская 0,867501 0,000102
русские 0,544727 0,000160
русский -0,009950 -0,000002
русско-турецкой 2,659260 0,000156
русского 0,494296 0,000174
русской 0,673345 0,000118
русском 1,049822 0,000061
русскому 1,966113 0,000115
русскоязычного 2,302585 0,000135
русфинанс 3,506558 0,000205
рцы 0,000000 0,000000
рыбинск 1,203973 0,000141
рыбинского 2,040221 0,000120
рынке 1,609438 0,000189
рынков 2,120264 0,000124
рынку 3,912023 0,000458
рынок 1,021651 0,000120
рыночная 2,407946 0,000141
рыночных 3,218876 0,000566
рэп 3,218876 0,000189
рэп-альбом 3,912023 0,000229
рэп-группа 3,506558 0,000616
рэп-группы 3,912023 0,000229
рэп-исполнителей 3,912023 0,000229
рэп-коллективы 3,912023 0,000229
рэп-тусовка 3,912023 0,000229
рэп-фестиваля 3,912023 0,000229
рэпа 3,506558 0,000205
рэпере 3,912023 0,000229
рэперов 3,912023 0,000687
рэпером 3,912023 0,000229
рэпчатый 3,912023 0,000229
ряд 0,385662 0,000090
ряда 0,994252 0,000058
рядом 0,733969 0,000215
рязанову 3,912023 0,000229
рязань 1,049822 0,000123
с-в 0,000000 0,000000
с-з 0,000000 0,000000
сад 1,108663 0,000325
сада 1,832581 0,000107
садовая 2,813411 0,000165
садоводческого 3,912023 0,000229
саду 1,660731 0,000292
сады 1,660731 0,000097
сайт 0,371064 0,000304
сайте 0,967584 0,000227
сайты 0,478036 0,000028
саксонов 3,912023 0,000229
салехард 1,347074 0,000079
салом 3,912023 0,000229
салон 2,813411 0,000330
сальдированный 3,912023 0,000229
сама 1,469676 0,000603
самар 3,506558 0,001027
самара 0,891598 0,009871
самара-арена 3,912023 0,000229
самара-гис 3,912023 0,000229
самара-городок 3,912023 0,000229
самара-телеком 3,912023 0,000229
самараавтогаз 3,912023 0,000229
самарадо 3,912023 0,000229
самараинтур 3,912023 0,000229
самарапресса 3,912023 0,000229
самарастат 3,506558 0,000205
самарастатистика 0,000000 0,000000
самаратехника-сервис 3,912023 0,000229
самаратранс 3,912023 0,000229
самаре 3,218876 0,017535
самарка 3,912023 0,000229
самарканд 2,813411 0,000165
самарой 2,813411 0,001318
самарская 2,207275 0,007499
самарские 3,506558 0,001232
самарский 3,218876 0,020363
самарским 3,912023 0,001375
самарских 3,506558 0,000616
самарско-тольяттинская 3,506558 0,000411
самарского 2,659260 0,003738
самарское 3,506558 0,001849
самарской 2,813411 0,015820
самарском 3,506558 0,000822
самарскому 3,912023 0,000229
самарскую 3,506558 0,001027
самарт 3,912023 0,000458
самарте 3,912023 0,000229
самару 2,659260 0,001090
самарха 3,912023 0,000917
самарцев 3,912023 0,000229
самарча 0,000000 0,000000
самары 2,659260 0,021652
самарыпо 3,912023 0,000229
самаря 0,000000 0,000000
самая 0,798508 0,000047
самбо 2,995732 0,000175
самгу 3,912023 0,000229
саммит 2,120264 0,000248
саммита 2,995732 0,000175
саммите 3,506558 0,000205
самнц 3,912023 0,001375
само 2,040221 0,000120
самого 0,891598 0,000052
самогоров 3,912023 0,000229
самогоровпастушенко 3,912023 0,000229
самодержавия 2,813411 0,000165
самое 0,994252 0,000058
самой 0,916291 0,000161
самолет-штурмовик 3,912023 0,000229
самолета 2,120264 0,000124
самостоятельная 2,659260 0,000156
самоуправления 0,994252 0,000175
самппк 3,912023 0,000229
самсонов 3,218876 0,000189
самсонова 3,912023 0,000229
самуилович 3,912023 0,000229
самур 3,218876 0,000566
самые 1,021651 0,000120
самый 0,579818 0,000136
самым 0,653926 0,000077
самых 0,544727 0,000128
санаториев 2,525729 0,000148
санаторий 2,302585 0,000135
сандра 3,912023 0,000229
санитарок 3,912023 0,000229
санкт-петербург 0,776529 0,000136
санкт-петербургом 1,832581 0,000107
санкт-петербургской 2,813411 0,000165
саратов 0,967584 0,000227
саратовом 3,506558 0,000205
саратовского 2,995732 0,000351
саратовской 2,659260 0,000312
саркисов 3,912023 0,000229
саха 2,813411 0,000165
сбербанк 1,966113 0,000115
сборник 0,653926 0,000192
сброс 2,407946 0,000141
сбросы 3,218876 0,000189
свалках 3,912023 0,000229
сварки 3,506558 0,000205
сварочному 3,912023 0,000229
сведений 1,609438 0,000189
сведения 0,867501 0,000051
сведениям 1,966113 0,000230
свежие 3,506558 0,000205
свергнуты 3,912023 0,000229
свержение 3,218876 0,000189
свержении 3,506558 0,000205
свержения 3,218876 0,000189
светлый 1,832581 0,000107
свидетельствует 1,771957 0,000311
свияжск 2,120264 0,000124
сво 3,218876 0,000377
свободной -0,009950 -0,000001
сводный 3,218876 0,000377
своего 0,776529 0,000045
своей 0,776529 0,000136
своему 2,120264 0,000124
своеобразную 3,218876 0,000189
своеобразный 3,506558 0,000205
свои 0,755023 0,000133
своим 0,967584 0,000057
своими 1,427116 0,000084
своих 0,776529 0,000182
свой 0,653926 0,000077
свойство 0,653926 0,000077
свыше 0,891598 0,000157
свяжитесь -0,009950 -0,000001
связанную 3,218876 0,000189
связанные 1,021651 0,000060
связанными 2,995732 0,000175
связать 2,525729 0,000148
связи 0,235722 0,000304
связь 0,616186 0,000397
связьинформ 3,912023 0,000229
связьконсалт 3,912023 0,000229
святого 1,078810 0,000126
святой 1,272966 0,000075
сгаки 3,912023 0,000229
сгасу 3,912023 0,000229
сгау 3,506558 0,000411
сгорела 2,995732 0,000175
сгэу 3,912023 0,000229
сделал 2,120264 0,000124
сделанные 3,218876 0,000189
севера 0,941609 0,000110
севере 1,139434 0,000133
северная 1,078810 0,000063
северное 1,514128 0,000089
северной 0,693147 0,000122
северный 0,820981 0,000048
северодвинск 1,171183 0,000069
сегмента 3,506558 0,000205
сегодня 0,616186 0,000180
сегодняшнее 3,912023 0,000229
сегодняшний 1,660731 0,000195
седьмая 3,506558 0,000411
седьмой 2,407946 0,000141
сезон 1,347074 0,000079
сезонная 3,506558 0,000205
сей 1,660731 0,000097
секретаря 2,525729 0,000148
секторе 1,771957 0,000208
секунду 2,525729 0,000148
селе 2,120264 0,000124
селекции 3,506558 0,000411
селекционная 3,912023 0,000229
селиверстович 3,912023 0,000229
селижарово 2,120264 0,000124
село 1,469676 0,000258
сельские 2,407946 0,000141
сельских 0,776529 0,000364
сельского 1,347074 0,000079
сельскохозяйственная 2,207275 0,000129
сельскохозяйственной 2,207275 0,000129
сельскохозяйственные 2,207275 0,000129
сельскохозяйственный 2,040221 0,000120
сельскохозяйственных 1,966113 0,000115
семашко 3,506558 0,000205
семей 2,302585 0,000270
семейств 2,995732 0,000175
семейства 1,966113 0,000115
семенович 2,407946 0,000141
семеноводства 3,912023 0,000229
семинары 3,506558 0,000205
семнадцать 3,506558 0,000205
семь 1,309333 0,000077
семьи 1,272966 0,000075
семьями 3,912023 0,000229
семян 3,506558 0,000205
сен-викторского 3,912023 0,000458
сен-жан-де-люз 2,813411 0,000330
сенату 3,218876 0,000189
сенгилей 2,120264 0,000124
сент 0,843970 0,000049
сент-луис 3,506558 0,000205
сентябре 0,994252 0,000349
сентябрь 1,309333 0,000077
сентября 0,072571 0,000230
сервисных 3,506558 0,000205
сергей 0,967584 0,000113
сергея 1,469676 0,000086
сергиевский 2,995732 0,000351
сердца 2,525729 0,000296
серебренников 3,218876 0,000189
серебряный 1,386294 0,000081
середавина 3,912023 0,000229
середине 0,562119 0,000132
серия 1,237874 0,000073
сертификацией 3,912023 0,000229
сертификации 2,995732 0,000175
серых 3,506558 0,000205
сети 0,494296 0,000116
сеть 0,616186 0,000361
сетью 1,714798 0,000100
сетях 1,139434 0,000067
сея 3,912023 0,000229
сибирь 1,469676 0,000172
сибирью 2,207275 0,000129
силами 1,309333 0,000077
сильное 1,897120 0,000111
симбирской 2,813411 0,000494
симбирскую 3,506558 0,000205
символ 1,203973 0,000071
символизирует 1,966113 0,000115
символика 1,272966 0,000149
символов 1,560648 0,000091
символы 1,386294 0,000081
симфонии 3,506558 0,000205
симфония 3,506558 0,000205
синагога 1,609438 0,000377
синагоги 2,040221 0,000239
синельник 3,912023 0,000229
синод 2,995732 0,000175
сиротские 3,912023 0,000229
систем 0,798508 0,000187
система 0,235722 0,000014
системами 1,832581 0,000322
системах 1,771957 0,000104
системе 0,733969 0,000129
системеобсуждениевкладсоздать -0,009950 -0,000001
системой 1,309333 0,000077
систему 0,673345 0,000118
системы 0,342490 0,000140
сити 2,120264 0,000248
сити-менеджер 3,218876 0,000189
ситуации 1,347074 0,000079
ситуацию 1,771957 0,000311
сказались 3,506558 0,000205
скат 2,995732 0,000351
скафандр 3,912023 0,000229
скачать -0,009950 -0,000001
сквер 1,203973 0,000071
сквера 2,207275 0,000129
сквере 1,560648 0,000091
скверик 3,912023 0,000229
сквером 3,506558 0,000205
скверы 1,714798 0,000201
скифии 3,912023 0,000229
скифия 3,506558 0,000205
скифского 3,218876 0,000189
скобках 2,207275 0,000129
скокова 3,912023 0,000229
сколько 0,653926 0,000038
скончался 3,506558 0,000205
скорая 3,912023 0,000229
скорбящей 3,912023 0,000229
скоро 2,525729 0,000148
скорой 1,832581 0,000322
скоростного 1,897120 0,000111
скоростной 2,120264 0,000124
скоростном 3,506558 0,000205
скорость 0,867501 0,000051
скотом 3,506558 0,000205
скульптор 1,427116 0,000585
скульптора 2,407946 0,000141
скульпторов 2,525729 0,000148
скульпторы 2,995732 0,000175
скульптурами 3,506558 0,000205
скульптурная 2,407946 0,000141
скульптурных 3,506558 0,000205
скупила 3,912023 0,000229
слависту 3,912023 0,000229
славного 3,912023 0,000229
славы 1,078810 0,000948
слева 1,108663 0,000065
след 2,302585 0,000135
следующее 2,525729 0,000148
следующем 2,813411 0,000165
следующие 0,544727 0,000128
следующим 1,386294 0,000081
следующих 1,386294 0,000081
слепых 1,832581 0,000322
слободой 3,912023 0,000229
слов 1,560648 0,000183
слова 0,562119 0,000099
словари 0,116534 0,000014
словарь 0,274437 0,000016
словарь-справочник 1,560648 0,000091
слове 2,813411 0,000165
словении 2,995732 0,000175
словения 2,525729 0,000148
словенский 3,912023 0,000229
слово 0,673345 0,000039
слоев 2,040221 0,000120
слоем 2,995732 0,000175
сложении 3,218876 0,000189
сложившимся 3,506558 0,000205
сложил 3,218876 0,000189
сложился 2,407946 0,000141
сложным 0,867501 0,000051
сложными 3,218876 0,000566
сложных 2,659260 0,000156
служащих 2,525729 0,000148
служба 0,693147 0,000244
службу 2,207275 0,000129
службы 0,798508 0,000187
служилые 2,995732 0,000175
служит 2,302585 0,000135
слухи 3,218876 0,000377
случае 0,843970 0,000099
случаях -0,009950 -0,000001
смартс 3,218876 0,000754
смерти 1,771957 0,000208
смертности 2,040221 0,000120
сметы 3,506558 0,000205
смещение 0,798508 0,000047
сми 0,867501 0,000356
смирнов 2,302585 0,000135
смогли 2,040221 0,000120
смоленская 2,525729 0,000148
смотр 3,506558 0,000205
смотреть 2,659260 0,000156
смп 3,912023 0,000229
смыслообразование 3,912023 0,000229
смышляевка 3,912023 0,001146
снаряжение 2,995732 0,000175
сначала 1,386294 0,000081
снежная 2,207275 0,000129
снижается 1,714798 0,000201
снижение 1,609438 0,000094
снип 3,506558 0,000205
снк 2,659260 0,000156
сноса 2,659260 0,000156
сносок 0,843970 0,000198
сноуборде 3,912023 0,000229
сноубордистская 3,912023 0,000229
снял 3,218876 0,000189
снят 1,897120 0,000111
снять 2,813411 0,000165
собачья 3,912023 0,000229
собираемой 3,912023 0,000229
собой 0,328504 0,000135
соболев 3,218876 0,000189
собор 0,755023 0,000133
соборнапротив 3,912023 0,000229
соборная 1,272966 0,000298
соборной 2,120264 0,000124
соборную 2,995732 0,000175
собрал 2,407946 0,000141
собрание 0,941609 0,000110
собрания 1,139434 0,000133
собственного 1,427116 0,000084
собственной 1,660731 0,000195
собственностью 3,218876 0,000377
собственными 1,897120 0,000111
событий 1,386294 0,000162
событияпожертвовать -0,009950 -0,000001
событиях 2,207275 0,000129
соведущим 3,912023 0,000229
совершенствования 3,506558 0,000205
совет 0,916291 0,000268
совета 0,798508 0,000421
совете 2,525729 0,000148
советник 2,525729 0,000148
советов 0,820981 0,000192
советская 0,371064 0,000043
советские 1,347074 0,000158
советский 0,755023 0,000265
советского 0,776529 0,000227
советское 0,994252 0,000058
советской 0,755023 0,000088
советском 2,120264 0,000248
совещание 2,659260 0,000156
совинтел 3,506558 0,000205
совместно 1,427116 0,000167
совместное 2,995732 0,000175
совместным 3,506558 0,000205
совместными 3,506558 0,000205
совпадает 2,659260 0,000156
совпадающих 3,912023 0,000229
современного 0,653926 0,000077
современное 1,108663 0,000130
современной 0,579818 0,000136
современному 2,813411 0,000165
современный 0,967584 0,000170
современных 0,713350 0,000042
согласно 0,301105 0,000106
соглашение 1,139434 0,000467
соглашения 2,040221 0,000120
содействию 3,912023 0,000229
содействия 2,813411 0,000165
содействовал 3,912023 0,000458
содержание 0,010050 0,000001
содержания 1,386294 0,000081
содержится 1,966113 0,000115
соединяющий 2,525729 0,000296
созвано 3,912023 0,000229
создавалась 2,813411 0,000165
создавшей 3,912023 0,000229
создал 1,897120 0,000111
создан 0,693147 0,000528
создана 0,891598 0,000052
создание 0,733969 0,000043
созданием 2,120264 0,000124
создании 1,203973 0,000212
созданию 1,609438 0,000094
создания 0,653926 0,000153
созданной 2,040221 0,000239
созданную 2,813411 0,000165
созданный 1,560648 0,000091
созыва 1,609438 0,000094
сойфер 3,912023 0,000229
сок 3,218876 0,000566
соколова 2,525729 0,000148
сокольи 3,506558 0,000411
сокольское 2,040221 0,000120
сокращает 3,912023 0,000229
сокращается 2,407946 0,000141
сокращение 1,714798 0,000100
солдат 2,120264 0,000124
солдатские 3,912023 0,000229
солдатских 2,207275 0,000388
солдаты 2,995732 0,000526
солидарность 3,506558 0,000411
солнечный 0,843970 0,000099
солнце 1,714798 0,000100
соловьева 2,995732 0,000175
соломонович 3,506558 0,000205
сольный 3,506558 0,000205
сообщение 1,049822 0,000123
сообщения 0,820981 0,000289
сообщить -0,009950 -0,000001
сооружений 1,078810 0,000126
сооружения 0,941609 0,000276
сооружениях 2,525729 0,000148
соответственно 1,021651 0,000120
соответствии 0,446287 0,000052
соответствует 1,427116 0,000084
соответствующего 2,040221 0,000120
соответствующему 2,995732 0,000175
соответствующие 1,560648 0,000091
соотношение 2,120264 0,000124
сопоставимых 2,995732 0,000175
соратник 3,506558 0,000205
соревновались 3,506558 0,000205
соревнований 1,771957 0,000311
соревнования 1,514128 0,000266
соревнованиях 2,407946 0,000141
соревнуются 3,912023 0,000229
сорок 2,407946 0,000141
сортовых 3,912023 0,000229
сослал 3,912023 0,000229
сосредоточена 2,407946 0,000141
сосредоточены 2,207275 0,000129
сост 0,597837 0,000035
состав 0,400478 0,000258
состава 1,171183 0,000206
составе 0,616186 0,000180
составил 0,916291 0,000376
составила 1,021651 0,000060
составило 1,272966 0,000075
составит 2,525729 0,000148
составитель 2,407946 0,000141
составлены 2,813411 0,000165
составляет 0,314711 0,000240
составлял 1,771957 0,000104
составляла 1,272966 0,000075
составляло 1,347074 0,000079
составляют 0,798508 0,000234
составляющие 2,407946 0,000141
состоит 0,755023 0,000133
состоялась 1,609438 0,000189
состоялись 2,120264 0,000248
состоялось 1,171183 0,000137
состоялся 1,237874 0,000145
состояние 0,733969 0,000086
состоянии 1,309333 0,000153
состоянию 0,544727 0,000160
состояния 1,203973 0,000071
состоящее 2,659260 0,000312
сосудистой 3,912023 0,000229
сотни 1,427116 0,000084
сотовой 1,469676 0,000430
сотрудника 3,218876 0,000189
сотрудничает 2,813411 0,000165
сотрудничестве 1,771957 0,000830
софии 2,813411 0,000165
сохранением -0,009950 -0,000001
сохранения 1,660731 0,000097
сохранившееся 3,218876 0,000189
сохранилась 2,120264 0,000248
сохранили 2,995732 0,000175
сохранился 2,207275 0,000129
сохраняет 2,207275 0,000129
социалистической 1,897120 0,000111
социально-благотворительный 3,912023 0,000229
социально-педагогический 2,995732 0,000351
социально-экономического 1,237874 0,000073
социально-экономическом 2,525729 0,000296
социального 1,966113 0,000115
социальной 1,386294 0,000162
социальный 2,120264 0,000124
социальных 0,941609 0,000165
сочетал 3,506558 0,000205
союз 1,203973 0,000282
союза 0,733969 0,000129
спартакиаде 3,506558 0,000205
спасения 2,813411 0,000165
спасителя 2,659260 0,000156
спб 0,385662 0,000068
спектаклей 2,813411 0,000330
спектр 1,897120 0,000111
специализированное 3,218876 0,000189
специализированные 2,120264 0,000124
специализированных 1,514128 0,000177
специалистов 1,078810 0,000316
специалистов-юристов 3,912023 0,000229
специально 1,714798 0,000100
специальности 2,995732 0,000175
специальностям 2,302585 0,000270
специальные 1,660731 0,000097
спз 3,912023 0,000229
спиральных 3,912023 0,000229
списка 1,469676 0,000172
списками 2,525729 0,000296
списки 1,714798 0,000100
список 0,248461 0,000189
списочного 3,912023 0,000229
спо 3,506558 0,000822
спокойствия 3,506558 0,000205
спорт 0,776529 0,000182
спорта 0,916291 0,000054
спорте 3,218876 0,000189
спортивные 1,078810 0,000442
спортмастер 2,302585 0,000135
спорту 1,897120 0,000111
способов 2,525729 0,000148
способствовал 2,813411 0,000165
справа 1,714798 0,000100
справка 1,272966 0,000149
справочник 0,916291 0,000054
справочно-библиографическим 3,912023 0,000229
справочно-библиографическое 3,912023 0,000229
справочные 2,659260 0,000156
спрыгина 3,506558 0,000205
спуск 2,813411 0,000494
спусками 3,912023 0,000229
спустя 1,609438 0,000094
сравнению 1,078810 0,000379
сражавшимся 3,912023 0,000229
сражались 3,506558 0,000205
сражением 3,912023 0,000229
сражений 2,659260 0,000156
среди 0,198451 0,000186
средиземного 2,659260 0,000156
средне-волжский 3,506558 0,000205
средне-волжской 2,995732 0,000175
средне-профессиональных 3,912023 0,000229
средне-специальное 3,506558 0,000205
средне-техническое 3,912023 0,000229
средневековой 2,040221 0,000239
средневековые 2,659260 0,000156
средневековым 3,506558 0,000205
средневековых 2,659260 0,000156
средневолжский 3,912023 0,000229
среднего 1,049822 0,000307
среднегодовая 1,078810 0,000190
среднегодового 3,912023 0,000229
среднее 1,272966 0,000671
средней 0,867501 0,000152
среднем 0,693147 0,000244
среднемесячная 1,771957 0,000104
среднемесячных 2,995732 0,000175
среднесрочный 3,912023 0,000229
среднеэтажные 3,912023 0,000229
средний 0,494296 0,000087
средним 1,832581 0,000107
средних 1,078810 0,000190
среднюю 2,407946 0,000141
средняя 0,510826 0,000090
средств 0,597837 0,000210
средства 0,415515 0,000097
средствами 1,771957 0,000104
сроки 1,966113 0,000115
сроком 1,966113 0,000115
српп 3,912023 0,000229
српски 0,000000 0,000000
српскохрватски 0,000000 0,000000
сруб 3,912023 0,000229
сср 0,820981 0,000096
ссср 0,314711 0,000461
ссылка 0,274437 0,000177
ссылками 0,186330 0,000044
ссылкасведения -0,009950 -0,000001
ссылки -0,009950 -0,000008
ссылкойвикипедия 1,660731 0,000097
ссылок 0,693147 0,000203
стабилизация 3,506558 0,000205
стабильная 0,994252 0,000058
стабильное 3,912023 0,000229
ставка 2,659260 0,000156
ставрополь 2,207275 0,000259
ставропольский 2,659260 0,000156
ставший 1,832581 0,000107
стадии 1,966113 0,000115
стадион 1,108663 0,000195
стадиона 1,832581 0,000107
стадионе 1,966113 0,000115
стал 0,314711 0,000166
стала 0,462035 0,000352
стали 0,430783 0,000252
сталина 2,040221 0,000598
сталинским 3,506558 0,000205
стало 0,494296 0,000058
стандарт 1,966113 0,000230
стандартизации 2,525729 0,000148
станислав 2,407946 0,000141
становившиеся 3,912023 0,000458
становится 0,527633 0,000031
становлению 2,813411 0,000165
становления 1,609438 0,000094
станции 0,693147 0,000325
станций 1,309333 0,000153
станция 0,798508 0,000281
стара-загора 3,912023 0,000917
стара-загору 3,912023 0,000229
старая 0,430783 0,000101
старейший 1,609438 0,000189
старейшими 2,813411 0,000165
старейших 1,309333 0,000077
старинных 2,302585 0,000135
старица 2,040221 0,000120
старой 1,514128 0,000089
старообрядцами 3,912023 0,000229
старообрядцев 2,120264 0,000124
старообрядческая 1,560648 0,000091
старообрядческие 2,659260 0,000156
старообрядческих 3,506558 0,000205
старообрядчества 3,218876 0,000189
старообрядчество 2,995732 0,000175
старт 2,659260 0,000156
стартинейджер 3,912023 0,000229
стартовал 2,207275 0,000129
стартовали 3,912023 0,000229
старый 1,049822 0,000184
статей 0,967584 0,000057
статистика -0,009950 -0,000001
статистике 0,916291 0,000054
статистики 0,713350 0,000251
статистические 2,407946 0,000141
статистический 0,755023 0,000663
статистическое 0,994252 0,000058
статский 2,813411 0,000165
статус 0,510826 0,000120
статусом 1,171183 0,000069
стать 1,203973 0,000071
статье 0,941609 0,000110
статьестатьи 0,843970 0,000099
статьи 0,072571 0,000094
статьислучайная -0,009950 -0,000001
статьисообществофорумсправкасвежие -0,009950 -0,000001
статью 0,616186 0,000144
статья 0,105361 0,000179
статьяобсуждение -0,009950 -0,000001
статьятекущие -0,009950 -0,000001
стационарная 2,813411 0,000494
стационарной 1,832581 0,000107
стационарную 3,506558 0,000205
стационарными 3,912023 0,000229
стационарных 1,660731 0,000389
сташенков 3,912023 0,000229
стая 3,506558 0,000205
стекла 2,995732 0,000175
стела 1,469676 0,000172
стены 1,771957 0,000104
степана 1,966113 0,000461
степанович 2,525729 0,000148
степановна 3,506558 0,000205
степи 1,966113 0,000230
степная 2,659260 0,000156
степь 2,525729 0,000148
стереотип 1,514128 0,000089
стефан 2,995732 0,000175
стиле 0,994252 0,000349
стилей 2,120264 0,000124
стилизаций 3,912023 0,000229
стилями 3,912023 0,000229
стоимость 1,237874 0,000073
стоит 1,237874 0,000145
стойки 3,218876 0,000189
столиц 2,120264 0,000124
столица 0,967584 0,000113
столицей 1,171183 0,000137
столицы 1,049822 0,000123
стоматологические 3,912023 0,000229
стоматологических 2,302585 0,000135
сторожевую 3,912023 0,000229
стороне 1,139434 0,000067
сторону 1,171183 0,000137
стороны 0,430783 0,000101
сточных 1,714798 0,000100
стояла 2,659260 0,000156
стояние 3,218876 0,000189
стоянии 3,912023 0,000229
стоящая 3,218876 0,000189
страна 0,462035 0,000054
стране 0,867501 0,000102
страница -0,009950 -0,000001
страницасодержаниеизбранные -0,009950 -0,000001
страницах 2,659260 0,000156
страницецитировать -0,009950 -0,000001
страницуполучить -0,009950 -0,000001
страницы -0,009950 -0,000003
страницыслужебные -0,009950 -0,000001
страны 0,634878 0,000260
стратегию 2,995732 0,000175
стратегия 2,207275 0,000129
стрелецких 3,912023 0,000229
стрельцы 3,506558 0,000205
стремившихся 3,912023 0,000229
стремительно 2,302585 0,000135
стрешнева 3,912023 0,000229
стриж 3,506558 0,000205
стров 0,000000 0,000000
строение 1,966113 0,000115
строилась 2,525729 0,000148
строительного 2,525729 0,000148
строительной 2,120264 0,000124
строительные 1,966113 0,000115
строительных 1,427116 0,000084
строительства 0,673345 0,000316
строительстве 1,078810 0,000253
строительство 0,510826 0,000389
строительству 1,469676 0,000086
стройкерамика 3,912023 0,000229
стромилово 3,912023 0,000229
строчных 3,912023 0,000229
строя 2,995732 0,000175
строятся 1,714798 0,000100
струйный 3,912023 0,000229
струковский 3,912023 0,000917
струковского 3,912023 0,000229
струковском 3,912023 0,000687
структуре 1,272966 0,000149
структурного 3,506558 0,000205
структуру 1,514128 0,000089
структуры 1,171183 0,000069
стс-волга 3,912023 0,000229
студентов 1,272966 0,000298
студенты 2,525729 0,000148
студенческой 2,995732 0,000351
студия 1,966113 0,000115
ступино 1,347074 0,000079
субъект 0,820981 0,000048
субъектов 0,755023 0,000221
суворов 2,302585 0,000135
суворовв 3,912023 0,000229
суда 1,078810 0,000190
судами 2,659260 0,000312
судов 1,237874 0,000290
судоходства 2,040221 0,000120
суды 2,407946 0,000141
сукном 3,506558 0,000205
суммарной 2,120264 0,000124
сурб 2,813411 0,000165
суткевич 3,912023 0,000229
суточный 0,820981 0,000096
сухая 1,966113 0,000115
сухова 3,218876 0,000189
сухову 3,912023 0,000229
сушко 3,912023 0,000229
существовавшего 2,525729 0,000148
существовавший 2,995732 0,000526
существовала 1,386294 0,000162
существовали 1,309333 0,000077
существование 1,049822 0,000123
существовании 2,302585 0,000270
существования 1,272966 0,000075
существовать 2,120264 0,000124
существует 0,446287 0,000052
существуют 0,162519 0,000010
сферах 2,120264 0,000248
сфере 0,967584 0,000057
сферы 1,309333 0,000077
схеме 2,120264 0,000124
схемы 1,771957 0,000104
сцена 2,302585 0,000135
сцене 2,659260 0,000312
сценические 3,506558 0,000411
сценических 2,995732 0,000175
сцены 2,995732 0,000351
счет 0,673345 0,000118
счету 2,813411 0,000330
считается 0,693147 0,000041
считал 2,407946 0,000141
считать 0,994252 0,000058
сша 0,562119 0,000099
съезд 2,120264 0,000124
съезды 3,218876 0,000189
сызранский 3,218876 0,000189
сызрань 1,237874 0,000363
сырьевой 3,506558 0,000205
сюдасвязанные -0,009950 -0,000001
т-во 0,000000 0,000000
табл 0,867501 0,000051
таблица 0,653926 0,000153
таблицы 2,040221 0,000120
табуле 3,912023 0,000229
тагил 1,272966 0,000075
таз 3,912023 0,000229
также 0,000000 0,000000
такие 0,261365 0,000046
таким 0,527633 0,000124
такими 1,660731 0,000097
таких 0,510826 0,000030
такси 1,021651 0,000180
талантов 3,506558 0,000205
тамара 2,407946 0,000141
тамо 3,912023 0,000229
танец 3,218876 0,000377
танк 2,407946 0,000141
танцах 3,912023 0,000229
тараненко 3,506558 0,000205
тарасова 2,995732 0,000351
тарашкев 0,000000 0,000000
тарновский 3,912023 0,000229
тасс 1,171183 0,000137
татарскому 2,995732 0,000175
татарстан 2,120264 0,000248
татарча 0,000000 0,000000
татары 0,798508 0,000140
татищев 2,813411 0,000165
твердым 2,995732 0,000175
тверь 1,514128 0,000089
творческий 2,659260 0,000156
творческой 2,207275 0,000129
творчества 1,514128 0,000177
театр 0,713350 0,000794
театр-студия 2,407946 0,000141
театр-центр 3,912023 0,000229
театр-цирк 3,912023 0,000458
театра 1,021651 0,000359
театральная 2,207275 0,000129
театрального 2,207275 0,000129
театральной 1,832581 0,000107
театральные 2,525729 0,000148
театральный 1,660731 0,000097
театральным 3,912023 0,000229
театральных 2,207275 0,000129
театров 1,203973 0,000353
театром 2,120264 0,000124
театру 2,995732 0,000351
театры 0,941609 0,000331
тезку 3,912023 0,000229
текст -0,009950 -0,000001
текущем 0,544727 0,000032
текущий 2,813411 0,000330
текущим 1,771957 0,000104
телевидение 0,967584 0,000170
телевидению 2,525729 0,000148
телевидения 1,237874 0,000218
телевизионное 2,302585 0,000135
телеграмму 3,218876 0,000189
телеграфа 3,218876 0,000189
телеканалы 1,966113 0,000115
телекоммуникаций 2,525729 0,000740
теленеделя 3,912023 0,000229
телепередач 3,506558 0,000205
телесемь-самара 3,912023 0,000229
телефона 2,659260 0,000312
телефонная 2,120264 0,000373
телефонные 2,407946 0,000141
телефонный 0,776529 0,000273
телефонов 2,525729 0,000148
телефону 2,659260 0,000156
телецентр 2,207275 0,000259
телецентра 2,302585 0,000135
тема 1,897120 0,000333
тематические 0,510826 0,000060
темников 3,912023 0,000229
темпам 2,659260 0,000156
темпами 2,302585 0,000135
температур 1,609438 0,000094
температура 0,562119 0,000066
темпов 3,912023 0,000229
тенденции 1,832581 0,000107
теоретическая 2,407946 0,000141
теоретических 2,813411 0,000165
теоретическому 3,506558 0,000205
теории 1,514128 0,000089
теория 1,386294 0,000081
теплицах 3,912023 0,000229
теремок 3,218876 0,000189
термина 0,400478 0,000023
терминал 1,771957 0,000104
терминальные 3,912023 0,000229
терра 2,659260 0,000312
территориальный 1,660731 0,000097
территориальных 0,776529 0,000182
территорией 1,469676 0,000086
территории 0,400478 0,000516
территорию 0,941609 0,000055
территориях 0,916291 0,000107
террориста 3,912023 0,000229
теряет 2,659260 0,000156
тетюши 2,120264 0,000124
техника 1,660731 0,000195
технике 2,813411 0,000165
техники 0,867501 0,000152
технико-экономические 3,218876 0,000189
техникум 1,714798 0,000603
техническая 1,714798 0,000201
технический 1,021651 0,000060
технических 1,771957 0,000104
техничным 3,912023 0,000229
технологий 0,653926 0,000268
технологиям 2,525729 0,000148
технополис 3,506558 0,000205
течение 0,527633 0,000124
течении 1,660731 0,000097
течения 1,897120 0,000222
тил 3,912023 0,000229
тип 0,356675 0,000063
тип-тяв 3,912023 0,000229
типа 0,462035 0,000108
типов 1,386294 0,000162
типография 1,203973 0,000071
тиражному 3,912023 0,000229
тиражом 2,995732 0,000351
тифлологии 3,912023 0,000229
тифлопедагогике 3,912023 0,000229
тихие 3,218876 0,000189
тники 0,000000 0,000000
товарами 2,525729 0,000296
товарища 3,506558 0,000205
товарищества 3,218876 0,000189
товарищи 3,218876 0,000189
товарищу 3,912023 0,000229
товарный -0,009950 -0,000001
товаров 1,049822 0,000123
товары 1,966113 0,000115
толевый 3,912023 0,000229
толкование 3,218876 0,000189
толстого 1,714798 0,000502
толчком 2,995732 0,000175
тольятти 1,514128 0,000976
томск 1,108663 0,000065
тонн 1,108663 0,000130
тоннелей 3,506558 0,000205
тоннель 2,813411 0,000165
тоннелями 3,506558 0,000205
топ 1,347074 0,000079
топография 2,995732 0,000175
топоним 2,302585 0,000135
топонима 1,386294 0,000162
топонимический 0,798508 0,000047
торговали 3,506558 0,000205
торговая 1,660731 0,000097
торговли 0,867501 0,000407
торговля 1,021651 0,000239
торгово-офисный 3,218876 0,000189
торгово-промышленная 3,218876 0,000754
торгово-промышленной 3,506558 0,000411
торгово-экономический 2,995732 0,000175
торгово-экономических 3,912023 0,000458
торгово-экономической 3,506558 0,000205
торговые 1,203973 0,000071
торговых 1,108663 0,000260
торжественное 2,040221 0,000120
точек 2,120264 0,000124
точке 2,407946 0,000141
точки 1,049822 0,000061
точкой 2,120264 0,000124
траве 2,407946 0,000141
традиции 1,386294 0,000081
традиционно 1,347074 0,000158
традиционные 1,966113 0,000115
традиционный 2,995732 0,000175
традиция 2,207275 0,000129
трактуется 3,218876 0,000189
трамваи 1,897120 0,000111
трамвай 0,967584 0,000453
трамвайная 2,120264 0,000124
трамвайно-троллейбусное 2,995732 0,000175
трамвайного 2,659260 0,000156
трамвайное 2,525729 0,000148
трамвайных 1,660731 0,000097
трансляций 3,912023 0,000229
транспорт 0,693147 0,000974
транспорта 0,776529 0,000455
транспортная 1,237874 0,000145
транспортной 1,108663 0,000260
транспортные 1,609438 0,000189
транспортный 1,171183 0,000412
транспортных 0,891598 0,000104
транспортом 1,469676 0,000172
транстелеком 2,813411 0,000165
трасса 1,427116 0,000084
трассы 1,609438 0,000094
требования 1,832581 0,000215
требующие 1,347074 0,000079
трезвости 3,912023 0,000229
третий 1,203973 0,000071
треть 2,207275 0,000129
третье 1,560648 0,000091
третьей 1,832581 0,000107
третья 1,609438 0,000094
третьяковская 3,506558 0,000205
третьяковской 3,506558 0,000411
трех 0,713350 0,000167
трехъ-вековая 3,912023 0,000229
тридцатилетия 3,912023 0,000229
тройницкий 2,995732 0,000175
троллейбус 0,994252 0,000291
троллейбусами 1,897120 0,000111
троллейбусные 2,407946 0,000282
троллейбусный 2,302585 0,000135
троллейбусных 1,347074 0,000079
троллейбусы 1,714798 0,000201
троцкий 3,912023 0,000229
труда 1,139434 0,000067
трудов 1,966113 0,000115
трудовая 3,218876 0,000377
трудовой 1,237874 0,001305
трудотерапии 3,912023 0,000229
труппа 2,659260 0,000312
трц 1,660731 0,000681
тсм 3,912023 0,000458
туберкулезный 3,506558 0,000205
туда 2,525729 0,000148
тулайкова 3,912023 0,000229
турецкого 2,995732 0,000175
туризма 1,609438 0,000094
туристических 1,966113 0,000115
туристическое 2,995732 0,000175
туристической 2,407946 0,000282
туристская 3,912023 0,000229
туристско-рекреационный 3,912023 0,000458
турками 3,912023 0,000229
турниры 2,813411 0,000659
туры 3,506558 0,000205
тутаев 2,040221 0,000120
тыла 1,897120 0,000111
тыс 0,430783 0,000252
тысяч 0,415515 0,000462
тысячах 2,995732 0,000175
тысячи 0,597837 0,000315
тысячу 1,897120 0,000111
тюмень 1,171183 0,000069
тюрки-кочевники 3,912023 0,000229
тюркских 2,302585 0,000135
тюркского 2,407946 0,000141
тюркском 2,995732 0,000175
увеличилась 1,427116 0,000167
увеличилось 1,309333 0,000077
увеличился 1,832581 0,000322
увеличится 2,995732 0,000175
увенчан 2,040221 0,000120
увлеченных 3,912023 0,000229
углам 3,506558 0,000205
углеводородов 2,525729 0,000148
углич 2,040221 0,000120
углу 1,832581 0,000215
уголовно-исполнительной 3,506558 0,000205
удален 2,813411 0,000330
удалена 0,941609 0,000221
удалении 2,813411 0,000165
удаленный 2,525729 0,000148
удк 2,813411 0,000165
удмуртукра 0,000000 0,000000
уезд 1,897120 0,000111
уезда 1,469676 0,000172
уездная 3,506558 0,000205
уездной 3,506558 0,000205
уездные 3,912023 0,000229
уездный 2,525729 0,000592
уездным 2,407946 0,000141
уездом 2,995732 0,000175
ужкк 3,912023 0,000229
узбеки 1,386294 0,000081
узбекистан 2,302585 0,000135
узел 0,891598 0,000104
узлов 1,660731 0,000097
узловых 3,912023 0,000229
указ 0,941609 0,000276
указали 2,040221 0,000120
указан 0,139262 0,000073
указана 1,427116 0,000084
указанием -0,009950 -0,000001
указанного 1,078810 0,000063
указано 0,733969 0,000172
указом 0,941609 0,000110
указу 1,714798 0,000100
укр 2,040221 0,000359
украина 1,560648 0,000091
украинцы 0,891598 0,000157
украины 0,616186 0,000072
украшают 2,659260 0,000156
улан-удэ 1,237874 0,000073
улиц 0,891598 0,000157
улица 0,994252 0,000990
улице 0,916291 0,000429
улицей 2,120264 0,000373
улицы 0,843970 0,000395
уличный 3,506558 0,000205
улыбнись 3,912023 0,000229
ульянова 2,302585 0,000135
ульяновск 1,078810 0,000190
ульяновский 2,995732 0,000175
ульяновской 2,995732 0,000175
уменьшению 2,659260 0,000156
умеренно 1,021651 0,000180
умеренно-морозная 3,912023 0,000229
умерло 2,995732 0,000175
умерших 1,832581 0,000107
универсальная 0,891598 0,000104
универсального 3,506558 0,000205
универсальные 2,407946 0,000141
универсальный 2,407946 0,000141
университет 0,562119 0,000593
университета 0,446287 0,000183
университетом 2,040221 0,000120
университеты 1,966113 0,000115
уникального 3,218876 0,000189
уникальных 2,040221 0,000120
упоминавшийся 3,506558 0,000205
упоминается 1,660731 0,000292
упоминание 1,237874 0,000073
упоминаний 3,912023 0,000229
упоминания 1,966113 0,000345
упорядочения 3,912023 0,000229
употребление 2,407946 0,000141
управление 0,527633 0,000062
управлением 1,427116 0,000084
управления 0,415515 0,000170
управленческий 3,912023 0,000458
управленческом 3,912023 0,000229
управляющим 3,506558 0,000205
управляющих 3,218876 0,000377
уравнения 2,813411 0,000165
урал 1,560648 0,000183
уралом 1,609438 0,000094
уралтрансмаш 3,506558 0,000205
уральск 2,302585 0,000135
уральские 2,302585 0,000270
урицкого 2,525729 0,000148
уровень 0,579818 0,000170
уровне 0,916291 0,000161
уровнем 0,798508 0,000327
уровню 1,897120 0,000222
уровня 0,634878 0,000149
уроженцах 3,912023 0,000229
урочище 2,813411 0,000330
усилился 3,912023 0,000229
усилиями 2,659260 0,000156
условий -0,009950 -0,000001
условия -0,009950 -0,000002
условно 2,040221 0,000120
условно-русском 3,912023 0,000229
услуг 0,967584 0,000057
услуги 0,994252 0,000175
успешном 3,218876 0,000189
устав 0,941609 0,000221
установили 1,832581 0,000107
установка 2,659260 0,000156
установлен 0,941609 0,000662
установлена 1,237874 0,000145
установление 2,120264 0,000124
установлении 1,771957 0,000208
установленного 2,407946 0,000141
установлено 1,714798 0,000100
установок 2,813411 0,000330
установят 3,218876 0,000189
устар 2,525729 0,000148
устроенный 3,912023 0,000229
устройств 2,120264 0,000124
устройства 1,309333 0,000230
устройство 1,021651 0,000120
устройству 2,120264 0,000124
уступает 2,659260 0,000156
устье 0,994252 0,000116
устью 1,078810 0,000063
устья 1,171183 0,000069
устьями 3,218876 0,000189
утверждался 3,506558 0,000205
утвержден 1,171183 0,000274
утверждение 1,832581 0,000429
утверждении 1,427116 0,000418
утверждениями 0,713350 0,000125
утес 2,525729 0,000148
уточняется 3,506558 0,000205
утром 2,813411 0,000165
уфа 0,967584 0,000227
уфе 3,218876 0,000189
уфпс 3,506558 0,000411
уходило 3,506558 0,000205
ухудшило 3,912023 0,000229
участвовал 2,659260 0,000156
участвует 2,302585 0,000135
участвующих 3,506558 0,000205
участие -0,009950 -0,000002
участии 2,120264 0,000124
участия 1,966113 0,000230
участках 2,120264 0,000124
участки 1,514128 0,000266
участники 1,771957 0,000104
участников 1,272966 0,000224
учащихся 1,714798 0,000301
учебное 1,469676 0,000172
учебные 1,108663 0,000195
учебным 3,218876 0,000189
учебных 1,049822 0,000307
учебу 3,506558 0,000205
ученых 1,203973 0,000071
учетную -0,009950 -0,000001
учетом 0,755023 0,000133
училища 1,514128 0,000089
училище 1,021651 0,000060
учителей 2,040221 0,000239
учитывать 2,120264 0,000124
учредительного 2,995732 0,000175
учреждена 1,897120 0,000444
учреждение 1,237874 0,000290
учреждением 2,407946 0,000282
учреждений 0,891598 0,000470
учреждения 0,843970 0,000445
учреждениям 3,506558 0,000616
учреждениями 2,407946 0,000282
учреждениях 2,040221 0,000120
учрежденные 3,506558 0,000205
ушаков 2,659260 0,000156
ушел 2,120264 0,000124
фабрика 1,272966 0,000149
фабрики-кухни 3,912023 0,000687
фадеева 3,506558 0,000205
фадлан 3,506558 0,000205
фадлана 3,912023 0,000229
факт 1,514128 0,000089
факта 2,302585 0,000135
фактов 1,386294 0,000081
фактором 2,040221 0,000120
факты 1,108663 0,000130
факультета 2,525729 0,000296
факультетах 3,218876 0,000189
факультетов 2,407946 0,000846
факультеты 3,218876 0,000189
фармацевтическим 3,912023 0,000229
фасады 2,813411 0,000165
фасмер 1,966113 0,000115
фасмеру 3,912023 0,000229
фауну 3,506558 0,000205
фгуп 1,771957 0,000415
февр 0,820981 0,000048
феврале 1,203973 0,000141
февральской 2,302585 0,000135
февраля 0,051293 0,000117
федеральная 0,713350 0,000209
федерального 0,673345 0,000118
федеральное 1,832581 0,000107
федеральной 0,891598 0,000157
федеральном 1,771957 0,000104
федеральному 2,525729 0,000148
федеральные 1,272966 0,000075
федеральный 0,653926 0,000077
федеральным 1,771957 0,000104
федеральных 0,776529 0,000136
федерации 0,544727 0,000830
федор 1,560648 0,000091
федора 1,771957 0,000208
федоров 2,302585 0,000135
федоровна 3,506558 0,000205
фельдшер 3,506558 0,000205
фельетоны 3,912023 0,000229
феномен 2,813411 0,000165
феодосией 3,912023 0,000229
фестивале 2,407946 0,000282
фестивалей 1,966113 0,000115
фестивали 1,427116 0,000167
фестиваль 1,139434 0,001001
фестиваль-лаборатория 3,912023 0,000229
фестиваля 1,714798 0,000301
фестивалях 3,506558 0,000205
фетисов 3,506558 0,000205
фиан 3,912023 0,000458
фиба 3,506558 0,000411
фигура 2,525729 0,000148
фигурному 2,659260 0,000156
фигуры 2,525729 0,000148
физика 2,302585 0,000135
физике 2,525729 0,000148
физики 1,560648 0,000091
физико-географическая 0,843970 0,000099
физиология 3,218876 0,000189
физического 2,813411 0,000659
физическом 3,506558 0,000616
физкультура 2,525729 0,000148
физкультурная 3,506558 0,000205
физкультурно-массовой 3,912023 0,000229
фиксацией 3,912023 0,000229
филарета 3,912023 0,000229
филармонии 1,469676 0,000172
филармония 1,237874 0,000290
филиал 0,798508 0,000374
филиала 1,560648 0,000366
филиале 3,218876 0,000189
филиалов 1,347074 0,000158
филиалы 1,347074 0,000158
филиппович 2,995732 0,000175
филлипович 3,218876 0,000189
фильм 1,386294 0,000162
фильма 2,120264 0,000248
финалист 2,813411 0,000494
финансов 1,897120 0,000111
финансовые 1,897120 0,000222
финансовый 1,609438 0,000094
финансы 0,798508 0,000047
фирма 2,525729 0,000296
фирменных 3,506558 0,000205
флаг 0,673345 0,000276
флага 1,832581 0,001073
флаговедения 3,912023 0,000229
флоров 3,912023 0,000229
флорова 3,912023 0,000229
флору 3,912023 0,000229
фоменко 2,995732 0,000702
фон 2,120264 0,000124
фона 3,218876 0,000189
фонд -0,009950 -0,000003
фонда 1,309333 0,000153
фонтан 1,609438 0,000094
форм 1,347074 0,000079
форма 1,514128 0,000089
формальдегида 2,813411 0,000165
формата 1,966113 0,000115
формате 1,427116 0,000084
формировала 3,912023 0,000229
формирования 1,108663 0,000065
формирует 2,207275 0,000129
форму 1,714798 0,000100
формы 0,941609 0,000055
форум 1,609438 0,000189
форума 2,120264 0,000124
фотографий 2,659260 0,000156
фотографиях 2,659260 0,000312
фотосалон 3,912023 0,000229
фотоснимках 3,912023 0,000229
фрагмент 2,407946 0,000282
фрадков 3,912023 0,000229
фраенова 3,912023 0,000458
франсез 3,912023 0,000458
франции 1,609438 0,000189
французской 2,407946 0,000141
фрунзе 2,525729 0,000740
фсин 2,813411 0,000165
фундамент 2,813411 0,000165
фундаментальных 2,813411 0,000330
функции 1,049822 0,000061
функционировавшее 3,506558 0,000205
функционирования 1,897120 0,000111
функционируют 1,427116 0,000167
фуражном 3,912023 0,000229
фурман 3,912023 0,000229
фурсов 3,506558 0,000411
фурсова 3,912023 0,000229
футбол 1,714798 0,000100
футбола 2,120264 0,000124
футболу 1,560648 0,001006
футбольному 3,912023 0,000229
футбольный 1,203973 0,000141
футзалу 3,912023 0,000229
хазарии 3,912023 0,000229
хазария 3,506558 0,000205
ханты-мансийск 1,347074 0,000079
характеризуется 0,941609 0,000055
характеристика 0,713350 0,000125
характеристики 1,660731 0,000097
характерное 3,218876 0,000189
харьков 2,120264 0,000124
хач 3,218876 0,000189
хвалынск 2,120264 0,000124
хватает 0,843970 0,000198
хворостянский 3,506558 0,000205
хедлайнер 3,912023 0,000229
химии 1,832581 0,000107
химия 2,040221 0,000120
хип 3,912023 0,000229
хип-хоп 3,912023 0,000229
хип-хоп-вечеринка 3,912023 0,000229
хип-хоп-культура 3,912023 0,000687
хип-хоп-культуры 3,912023 0,000229
хип-хоп-магазин 3,912023 0,000229
хип-хоп-объединения 3,912023 0,000229
хип-хоп-фестиваль 3,912023 0,000687
хип-хопа 3,912023 0,000229
хип-хопе 3,912023 0,000687
хирургии 2,525729 0,000148
хитов 3,912023 0,000229
хладагента 3,912023 0,000229
хламида 3,912023 0,000229
хлебной 3,218876 0,000189
хлебозавод 2,659260 0,000156
хлористого 3,912023 0,000229
ходатайство 2,995732 0,000175
ходатайству 2,995732 0,000175
ходе 0,562119 0,000066
ходят 1,966113 0,000115
хозяйства 0,755023 0,000133
хозяйствах 3,912023 0,000229
хозяйство 0,713350 0,000167
хоккею 1,347074 0,000316
холм 2,995732 0,000175
холме 2,407946 0,000141
хопа 3,912023 0,000229
хоральная 2,995732 0,000351
хореографические 3,912023 0,000229
хорошей 2,995732 0,000175
хорошие 2,207275 0,000259
хороших 2,813411 0,000165
храм 0,843970 0,000346
храма 1,272966 0,000075
храмков 3,912023 0,000229
храмкова 3,912023 0,000229
храмом 1,897120 0,000222
храмы 1,049822 0,000123
хранения 1,427116 0,000084
хранилище 2,813411 0,000165
христа 1,966113 0,000115
христиане 2,407946 0,000141
христианин 3,506558 0,000205
христианство 1,832581 0,000215
хроника 2,207275 0,000259
хронику 3,506558 0,000205
хрущеву 3,912023 0,000229
художественная 1,714798 0,000100
художественного 1,714798 0,000100
художественное 2,040221 0,000239
художественный 1,171183 0,000412
художник 1,660731 0,000195
художника-самоучки 3,912023 0,000229
художников 1,609438 0,000094
художников-монументалистов 3,912023 0,000229
художником 3,506558 0,000205
хутор 2,525729 0,000148
цав 3,912023 0,000229
цава 3,912023 0,000229
царей 3,506558 0,000205
царь 1,966113 0,000115
царя 1,469676 0,000086
цвета 1,171183 0,000069
цветниками 3,912023 0,000229
цветном 3,218876 0,000189
целевой 2,302585 0,000270
целом 0,755023 0,000133
целым 3,218876 0,000189
цель 1,832581 0,000107
целью 0,733969 0,000043
целями 3,218876 0,000189
цен 2,525729 0,000592
цена 2,120264 0,000124
ценах 2,659260 0,000312
ценна 3,912023 0,000229
ценность 2,120264 0,000124
центр 0,400478 0,000633
центра 0,562119 0,000329
центральная 0,755023 0,000044
центрального 0,967584 0,000227
центральное 1,966113 0,000115
центральной 0,843970 0,000148
центральную 1,832581 0,000107
центральный 0,673345 0,000079
центральным 2,040221 0,000120
центрами 1,469676 0,000086
центре 0,673345 0,000355
центров 0,776529 0,000182
центром 0,713350 0,000376
центру 1,966113 0,000345
центры 0,713350 0,000209
церетели 3,912023 0,000229
церквей 1,560648 0,000274
церкви 0,916291 0,000107
церковь 0,843970 0,000395
цивилизация 2,995732 0,000175
цикл 2,207275 0,000129
циолковского 2,525729 0,000148
цирк 1,078810 0,000063
цирка 1,832581 0,000322
цирка-театра 3,912023 0,000229
цирковые 3,218876 0,000189
цирку 3,912023 0,000229
цитатой 3,506558 0,000205
цифр 2,659260 0,000467
цифровые 0,673345 0,000039
цифровых 1,771957 0,000104
цифры 1,714798 0,000201
цск 3,912023 0,000458
цскб 3,912023 0,000458
цскб-прогресс 3,912023 0,000229
чапаева 2,813411 0,000659
чапаевск 3,218876 0,000377
чапаевская 3,912023 0,000458
чапаевской 3,912023 0,000229
чапаеву 3,506558 0,000411
чапаевцам 3,912023 0,000229
час 1,714798 0,000301
часовой 0,755023 0,000177
частей 1,139434 0,000200
части 0,198451 0,000046
частном 2,813411 0,000330
частности 0,462035 0,000027
частных 1,108663 0,000065
часто 0,415515 0,000024
часть 0,105361 0,000080
частях 1,609438 0,000094
чебоксарах 3,506558 0,000205
чебоксары 1,171183 0,000137
чей 2,995732 0,000351
чел 0,713350 0,000209
челно-вершинский 3,506558 0,000205
челны 2,659260 0,000156
человек 0,400478 0,000751
человека 0,579818 0,000204
человеком 2,040221 0,000120
человечества 1,897120 0,000111
челябинск 0,994252 0,000233
чемпион 1,660731 0,000195
чемпионат 1,237874 0,000073
чемпионата 1,309333 0,000460
чемпионатов 2,302585 0,000405
чемпионату 2,659260 0,000312
чемпионаты 2,659260 0,000312
чемпионов 1,966113 0,000115
черниговка 3,912023 0,000229
черного 1,609438 0,000094
чернявский 3,506558 0,000205
черте 1,272966 0,000224
чертежи 3,912023 0,000229
черту 1,714798 0,000100
черты 1,203973 0,000071
честь 0,562119 0,000362
четвертого 2,525729 0,000148
четвертое 2,040221 0,000120
четыре 0,713350 0,000084
четырех 1,203973 0,000212
четырехкратный 2,995732 0,000175
четырехсотлетии 3,912023 0,000229
чехами 3,912023 0,000229
чехов 2,407946 0,000141
чехословацкие 3,506558 0,000205
чехословацкого 2,813411 0,000165
чешских 3,506558 0,000205
чешского 3,218876 0,000189
чжэнчжоу 3,912023 0,000229
чиди 3,912023 0,000229
чиновников 2,302585 0,000135
числе 0,248461 0,000146
численности 0,653926 0,000345
численность 0,653926 0,001379
число 0,478036 0,000196
чита 1,237874 0,000073
читальным 3,506558 0,000205
читатьправитьправить 0,494296 0,000029
чичагова 3,912023 0,000229
чкалова 2,525729 0,000148
чкаловск 2,040221 0,000120
член-корреспондент 3,218876 0,000566
члена 2,659260 0,000156
членов 1,272966 0,000224
членов-корреспондентов 3,506558 0,000205
членство 2,813411 0,000330
члены 1,966113 0,000115
чтение 2,995732 0,000175
чуваши 1,237874 0,000218
чувашскому 3,912023 0,000229
чудо 2,813411 0,000165
чудом 3,912023 0,000229
шаблонами 0,634878 0,000037
шайбой 1,966113 0,000230
шайка 3,912023 0,000229
шайн 3,912023 0,000229
шайне 3,912023 0,000229
шайном 3,912023 0,000229
шакирович 3,912023 0,000229
шаманского 3,912023 0,000229
шамина 3,912023 0,000229
шарль 3,912023 0,000229
шаталова 3,912023 0,000229
шахматам 2,659260 0,000156
шахматы 3,218876 0,000377
шейново 3,912023 0,000229
шелехметь 3,912023 0,000229
шенталинский 3,506558 0,000205
шерстью 3,506558 0,000205
шествие 3,506558 0,000205
шестиконечного 3,912023 0,000229
шесть 1,272966 0,000224
шигабутдина 3,912023 0,000229
шигонский 3,506558 0,000205
шинка 0,000000 0,000000
шинский 0,000000 0,000000
шипка 3,912023 0,000229
шипку 3,912023 0,000229
ширине 3,506558 0,000411
ширины 2,207275 0,000517
широкий 1,966113 0,000115
широкими 3,218876 0,000189
широко 0,673345 0,000079
широковещательная 3,912023 0,000229
широкого 2,040221 0,000120
широтном 2,995732 0,000175
широты 1,832581 0,000215
ширяево 3,912023 0,000229
ширяевской 3,912023 0,000229
шихобаловым 3,912023 0,000229
школ 0,994252 0,000233
школ-интернатов 2,813411 0,000165
школа 0,891598 0,000104
школы 0,673345 0,000197
школьника 3,912023 0,000229
школьники 3,218876 0,000189
шли 2,120264 0,000124
шло 3,218876 0,000189
шмидта 2,407946 0,000141
шнырев 3,912023 0,000229
шоколадная 3,912023 0,000229
шорин 3,912023 0,000458
шоссе 1,427116 0,000418
шостаковича 3,912023 0,000458
шостаковичу 3,912023 0,000458
шофера 3,912023 0,000229
шрифтом 2,040221 0,000120
штаб 1,897120 0,000111
штаба 2,659260 0,000312
штат 2,659260 0,000156
штате 2,995732 0,000351
шторм 2,995732 0,000351
штурм 2,659260 0,000156
штурмовиков 3,912023 0,000229
штутгарт 3,912023 0,000229
шуйского 2,995732 0,000175
шэньчжэнь 3,506558 0,000205
щекаев 3,912023 0,000229
щербакова 3,218876 0,000754
щит 1,609438 0,000283
щита 1,771957 0,000104
щорса 3,506558 0,000822
щукина 3,912023 0,000229
эбсторфской 3,912023 0,000687
эвакогоспиталей 3,218876 0,000189
эвакуации 2,407946 0,000141
эвакуированные 2,995732 0,000175
эвакуированных 2,525729 0,000148
эвакуированы 2,040221 0,000239
эир 3,912023 0,000229
экз 0,415515 0,000097
экземпляров 1,560648 0,000457
эклектики 2,659260 0,000156
экологии 1,203973 0,000141
экологическая 1,560648 0,000091
экологическое 1,771957 0,000208
экология 0,693147 0,000122
экономика 0,510826 0,000150
экономике 1,714798 0,000100
экономики 0,713350 0,000084
экономику 1,897120 0,000111
экономическая 1,660731 0,000097
экономически 2,525729 0,000148
экономические 1,771957 0,000208
экономический 1,139434 0,000200
экономическим 2,659260 0,000312
экономического 1,386294 0,000406
экономическое 2,207275 0,000129
экономической 1,237874 0,000073
экономическом 2,302585 0,000270
экранах 3,506558 0,000205
экраны 2,813411 0,000165
экспедиции 1,771957 0,000104
экспедицию 3,218876 0,000189
экспериментально-испытательный 3,912023 0,000229
экспериментальный 2,995732 0,000175
эксплуатации 1,771957 0,000104
эксплуатацию 0,994252 0,000349
экспозиции 1,714798 0,000201
экспозиция 2,040221 0,000239
экспорт -0,009950 -0,000001
экспресс 2,207275 0,000129
экстремумов 3,912023 0,000229
экстренной 3,506558 0,000205
экстренных 3,912023 0,000229
электрический 2,525729 0,000148
электрического 2,525729 0,000148
электродепо 3,912023 0,000229
электронная 1,237874 0,000073
электронный 1,469676 0,000258
электронным 2,813411 0,000165
электрооборудования 2,120264 0,000124
электропоезда 2,207275 0,000129
электропоездами 2,813411 0,000165
электропоездов-экспрессов 3,912023 0,000229
электротехнической 3,912023 0,000458
элемент 1,897120 0,000111
элементом 2,407946 0,000141
элементы 0,891598 0,000157
элитных 2,813411 0,000165
эльдару 3,912023 0,000229
эльдорадо 1,966113 0,000115
энгельс 1,832581 0,000215
энгельса 2,302585 0,000135
эндоскоп 3,912023 0,000458
энергетический 2,525729 0,000148
энергетических 3,218876 0,000377
энергетической 3,506558 0,000205
энергия-буран 3,912023 0,000229
энциклопедии -0,009950 -0,000002
энциклопедия 0,210721 0,000111
эр-телеком 1,897120 0,000111
эрзянская 3,912023 0,000229
эрзянского 3,912023 0,000229
эрзянь 0,000000 0,000000
эрнеста 3,912023 0,000229
эры 1,560648 0,000091
эсерам 3,912023 0,000229
эсеровскому 3,912023 0,000229
эсеры 2,813411 0,000165
эстонии 2,525729 0,000148
эстрадное 3,912023 0,000229
эта 0,000000 0,000000
этаж 2,995732 0,000175
этажности 3,218876 0,000189
этажный 2,659260 0,000156
этап 1,427116 0,000167
этапы 1,714798 0,000100
этим 0,693147 0,000081
этими 1,560648 0,000091
этимология 0,616186 0,000108
этих 0,400478 0,000047
это 0,000000 0,000000
этому 0,755023 0,000177
эфир 1,897120 0,000444
эффективности 1,609438 0,000094
эхо 2,407946 0,000141
ю-в 0,000000 0,000000
ю-з 0,000000 0,000000
юбилейный 0,820981 0,000096
юге 1,078810 0,000190
юго-восток 2,120264 0,000124
юго-востоке 1,771957 0,000104
юго-востоку 2,040221 0,000120
юго-запад 2,659260 0,000156
юго-западной 2,302585 0,000135
юго-западный 2,207275 0,000129
югу 1,609438 0,000189
южная 0,941609 0,000055
южное 1,832581 0,000215
южную 1,832581 0,000107
южный 0,755023 0,000133
юлия 2,407946 0,000141
юнгородок 3,912023 0,000458
юного 1,560648 0,000091
юношеская 2,120264 0,000124
юношества 2,302585 0,000270
юных 2,659260 0,000156
юридический 1,714798 0,000100
юридического 2,525729 0,000148
юрино 2,120264 0,000124
юрисдикция 2,813411 0,000165
юрия 1,660731 0,000292
юрьевец 2,120264 0,000124
ютэир 3,912023 0,000229
является 0,094311 0,000133
являлся 1,347074 0,000158
являются 0,248461 0,000175
являющиеся 1,966113 0,000115
явные 3,912023 0,000229
ядерной 2,407946 0,000141
язык 0,116534 0,000007
языка 0,798508 0,000047
языками 1,386294 0,000081
языках -0,009950 -0,000001
языке 0,867501 0,000051
язычником 3,912023 0,000229
яицкий 3,506558 0,000205
якутск 1,203973 0,000071
яна 2,302585 0,000135
янв 0,820981 0,000048
январе 1,427116 0,000418
января 0,116534 0,000792
янкин 3,912023 0,000229
ярмарках 3,506558 0,000205
ярмарки 2,302585 0,000270
ярославль 1,078810 0,000126
ярославских 3,506558 0,000205
яслей 3,218876 0,000189
ясная 2,525729 0,000444
ясюк 3,912023 0,000229
ятб 3,506558 0,000205
